row,side,method,slice,n_pixels,true_mean,predicted_mean,signed_error,mean_sigma,gap_from_nominal_cutoff_observed_aa
616,blue,constant,1,7,0.11557617038488388,0.19710920751094818,0.0815330371260643,0.05289539694786072,11.480476078185347
616,blue,constant,2,7,0.26316919922828674,0.19710920751094818,-0.06605999171733856,0.06950445686067853,11.480476078185347
616,blue,constant,3,8,-0.04649901017546654,0.19710920751094818,0.24360821768641472,0.1130131408572197,11.480476078185347
616,blue,powerlaw,1,7,0.11557617038488388,0.1425302115093049,0.026954041124421013,0.05289539694786072,11.480476078185347
616,blue,powerlaw,2,7,0.26316919922828674,0.12829970104567195,-0.1348694981826148,0.06950445686067853,11.480476078185347
616,blue,powerlaw,3,8,-0.04649901017546654,0.1142821392398651,0.16078114941533164,0.1130131408572197,11.480476078185347
616,red,constant,1,7,1.10922110080719,1.1277416944503784,0.018520593643188477,0.018402197531291416,11.480476078184438
616,red,constant,2,7,1.1062875986099243,1.1277416944503784,0.0214540958404541,0.018934935331344604,11.480476078184438
616,red,constant,3,8,1.0497510433197021,1.1277415752410889,0.07799053192138672,0.02110443264245987,11.480476078184438
616,red,powerlaw,1,7,1.10922110080719,1.1682466363177817,0.05902553551059175,0.018402197531291416,11.480476078184438
616,red,powerlaw,2,7,1.1062875986099243,1.181305667977327,0.07501806936740274,0.018934935331344604,11.480476078184438
616,red,powerlaw,3,8,1.0497510433197021,1.1953093668500765,0.14555832353037435,0.02110443264245987,11.480476078184438
10496,blue,constant,1,10,1.119861364364624,0.6288256049156189,-0.4910357594490051,0.14241236448287964,10.473721815455065
10496,blue,constant,2,9,1.17831552028656,0.6288256049156189,-0.5494899153709412,0.20024005572001138,10.473721815455065
10496,blue,constant,3,10,0.7622243165969849,0.6288256049156189,-0.13339871168136597,0.3741210222244263,10.473721815455065
10496,blue,powerlaw,1,10,1.119861364364624,0.7167248225583871,-0.4031365418062369,0.14241236448287964,10.473721815455065
10496,blue,powerlaw,2,9,1.17831552028656,0.6425069350971325,-0.5358085851894275,0.20024005572001138,10.473721815455065
10496,blue,powerlaw,3,10,0.7622243165969849,0.5743395487953006,-0.18788476780168428,0.3741210222244263,10.473721815455065
10496,red,constant,1,10,0.6956003904342651,0.6550762057304382,-0.040524184703826904,0.03522425889968872,10.473721815455065
10496,red,constant,2,9,0.7996631264686584,0.655076265335083,-0.14458686113357544,0.039034406344095864,10.473721815455065
10496,red,constant,3,10,0.7490453720092773,0.6550762057304382,-0.09396916627883911,0.04482752680778503,10.473721815455065
10496,red,powerlaw,1,10,0.6956003904342651,0.6500631293128161,-0.04553726112144907,0.03522425889968872,10.473721815455065
10496,red,powerlaw,2,9,0.7996631264686584,0.6541857290720562,-0.14547739739660226,0.039034406344095864,10.473721815455065
10496,red,powerlaw,3,10,0.7490453720092773,0.6582906612185935,-0.09075471079068387,0.04482752680778503,10.473721815455065
2275,blue,constant,1,7,0.4393349289894104,1.8138353824615479,1.3745004534721375,1.1473702022007533,6.288265682391739
2275,blue,constant,2,8,0.7551052570343018,1.813835620880127,1.0587303638458252,1.4353424310684204,6.288265682391739
2275,blue,constant,3,8,3.66372013092041,1.813835620880127,-1.8498845100402832,2.6358258724212646,6.288265682391739
2275,blue,powerlaw,1,7,0.4393349289894104,2.663196726329346,2.2238617973399357,1.1473702022007533,6.288265682391739
2275,blue,powerlaw,2,8,0.7551052570343018,3.331031758443208,2.5759265014089063,1.4353424310684204,6.288265682391739
2275,blue,powerlaw,3,8,3.66372013092041,4.25437344900697,0.5906533180865594,2.6358258724212646,6.288265682391739
2275,red,constant,1,7,0.9011712670326233,1.0091854333877563,0.10801416635513306,0.34433347838265554,6.288265682391284
2275,red,constant,2,8,0.556297779083252,1.0091854333877563,0.4528876543045044,0.3351566195487976,6.288265682391284
2275,red,constant,3,8,0.1988440603017807,1.0091854333877563,0.8103413730859756,0.41535964608192444,6.288265682391284
2275,red,powerlaw,1,7,0.9011712670326233,0.8173864034927053,-0.08378486353991799,0.34433347838265554,6.288265682391284
2275,red,powerlaw,2,8,0.556297779083252,0.8240159704690455,0.26771819138579356,0.3351566195487976,6.288265682391284
2275,red,powerlaw,3,8,0.1988440603017807,0.8310710009226698,0.6322269406208891,0.41535964608192444,6.288265682391284
2261,blue,constant,1,7,0.07169584929943085,0.10408972948789597,0.03239388018846512,0.02134822521890913,2.2779165217184527
2261,blue,constant,2,7,0.12138672918081284,0.10408972948789597,-0.01729699969291687,0.02896258234977722,2.2779165217184527
2261,blue,constant,3,8,0.1312282383441925,0.10408972948789597,-0.02713850885629654,0.05489831417798996,2.2779165217184527
2261,blue,powerlaw,1,7,0.07169584929943085,0.09826532405019685,0.026569474750766,0.02134822521890913,2.2779165217184527
2261,blue,powerlaw,2,7,0.12138672918081284,0.08352000846333639,-0.037866720717476446,0.02896258234977722,2.2779165217184527
2261,blue,powerlaw,3,8,0.1312282383441925,0.06986095087744285,-0.06136728746674966,0.05489831417798996,2.2779165217184527
2261,red,constant,1,7,1.0488433837890625,1.0308746099472046,-0.01796877384185791,0.009503664714949471,2.277916521717998
2261,red,constant,2,7,1.0368179082870483,1.0308746099472046,-0.00594329833984375,0.009251404021467482,2.277916521717998
2261,red,constant,3,8,0.9616200923919678,1.0308746099472046,0.06925451755523682,0.009496143087744713,2.277916521717998
2261,red,powerlaw,1,7,1.0488433837890625,1.017712094182274,-0.03113128960678857,0.009503664714949471,2.277916521717998
2261,red,powerlaw,2,7,1.0368179082870483,1.0115067938471072,-0.025311114439941163,0.009251404021467482,2.277916521717998
2261,red,powerlaw,3,8,0.9616200923919678,1.0049689132815771,0.04334882088960934,0.009496143087744713,2.277916521717998
11900,blue,constant,1,9,1.0014591217041016,1.6967333555221558,0.6952742338180542,0.9238810009426541,9.441124104876508
11900,blue,constant,2,9,2.94366455078125,1.6967333555221558,-1.2469311952590942,1.219639778137207,9.441124104876508
11900,blue,constant,3,10,2.3751227855682373,1.6967332363128662,-0.6783895492553711,1.8398544311523437,9.441124104876508
11900,blue,powerlaw,1,9,1.0014591217041016,1.3265610576027096,0.32510193589860803,0.9238810009426541,9.441124104876508
11900,blue,powerlaw,2,9,2.94366455078125,1.2385745802781085,-1.7050899705031415,1.219639778137207,9.441124104876508
11900,blue,powerlaw,3,10,2.3751227855682373,1.1497581238012917,-1.2253646617669456,1.8398544311523437,9.441124104876508
11900,red,constant,1,9,0.4003812074661255,0.40068408846855164,0.00030288100242614746,0.16756898827022976,9.441124104876508
11900,red,constant,2,9,0.435016006231308,0.40068408846855164,-0.03433191776275635,0.1757951709959242,9.441124104876508
11900,red,constant,3,10,-0.28752559423446655,0.40068405866622925,0.6882096529006958,0.19367798566818237,9.441124104876508
11900,red,powerlaw,1,9,0.4003812074661255,0.2946265850396217,-0.1057546224265038,0.16756898827022976,9.441124104876508
11900,red,powerlaw,2,9,0.435016006231308,0.2666760973347691,-0.16833990889653888,0.1757951709959242,9.441124104876508
11900,red,powerlaw,3,10,-0.28752559423446655,0.24033494443750497,0.5278605386719715,0.19367798566818237,9.441124104876508
12253,blue,constant,1,9,0.09064074605703354,0.9910355806350708,0.9003948345780373,0.37475424342685276,6.074227124287063
12253,blue,constant,2,9,1.1457313299179077,0.9910355806350708,-0.15469574928283691,0.5190344386630588,6.074227124287063
12253,blue,constant,3,10,0.6771858930587769,0.9910355806350708,0.31384968757629395,0.8210721015930176,6.074227124287063
12253,blue,powerlaw,1,9,0.09064074605703354,0.4673287085487659,0.37668796249173236,0.37475424342685276,6.074227124287063
12253,blue,powerlaw,2,9,1.1457313299179077,0.4372103219241855,-0.7085210079937222,0.5190344386630588,6.074227124287063
12253,blue,powerlaw,3,10,0.6771858930587769,0.4067529318349757,-0.27043296122380117,0.8210721015930176,6.074227124287063
12253,red,constant,1,9,1.7418599128723145,1.6204460859298706,-0.12141382694244385,0.0824890865219964,6.074227124287063
12253,red,constant,2,9,1.8399128913879395,1.6204460859298706,-0.21946680545806885,0.09397327237659031,6.074227124287063
12253,red,constant,3,10,1.9547115564346313,1.620445966720581,-0.3342655897140503,0.11400825977325439,6.074227124287063
12253,red,powerlaw,1,9,1.7418599128723145,1.7130536212310838,-0.028806291641230608,0.0824890865219964,6.074227124287063
12253,red,powerlaw,2,9,1.8399128913879395,1.7112877907806283,-0.12862510060731114,0.09397327237659031,6.074227124287063
12253,red,powerlaw,3,10,1.9547115564346313,1.709445366921896,-0.24526618951273527,0.11400825977325439,6.074227124287063
7470,blue,constant,1,7,0.21993300318717957,0.30736759305000305,0.08743458986282349,0.041367879935673306,0.9607746118790601
7470,blue,constant,2,7,0.23965401947498322,0.30736759305000305,0.06771357357501984,0.050982385873794556,0.9607746118790601
7470,blue,constant,3,8,0.2997090220451355,0.30736762285232544,0.007658600807189941,0.08028997480869293,0.9607746118790601
7470,blue,powerlaw,1,7,0.21993300318717957,0.28290035169287514,0.06296734850569558,0.041367879935673306,0.9607746118790601
7470,blue,powerlaw,2,7,0.23965401947498322,0.2674081763794849,0.02775415690450167,0.050982385873794556,0.9607746118790601
7470,blue,powerlaw,3,8,0.2997090220451355,0.25134838857195263,-0.04836063347318287,0.08028997480869293,0.9607746118790601
7470,red,constant,1,7,1.1013329029083252,1.0938477516174316,-0.007485151290893555,0.010585182479449682,0.9607746118799696
7470,red,constant,2,7,1.070370078086853,1.0938477516174316,0.023477673530578613,0.011449123067515237,0.9607746118799696
7470,red,constant,3,8,1.021817684173584,1.0938477516174316,0.07203006744384766,0.012455285526812077,0.9607746118799696
7470,red,powerlaw,1,7,1.1013329029083252,1.0892030119491711,-0.012129890959154066,0.010585182479449682,0.9607746118799696
7470,red,powerlaw,2,7,1.070370078086853,1.0902428384196041,0.019872760332751094,0.011449123067515237,0.9607746118799696
7470,red,powerlaw,3,8,1.021817684173584,1.0913465435843224,0.06952885941073839,0.012455285526812077,0.9607746118799696
1215,blue,constant,1,9,1.1428762674331665,0.9653948545455933,-0.17748141288757324,0.2613326973385281,3.0807786805517026
1215,blue,constant,2,10,0.7182955741882324,0.9653948545455933,0.24709928035736084,0.3183018207550049,3.0807786805517026
1215,blue,constant,3,10,1.272275686264038,0.9653948545455933,-0.3068808317184448,0.4561717987060547,3.0807786805517026
1215,blue,powerlaw,1,9,1.1428762674331665,0.898202677332162,-0.24467359010100453,0.2613326973385281,3.0807786805517026
1215,blue,powerlaw,2,10,0.7182955741882324,0.8552415334688079,0.1369459592805755,0.3183018207550049,3.0807786805517026
1215,blue,powerlaw,3,10,1.272275686264038,0.81107688169013,-0.46119880457390805,0.4561717987060547,3.0807786805517026
1215,red,constant,1,9,0.5662960410118103,0.5261291861534119,-0.04016685485839844,0.06496673822402954,3.080778680552612
1215,red,constant,2,10,0.6022666692733765,0.5261291861534119,-0.0761374831199646,0.07173317074775695,3.080778680552612
1215,red,constant,3,10,0.5197553038597107,0.5261291861534119,0.006373882293701172,0.07479490637779236,3.080778680552612
1215,red,powerlaw,1,9,0.5662960410118103,0.606198816692863,0.039902775681052716,0.06496673822402954,3.080778680552612
1215,red,powerlaw,2,10,0.6022666692733765,0.5983279929939791,-0.003938676279397368,0.07173317074775695,3.080778680552612
1215,red,powerlaw,3,10,0.5197553038597107,0.5902367001211768,0.0704813962614661,0.07479490637779236,3.080778680552612
5890,blue,constant,1,9,-0.03624003380537033,0.5176265239715576,0.553866557776928,0.4853147400750054,5.862230472171632
5890,blue,constant,2,9,0.48272451758384705,0.5176265239715576,0.03490200638771057,0.6325990888807509,5.862230472171632
5890,blue,constant,3,10,0.9459172487258911,0.5176265835762024,-0.4282906651496887,0.8864606857299805,5.862230472171632
5890,blue,powerlaw,1,9,-0.03624003380537033,0.9365339661608615,0.9727739999662318,0.4853147400750054,5.862230472171632
5890,blue,powerlaw,2,9,0.48272451758384705,0.9171811473872774,0.43445662980343036,0.6325990888807509,5.862230472171632
5890,blue,powerlaw,3,10,0.9459172487258911,0.8966466513923776,-0.049270597333513466,0.8864606857299805,5.862230472171632
5890,red,constant,1,9,0.2988721430301666,0.11988948285579681,-0.1789826601743698,0.15286272101932102,5.862230472172087
5890,red,constant,2,9,0.17257843911647797,0.11988948285579681,-0.05268895626068115,0.16984387238820395,5.862230472172087
5890,red,constant,3,10,0.1586277037858963,0.11988948285579681,-0.03873822093009949,0.19469536542892457,5.862230472172087
5890,red,powerlaw,1,9,0.2988721430301666,0.4328281987776715,0.13395605574750485,0.15286272101932102,5.862230472172087
5890,red,powerlaw,2,9,0.17257843911647797,0.42785310669784865,0.2552746675813707,0.16984387238820395,5.862230472172087
5890,red,powerlaw,3,10,0.1586277037858963,0.4227182781006021,0.2640905743147058,0.19469536542892457,5.862230472172087
9533,blue,constant,1,7,0.18303285539150238,0.1185869500041008,-0.06444590538740158,0.050060740539005825,1.0399326797478352
9533,blue,constant,2,7,0.03506552800536156,0.1185869500041008,0.08352142199873924,0.06744503549167088,1.0399326797478352
9533,blue,constant,3,7,0.24475014209747314,0.1185869500041008,-0.12616319209337234,0.12936734301703318,1.0399326797478352
9533,blue,powerlaw,1,7,0.18303285539150238,0.1399219732359989,-0.04311088215550349,0.050060740539005825,1.0399326797478352
9533,blue,powerlaw,2,7,0.03506552800536156,0.12545224473991526,0.0903867167345537,0.06744503549167088,1.0399326797478352
9533,blue,powerlaw,3,7,0.24475014209747314,0.11214567464416614,-0.132604467453307,0.12936734301703318,1.0399326797478352
9533,red,constant,1,7,1.0866377353668213,1.1635202169418335,0.07688248157501221,0.013219767383166723,1.0399326797487447
9533,red,constant,2,7,1.058176875114441,1.1635202169418335,0.10534334182739258,0.014052381472928184,1.0399326797487447
9533,red,constant,3,7,1.0620299577713013,1.1635202169418335,0.10149025917053223,0.014500842562743596,1.0399326797487447
9533,red,powerlaw,1,7,1.0866377353668213,1.151107812030681,0.06447007666385973,0.013219767383166723,1.0399326797487447
9533,red,powerlaw,2,7,1.058176875114441,1.1636241681971116,0.10544729308267065,0.014052381472928184,1.0399326797487447
9533,red,powerlaw,3,7,1.0620299577713013,1.1761453828311577,0.11411542505985639,0.014500842562743596,1.0399326797487447
3338,blue,constant,1,9,-0.5011303424835205,1.6764202117919922,2.1775505542755127,0.800566726260715,3.843600361191875
3338,blue,constant,2,9,2.808566093444824,1.6764202117919922,-1.132145881652832,1.2292466693454318,3.843600361191875
3338,blue,constant,3,10,2.0553805828094482,1.6764202117919922,-0.37896037101745605,1.897282028198242,3.843600361191875
3338,blue,powerlaw,1,9,-0.5011303424835205,2.238372925631068,2.7395032681145883,0.800566726260715,3.843600361191875
3338,blue,powerlaw,2,9,2.808566093444824,2.58412199894352,-0.2244440945013042,1.2292466693454318,3.843600361191875
3338,blue,powerlaw,3,10,2.0553805828094482,3.020354447750708,0.9649738649412596,1.897282028198242,3.843600361191875
3338,red,constant,1,9,0.82415771484375,0.7363970279693604,-0.08776068687438965,0.1706131034427219,3.8436003611914202
3338,red,constant,2,9,0.5881540775299072,0.7363970279693604,0.14824295043945312,0.18635406759050158,3.8436003611914202
3338,red,constant,3,10,0.10805126279592514,0.7363969683647156,0.6283457055687904,0.21027932167053223,3.8436003611914202
3338,red,powerlaw,1,9,0.82415771484375,0.8346656926036116,0.010507977759861564,0.1706131034427219,3.8436003611914202
3338,red,powerlaw,2,9,0.5881540775299072,0.9921296564166079,0.40397557888670066,0.18635406759050158,3.8436003611914202
3338,red,powerlaw,3,10,0.10805126279592514,1.1887535438297208,1.0807022810337956,0.21027932167053223,3.8436003611914202
2975,blue,constant,1,8,1.9386619329452515,1.559597134590149,-0.37906479835510254,0.5252737998962402,12.082280686910053
2975,blue,constant,2,8,2.507129192352295,1.559597134590149,-0.947532057762146,0.6818215250968933,12.082280686910053
2975,blue,constant,3,9,2.3860366344451904,1.559597134590149,-0.8264394998550415,0.9592581854926215,12.082280686910053
2975,blue,powerlaw,1,8,1.9386619329452515,2.06037566611442,0.12171373316916867,0.5252737998962402,12.082280686910053
2975,blue,powerlaw,2,8,2.507129192352295,2.2959825356865737,-0.2111466566657212,0.6818215250968933,12.082280686910053
2975,blue,powerlaw,3,9,2.3860366344451904,2.584602223466114,0.19856558902092347,0.9592581854926215,12.082280686910053
2975,red,constant,1,8,0.5778849720954895,0.15351679921150208,-0.4243681728839874,0.12633277475833893,12.082280686910963
2975,red,constant,2,8,0.5227729678153992,0.15351679921150208,-0.3692561686038971,0.14010296761989594,12.082280686910963
2975,red,constant,3,9,0.8414369225502014,0.15351679921150208,-0.6879201233386993,0.15164952807956272,12.082280686910963
2975,red,powerlaw,1,8,0.5778849720954895,0.3372634526164558,-0.2406215194790337,0.12633277475833893,12.082280686910963
2975,red,powerlaw,2,8,0.5227729678153992,0.30519858594916266,-0.2175743818662365,0.14010296761989594,12.082280686910963
2975,red,powerlaw,3,9,0.8414369225502014,0.2748044466674276,-0.5666324758827739,0.15164952807956272,12.082280686910963
7351,blue,constant,1,8,0.5398474931716919,0.6583130955696106,0.1184656023979187,0.502062976360321,3.5895649631597735
7351,blue,constant,2,8,1.4560773372650146,0.6583130955696106,-0.797764241695404,0.6514534950256348,3.5895649631597735
7351,blue,constant,3,9,0.4635878801345825,0.6583130955696106,0.19472521543502808,0.8821032842000326,3.5895649631597735
7351,blue,powerlaw,1,8,0.5398474931716919,0.6812843282014669,0.141436835029775,0.502062976360321,3.5895649631597735
7351,blue,powerlaw,2,8,1.4560773372650146,0.6529976814609953,-0.8030796558040193,0.6514534950256348,3.5895649631597735
7351,blue,powerlaw,3,9,0.4635878801345825,0.623474272640308,0.15988639250572545,0.8821032842000326,3.5895649631597735
7351,red,constant,1,8,1.0383076667785645,1.190949559211731,0.1526418924331665,0.14791780710220337,3.589564963160228
7351,red,constant,2,8,1.1078908443450928,1.190949559211731,0.08305871486663818,0.16246554255485535,3.589564963160228
7351,red,constant,3,9,0.6664671897888184,1.190949559211731,0.5244823694229126,0.18901154730055067,3.589564963160228
7351,red,powerlaw,1,8,1.0383076667785645,0.9288627031931862,-0.10944496358537825,0.14791780710220337,3.589564963160228
7351,red,powerlaw,2,8,1.1078908443450928,0.9212684897004576,-0.18662235464463517,0.16246554255485535,3.589564963160228
7351,red,powerlaw,3,9,0.6664671897888184,0.913351200820246,0.24688401103142765,0.18901154730055067,3.589564963160228
5812,blue,constant,1,7,0.2574988305568695,0.21675297617912292,-0.04074585437774658,0.08811819553375244,9.131649270836078
5812,blue,constant,2,6,0.427539587020874,0.21675296127796173,-0.2107866257429123,0.11925694346427917,9.131649270836078
5812,blue,constant,3,7,0.16980372369289398,0.21675297617912292,0.04694925248622894,0.1685539824622018,9.131649270836078
5812,blue,powerlaw,1,7,0.2574988305568695,0.15065426497793907,-0.10684456557893043,0.08811819553375244,9.131649270836078
5812,blue,powerlaw,2,6,0.427539587020874,0.13275319138794303,-0.29478639563293096,0.11925694346427917,9.131649270836078
5812,blue,powerlaw,3,7,0.16980372369289398,0.11661726120129734,-0.05318646249159664,0.1685539824622018,9.131649270836078
5812,red,constant,1,7,1.0790514945983887,1.1058298349380493,0.026778340339660645,0.02708657511643001,9.131649270835624
5812,red,constant,2,6,1.1348862648010254,1.1058298349380493,-0.029056429862976074,0.03397588183482488,9.131649270835624
5812,red,constant,3,7,1.1382262706756592,1.1058298349380493,-0.03239643573760986,0.04319781916482108,9.131649270835624
5812,red,powerlaw,1,7,1.0790514945983887,1.1327952596954327,0.05374376509704404,0.02708657511643001,9.131649270835624
5812,red,powerlaw,2,6,1.1348862648010254,1.12593486953764,-0.008951395263385287,0.03397588183482488,9.131649270835624
5812,red,powerlaw,3,7,1.1382262706756592,1.119189031889217,-0.019037238786442146,0.04319781916482108,9.131649270835624
9204,blue,constant,1,8,0.8821454644203186,1.2216089963912964,0.3394635319709778,0.5664296746253967,4.955424609954662
9204,blue,constant,2,8,0.300240695476532,1.2216089963912964,0.9213683009147644,0.7604576945304871,4.955424609954662
9204,blue,constant,3,9,1.0088822841644287,1.2216089963912964,0.21272671222686768,1.3169815275404189,4.955424609954662
9204,blue,powerlaw,1,8,0.8821454644203186,1.353552433949956,0.47140696952963745,0.5664296746253967,4.955424609954662
9204,blue,powerlaw,2,8,0.300240695476532,1.40595480682366,1.105714111347128,0.7604576945304871,4.955424609954662
9204,blue,powerlaw,3,9,1.0088822841644287,1.4655087880848583,0.4566265039204296,1.3169815275404189,4.955424609954662
9204,red,constant,1,8,0.5566030740737915,0.4565296471118927,-0.1000734269618988,0.12915027141571045,4.955424609954207
9204,red,constant,2,8,0.39456719160079956,0.4565296471118927,0.06196245551109314,0.13026602566242218,4.955424609954207
9204,red,constant,3,9,0.6178334355354309,0.4565296769142151,-0.16130375862121582,0.1443023549185859,4.955424609954207
9204,red,powerlaw,1,8,0.5566030740737915,0.534783052940514,-0.021820021133277523,0.12915027141571045,4.955424609954207
9204,red,powerlaw,2,8,0.39456719160079956,0.5240224297891406,0.12945523818834104,0.13026602566242218,4.955424609954207
9204,red,powerlaw,3,9,0.6178334355354309,0.512944507571429,-0.10488892796400195,0.1443023549185859,4.955424609954207
4110,blue,constant,1,9,0.24782691895961761,0.24207618832588196,-0.005750730633735657,0.01434305641386244,7.815008161505375
4110,blue,constant,2,8,0.15840181708335876,0.24207617342472076,0.083674356341362,0.021359924226999283,7.815008161505375
4110,blue,constant,3,9,0.12729647755622864,0.24207618832588196,0.11477971076965332,0.040317399634255305,7.815008161505375
4110,blue,powerlaw,1,9,0.24782691895961761,0.2184992269644159,-0.029327691995201716,0.01434305641386244,7.815008161505375
4110,blue,powerlaw,2,8,0.15840181708335876,0.20067430526948465,0.04227248818612589,0.021359924226999283,7.815008161505375
4110,blue,powerlaw,3,9,0.12729647755622864,0.18389721540061188,0.05660073784438324,0.040317399634255305,7.815008161505375
4110,red,constant,1,9,1.0514191389083862,1.036592960357666,-0.014826178550720215,0.005067336476511425,7.81500816150583
4110,red,constant,2,8,1.052422285079956,1.036592960357666,-0.01582932472229004,0.005440012086182833,7.81500816150583
4110,red,constant,3,9,1.040246605873108,1.036592960357666,-0.0036536455154418945,0.005706109520461824,7.81500816150583
4110,red,powerlaw,1,9,1.0514191389083862,0.9914274050258647,-0.05999173388252155,0.005067336476511425,7.81500816150583
4110,red,powerlaw,2,8,1.052422285079956,0.9783380420585046,-0.07408424302145145,0.005440012086182833,7.81500816150583
4110,red,powerlaw,3,9,1.040246605873108,0.9655601088110939,-0.07468649706201402,0.005706109520461824,7.81500816150583
12928,blue,constant,1,7,0.46765464544296265,0.575507640838623,0.1078529953956604,0.14118950707571848,12.208125786202345
12928,blue,constant,2,6,0.017177382484078407,0.575507640838623,0.5583302583545446,0.19981942574183145,12.208125786202345
12928,blue,constant,3,7,0.28616243600845337,0.575507640838623,0.2893452048301697,0.3404911586216518,12.208125786202345
12928,blue,powerlaw,1,7,0.46765464544296265,0.5167034912336312,0.049048845790668594,0.14118950707571848,12.208125786202345
12928,blue,powerlaw,2,6,0.017177382484078407,0.513289415955973,0.4961120334718946,0.19981942574183145,12.208125786202345
12928,blue,powerlaw,3,7,0.28616243600845337,0.5098034670555356,0.22364103104708222,0.3404911586216518,12.208125786202345
12928,red,constant,1,7,1.1614843606948853,1.13286292552948,-0.028621435165405273,0.043788752385548184,12.2081257862028
12928,red,constant,2,6,1.0934077501296997,1.13286292552948,0.03945517539978027,0.04936044414838155,12.2081257862028
12928,red,constant,3,7,1.0726416110992432,1.13286292552948,0.060221314430236816,0.04905196598597935,12.2081257862028
12928,red,powerlaw,1,7,1.1614843606948853,1.140153463442077,-0.021330897252808345,0.043788752385548184,12.2081257862028
12928,red,powerlaw,2,6,1.0934077501296997,1.1483257648107947,0.05491801468109503,0.04936044414838155,12.2081257862028
12928,red,powerlaw,3,7,1.0726416110992432,1.15646971642564,0.08382810532639673,0.04905196598597935,12.2081257862028
3045,blue,constant,1,7,0.5149828195571899,0.45670297741889954,-0.058279842138290405,0.194490841456822,9.606137673163175
3045,blue,constant,2,6,0.4189063310623169,0.45670297741889954,0.03779664635658264,0.29250653584798175,9.606137673163175
3045,blue,constant,3,7,1.648349404335022,0.45670297741889954,-1.1916464269161224,0.47485106331961496,9.606137673163175
3045,blue,powerlaw,1,7,0.5149828195571899,0.5472647518110739,0.03228193225388398,0.194490841456822,9.606137673163175
3045,blue,powerlaw,2,6,0.4189063310623169,0.5176686905513604,0.09876235948904355,0.29250653584798175,9.606137673163175
3045,blue,powerlaw,3,7,1.648349404335022,0.48895524730225265,-1.1593941570327693,0.47485106331961496,9.606137673163175
3045,red,constant,1,7,1.1369355916976929,1.0833085775375366,-0.05362701416015625,0.04423924854823521,9.606137673163175
3045,red,constant,2,6,0.9977186322212219,1.0833085775375366,0.0855899453163147,0.05386194586753845,9.606137673163175
3045,red,constant,3,7,1.0402384996414185,1.0833085775375366,0.043070077896118164,0.0701896037374224,9.606137673163175
3045,red,powerlaw,1,7,1.1369355916976929,1.02838773424571,-0.10854785745198292,0.04423924854823521,9.606137673163175
3045,red,powerlaw,2,6,0.9977186322212219,1.0196282547702513,0.021909622549029395,0.05386194586753845,9.606137673163175
3045,red,powerlaw,3,7,1.0402384996414185,1.0110369417590375,-0.02920155788238099,0.0701896037374224,9.606137673163175
12615,blue,constant,1,7,0.06029762700200081,0.1282416433095932,0.06794401630759239,0.029525011777877808,2.7098736762195585
12615,blue,constant,2,7,0.06107139587402344,0.1282416433095932,0.06717024743556976,0.03831319298063006,2.7098736762195585
12615,blue,constant,3,8,0.06590956449508667,0.1282416433095932,0.06233207881450653,0.05690905824303627,2.7098736762195585
12615,blue,powerlaw,1,7,0.06029762700200081,0.107649173921321,0.0473515469193202,0.029525011777877808,2.7098736762195585
12615,blue,powerlaw,2,7,0.06107139587402344,0.09539020902298738,0.03431881314896394,0.03831319298063006,2.7098736762195585
12615,blue,powerlaw,3,8,0.06590956449508667,0.08352201742224158,0.01761245292715491,0.05690905824303627,2.7098736762195585
12615,red,constant,1,7,1.0923740863800049,1.1024445295333862,0.010070443153381348,0.010206998458930425,2.7098736762200133
12615,red,constant,2,7,1.1175727844238281,1.1024445295333862,-0.015128254890441895,0.010605008474418096,2.7098736762200133
12615,red,constant,3,8,0.9906295537948608,1.1024445295333862,0.11181497573852539,0.01165443379431963,2.7098736762200133
12615,red,powerlaw,1,7,1.0923740863800049,1.088046858177879,-0.004327228202125832,0.010206998458930425,2.7098736762200133
12615,red,powerlaw,2,7,1.1175727844238281,1.084813807291154,-0.03275897713267417,0.010605008474418096,2.7098736762200133
12615,red,powerlaw,3,8,0.9906295537948608,1.081396366845304,0.0907668130504431,0.01165443379431963,2.7098736762200133
2561,blue,constant,1,6,-0.06885186582803726,0.12078547477722168,0.18963734060525894,0.13417944312095642,3.619534155089241
2561,blue,constant,2,6,-0.022975480183959007,0.12078547477722168,0.1437609549611807,0.17977688709894815,3.619534155089241
2561,blue,constant,3,7,0.11321921646595001,0.12078547477722168,0.0075662583112716675,0.2776210308074951,3.619534155089241
2561,blue,powerlaw,1,6,-0.06885186582803726,0.03330342445696748,0.10215529028500475,0.13417944312095642,3.619534155089241
2561,blue,powerlaw,2,6,-0.022975480183959007,0.026682675206687687,0.04965815539064669,0.17977688709894815,3.619534155089241
2561,blue,powerlaw,3,7,0.11321921646595001,0.020866585738826833,-0.09235263072712319,0.2776210308074951,3.619534155089241
2561,red,constant,1,6,1.0877872705459595,1.0712494850158691,-0.016537785530090332,0.032063037157058716,3.6195341550901503
2561,red,constant,2,6,1.1256145238876343,1.0712494850158691,-0.05436503887176514,0.03650092830260595,3.6195341550901503
2561,red,constant,3,7,1.1366946697235107,1.0712494850158691,-0.0654451847076416,0.04322957566806248,3.6195341550901503
2561,red,powerlaw,1,6,1.0877872705459595,1.152456022562212,0.06466875201625255,0.032063037157058716,3.6195341550901503
2561,red,powerlaw,2,6,1.1256145238876343,1.152862622131602,0.02724809824396779,0.03650092830260595,3.6195341550901503
2561,red,powerlaw,3,7,1.1366946697235107,1.1532986854364438,0.016604015712933018,0.04322957566806248,3.6195341550901503
6925,blue,constant,1,9,2.1382925510406494,0.572105348110199,-1.5661872029304504,0.5843621359931098,4.166235425960622
6925,blue,constant,2,9,0.804604172706604,0.572105348110199,-0.23249882459640503,0.8010772599114312,4.166235425960622
6925,blue,constant,3,9,2.298584461212158,0.572105348110199,-1.7264791131019592,1.6085983912150066,4.166235425960622
6925,blue,powerlaw,1,9,2.1382925510406494,0.6427705062476511,-1.4955220447929984,0.5843621359931098,4.166235425960622
6925,blue,powerlaw,2,9,0.804604172706604,0.5208636934006287,-0.28374047930597535,0.8010772599114312,4.166235425960622
6925,blue,powerlaw,3,9,2.298584461212158,0.41965439799389537,-1.8789300632182628,1.6085983912150066,4.166235425960622
6925,red,constant,1,9,0.58627849817276,0.31247425079345703,-0.273804247379303,0.1382909615834554,4.166235425960622
6925,red,constant,2,9,0.0819433405995369,0.31247425079345703,0.23053091019392014,0.15219150649176705,4.166235425960622
6925,red,constant,3,9,0.40103113651275635,0.31247425079345703,-0.08855688571929932,0.16239150365193686,4.166235425960622
6925,red,powerlaw,1,9,0.58627849817276,0.5132587644199222,-0.07301973375283777,0.1382909615834554,4.166235425960622
6925,red,powerlaw,2,9,0.0819433405995369,0.5264482862318505,0.4445049456323136,0.15219150649176705,4.166235425960622
6925,red,powerlaw,3,9,0.40103113651275635,0.539833967619331,0.13880283110657465,0.16239150365193686,4.166235425960622
3618,blue,constant,1,10,0.5238515138626099,0.8413106203079224,0.3174591064453125,0.10457814931869507,8.65692550320955
3618,blue,constant,2,9,0.3755098879337311,0.8413105607032776,0.4658006727695465,0.14825801054636636,8.65692550320955
3618,blue,constant,3,10,0.46708860993385315,0.8413106203079224,0.3742220103740692,0.26452183723449707,8.65692550320955
3618,blue,powerlaw,1,10,0.5238515138626099,0.8576156630974632,0.3337641492348533,0.10457814931869507,8.65692550320955
3618,blue,powerlaw,2,9,0.3755098879337311,0.8279650207000857,0.45245513276635463,0.14825801054636636,8.65692550320955
3618,blue,powerlaw,3,10,0.46708860993385315,0.7985747629202813,0.33148615298642814,0.26452183723449707,8.65692550320955
3618,red,constant,1,10,0.6617285013198853,0.6628546118736267,0.001126110553741455,0.025178000330924988,8.656925503210005
3618,red,constant,2,9,0.6900811791419983,0.6628546118736267,-0.027226567268371582,0.02475261025958591,8.656925503210005
3618,red,constant,3,10,0.5977417230606079,0.6628546118736267,0.0651128888130188,0.026467999815940856,8.656925503210005
3618,red,powerlaw,1,10,0.6617285013198853,0.6900263089643257,0.028297807644440454,0.025178000330924988,8.656925503210005
3618,red,powerlaw,2,9,0.6900811791419983,0.6922236973425479,0.002142518200549559,0.02475261025958591,8.656925503210005
3618,red,powerlaw,3,10,0.5977417230606079,0.6944048487632222,0.09666312570261426,0.026467999815940856,8.656925503210005
7808,blue,constant,1,8,0.962921142578125,1.0079090595245361,0.04498791694641113,0.11985799670219421,6.670484030574698
7808,blue,constant,2,8,0.7397584915161133,1.0079090595245361,0.26815056800842285,0.15996307134628296,6.670484030574698
7808,blue,constant,3,9,0.75251704454422,1.0079090595245361,0.25539201498031616,0.25425778494940865,6.670484030574698
7808,blue,powerlaw,1,8,0.962921142578125,1.0043969352423345,0.04147579266420953,0.11985799670219421,6.670484030574698
7808,blue,powerlaw,2,8,0.7397584915161133,1.0444667442667748,0.3047082527506615,0.15996307134628296,6.670484030574698
7808,blue,powerlaw,3,9,0.75251704454422,1.0900639362957716,0.3375468917515516,0.25425778494940865,6.670484030574698
7808,red,constant,1,8,0.7361518144607544,0.7080321907997131,-0.02811962366104126,0.027253488078713417,6.670484030573789
7808,red,constant,2,8,0.7040209770202637,0.7080321907997131,0.004011213779449463,0.02992202341556549,6.670484030573789
7808,red,constant,3,9,0.6412842273712158,0.7080321907997131,0.06674796342849731,0.03246126903427972,6.670484030573789
7808,red,powerlaw,1,8,0.7361518144607544,0.7091278305724434,-0.027023983888310954,0.027253488078713417,6.670484030573789
7808,red,powerlaw,2,8,0.7040209770202637,0.7043020038004743,0.00028102678021058036,0.02992202341556549,6.670484030573789
7808,red,powerlaw,3,9,0.6412842273712158,0.6992642065112875,0.05797997914007169,0.03246126903427972,6.670484030573789
1482,blue,constant,1,9,0.5800862312316895,0.38914021849632263,-0.19094601273536682,0.12451208962334527,3.4609060294965275
1482,blue,constant,2,10,0.16860142350196838,0.38914018869400024,0.22053876519203186,0.1627374053001404,3.4609060294965275
1482,blue,constant,3,10,0.6655288934707642,0.38914018869400024,-0.2763887047767639,0.2904950141906738,3.4609060294965275
1482,blue,powerlaw,1,9,0.5800862312316895,0.279495724091265,-0.30059050714042446,0.12451208962334527,3.4609060294965275
1482,blue,powerlaw,2,10,0.16860142350196838,0.22380066141933702,0.05519923791736864,0.1627374053001404,3.4609060294965275
1482,blue,powerlaw,3,10,0.6655288934707642,0.17591059899706682,-0.4896182944736973,0.2904950141906738,3.4609060294965275
1482,red,constant,1,9,0.8877145648002625,0.8886758685112,0.0009613037109375,0.024850017494625516,3.4609060294969822
1482,red,constant,2,10,0.8845413327217102,0.8886758685112,0.004134535789489746,0.028058049082756043,3.4609060294969822
1482,red,constant,3,10,0.7851909399032593,0.8886758685112,0.10348492860794067,0.032974150776863095,3.4609060294969822
1482,red,powerlaw,1,9,0.8877145648002625,0.9057007255231978,0.01798616072293535,0.024850017494625516,3.4609060294969822
1482,red,powerlaw,2,10,0.8845413327217102,0.9072148962682419,0.022673563546531716,0.028058049082756043,3.4609060294969822
1482,red,powerlaw,3,10,0.7851909399032593,0.908794855234037,0.12360391533077775,0.032974150776863095,3.4609060294969822
9322,blue,constant,1,7,1.4260737895965576,1.776114583015442,0.3500407934188843,0.7647224834987095,9.81909910313243
9322,blue,constant,2,7,2.253967523574829,1.776114583015442,-0.4778529405593872,1.0095573152814592,9.81909910313243
9322,blue,constant,3,8,7.09550666809082,1.7761147022247314,-5.319391965866089,1.532267689704895,9.81909910313243
9322,blue,powerlaw,1,7,1.4260737895965576,2.243532197102098,0.8174584075055402,0.7647224834987095,9.81909910313243
9322,blue,powerlaw,2,7,2.253967523574829,2.5543352293433728,0.30036770576854366,1.0095573152814592,9.81909910313243
9322,blue,powerlaw,3,8,7.09550666809082,2.947366276742029,-4.148140391348791,1.532267689704895,9.81909910313243
9322,red,constant,1,7,0.6853049397468567,0.9206191301345825,0.23531419038772583,0.19137321199689591,9.81909910313334
9322,red,constant,2,7,0.5517714619636536,0.9206191301345825,0.36884766817092896,0.22592972006116593,9.81909910313334
9322,red,constant,3,8,0.3718685209751129,0.9206192493438721,0.5487507283687592,0.2848135530948639,9.81909910313334
9322,red,powerlaw,1,7,0.6853049397468567,0.9364039011044714,0.25109896135761467,0.19137321199689591,9.81909910313334
9322,red,powerlaw,2,7,0.5517714619636536,0.975037041065029,0.4232655791013754,0.22592972006116593,9.81909910313334
9322,red,powerlaw,3,8,0.3718685209751129,1.0177527404757047,0.6458842195005918,0.2848135530948639,9.81909910313334
12226,blue,constant,1,7,1.164091944694519,1.0282515287399292,-0.13584041595458984,0.18192025593348912,4.046616675800124
12226,blue,constant,2,7,1.1284807920455933,1.0282515287399292,-0.10022926330566406,0.253899301801409,4.046616675800124
12226,blue,constant,3,7,0.914362370967865,1.0282515287399292,0.11388915777206421,0.44871439252580914,4.046616675800124
12226,blue,powerlaw,1,7,1.164091944694519,1.1244117285379687,-0.039680216156550374,0.18192025593348912,4.046616675800124
12226,blue,powerlaw,2,7,1.1284807920455933,1.1384924718757679,0.010011679830174591,0.253899301801409,4.046616675800124
12226,blue,powerlaw,3,7,0.914362370967865,1.1531427707017434,0.23878039973387843,0.44871439252580914,4.046616675800124
12226,red,constant,1,7,1.0635946989059448,1.1697782278060913,0.10618352890014648,0.04594890134675162,4.046616675799669
12226,red,constant,2,7,1.0018893480300903,1.1697782278060913,0.16788887977600098,0.05214097670146397,4.046616675799669
12226,red,constant,3,7,1.2220803499221802,1.1697782278060913,-0.05230212211608887,0.09161506380353655,4.046616675799669
12226,red,powerlaw,1,7,1.0635946989059448,1.076311488895721,0.012716789989776212,0.04594890134675162,4.046616675799669
12226,red,powerlaw,2,7,1.0018893480300903,1.109665391550638,0.1077760435205477,0.05214097670146397,4.046616675799669
12226,red,powerlaw,3,7,1.2220803499221802,1.1436895378147336,-0.07839081210744658,0.09161506380353655,4.046616675799669
12905,blue,constant,1,6,0.04991363361477852,0.08469117432832718,0.03477754071354866,0.05601780116558075,4.648142218208704
12905,blue,constant,2,7,0.06776309758424759,0.08469117432832718,0.01692807674407959,0.06916730744498116,4.648142218208704
12905,blue,constant,3,7,0.11283773928880692,0.08469117432832718,-0.028146564960479736,0.12430897780827113,4.648142218208704
12905,blue,powerlaw,1,6,0.04991363361477852,0.0808865438210296,0.030972910206251078,0.05601780116558075,4.648142218208704
12905,blue,powerlaw,2,7,0.06776309758424759,0.07278139529179115,0.005018297707543556,0.06916730744498116,4.648142218208704
12905,blue,powerlaw,3,7,0.11283773928880692,0.06474667561851946,-0.048091063670287454,0.12430897780827113,4.648142218208704
12905,red,constant,1,6,1.0617963075637817,1.0721932649612427,0.010396957397460938,0.018626463909943897,4.648142218207795
12905,red,constant,2,7,1.0513170957565308,1.0721932649612427,0.020876169204711914,0.021630855543272837,4.648142218207795
12905,red,constant,3,7,1.0772886276245117,1.0721932649612427,-0.005095362663269043,0.021016367844172885,4.648142218207795
12905,red,powerlaw,1,6,1.0617963075637817,1.052291603873436,-0.009504703690345728,0.018626463909943897,4.648142218207795
12905,red,powerlaw,2,7,1.0513170957565308,1.0387434399706224,-0.01257365578590841,0.021630855543272837,4.648142218207795
12905,red,powerlaw,3,7,1.0772886276245117,1.024494981406268,-0.05279364621824367,0.021016367844172885,4.648142218207795
1510,blue,constant,1,8,2.3299667835235596,0.9012070298194885,-1.428759753704071,0.8077998757362366,4.493057027376381
1510,blue,constant,2,9,0.3136201798915863,0.9012070894241333,0.587586909532547,1.026328934563531,4.493057027376381
1510,blue,constant,3,9,1.4237619638442993,0.9012070894241333,-0.522554874420166,1.679329342312283,4.493057027376381
1510,blue,powerlaw,1,8,2.3299667835235596,0.5732936423955186,-1.756673141128041,0.8077998757362366,4.493057027376381
1510,blue,powerlaw,2,9,0.3136201798915863,0.49849237759036086,0.18487219769877455,1.026328934563531,4.493057027376381
1510,blue,powerlaw,3,9,1.4237619638442993,0.42807441133263574,-0.9956875525116635,1.679329342312283,4.493057027376381
1510,red,constant,1,8,0.7000107169151306,0.680975615978241,-0.01903510093688965,0.17283929884433746,4.493057027375471
1510,red,constant,2,9,0.5069826245307922,0.680975615978241,0.17399299144744873,0.19879787498050266,4.493057027375471
1510,red,constant,3,9,0.6308936476707458,0.680975615978241,0.05008196830749512,0.22297316127353245,4.493057027375471
1510,red,powerlaw,1,8,0.7000107169151306,0.6041792719528268,-0.09583144496230378,0.17283929884433746,4.493057027375471
1510,red,powerlaw,2,9,0.5069826245307922,0.5714547975364006,0.06447217300560837,0.19879787498050266,4.493057027375471
1510,red,powerlaw,3,9,0.6308936476707458,0.5390493996000554,-0.09184424807069047,0.22297316127353245,4.493057027375471
6829,blue,constant,1,10,0.998852550983429,1.244571328163147,0.24571877717971802,0.16303414106369019,5.028982057249323
6829,blue,constant,2,10,1.3024311065673828,1.244571328163147,-0.05785977840423584,0.23391542434692383,5.028982057249323
6829,blue,constant,3,10,0.8267033696174622,1.244571328163147,0.4178679585456848,0.43993406295776366,5.028982057249323
6829,blue,powerlaw,1,10,0.998852550983429,1.2129293347062025,0.2140767837227735,0.16303414106369019,5.028982057249323
6829,blue,powerlaw,2,10,1.3024311065673828,1.173922936078657,-0.12850817048872587,0.23391542434692383,5.028982057249323
6829,blue,powerlaw,3,10,0.8267033696174622,1.1351524117106326,0.3084490420931705,0.43993406295776366,5.028982057249323
6829,red,constant,1,10,0.4386654794216156,0.369939386844635,-0.06872609257698059,0.044803985953330995,5.028982057248868
6829,red,constant,2,10,0.3469952642917633,0.369939386844635,0.022944122552871704,0.05095471143722534,5.028982057248868
6829,red,constant,3,10,0.2615140974521637,0.369939386844635,0.10842528939247131,0.05428978204727173,5.028982057248868
6829,red,powerlaw,1,10,0.4386654794216156,0.41608414956938783,-0.02258132985222777,0.044803985953330995,5.028982057248868
6829,red,powerlaw,2,10,0.3469952642917633,0.39461719294978376,0.04762192865802045,0.05095471143722534,5.028982057248868
6829,red,powerlaw,3,10,0.2615140974521637,0.37446512655309944,0.11295102910093574,0.05428978204727173,5.028982057248868
5922,blue,constant,1,7,-0.006200466305017471,0.08855866640806198,0.09475913271307945,0.03405824090753283,2.7358702866949898
5922,blue,constant,2,7,0.13327692449092865,0.08855866640806198,-0.04471825808286667,0.04323962330818176,2.7358702866949898
5922,blue,constant,3,8,0.03100202977657318,0.08855865895748138,0.0575566291809082,0.05917366221547127,2.7358702866949898
5922,blue,powerlaw,1,7,-0.006200466305017471,0.08831962592058958,0.09452009222560705,0.03405824090753283,2.7358702866949898
5922,blue,powerlaw,2,7,0.13327692449092865,0.07287024446127964,-0.06040668002964901,0.04323962330818176,2.7358702866949898
5922,blue,powerlaw,3,8,0.03100202977657318,0.05900145918144625,0.027999429404873072,0.05917366221547127,2.7358702866949898
5922,red,constant,1,7,1.108574628829956,1.06422758102417,-0.04434704780578613,0.013198192630495344,2.7358702866949898
5922,red,constant,2,7,1.138213038444519,1.06422758102417,-0.07398545742034912,0.014933322157178606,2.7358702866949898
5922,red,constant,3,8,1.039501667022705,1.06422758102417,0.024725914001464844,0.017107119783759117,2.7358702866949898
5922,red,powerlaw,1,7,1.108574628829956,1.0396006815351178,-0.0689739472948383,0.013198192630495344,2.7358702866949898
5922,red,powerlaw,2,7,1.138213038444519,1.0312666178693042,-0.10694642057521486,0.014933322157178606,2.7358702866949898
5922,red,powerlaw,3,8,1.039501667022705,1.0225036718947762,-0.016997995127928878,0.017107119783759117,2.7358702866949898
4168,blue,constant,1,10,0.8284016847610474,1.145666480064392,0.3172647953033447,0.08103998303413391,8.458084693465935
4168,blue,constant,2,10,0.5804025530815125,1.145666480064392,0.5652639269828796,0.11217868328094482,8.458084693465935
4168,blue,constant,3,10,0.4480600357055664,1.145666480064392,0.6976064443588257,0.20809462070465087,8.458084693465935
4168,blue,powerlaw,1,10,0.8284016847610474,1.1109847015191754,0.282583016758128,0.08103998303413391,8.458084693465935
4168,blue,powerlaw,2,10,0.5804025530815125,1.0894678219183764,0.509065268836864,0.11217868328094482,8.458084693465935
4168,blue,powerlaw,3,10,0.4480600357055664,1.067788134496244,0.6197280987906777,0.20809462070465087,8.458084693465935
4168,red,constant,1,10,0.6418322324752808,0.6388997435569763,-0.0029324889183044434,0.022928817570209502,8.458084693465935
4168,red,constant,2,10,0.575225293636322,0.6388997435569763,0.0636744499206543,0.024433091282844543,8.458084693465935
4168,red,constant,3,10,0.5480617880821228,0.6388997435569763,0.09083795547485352,0.026687878370285033,8.458084693465935
4168,red,powerlaw,1,10,0.6418322324752808,0.6268867951145639,-0.014945437360716851,0.022928817570209502,8.458084693465935
4168,red,powerlaw,2,10,0.575225293636322,0.6215423910544542,0.04631709741813217,0.024433091282844543,8.458084693465935
4168,red,powerlaw,3,10,0.5480617880821228,0.6162993583023605,0.06823757022023769,0.026687878370285033,8.458084693465935
12854,blue,constant,1,8,-1.1380914449691772,0.08305183053016663,1.2211432754993439,1.1900049448013306,4.091039541344344
12854,blue,constant,2,9,-0.7301300764083862,0.08305183053016663,0.8131819069385529,1.5124070909288194,4.091039541344344
12854,blue,constant,3,9,-2.5486373901367188,0.08305183053016663,2.6316892206668854,2.8416366577148438,4.091039541344344
12854,blue,powerlaw,1,8,-1.1380914449691772,7.324905064126763e-09,1.1380914522940824,1.1900049448013306,4.091039541344344
12854,blue,powerlaw,2,9,-0.7301300764083862,2.4849250194803475e-10,0.7301300766568787,1.5124070909288194,4.091039541344344
12854,blue,powerlaw,3,9,-2.5486373901367188,5.632442835254803e-12,2.548637390142351,2.8416366577148438,4.091039541344344
12854,red,constant,1,8,0.38838592171669006,0.8970882296562195,0.5087023079395294,0.2746235728263855,4.091039541344799
12854,red,constant,2,9,0.6329034566879272,0.8970882892608643,0.264184832572937,0.29480942090352374,4.091039541344799
12854,red,constant,3,9,0.9207086563110352,0.8970882892608643,-0.0236203670501709,0.33118971188863117,4.091039541344799
12854,red,powerlaw,1,8,0.38838592171669006,0.7790811010326486,0.39069517931595854,0.2746235728263855,4.091039541344799
12854,red,powerlaw,2,9,0.6329034566879272,0.7779918156985669,0.14508835901063966,0.29480942090352374,4.091039541344799
12854,red,powerlaw,3,9,0.9207086563110352,0.7768520923104363,-0.14385656400059887,0.33118971188863117,4.091039541344799
6370,blue,constant,1,7,0.19346286356449127,0.15924443304538727,-0.034218430519104004,0.10323346512658256,14.726070412499212
6370,blue,constant,2,6,0.306801438331604,0.15924443304538727,-0.14755700528621674,0.14773617188135782,14.726070412499212
6370,blue,constant,3,7,0.16964371502399445,0.15924443304538727,-0.010399281978607178,0.22768044471740723,14.726070412499212
6370,blue,powerlaw,1,7,0.19346286356449127,0.1723726890620898,-0.02109017450240147,0.10323346512658256,14.726070412499212
6370,blue,powerlaw,2,6,0.306801438331604,0.15894098147517027,-0.14786045685643373,0.14773617188135782,14.726070412499212
6370,blue,powerlaw,3,7,0.16964371502399445,0.14624497361259348,-0.02339874141140097,0.22768044471740723,14.726070412499212
6370,red,constant,1,7,1.2000932693481445,1.1482185125350952,-0.051874756813049316,0.02532975801399776,14.726070412500121
6370,red,constant,2,6,1.1100490093231201,1.1482185125350952,0.0381695032119751,0.02923235793908437,14.726070412500121
6370,red,constant,3,7,1.0538322925567627,1.1482185125350952,0.09438621997833252,0.028956666588783264,14.726070412500121
6370,red,powerlaw,1,7,1.2000932693481445,1.175654897118373,-0.024438372229771632,0.02532975801399776,14.726070412500121
6370,red,powerlaw,2,6,1.1100490093231201,1.1804465105154505,0.07039750119233035,0.02923235793908437,14.726070412500121
6370,red,powerlaw,3,7,1.0538322925567627,1.1852061275593306,0.13137383500256794,0.028956666588783264,14.726070412500121
974,blue,constant,1,7,-0.16018378734588623,0.19681869447231293,0.35700248181819916,0.16359201499394008,9.186667294776726
974,blue,constant,2,7,0.29856637120246887,0.19681869447231293,-0.10174767673015594,0.21586545876094274,9.186667294776726
974,blue,constant,3,7,-0.02131587266921997,0.19681869447231293,0.2181345671415329,0.3000805377960205,9.186667294776726
974,blue,powerlaw,1,7,-0.16018378734588623,0.035495488397606426,0.19567927574349264,0.16359201499394008,9.186667294776726
974,blue,powerlaw,2,7,0.29856637120246887,0.02686852677755446,-0.2716978444249144,0.21586545876094274,9.186667294776726
974,blue,powerlaw,3,7,-0.02131587266921997,0.020181441752506014,0.04149731442172598,0.3000805377960205,9.186667294776726
974,red,constant,1,7,1.1827847957611084,1.2539089918136597,0.07112419605255127,0.0568911007472447,9.18666729477809
974,red,constant,2,7,1.7406362295150757,1.2539089918136597,-0.486727237701416,0.060909654412950785,9.18666729477809
974,red,constant,3,7,1.2730634212493896,1.2539089918136597,-0.01915442943572998,0.0667111873626709,9.18666729477809
974,red,powerlaw,1,7,1.1827847957611084,1.2446324830664712,0.06184768730536283,0.0568911007472447,9.18666729477809
974,red,powerlaw,2,7,1.7406362295150757,1.2520718688667112,-0.4885643606483645,0.060909654412950785,9.18666729477809
974,red,powerlaw,3,7,1.2730634212493896,1.259476170868922,-0.013587250380467708,0.0667111873626709,9.18666729477809
2663,blue,constant,1,10,0.6755867004394531,0.7540993094444275,0.07851260900497437,0.1284956693649292,9.76993279367116
2663,blue,constant,2,9,0.5911408066749573,0.7540993094444275,0.16295850276947021,0.18508358796437582,9.76993279367116
2663,blue,constant,3,10,1.3574374914169312,0.7540993094444275,-0.6033381819725037,0.3261694431304932,9.76993279367116
2663,blue,powerlaw,1,10,0.6755867004394531,0.6441443125759465,-0.031442387863506616,0.1284956693649292,9.76993279367116
2663,blue,powerlaw,2,9,0.5911408066749573,0.5537363081438218,-0.03740449853113548,0.18508358796437582,9.76993279367116
2663,blue,powerlaw,3,10,1.3574374914169312,0.47421002277189606,-0.8832274686450351,0.3261694431304932,9.76993279367116
2663,red,constant,1,10,0.6456926465034485,0.6374388933181763,-0.008253753185272217,0.03789817988872528,9.769932793671614
2663,red,constant,2,9,0.5533534288406372,0.6374388933181763,0.08408546447753906,0.0424500736925337,9.769932793671614
2663,red,constant,3,10,0.6096135377883911,0.6374388933181763,0.027825355529785156,0.05114112496376037,9.769932793671614
2663,red,powerlaw,1,10,0.6456926465034485,0.6360277896914583,-0.009664856811990141,0.03789817988872528,9.769932793671614
2663,red,powerlaw,2,9,0.5533534288406372,0.6372145352854682,0.08386110644483102,0.0424500736925337,9.769932793671614
2663,red,powerlaw,3,10,0.6096135377883911,0.6383909030089868,0.028777365220595708,0.05114112496376037,9.769932793671614
542,blue,constant,1,8,0.8555075526237488,0.7836192846298218,-0.071888267993927,0.13492630422115326,12.758616761046596
542,blue,constant,2,8,0.9821070432662964,0.7836192846298218,-0.1984877586364746,0.2230190634727478,12.758616761046596
542,blue,constant,3,8,0.2582172751426697,0.7836192846298218,0.5254020094871521,0.3416755497455597,12.758616761046596
542,blue,powerlaw,1,8,0.8555075526237488,0.7713150730372473,-0.08419247958650145,0.13492630422115326,12.758616761046596
542,blue,powerlaw,2,8,0.9821070432662964,0.745072013857573,-0.23703502940872334,0.2230190634727478,12.758616761046596
542,blue,powerlaw,3,8,0.2582172751426697,0.7190215488268525,0.46080427368418286,0.3416755497455597,12.758616761046596
542,red,constant,1,8,0.8010967373847961,0.8422488570213318,0.041152119636535645,0.03442507982254028,12.758616761046142
542,red,constant,2,8,0.870021641254425,0.8422488570213318,-0.02777278423309326,0.038506679236888885,12.758616761046142
542,red,constant,3,8,0.815762996673584,0.8422488570213318,0.026485860347747803,0.04127079248428345,12.758616761046142
542,red,powerlaw,1,8,0.8010967373847961,0.8266756845363372,0.025578947151541076,0.03442507982254028,12.758616761046142
542,red,powerlaw,2,8,0.870021641254425,0.8215460582541614,-0.04847558300026367,0.038506679236888885,12.758616761046142
542,red,powerlaw,3,8,0.815762996673584,0.8165027280273542,0.0007397313537702566,0.04127079248428345,12.758616761046142
1627,blue,constant,1,6,0.026580968871712685,0.13750623166561127,0.11092526279389858,0.16760563850402832,6.524405613369254
1627,blue,constant,2,7,0.18891623616218567,0.13750623166561127,-0.0514100044965744,0.26726061957223074,6.524405613369254
1627,blue,constant,3,7,-0.28983888030052185,0.13750623166561127,0.4273451119661331,0.4270138740539551,6.524405613369254
1627,blue,powerlaw,1,6,0.026580968871712685,0.06661427245447689,0.040033303582764204,0.16760563850402832,6.524405613369254
1627,blue,powerlaw,2,7,0.18891623616218567,0.05593317338749273,-0.13298306277469293,0.26726061957223074,6.524405613369254
1627,blue,powerlaw,3,7,-0.28983888030052185,0.046077924255026805,0.3359168045555487,0.4270138740539551,6.524405613369254
1627,red,constant,1,6,1.1105232238769531,1.1901694536209106,0.07964622974395752,0.030136932929356892,6.524405613368799
1627,red,constant,2,7,1.1450785398483276,1.1901694536209106,0.04509091377258301,0.03180706713880811,6.524405613368799
1627,red,constant,3,7,1.1986684799194336,1.1901694536209106,-0.00849902629852295,0.037104981286185126,6.524405613368799
1627,red,powerlaw,1,6,1.1105232238769531,1.1505265337396369,0.040003309862683745,0.030136932929356892,6.524405613368799
1627,red,powerlaw,2,7,1.1450785398483276,1.1463870707093933,0.0013085308610656377,0.03180706713880811,6.524405613368799
1627,red,powerlaw,3,7,1.1986684799194336,1.141992200954961,-0.05667627896447258,0.037104981286185126,6.524405613368799
2769,blue,constant,1,7,0.11758320033550262,0.1534356325864792,0.03585243225097656,0.02555029945714133,4.284668314406645
2769,blue,constant,2,8,0.108241967856884,0.15343564748764038,0.04519367963075638,0.03301650285720825,4.284668314406645
2769,blue,constant,3,8,0.006168485153466463,0.15343564748764038,0.14726716233417392,0.06493745744228363,4.284668314406645
2769,blue,powerlaw,1,7,0.11758320033550262,0.14401847436090312,0.026435274025400496,0.02555029945714133,4.284668314406645
2769,blue,powerlaw,2,8,0.108241967856884,0.1318396564553796,0.023597688598495592,0.03301650285720825,4.284668314406645
2769,blue,powerlaw,3,8,0.006168485153466463,0.1196609207926835,0.11349243563921704,0.06493745744228363,4.284668314406645
2769,red,constant,1,7,0.9979481101036072,0.9816160798072815,-0.016332030296325684,0.00832589077098029,4.284668314407099
2769,red,constant,2,8,1.0655713081359863,0.9816160798072815,-0.08395522832870483,0.008548581041395664,4.284668314407099
2769,red,constant,3,8,1.078002691268921,0.9816160798072815,-0.0963866114616394,0.010862363502383232,4.284668314407099
2769,red,powerlaw,1,7,0.9979481101036072,1.0173693666018373,0.01942125649823012,0.00832589077098029,4.284668314407099
2769,red,powerlaw,2,8,1.0655713081359863,1.008784373556221,-0.05678693457976536,0.008548581041395664,4.284668314407099
2769,red,powerlaw,3,8,1.078002691268921,0.9998002131944053,-0.07820247807451564,0.010862363502383232,4.284668314407099
3859,blue,constant,1,9,0.7814046740531921,0.7423722743988037,-0.03903239965438843,0.2095095846388075,5.3036887628136355
3859,blue,constant,2,9,1.4050484895706177,0.7423722743988037,-0.662676215171814,0.28116575876871747,5.3036887628136355
3859,blue,constant,3,9,1.7773282527923584,0.7423722743988037,-1.0349559783935547,0.5527799924214681,5.3036887628136355
3859,blue,powerlaw,1,9,0.7814046740531921,0.6531849396318923,-0.12821973442129986,0.2095095846388075,5.3036887628136355
3859,blue,powerlaw,2,9,1.4050484895706177,0.5857182504298295,-0.8193302391407882,0.28116575876871747,5.3036887628136355
3859,blue,powerlaw,3,9,1.7773282527923584,0.5236444988878165,-1.253683753904542,0.5527799924214681,5.3036887628136355
3859,red,constant,1,9,0.5889728665351868,0.5326404571533203,-0.056332409381866455,0.034561494986216225,5.303688762815
3859,red,constant,2,9,0.5078706741333008,0.5326404571533203,0.02476978302001953,0.035441345638699,5.303688762815
3859,red,constant,3,9,0.5292422771453857,0.5326404571533203,0.0033981800079345703,0.0413340065214369,5.303688762815
3859,red,powerlaw,1,9,0.5889728665351868,0.5386871970524117,-0.05028566948277502,0.034561494986216225,5.303688762815
3859,red,powerlaw,2,9,0.5078706741333008,0.5141319917457718,0.006261317612471062,0.035441345638699,5.303688762815
3859,red,powerlaw,3,9,0.5292422771453857,0.49093562634991184,-0.03830665079547391,0.0413340065214369,5.303688762815
6577,blue,constant,1,7,0.2686014175415039,0.32356786727905273,0.05496644973754883,0.18681039128984725,1.1822399739680804
6577,blue,constant,2,8,-0.3852904438972473,0.32356786727905273,0.7088583111763,0.22608090937137604,1.1822399739680804
6577,blue,constant,3,8,-0.5935331583023071,0.32356786727905273,0.9171010255813599,0.38043782114982605,1.1822399739680804
6577,blue,powerlaw,1,7,0.2686014175415039,0.04407544114119812,-0.22452597640030578,0.18681039128984725,1.1822399739680804
6577,blue,powerlaw,2,8,-0.3852904438972473,0.029383612209312356,0.41467405610655966,0.22608090937137604,1.1822399739680804
6577,blue,powerlaw,3,8,-0.5935331583023071,0.01880746257358453,0.6123406208758917,0.38043782114982605,1.1822399739680804
6577,red,constant,1,7,0.792612612247467,0.7758843302726746,-0.01672828197479248,0.03172689463411059,1.1822399739685352
6577,red,constant,2,8,0.7433985471725464,0.7758843898773193,0.03248584270477295,0.03226854279637337,1.1822399739685352
6577,red,constant,3,8,0.6730817556381226,0.7758843898773193,0.10280263423919678,0.03653036803007126,1.1822399739685352
6577,red,powerlaw,1,7,0.792612612247467,0.779821339374138,-0.01279127287332904,0.03172689463411059,1.1822399739685352
6577,red,powerlaw,2,8,0.7433985471725464,0.7677632046043791,0.024364657431832693,0.03226854279637337,1.1822399739685352
6577,red,powerlaw,3,8,0.6730817556381226,0.7552340519011963,0.08215229626307374,0.03653036803007126,1.1822399739685352
6873,blue,constant,1,10,0.46392005681991577,0.4733640253543854,0.009443968534469604,0.007957615703344346,9.71383805420328
6873,blue,constant,2,10,0.4345807433128357,0.4733640253543854,0.03878328204154968,0.010449979454278946,9.71383805420328
6873,blue,constant,3,10,0.40765833854675293,0.4733640253543854,0.06570568680763245,0.020122888684272765,9.71383805420328
6873,blue,powerlaw,1,10,0.46392005681991577,0.42305121995768796,-0.04086883686222781,0.007957615703344346,9.71383805420328
6873,blue,powerlaw,2,10,0.4345807433128357,0.3665368152213493,-0.0680439280914864,0.010449979454278946,9.71383805420328
6873,blue,powerlaw,3,10,0.40765833854675293,0.31630485914226136,-0.09135347940449157,0.020122888684272765,9.71383805420328
6873,red,constant,1,10,0.8301288485527039,0.8622103929519653,0.032081544399261475,0.0030583210289478304,9.713838054203734
6873,red,constant,2,10,0.8264633417129517,0.8622103929519653,0.03574705123901367,0.0030989995226264,9.713838054203734
6873,red,constant,3,10,0.8320733308792114,0.8622103929519653,0.030137062072753906,0.003846578299999237,9.713838054203734
6873,red,powerlaw,1,10,0.8301288485527039,0.8636458741996428,0.033517025646938925,0.0030583210289478304,9.713838054203734
6873,red,powerlaw,2,10,0.8264633417129517,0.8588378499805028,0.03237450826755117,0.0030989995226264,9.713838054203734
6873,red,powerlaw,3,10,0.8320733308792114,0.8541071845701269,0.022033853690915484,0.003846578299999237,9.713838054203734
8092,blue,constant,1,6,0.13141773641109467,0.097252756357193,-0.03416498005390167,0.08677304784456889,6.317589504641546
8092,blue,constant,2,7,0.05005741864442825,0.09725276380777359,0.04719534516334534,0.10825921807970319,6.317589504641546
8092,blue,constant,3,7,-0.059338025748729706,0.09725276380777359,0.1565907895565033,0.19077789783477783,6.317589504641546
8092,blue,powerlaw,1,6,0.13141773641109467,0.029255798815185575,-0.1021619375959091,0.08677304784456889,6.317589504641546
8092,blue,powerlaw,2,7,0.05005741864442825,0.023009193251710865,-0.02704822539271739,0.10825921807970319,6.317589504641546
8092,blue,powerlaw,3,7,-0.059338025748729706,0.01762458127855521,0.07696260702728491,0.19077789783477783,6.317589504641546
8092,red,constant,1,6,1.1934148073196411,1.2081037759780884,0.014688968658447266,0.021669507026672363,6.317589504642456
8092,red,constant,2,7,1.2145681381225586,1.2081037759780884,-0.006464362144470215,0.021810318742479597,6.317589504642456
8092,red,constant,3,7,1.2326500415802002,1.2081037759780884,-0.024546265602111816,0.02485846621649606,6.317589504642456
8092,red,powerlaw,1,6,1.1934148073196411,1.2186555770066374,0.02524076968699629,0.021669507026672363,6.317589504642456
8092,red,powerlaw,2,7,1.2145681381225586,1.2189915151580695,0.004423377035510878,0.021810318742479597,6.317589504642456
8092,red,powerlaw,3,7,1.2326500415802002,1.2193495950024358,-0.013300446577764413,0.02485846621649606,6.317589504642456
5325,blue,constant,1,9,1.5702850818634033,1.09286630153656,-0.47741878032684326,0.7172399626837836,3.6018703215681853
5325,blue,constant,2,9,1.6364778280258179,1.09286630153656,-0.5436115264892578,0.9814947976006402,3.6018703215681853
5325,blue,constant,3,9,4.227533340454102,1.09286630153656,-3.1346670389175415,1.8706559075249567,3.6018703215681853
5325,blue,powerlaw,1,9,1.5702850818634033,1.0956989628758573,-0.474586118987546,0.7172399626837836,3.6018703215681853
5325,blue,powerlaw,2,9,1.6364778280258179,1.061107576887135,-0.5753702511386829,0.9814947976006402,3.6018703215681853
5325,blue,powerlaw,3,9,4.227533340454102,1.026708146182776,-3.2008251942713253,1.8706559075249567,3.6018703215681853
5325,red,constant,1,9,0.5931704640388489,0.591029703617096,-0.0021407604217529297,0.17225249608357748,3.60187032156864
5325,red,constant,2,9,0.2850165367126465,0.591029703617096,0.30601316690444946,0.18376272254519993,3.60187032156864
5325,red,constant,3,9,-0.2078796774148941,0.591029703617096,0.79890938103199,0.2116714186138577,3.60187032156864
5325,red,powerlaw,1,9,0.5931704640388489,0.7879606481161485,0.19479018407729964,0.17225249608357748,3.60187032156864
5325,red,powerlaw,2,9,0.2850165367126465,0.8491519607020311,0.5641354239893847,0.18376272254519993,3.60187032156864
5325,red,powerlaw,3,9,-0.2078796774148941,0.9143839184210242,1.1222635958359182,0.2116714186138577,3.60187032156864
6489,blue,constant,1,8,0.05650410056114197,0.1346087008714676,0.07810460031032562,0.03202899545431137,11.69267640620592
6489,blue,constant,2,7,0.030710741877555847,0.1346087008714676,0.10389795899391174,0.04569158809525626,11.69267640620592
6489,blue,constant,3,8,0.18784567713737488,0.1346087008714676,-0.05323697626590729,0.07002906501293182,11.69267640620592
6489,blue,powerlaw,1,8,0.05650410056114197,0.12825018479987438,0.07174608423873241,0.03202899545431137,11.69267640620592
6489,blue,powerlaw,2,7,0.030710741877555847,0.11419321878374941,0.08348247690619356,0.04569158809525626,11.69267640620592
6489,blue,powerlaw,3,8,0.18784567713737488,0.10137790205679452,-0.08646777508058036,0.07002906501293182,11.69267640620592
6489,red,constant,1,8,1.059800386428833,1.0767309665679932,0.016930580139160156,0.010649858973920345,11.692676406206374
6489,red,constant,2,7,0.9998264908790588,1.0767308473587036,0.07690435647964478,0.011608250439167023,11.692676406206374
6489,red,constant,3,8,1.0271146297454834,1.0767309665679932,0.049616336822509766,0.013386834412813187,11.692676406206374
6489,red,powerlaw,1,8,1.059800386428833,1.0670175806412037,0.007217194212370659,0.010649858973920345,11.692676406206374
6489,red,powerlaw,2,7,0.9998264908790588,1.0652973646002695,0.06547087372121063,0.011608250439167023,11.692676406206374
6489,red,powerlaw,3,8,1.0271146297454834,1.0635983112727923,0.03648368152730885,0.013386834412813187,11.692676406206374
506,blue,constant,1,6,0.09244027733802795,0.06829268485307693,-0.02414759248495102,0.06277244289716084,5.1933194112225465
506,blue,constant,2,7,-0.06726588308811188,0.06829268485307693,0.1355585679411888,0.08329617125647408,5.1933194112225465
506,blue,constant,3,7,0.07588129490613937,0.06829268485307693,-0.007588610053062439,0.1661529541015625,5.1933194112225465
506,blue,powerlaw,1,6,0.09244027733802795,0.04350799747283476,-0.0489322798651932,0.06277244289716084,5.1933194112225465
506,blue,powerlaw,2,7,-0.06726588308811188,0.03540488040482951,0.10267076349294138,0.08329617125647408,5.1933194112225465
506,blue,powerlaw,3,7,0.07588129490613937,0.02816867569653503,-0.047712619209604346,0.1661529541015625,5.1933194112225465
506,red,constant,1,6,1.1656781435012817,1.1944130659103394,0.028734922409057617,0.019483668108781178,5.1933194112225465
506,red,constant,2,7,1.1778242588043213,1.1944130659103394,0.016588807106018066,0.019413279635565623,5.1933194112225465
506,red,constant,3,7,1.1559079885482788,1.1944130659103394,0.03850507736206055,0.022939581956182207,5.1933194112225465
506,red,powerlaw,1,6,1.1656781435012817,1.218754593438253,0.05307644993697136,0.019483668108781178,5.1933194112225465
506,red,powerlaw,2,7,1.1778242588043213,1.2164650482720938,0.038640789467772496,0.019413279635565623,5.1933194112225465
506,red,powerlaw,3,7,1.1559079885482788,1.214029837840885,0.05812184929260611,0.022939581956182207,5.1933194112225465
611,blue,constant,1,8,0.4640446901321411,0.4392634332180023,-0.024781256914138794,0.14262057840824127,10.117946504955853
611,blue,constant,2,8,0.5857937932014465,0.4392634332180023,-0.1465303599834442,0.1940823793411255,10.117946504955853
611,blue,constant,3,8,0.20403558015823364,0.4392634332180023,0.23522785305976868,0.3496011793613434,10.117946504955853
611,blue,powerlaw,1,8,0.4640446901321411,0.4594964132259569,-0.004548276906184201,0.14262057840824127,10.117946504955853
611,blue,powerlaw,2,8,0.5857937932014465,0.44564945597410477,-0.14014433722734176,0.1940823793411255,10.117946504955853
611,blue,powerlaw,3,8,0.20403558015823364,0.4318506022777845,0.22781502211955085,0.3496011793613434,10.117946504955853
611,red,constant,1,8,1.0605757236480713,1.0496888160705566,-0.010886907577514648,0.043632954359054565,10.117946504955398
611,red,constant,2,8,1.1783660650253296,1.0496888160705566,-0.12867724895477295,0.046887315809726715,10.117946504955398
611,red,constant,3,8,1.0351892709732056,1.0496888160705566,0.014499545097351074,0.05119682848453522,10.117946504955398
611,red,powerlaw,1,8,1.0605757236480713,1.0764324331354072,0.015856709487335863,0.043632954359054565,10.117946504955398
611,red,powerlaw,2,8,1.1783660650253296,1.0707949952312905,-0.10757106979403908,0.046887315809726715,10.117946504955398
611,red,powerlaw,3,8,1.0351892709732056,1.065246548497444,0.03005727752423848,0.05119682848453522,10.117946504955398
3752,blue,constant,1,8,1.0054593086242676,0.6530126929283142,-0.35244661569595337,0.1981421411037445,4.86164495924686
3752,blue,constant,2,8,1.6452620029449463,0.6530126929283142,-0.9922493100166321,0.27218592166900635,4.86164495924686
3752,blue,constant,3,9,1.325448751449585,0.6530126929283142,-0.6724360585212708,0.4761117829216851,4.86164495924686
3752,blue,powerlaw,1,8,1.0054593086242676,0.7453140060504881,-0.26014530257377944,0.1981421411037445,4.86164495924686
3752,blue,powerlaw,2,8,1.6452620029449463,0.733910155574696,-0.9113518473702503,0.27218592166900635,4.86164495924686
3752,blue,powerlaw,3,9,1.325448751449585,0.7216614618090437,-0.6037872896405413,0.4761117829216851,4.86164495924686
3752,red,constant,1,8,0.6447704434394836,0.6758792996406555,0.031108856201171875,0.04555586725473404,4.861644959248224
3752,red,constant,2,8,0.6332601308822632,0.6758792996406555,0.042619168758392334,0.0620216429233551,4.861644959248224
3752,red,constant,3,9,0.6439855098724365,0.6758792996406555,0.031893789768218994,0.05723749266730414,4.861644959248224
3752,red,powerlaw,1,8,0.6447704434394836,0.696326910032923,0.051556466593439376,0.04555586725473404,4.861644959248224
3752,red,powerlaw,2,8,0.6332601308822632,0.6912569833072726,0.057996852425009404,0.0620216429233551,4.861644959248224
3752,red,powerlaw,3,9,0.6439855098724365,0.6859666388338727,0.04198112896143613,0.05723749266730414,4.861644959248224
9025,blue,constant,1,9,1.6452935934066772,1.742246150970459,0.09695255756378174,0.6286153793334961,3.5388318865739166
9025,blue,constant,2,9,-0.7230239510536194,1.742246150970459,2.4652701020240784,0.8801641464233398,3.5388318865739166
9025,blue,constant,3,9,1.8079571723937988,1.742246150970459,-0.06571102142333984,1.5205087661743164,3.5388318865739166
9025,blue,powerlaw,1,9,1.6452935934066772,1.5486310767134759,-0.09666251669320136,0.6286153793334961,3.5388318865739166
9025,blue,powerlaw,2,9,-0.7230239510536194,1.4783472727791152,2.2013712238327345,0.8801641464233398,3.5388318865739166
9025,blue,powerlaw,3,9,1.8079571723937988,1.409463956448122,-0.3984932159456769,1.5205087661743164,3.5388318865739166
9025,red,constant,1,9,-0.22038887441158295,-0.13292425870895386,0.08746461570262909,0.14490041467878553,3.538831886575281
9025,red,constant,2,9,-0.3256519138813019,-0.13292425870895386,0.19272765517234802,0.16303373707665336,3.538831886575281
9025,red,constant,3,9,-0.759585976600647,-0.13292425870895386,0.6266617178916931,0.18694534566667345,3.538831886575281
9025,red,powerlaw,1,9,-0.22038887441158295,0.19752551110936803,0.41791438552095095,0.14490041467878553,3.538831886575281
9025,red,powerlaw,2,9,-0.3256519138813019,0.17049978832948728,0.4961517022107892,0.16303373707665336,3.538831886575281
9025,red,powerlaw,3,9,-0.759585976600647,0.14739717129234253,0.9069831478929895,0.18694534566667345,3.538831886575281
806,blue,constant,1,9,1.338909387588501,1.5240494012832642,0.18514001369476318,0.6342400974697537,2.2262628723760827
806,blue,constant,2,9,1.584162712097168,1.5240494012832642,-0.06011331081390381,0.8545080290900336,2.2262628723760827
806,blue,constant,3,9,-2.7800912857055664,1.5240494012832642,4.304140686988831,1.405710220336914,2.2262628723760827
806,blue,powerlaw,1,9,1.338909387588501,0.9745332895240131,-0.3643760980644879,0.6342400974697537,2.2262628723760827
806,blue,powerlaw,2,9,1.584162712097168,0.9536955571285719,-0.6304671549685961,0.8545080290900336,2.2262628723760827
806,blue,powerlaw,3,9,-2.7800912857055664,0.9327541359853271,3.7128454216908935,1.405710220336914,2.2262628723760827
806,red,constant,1,9,0.6158166527748108,0.44574010372161865,-0.17007654905319214,0.18931306733025444,2.2262628723747184
806,red,constant,2,9,0.28281787037849426,0.44574010372161865,0.1629222333431244,0.1775745948155721,2.2262628723747184
806,red,constant,3,9,0.20445077121257782,0.44574010372161865,0.24128933250904083,0.22170257568359375,2.2262628723747184
806,red,powerlaw,1,9,0.6158166527748108,0.7947026064609763,0.17888595368616556,0.18931306733025444,2.2262628723747184
806,red,powerlaw,2,9,0.28281787037849426,0.9085365436841837,0.6257186733056894,0.1775745948155721,2.2262628723747184
806,red,powerlaw,3,9,0.20445077121257782,1.0372382111339122,0.8327874399213344,0.22170257568359375,2.2262628723747184
3272,blue,constant,1,9,1.4114441871643066,1.2169071435928345,-0.19453704357147217,0.1821927229563395,3.5865679487260422
3272,blue,constant,2,9,1.6342748403549194,1.2169071435928345,-0.41736769676208496,0.2990758154127333,3.5865679487260422
3272,blue,constant,3,9,2.1530399322509766,1.2169071435928345,-0.9361327886581421,0.5207077132331001,3.5865679487260422
3272,blue,powerlaw,1,9,1.4114441871643066,1.182391228908601,-0.2290529582557057,0.1821927229563395,3.5865679487260422
3272,blue,powerlaw,2,9,1.6342748403549194,1.1588234187443713,-0.4754514216105481,0.2990758154127333,3.5865679487260422
3272,blue,powerlaw,3,9,2.1530399322509766,1.135098972537044,-1.0179409597139326,0.5207077132331001,3.5865679487260422
3272,red,constant,1,9,0.45998477935791016,0.5691893100738525,0.10920453071594238,0.037589169210857816,3.5865679487251327
3272,red,constant,2,9,0.5098072290420532,0.5691893100738525,0.059382081031799316,0.04354132546318902,3.5865679487251327
3272,red,constant,3,9,0.5505033135414124,0.5691893100738525,0.018685996532440186,0.05279916856024,3.5865679487251327
3272,red,powerlaw,1,9,0.45998477935791016,0.5395200716695929,0.07953529231168277,0.037589169210857816,3.5865679487251327
3272,red,powerlaw,2,9,0.5098072290420532,0.5301233553338561,0.020316126291802905,0.04354132546318902,3.5865679487251327
3272,red,powerlaw,3,9,0.5505033135414124,0.520985484729918,-0.02951782881149434,0.05279916856024,3.5865679487251327
6536,blue,constant,1,6,0.532240629196167,0.5738651752471924,0.04162454605102539,0.07380126416683197,2.1242398010758734
6536,blue,constant,2,7,0.6995095014572144,0.5738652348518372,-0.1256442666053772,0.08977793795721871,2.1242398010758734
6536,blue,constant,3,7,1.0054222345352173,0.5738652348518372,-0.4315569996833801,0.1389421054295131,2.1242398010758734
6536,blue,powerlaw,1,6,0.532240629196167,0.6281644545308683,0.09592382533470134,0.07380126416683197,2.1242398010758734
6536,blue,powerlaw,2,7,0.6995095014572144,0.6691189756609884,-0.03039052579622592,0.08977793795721871,2.1242398010758734
6536,blue,powerlaw,3,7,1.0054222345352173,0.7175011826733614,-0.2879210518618559,0.1389421054295131,2.1242398010758734
6536,red,constant,1,6,1.2744715213775635,1.2275408506393433,-0.046930670738220215,0.01356065645813942,2.124239801076328
6536,red,constant,2,7,1.2813568115234375,1.2275408506393433,-0.05381596088409424,0.0130803467971938,2.124239801076328
6536,red,constant,3,7,1.3186861276626587,1.2275408506393433,-0.09114527702331543,0.014768077858856745,2.124239801076328
6536,red,powerlaw,1,6,1.2744715213775635,1.256153476474889,-0.018318044902674524,0.01356065645813942,2.124239801076328
6536,red,powerlaw,2,7,1.2813568115234375,1.2603305984195925,-0.021026213103845004,0.0130803467971938,2.124239801076328
6536,red,powerlaw,3,7,1.3186861276626587,1.2647975435725838,-0.05388858409007491,0.014768077858856745,2.124239801076328
1644,blue,constant,1,7,0.6264224648475647,1.3222981691360474,0.6958757042884827,0.7430336815970284,5.789215565725044
1644,blue,constant,2,8,2.9309535026550293,1.3222981691360474,-1.608655333518982,1.1611173152923584,5.789215565725044
1644,blue,constant,3,8,2.19840407371521,1.3222981691360474,-0.8761059045791626,1.9662033319473267,5.789215565725044
1644,blue,powerlaw,1,7,0.6264224648475647,1.2122407465513585,0.5858182817037938,0.7430336815970284,5.789215565725044
1644,blue,powerlaw,2,8,2.9309535026550293,1.254781146149599,-1.6761723565054303,1.1611173152923584,5.789215565725044
1644,blue,powerlaw,3,8,2.19840407371521,1.3031063799909388,-0.8952976937242711,1.9662033319473267,5.789215565725044
1644,red,constant,1,7,0.8625015616416931,0.5368182063102722,-0.3256833553314209,0.14254250696727208,5.789215565724589
1644,red,constant,2,8,0.4391530454158783,0.5368182063102722,0.09766516089439392,0.15336671471595764,5.789215565724589
1644,red,constant,3,8,0.7345219254493713,0.5368182063102722,-0.19770371913909912,0.17603416740894318,5.789215565724589
1644,red,powerlaw,1,7,0.8625015616416931,0.534411970724841,-0.3280895909168521,0.14254250696727208,5.789215565724589
1644,red,powerlaw,2,8,0.4391530454158783,0.5087808169505332,0.06962777153465494,0.15336671471595764,5.789215565724589
1644,red,powerlaw,3,8,0.7345219254493713,0.48304591017136034,-0.251476015278011,0.17603416740894318,5.789215565724589
899,blue,constant,1,7,-0.08484399318695068,0.06648235768079758,0.15132635086774826,0.07625743321010045,12.254618864752501
899,blue,constant,2,6,-0.05672255530953407,0.06648235768079758,0.12320491299033165,0.10314159591992696,12.254618864752501
899,blue,constant,3,7,0.338935911655426,0.06648235768079758,-0.27245355397462845,0.13824463742119925,12.254618864752501
899,blue,powerlaw,1,7,-0.08484399318695068,0.09473033120443797,0.17957432439138865,0.07625743321010045,12.254618864752501
899,blue,powerlaw,2,6,-0.05672255530953407,0.08979562142534925,0.14651817673488332,0.10314159591992696,12.254618864752501
899,blue,powerlaw,3,7,0.338935911655426,0.08499656157396386,-0.2539393500814622,0.13824463742119925,12.254618864752501
899,red,constant,1,7,1.1865707635879517,1.185893177986145,-0.0006775856018066406,0.02586397741522108,12.254618864752047
899,red,constant,2,6,1.1571589708328247,1.185893177986145,0.028734207153320312,0.02887989083925883,12.254618864752047
899,red,constant,3,7,1.0639760494232178,1.185893177986145,0.12191712856292725,0.02975222042628697,12.254618864752047
899,red,powerlaw,1,7,1.1865707635879517,1.1976465613101877,0.011075797722235992,0.02586397741522108,12.254618864752047
899,red,powerlaw,2,6,1.1571589708328247,1.201463562718951,0.04430459188612623,0.02887989083925883,12.254618864752047
899,red,powerlaw,3,7,1.0639760494232178,1.2052519847958507,0.14127593537263294,0.02975222042628697,12.254618864752047
2064,blue,constant,1,9,0.4195229411125183,2.1469614505767822,1.727438509464264,0.57197019788954,0.26384369285233333
2064,blue,constant,2,9,1.5259020328521729,2.1469614505767822,0.6210594177246094,0.7489679654439291,0.26384369285233333
2064,blue,constant,3,10,2.7047648429870605,2.1469614505767822,-0.5578033924102783,1.1500517845153808,0.26384369285233333
2064,blue,powerlaw,1,9,0.4195229411125183,1.6818088754552136,1.2622859343426953,0.57197019788954,0.26384369285233333
2064,blue,powerlaw,2,9,1.5259020328521729,1.848629598945156,0.32272756609298314,0.7489679654439291,0.26384369285233333
2064,blue,powerlaw,3,10,2.7047648429870605,2.048423710480342,-0.6563411325067183,1.1500517845153808,0.26384369285233333
2064,red,constant,1,9,0.5724970698356628,0.30466780066490173,-0.2678292691707611,0.17674322923024496,0.2638436928518786
2064,red,constant,2,9,0.28144946694374084,0.30466780066490173,0.02321833372116089,0.20767223834991455,0.2638436928518786
2064,red,constant,3,10,0.37228652834892273,0.30466777086257935,-0.06761875748634338,0.23440883159637452,0.2638436928518786
2064,red,powerlaw,1,9,0.5724970698356628,0.42432731137763935,-0.1481697584580235,0.17674322923024496,0.2638436928518786
2064,red,powerlaw,2,9,0.28144946694374084,0.4188246136679585,0.13737514672421763,0.20767223834991455,0.2638436928518786
2064,red,powerlaw,3,10,0.37228652834892273,0.41315285092309895,0.04086632257417622,0.23440883159637452,0.2638436928518786
2963,blue,constant,1,9,1.3480584621429443,0.8337568640708923,-0.514301598072052,0.2830734782748752,5.914595046728209
2963,blue,constant,2,9,0.7365133762359619,0.8337568640708923,0.09724348783493042,0.36460942692226833,5.914595046728209
2963,blue,constant,3,10,1.7353919744491577,0.8337568044662476,-0.9016351699829102,0.5217753410339355,5.914595046728209
2963,blue,powerlaw,1,9,1.3480584621429443,0.6983664261467237,-0.6496920359962206,0.2830734782748752,5.914595046728209
2963,blue,powerlaw,2,9,0.7365133762359619,0.6059471367782954,-0.13056623945766654,0.36460942692226833,5.914595046728209
2963,blue,powerlaw,3,10,1.7353919744491577,0.5195927642223712,-1.2157992102267865,0.5217753410339355,5.914595046728209
2963,red,constant,1,9,0.48406803607940674,0.3900376260280609,-0.09403041005134583,0.06627408001157972,5.914595046728209
2963,red,constant,2,9,0.5368745923042297,0.3900376260280609,-0.14683696627616882,0.07469498448901707,5.914595046728209
2963,red,constant,3,10,0.5836295485496521,0.3900375962257385,-0.19359195232391357,0.07983876466751098,5.914595046728209
2963,red,powerlaw,1,9,0.48406803607940674,0.38613969568639184,-0.0979283403930149,0.06627408001157972,5.914595046728209
2963,red,powerlaw,2,9,0.5368745923042297,0.3534335590614596,-0.1834410332427701,0.07469498448901707,5.914595046728209
2963,red,powerlaw,3,10,0.5836295485496521,0.3222504311613051,-0.261379117388347,0.07983876466751098,5.914595046728209
2615,blue,constant,1,8,1.6077638864517212,1.2563339471817017,-0.35142993927001953,0.1605857014656067,12.877691329339086
2615,blue,constant,2,8,1.35373854637146,1.2563339471817017,-0.0974045991897583,0.22089387476444244,12.877691329339086
2615,blue,constant,3,8,1.2126820087432861,1.2563339471817017,0.04365193843841553,0.44724979996681213,12.877691329339086
2615,blue,powerlaw,1,8,1.6077638864517212,1.4704443076478773,-0.13731957880384393,0.1605857014656067,12.877691329339086
2615,blue,powerlaw,2,8,1.35373854637146,1.5901651850244318,0.23642663865297187,0.22089387476444244,12.877691329339086
2615,blue,powerlaw,3,8,1.2126820087432861,1.7234383785507277,0.5107563698074415,0.44724979996681213,12.877691329339086
2615,red,constant,1,8,0.5930799841880798,0.6843366026878357,0.09125661849975586,0.035149797797203064,12.877691329338631
2615,red,constant,2,8,0.6616557836532593,0.6843366026878357,0.022680819034576416,0.040383510291576385,12.877691329338631
2615,red,constant,3,8,0.5845019817352295,0.6843366026878357,0.0998346209526062,0.05428136885166168,12.877691329338631
2615,red,powerlaw,1,8,0.5930799841880798,0.7095167544206538,0.11643677023257393,0.035149797797203064,12.877691329338631
2615,red,powerlaw,2,8,0.6616557836532593,0.7037122635257365,0.04205647987247718,0.040383510291576385,12.877691329338631
2615,red,powerlaw,3,8,0.5845019817352295,0.6980167074789669,0.11351472574373744,0.05428136885166168,12.877691329338631
12709,blue,constant,1,7,-0.006070666015148163,-0.008826660923659801,-0.0027559949085116386,0.07198424850191389,15.233213366367181
12709,blue,constant,2,6,0.06184415891766548,-0.008826660923659801,-0.07067081984132528,0.1036382516225179,15.233213366367181
12709,blue,constant,3,7,-0.33425721526145935,-0.008826660923659801,0.32543055433779955,0.1517564058303833,15.233213366367181
12709,blue,powerlaw,1,7,-0.006070666015148163,0.007947879925215113,0.014018545940363275,0.07198424850191389,15.233213366367181
12709,blue,powerlaw,2,6,0.06184415891766548,0.005019110436734635,-0.05682504848093085,0.1036382516225179,15.233213366367181
12709,blue,powerlaw,3,7,-0.33425721526145935,0.003146107681433307,0.33740332294289266,0.1517564058303833,15.233213366367181
12709,red,constant,1,7,1.1970454454421997,1.1753252744674683,-0.021720170974731445,0.02105724172932761,15.233213366365817
12709,red,constant,2,6,1.2294975519180298,1.1753252744674683,-0.05417227745056152,0.024407560626665752,15.233213366365817
12709,red,constant,3,7,1.1230748891830444,1.1753252744674683,0.05225038528442383,0.024588084646633694,15.233213366365817
12709,red,powerlaw,1,7,1.1970454454421997,1.1920429353172224,-0.005002510124977322,0.02105724172932761,15.233213366365817
12709,red,powerlaw,2,6,1.2294975519180298,1.198419928654196,-0.031077623263833676,0.024407560626665752,15.233213366365817
12709,red,powerlaw,3,7,1.1230748891830444,1.2047624263289385,0.08168753714589405,0.024588084646633694,15.233213366365817
12927,blue,constant,1,7,0.4243016541004181,0.38622379302978516,-0.038077861070632935,0.09607306548527308,12.479371370382069
12927,blue,constant,2,6,0.22272463142871857,0.38622379302978516,0.1634991616010666,0.1357288360595703,12.479371370382069
12927,blue,constant,3,7,0.1581544578075409,0.38622379302978516,0.22806933522224426,0.22371644633156912,12.479371370382069
12927,blue,powerlaw,1,7,0.4243016541004181,0.41771415703235304,-0.006587497068065051,0.09607306548527308,12.479371370382069
12927,blue,powerlaw,2,6,0.22272463142871857,0.42217481003652785,0.19945017860780928,0.1357288360595703,12.479371370382069
12927,blue,powerlaw,3,7,0.1581544578075409,0.4268118429472816,0.2686573851397407,0.22371644633156912,12.479371370382069
12927,red,constant,1,7,0.9798360466957092,1.039643406867981,0.05980736017227173,0.0298007960830416,12.479371370382069
12927,red,constant,2,6,0.9777582287788391,1.039643406867981,0.061885178089141846,0.03531108796596527,12.479371370382069
12927,red,constant,3,7,0.9348717331886292,1.039643406867981,0.1047716736793518,0.03938711541039603,12.479371370382069
12927,red,powerlaw,1,7,0.9798360466957092,1.0633791993555826,0.08354315265987333,0.0298007960830416,12.479371370382069
12927,red,powerlaw,2,6,0.9777582287788391,1.0679638333784585,0.09020560459961935,0.03531108796596527,12.479371370382069
12927,red,powerlaw,3,7,0.9348717331886292,1.0725193435446845,0.13764761035605533,0.03938711541039603,12.479371370382069
6614,blue,constant,1,7,0.06584989279508591,0.05468606948852539,-0.011163823306560516,0.07264336517878942,13.511273296195213
6614,blue,constant,2,6,0.2151668518781662,0.05468606948852539,-0.1604807823896408,0.10078153014183044,13.511273296195213
6614,blue,constant,3,7,-0.2995770275592804,0.05468606948852539,0.3542630970478058,0.14861937931605748,13.511273296195213
6614,blue,powerlaw,1,7,0.06584989279508591,0.06706064449854934,0.0012107517034634363,0.07264336517878942,13.511273296195213
6614,blue,powerlaw,2,6,0.2151668518781662,0.056924917295730466,-0.15824193458243574,0.10078153014183044,13.511273296195213
6614,blue,powerlaw,3,7,-0.2995770275592804,0.04813264707999395,0.3477096746392743,0.14861937931605748,13.511273296195213
6614,red,constant,1,7,1.196664571762085,1.202086329460144,0.005421757698059082,0.013549518372331346,13.511273296195213
6614,red,constant,2,6,1.1583127975463867,1.202086329460144,0.043773531913757324,0.01534062996506691,13.511273296195213
6614,red,constant,3,7,1.1230852603912354,1.202086329460144,0.07900106906890869,0.01792470259325845,13.511273296195213
6614,red,powerlaw,1,7,1.196664571762085,1.2165355846541068,0.019871012892021866,0.013549518372331346,13.511273296195213
6614,red,powerlaw,2,6,1.1583127975463867,1.2241940425661832,0.06588124501979653,0.01534062996506691,13.511273296195213
6614,red,powerlaw,3,7,1.1230852603912354,1.2318189214166326,0.10873366102539728,0.01792470259325845,13.511273296195213
6250,blue,constant,1,7,0.4584294855594635,0.2573736906051636,-0.20105579495429993,0.08978325980050224,10.547231661303613
6250,blue,constant,2,7,0.2692355513572693,0.2573736906051636,-0.011861860752105713,0.12080781800406319,10.547231661303613
6250,blue,constant,3,8,0.05788655951619148,0.2573736906051636,0.1994871310889721,0.2049974501132965,10.547231661303613
6250,blue,powerlaw,1,7,0.4584294855594635,0.3677087318345293,-0.09072075372493421,0.08978325980050224,10.547231661303613
6250,blue,powerlaw,2,7,0.2692355513572693,0.3618042178095903,0.09256866645232104,0.12080781800406319,10.547231661303613
6250,blue,powerlaw,3,8,0.05788655951619148,0.3554118048519782,0.2975252453357867,0.2049974501132965,10.547231661303613
6250,red,constant,1,7,1.0166035890579224,1.0084829330444336,-0.00812065601348877,0.015347803277628762,10.547231661304977
6250,red,constant,2,7,0.9641141891479492,1.0084829330444336,0.044368743896484375,0.015498242207935877,10.547231661304977
6250,red,constant,3,8,0.9669462442398071,1.0084829330444336,0.041536688804626465,0.016734689474105835,10.547231661304977
6250,red,powerlaw,1,7,1.0166035890579224,1.0253689950063907,0.008765405948468308,0.015347803277628762,10.547231661304977
6250,red,powerlaw,2,7,0.9641141891479492,1.0292570628077196,0.06514287365977034,0.015498242207935877,10.547231661304977
6250,red,powerlaw,3,8,0.9669462442398071,1.0333947911387296,0.06644854689892243,0.016734689474105835,10.547231661304977
10350,blue,constant,1,7,0.5990346074104309,-0.049214404076337814,-0.6482490114867687,0.30617925098964144,6.265638376554307
10350,blue,constant,2,8,-0.18027186393737793,-0.04921440780162811,0.13105745613574982,0.37289467453956604,6.265638376554307
10350,blue,constant,3,8,-0.1912526786327362,-0.04921440780162811,0.1420382708311081,0.5728055238723755,6.265638376554307
10350,blue,powerlaw,1,7,0.5990346074104309,0.12949178990487425,-0.46954281750555665,0.30617925098964144,6.265638376554307
10350,blue,powerlaw,2,8,-0.18027186393737793,0.10479551502725323,0.2850673789646312,0.37289467453956604,6.265638376554307
10350,blue,powerlaw,3,8,-0.1912526786327362,0.0830590676270658,0.27431174625980204,0.5728055238723755,6.265638376554307
10350,red,constant,1,7,0.6989372968673706,0.856965184211731,0.15802788734436035,0.09403790746416364,6.265638376555216
10350,red,constant,2,8,0.9017333984375,0.8569653034210205,-0.04476809501647949,0.09690532833337784,6.265638376555216
10350,red,constant,3,8,0.9417155981063843,0.8569653034210205,-0.08475029468536377,0.1092924103140831,6.265638376555216
10350,red,powerlaw,1,7,0.6989372968673706,0.8716014096092473,0.17266411274187665,0.09403790746416364,6.265638376555216
10350,red,powerlaw,2,8,0.9017333984375,0.8604394344372048,-0.04129396400029517,0.09690532833337784,6.265638376555216
10350,red,powerlaw,3,8,0.9417155981063843,0.8488116116826407,-0.09290398642374353,0.1092924103140831,6.265638376555216
1090,blue,constant,1,9,1.2225842475891113,1.348761796951294,0.12617754936218262,0.817528936598036,3.6780946391590987
1090,blue,constant,2,10,2.0224337577819824,1.348761796951294,-0.6736719608306885,0.9899338722229004,3.6780946391590987
1090,blue,constant,3,10,4.485445499420166,1.348761796951294,-3.136683702468872,1.454072856903076,3.6780946391590987
1090,blue,powerlaw,1,9,1.2225842475891113,1.4483830505244395,0.22579880293532817,0.817528936598036,3.6780946391590987
1090,blue,powerlaw,2,10,2.0224337577819824,1.342977825084251,-0.6794559326977314,0.9899338722229004,3.6780946391590987
1090,blue,powerlaw,3,10,4.485445499420166,1.2375402905200406,-3.2479052089001255,1.454072856903076,3.6780946391590987
1090,red,constant,1,9,0.20044027268886566,-0.0027513315435498953,-0.20319160423241556,0.16624944739871556,3.6780946391590987
1090,red,constant,2,10,0.20611941814422607,-0.0027513315435498953,-0.20887074968777597,0.18403325080871583,3.6780946391590987
1090,red,constant,3,10,-0.20362916588783264,-0.0027513315435498953,0.20087783434428275,0.22467193603515626,3.6780946391590987
1090,red,powerlaw,1,9,0.20044027268886566,0.0683682507516565,-0.13207202193720916,0.16624944739871556,3.6780946391590987
1090,red,powerlaw,2,10,0.20611941814422607,0.046430259508015756,-0.1596891586362103,0.18403325080871583,3.6780946391590987
1090,red,powerlaw,3,10,-0.20362916588783264,0.03098437868621719,0.23461354457404984,0.22467193603515626,3.6780946391590987
1262,blue,constant,1,7,1.5536187887191772,1.1709719896316528,-0.3826467990875244,0.1257801822253636,6.450640456900601
1262,blue,constant,2,8,1.4127087593078613,1.1709719896316528,-0.2417367696762085,0.14885592460632324,6.450640456900601
1262,blue,constant,3,8,1.7495630979537964,1.1709719896316528,-0.5785911083221436,0.2604371905326843,6.450640456900601
1262,blue,powerlaw,1,7,1.5536187887191772,1.2193783285116997,-0.33424046020747755,0.1257801822253636,6.450640456900601
1262,blue,powerlaw,2,8,1.4127087593078613,1.2343336833414567,-0.17837507596640467,0.14885592460632324,6.450640456900601
1262,blue,powerlaw,3,8,1.7495630979537964,1.2509358006342377,-0.4986272973195587,0.2604371905326843,6.450640456900601
1262,red,constant,1,7,0.687031626701355,0.6985344290733337,0.01150280237197876,0.03184215085847037,6.450640456900146
1262,red,constant,2,8,0.6576887965202332,0.698534369468689,0.04084557294845581,0.02958858385682106,6.450640456900146
1262,red,constant,3,8,0.6696381568908691,0.698534369468689,0.028896212577819824,0.03312290087342262,6.450640456900146
1262,red,powerlaw,1,7,0.687031626701355,0.6839152371118387,-0.003116389589516322,0.03184215085847037,6.450640456900146
1262,red,powerlaw,2,8,0.6576887965202332,0.6765904415757178,0.01890164505548464,0.02958858385682106,6.450640456900146
1262,red,powerlaw,3,8,0.6696381568908691,0.6689435835975335,-0.0006945732933356652,0.03312290087342262,6.450640456900146
9016,blue,constant,1,7,0.07108544558286667,0.12399221211671829,0.052906766533851624,0.032319999166897366,1.678670338975735
9016,blue,constant,2,7,0.10164988040924072,0.12399221211671829,0.02234233170747757,0.04537403583526611,1.678670338975735
9016,blue,constant,3,8,0.34535542130470276,0.12399221211671829,-0.22136320918798447,0.07351834326982498,1.678670338975735
9016,blue,powerlaw,1,7,0.07108544558286667,0.09403999256794139,0.022954546985074722,0.032319999166897366,1.678670338975735
9016,blue,powerlaw,2,7,0.10164988040924072,0.07992404963357495,-0.02172583077566577,0.04537403583526611,1.678670338975735
9016,blue,powerlaw,3,8,0.34535542130470276,0.06684997547945451,-0.2785054458252483,0.07351834326982498,1.678670338975735
9016,red,constant,1,7,1.0297038555145264,1.0395535230636597,0.0098496675491333,0.009544927094663893,1.6786703389752802
9016,red,constant,2,7,1.0158766508102417,1.0395535230636597,0.02367687225341797,0.010472147592476435,1.6786703389752802
9016,red,constant,3,8,0.9336864352226257,1.0395535230636597,0.10586708784103394,0.010316443629562855,1.6786703389752802
9016,red,powerlaw,1,7,1.0297038555145264,1.007552281290585,-0.022151574223941317,0.009544927094663893,1.6786703389752802
9016,red,powerlaw,2,7,1.0158766508102417,0.9970369203455242,-0.01883973046471754,0.010472147592476435,1.6786703389752802
9016,red,powerlaw,3,8,0.9336864352226257,0.9860081938929542,0.05232175867032851,0.010316443629562855,1.6786703389752802
9082,blue,constant,1,7,0.14660145342350006,0.21900011599063873,0.07239866256713867,0.036617164100919454,2.151436658903549
9082,blue,constant,2,7,0.12464524060487747,0.21900011599063873,0.09435487538576126,0.053850535835538595,2.151436658903549
9082,blue,constant,3,8,0.2924625873565674,0.21900011599063873,-0.07346247136592865,0.09262984991073608,2.151436658903549
9082,blue,powerlaw,1,7,0.14660145342350006,0.1815572110343738,0.034955757610873744,0.036617164100919454,2.151436658903549
9082,blue,powerlaw,2,7,0.12464524060487747,0.1686158627450136,0.04397062214013614,0.053850535835538595,2.151436658903549
9082,blue,powerlaw,3,8,0.2924625873565674,0.15544894097773912,-0.13701364637882826,0.09262984991073608,2.151436658903549
9082,red,constant,1,7,1.1916325092315674,1.1527103185653687,-0.03892219066619873,0.014725410512515478,2.15143665890173
9082,red,constant,2,7,1.1801643371582031,1.1527103185653687,-0.027454018592834473,0.016432578010218486,2.15143665890173
9082,red,constant,3,8,1.1106077432632446,1.1527103185653687,0.04210257530212402,0.016611404716968536,2.15143665890173
9082,red,powerlaw,1,7,1.1916325092315674,1.1377093512815246,-0.053923157950042766,0.014725410512515478,2.15143665890173
9082,red,powerlaw,2,7,1.1801643371582031,1.132714682907748,-0.04744965425045522,0.016432578010218486,2.15143665890173
9082,red,powerlaw,3,8,1.1106077432632446,1.1274429030540267,0.016835159790782095,0.016611404716968536,2.15143665890173
7198,blue,constant,1,7,0.07246275246143341,0.043043941259384155,-0.029418811202049255,0.12452678169522967,1.3692582533685709
7198,blue,constant,2,7,-0.06940311193466187,0.043043941259384155,0.11244705319404602,0.166047317641122,1.3692582533685709
7198,blue,constant,3,8,-0.009011328220367432,0.043043941259384155,0.05205526947975159,0.2911830246448517,1.3692582533685709
7198,blue,powerlaw,1,7,0.07246275246143341,0.11824703206734864,0.04578427960591523,0.12452678169522967,1.3692582533685709
7198,blue,powerlaw,2,7,-0.06940311193466187,0.10064292789449412,0.170046039829156,0.166047317641122,1.3692582533685709
7198,blue,powerlaw,3,8,-0.009011328220367432,0.08431317919193831,0.09332450741230575,0.2911830246448517,1.3692582533685709
7198,red,constant,1,7,1.3715957403182983,1.1972893476486206,-0.17430639266967773,0.04081476160458156,1.3692582533694804
7198,red,constant,2,7,1.2036863565444946,1.1972893476486206,-0.0063970088958740234,0.04132583737373352,1.3692582533694804
7198,red,constant,3,8,1.2654478549957275,1.1972893476486206,-0.06815850734710693,0.041754499077796936,1.3692582533694804
7198,red,powerlaw,1,7,1.3715957403182983,1.1996002114988067,-0.17199552881949165,0.04081476160458156,1.3692582533694804
7198,red,powerlaw,2,7,1.2036863565444946,1.1945969947855033,-0.009089361758991332,0.04132583737373352,1.3692582533694804
7198,red,powerlaw,3,8,1.2654478549957275,1.1893148247833012,-0.07613303021242634,0.041754499077796936,1.3692582533694804
9191,blue,constant,1,7,-0.001543382997624576,0.1015148013830185,0.10305818438064307,0.04878799404416766,13.407347023200145
9191,blue,constant,2,7,0.06263159960508347,0.1015148013830185,0.03888320177793503,0.06793241415705,13.407347023200145
9191,blue,constant,3,7,0.03117208741605282,0.1015148013830185,0.07034271396696568,0.13951651539121354,13.407347023200145
9191,blue,powerlaw,1,7,-0.001543382997624576,0.05216666774023149,0.05371005073785606,0.04878799404416766,13.407347023200145
9191,blue,powerlaw,2,7,0.06263159960508347,0.04285153395139206,-0.019780065653691406,0.06793241415705,13.407347023200145
9191,blue,powerlaw,3,7,0.03117208741605282,0.035004601336573966,0.003832513920521148,0.13951651539121354,13.407347023200145
9191,red,constant,1,7,1.155948519706726,1.1125620603561401,-0.04338645935058594,0.013589998441083091,13.40734702319969
9191,red,constant,2,7,1.1573073863983154,1.1125620603561401,-0.04474532604217529,0.015110717288085393,13.40734702319969
9191,red,constant,3,7,1.099206805229187,1.1125620603561401,0.013355255126953125,0.01643030984061105,13.40734702319969
9191,red,powerlaw,1,7,1.155948519706726,1.1009017153862106,-0.05504680432051545,0.013589998441083091,13.40734702319969
9191,red,powerlaw,2,7,1.1573073863983154,1.0957479712871303,-0.06155941511118512,0.015110717288085393,13.40734702319969
9191,red,powerlaw,3,7,1.099206805229187,1.0906733434247218,-0.008533461804465237,0.01643030984061105,13.40734702319969
7972,blue,constant,1,9,0.740281343460083,0.3409354090690613,-0.39934593439102173,0.6717542012532552,7.827215160245487
7972,blue,constant,2,8,1.0043236017227173,0.3409354090690613,-0.663388192653656,0.9357557892799377,7.827215160245487
7972,blue,constant,3,9,2.905730724334717,0.3409354090690613,-2.5647953152656555,1.5356161329481337,7.827215160245487
7972,blue,powerlaw,1,9,0.740281343460083,0.6829993185864415,-0.057282024873641535,0.6717542012532552,7.827215160245487
7972,blue,powerlaw,2,8,1.0043236017227173,0.6342433108692345,-0.3700802908534828,0.9357557892799377,7.827215160245487
7972,blue,powerlaw,3,9,2.905730724334717,0.5878239027323136,-2.3179068216024032,1.5356161329481337,7.827215160245487
7972,red,constant,1,9,0.7152566313743591,0.7310381531715393,0.015781521797180176,0.12168048487769233,7.827215160245032
7972,red,constant,2,8,0.8255181312561035,0.7310381531715393,-0.09447997808456421,0.1475069522857666,7.827215160245032
7972,red,constant,3,9,0.441680371761322,0.7310381531715393,0.2893577814102173,0.1655344698164198,7.827215160245032
7972,red,powerlaw,1,9,0.7152566313743591,0.6812294401736587,-0.03402719120070041,0.12168048487769233,7.827215160245032
7972,red,powerlaw,2,8,0.8255181312561035,0.6682924400133103,-0.15722569124279318,0.1475069522857666,7.827215160245032
7972,red,powerlaw,3,9,0.441680371761322,0.6557383528032978,0.21405798104197582,0.1655344698164198,7.827215160245032
8185,blue,constant,1,7,1.0632787942886353,1.3085209131240845,0.24524211883544922,0.3351196220942906,6.160233164885085
8185,blue,constant,2,7,1.3624496459960938,1.3085209131240845,-0.05392873287200928,0.45297023228236605,6.160233164885085
8185,blue,constant,3,7,0.029128704220056534,1.3085209131240845,1.279392208904028,0.7847846576145717,6.160233164885085
8185,blue,powerlaw,1,7,1.0632787942886353,1.3953004880870938,0.3320216937984586,0.3351196220942906,6.160233164885085
8185,blue,powerlaw,2,7,1.3624496459960938,1.5966571327673071,0.2342074867712134,0.45297023228236605,6.160233164885085
8185,blue,powerlaw,3,7,0.029128704220056534,1.8338912548547417,1.8047625506346852,0.7847846576145717,6.160233164885085
8185,red,constant,1,7,0.5092992782592773,0.2738771438598633,-0.23542213439941406,0.09904955966132027,6.16023316488463
8185,red,constant,2,7,0.5288677215576172,0.2738771438598633,-0.2549905776977539,0.12443785156522479,6.16023316488463
8185,red,constant,3,7,0.8729788064956665,0.2738771438598633,-0.5991016626358032,0.16921678611210414,6.16023316488463
8185,red,powerlaw,1,7,0.5092992782592773,0.4359123389060211,-0.07338693935325624,0.09904955966132027,6.16023316488463
8185,red,powerlaw,2,7,0.5288677215576172,0.4335458617645628,-0.09532185979305441,0.12443785156522479,6.16023316488463
8185,red,powerlaw,3,7,0.8729788064956665,0.43121684870612115,-0.44176195778954536,0.16921678611210414,6.16023316488463
4124,blue,constant,1,9,0.5669469833374023,0.7743726372718811,0.20742565393447876,0.08042844136555989,1.3545798300906426
4124,blue,constant,2,10,0.6965762376785278,0.7743726372718811,0.07779639959335327,0.11443067789077759,1.3545798300906426
4124,blue,constant,3,10,0.7444277405738831,0.7743726372718811,0.029944896697998047,0.2386885404586792,1.3545798300906426
4124,blue,powerlaw,1,9,0.5669469833374023,0.6823708193168926,0.11542383597949024,0.08042844136555989,1.3545798300906426
4124,blue,powerlaw,2,10,0.6965762376785278,0.603081241180963,-0.09349499649756488,0.11443067789077759,1.3545798300906426
4124,blue,powerlaw,3,10,0.7444277405738831,0.5276125820236557,-0.21681515855022737,0.2386885404586792,1.3545798300906426
4124,red,constant,1,9,0.5847437381744385,0.6331318616867065,0.048388123512268066,0.019082506497701008,1.3545798300910974
4124,red,constant,2,10,0.5723528861999512,0.6331318616867065,0.06077897548675537,0.01939317137002945,1.3545798300910974
4124,red,constant,3,10,0.512184202671051,0.6331318616867065,0.12094765901565552,0.02180611789226532,1.3545798300910974
4124,red,powerlaw,1,9,0.5847437381744385,0.6389240538485732,0.05418031567413473,0.019082506497701008,1.3545798300910974
4124,red,powerlaw,2,10,0.5723528861999512,0.6313636283322481,0.059010742132296956,0.01939317137002945,1.3545798300910974
4124,red,powerlaw,3,10,0.512184202671051,0.6235818231488086,0.11139762047775759,0.02180611789226532,1.3545798300910974
12766,blue,constant,1,7,0.04726369306445122,0.07936986535787582,0.032106172293424606,0.05379583154405866,12.32965002124638
12766,blue,constant,2,6,0.14661850035190582,0.07936987280845642,-0.0672486275434494,0.07774371405442555,12.32965002124638
12766,blue,constant,3,7,0.013015219010412693,0.07936986535787582,0.06635464634746313,0.11558623824800764,12.32965002124638
12766,blue,powerlaw,1,7,0.04726369306445122,0.07904631424018613,0.03178262117573491,0.05379583154405866,12.32965002124638
12766,blue,powerlaw,2,6,0.14661850035190582,0.07094729141442273,-0.0756712089374831,0.07774371405442555,12.32965002124638
12766,blue,powerlaw,3,7,0.013015219010412693,0.06350472409129669,0.050489505080884,0.11558623824800764,12.32965002124638
12766,red,constant,1,7,1.1554594039916992,1.1879109144210815,0.032451510429382324,0.019707573311669484,12.32965002124729
12766,red,constant,2,6,1.0961652994155884,1.1879109144210815,0.09174561500549316,0.021661661565303802,12.32965002124729
12766,red,constant,3,7,1.0666999816894531,1.1879109144210815,0.12121093273162842,0.022943715964044844,12.32965002124729
12766,red,powerlaw,1,7,1.1554594039916992,1.1730547467401597,0.01759534274846053,0.019707573311669484,12.32965002124729
12766,red,powerlaw,2,6,1.0961652994155884,1.1754140581751402,0.07924875875955184,0.021661661565303802,12.32965002124729
12766,red,powerlaw,3,7,1.0666999816894531,1.1777529044200274,0.11105292273057432,0.022943715964044844,12.32965002124729
11323,blue,constant,1,7,0.052152156829833984,0.0715283527970314,0.019376195967197418,0.05083090492657253,7.730654321397651
11323,blue,constant,2,6,0.11764084547758102,0.0715283527970314,-0.04611249268054962,0.07421338558197021,7.730654321397651
11323,blue,constant,3,7,0.17084293067455292,0.0715283527970314,-0.09931457787752151,0.13080361911228724,7.730654321397651
11323,blue,powerlaw,1,7,0.052152156829833984,0.06568531798397162,0.013533161154137635,0.05083090492657253,7.730654321397651
11323,blue,powerlaw,2,6,0.11764084547758102,0.05607179746234136,-0.061569048015239665,0.07421338558197021,7.730654321397651
11323,blue,powerlaw,3,7,0.17084293067455292,0.047687365006729265,-0.12315556566782365,0.13080361911228724,7.730654321397651
11323,red,constant,1,7,1.0575048923492432,1.1057605743408203,0.04825568199157715,0.018020632011549815,7.730654321398106
11323,red,constant,2,6,1.0384312868118286,1.1057605743408203,0.0673292875289917,0.02232633779446284,7.730654321398106
11323,red,constant,3,7,1.0972899198532104,1.1057605743408203,0.008470654487609863,0.02161000669002533,7.730654321398106
11323,red,powerlaw,1,7,1.0575048923492432,1.1070766966830419,0.04957180433379871,0.018020632011549815,7.730654321398106
11323,red,powerlaw,2,6,1.0384312868118286,1.1011308564076994,0.06269956959587075,0.02232633779446284,7.730654321398106
11323,red,powerlaw,3,7,1.0972899198532104,1.0952799874784187,-0.0020099323747917452,0.02161000669002533,7.730654321398106
3336,blue,constant,1,7,0.20363029837608337,0.24464109539985657,0.04101079702377319,0.06077685100691659,14.84889785329733
3336,blue,constant,2,7,0.16377027332782745,0.24464109539985657,0.08087082207202911,0.09668924978801183,14.84889785329733
3336,blue,constant,3,7,0.20170603692531586,0.24464109539985657,0.04293505847454071,0.1725985492978777,14.84889785329733
3336,blue,powerlaw,1,7,0.20363029837608337,0.2241105828872918,0.020480284511208424,0.06077685100691659,14.84889785329733
3336,blue,powerlaw,2,7,0.16377027332782745,0.21979125976090108,0.05602098643307363,0.09668924978801183,14.84889785329733
3336,blue,powerlaw,3,7,0.20170603692531586,0.21543606877455818,0.013730031849242319,0.1725985492978777,14.84889785329733
3336,red,constant,1,7,1.1252514123916626,1.0911122560501099,-0.034139156341552734,0.017531275749206543,14.848897853296876
3336,red,constant,2,7,1.135408639907837,1.0911122560501099,-0.04429638385772705,0.01762853456395013,14.848897853296876
3336,red,constant,3,7,1.1682411432266235,1.0911122560501099,-0.07712888717651367,0.02056570989745004,14.848897853296876
3336,red,powerlaw,1,7,1.1252514123916626,1.0656136223797394,-0.05963779001192315,0.017531275749206543,14.848897853296876
3336,red,powerlaw,2,7,1.135408639907837,1.0575253916997034,-0.07788324820813353,0.01762853456395013,14.848897853296876
3336,red,powerlaw,3,7,1.1682411432266235,1.0495848736004518,-0.1186562696261717,0.02056570989745004,14.848897853296876
9288,blue,constant,1,7,0.4655413329601288,0.48965856432914734,0.024117231369018555,0.19844230583735875,3.0956427083351628
9288,blue,constant,2,7,0.38203850388526917,0.48965856432914734,0.10762006044387817,0.26283841473715647,3.0956427083351628
9288,blue,constant,3,8,0.6474301218986511,0.48965856432914734,-0.15777155756950378,0.40690985321998596,3.0956427083351628
9288,blue,powerlaw,1,7,0.4655413329601288,0.4207668122483674,-0.04477452071176141,0.19844230583735875,3.0956427083351628
9288,blue,powerlaw,2,7,0.38203850388526917,0.41498349778540244,0.03294499390013328,0.26283841473715647,3.0956427083351628
9288,blue,powerlaw,3,8,0.6474301218986511,0.40871106866502127,-0.23871905323362985,0.40690985321998596,3.0956427083351628
9288,red,constant,1,7,1.153715968132019,1.1212877035140991,-0.03242826461791992,0.05105892675263541,3.095642708334708
9288,red,constant,2,7,1.144565224647522,1.1212877035140991,-0.02327752113342285,0.055288468088422506,3.095642708334708
9288,red,constant,3,8,1.0282886028289795,1.1212877035140991,0.09299910068511963,0.06399077922105789,3.095642708334708
9288,red,powerlaw,1,7,1.153715968132019,1.1751241740425773,0.021408205910558253,0.05105892675263541,3.095642708334708
9288,red,powerlaw,2,7,1.144565224647522,1.1761887377140252,0.03162351306650324,0.055288468088422506,3.095642708334708
9288,red,powerlaw,3,8,1.0282886028289795,1.177318558951681,0.14902995612270153,0.06399077922105789,3.095642708334708
13,blue,constant,1,7,0.11021668463945389,0.07655847072601318,-0.033658213913440704,0.06374824472836085,11.494285428396324
13,blue,constant,2,7,0.07183816283941269,0.07655847072601318,0.004720307886600494,0.0875465955053057,11.494285428396324
13,blue,constant,3,7,0.1607629507780075,0.07655847072601318,-0.08420448005199432,0.15541057927267893,11.494285428396324
13,blue,powerlaw,1,7,0.11021668463945389,0.03622999856572999,-0.0739866860737239,0.06374824472836085,11.494285428396324
13,blue,powerlaw,2,7,0.07183816283941269,0.02833621767387889,-0.043501945165533795,0.0875465955053057,11.494285428396324
13,blue,powerlaw,3,7,0.1607629507780075,0.022010188450373634,-0.13875276232763387,0.15541057927267893,11.494285428396324
13,red,constant,1,7,1.2159416675567627,1.2142585515975952,-0.0016831159591674805,0.020311125687190464,11.494285428396324
13,red,constant,2,7,1.214821219444275,1.2142585515975952,-0.0005626678466796875,0.020872152277401516,11.494285428396324
13,red,constant,3,7,1.1568926572799683,1.2142585515975952,0.05736589431762695,0.022342532873153687,11.494285428396324
13,red,powerlaw,1,7,1.2159416675567627,1.1272291679328037,-0.088712499623959,0.020311125687190464,11.494285428396324
13,red,powerlaw,2,7,1.214821219444275,1.1147226561078978,-0.10009856333637712,0.020872152277401516,11.494285428396324
13,red,powerlaw,3,7,1.1568926572799683,1.1024862565478852,-0.05440640073208303,0.022342532873153687,11.494285428396324
7683,blue,constant,1,9,1.2291061878204346,1.4122477769851685,0.1831415891647339,0.2511180506812202,3.6140649907579245
7683,blue,constant,2,9,1.6615432500839233,1.4122477769851685,-0.24929547309875488,0.3666995366414388,3.6140649907579245
7683,blue,constant,3,9,0.6533660888671875,1.4122477769851685,0.758881688117981,0.7084574699401855,3.6140649907579245
7683,blue,powerlaw,1,9,1.2291061878204346,1.1815508956032394,-0.04755529221719512,0.2511180506812202,3.6140649907579245
7683,blue,powerlaw,2,9,1.6615432500839233,1.1532535046718735,-0.5082897454120499,0.3666995366414388,3.6140649907579245
7683,blue,powerlaw,3,9,0.6533660888671875,1.124886396645369,0.47152030777818155,0.7084574699401855,3.6140649907579245
7683,red,constant,1,9,0.24808579683303833,0.21264351904392242,-0.035442277789115906,0.052035384707980685,3.61406499075747
7683,red,constant,2,9,0.21445710957050323,0.21264351904392242,-0.0018135905265808105,0.05715313884947035,3.61406499075747
7683,red,constant,3,9,0.2405320554971695,0.21264351904392242,-0.02788853645324707,0.06935759385426839,3.61406499075747
7683,red,powerlaw,1,9,0.24808579683303833,0.3286405111506457,0.08055471431760736,0.052035384707980685,3.61406499075747
7683,red,powerlaw,2,9,0.21445710957050323,0.3040415193904942,0.08958440981999094,0.05715313884947035,3.61406499075747
7683,red,powerlaw,3,9,0.2405320554971695,0.28151147389805886,0.04097941840088937,0.06935759385426839,3.61406499075747
3233,blue,constant,1,7,0.08352211862802505,0.1660943180322647,0.08257219940423965,0.052769213914871216,9.990147009385055
3233,blue,constant,2,6,0.11081230640411377,0.1660943180322647,0.05528201162815094,0.07329962650934856,9.990147009385055
3233,blue,constant,3,7,0.051379721611738205,0.1660943180322647,0.1147145964205265,0.1246966975075858,9.990147009385055
3233,blue,powerlaw,1,7,0.08352211862802505,0.11815017786790581,0.03462805923988076,0.052769213914871216,9.990147009385055
3233,blue,powerlaw,2,6,0.11081230640411377,0.10277461390274147,-0.008037692501372304,0.07329962650934856,9.990147009385055
3233,blue,powerlaw,3,7,0.051379721611738205,0.08909945630644105,0.03771973469470284,0.1246966975075858,9.990147009385055
3233,red,constant,1,7,1.003980040550232,1.0439051389694214,0.03992509841918945,0.011815042368003301,9.990147009386419
3233,red,constant,2,6,0.977496325969696,1.0439051389694214,0.06640881299972534,0.014146624753872553,9.990147009386419
3233,red,constant,3,7,0.9766241312026978,1.0439051389694214,0.06728100776672363,0.015401556023529597,9.990147009386419
3233,red,powerlaw,1,7,1.003980040550232,1.0346790622123099,0.03069902166207794,0.011815042368003301,9.990147009386419
3233,red,powerlaw,2,6,0.977496325969696,1.0291909785975142,0.05169465262781814,0.014146624753872553,9.990147009386419
3233,red,powerlaw,3,7,0.9766241312026978,1.0237905517157397,0.047166420513041984,0.015401556023529597,9.990147009386419
10956,blue,constant,1,8,0.3263899087905884,0.24435459077358246,-0.08203531801700592,0.11538014560937881,10.200739564088508
10956,blue,constant,2,7,0.21586592495441437,0.24435459077358246,0.02848866581916809,0.16898678030286515,10.200739564088508
10956,blue,constant,3,8,0.7929180860519409,0.24435459077358246,-0.5485634952783585,0.2704378068447113,10.200739564088508
10956,blue,powerlaw,1,8,0.3263899087905884,0.301008123903983,-0.025381784886605363,0.11538014560937881,10.200739564088508
10956,blue,powerlaw,2,7,0.21586592495441437,0.2973413197144569,0.08147539476004251,0.16898678030286515,10.200739564088508
10956,blue,powerlaw,3,8,0.7929180860519409,0.29361953472069335,-0.49929855133124756,0.2704378068447113,10.200739564088508
10956,red,constant,1,8,1.1903825998306274,1.1616407632827759,-0.028741836547851562,0.02976980432868004,10.200739564090327
10956,red,constant,2,7,1.2058817148208618,1.1616407632827759,-0.04424095153808594,0.03533075111252921,10.200739564090327
10956,red,constant,3,8,1.1427087783813477,1.1616407632827759,0.018931984901428223,0.03580811619758606,10.200739564090327
10956,red,powerlaw,1,8,1.1903825998306274,1.1233737825458594,-0.06700881728476804,0.02976980432868004,10.200739564090327
10956,red,powerlaw,2,7,1.2058817148208618,1.1073051962315523,-0.09857651858930949,0.03533075111252921,10.200739564090327
10956,red,powerlaw,3,8,1.1427087783813477,1.0916386773518467,-0.051070101029500936,0.03580811619758606,10.200739564090327
2959,blue,constant,1,8,1.0068244934082031,0.8727603554725647,-0.13406413793563843,0.17238882184028625,5.229239711643459
2959,blue,constant,2,9,0.8954569697380066,0.8727603554725647,-0.022696614265441895,0.2280282974243164,5.229239711643459
2959,blue,constant,3,9,0.5246031284332275,0.8727603554725647,0.34815722703933716,0.38168443573845756,5.229239711643459
2959,blue,powerlaw,1,8,1.0068244934082031,0.8692551837703447,-0.1375693096378584,0.17238882184028625,5.229239711643459
2959,blue,powerlaw,2,9,0.8954569697380066,0.8598323675445868,-0.035624602193419785,0.2280282974243164,5.229239711643459
2959,blue,powerlaw,3,9,0.5246031284332275,0.8496959289138374,0.32509280048060984,0.38168443573845756,5.229239711643459
2959,red,constant,1,8,0.5361262559890747,0.5865240693092346,0.05039781332015991,0.04429202899336815,5.22923971164164
2959,red,constant,2,9,0.5779219269752502,0.5865240693092346,0.008602142333984375,0.0485096640057034,5.22923971164164
2959,red,constant,3,9,0.5396576523780823,0.5865240693092346,0.046866416931152344,0.05223259992069668,5.22923971164164
2959,red,powerlaw,1,8,0.5361262559890747,0.6314197389549105,0.09529348296583584,0.04429202899336815,5.22923971164164
2959,red,powerlaw,2,9,0.5779219269752502,0.614652570169366,0.036730643194115786,0.0485096640057034,5.22923971164164
2959,red,powerlaw,3,9,0.5396576523780823,0.5975577356893729,0.057900083311290595,0.05223259992069668,5.22923971164164
10848,blue,constant,1,8,1.2498812675476074,1.2082213163375854,-0.04165995121002197,0.5777904987335205,4.218061013196348
10848,blue,constant,2,8,1.4005436897277832,1.2082213163375854,-0.19232237339019775,0.755617618560791,4.218061013196348
10848,blue,constant,3,9,2.4115099906921387,1.2082213163375854,-1.2032886743545532,1.1135327021280925,4.218061013196348
10848,blue,powerlaw,1,8,1.2498812675476074,0.9646276771937633,-0.2852535903538441,0.5777904987335205,4.218061013196348
10848,blue,powerlaw,2,8,1.4005436897277832,0.8236586162154592,-0.576885073512324,0.755617618560791,4.218061013196348
10848,blue,powerlaw,3,9,2.4115099906921387,0.6933925025738721,-1.7181174881182666,1.1135327021280925,4.218061013196348
10848,red,constant,1,8,0.5815750360488892,0.5382620096206665,-0.043313026428222656,0.08830501139163971,4.218061013196348
10848,red,constant,2,8,0.4009993374347687,0.5382620096206665,0.13726267218589783,0.09519585222005844,4.218061013196348
10848,red,constant,3,9,0.14107802510261536,0.5382620096206665,0.39718398451805115,0.1001411345269945,4.218061013196348
10848,red,powerlaw,1,8,0.5815750360488892,0.5696868927989573,-0.011888143249931815,0.08830501139163971,4.218061013196348
10848,red,powerlaw,2,8,0.4009993374347687,0.5725572291327738,0.17155789169800517,0.09519585222005844,4.218061013196348
10848,red,powerlaw,3,9,0.14107802510261536,0.5755909066471436,0.4345128815445283,0.1001411345269945,4.218061013196348
5525,blue,constant,1,8,1.2086200714111328,1.047098159790039,-0.16152191162109375,0.12147822231054306,5.37458187660377
5525,blue,constant,2,8,1.104993462562561,1.047098159790039,-0.05789530277252197,0.15701761841773987,5.37458187660377
5525,blue,constant,3,9,1.110065221786499,1.047098159790039,-0.06296706199645996,0.24039414193895128,5.37458187660377
5525,blue,powerlaw,1,8,1.2086200714111328,1.1562931920596622,-0.05232687935147062,0.12147822231054306,5.37458187660377
5525,blue,powerlaw,2,8,1.104993462562561,1.191663441975063,0.08666997941250187,0.15701761841773987,5.37458187660377
5525,blue,powerlaw,3,9,1.110065221786499,1.2315282558821783,0.12146303409567927,0.24039414193895128,5.37458187660377
5525,red,constant,1,8,0.6122509241104126,0.5838085412979126,-0.0284423828125,0.028724156320095062,5.37458187660377
5525,red,constant,2,8,0.6121088266372681,0.5838085412979126,-0.02830028533935547,0.03117406740784645,5.37458187660377
5525,red,constant,3,9,0.48233985900878906,0.5838085412979126,0.10146868228912354,0.032839321427875094,5.37458187660377
5525,red,powerlaw,1,8,0.6122509241104126,0.5985929438925076,-0.013657980217904986,0.028724156320095062,5.37458187660377
5525,red,powerlaw,2,8,0.6121088266372681,0.5810853837286651,-0.031023442908602927,0.03117406740784645,5.37458187660377
5525,red,powerlaw,3,9,0.48233985900878906,0.563235598874384,0.08089573986559495,0.032839321427875094,5.37458187660377
12556,blue,constant,1,8,1.0489766597747803,0.8614890575408936,-0.18748760223388672,0.26368579268455505,1.5453509263720662
12556,blue,constant,2,9,0.614874541759491,0.8614890575408936,0.2466145157814026,0.32235995928446454,1.5453509263720662
12556,blue,constant,3,9,0.06461285799741745,0.8614890575408936,0.7968761995434761,0.510206487443712,1.5453509263720662
12556,blue,powerlaw,1,8,1.0489766597747803,0.5338485808071006,-0.5151280789676796,0.26368579268455505,1.5453509263720662
12556,blue,powerlaw,2,9,0.614874541759491,0.47656873368622193,-0.13830580807326903,0.32235995928446454,1.5453509263720662
12556,blue,powerlaw,3,9,0.06461285799741745,0.4211716990321956,0.35655884103477814,0.510206487443712,1.5453509263720662
12556,red,constant,1,8,0.8789961934089661,0.7585645914077759,-0.12043160200119019,0.055394914001226425,1.5453509263716114
12556,red,constant,2,9,0.8577014207839966,0.7585645914077759,-0.0991368293762207,0.05613753530714247,1.5453509263716114
12556,red,constant,3,9,0.6994116306304932,0.7585645914077759,0.059152960777282715,0.06243044137954712,1.5453509263716114
12556,red,powerlaw,1,8,0.8789961934089661,0.7907542014585535,-0.0882419919504126,0.055394914001226425,1.5453509263716114
12556,red,powerlaw,2,9,0.8577014207839966,0.7991441527794432,-0.05855726800455341,0.05613753530714247,1.5453509263716114
12556,red,powerlaw,3,9,0.6994116306304932,0.8080304238959237,0.10861879326543056,0.06243044137954712,1.5453509263716114
47,blue,constant,1,7,0.1507120281457901,0.12159669399261475,-0.029115334153175354,0.037365883588790894,0.1484907684944119
47,blue,constant,2,7,0.18328197300434113,0.12159669399261475,-0.06168527901172638,0.049758195877075195,0.1484907684944119
47,blue,constant,3,8,0.058999039232730865,0.12159669399261475,0.06259765475988388,0.0742124691605568,0.1484907684944119
47,blue,powerlaw,1,7,0.1507120281457901,0.0988579842533625,-0.051854043892427606,0.037365883588790894,0.1484907684944119
47,blue,powerlaw,2,7,0.18328197300434113,0.08683710624978712,-0.096444866754554,0.049758195877075195,0.1484907684944119
47,blue,powerlaw,3,8,0.058999039232730865,0.07530884174182423,0.016309802509093363,0.0742124691605568,0.1484907684944119
47,red,constant,1,7,1.087235450744629,1.0885049104690552,0.0012694597244262695,0.010486612362521035,0.1484907684953214
47,red,constant,2,7,1.000669240951538,1.0885049104690552,0.08783566951751709,0.00987687919821058,0.1484907684953214
47,red,constant,3,8,0.9654242992401123,1.0885049104690552,0.12308061122894287,0.010352110490202904,0.1484907684953214
47,red,powerlaw,1,7,1.087235450744629,1.0597231851144464,-0.027512265630182497,0.010486612362521035,0.1484907684953214
47,red,powerlaw,2,7,1.000669240951538,1.0547361717654529,0.05406693081391478,0.00987687919821058,0.1484907684953214
47,red,powerlaw,3,8,0.9654242992401123,1.0494738259574967,0.08404952671738442,0.010352110490202904,0.1484907684953214
9592,blue,constant,1,8,0.07903089374303818,0.1360667496919632,0.05703585594892502,0.02498101070523262,13.141200894818667
9592,blue,constant,2,7,0.10583014041185379,0.1360667496919632,0.030236609280109406,0.03487536311149597,13.141200894818667
9592,blue,constant,3,8,0.11597087234258652,0.1360667496919632,0.02009587734937668,0.05097910016775131,13.141200894818667
9592,blue,powerlaw,1,8,0.07903089374303818,0.10161024435737989,0.022579350614341714,0.02498101070523262,13.141200894818667
9592,blue,powerlaw,2,7,0.10583014041185379,0.08853006146609892,-0.017300078945754874,0.03487536311149597,13.141200894818667
9592,blue,powerlaw,3,8,0.11597087234258652,0.07686867760651428,-0.03910219473607224,0.05097910016775131,13.141200894818667
9592,red,constant,1,8,1.1050999164581299,1.0757898092269897,-0.029310107231140137,0.010519830510020256,13.141200894817302
9592,red,constant,2,7,1.0320017337799072,1.0757898092269897,0.04378807544708252,0.012338005006313324,13.141200894817302
9592,red,constant,3,8,0.9997714757919312,1.0757898092269897,0.0760183334350586,0.014864463359117508,13.141200894817302
9592,red,powerlaw,1,8,1.1050999164581299,1.0699907527335062,-0.03510916372462369,0.010519830510020256,13.141200894817302
9592,red,powerlaw,2,7,1.0320017337799072,1.0651976232270908,0.033195889447183546,0.012338005006313324,13.141200894817302
9592,red,powerlaw,3,8,0.9997714757919312,1.0604774977071245,0.060706021915193364,0.014864463359117508,13.141200894817302
5442,blue,constant,1,7,0.05407128483057022,0.11704189330339432,0.0629706084728241,0.04294472507068089,2.422607659442292
5442,blue,constant,2,7,-0.12766775488853455,0.11704189330339432,0.24470964819192886,0.05743885040283203,2.422607659442292
5442,blue,constant,3,8,0.036039143800735474,0.11704189330339432,0.08100274950265884,0.09753356128931046,2.422607659442292
5442,blue,powerlaw,1,7,0.05407128483057022,0.07701621328900644,0.022944928458436223,0.04294472507068089,2.422607659442292
5442,blue,powerlaw,2,7,-0.12766775488853455,0.06645443363373696,0.1941221885222715,0.05743885040283203,2.422607659442292
5442,blue,powerlaw,3,8,0.036039143800735474,0.05651328102171453,0.020474137220979058,0.09753356128931046,2.422607659442292
5442,red,constant,1,7,1.152711272239685,1.1286762952804565,-0.024034976959228516,0.014593573553221566,2.422607659442292
5442,red,constant,2,7,1.16309654712677,1.1286762952804565,-0.03442025184631348,0.016050365354333605,2.422607659442292
5442,red,constant,3,8,1.0901386737823486,1.1286762952804565,0.03853762149810791,0.017301058396697044,2.422607659442292
5442,red,powerlaw,1,7,1.152711272239685,1.1169811624237045,-0.03573010981598057,0.014593573553221566,2.422607659442292
5442,red,powerlaw,2,7,1.16309654712677,1.1130953062604618,-0.050001240866308194,0.016050365354333605,2.422607659442292
5442,red,powerlaw,3,8,1.0901386737823486,1.1089899465350535,0.018851272752704817,0.017301058396697044,2.422607659442292
405,blue,constant,1,7,0.05498800799250603,0.0036513598170131445,-0.05133664817549288,0.06118266497339521,8.749710581109866
405,blue,constant,2,6,0.07016879320144653,0.0036513598170131445,-0.06651743338443339,0.09152546525001526,8.749710581109866
405,blue,constant,3,7,-0.031163152307271957,0.0036513598170131445,0.0348145121242851,0.1460305963243757,8.749710581109866
405,blue,powerlaw,1,7,0.05498800799250603,0.02329784486346911,-0.03169016312903691,0.06118266497339521,8.749710581109866
405,blue,powerlaw,2,6,0.07016879320144653,0.018137851747530086,-0.05203094145391644,0.09152546525001526,8.749710581109866
405,blue,powerlaw,3,7,-0.031163152307271957,0.014046333399683716,0.045209485706955675,0.1460305963243757,8.749710581109866
405,red,constant,1,7,1.06545090675354,1.14191734790802,0.07646644115447998,0.016721763781138828,8.749710581108957
405,red,constant,2,6,1.07876455783844,1.14191734790802,0.06315279006958008,0.01903560757637024,8.749710581108957
405,red,constant,3,7,1.103468894958496,1.14191734790802,0.038448452949523926,0.01835510560444423,8.749710581108957
405,red,powerlaw,1,7,1.06545090675354,1.159499018082848,0.0940481113293079,0.016721763781138828,8.749710581108957
405,red,powerlaw,2,6,1.07876455783844,1.1624857165447409,0.08372115870630092,0.01903560757637024,8.749710581108957
405,red,powerlaw,3,7,1.103468894958496,1.1654485665177863,0.061979671559290184,0.01835510560444423,8.749710581108957
5343,blue,constant,1,8,0.6724740266799927,0.8532390594482422,0.1807650327682495,0.11705725640058517,5.014024789182713
5343,blue,constant,2,9,0.6303071975708008,0.8532390594482422,0.2229318618774414,0.14728709061940512,5.014024789182713
5343,blue,constant,3,9,0.41460609436035156,0.8532390594482422,0.4386329650878906,0.29236933920118546,5.014024789182713
5343,blue,powerlaw,1,8,0.6724740266799927,0.7497842425733026,0.07731021589330989,0.11705725640058517,5.014024789182713
5343,blue,powerlaw,2,9,0.6303071975708008,0.7547005485253782,0.12439335095457738,0.14728709061940512,5.014024789182713
5343,blue,powerlaw,3,9,0.41460609436035156,0.7600854405402815,0.3454793461799299,0.29236933920118546,5.014024789182713
5343,red,constant,1,8,0.7179514765739441,0.6939071416854858,-0.024044334888458252,0.02857566811144352,5.014024789183168
5343,red,constant,2,9,0.6345623731613159,0.6939071416854858,0.05934476852416992,0.02826554576555888,5.014024789183168
5343,red,constant,3,9,0.6200191378593445,0.6939071416854858,0.07388800382614136,0.03460239701800876,5.014024789183168
5343,red,powerlaw,1,8,0.7179514765739441,0.6948641458312127,-0.023087330742731393,0.02857566811144352,5.014024789183168
5343,red,powerlaw,2,9,0.6345623731613159,0.6885477522064414,0.05398537904512546,0.02826554576555888,5.014024789183168
5343,red,powerlaw,3,9,0.6200191378593445,0.6819907513152885,0.06197161345594404,0.03460239701800876,5.014024789183168
11334,blue,constant,1,9,1.5321170091629028,0.9393618106842041,-0.5927551984786987,0.30021484692891437,10.068012344206636
11334,blue,constant,2,9,0.4624148905277252,0.9393618106842041,0.4769469201564789,0.39381909370422363,10.068012344206636
11334,blue,constant,3,10,0.37510067224502563,0.9393617510795593,0.5642610788345337,0.7417875766754151,10.068012344206636
11334,blue,powerlaw,1,9,1.5321170091629028,0.6298892276277526,-0.9022277815351503,0.30021484692891437,10.068012344206636
11334,blue,powerlaw,2,9,0.4624148905277252,0.5546950890325688,0.09228019850484359,0.39381909370422363,10.068012344206636
11334,blue,powerlaw,3,10,0.37510067224502563,0.48330778862788853,0.1082071163828629,0.7417875766754151,10.068012344206636
11334,red,constant,1,9,0.5301539897918701,0.6861520409584045,0.15599805116653442,0.08704067601097955,10.06801234420709
11334,red,constant,2,9,0.7046545743942261,0.6861520409584045,-0.018502533435821533,0.09336653682920668,10.06801234420709
11334,red,constant,3,10,0.2817111313343048,0.6861520409584045,0.40444090962409973,0.132294225692749,10.06801234420709
11334,red,powerlaw,1,9,0.5301539897918701,0.637556183168985,0.10740219337711487,0.08704067601097955,10.06801234420709
11334,red,powerlaw,2,9,0.7046545743942261,0.641876398446283,-0.0627781759479431,0.09336653682920668,10.06801234420709
11334,red,powerlaw,3,10,0.2817111313343048,0.6464196806697557,0.36470854933545094,0.132294225692749,10.06801234420709
12338,blue,constant,1,7,-0.1479966789484024,0.1727745682001114,0.3207712471485138,0.24207053865705216,12.385426463221847
12338,blue,constant,2,6,-0.04798148199915886,0.1727745682001114,0.22075605019927025,0.3694967031478882,12.385426463221847
12338,blue,constant,3,7,-0.7690792083740234,0.1727745682001114,0.9418537765741348,0.5752460615975517,12.385426463221847
12338,blue,powerlaw,1,7,-0.1479966789484024,8.042101930856e-06,0.14800472105033327,0.24207053865705216,12.385426463221847
12338,blue,powerlaw,2,6,-0.04798148199915886,1.744569056051514e-06,0.04798322656821491,0.3694967031478882,12.385426463221847
12338,blue,powerlaw,3,7,-0.7690792083740234,3.843510208423902e-07,0.7690795927250442,0.5752460615975517,12.385426463221847
12338,red,constant,1,7,1.153043508529663,1.0246208906173706,-0.12842261791229248,0.052708838667188375,12.385426463222757
12338,red,constant,2,6,0.928569495677948,1.0246208906173706,0.09605139493942261,0.06251045068105061,12.385426463222757
12338,red,constant,3,7,1.0548409223556519,1.0246208906173706,-0.03022003173828125,0.07108168091092791,12.385426463222757
12338,red,powerlaw,1,7,1.153043508529663,1.095616986998852,-0.05742652153081118,0.052708838667188375,12.385426463222757
12338,red,powerlaw,2,6,0.928569495677948,1.0863517676617718,0.15778227198382377,0.06251045068105061,12.385426463222757
12338,red,powerlaw,3,7,1.0548409223556519,1.0772647874509806,0.022423865095328788,0.07108168091092791,12.385426463222757
7855,blue,constant,1,7,0.162422776222229,0.2529498338699341,0.09052705764770508,0.065935560635158,1.132255483895733
7855,blue,constant,2,8,0.3522747755050659,0.2529498338699341,-0.09932494163513184,0.10311152786016464,1.132255483895733
7855,blue,constant,3,8,0.4126008152961731,0.2529498338699341,-0.159650981426239,0.17778058350086212,1.132255483895733
7855,blue,powerlaw,1,7,0.162422776222229,0.2631314767862631,0.10070870056403408,0.065935560635158,1.132255483895733
7855,blue,powerlaw,2,8,0.3522747755050659,0.2441677884262766,-0.10810698707878932,0.10311152786016464,1.132255483895733
7855,blue,powerlaw,3,8,0.4126008152961731,0.22494102263486807,-0.18765979266130503,0.17778058350086212,1.132255483895733
7855,red,constant,1,7,1.136304259300232,1.0973025560379028,-0.0390017032623291,0.017248510250023434,1.1322554838952783
7855,red,constant,2,8,1.167779564857483,1.0973025560379028,-0.07047700881958008,0.018140247091650963,1.1322554838952783
7855,red,constant,3,8,1.1399519443511963,1.0973025560379028,-0.04264938831329346,0.020184457302093506,1.1322554838952783
7855,red,powerlaw,1,7,1.136304259300232,1.1074748228767521,-0.028829436423479793,0.017248510250023434,1.1322554838952783
7855,red,powerlaw,2,8,1.167779564857483,1.1025282389375384,-0.06525132591994454,0.018140247091650963,1.1322554838952783
7855,red,powerlaw,3,8,1.1399519443511963,1.0973300639769645,-0.04262188037423176,0.020184457302093506,1.1322554838952783
5511,blue,constant,1,9,0.41153284907341003,0.43898284435272217,0.027449995279312134,0.013833344810538821,8.113388598012534
5511,blue,constant,2,9,0.43723446130752563,0.43898284435272217,0.0017483830451965332,0.018100895815425448,8.113388598012534
5511,blue,constant,3,10,0.3888583779335022,0.43898287415504456,0.05012449622154236,0.031029397249221803,8.113388598012534
5511,blue,powerlaw,1,9,0.41153284907341003,0.37124566083540467,-0.04028718823800537,0.013833344810538821,8.113388598012534
5511,blue,powerlaw,2,9,0.43723446130752563,0.32976657621031064,-0.107467885097215,0.018100895815425448,8.113388598012534
5511,blue,powerlaw,3,10,0.3888583779335022,0.29003453321374395,-0.09882384471975825,0.031029397249221803,8.113388598012534
5511,red,constant,1,9,0.8334783911705017,0.8478391766548157,0.014360785484313965,0.0045890940560234916,8.113388598012534
5511,red,constant,2,9,0.8904247283935547,0.8478391766548157,-0.042585551738739014,0.004936279522048103,8.113388598012534
5511,red,constant,3,10,0.8766352534294128,0.8478391766548157,-0.028796076774597168,0.005427912995219231,8.113388598012534
5511,red,powerlaw,1,9,0.8334783911705017,0.8150969521600656,-0.018381439010436096,0.0045890940560234916,8.113388598012534
5511,red,powerlaw,2,9,0.8904247283935547,0.7984718655533926,-0.09195286284016213,0.004936279522048103,8.113388598012534
5511,red,powerlaw,3,10,0.8766352534294128,0.7814735046196226,-0.09516174880979023,0.005427912995219231,8.113388598012534
12159,blue,constant,1,9,0.8105677366256714,0.8570840954780579,0.046516358852386475,0.0935387412707011,3.1536233204301425
12159,blue,constant,2,9,0.9337836503982544,0.8570840954780579,-0.07669955492019653,0.1302367846171061,3.1536233204301425
12159,blue,constant,3,10,0.9060696363449097,0.8570840954780579,-0.04898554086685181,0.20621604919433595,3.1536233204301425
12159,blue,powerlaw,1,9,0.8105677366256714,0.7620365119611657,-0.04853122466450566,0.0935387412707011,3.1536233204301425
12159,blue,powerlaw,2,9,0.9337836503982544,0.6992895128989578,-0.2344941374992966,0.1302367846171061,3.1536233204301425
12159,blue,powerlaw,3,10,0.9060696363449097,0.637124190929465,-0.26894544541544463,0.20621604919433595,3.1536233204301425
12159,red,constant,1,9,0.7973968982696533,0.8024025559425354,0.00500565767288208,0.023402495516671076,3.1536233204296877
12159,red,constant,2,9,0.8571877479553223,0.8024025559425354,-0.054785192012786865,0.02558577060699463,3.1536233204296877
12159,red,constant,3,10,0.8294159770011902,0.8024026155471802,-0.02701336145401001,0.028533393144607545,3.1536233204296877
12159,red,powerlaw,1,9,0.7973968982696533,0.7924157017588143,-0.004981196510839059,0.023402495516671076,3.1536233204296877
12159,red,powerlaw,2,9,0.8571877479553223,0.7977264652653978,-0.059461282689924455,0.02558577060699463,3.1536233204296877
12159,red,powerlaw,3,10,0.8294159770011902,0.8033123576647334,-0.026103619336456774,0.028533393144607545,3.1536233204296877
5806,blue,constant,1,8,0.04902376979589462,0.02545914240181446,-0.023564627394080162,0.12324783205986023,8.726554695529103
5806,blue,constant,2,7,0.4211159348487854,0.02545914240181446,-0.39565679244697094,0.168438230242048,8.726554695529103
5806,blue,constant,3,8,0.7267816066741943,0.02545914240181446,-0.7013224642723799,0.2674751877784729,8.726554695529103
5806,blue,powerlaw,1,8,0.04902376979589462,0.08191472618962009,0.03289095639372547,0.12324783205986023,8.726554695529103
5806,blue,powerlaw,2,7,0.4211159348487854,0.06245941739211364,-0.35865651745667176,0.168438230242048,8.726554695529103
5806,blue,powerlaw,3,8,0.7267816066741943,0.04734682625274379,-0.6794347804214506,0.2674751877784729,8.726554695529103
5806,red,constant,1,8,1.2627434730529785,1.2784188985824585,0.01567542552947998,0.03710803762078285,8.726554695529558
5806,red,constant,2,7,1.1949081420898438,1.2784188985824585,0.08351075649261475,0.04507973790168762,8.726554695529558
5806,red,constant,3,8,1.1617501974105835,1.2784188985824585,0.116668701171875,0.05825328081846237,8.726554695529558
5806,red,powerlaw,1,8,1.2627434730529785,1.2907643961781625,0.028020923125184005,0.03710803762078285,8.726554695529558
5806,red,powerlaw,2,7,1.1949081420898438,1.2992380383984,0.10432989630855616,0.04507973790168762,8.726554695529558
5806,red,powerlaw,3,8,1.1617501974105835,1.3076780233908663,0.14592782598028275,0.05825328081846237,8.726554695529558
12807,blue,constant,1,6,0.10894786566495895,1.0718261003494263,0.9628782346844673,0.5824282566706339,0.3873027639610882
12807,blue,constant,2,6,1.9473577737808228,1.0718261003494263,-0.8755316734313965,0.7740120887756348,0.3873027639610882
12807,blue,constant,3,7,-0.035702843219041824,1.0718261003494263,1.107528943568468,1.3906416211809431,0.3873027639610882
12807,blue,powerlaw,1,6,0.10894786566495895,1.1476492490364365,1.0387013833714775,0.5824282566706339,0.3873027639610882
12807,blue,powerlaw,2,6,1.9473577737808228,1.2132123382049382,-0.7341454355758845,0.7740120887756348,0.3873027639610882
12807,blue,powerlaw,3,7,-0.035702843219041824,1.2906388361628702,1.326341679381912,1.3906416211809431,0.3873027639610882
12807,red,constant,1,6,0.9767621159553528,0.952541172504425,-0.024220943450927734,0.13134893774986267,0.3873027639601787
12807,red,constant,2,6,0.808391273021698,0.952541172504425,0.14414989948272705,0.14288623134295145,0.3873027639601787
12807,red,constant,3,7,1.0374664068222046,0.9525412321090698,-0.08492517471313477,0.14970476286751883,0.3873027639601787
12807,red,powerlaw,1,6,0.9767621159553528,0.9333175282707327,-0.04344458768462012,0.13134893774986267,0.3873027639601787
12807,red,powerlaw,2,6,0.808391273021698,0.9644428173906977,0.1560515443689997,0.14288623134295145,0.3873027639601787
12807,red,powerlaw,3,7,1.0374664068222046,0.9989843279421696,-0.038482078880034964,0.14970476286751883,0.3873027639601787
6267,blue,constant,1,6,0.052996356040239334,0.13040262460708618,0.07740626856684685,0.0904811422030131,6.37195996219134
6267,blue,constant,2,7,0.18607363104820251,0.13040262460708618,-0.05567100644111633,0.11209158386502947,6.37195996219134
6267,blue,constant,3,7,-0.03261410444974899,0.13040262460708618,0.16301672905683517,0.19593574319567,6.37195996219134
6267,blue,powerlaw,1,6,0.052996356040239334,0.17166809303871144,0.11867173699847211,0.0904811422030131,6.37195996219134
6267,blue,powerlaw,2,7,0.18607363104820251,0.16160173284265844,-0.024471898205544074,0.11209158386502947,6.37195996219134
6267,blue,powerlaw,3,7,-0.03261410444974899,0.15114058232462285,0.18375468677437184,0.19593574319567,6.37195996219134
6267,red,constant,1,6,1.0211055278778076,1.1016980409622192,0.08059251308441162,0.01663217321038246,6.371959962190886
6267,red,constant,2,7,1.1127164363861084,1.1016980409622192,-0.01101839542388916,0.015452221035957336,6.371959962190886
6267,red,constant,3,7,1.1112024784088135,1.1016980409622192,-0.009504437446594238,0.01706887994493757,6.371959962190886
6267,red,powerlaw,1,6,1.0211055278778076,1.1235418695390205,0.10243634166121285,0.01663217321038246,6.371959962190886
6267,red,powerlaw,2,7,1.1127164363861084,1.1187622690414523,0.0060458326553438635,0.015452221035957336,6.371959962190886
6267,red,powerlaw,3,7,1.1112024784088135,1.113691173168715,0.002488694759901433,0.01706887994493757,6.371959962190886
5468,blue,constant,1,9,0.8976268768310547,1.041877269744873,0.14425039291381836,0.3894600338406033,7.72006910165419
5468,blue,constant,2,9,0.5187709331512451,1.041877269744873,0.5231063365936279,0.5135993957519531,7.72006910165419
5468,blue,constant,3,10,0.7845243811607361,1.0418773889541626,0.2573530077934265,0.8034106254577636,7.72006910165419
5468,blue,powerlaw,1,9,0.8976268768310547,0.8580426552487571,-0.039584221582297574,0.3894600338406033,7.72006910165419
5468,blue,powerlaw,2,9,0.5187709331512451,0.812298013764918,0.29352708061367283,0.5135993957519531,7.72006910165419
5468,blue,powerlaw,3,10,0.7845243811607361,0.7654525886465039,-0.01907179251423219,0.8034106254577636,7.72006910165419
5468,red,constant,1,9,0.5774523019790649,0.49589040875434875,-0.08156189322471619,0.08815340863333808,7.72006910165328
5468,red,constant,2,9,0.5507090091705322,0.49589040875434875,-0.05481860041618347,0.09567523002624512,7.72006910165328
5468,red,constant,3,10,0.7039116024971008,0.49589043855667114,-0.2080211639404297,0.1014911413192749,7.72006910165328
5468,red,powerlaw,1,9,0.5774523019790649,0.5425320430315399,-0.03492025894752504,0.08815340863333808,7.72006910165328
5468,red,powerlaw,2,9,0.5507090091705322,0.5435270713295997,-0.007181937840932573,0.09567523002624512,7.72006910165328
5468,red,powerlaw,3,10,0.7039116024971008,0.5445682676084358,-0.15934333488866503,0.1014911413192749,7.72006910165328
10446,blue,constant,1,9,0.5813486576080322,2.1239981651306152,1.542649507522583,0.9318244722154405,5.648010982356936
10446,blue,constant,2,9,-0.4648367166519165,2.1239981651306152,2.5888348817825317,1.299783706665039,5.648010982356936
10446,blue,constant,3,10,-1.007903814315796,2.1239981651306152,3.131901979446411,2.224910354614258,5.648010982356936
10446,blue,powerlaw,1,9,0.5813486576080322,1.320355665447722,0.7390070078396898,0.9318244722154405,5.648010982356936
10446,blue,powerlaw,2,9,-0.4648367166519165,1.4098608435781619,1.8746975602300784,1.299783706665039,5.648010982356936
10446,blue,powerlaw,3,10,-1.007903814315796,1.5138824887981397,2.5217863031139354,2.224910354614258,5.648010982356936
10446,red,constant,1,9,0.5255593061447144,0.7741634845733643,0.2486041784286499,0.23739035924275717,5.648010982356936
10446,red,constant,2,9,1.3055936098098755,0.7741634845733643,-0.5314301252365112,0.2928012212117513,5.648010982356936
10446,red,constant,3,10,0.9648887515068054,0.7741634249687195,-0.19072532653808594,0.3308419704437256,5.648010982356936
10446,red,powerlaw,1,9,0.5255593061447144,0.7656104967873301,0.2400511906426157,0.23739035924275717,5.648010982356936
10446,red,powerlaw,2,9,1.3055936098098755,0.8933893417167496,-0.41220426809312594,0.2928012212117513,5.648010982356936
10446,red,powerlaw,3,10,0.9648887515068054,1.0499161920146745,0.08502744050786903,0.3308419704437256,5.648010982356936
8010,blue,constant,1,9,-0.7109910845756531,0.16564308106899261,0.8766341656446457,0.9627832836574979,3.461893643221174
8010,blue,constant,2,9,3.13704776763916,0.16564308106899261,-2.9714046865701675,1.3338619867960613,3.461893643221174
8010,blue,constant,3,9,0.8751308917999268,0.16564308106899261,-0.7094878107309341,2.518402523464627,3.461893643221174
8010,blue,powerlaw,1,9,-0.7109910845756531,0.5462537678511942,1.2572448524268474,0.9627832836574979,3.461893643221174
8010,blue,powerlaw,2,9,3.13704776763916,0.46435755118373884,-2.6726902164554214,1.3338619867960613,3.461893643221174
8010,blue,powerlaw,3,9,0.8751308917999268,0.3929876331455483,-0.48214325865437846,2.518402523464627,3.461893643221174
8010,red,constant,1,9,0.7377346754074097,1.0143284797668457,0.27659380435943604,0.16800799634721544,3.4618936432198097
8010,red,constant,2,9,1.0276975631713867,1.0143284797668457,-0.013369083404541016,0.20004378424750435,3.4618936432198097
8010,red,constant,3,9,0.6029584407806396,1.0143284797668457,0.41137003898620605,0.22471117973327637,3.4618936432198097
8010,red,powerlaw,1,9,0.7377346754074097,0.8432591391591484,0.10552446375173874,0.16800799634721544,3.4618936432198097
8010,red,powerlaw,2,9,1.0276975631713867,0.8519170820013291,-0.17578048117005762,0.20004378424750435,3.4618936432198097
8010,red,powerlaw,3,9,0.6029584407806396,0.8605725008570804,0.2576140600764407,0.22471117973327637,3.4618936432198097
13061,blue,constant,1,8,1.3966937065124512,1.5202744007110596,0.1235806941986084,0.42534658312797546,2.1450668980105547
13061,blue,constant,2,9,0.21518391370773315,1.5202744007110596,1.3050904870033264,0.5672618018256294,2.1450668980105547
13061,blue,constant,3,9,1.7801289558410645,1.5202744007110596,-0.2598545551300049,1.1535506778293185,2.1450668980105547
13061,blue,powerlaw,1,8,1.3966937065124512,1.6709780477353644,0.27428434122291323,0.42534658312797546,2.1450668980105547
13061,blue,powerlaw,2,9,0.21518391370773315,1.9940427483965688,1.7788588346888357,0.5672618018256294,2.1450668980105547
13061,blue,powerlaw,3,9,1.7801289558410645,2.4159545227139696,0.6358255668729051,1.1535506778293185,2.1450668980105547
13061,red,constant,1,8,0.6080272793769836,0.7090787887573242,0.10105150938034058,0.09673833847045898,2.1450668980105547
13061,red,constant,2,9,0.5114381313323975,0.7090787887573242,0.19764065742492676,0.0968235797352261,2.1450668980105547
13061,red,constant,3,9,0.8090701103210449,0.7090787887573242,-0.0999913215637207,0.10874711142645942,2.1450668980105547
13061,red,powerlaw,1,8,0.6080272793769836,0.5826832943818426,-0.02534398499514101,0.09673833847045898,2.1450668980105547
13061,red,powerlaw,2,9,0.5114381313323975,0.5594521146569406,0.0480139833245431,0.0968235797352261,2.1450668980105547
13061,red,powerlaw,3,9,0.8090701103210449,0.5360931198595605,-0.2729769904614844,0.10874711142645942,2.1450668980105547
1159,blue,constant,1,10,1.236305594444275,0.8849490880966187,-0.35135650634765625,0.18055741786956786,6.948285916500936
1159,blue,constant,2,10,0.8466632962226868,0.8849490880966187,0.038285791873931885,0.22515432834625243,6.948285916500936
1159,blue,constant,3,10,0.8857534527778625,0.8849490880966187,-0.0008043646812438965,0.3387894153594971,6.948285916500936
1159,blue,powerlaw,1,10,1.236305594444275,1.015234220541704,-0.22107137390257092,0.18055741786956786,6.948285916500936
1159,blue,powerlaw,2,10,0.8466632962226868,1.0058509434549565,0.15918764723226975,0.22515432834625243,6.948285916500936
1159,blue,powerlaw,3,10,0.8857534527778625,0.9962983969075806,0.11054494412971805,0.3387894153594971,6.948285916500936
1159,red,constant,1,10,0.6256741881370544,0.6916248202323914,0.06595063209533691,0.04532899260520935,6.948285916501845
1159,red,constant,2,10,0.6246145367622375,0.6916248202323914,0.06701028347015381,0.04696712493896484,6.948285916501845
1159,red,constant,3,10,0.5775914788246155,0.6916248202323914,0.11403334140777588,0.05813169479370117,6.948285916501845
1159,red,powerlaw,1,10,0.6256741881370544,0.696838142419586,0.07116395428253153,0.04532899260520935,6.948285916501845
1159,red,powerlaw,2,10,0.6246145367622375,0.720407426236196,0.09579288947395848,0.04696712493896484,6.948285916501845
1159,red,powerlaw,3,10,0.5775914788246155,0.744513307652443,0.16692182882782747,0.05813169479370117,6.948285916501845
148,blue,constant,1,5,-0.04541637748479843,0.07725531607866287,0.1226716935634613,0.2343827247619629,8.444600529628133
148,blue,constant,2,6,0.05715996026992798,0.07725531607866287,0.020095355808734894,0.31232049067815143,8.444600529628133
148,blue,constant,3,6,0.41875743865966797,0.07725531607866287,-0.3415021225810051,0.4372170766194661,8.444600529628133
148,blue,powerlaw,1,5,-0.04541637748479843,0.08853257253166001,0.13394895001645846,0.2343827247619629,8.444600529628133
148,blue,powerlaw,2,6,0.05715996026992798,0.07734265789707916,0.020182697627151178,0.31232049067815143,8.444600529628133
148,blue,powerlaw,3,6,0.41875743865966797,0.06644984214176496,-0.352307596517903,0.4372170766194661,8.444600529628133
148,red,constant,1,5,1.1395717859268188,1.1436772346496582,0.0041054487228393555,0.06493735909461976,8.444600529628588
148,red,constant,2,6,1.2508372068405151,1.1436772346496582,-0.10715997219085693,0.06028033792972565,8.444600529628588
148,red,constant,3,6,1.2974416017532349,1.1436772346496582,-0.15376436710357666,0.06634240349133809,8.444600529628588
148,red,powerlaw,1,5,1.1395717859268188,1.1546477934983324,0.015076007571513506,0.06493735909461976,8.444600529628588
148,red,powerlaw,2,6,1.2508372068405151,1.1465086460941059,-0.10432856074640928,0.06028033792972565,8.444600529628588
148,red,powerlaw,3,6,1.2974416017532349,1.1377869410291812,-0.15965466072405365,0.06634240349133809,8.444600529628588
2520,blue,constant,1,6,0.5108293890953064,0.0336451381444931,-0.4771842509508133,0.30635472138722736,18.104970509503346
2520,blue,constant,2,5,0.19654323160648346,0.0336451381444931,-0.16289809346199036,0.4557675361633301,18.104970509503346
2520,blue,constant,3,6,-0.26890793442726135,0.0336451381444931,0.30255307257175446,0.6913088957468668,18.104970509503346
2520,blue,powerlaw,1,6,0.5108293890953064,0.03613888329437731,-0.4746905058009291,0.30635472138722736,18.104970509503346
2520,blue,powerlaw,2,5,0.19654323160648346,0.030806535729358014,-0.16573669587712545,0.4557675361633301,18.104970509503346
2520,blue,powerlaw,3,6,-0.26890793442726135,0.026162406419475703,0.29507034084673706,0.6913088957468668,18.104970509503346
2520,red,constant,1,6,1.3662608861923218,1.306012749671936,-0.06024813652038574,0.07061642408370972,18.10497050950471
2520,red,constant,2,5,1.3458278179168701,1.306012749671936,-0.03981506824493408,0.0831061840057373,18.10497050950471
2520,red,constant,3,6,1.6231846809387207,1.306012749671936,-0.31717193126678467,0.09414984782536824,18.10497050950471
2520,red,powerlaw,1,6,1.3662608861923218,1.2494047449789398,-0.11685614121338195,0.07061642408370972,18.10497050950471
2520,red,powerlaw,2,5,1.3458278179168701,1.2539950281315293,-0.09183278978534082,0.0831061840057373,18.10497050950471
2520,red,powerlaw,3,6,1.6231846809387207,1.258552365555925,-0.3646323153827957,0.09414984782536824,18.10497050950471
5128,blue,constant,1,5,1.880584478378296,1.0679000616073608,-0.8126844167709351,0.579110860824585,1.3464338629410122
5128,blue,constant,2,5,3.9196414947509766,1.0679000616073608,-2.8517414331436157,0.7639974117279053,1.3464338629410122
5128,blue,constant,3,6,3.101158857345581,1.0679000616073608,-2.03325879573822,1.334653377532959,1.3464338629410122
5128,blue,powerlaw,1,5,1.880584478378296,0.8454023638877786,-1.0351821144905173,0.579110860824585,1.3464338629410122
5128,blue,powerlaw,2,5,3.9196414947509766,0.798161262615641,-3.1214802321353354,0.7639974117279053,1.3464338629410122
5128,blue,powerlaw,3,6,3.101158857345581,0.7480000259105383,-2.3531588314350427,1.334653377532959,1.3464338629410122
5128,red,constant,1,5,0.5775190591812134,0.5931206345558167,0.015601575374603271,0.18224369287490844,1.3464338629401027
5128,red,constant,2,5,0.8372820615768433,0.5931206345558167,-0.2441614270210266,0.1931147575378418,1.3464338629401027
5128,red,constant,3,6,0.8228011131286621,0.5931206345558167,-0.22968047857284546,0.24030049641927084,1.3464338629401027
5128,red,powerlaw,1,5,0.5775190591812134,0.8420771088953746,0.2645580497141612,0.18224369287490844,1.3464338629401027
5128,red,powerlaw,2,5,0.8372820615768433,0.8317876533082842,-0.00549440826855907,0.1931147575378418,1.3464338629401027
5128,red,powerlaw,3,6,0.8228011131286621,0.8207311125822726,-0.0020700005463895055,0.24030049641927084,1.3464338629401027
11079,blue,constant,1,6,3.0881855487823486,2.8688580989837646,-0.21932744979858398,0.2538760304450989,14.23325488140199
11079,blue,constant,2,6,4.048512935638428,2.8688580989837646,-1.179654836654663,0.3409248987833659,14.23325488140199
11079,blue,constant,3,6,6.76188850402832,2.8688580989837646,-3.8930304050445557,0.6533120075861613,14.23325488140199
11079,blue,powerlaw,1,6,3.0881855487823486,3.685593088565731,0.5974075397833825,0.2538760304450989,14.23325488140199
11079,blue,powerlaw,2,6,4.048512935638428,4.18466691444868,0.1361539788102526,0.3409248987833659,14.23325488140199
11079,blue,powerlaw,3,6,6.76188850402832,4.768484542493576,-1.993403961534744,0.6533120075861613,14.23325488140199
11079,red,constant,1,6,1.1254831552505493,1.1989206075668335,0.07343745231628418,0.03478296846151352,14.2332548814029
11079,red,constant,2,6,1.2137287855148315,1.1989206075668335,-0.014808177947998047,0.03667506823937098,14.2332548814029
11079,red,constant,3,6,1.1631191968917847,1.1989206075668335,0.03580141067504883,0.047716930508613586,14.2332548814029
11079,red,powerlaw,1,6,1.1254831552505493,1.187709603493987,0.06222644824343759,0.03478296846151352,14.2332548814029
11079,red,powerlaw,2,6,1.2137287855148315,1.2051303257397952,-0.008598459775036371,0.03667506823937098,14.2332548814029
11079,red,powerlaw,3,6,1.1631191968917847,1.222614952876025,0.059495755984240395,0.047716930508613586,14.2332548814029
7298,blue,constant,1,5,-0.03282465785741806,0.15229110419750214,0.1851157620549202,0.27555556297302247,2.96474889814408
7298,blue,constant,2,5,-0.4452941417694092,0.15229110419750214,0.5975852459669113,0.34640088081359866,2.96474889814408
7298,blue,constant,3,6,0.21690602600574493,0.15229110419750214,-0.0646149218082428,0.5518050193786621,2.96474889814408
7298,blue,powerlaw,1,5,-0.03282465785741806,0.21664224466166604,0.2494669025190841,0.27555556297302247,2.96474889814408
7298,blue,powerlaw,2,5,-0.4452941417694092,0.2602129132144181,0.7055070549838273,0.34640088081359866,2.96474889814408
7298,blue,powerlaw,3,6,0.21690602600574493,0.3203019448454037,0.10339591883965876,0.5518050193786621,2.96474889814408
7298,red,constant,1,5,1.467759370803833,1.503496527671814,0.03573715686798096,0.08029248714447021,2.964748898144535
7298,red,constant,2,5,1.4425649642944336,1.503496527671814,0.06093156337738037,0.0840494990348816,2.964748898144535
7298,red,constant,3,6,1.113036036491394,1.503496527671814,0.3904604911804199,0.09560731053352356,2.964748898144535
7298,red,powerlaw,1,5,1.467759370803833,1.4226662330194695,-0.045093137784363524,0.08029248714447021,2.964748898144535
7298,red,powerlaw,2,5,1.4425649642944336,1.4412617065790918,-0.001303257715341788,0.0840494990348816,2.964748898144535
7298,red,powerlaw,3,6,1.113036036491394,1.4617852770607733,0.3487492405693793,0.09560731053352356,2.964748898144535
4472,blue,constant,1,6,0.12744028866291046,0.33145058155059814,0.20401029288768768,0.1460114320119222,15.830736335532492
4472,blue,constant,2,5,-0.04883594065904617,0.33145058155059814,0.3802865222096443,0.2232900619506836,15.830736335532492
4472,blue,constant,3,6,0.4001806676387787,0.33145058155059814,-0.06873008608818054,0.3791617155075073,15.830736335532492
4472,blue,powerlaw,1,6,0.12744028866291046,0.33540068054970734,0.20796039188679688,0.1460114320119222,15.830736335532492
4472,blue,powerlaw,2,5,-0.04883594065904617,0.35300409572032254,0.4018400363793687,0.2232900619506836,15.830736335532492
4472,blue,powerlaw,3,6,0.4001806676387787,0.37210364158883036,-0.028077026049948328,0.3791617155075073,15.830736335532492
4472,red,constant,1,6,1.1124166250228882,1.1356139183044434,0.023197293281555176,0.04574553668498993,15.830736335532492
4472,red,constant,2,5,1.2598350048065186,1.1356139183044434,-0.1242210865020752,0.054731905460357666,15.830736335532492
4472,red,constant,3,6,1.1291784048080444,1.1356139183044434,0.006435513496398926,0.06329951683680217,15.830736335532492
4472,red,powerlaw,1,6,1.1124166250228882,1.1704098475715308,0.05799322254864259,0.04574553668498993,15.830736335532492
4472,red,powerlaw,2,5,1.2598350048065186,1.1672844928191544,-0.09255051198736419,0.054731905460357666,15.830736335532492
4472,red,powerlaw,3,6,1.1291784048080444,1.164201407557589,0.03502300274954462,0.06329951683680217,15.830736335532492
2489,blue,constant,1,6,3.1297457218170166,2.2485768795013428,-0.8811688423156738,0.8532222112019857,13.265057570438785
2489,blue,constant,2,5,3.028783082962036,2.2485768795013428,-0.7802062034606934,1.2674125671386718,13.265057570438785
2489,blue,constant,3,6,-2.0357158184051514,2.2485768795013428,4.284292697906494,1.9263960520426433,13.265057570438785
2489,blue,powerlaw,1,6,3.1297457218170166,2.348186509075416,-0.7815592127416005,0.8532222112019857,13.265057570438785
2489,blue,powerlaw,2,5,3.028783082962036,2.5660821581667927,-0.4627009247952434,1.2674125671386718,13.265057570438785
2489,blue,powerlaw,3,6,-2.0357158184051514,2.8119211624610494,4.8476369808662,1.9263960520426433,13.265057570438785
2489,red,constant,1,6,0.8802621960639954,1.2950125932693481,0.4147503972053528,0.18450470765431723,13.26505757043924
2489,red,constant,2,5,1.051164984703064,1.2950127124786377,0.24384772777557373,0.21471948623657228,13.26505757043924
2489,red,constant,3,6,1.0855802297592163,1.2950125932693481,0.20943236351013184,0.23326190312703451,13.26505757043924
2489,red,powerlaw,1,6,0.8802621960639954,1.115915932799761,0.23565373673576562,0.18450470765431723,13.26505757043924
2489,red,powerlaw,2,5,1.051164984703064,1.1423933192406241,0.09122833453756019,0.21471948623657228,13.26505757043924
2489,red,powerlaw,3,6,1.0855802297592163,1.1692237355841884,0.08364350582497204,0.23326190312703451,13.26505757043924
10325,blue,constant,1,6,1.4689911603927612,1.6816357374191284,0.2126445770263672,0.41681476434071857,9.238520153429363
10325,blue,constant,2,5,1.1100622415542603,1.6816356182098389,0.5715733766555786,0.5889051914215088,9.238520153429363
10325,blue,constant,3,6,2.505528211593628,1.6816357374191284,-0.8238924741744995,0.8542485237121582,9.238520153429363
10325,blue,powerlaw,1,6,1.4689911603927612,1.2906086790233056,-0.17838248136945567,0.41681476434071857,9.238520153429363
10325,blue,powerlaw,2,5,1.1100622415542603,1.339244324343404,0.22918208278914376,0.5889051914215088,9.238520153429363
10325,blue,powerlaw,3,6,2.505528211593628,1.3912081458573173,-1.1143200657363106,0.8542485237121582,9.238520153429363
10325,red,constant,1,6,1.0524650812149048,0.888078510761261,-0.1643865704536438,0.12082070112228394,9.238520153428908
10325,red,constant,2,5,1.014169692993164,0.888078510761261,-0.12609118223190308,0.1265607237815857,9.238520153428908
10325,red,constant,3,6,0.995737612247467,0.888078510761261,-0.10765910148620605,0.13281717896461487,9.238520153428908
10325,red,powerlaw,1,6,1.0524650812149048,0.8397613070549849,-0.21270377415991992,0.12082070112228394,9.238520153428908
10325,red,powerlaw,2,5,1.014169692993164,0.8232450264119997,-0.19092466658116436,0.1265607237815857,9.238520153428908
10325,red,powerlaw,3,6,0.995737612247467,0.8072329614730536,-0.18850465077441347,0.13281717896461487,9.238520153428908
10569,blue,constant,1,6,1.4920340776443481,0.8949751257896423,-0.5970589518547058,0.4962922732035319,18.581229374823124
10569,blue,constant,2,5,0.6980342268943787,0.8949750661849976,0.1969408392906189,0.7351198673248291,18.581229374823124
10569,blue,constant,3,6,0.8338639140129089,0.8949751257896423,0.0611112117767334,1.3553473154703777,18.581229374823124
10569,blue,powerlaw,1,6,1.4920340776443481,0.8544165850930338,-0.6376174925513144,0.4962922732035319,18.581229374823124
10569,blue,powerlaw,2,5,0.6980342268943787,0.8837439880073905,0.18570976111301185,0.7351198673248291,18.581229374823124
10569,blue,powerlaw,3,6,0.8338639140129089,0.9149939516377414,0.08113003762483251,1.3553473154703777,18.581229374823124
10569,red,constant,1,6,0.7656252980232239,0.9402924180030823,0.1746671199798584,0.12408728400866191,18.581229374824034
10569,red,constant,2,5,0.7471239566802979,0.940292477607727,0.1931685209274292,0.15683084726333618,18.581229374824034
10569,red,constant,3,6,0.7151610255241394,0.9402924180030823,0.22513139247894287,0.16954185565312704,18.581229374824034
10569,red,powerlaw,1,6,0.7656252980232239,0.8585362587992664,0.09291096077604255,0.12408728400866191,18.581229374824034
10569,red,powerlaw,2,5,0.7471239566802979,0.8316451409669167,0.08452118428661881,0.15683084726333618,18.581229374824034
10569,red,powerlaw,3,6,0.7151610255241394,0.8059006876026951,0.09073966207855566,0.16954185565312704,18.581229374824034
1768,blue,constant,1,6,0.2754959762096405,0.2544991075992584,-0.02099686861038208,0.18299885590871176,11.410805150687338
1768,blue,constant,2,5,-0.16838690638542175,0.2544991075992584,0.4228860139846802,0.26959493160247805,11.410805150687338
1768,blue,constant,3,6,-0.3029772937297821,0.2544991075992584,0.5574764013290405,0.3915973901748657,11.410805150687338
1768,blue,powerlaw,1,6,0.2754959762096405,0.37394019114571014,0.09844421493606964,0.18299885590871176,11.410805150687338
1768,blue,powerlaw,2,5,-0.16838690638542175,0.5547749157099161,0.7231618220953379,0.26959493160247805,11.410805150687338
1768,blue,powerlaw,3,6,-0.3029772937297821,0.8363656482530746,1.1393429419828567,0.3915973901748657,11.410805150687338
1768,red,constant,1,6,1.1650203466415405,1.104988932609558,-0.06003141403198242,0.040401394168535866,11.410805150686429
1768,red,constant,2,5,1.265637755393982,1.1049888134002686,-0.16064894199371338,0.04424768090248108,11.410805150686429
1768,red,constant,3,6,1.1701816320419312,1.104988932609558,-0.06519269943237305,0.04712731142838796,11.410805150686429
1768,red,powerlaw,1,6,1.1650203466415405,1.125271072015977,-0.039749274625563435,0.040401394168535866,11.410805150686429
1768,red,powerlaw,2,5,1.265637755393982,1.1082969344018267,-0.15734082099215518,0.04424768090248108,11.410805150686429
1768,red,powerlaw,3,6,1.1701816320419312,1.091763499561297,-0.07841813248063412,0.04712731142838796,11.410805150686429
943,blue,constant,1,6,0.12855111062526703,0.03945852816104889,-0.08909258246421814,0.11588991681734721,4.823750892696353
943,blue,constant,2,6,0.1460932493209839,0.03945852816104889,-0.106634721159935,0.1488166352113088,4.823750892696353
943,blue,constant,3,6,0.024364957585930824,0.03945852816104889,0.015093570575118065,0.20547819137573242,4.823750892696353
943,blue,powerlaw,1,6,0.12855111062526703,0.09350911558401047,-0.03504199504125656,0.11588991681734721,4.823750892696353
943,blue,powerlaw,2,6,0.1460932493209839,0.09189981141202519,-0.0541934379089587,0.1488166352113088,4.823750892696353
943,blue,powerlaw,3,6,0.024364957585930824,0.09027515168979446,0.06591019410386363,0.20547819137573242,4.823750892696353
943,red,constant,1,6,1.29009211063385,1.207743763923645,-0.08234834671020508,0.038479077319304146,4.823750892695898
943,red,constant,2,6,1.2517322301864624,1.207743763923645,-0.04398846626281738,0.041351442535718284,4.823750892695898
943,red,constant,3,6,1.3315377235412598,1.207743763923645,-0.12379395961761475,0.045515552163124084,4.823750892695898
943,red,powerlaw,1,6,1.29009211063385,1.2995522720034796,0.00946016136962946,0.038479077319304146,4.823750892695898
943,red,powerlaw,2,6,1.2517322301864624,1.3176369446534941,0.06590471446703172,0.041351442535718284,4.823750892695898
943,red,powerlaw,3,6,1.3315377235412598,1.3357804679052216,0.004242744363961881,0.045515552163124084,4.823750892695898
8148,blue,constant,1,6,0.27664464712142944,0.6410265564918518,0.36438190937042236,0.5170998573303223,16.66102639276005
8148,blue,constant,2,6,1.1775784492492676,0.6410265564918518,-0.5365518927574158,0.6936751206715902,16.66102639276005
8148,blue,constant,3,7,-1.1221925020217896,0.6410265564918518,1.7632190585136414,1.1144990239824568,16.66102639276005
8148,blue,powerlaw,1,6,0.27664464712142944,0.4706588141073073,0.19401416698587787,0.5170998573303223,16.66102639276005
8148,blue,powerlaw,2,6,1.1775784492492676,0.3947724956841734,-0.7828059535650942,0.6936751206715902,16.66102639276005
8148,blue,powerlaw,3,7,-1.1221925020217896,0.3247023102312057,1.4468948122529952,1.1144990239824568,16.66102639276005
8148,red,constant,1,6,1.209920048713684,1.0754603147506714,-0.1344597339630127,0.10824971397717793,16.661026392759595
8148,red,constant,2,6,0.772912323474884,1.0754603147506714,0.30254799127578735,0.13440342744191489,16.661026392759595
8148,red,constant,3,7,1.241404414176941,1.0754603147506714,-0.16594409942626953,0.12471275670187813,16.661026392759595
8148,red,powerlaw,1,6,1.209920048713684,0.8825444335157799,-0.32737561519790415,0.10824971397717793,16.661026392759595
8148,red,powerlaw,2,6,0.772912323474884,0.877460743963327,0.10454842048844293,0.13440342744191489,16.661026392759595
8148,red,powerlaw,3,7,1.241404414176941,0.8720461657232633,-0.3693582484536776,0.12471275670187813,16.661026392759595
7183,blue,constant,1,6,-0.027969518676400185,0.009400474838912487,0.03736999351531267,0.19673816363016763,11.122104747616504
7183,blue,constant,2,6,-0.19453100860118866,0.009400474838912487,0.20393148344010115,0.2706482410430908,11.122104747616504
7183,blue,constant,3,6,-0.6475908160209656,0.009400474838912487,0.6569912908598781,0.45212264855702716,11.122104747616504
7183,blue,powerlaw,1,6,-0.027969518676400185,0.00011934599618060113,0.028088864672580784,0.19673816363016763,11.122104747616504
7183,blue,powerlaw,2,6,-0.19453100860118866,4.993312219368837e-05,0.19458094172338236,0.2706482410430908,11.122104747616504
7183,blue,powerlaw,3,6,-0.6475908160209656,2.03902760001852e-05,0.6476112062969658,0.45212264855702716,11.122104747616504
7183,red,constant,1,6,1.4636311531066895,1.3322056531906128,-0.13142549991607666,0.048591285943984985,11.122104747615595
7183,red,constant,2,6,1.3623204231262207,1.3322056531906128,-0.03011476993560791,0.052645827333132424,11.122104747615595
7183,red,constant,3,6,1.4467500448226929,1.3322056531906128,-0.11454439163208008,0.0574695219596227,11.122104747615595
7183,red,powerlaw,1,6,1.4636311531066895,1.3801747455952251,-0.08345640751146433,0.048591285943984985,11.122104747615595
7183,red,powerlaw,2,6,1.3623204231262207,1.4241377193112505,0.061817296185029846,0.052645827333132424,11.122104747615595
7183,red,powerlaw,3,6,1.4467500448226929,1.4690096428347028,0.02225959801200994,0.0574695219596227,11.122104747615595
12088,blue,constant,1,6,0.22394728660583496,0.09082803130149841,-0.13311925530433655,0.16480757792790732,12.422052013706434
12088,blue,constant,2,5,0.2346908152103424,0.09082803130149841,-0.143862783908844,0.25135254859924316,12.422052013706434
12088,blue,constant,3,6,-0.5631393790245056,0.09082803130149841,0.653967410326004,0.40249188741048175,12.422052013706434
12088,blue,powerlaw,1,6,0.22394728660583496,0.06965835005744593,-0.15428893654838904,0.16480757792790732,12.422052013706434
12088,blue,powerlaw,2,5,0.2346908152103424,0.06580969031550914,-0.16888112489483326,0.25135254859924316,12.422052013706434
12088,blue,powerlaw,3,6,-0.5631393790245056,0.06208053828719073,0.6252199173116963,0.40249188741048175,12.422052013706434
12088,red,constant,1,6,1.0928593873977661,0.9955680966377258,-0.09729129076004028,0.03725109746058782,12.422052013707798
12088,red,constant,2,5,1.187414526939392,0.9955680966377258,-0.19184643030166626,0.04682505130767822,12.422052013707798
12088,red,constant,3,6,1.2473994493484497,0.9955680966377258,-0.2518313527107239,0.06545003255208333,12.422052013707798
12088,red,powerlaw,1,6,1.0928593873977661,1.1232429360706615,0.03038354867289539,0.03725109746058782,12.422052013707798
12088,red,powerlaw,2,5,1.187414526939392,1.110300732641352,-0.07711379429804,0.04682505130767822,12.422052013707798
12088,red,powerlaw,3,6,1.2473994493484497,1.0976480952136842,-0.14975135413476548,0.06545003255208333,12.422052013707798
8692,blue,constant,1,5,0.13389478623867035,0.14905308187007904,0.015158295631408691,0.17854350805282593,5.465818365916675
8692,blue,constant,2,6,0.2603050768375397,0.14905308187007904,-0.11125199496746063,0.2319453557332357,5.465818365916675
8692,blue,constant,3,6,-0.35817602276802063,0.14905308187007904,0.5072291046380997,0.3572473128636678,5.465818365916675
8692,blue,powerlaw,1,5,0.13389478623867035,0.13271538641951963,-0.0011793998191507171,0.17854350805282593,5.465818365916675
8692,blue,powerlaw,2,6,0.2603050768375397,0.11715992960099887,-0.14314514723654082,0.2319453557332357,5.465818365916675
8692,blue,powerlaw,3,6,-0.35817602276802063,0.10185478078876237,0.460030803556783,0.3572473128636678,5.465818365916675
8692,red,constant,1,5,1.2019147872924805,1.1108100414276123,-0.09110474586486816,0.04735561013221741,5.465818365915766
8692,red,constant,2,6,1.1662122011184692,1.1108101606369019,-0.05540204048156738,0.044882272680600487,5.465818365915766
8692,red,constant,3,6,1.135724663734436,1.1108101606369019,-0.02491450309753418,0.05623342593510946,5.465818365915766
8692,red,powerlaw,1,5,1.2019147872924805,1.0987706204221293,-0.10314416687035122,0.04735561013221741,5.465818365915766
8692,red,powerlaw,2,6,1.1662122011184692,1.0951834890768026,-0.07102871204166661,0.044882272680600487,5.465818365915766
8692,red,powerlaw,3,6,1.135724663734436,1.0913241453162952,-0.044400518418140855,0.05623342593510946,5.465818365915766
8353,blue,constant,1,6,-0.14320798218250275,0.27540504932403564,0.4186130315065384,0.18049867947896323,10.611601640058325
8353,blue,constant,2,5,0.1475605070590973,0.27540504932403564,0.12784454226493835,0.2687805652618408,10.611601640058325
8353,blue,constant,3,6,-0.2574010491371155,0.27540504932403564,0.5328060984611511,0.5150794188181559,10.611601640058325
8353,blue,powerlaw,1,6,-0.14320798218250275,0.2333632243182703,0.376571206500773,0.18049867947896323,10.611601640058325
8353,blue,powerlaw,2,5,0.1475605070590973,0.2418074379131109,0.09424693085401362,0.2687805652618408,10.611601640058325
8353,blue,powerlaw,3,6,-0.2574010491371155,0.2508170912510877,0.5082181403882031,0.5150794188181559,10.611601640058325
8353,red,constant,1,6,1.1909111738204956,1.106857419013977,-0.08405375480651855,0.049087703227996826,10.611601640057415
8353,red,constant,2,5,1.3069685697555542,1.106857419013977,-0.20011115074157715,0.06937492489814759,10.611601640057415
8353,red,constant,3,6,1.3118256330490112,1.106857419013977,-0.20496821403503418,0.08033140003681183,10.611601640057415
8353,red,powerlaw,1,6,1.1909111738204956,1.143073747545663,-0.04783742627483267,0.049087703227996826,10.611601640057415
8353,red,powerlaw,2,5,1.3069685697555542,1.1375668157090664,-0.16940175404648783,0.06937492489814759,10.611601640057415
8353,red,powerlaw,3,6,1.3118256330490112,1.132145349034871,-0.17968028401414027,0.08033140003681183,10.611601640057415
10065,blue,constant,1,5,0.1664353907108307,1.254847764968872,1.0884123742580414,0.8231880187988281,5.421605089774403
10065,blue,constant,2,6,3.5020172595977783,1.2548476457595825,-2.247169613838196,1.1227231820424397,5.421605089774403
10065,blue,constant,3,6,5.299665927886963,1.2548476457595825,-4.04481828212738,2.36519193649292,5.421605089774403
10065,blue,powerlaw,1,5,0.1664353907108307,0.986269225594784,0.8198338348839533,0.8231880187988281,5.421605089774403
10065,blue,powerlaw,2,6,3.5020172595977783,0.965201679395222,-2.5368155802025565,1.1227231820424397,5.421605089774403
10065,blue,powerlaw,3,6,5.299665927886963,0.9421147968045389,-4.357551131082424,2.36519193649292,5.421605089774403
10065,red,constant,1,5,0.8563809394836426,0.6630594730377197,-0.19332146644592285,0.19731925725936889,5.421605089773948
10065,red,constant,2,6,0.6766211986541748,0.6630594730377197,-0.013561725616455078,0.20703866084416708,5.421605089773948
10065,red,constant,3,6,0.5982997417449951,0.6630594730377197,0.06475973129272461,0.25611478090286255,5.421605089773948
10065,red,powerlaw,1,5,0.8563809394836426,0.7138710228475427,-0.1425099166360999,0.19731925725936889,5.421605089773948
10065,red,powerlaw,2,6,0.6766211986541748,0.6769359750611912,0.00031477640701638165,0.20703866084416708,5.421605089773948
10065,red,powerlaw,3,6,0.5982997417449951,0.6391768331238404,0.04087709137884532,0.25611478090286255,5.421605089773948
10408,blue,constant,1,6,1.366172194480896,1.0470703840255737,-0.31910181045532227,0.26741286118825275,10.925020512554966
10408,blue,constant,2,5,0.3955472409725189,1.0470703840255737,0.6515231430530548,0.4143686294555664,10.925020512554966
10408,blue,constant,3,6,1.7424135208129883,1.0470703840255737,-0.6953431367874146,0.7160290082295736,10.925020512554966
10408,blue,powerlaw,1,6,1.366172194480896,1.0570466059161694,-0.3091255885647266,0.26741286118825275,10.925020512554966
10408,blue,powerlaw,2,5,0.3955472409725189,1.089118735357053,0.6935714943845341,0.4143686294555664,10.925020512554966
10408,blue,powerlaw,3,6,1.7424135208129883,1.1231366185564082,-0.61927690225658,0.7160290082295736,10.925020512554966
10408,red,constant,1,6,0.8351598381996155,1.180477499961853,0.34531766176223755,0.0766991376876831,10.925020512553601
10408,red,constant,2,5,0.8957201242446899,1.180477499961853,0.2847573757171631,0.07902751564979553,10.925020512553601
10408,red,constant,3,6,0.8255643844604492,1.180477499961853,0.3549131155014038,0.08355563879013062,10.925020512553601
10408,red,powerlaw,1,6,0.8351598381996155,1.1956986776960772,0.3605388394964617,0.0766991376876831,10.925020512553601
10408,red,powerlaw,2,5,0.8957201242446899,1.1988364864414223,0.3031163621967323,0.07902751564979553,10.925020512553601
10408,red,powerlaw,3,6,0.8255643844604492,1.201949210247899,0.3763848257874498,0.08355563879013062,10.925020512553601
5390,blue,constant,1,6,0.012353062629699707,0.2917218506336212,0.2793687880039215,0.18014140923817953,9.197061377657064
5390,blue,constant,2,5,0.5026498436927795,0.2917218506336212,-0.21092799305915833,0.26321637630462646,9.197061377657064
5390,blue,constant,3,6,0.669215202331543,0.2917218506336212,-0.37749335169792175,0.43014752864837646,9.197061377657064
5390,blue,powerlaw,1,6,0.012353062629699707,0.261510411129335,0.24915734849963528,0.18014140923817953,9.197061377657064
5390,blue,powerlaw,2,5,0.5026498436927795,0.2448851862031604,-0.25776465748961913,0.26321637630462646,9.197061377657064
5390,blue,powerlaw,3,6,0.669215202331543,0.2289283150840036,-0.4402868872475394,0.43014752864837646,9.197061377657064
5390,red,constant,1,6,1.0295673608779907,0.9918850064277649,-0.03768235445022583,0.04108583678801855,9.19706137765752
5390,red,constant,2,5,0.9272292852401733,0.9918850064277649,0.06465572118759155,0.052207165956497194,9.19706137765752
5390,red,constant,3,6,1.040765404701233,0.9918850064277649,-0.04888039827346802,0.04889243344465891,9.19706137765752
5390,red,powerlaw,1,6,1.0295673608779907,1.0179116917390403,-0.011655669138950442,0.04108583678801855,9.19706137765752
5390,red,powerlaw,2,5,0.9272292852401733,1.013884581716851,0.08665529647667758,0.052207165956497194,9.19706137765752
5390,red,powerlaw,3,6,1.040765404701233,1.0099162949456384,-0.030849109755594517,0.04889243344465891,9.19706137765752
12683,blue,constant,1,6,0.787930428981781,1.374083161354065,0.5861527323722839,0.5402812957763672,16.68305335944933
12683,blue,constant,2,6,-0.116146981716156,1.374083161354065,1.490230143070221,0.7262638409932455,16.68305335944933
12683,blue,constant,3,6,3.1804330348968506,1.374083161354065,-1.8063498735427856,1.2027533849080403,16.68305335944933
12683,blue,powerlaw,1,6,0.787930428981781,1.2226556279634682,0.43472519898168716,0.5402812957763672,16.68305335944933
12683,blue,powerlaw,2,6,-0.116146981716156,1.264339693902161,1.380486675618317,0.7262638409932455,16.68305335944933
12683,blue,powerlaw,3,6,3.1804330348968506,1.308695382233428,-1.8717376526634226,1.2027533849080403,16.68305335944933
12683,red,constant,1,6,1.01985764503479,0.942656934261322,-0.07720071077346802,0.1322664519151052,16.68305335944933
12683,red,constant,2,6,0.9683658480644226,0.942656934261322,-0.025708913803100586,0.14259979128837585,16.68305335944933
12683,red,constant,3,6,1.1706591844558716,0.942656934261322,-0.22800225019454956,0.16878191630045572,16.68305335944933
12683,red,powerlaw,1,6,1.01985764503479,0.8860424412835495,-0.13381520375124056,0.1322664519151052,16.68305335944933
12683,red,powerlaw,2,6,0.9683658480644226,0.8720987482561419,-0.09626709980828074,0.14259979128837585,16.68305335944933
12683,red,powerlaw,3,6,1.1706591844558716,0.8585223732146217,-0.3121368112412499,0.16878191630045572,16.68305335944933
1940,blue,constant,1,6,0.2722506821155548,0.09300282597541809,-0.17924785614013672,0.13039037585258484,8.699790262293845
1940,blue,constant,2,6,0.2620542049407959,0.09300282597541809,-0.1690513789653778,0.16524956623713175,8.699790262293845
1940,blue,constant,3,7,-0.2958206534385681,0.09300283342599869,0.3888234868645668,0.24346435070037842,8.699790262293845
1940,blue,powerlaw,1,6,0.2722506821155548,0.139209238384194,-0.13304144373136081,0.13039037585258484,8.699790262293845
1940,blue,powerlaw,2,6,0.2620542049407959,0.13382217232244253,-0.12823203261835336,0.16524956623713175,8.699790262293845
1940,blue,powerlaw,3,7,-0.2958206534385681,0.12807223516098698,0.4238928885995551,0.24346435070037842,8.699790262293845
1940,red,constant,1,6,1.2460989952087402,1.3104052543640137,0.06430625915527344,0.026272880534331005,8.69979026229521
1940,red,constant,2,6,1.243393063545227,1.3104052543640137,0.06701219081878662,0.030202108124891918,8.69979026229521
1940,red,constant,3,7,1.2701432704925537,1.3104051351547241,0.04026186466217041,0.034504675439425876,8.69979026229521
1940,red,powerlaw,1,6,1.2460989952087402,1.3104481095980332,0.06434911438929292,0.026272880534331005,8.69979026229521
1940,red,powerlaw,2,6,1.243393063545227,1.3255333734059283,0.0821403098607012,0.030202108124891918,8.69979026229521
1940,red,powerlaw,3,7,1.2701432704925537,1.3418983900677801,0.0717551195752264,0.034504675439425876,8.69979026229521
12862,blue,constant,1,6,1.629079818725586,2.003296136856079,0.37421631813049316,0.446763277053833,13.75156555450485
12862,blue,constant,2,5,2.665961980819702,2.003296136856079,-0.662665843963623,0.6684704780578613,13.75156555450485
12862,blue,constant,3,6,0.9732044339179993,2.003296136856079,1.0300917029380798,1.279269536336263,13.75156555450485
12862,blue,powerlaw,1,6,1.629079818725586,2.186263656663947,0.5571838379383611,0.446763277053833,13.75156555450485
12862,blue,powerlaw,2,5,2.665961980819702,2.2860145269847085,-0.3799474538349936,0.6684704780578613,13.75156555450485
12862,blue,powerlaw,3,6,0.9732044339179993,2.3934898457819016,1.4202854118639023,1.279269536336263,13.75156555450485
12862,red,constant,1,6,0.766568124294281,0.6814598441123962,-0.08510828018188477,0.10314208269119263,13.75156555450485
12862,red,constant,2,5,0.8872234225273132,0.6814597845077515,-0.20576363801956177,0.12365391254425048,13.75156555450485
12862,red,constant,3,6,0.8949710726737976,0.6814598441123962,-0.21351122856140137,0.1299168566862742,13.75156555450485
12862,red,powerlaw,1,6,0.766568124294281,0.7240052762825879,-0.04256284801169308,0.10314208269119263,13.75156555450485
12862,red,powerlaw,2,5,0.8872234225273132,0.7030758487936174,-0.18414757373369584,0.12365391254425048,13.75156555450485
12862,red,powerlaw,3,6,0.8949710726737976,0.6829844256185202,-0.21198664705527737,0.1299168566862742,13.75156555450485
6810,blue,constant,1,6,1.6542671918869019,1.6006325483322144,-0.0536346435546875,0.6244493325551351,14.341582627906519
6810,blue,constant,2,6,1.1315470933914185,1.6006325483322144,0.4690854549407959,0.8854159514109293,14.341582627906519
6810,blue,constant,3,6,1.8776912689208984,1.6006325483322144,-0.2770587205886841,1.7210295995076497,14.341582627906519
6810,blue,powerlaw,1,6,1.6542671918869019,1.894751662071611,0.2404844701847091,0.6244493325551351,14.341582627906519
6810,blue,powerlaw,2,6,1.1315470933914185,2.2183986899862815,1.086851596594863,0.8854159514109293,14.341582627906519
6810,blue,powerlaw,3,6,1.8776912689208984,2.608930903642987,0.7312396347220886,1.7210295995076497,14.341582627906519
6810,red,constant,1,6,0.5938891172409058,0.8828714489936829,0.2889823317527771,0.16981464624404907,14.341582627906973
6810,red,constant,2,6,0.37999796867370605,0.8828714489936829,0.5028734803199768,0.1920291781425476,14.341582627906973
6810,red,constant,3,6,0.39741194248199463,0.8828714489936829,0.48545950651168823,0.26512036720911664,14.341582627906973
6810,red,powerlaw,1,6,0.5938891172409058,0.8087906079933663,0.21490149075246057,0.16981464624404907,14.341582627906973
6810,red,powerlaw,2,6,0.37999796867370605,0.7817768994780064,0.4017789308043004,0.1920291781425476,14.341582627906973
6810,red,powerlaw,3,6,0.39741194248199463,0.7559418034835512,0.3585298610015566,0.26512036720911664,14.341582627906973
9321,blue,constant,1,6,0.5733520984649658,0.26908227801322937,-0.30426982045173645,0.20249724388122559,13.144681303669131
9321,blue,constant,2,6,0.3789915144443512,0.26908227801322937,-0.10990923643112183,0.27030571301778156,13.144681303669131
9321,blue,constant,3,6,-0.0694698691368103,0.26908227801322937,0.3385521471500397,0.46286014715830487,13.144681303669131
9321,blue,powerlaw,1,6,0.5733520984649658,0.24163408370626258,-0.3317180147587032,0.20249724388122559,13.144681303669131
9321,blue,powerlaw,2,6,0.3789915144443512,0.23256626058841132,-0.14642525385593988,0.27030571301778156,13.144681303669131
9321,blue,powerlaw,3,6,-0.0694698691368103,0.2235970956399028,0.2930669647767131,0.46286014715830487,13.144681303669131
9321,red,constant,1,6,1.258365511894226,1.3830024003982544,0.12463688850402832,0.05394688745339712,13.144681303667312
9321,red,constant,2,6,1.3052939176559448,1.3830024003982544,0.07770848274230957,0.06266733507315318,13.144681303667312
9321,red,constant,3,6,1.2388335466384888,1.3830024003982544,0.14416885375976562,0.08160962164402008,13.144681303667312
9321,red,powerlaw,1,6,1.258365511894226,1.3437547832391445,0.08538927134491847,0.05394688745339712,13.144681303667312
9321,red,powerlaw,2,6,1.3052939176559448,1.3832867757839902,0.07799285812804535,0.06266733507315318,13.144681303667312
9321,red,powerlaw,3,6,1.2388335466384888,1.4235390716165786,0.18470552497808979,0.08160962164402008,13.144681303667312
6473,blue,constant,1,6,2.587341547012329,2.528964042663574,-0.05837750434875488,1.045597235361735,14.892880950792915
6473,blue,constant,2,6,3.1559174060821533,2.528964042663574,-0.6269533634185791,1.3662350972493489,14.892880950792915
6473,blue,constant,3,6,4.735969066619873,2.528964042663574,-2.207005023956299,2.134828249613444,14.892880950792915
6473,blue,powerlaw,1,6,2.587341547012329,2.421354028550945,-0.16598751846138393,1.045597235361735,14.892880950792915
6473,blue,powerlaw,2,6,3.1559174060821533,2.600574462025256,-0.5553429440568971,1.3662350972493489,14.892880950792915
6473,blue,powerlaw,3,6,4.735969066619873,2.7987271538560647,-1.9372419127638083,2.134828249613444,14.892880950792915
6473,red,constant,1,6,0.605402410030365,0.9245544075965881,0.31915199756622314,0.14284769694010416,14.89288095079246
6473,red,constant,2,6,0.41789665818214417,0.9245544075965881,0.506657749414444,0.1582500139872233,14.89288095079246
6473,red,constant,3,6,0.6471455097198486,0.9245544075965881,0.2774088978767395,0.24437872568766275,14.89288095079246
6473,red,powerlaw,1,6,0.605402410030365,0.8506238684834572,0.24522145845309218,0.14284769694010416,14.89288095079246
6473,red,powerlaw,2,6,0.41789665818214417,0.8285701088382756,0.4106734506561315,0.1582500139872233,14.89288095079246
6473,red,powerlaw,3,6,0.6471455097198486,0.8073167620615375,0.16017125234168883,0.24437872568766275,14.89288095079246
2849,blue,constant,1,6,1.5464428663253784,1.5208306312561035,-0.025612235069274902,0.25170467297236127,14.848404753138766
2849,blue,constant,2,5,1.5378652811050415,1.5208306312561035,-0.01703464984893799,0.35756793022155764,14.848404753138766
2849,blue,constant,3,6,1.0498379468917847,1.5208306312561035,0.47099268436431885,0.5291676918665568,14.848404753138766
2849,blue,powerlaw,1,6,1.5464428663253784,1.468409513111215,-0.07803335321416349,0.25170467297236127,14.848404753138766
2849,blue,powerlaw,2,5,1.5378652811050415,1.50758298502454,-0.03028229608050159,0.35756793022155764,14.848404753138766
2849,blue,powerlaw,3,6,1.0498379468917847,1.5489899615069322,0.4991520146151476,0.5291676918665568,14.848404753138766
2849,red,constant,1,6,0.8897409439086914,0.8152452111244202,-0.07449573278427124,0.055937533577283226,14.84840475314013
2849,red,constant,2,5,0.7344661355018616,0.8152452707290649,0.08077913522720337,0.0678731620311737,14.84840475314013
2849,red,constant,3,6,0.65690678358078,0.8152452111244202,0.15833842754364014,0.0714874416589737,14.84840475314013
2849,red,powerlaw,1,6,0.8897409439086914,0.8134336944862918,-0.07630724942239964,0.055937533577283226,14.84840475314013
2849,red,powerlaw,2,5,0.7344661355018616,0.7987661267745254,0.06429999127266384,0.0678731620311737,14.84840475314013
2849,red,powerlaw,3,6,0.65690678358078,0.7845249064223584,0.12761812284157836,0.0714874416589737,14.84840475314013
8875,blue,constant,1,6,0.10324939340353012,0.049669358879327774,-0.05358003452420235,0.05023774007956187,6.350715563744416
8875,blue,constant,2,6,0.09888255596160889,0.049669358879327774,-0.04921319708228111,0.06739123165607452,6.350715563744416
8875,blue,constant,3,6,0.02387273497879505,0.049669358879327774,0.025796623900532722,0.09362288316090901,6.350715563744416
8875,blue,powerlaw,1,6,0.10324939340353012,0.030264931082525412,-0.07298446232100471,0.05023774007956187,6.350715563744416
8875,blue,powerlaw,2,6,0.09888255596160889,0.024485974145889936,-0.07439658181571895,0.06739123165607452,6.350715563744416
8875,blue,powerlaw,3,6,0.02387273497879505,0.01969510709980661,-0.004177627878988441,0.09362288316090901,6.350715563744416
8875,red,constant,1,6,1.1804085969924927,1.1304129362106323,-0.04999566078186035,0.019748770942290623,6.350715563743506
8875,red,constant,2,6,1.1620491743087769,1.1304129362106323,-0.03163623809814453,0.018887075285116833,6.350715563743506
8875,red,constant,3,6,1.2081425189971924,1.1304129362106323,-0.07772958278656006,0.02059819921851158,6.350715563743506
8875,red,powerlaw,1,6,1.1804085969924927,1.2110612250088044,0.030652628016311745,0.019748770942290623,6.350715563743506
8875,red,powerlaw,2,6,1.1620491743087769,1.2284320955745045,0.06638292126572765,0.018887075285116833,6.350715563743506
8875,red,powerlaw,3,6,1.2081425189971924,1.2458658294784672,0.03772331048127486,0.02059819921851158,6.350715563743506
8494,blue,constant,1,6,0.5585644841194153,0.5421141982078552,-0.01645028591156006,0.12106982866923015,13.341127647096528
8494,blue,constant,2,5,0.6230543851852417,0.5421141386032104,-0.08094024658203125,0.18361079692840576,13.341127647096528
8494,blue,constant,3,6,0.8206347823143005,0.5421141982078552,-0.2785205841064453,0.3254355589548747,13.341127647096528
8494,blue,powerlaw,1,6,0.5585644841194153,0.5072319836505305,-0.05133250046888482,0.12106982866923015,13.341127647096528
8494,blue,powerlaw,2,5,0.6230543851852417,0.5181152102382003,-0.10493917494704141,0.18361079692840576,13.341127647096528
8494,blue,powerlaw,3,6,0.8206347823143005,0.5295561833027009,-0.2910785990115996,0.3254355589548747,13.341127647096528
8494,red,constant,1,6,1.0741161108016968,1.1180838346481323,0.04396772384643555,0.04084971298774084,13.341127647097892
8494,red,constant,2,5,1.167299747467041,1.1180837154388428,-0.04921603202819824,0.04227781593799591,13.341127647097892
8494,red,constant,3,6,1.1648627519607544,1.1180838346481323,-0.04677891731262207,0.04440142214298248,13.341127647097892
8494,red,powerlaw,1,6,1.0741161108016968,1.1113067663341996,0.03719065553250278,0.04084971298774084,13.341127647097892
8494,red,powerlaw,2,5,1.167299747467041,1.1091521762380971,-0.05814757122894387,0.04227781593799591,13.341127647097892
8494,red,powerlaw,3,6,1.1648627519607544,1.1070249527425446,-0.05783779921820975,0.04440142214298248,13.341127647097892
7429,blue,constant,1,5,1.1524378061294556,1.4819918870925903,0.32955408096313477,0.5835675239562989,1.9206263848359413
7429,blue,constant,2,6,2.4104013442993164,1.4819918870925903,-0.9284094572067261,0.6769177913665771,1.9206263848359413
7429,blue,constant,3,6,2.433814525604248,1.4819918870925903,-0.9518226385116577,1.0055864651997883,1.9206263848359413
7429,blue,powerlaw,1,5,1.1524378061294556,1.654413793505596,0.5019759873761405,0.5835675239562989,1.9206263848359413
7429,blue,powerlaw,2,6,2.4104013442993164,1.7705792730922039,-0.6398220712071125,0.6769177913665771,1.9206263848359413
7429,blue,powerlaw,3,6,2.433814525604248,1.910327523209957,-0.523487002394291,1.0055864651997883,1.9206263848359413
7429,red,constant,1,5,0.7381826043128967,0.8715007901191711,0.13331818580627441,0.15684067010879515,1.9206263848354865
7429,red,constant,2,6,0.9291879534721375,0.8715007901191711,-0.05768716335296631,0.16247019171714783,1.9206263848354865
7429,red,constant,3,6,0.8178471922874451,0.8715007901191711,0.053653597831726074,0.18354072173436484,1.9206263848354865
7429,red,powerlaw,1,5,0.7381826043128967,0.829968003082714,0.09178539876981728,0.15684067010879515,1.9206263848354865
7429,red,powerlaw,2,6,0.9291879534721375,0.8148652093896716,-0.1143227440824659,0.16247019171714783,1.9206263848354865
7429,red,powerlaw,3,6,0.8178471922874451,0.7988638314451362,-0.018983360842308894,0.18354072173436484,1.9206263848354865
2267,blue,constant,1,5,-0.19243088364601135,0.15846896171569824,0.3508998453617096,0.16560473442077636,1.1755001924339012
2267,blue,constant,2,6,0.14463599026203156,0.15846896171569824,0.013832971453666687,0.20388972759246826,1.1755001924339012
2267,blue,constant,3,6,0.06307387351989746,0.15846896171569824,0.09539508819580078,0.3785865306854248,1.1755001924339012
2267,blue,powerlaw,1,5,-0.19243088364601135,0.01312675795956526,0.2055576416055766,0.16560473442077636,1.1755001924339012
2267,blue,powerlaw,2,6,0.14463599026203156,0.009501462536552657,-0.1351345277254789,0.20388972759246826,1.1755001924339012
2267,blue,powerlaw,3,6,0.06307387351989746,0.006603386158623871,-0.05647048736127359,0.3785865306854248,1.1755001924339012
2267,red,constant,1,5,1.3309619426727295,1.3584647178649902,0.027502775192260742,0.056738609075546266,1.1755001924339012
2267,red,constant,2,6,1.2579137086868286,1.3584647178649902,0.10055100917816162,0.050593748688697815,1.1755001924339012
2267,red,constant,3,6,1.3244062662124634,1.3584647178649902,0.034058451652526855,0.09337628881136577,1.1755001924339012
2267,red,powerlaw,1,5,1.3309619426727295,1.1857830532484879,-0.14517888942424162,0.056738609075546266,1.1755001924339012
2267,red,powerlaw,2,6,1.2579137086868286,1.1888050972754074,-0.06910861141142122,0.050593748688697815,1.1755001924339012
2267,red,powerlaw,3,6,1.3244062662124634,1.1920764037304306,-0.13232986248203282,0.09337628881136577,1.1755001924339012
10745,blue,constant,1,6,-0.6172156929969788,-0.3065447509288788,0.3106709420681,0.8302133083343506,14.216957071275829
10745,blue,constant,2,6,1.0214790105819702,-0.3065447509288788,-1.328023761510849,1.155353307723999,14.216957071275829
10745,blue,constant,3,6,3.070279121398926,-0.3065447509288788,-3.3768238723278046,1.9679880142211914,14.216957071275829
10745,blue,powerlaw,1,6,-0.6172156929969788,5.96573299927101e-08,0.6172157526543087,0.8302133083343506,14.216957071275829
10745,blue,powerlaw,2,6,1.0214790105819702,6.5860488142815835e-09,-1.0214790039959214,1.155353307723999,14.216957071275829
10745,blue,powerlaw,3,6,3.070279121398926,6.835864874498271e-10,-3.0702791207153393,1.9679880142211914,14.216957071275829
10745,red,constant,1,6,1.1913052797317505,1.591654658317566,0.40034937858581543,0.1800225575764974,14.216957071275829
10745,red,constant,2,6,1.1305087804794312,1.591654658317566,0.46114587783813477,0.20217827955881754,14.216957071275829
10745,red,constant,3,6,1.0742655992507935,1.591654658317566,0.5173890590667725,0.23505028088887533,14.216957071275829
10745,red,powerlaw,1,6,1.1913052797317505,0.8832313889492714,-0.30807389078247904,0.1800225575764974,14.216957071275829
10745,red,powerlaw,2,6,1.1305087804794312,0.8491779460477491,-0.28133083443168205,0.20217827955881754,14.216957071275829
10745,red,powerlaw,3,6,1.0742655992507935,0.8167830434140372,-0.2574825558367563,0.23505028088887533,14.216957071275829
5733,blue,constant,1,5,0.9497596621513367,0.7807693481445312,-0.16899031400680542,0.23213741779327393,3.617507049674714
5733,blue,constant,2,5,0.9910792112350464,0.7807693481445312,-0.21030986309051514,0.31195964813232424,3.617507049674714
5733,blue,constant,3,6,0.8170096278190613,0.7807693481445312,-0.03624027967453003,0.4404805103937785,3.617507049674714
5733,blue,powerlaw,1,5,0.9497596621513367,0.8965323830176951,-0.05322727913364156,0.23213741779327393,3.617507049674714
5733,blue,powerlaw,2,5,0.9910792112350464,0.9142961927583265,-0.07678301847671987,0.31195964813232424,3.617507049674714
5733,blue,powerlaw,3,6,0.8170096278190613,0.9348021389798365,0.11779251116077527,0.4404805103937785,3.617507049674714
5733,red,constant,1,5,0.9902855753898621,1.1861255168914795,0.19583994150161743,0.057979530096054076,3.6175070496738044
5733,red,constant,2,5,0.8539896011352539,1.1861255168914795,0.3321359157562256,0.06604617834091187,3.6175070496738044
5733,red,constant,3,6,0.9674552083015442,1.186125636100769,0.21867042779922485,0.07895965377489726,3.6175070496738044
5733,red,powerlaw,1,5,0.9902855753898621,1.117612129493903,0.12732655410404092,0.057979530096054076,3.6175070496738044
5733,red,powerlaw,2,5,0.8539896011352539,1.1216618400965763,0.2676722389613224,0.06604617834091187,3.6175070496738044
5733,red,powerlaw,3,6,0.9674552083015442,1.1260871527010503,0.15863194439950612,0.07895965377489726,3.6175070496738044
7353,blue,constant,1,6,0.10315566509962082,0.14007991552352905,0.036924250423908234,0.18006551265716553,11.081098527630274
7353,blue,constant,2,5,0.05079223960638046,0.14007991552352905,0.08928767591714859,0.25238847732543945,11.081098527630274
7353,blue,constant,3,6,0.040288034826517105,0.14007991552352905,0.09979188069701195,0.3363349835077922,11.081098527630274
7353,blue,powerlaw,1,6,0.10315566509962082,0.12535306214556222,0.022197397045941397,0.18006551265716553,11.081098527630274
7353,blue,powerlaw,2,5,0.05079223960638046,0.15021775271720492,0.09942551311082445,0.25238847732543945,11.081098527630274
7353,blue,powerlaw,3,6,0.040288034826517105,0.18111899753748473,0.14083096271096762,0.3363349835077922,11.081098527630274
7353,red,constant,1,6,1.1418485641479492,1.131679654121399,-0.010168910026550293,0.05441279709339142,11.081098527631184
7353,red,constant,2,5,1.327972412109375,1.131679654121399,-0.19629275798797607,0.06425885558128357,11.081098527631184
7353,red,constant,3,6,1.3503631353378296,1.131679654121399,-0.21868348121643066,0.07079651951789856,11.081098527631184
7353,red,powerlaw,1,6,1.1418485641479492,1.0787279344808198,-0.06312062966712939,0.05441279709339142,11.081098527631184
7353,red,powerlaw,2,5,1.327972412109375,1.0618311510155893,-0.26614126109378566,0.06425885558128357,11.081098527631184
7353,red,powerlaw,3,6,1.3503631353378296,1.0453826440570826,-0.304980491280747,0.07079651951789856,11.081098527631184
7011,blue,constant,1,6,0.2763528823852539,0.11625378578901291,-0.160099096596241,0.11618435382843018,0.7005847915575032
7011,blue,constant,2,6,0.12524975836277008,0.11625378578901291,-0.008995972573757172,0.14625313878059387,0.7005847915575032
7011,blue,constant,3,6,0.37391433119773865,0.11625378578901291,-0.25766054540872574,0.21113012234369913,0.7005847915575032
7011,blue,powerlaw,1,6,0.2763528823852539,0.03220372701956589,-0.24414915536568801,0.11618435382843018,0.7005847915575032
7011,blue,powerlaw,2,6,0.12524975836277008,0.02594621934493349,-0.09930353901783659,0.14625313878059387,0.7005847915575032
7011,blue,powerlaw,3,6,0.37391433119773865,0.020782708387365813,-0.35313162281037286,0.21113012234369913,0.7005847915575032
7011,red,constant,1,6,1.3007563352584839,1.2979069948196411,-0.0028493404388427734,0.03562809030214945,0.7005847915570484
7011,red,constant,2,6,1.3254684209823608,1.2979069948196411,-0.027561426162719727,0.03834301233291626,0.7005847915570484
7011,red,constant,3,6,1.2859870195388794,1.2979069948196411,0.011919975280761719,0.042983303467432656,0.7005847915570484
7011,red,powerlaw,1,6,1.3007563352584839,1.3332720558528919,0.03251572059440799,0.03562809030214945,0.7005847915570484
7011,red,powerlaw,2,6,1.3254684209823608,1.35246197098178,0.026993549999419164,0.03834301233291626,0.7005847915570484
7011,red,powerlaw,3,6,1.2859870195388794,1.371726155545202,0.08573913600632266,0.042983303467432656,0.7005847915570484
499,blue,constant,1,6,0.24680161476135254,0.08845717459917068,-0.15834444016218185,0.18874814112981161,8.43491175340887
499,blue,constant,2,6,-0.15965162217617035,0.08845717459917068,0.24810879677534103,0.2708064119021098,8.43491175340887
499,blue,constant,3,6,-0.12353136390447617,0.08845717459917068,0.21198853850364685,0.5933662255605062,8.43491175340887
499,blue,powerlaw,1,6,0.24680161476135254,0.13194610694019412,-0.11485550782115841,0.18874814112981161,8.43491175340887
499,blue,powerlaw,2,6,-0.15965162217617035,0.11656592514542469,0.27621754732159504,0.2708064119021098,8.43491175340887
499,blue,powerlaw,3,6,-0.12353136390447617,0.10262389996167215,0.22615526386614831,0.5933662255605062,8.43491175340887
499,red,constant,1,6,1.2630754709243774,1.380024790763855,0.11694931983947754,0.05042412877082825,8.434911753409324
499,red,constant,2,6,1.3258631229400635,1.380024790763855,0.054161667823791504,0.05241444706916809,8.434911753409324
499,red,constant,3,6,1.1902321577072144,1.380024790763855,0.18979263305664062,0.05609545608361562,8.434911753409324
499,red,powerlaw,1,6,1.2630754709243774,1.454362320913756,0.1912868499893785,0.05042412877082825,8.434911753409324
499,red,powerlaw,2,6,1.3258631229400635,1.505275061110847,0.1794119381707835,0.05241444706916809,8.434911753409324
499,red,powerlaw,3,6,1.1902321577072144,1.5574034467342586,0.3671712890270442,0.05609545608361562,8.434911753409324
4425,blue,constant,1,6,0.8280513882637024,0.3427562415599823,-0.4852951467037201,0.27660199006398517,11.82630821994644
4425,blue,constant,2,6,0.30039647221565247,0.3427562415599823,0.042359769344329834,0.3958139816919963,11.82630821994644
4425,blue,constant,3,6,-0.8741663098335266,0.3427562415599823,1.216922551393509,0.7190891901652018,11.82630821994644
4425,blue,powerlaw,1,6,0.8280513882637024,0.27400671657755016,-0.5540446716861522,0.27660199006398517,11.82630821994644
4425,blue,powerlaw,2,6,0.30039647221565247,0.251742057958572,-0.04865441425708045,0.3958139816919963,11.82630821994644
4425,blue,powerlaw,3,6,-0.8741663098335266,0.2307364163512526,1.1049027261847792,0.7190891901652018,11.82630821994644
4425,red,constant,1,6,1.3497260808944702,1.175361156463623,-0.17436492443084717,0.08890471855799358,11.82630821994644
4425,red,constant,2,6,1.1329642534255981,1.175361156463623,0.0423969030380249,0.09279770652453105,11.82630821994644
4425,red,constant,3,6,1.3075470924377441,1.175361156463623,-0.1321859359741211,0.10674254099527995,11.82630821994644
4425,red,powerlaw,1,6,1.3497260808944702,1.0926734043852349,-0.25705267650923536,0.08890471855799358,11.82630821994644
4425,red,powerlaw,2,6,1.1329642534255981,1.107589152097792,-0.02537510132780607,0.09279770652453105,11.82630821994644
4425,red,powerlaw,3,6,1.3075470924377441,1.1225458614338697,-0.18500123100387444,0.10674254099527995,11.82630821994644
9615,blue,constant,1,6,0.4717448651790619,-0.09038219600915909,-0.562127061188221,0.16869024435679117,10.376048260640346
9615,blue,constant,2,5,0.17488399147987366,-0.09038219600915909,-0.26526618748903275,0.2425224781036377,10.376048260640346
9615,blue,constant,3,6,-0.34319165349006653,-0.09038219600915909,0.25280945748090744,0.4050669272740682,10.376048260640346
9615,blue,powerlaw,1,6,0.4717448651790619,0.0002816986212363749,-0.4714631665578255,0.16869024435679117,10.376048260640346
9615,blue,powerlaw,2,5,0.17488399147987366,0.00012583221405784747,-0.1747581592658158,0.2425224781036377,10.376048260640346
9615,blue,powerlaw,3,6,-0.34319165349006653,5.6059121743057983e-05,0.3432477126118096,0.4050669272740682,10.376048260640346
9615,red,constant,1,6,1.201094150543213,1.1548908948898315,-0.04620325565338135,0.02528778463602066,10.376048260641255
9615,red,constant,2,5,1.291961431503296,1.1548908948898315,-0.13707053661346436,0.02895563542842865,10.376048260641255
9615,red,constant,3,6,1.2610491514205933,1.1548908948898315,-0.10615825653076172,0.030259425441424053,10.376048260641255
9615,red,powerlaw,1,6,1.201094150543213,1.1446065471328835,-0.056487603410329434,0.02528778463602066,10.376048260641255
9615,red,powerlaw,2,5,1.291961431503296,1.1358936445665868,-0.15606778693670909,0.02895563542842865,10.376048260641255
9615,red,powerlaw,3,6,1.2610491514205933,1.12734064183644,-0.13370850958415326,0.030259425441424053,10.376048260641255
7081,blue,constant,1,6,0.2188556045293808,-0.03990742936730385,-0.25876303389668465,0.0969076156616211,12.649208933760747
7081,blue,constant,2,6,0.24660234153270721,-0.03990742936730385,-0.28650977090001106,0.1376587450504303,12.649208933760747
7081,blue,constant,3,6,0.5166317224502563,-0.03990742936730385,-0.5565391518175602,0.2520016630490621,12.649208933760747
7081,blue,powerlaw,1,6,0.2188556045293808,0.06615854158636925,-0.15269706294301155,0.0969076156616211,12.649208933760747
7081,blue,powerlaw,2,6,0.24660234153270721,0.06587327540881587,-0.18072906612389134,0.1376587450504303,12.649208933760747
7081,blue,powerlaw,3,6,0.5166317224502563,0.06558127281411057,-0.45105044963614577,0.2520016630490621,12.649208933760747
7081,red,constant,1,6,1.2080693244934082,1.2099051475524902,0.0018358230590820312,0.027468112607796986,12.649208933760747
7081,red,constant,2,6,1.187080979347229,1.2099051475524902,0.02282416820526123,0.029990558822949726,12.649208933760747
7081,red,constant,3,6,1.3312355279922485,1.2099051475524902,-0.1213303804397583,0.04356080790360769,12.649208933760747
7081,red,powerlaw,1,6,1.2080693244934082,1.267291289783209,0.059221965289800726,0.027468112607796986,12.649208933760747
7081,red,powerlaw,2,6,1.187080979347229,1.2858304248980303,0.09874944555080134,0.029990558822949726,12.649208933760747
7081,red,powerlaw,3,6,1.3312355279922485,1.3044379558607833,-0.026797572131465275,0.04356080790360769,12.649208933760747
3149,blue,constant,1,6,0.19365952908992767,0.11757593601942062,-0.07608359307050705,0.21235386530558267,3.876927824635004
3149,blue,constant,2,6,0.6026777625083923,0.11757593601942062,-0.4851018264889717,0.3096047838528951,3.876927824635004
3149,blue,constant,3,6,-0.734610378742218,0.11757593601942062,0.8521863147616386,0.48940038681030273,3.876927824635004
3149,blue,powerlaw,1,6,0.19365952908992767,0.22937703947191213,0.03571751038198445,0.21235386530558267,3.876927824635004
3149,blue,powerlaw,2,6,0.6026777625083923,0.21174724461187688,-0.39093051789651545,0.3096047838528951,3.876927824635004
3149,blue,powerlaw,3,6,-0.734610378742218,0.19504566594127468,0.9296560446834927,0.48940038681030273,3.876927824635004
3149,red,constant,1,6,1.1940891742706299,1.0986591577529907,-0.09543001651763916,0.03950800249973933,3.8769278246363683
3149,red,constant,2,6,1.201682448387146,1.0986591577529907,-0.10302329063415527,0.0442668745915095,3.8769278246363683
3149,red,constant,3,6,1.2438791990280151,1.0986591577529907,-0.14522004127502441,0.05732408662637075,3.8769278246363683
3149,red,powerlaw,1,6,1.1940891742706299,1.2353313328221323,0.04124215855150237,0.03950800249973933,3.8769278246363683
3149,red,powerlaw,2,6,1.201682448387146,1.2585381454475033,0.05685569706035731,0.0442668745915095,3.8769278246363683
3149,red,powerlaw,3,6,1.2438791990280151,1.281932579652432,0.038053380624416766,0.05732408662637075,3.8769278246363683
5215,blue,constant,1,6,0.11372008174657822,0.11877136677503586,0.005051285028457642,0.06692835191885631,5.6661393706813215
5215,blue,constant,2,6,0.03151451051235199,0.11877136677503586,0.08725685626268387,0.08917053540547688,5.6661393706813215
5215,blue,constant,3,7,-0.08237944543361664,0.11877136677503586,0.2011508122086525,0.1566913298198155,5.6661393706813215
5215,blue,powerlaw,1,6,0.11372008174657822,0.08890551784873198,-0.02481456389784624,0.06692835191885631,5.6661393706813215
5215,blue,powerlaw,2,6,0.03151451051235199,0.07993463191691202,0.048420121404560035,0.08917053540547688,5.6661393706813215
5215,blue,powerlaw,3,7,-0.08237944543361664,0.07102222657731502,0.15340167201093166,0.1566913298198155,5.6661393706813215
5215,red,constant,1,6,1.117887258529663,1.085776448249817,-0.03211081027984619,0.019675274689992268,5.666139370681776
5215,red,constant,2,6,1.1167160272598267,1.085776448249817,-0.030939579010009766,0.019438908745845158,5.666139370681776
5215,red,constant,3,7,1.1676884889602661,1.085776448249817,-0.08191204071044922,0.023418100816862925,5.666139370681776
5215,red,powerlaw,1,6,1.117887258529663,1.1171333284909528,-0.000753930038710271,0.019675274689992268,5.666139370681776
5215,red,powerlaw,2,6,1.1167160272598267,1.1172437671594717,0.0005277398996450522,0.019438908745845158,5.666139370681776
5215,red,powerlaw,3,7,1.1676884889602661,1.1173621688403974,-0.050326320119868706,0.023418100816862925,5.666139370681776
8980,blue,constant,1,6,1.828138828277588,1.4763563871383667,-0.3517824411392212,0.3465096155802409,15.828501911041258
8980,blue,constant,2,5,2.691715717315674,1.4763563871383667,-1.2153593301773071,0.5386662483215332,15.828501911041258
8980,blue,constant,3,6,1.275026798248291,1.4763563871383667,0.20132958889007568,0.9017981688181559,15.828501911041258
8980,blue,powerlaw,1,6,1.828138828277588,1.5035386073683794,-0.3246002209092085,0.3465096155802409,15.828501911041258
8980,blue,powerlaw,2,5,2.691715717315674,1.548213954708369,-1.1435017626073047,0.5386662483215332,15.828501911041258
8980,blue,powerlaw,3,6,1.275026798248291,1.5955892412072876,0.3205624429589966,0.9017981688181559,15.828501911041258
8980,red,constant,1,6,1.2554036378860474,1.0760788917541504,-0.17932474613189697,0.12017246087392171,15.828501911042622
8980,red,constant,2,5,0.6007888913154602,1.0760788917541504,0.4752900004386902,0.14854179620742797,15.828501911042622
8980,red,constant,3,6,1.0107077360153198,1.0760788917541504,0.06537115573883057,0.17114537954330444,15.828501911042622
8980,red,powerlaw,1,6,1.2554036378860474,0.9218991529515613,-0.33350448493448603,0.12017246087392171,15.828501911042622
8980,red,powerlaw,2,5,0.6007888913154602,0.9148009255315692,0.314012034216109,0.14854179620742797,15.828501911042622
8980,red,powerlaw,3,6,1.0107077360153198,0.9078348761970707,-0.10287285981824912,0.17114537954330444,15.828501911042622
2586,blue,constant,1,5,0.4325708746910095,0.19396443665027618,-0.23860643804073334,0.1934242606163025,3.835716301173761
2586,blue,constant,2,5,0.41814669966697693,0.19396443665027618,-0.22418226301670074,0.25617275238037107,3.835716301173761
2586,blue,constant,3,6,1.3469074964523315,0.19396443665027618,-1.1529430598020554,0.3707339366277059,3.835716301173761
2586,blue,powerlaw,1,5,0.4325708746910095,0.06313370434148748,-0.36943717034952206,0.1934242606163025,3.835716301173761
2586,blue,powerlaw,2,5,0.41814669966697693,0.05026803331785873,-0.3678786663491182,0.25617275238037107,3.835716301173761
2586,blue,powerlaw,3,6,1.3469074964523315,0.03889540667899417,-1.3080120897733374,0.3707339366277059,3.835716301173761
2586,red,constant,1,5,0.9949180483818054,1.0011472702026367,0.006229221820831299,0.03414711654186249,3.8357163011733064
2586,red,constant,2,5,1.0297441482543945,1.0011472702026367,-0.028596878051757812,0.03579002916812897,3.8357163011733064
2586,red,constant,3,6,0.8717138767242432,1.0011472702026367,0.12943339347839355,0.03747672835985819,3.8357163011733064
2586,red,powerlaw,1,5,0.9949180483818054,0.9956745197344341,0.0007564713526286848,0.03414711654186249,3.8357163011733064
2586,red,powerlaw,2,5,1.0297441482543945,0.9853317755581339,-0.04441237269626064,0.03579002916812897,3.8357163011733064
2586,red,powerlaw,3,6,0.8717138767242432,0.9741972504834974,0.1024833737592542,0.03747672835985819,3.8357163011733064
8315,blue,constant,1,5,-0.24731405079364777,1.9882500171661377,2.2355640679597855,0.8167912483215332,7.024128754052981
8315,blue,constant,2,6,1.4731191396713257,1.9882498979568481,0.5151307582855225,1.0088091691335042,7.024128754052981
8315,blue,constant,3,6,-0.7296221852302551,1.9882498979568481,2.7178720831871033,1.618299166361491,7.024128754052981
8315,blue,powerlaw,1,5,-0.24731405079364777,2.642128369812874,2.889442420606522,0.8167912483215332,7.024128754052981
8315,blue,powerlaw,2,6,1.4731191396713257,3.0923704405344794,1.6192513008631537,1.0088091691335042,7.024128754052981
8315,blue,powerlaw,3,6,-0.7296221852302551,3.6874352895257014,4.417057474755957,1.618299166361491,7.024128754052981
8315,red,constant,1,5,0.984516978263855,0.5606998801231384,-0.42381709814071655,0.19587806463241578,7.024128754052072
8315,red,constant,2,6,0.7831894755363464,0.5606998801231384,-0.222489595413208,0.20693999528884888,7.024128754052072
8315,red,constant,3,6,0.5902896523475647,0.5606998801231384,-0.02958977222442627,0.22689640522003174,7.024128754052072
8315,red,powerlaw,1,5,0.984516978263855,0.717758165414488,-0.266758812849367,0.19587806463241578,7.024128754052072
8315,red,powerlaw,2,6,0.7831894755363464,0.6995385168147897,-0.0836509587215567,0.20693999528884888,7.024128754052072
8315,red,powerlaw,3,6,0.5902896523475647,0.6803829077992393,0.09009325545167457,0.22689640522003174,7.024128754052072
9208,blue,constant,1,6,0.39111337065696716,0.3148941695690155,-0.07621920108795166,0.2296912670135498,12.662761976783713
9208,blue,constant,2,6,-0.5222678184509277,0.3148941695690155,0.8371619880199432,0.31286956866582233,12.662761976783713
9208,blue,constant,3,6,-0.3013811409473419,0.3148941695690155,0.6162753105163574,0.6748596827189127,12.662761976783713
9208,blue,powerlaw,1,6,0.39111337065696716,0.3504416186338373,-0.04067175202312984,0.2296912670135498,12.662761976783713
9208,blue,powerlaw,2,6,-0.5222678184509277,0.37874932155203384,0.9010171400029616,0.31286956866582233,12.662761976783713
9208,blue,powerlaw,3,6,-0.3013811409473419,0.4102430104323433,0.7116241513796853,0.6748596827189127,12.662761976783713
9208,red,constant,1,6,1.0977225303649902,1.1134624481201172,0.015739917755126953,0.04994296530882517,12.662761976784168
9208,red,constant,2,6,1.1511858701705933,1.1134624481201172,-0.037723422050476074,0.05764401455720266,12.662761976784168
9208,red,constant,3,6,1.207116723060608,1.1134624481201172,-0.09365427494049072,0.09498014052708943,12.662761976784168
9208,red,powerlaw,1,6,1.0977225303649902,1.1975761192891656,0.0998535889241754,0.04994296530882517,12.662761976784168
9208,red,powerlaw,2,6,1.1511858701705933,1.2177913294956086,0.06660545932501538,0.05764401455720266,12.662761976784168
9208,red,powerlaw,3,6,1.207116723060608,1.2381258944188214,0.03100917135821346,0.09498014052708943,12.662761976784168
34,blue,constant,1,6,2.7729756832122803,2.928844690322876,0.1558690071105957,1.7550109227498372,17.353449458485557
34,blue,constant,2,5,2.0768048763275146,2.928844690322876,0.8520398139953613,2.659541130065918,17.353449458485557
34,blue,constant,3,6,-3.486309051513672,2.928844690322876,6.415153741836548,4.072359402974446,17.353449458485557
34,blue,powerlaw,1,6,2.7729756832122803,3.4174820552289127,0.6445063720166324,1.7550109227498372,17.353449458485557
34,blue,powerlaw,2,5,2.0768048763275146,3.6984122115013833,1.6216073351738687,2.659541130065918,17.353449458485557
34,blue,powerlaw,3,6,-3.486309051513672,4.012286828951342,7.498595880465014,4.072359402974446,17.353449458485557
34,red,constant,1,6,0.8869839310646057,0.49784573912620544,-0.38913819193840027,0.2844959894816081,17.353449458485557
34,red,constant,2,5,0.5450236201286316,0.49784573912620544,-0.04717788100242615,0.31855795383453367,17.353449458485557
34,red,constant,3,6,0.7397589087486267,0.49784573912620544,-0.24191316962242126,0.34265629450480145,17.353449458485557
34,red,powerlaw,1,6,0.8869839310646057,0.6014203393630607,-0.285563591701545,0.2844959894816081,17.353449458485557
34,red,powerlaw,2,5,0.5450236201286316,0.5857520606458865,0.04072844051725488,0.31855795383453367,17.353449458485557
34,red,powerlaw,3,6,0.7397589087486267,0.5706677037599096,-0.1690912049887171,0.34265629450480145,17.353449458485557
5639,blue,constant,1,5,0.2619960606098175,0.10604234039783478,-0.15595372021198273,0.10479285717010497,6.463431802054856
5639,blue,constant,2,6,0.2502078115940094,0.10604233294725418,-0.14416547864675522,0.12916885813077292,6.463431802054856
5639,blue,constant,3,6,0.13337594270706177,0.10604233294725418,-0.027333609759807587,0.22481300433476767,6.463431802054856
5639,blue,powerlaw,1,5,0.2619960606098175,0.062378511382038274,-0.19961754922777925,0.10479285717010497,6.463431802054856
5639,blue,powerlaw,2,6,0.2502078115940094,0.05487216179077917,-0.19533564980323023,0.12916885813077292,6.463431802054856
5639,blue,powerlaw,3,6,0.13337594270706177,0.04751304275011134,-0.08586289995695043,0.22481300433476767,6.463431802054856
5639,red,constant,1,5,1.2700709104537964,1.1663273572921753,-0.1037435531616211,0.02954164445400238,6.4634318020544015
5639,red,constant,2,6,1.1884714365005493,1.1663273572921753,-0.022144079208374023,0.031092216571172077,6.4634318020544015
5639,red,constant,3,6,1.1299012899398804,1.1663273572921753,0.03642606735229492,0.03428473820288976,6.4634318020544015
5639,red,powerlaw,1,5,1.2700709104537964,1.1505157735174727,-0.11955513693632369,0.02954164445400238,6.4634318020544015
5639,red,powerlaw,2,6,1.1884714365005493,1.1487664206047181,-0.0397050158958312,0.031092216571172077,6.4634318020544015
5639,red,powerlaw,3,6,1.1299012899398804,1.1468810163057597,0.0169797263658793,0.03428473820288976,6.4634318020544015
11440,blue,constant,1,5,1.1801507472991943,1.633201241493225,0.45305049419403076,0.46514244079589845,1.372905375751543
11440,blue,constant,2,5,0.9690009951591492,1.633201241493225,0.6642002463340759,0.6516591072082519,1.372905375751543
11440,blue,constant,3,6,3.566716432571411,1.633201241493225,-1.933515191078186,1.161350170771281,1.372905375751543
11440,blue,powerlaw,1,5,1.1801507472991943,1.4994281424484304,0.31927739514923603,0.46514244079589845,1.372905375751543
11440,blue,powerlaw,2,5,0.9690009951591492,1.5574298160845885,0.5884288209254394,0.6516591072082519,1.372905375751543
11440,blue,powerlaw,3,6,3.566716432571411,1.6257099871614706,-1.9410064454099405,1.161350170771281,1.372905375751543
11440,red,constant,1,5,0.8043166995048523,1.110397458076477,0.30608075857162476,0.11963167190551757,1.3729053757506335
11440,red,constant,2,5,1.0701639652252197,1.110397458076477,0.040233492851257324,0.13671761751174927,1.3729053757506335
11440,red,constant,3,6,1.4027585983276367,1.110397458076477,-0.29236114025115967,0.15439510345458984,1.3729053757506335
11440,red,powerlaw,1,5,0.8043166995048523,1.0208267147678536,0.2165100152630013,0.11963167190551757,1.3729053757506335
11440,red,powerlaw,2,5,1.0701639652252197,1.0320607141296767,-0.03810325109554302,0.13671761751174927,1.3729053757506335
11440,red,powerlaw,3,6,1.4027585983276367,1.044433455898986,-0.35832514242865066,0.15439510345458984,1.3729053757506335
11318,blue,constant,1,5,0.8174555897712708,0.5708571672439575,-0.24659842252731323,0.18819619417190553,7.109062659221308
11318,blue,constant,2,6,0.46444249153137207,0.5708571076393127,0.10641461610794067,0.22388039032618204,7.109062659221308
11318,blue,constant,3,6,0.5066800713539124,0.5708571076393127,0.06417703628540039,0.38880149523417157,7.109062659221308
11318,blue,powerlaw,1,5,0.8174555897712708,0.4967637562992361,-0.32069183347203467,0.18819619417190553,7.109062659221308
11318,blue,powerlaw,2,6,0.46444249153137207,0.4981828085595617,0.03374031702818964,0.22388039032618204,7.109062659221308
11318,blue,powerlaw,3,6,0.5066800713539124,0.4997783518042776,-0.006901719549634755,0.38880149523417157,7.109062659221308
11318,red,constant,1,5,0.9512786865234375,0.9876907467842102,0.036412060260772705,0.055085641145706174,7.109062659221308
11318,red,constant,2,6,1.0767236948013306,0.9876907467842102,-0.08903294801712036,0.05848244825998942,7.109062659221308
11318,red,constant,3,6,0.9698800444602966,0.9876907467842102,0.017810702323913574,0.06784668068091075,7.109062659221308
11318,red,powerlaw,1,5,0.9512786865234375,0.9871698782613555,0.03589119173791799,0.055085641145706174,7.109062659221308
11318,red,powerlaw,2,6,1.0767236948013306,0.9723489802243281,-0.10437471457700243,0.05848244825998942,7.109062659221308
11318,red,powerlaw,3,6,0.9698800444602966,0.95659683434571,-0.013283210114586663,0.06784668068091075,7.109062659221308
12872,blue,constant,1,6,3.0116872787475586,3.527876138687134,0.5161888599395752,0.6232527097066244,16.02689738305935
12872,blue,constant,2,5,3.2855305671691895,3.527876377105713,0.24234580993652344,0.9112492561340332,16.02689738305935
12872,blue,constant,3,6,0.5153594613075256,3.527876138687134,3.012516677379608,1.5002541542053223,16.02689738305935
12872,blue,powerlaw,1,6,3.0116872787475586,3.8179671441900567,0.8062798654424981,0.6232527097066244,16.02689738305935
12872,blue,powerlaw,2,5,3.2855305671691895,4.14840707559384,0.8628765084246508,0.9112492561340332,16.02689738305935
12872,blue,powerlaw,3,6,0.5153594613075256,4.519097179045551,4.003737717738026,1.5002541542053223,16.02689738305935
12872,red,constant,1,6,0.6041397452354431,1.0242685079574585,0.4201287627220154,0.16881736119588217,16.026897383058895
12872,red,constant,2,5,0.8505192995071411,1.0242685079574585,0.17374920845031738,0.20520007610321045,16.026897383058895
12872,red,constant,3,6,0.4959350526332855,1.0242685079574585,0.528333455324173,0.21147153774897257,16.026897383058895
12872,red,powerlaw,1,6,0.6041397452354431,0.9801752780203749,0.37603553278493174,0.16881736119588217,16.026897383058895
12872,red,powerlaw,2,5,0.8505192995071411,0.9968994660203258,0.14638016651318464,0.20520007610321045,16.026897383058895
12872,red,powerlaw,3,6,0.4959350526332855,1.0137317604783431,0.5177967078450576,0.21147153774897257,16.026897383058895
6815,blue,constant,1,5,2.139054536819458,1.2082394361495972,-0.9308151006698608,0.49239091873168944,3.2777298391806653
6815,blue,constant,2,5,0.6596264839172363,1.2082394361495972,0.5486129522323608,0.6962032794952393,3.2777298391806653
6815,blue,constant,3,6,0.4712441861629486,1.2082394361495972,0.7369952499866486,1.3997963269551594,3.2777298391806653
6815,blue,powerlaw,1,5,2.139054536819458,1.3876277814412663,-0.7514267553781917,0.49239091873168944,3.2777298391806653
6815,blue,powerlaw,2,5,0.6596264839172363,1.4250927749355045,0.7654662910182681,0.6962032794952393,3.2777298391806653
6815,blue,powerlaw,3,6,0.4712441861629486,1.4686714415081,0.9974272553451513,1.3997963269551594,3.2777298391806653
6815,red,constant,1,5,0.9841216206550598,1.080532431602478,0.09641081094741821,0.12751131057739257,3.27772983918112
6815,red,constant,2,5,0.4511444568634033,1.080532431602478,0.6293879747390747,0.14175792932510375,3.27772983918112
6815,red,constant,3,6,0.41145721077919006,1.080532431602478,0.669075220823288,0.15748368700345358,3.27772983918112
6815,red,powerlaw,1,5,0.9841216206550598,0.9706853575829617,-0.013436263072098109,0.12751131057739257,3.27772983918112
6815,red,powerlaw,2,5,0.4511444568634033,0.9665161728588829,0.5153717159954796,0.14175792932510375,3.27772983918112
6815,red,powerlaw,3,6,0.41145721077919006,0.9619984206800755,0.5505412099008854,0.15748368700345358,3.27772983918112
1302,blue,constant,1,6,-0.14447936415672302,0.05200222507119179,0.1964815892279148,0.08945333957672119,15.61559331360786
1302,blue,constant,2,6,0.26337698101997375,0.05200222507119179,-0.21137475594878197,0.12423646450042725,15.61559331360786
1302,blue,constant,3,7,-0.15020443499088287,0.05200222507119179,0.20220666006207466,0.1974959032876151,15.61559331360786
1302,blue,powerlaw,1,6,-0.14447936415672302,1.6605766598244666e-10,0.1444793643227807,0.08945333957672119,15.61559331360786
1302,blue,powerlaw,2,6,0.26337698101997375,1.563119129029992e-10,-0.26337698086366185,0.12423646450042725,15.61559331360786
1302,blue,powerlaw,3,7,-0.15020443499088287,1.4613497724880677e-10,0.15020443513701784,0.1974959032876151,15.61559331360786
1302,red,constant,1,6,1.2028199434280396,1.1594566106796265,-0.043363332748413086,0.02579703430334727,15.61559331360877
1302,red,constant,2,6,1.2069002389907837,1.1594566106796265,-0.04744362831115723,0.02752348780632019,15.61559331360877
1302,red,constant,3,7,1.1405130624771118,1.1594566106796265,0.01894354820251465,0.028023055621555874,15.61559331360877
1302,red,powerlaw,1,6,1.2028199434280396,1.1845242668645233,-0.018295676563516272,0.02579703430334727,15.61559331360877
1302,red,powerlaw,2,6,1.2069002389907837,1.1858592175201035,-0.02104102147068021,0.02752348780632019,15.61559331360877
1302,red,powerlaw,3,7,1.1405130624771118,1.1872914485728259,0.04677838609571405,0.028023055621555874,15.61559331360877
4949,blue,constant,1,6,2.740548849105835,2.3723363876342773,-0.3682124614715576,0.4413175980250041,15.690604767733475
4949,blue,constant,2,5,1.9281669855117798,2.3723363876342773,0.44416940212249756,0.6492366313934326,15.690604767733475
4949,blue,constant,3,6,4.201904296875,2.3723363876342773,-1.8295679092407227,1.0789568424224854,15.690604767733475
4949,blue,powerlaw,1,6,2.740548849105835,2.2270802465896913,-0.5134686025161437,0.4413175980250041,15.690604767733475
4949,blue,powerlaw,2,5,1.9281669855117798,2.2612871844912585,0.33312019897947875,0.6492366313934326,15.690604767733475
4949,blue,powerlaw,3,6,4.201904296875,2.2970326980496587,-1.9048715988253413,1.0789568424224854,15.690604767733475
4949,red,constant,1,6,0.8153803944587708,0.6467471718788147,-0.16863322257995605,0.09821748733520508,15.69060476773302
4949,red,constant,2,5,0.656889021396637,0.6467471718788147,-0.010141849517822266,0.11375660896301269,15.69060476773302
4949,red,constant,3,6,0.37637972831726074,0.6467471718788147,0.27036744356155396,0.12408248583475749,15.69060476773302
4949,red,powerlaw,1,6,0.8153803944587708,0.7093154044582102,-0.10606499000056058,0.09821748733520508,15.69060476773302
4949,red,powerlaw,2,5,0.656889021396637,0.6873579292625112,0.030468907865874195,0.11375660896301269,15.69060476773302
4949,red,powerlaw,3,6,0.37637972831726074,0.6663264257423446,0.28994669742508383,0.12408248583475749,15.69060476773302
4975,blue,constant,1,5,-0.1285863220691681,0.1514723151922226,0.2800586372613907,0.2165285110473633,5.718738969481365
4975,blue,constant,2,6,0.07907114177942276,0.1514723151922226,0.07240117341279984,0.2656113902727763,5.718738969481365
4975,blue,constant,3,6,0.15877830982208252,0.1514723151922226,-0.007305994629859924,0.525390108426412,5.718738969481365
4975,blue,powerlaw,1,5,-0.1285863220691681,2.1987876309752422e-06,0.12858852085679906,0.2165285110473633,5.718738969481365
4975,blue,powerlaw,2,6,0.07907114177942276,5.708777796036332e-07,-0.07907057090164316,0.2656113902727763,5.718738969481365
4975,blue,powerlaw,3,6,0.15877830982208252,1.2215257417801494e-07,-0.15877818766950835,0.525390108426412,5.718738969481365
4975,red,constant,1,5,1.2392992973327637,1.1626758575439453,-0.07662343978881836,0.053620845079422,5.718738969482729
4975,red,constant,2,6,1.2840502262115479,1.1626758575439453,-0.12137436866760254,0.05334002276261648,5.718738969482729
4975,red,constant,3,6,1.2393535375595093,1.1626758575439453,-0.07667768001556396,0.06329518556594849,5.718738969482729
4975,red,powerlaw,1,5,1.2392992973327637,1.1228892915379662,-0.11641000579479743,0.053620845079422,5.718738969482729
4975,red,powerlaw,2,6,1.2840502262115479,1.1201387937539005,-0.1639114324576474,0.05334002276261648,5.718738969482729
4975,red,powerlaw,3,6,1.2393535375595093,1.117177150550375,-0.12217638700913436,0.06329518556594849,5.718738969482729
10522,blue,constant,1,5,0.12929494678974152,0.24449822306632996,0.11520327627658844,0.2189330577850342,0.009852778299318743
10522,blue,constant,2,5,-0.36163944005966187,0.24449822306632996,0.6061376631259918,0.33727378845214845,0.009852778299318743
10522,blue,constant,3,6,-0.2937605679035187,0.24449823796749115,0.5382588058710098,0.6079481442769369,0.009852778299318743
10522,blue,powerlaw,1,5,0.12929494678974152,0.18935765797284793,0.06006271118310641,0.2189330577850342,0.009852778299318743
10522,blue,powerlaw,2,5,-0.36163944005966187,0.1909385552159831,0.552577995275645,0.33727378845214845,0.009852778299318743
10522,blue,powerlaw,3,6,-0.2937605679035187,0.19274078362319538,0.48650135152671403,0.6079481442769369,0.009852778299318743
10522,red,constant,1,5,1.2261830568313599,1.270814299583435,0.044631242752075195,0.055328577756881714,0.009852778299318743
10522,red,constant,2,5,1.1167210340499878,1.270814299583435,0.15409326553344727,0.058835917711257936,0.009852778299318743
10522,red,constant,3,6,1.1489092111587524,1.270814299583435,0.12190508842468262,0.06709407269954681,0.009852778299318743
10522,red,powerlaw,1,5,1.2261830568313599,1.2693549952546437,0.04317193842328382,0.055328577756881714,0.009852778299318743
10522,red,powerlaw,2,5,1.1167210340499878,1.2712476831498258,0.15452664909983804,0.058835917711257936,0.009852778299318743
10522,red,powerlaw,3,6,1.1489092111587524,1.2733115036697062,0.1244022925109538,0.06709407269954681,0.009852778299318743
12889,blue,constant,1,5,0.2705645263195038,0.08712667226791382,-0.18343785405158997,0.21346185207366944,8.667393229220124
12889,blue,constant,2,6,0.40791448950767517,0.08712667226791382,-0.32078781723976135,0.2540099024772644,8.667393229220124
12889,blue,constant,3,6,0.9697168469429016,0.08712667226791382,-0.8825901746749878,0.45345505078633624,8.667393229220124
12889,blue,powerlaw,1,5,0.2705645263195038,0.12571738950392786,-0.14484713681557593,0.21346185207366944,8.667393229220124
12889,blue,powerlaw,2,6,0.40791448950767517,0.12380669322364346,-0.2841077962840317,0.2540099024772644,8.667393229220124
12889,blue,powerlaw,3,6,0.9697168469429016,0.12169851900484681,-0.8480183279380548,0.45345505078633624,8.667393229220124
12889,red,constant,1,5,1.207748532295227,1.1167852878570557,-0.09096324443817139,0.06458708047866821,8.66739322921967
12889,red,constant,2,6,1.410264015197754,1.1167851686477661,-0.2934788465499878,0.06498809158802032,8.66739322921967
12889,red,constant,3,6,1.2738012075424194,1.1167851686477661,-0.15701603889465332,0.07211252053578694,8.66739322921967
12889,red,powerlaw,1,5,1.207748532295227,1.1081776493453936,-0.0995708829498334,0.06458708047866821,8.66739322921967
12889,red,powerlaw,2,6,1.410264015197754,1.095270503905438,-0.3149935112923159,0.06498809158802032,8.66739322921967
12889,red,powerlaw,3,6,1.2738012075424194,1.0815051405033738,-0.19229606703904567,0.07211252053578694,8.66739322921967
2410,blue,constant,1,6,0.5518167614936829,0.531836748123169,-0.019980013370513916,0.12365258733431499,10.671671584722844
2410,blue,constant,2,6,0.36728692054748535,0.531836748123169,0.1645498275756836,0.17199977238972983,10.671671584722844
2410,blue,constant,3,6,0.6872220635414124,0.531836748123169,-0.1553853154182434,0.356522798538208,10.671671584722844
2410,blue,powerlaw,1,6,0.5518167614936829,0.5372721791203569,-0.01454458237332601,0.12365258733431499,10.671671584722844
2410,blue,powerlaw,2,6,0.36728692054748535,0.5368942144798793,0.16960729393239393,0.17199977238972983,10.671671584722844
2410,blue,powerlaw,3,6,0.6872220635414124,0.5365059519078256,-0.15071611163358678,0.356522798538208,10.671671584722844
2410,red,constant,1,6,0.9008789658546448,1.0291271209716797,0.1282481551170349,0.041033407052357994,10.671671584723299
2410,red,constant,2,6,0.9947693943977356,1.0291271209716797,0.03435772657394409,0.035707672437032066,10.671671584723299
2410,red,constant,3,6,0.9544165134429932,1.0291271209716797,0.07471060752868652,0.039719924330711365,10.671671584723299
2410,red,powerlaw,1,6,0.9008789658546448,1.0281329988591275,0.12725403300448268,0.041033407052357994,10.671671584723299
2410,red,powerlaw,2,6,0.9947693943977356,1.0266385648792216,0.031869170481485964,0.035707672437032066,10.671671584723299
2410,red,powerlaw,3,6,0.9544165134429932,1.0251621815365157,0.07074566809352256,0.039719924330711365,10.671671584723299
392,blue,constant,1,6,0.9884679317474365,1.1380633115768433,0.14959537982940674,1.0972406069437664,7.84135387117567
392,blue,constant,2,6,-0.3282785713672638,1.1380633115768433,1.466341882944107,1.4311960538228352,7.84135387117567
392,blue,constant,3,6,0.8132357597351074,1.1380633115768433,0.32482755184173584,2.201424757639567,7.84135387117567
392,blue,powerlaw,1,6,0.9884679317474365,1.6877382878747003,0.6992703561272637,1.0972406069437664,7.84135387117567
392,blue,powerlaw,2,6,-0.3282785713672638,1.687413733291672,2.015692304658936,1.4311960538228352,7.84135387117567
392,blue,powerlaw,3,6,0.8132357597351074,1.6870802469223902,0.8738444871872828,2.201424757639567,7.84135387117567
392,red,constant,1,6,0.9915398955345154,0.8708897233009338,-0.12065017223358154,0.2563078800837199,7.84135387117567
392,red,constant,2,6,0.7346725463867188,0.8708897233009338,0.1362171769142151,0.2560242215792338,7.84135387117567
392,red,constant,3,6,0.9289501309394836,0.8708897233009338,-0.058060407638549805,0.27843668063481647,7.84135387117567
392,red,powerlaw,1,6,0.9915398955345154,0.8828684707559594,-0.10867142477855596,0.2563078800837199,7.84135387117567
392,red,powerlaw,2,6,0.7346725463867188,0.8997688599481167,0.16509631356139798,0.2560242215792338,7.84135387117567
392,red,powerlaw,3,6,0.9289501309394836,0.9168092723361951,-0.012140858603288507,0.27843668063481647,7.84135387117567
2007,blue,constant,1,5,4.872605800628662,4.505079746246338,-0.3675260543823242,1.3457293510437012,5.741219507760434
2007,blue,constant,2,6,2.927450180053711,4.505079746246338,1.577629566192627,1.5921104749043782,5.741219507760434
2007,blue,constant,3,6,2.0135204792022705,4.505079746246338,2.4915592670440674,3.0394986470540366,5.741219507760434
2007,blue,powerlaw,1,5,4.872605800628662,4.320673437578003,-0.5519323630506587,1.3457293510437012,5.741219507760434
2007,blue,powerlaw,2,6,2.927450180053711,4.6495073838028675,1.7220572037491566,1.5921104749043782,5.741219507760434
2007,blue,powerlaw,3,6,2.0135204792022705,5.047537055703588,3.034016576501317,3.0394986470540366,5.741219507760434
2007,red,constant,1,5,0.07213820517063141,0.34437263011932373,0.2722344249486923,0.3609978199005127,5.741219507761343
2007,red,constant,2,6,0.9544035792350769,0.34437263011932373,-0.6100309491157532,0.3703835805257161,5.741219507761343
2007,red,constant,3,6,-0.06075567007064819,0.34437263011932373,0.4051283001899719,0.45094160238901776,5.741219507761343
2007,red,powerlaw,1,5,0.07213820517063141,0.9731591969499256,0.9010209917792942,0.3609978199005127,5.741219507761343
2007,red,powerlaw,2,6,0.9544035792350769,0.9772689999836476,0.022865420748570675,0.3703835805257161,5.741219507761343
2007,red,powerlaw,3,6,-0.06075567007064819,0.9817246241559555,1.0424802942266038,0.45094160238901776,5.741219507761343
2407,blue,constant,1,6,1.2421448230743408,1.2757248878479004,0.03358006477355957,0.13425000508626303,15.789633597151806
2407,blue,constant,2,5,1.1968281269073486,1.2757248878479004,0.07889676094055176,0.20313072204589844,15.789633597151806
2407,blue,constant,3,6,1.6769884824752808,1.2757248878479004,-0.40126359462738037,0.4096735715866089,15.789633597151806
2407,blue,powerlaw,1,6,1.2421448230743408,1.251402805555151,0.009257982480810112,0.13425000508626303,15.789633597151806
2407,blue,powerlaw,2,5,1.1968281269073486,1.2277485067885467,0.030920379881198112,0.20313072204589844,15.789633597151806
2407,blue,powerlaw,3,6,1.6769884824752808,1.2039012402703155,-0.47308724220496523,0.4096735715866089,15.789633597151806
2407,red,constant,1,6,0.7601293921470642,0.8926380276679993,0.13250863552093506,0.03814508020877838,15.789633597152715
2407,red,constant,2,5,0.786510705947876,0.8926380276679993,0.10612732172012329,0.03939757943153381,15.789633597152715
2407,red,constant,3,6,0.7854695320129395,0.8926380276679993,0.10716849565505981,0.043312142292658486,15.789633597152715
2407,red,powerlaw,1,6,0.7601293921470642,1.0708760229983791,0.31074663085131493,0.03814508020877838,15.789633597152715
2407,red,powerlaw,2,5,0.786510705947876,1.0772157170413483,0.29070501109347235,0.03939757943153381,15.789633597152715
2407,red,powerlaw,3,6,0.7854695320129395,1.0835248780862607,0.2980553460733213,0.043312142292658486,15.789633597152715
7995,blue,constant,1,6,2.110269546508789,1.647119402885437,-0.46315014362335205,0.46535011132558185,11.228422785697148
7995,blue,constant,2,6,3.253535509109497,1.647119402885437,-1.60641610622406,0.6275840202967325,11.228422785697148
7995,blue,constant,3,6,3.0116240978240967,1.647119402885437,-1.3645046949386597,1.2311646143595378,11.228422785697148
7995,blue,powerlaw,1,6,2.110269546508789,1.936338626832579,-0.17393091967621,0.46535011132558185,11.228422785697148
7995,blue,powerlaw,2,6,3.253535509109497,2.0686542666888754,-1.1848812424206216,0.6275840202967325,11.228422785697148
7995,blue,powerlaw,3,6,3.0116240978240967,2.214122848106495,-0.7975012497176017,1.2311646143595378,11.228422785697148
7995,red,constant,1,6,0.8152491450309753,0.8979347348213196,0.08268558979034424,0.08346215883890788,11.228422785698058
7995,red,constant,2,6,0.5658387541770935,0.8979347348213196,0.3320959806442261,0.09472837050755818,11.228422785698058
7995,red,constant,3,6,0.5512215495109558,0.8979347348213196,0.34671318531036377,0.12494670351346333,11.228422785698058
7995,red,powerlaw,1,6,0.8152491450309753,0.8006875862082811,-0.014561558822694276,0.08346215883890788,11.228422785698058
7995,red,powerlaw,2,6,0.5658387541770935,0.7869328172590061,0.2210940630819126,0.09472837050755818,11.228422785698058
7995,red,powerlaw,3,6,0.5512215495109558,0.7735573115637403,0.2223357620527845,0.12494670351346333,11.228422785698058
2918,blue,constant,1,5,2.2795729637145996,1.4934430122375488,-0.7861299514770508,0.9355611801147461,3.4266600084779384
2918,blue,constant,2,6,2.672697067260742,1.4934430122375488,-1.1792540550231934,1.1297976175944011,3.4266600084779384
2918,blue,constant,3,6,2.436521053314209,1.4934430122375488,-0.9430780410766602,1.7068710327148438,3.4266600084779384
2918,blue,powerlaw,1,5,2.2795729637145996,1.453379636308215,-0.8261933274063846,0.9355611801147461,3.4266600084779384
2918,blue,powerlaw,2,6,2.672697067260742,1.5067106108780655,-1.1659864563826767,1.1297976175944011,3.4266600084779384
2918,blue,powerlaw,3,6,2.436521053314209,1.5687760456701858,-0.8677450076440232,1.7068710327148438,3.4266600084779384
2918,red,constant,1,5,0.4839395582675934,0.7386239767074585,0.2546844184398651,0.22597997188568114,3.4266600084774836
2918,red,constant,2,6,1.3720673322677612,0.7386240363121033,-0.633443295955658,0.24278024832407633,3.4266600084774836
2918,red,constant,3,6,0.3986953794956207,0.7386240363121033,0.33992865681648254,0.2649214466412862,3.4266600084774836
2918,red,powerlaw,1,5,0.4839395582675934,0.6621784642597894,0.17823890599219605,0.22597997188568114,3.4266600084774836
2918,red,powerlaw,2,6,1.3720673322677612,0.6480073767533957,-0.7240599555143655,0.24278024832407633,3.4266600084774836
2918,red,powerlaw,3,6,0.3986953794956207,0.6330441876234616,0.23434880812784087,0.2649214466412862,3.4266600084774836
6967,blue,constant,1,6,1.8965777158737183,1.190222144126892,-0.7063555717468262,0.579334576924642,11.141656833615798
6967,blue,constant,2,5,0.893814206123352,1.190222144126892,0.29640793800354004,0.8393962860107422,11.141656833615798
6967,blue,constant,3,6,0.8107754588127136,1.190222144126892,0.37944668531417847,1.4021695454915364,11.141656833615798
6967,blue,powerlaw,1,6,1.8965777158737183,1.4785801430759022,-0.417997572797816,0.579334576924642,11.141656833615798
6967,blue,powerlaw,2,5,0.893814206123352,1.5803466853691581,0.6865324792458061,0.8393962860107422,11.141656833615798
6967,blue,powerlaw,3,6,0.8107754588127136,1.6925109549631265,0.8817354961504129,1.4021695454915364,11.141656833615798
6967,red,constant,1,6,0.8779138922691345,1.1481093168258667,0.2701954245567322,0.15691558519999185,11.141656833617162
6967,red,constant,2,5,0.7048436403274536,1.1481091976165771,0.44326555728912354,0.18429839611053467,11.141656833617162
6967,red,constant,3,6,0.9725900292396545,1.1481093168258667,0.17551928758621216,0.20697778463363647,11.141656833617162
6967,red,powerlaw,1,6,0.8779138922691345,0.9331778167132332,0.05526392444409867,0.15691558519999185,11.141656833617162
6967,red,powerlaw,2,5,0.7048436403274536,0.9273646790143527,0.2225210386868991,0.18429839611053467,11.141656833617162
6967,red,powerlaw,3,6,0.9725900292396545,0.9216501924771198,-0.050939836762534774,0.20697778463363647,11.141656833617162
435,blue,constant,1,6,2.1392605304718018,1.968340277671814,-0.1709202527999878,0.7017825444539388,12.973096744967279
435,blue,constant,2,5,2.5369760990142822,1.968340277671814,-0.5686358213424683,1.0746432304382325,12.973096744967279
435,blue,constant,3,6,2.3903324604034424,1.968340277671814,-0.4219921827316284,1.6774230003356934,12.973096744967279
435,blue,powerlaw,1,6,2.1392605304718018,2.1528583579807843,0.01359782750898253,0.7017825444539388,12.973096744967279
435,blue,powerlaw,2,5,2.5369760990142822,2.2942496805043056,-0.24272641850997667,1.0746432304382325,12.973096744967279
435,blue,powerlaw,3,6,2.3903324604034424,2.4496279388015547,0.05929547839811233,1.6774230003356934,12.973096744967279
435,red,constant,1,6,0.9066151976585388,0.9087900519371033,0.002174854278564453,0.14346121748288473,12.973096744968643
435,red,constant,2,5,0.8768993616104126,0.9087899923324585,0.0318906307220459,0.17786773443222045,12.973096744968643
435,red,constant,3,6,1.0210988521575928,0.9087900519371033,-0.1123088002204895,0.20989322662353516,12.973096744968643
435,red,powerlaw,1,6,0.9066151976585388,0.7788416170301575,-0.1277735806283813,0.14346121748288473,12.973096744968643
435,red,powerlaw,2,5,0.8768993616104126,0.7538488737950153,-0.12305048781539729,0.17786773443222045,12.973096744968643
435,red,powerlaw,3,6,1.0210988521575928,0.729936345893606,-0.29116250626398676,0.20989322662353516,12.973096744968643
2645,blue,constant,1,6,1.4980682134628296,1.9389561414718628,0.4408879280090332,0.5879767735799154,15.884987178528263
2645,blue,constant,2,5,1.1325132846832275,1.9389560222625732,0.8064427375793457,0.8923003196716308,15.884987178528263
2645,blue,constant,3,6,1.7794456481933594,1.9389561414718628,0.15951049327850342,1.4316331545511882,15.884987178528263
2645,blue,powerlaw,1,6,1.4980682134628296,2.2616562260462625,0.7635880125834329,0.5879767735799154,15.884987178528263
2645,blue,powerlaw,2,5,1.1325132846832275,2.5512250363948388,1.4187117517116112,0.8923003196716308,15.884987178528263
2645,blue,powerlaw,3,6,1.7794456481933594,2.8890877298834066,1.1096420816900472,1.4316331545511882,15.884987178528263
2645,red,constant,1,6,0.5158799886703491,0.6667935848236084,0.15091359615325928,0.15724805990854898,15.884987178529627
2645,red,constant,2,5,0.30929863452911377,0.6667935848236084,0.35749495029449463,0.19963200092315675,15.884987178529627
2645,red,constant,3,6,-0.07850650697946548,0.6667935848236084,0.7453000918030739,0.24727771679560342,15.884987178529627
2645,red,powerlaw,1,6,0.5158799886703491,0.9011620075634026,0.38528201889305347,0.15724805990854898,15.884987178529627
2645,red,powerlaw,2,5,0.30929863452911377,0.8908727881470628,0.5815741536179491,0.19963200092315675,15.884987178529627
2645,red,powerlaw,3,6,-0.07850650697946548,0.8808139271332728,0.9593204341127383,0.24727771679560342,15.884987178529627
11645,blue,constant,1,6,0.43378543853759766,-0.22145052254199982,-0.6552359610795975,0.45918254057566327,0.6885747269307103
11645,blue,constant,2,6,-0.6706655621528625,-0.22145052254199982,0.44921503961086273,0.6334863503774008,0.6885747269307103
11645,blue,constant,3,6,0.4671325385570526,-0.22145052254199982,-0.6885830610990524,1.0233739217122395,0.6885747269307103
11645,blue,powerlaw,1,6,0.43378543853759766,0.35295320339093345,-0.08083223514666421,0.45918254057566327,0.6885747269307103
11645,blue,powerlaw,2,6,-0.6706655621528625,0.3738021840584957,1.0444677462113583,0.6334863503774008,0.6885747269307103
11645,blue,powerlaw,3,6,0.4671325385570526,0.3964989447411133,-0.07063359381593931,1.0233739217122395,0.6885747269307103
11645,red,constant,1,6,1.178515076637268,1.2202386856079102,0.04172360897064209,0.08121261497338612,0.6885747269316198
11645,red,constant,2,6,1.4137887954711914,1.2202386856079102,-0.19355010986328125,0.08777870734532674,0.6885747269316198
11645,red,constant,3,6,1.4804472923278809,1.2202386856079102,-0.2602086067199707,0.10174956917762756,0.6885747269316198
11645,red,powerlaw,1,6,1.178515076637268,1.300173455684707,0.12165837904743904,0.08121261497338612,0.6885747269316198
11645,red,powerlaw,2,6,1.4137887954711914,1.3267568505687954,-0.08703194490239596,0.08777870734532674,0.6885747269316198
11645,red,powerlaw,3,6,1.4804472923278809,1.3536015433944666,-0.12684574893341427,0.10174956917762756,0.6885747269316198
1533,blue,constant,1,5,0.5852570533752441,0.6173133254051208,0.03205627202987671,0.2238780975341797,3.8988404002038806
1533,blue,constant,2,5,0.5724761486053467,0.6173133254051208,0.04483717679977417,0.30956737995147704,3.8988404002038806
1533,blue,constant,3,6,0.08953893929719925,0.6173133254051208,0.5277743861079216,0.47475457191467285,3.8988404002038806
1533,blue,powerlaw,1,5,0.5852570533752441,0.6528516888448259,0.06759463546958178,0.2238780975341797,3.8988404002038806
1533,blue,powerlaw,2,5,0.5724761486053467,0.6442958515812603,0.07181970297591367,0.30956737995147704,3.8988404002038806
1533,blue,powerlaw,3,6,0.08953893929719925,0.6347640524251333,0.5452251131279341,0.47475457191467285,3.8988404002038806
1533,red,constant,1,5,0.9839740991592407,1.1170654296875,0.13309133052825928,0.0471897304058075,3.898840400202971
1533,red,constant,2,5,1.1150681972503662,1.1170654296875,0.001997232437133789,0.05336107611656189,3.898840400202971
1533,red,constant,3,6,1.0702546834945679,1.1170654296875,0.04681074619293213,0.05783195296923319,3.898840400202971
1533,red,powerlaw,1,5,0.9839740991592407,1.02391953949839,0.03994544033914926,0.0471897304058075,3.898840400202971
1533,red,powerlaw,2,5,1.1150681972503662,1.0132582244706414,-0.10180997277972481,0.05336107611656189,3.898840400202971
1533,red,powerlaw,3,6,1.0702546834945679,1.0017810428872105,-0.06847364060735739,0.05783195296923319,3.898840400202971
8648,blue,constant,1,6,0.1192908063530922,0.17715191841125488,0.05786111205816269,0.15802515546480814,0.003589611245388369
8648,blue,constant,2,6,0.5048202872276306,0.17715191841125488,-0.32766836881637573,0.21693219741185507,0.003589611245388369
8648,blue,constant,3,6,0.8305196166038513,0.17715191841125488,-0.6533676981925964,0.3897691567738851,0.003589611245388369
8648,blue,powerlaw,1,6,0.1192908063530922,0.1297097048464486,0.010418898493356393,0.15802515546480814,0.003589611245388369
8648,blue,powerlaw,2,6,0.5048202872276306,0.12242855459994957,-0.38239173262768106,0.21693219741185507,0.003589611245388369
8648,blue,powerlaw,3,6,0.8305196166038513,0.11537543574166777,-0.7151441808621836,0.3897691567738851,0.003589611245388369
8648,red,constant,1,6,1.1919355392456055,1.1873348951339722,-0.004600644111633301,0.031077620883782704,0.003589611244024127
8648,red,constant,2,6,1.122225284576416,1.1873348951339722,0.06510961055755615,0.029996884365876515,0.003589611244024127
8648,red,constant,3,6,1.0882974863052368,1.1873348951339722,0.09903740882873535,0.03234022110700607,0.003589611244024127
8648,red,powerlaw,1,6,1.1919355392456055,1.1589910752584747,-0.0329444639871308,0.031077620883782704,0.003589611244024127
8648,red,powerlaw,2,6,1.122225284576416,1.1615324201247785,0.039307135548362515,0.029996884365876515,0.003589611244024127
8648,red,powerlaw,3,6,1.0882974863052368,1.1640531188542151,0.07575563254897832,0.03234022110700607,0.003589611244024127
6062,blue,constant,1,5,1.720407485961914,1.955417275428772,0.2350097894668579,0.9085695266723632,3.334704722544757
6062,blue,constant,2,5,3.126221179962158,1.955417275428772,-1.1708039045333862,1.2316594123840332,3.334704722544757
6062,blue,constant,3,6,3.9488027095794678,1.955417275428772,-1.9933854341506958,2.354007879892985,3.334704722544757
6062,blue,powerlaw,1,5,1.720407485961914,2.2388999167933457,0.5184924308314316,0.9085695266723632,3.334704722544757
6062,blue,powerlaw,2,5,3.126221179962158,2.3476347674635196,-0.7785864124986386,1.2316594123840332,3.334704722544757
6062,blue,powerlaw,3,6,3.9488027095794678,2.4769959504649637,-1.471806759114504,2.354007879892985,3.334704722544757
6062,red,constant,1,5,0.6300064325332642,0.8696295022964478,0.2396230697631836,0.19053785800933837,3.3347047225452116
6062,red,constant,2,5,0.9826880693435669,0.8696295022964478,-0.11305856704711914,0.21734073162078857,3.3347047225452116
6062,red,constant,3,6,0.13871809840202332,0.869629442691803,0.7309113442897797,0.22684701283772787,3.3347047225452116
6062,red,powerlaw,1,5,0.6300064325332642,0.6925288312874698,0.06252239875420562,0.19053785800933837,3.3347047225452116
6062,red,powerlaw,2,5,0.9826880693435669,0.655592083336983,-0.32709598600658385,0.21734073162078857,3.3347047225452116
6062,red,powerlaw,3,6,0.13871809840202332,0.617653012563558,0.47893491416153466,0.22684701283772787,3.3347047225452116
7321,blue,constant,1,6,-0.07998064905405045,0.05979372188448906,0.1397743709385395,0.13269846638043722,13.461992977341652
7321,blue,constant,2,5,-0.18441568315029144,0.05979372188448906,0.2442094050347805,0.17658283710479736,13.461992977341652
7321,blue,constant,3,6,-0.08590424060821533,0.05979372188448906,0.1456979624927044,0.28637558221817017,13.461992977341652
7321,blue,powerlaw,1,6,-0.07998064905405045,0.03184051876195986,0.11182116781601031,0.13269846638043722,13.461992977341652
7321,blue,powerlaw,2,5,-0.18441568315029144,0.030033316521756087,0.21444899967204753,0.17658283710479736,13.461992977341652
7321,blue,powerlaw,3,6,-0.08590424060821533,0.02828491267932302,0.11418915328753836,0.28637558221817017,13.461992977341652
7321,red,constant,1,6,1.1456738710403442,1.1951522827148438,0.04947841167449951,0.03859325249989828,13.461992977341652
7321,red,constant,2,5,1.3109829425811768,1.1951522827148438,-0.11583065986633301,0.04571163952350617,13.461992977341652
7321,red,constant,3,6,1.3552900552749634,1.1951522827148438,-0.16013777256011963,0.05346911152203878,13.461992977341652
7321,red,powerlaw,1,6,1.1456738710403442,1.226072707430675,0.08039883639033074,0.03859325249989828,13.461992977341652
7321,red,powerlaw,2,5,1.3109829425811768,1.226196712654576,-0.08478622992660068,0.04571163952350617,13.461992977341652
7321,red,powerlaw,3,6,1.3552900552749634,1.226319399259509,-0.12897065601545443,0.05346911152203878,13.461992977341652
5141,blue,constant,1,5,-0.15846076607704163,0.13179194927215576,0.2902527153491974,0.17407921552658082,0.7357503598268522
5141,blue,constant,2,5,-0.2058386355638504,0.13179194927215576,0.33763058483600616,0.2249586582183838,0.7357503598268522
5141,blue,constant,3,6,-0.42628470063209534,0.13179194927215576,0.5580766499042511,0.3207484881083171,0.7357503598268522
5141,blue,powerlaw,1,5,-0.15846076607704163,0.07435211124620418,0.2328128773232458,0.17407921552658082,0.7357503598268522
5141,blue,powerlaw,2,5,-0.2058386355638504,0.06939612022626657,0.27523475579011697,0.2249586582183838,0.7357503598268522
5141,blue,powerlaw,3,6,-0.42628470063209534,0.06419928877700663,0.490483989409102,0.3207484881083171,0.7357503598268522
5141,red,constant,1,5,1.2003923654556274,1.3044651746749878,0.10407280921936035,0.061161696910858154,0.7357503598268522
5141,red,constant,2,5,1.217990756034851,1.3044651746749878,0.08647441864013672,0.07041249871253967,0.7357503598268522
5141,red,constant,3,6,1.3559175729751587,1.3044651746749878,-0.0514523983001709,0.08866676688194275,0.7357503598268522
5141,red,powerlaw,1,5,1.2003923654556274,1.254662262515486,0.05426989705985852,0.061161696910858154,0.7357503598268522
5141,red,powerlaw,2,5,1.217990756034851,1.2487975807904825,0.030806824755631457,0.07041249871253967,0.7357503598268522
5141,red,powerlaw,3,6,1.3559175729751587,1.2424445026069706,-0.1134730703681881,0.08866676688194275,0.7357503598268522
10301,blue,constant,1,6,0.404195100069046,0.08777997642755508,-0.31641512364149094,0.14344297846158346,18.674355454259512
10301,blue,constant,2,5,0.1278325915336609,0.08777997642755508,-0.040052615106105804,0.2006406307220459,18.674355454259512
10301,blue,constant,3,6,-0.09722218662500381,0.08777997642755508,0.1850021630525589,0.31116050481796265,18.674355454259512
10301,blue,powerlaw,1,6,0.404195100069046,0.13016629081669343,-0.2740288092523526,0.14344297846158346,18.674355454259512
10301,blue,powerlaw,2,5,0.1278325915336609,0.150854353461575,0.02302176192791411,0.2006406307220459,18.674355454259512
10301,blue,powerlaw,3,6,-0.09722218662500381,0.17569523688479952,0.2729174235098033,0.31116050481796265,18.674355454259512
10301,red,constant,1,6,1.3203282356262207,1.2639206647872925,-0.05640757083892822,0.0452595998843511,18.674355454260876
10301,red,constant,2,5,1.1469135284423828,1.2639206647872925,0.11700713634490967,0.048840302228927615,18.674355454260876
10301,red,constant,3,6,1.1816787719726562,1.2639206647872925,0.08224189281463623,0.05089423060417175,18.674355454260876
10301,red,powerlaw,1,6,1.3203282356262207,1.3825200824018646,0.06219184677564393,0.0452595998843511,18.674355454260876
10301,red,powerlaw,2,5,1.1469135284423828,1.4010395837161869,0.25412605527380405,0.048840302228927615,18.674355454260876
10301,red,powerlaw,3,6,1.1816787719726562,1.4196083250560356,0.23792955308337937,0.05089423060417175,18.674355454260876
9710,blue,constant,1,6,0.04929935932159424,-0.14370518922805786,-0.1930045485496521,0.24081371227900186,1.828586534513306
9710,blue,constant,2,6,0.2449987679719925,-0.14370518922805786,-0.38870395720005035,0.32412288586298627,1.828586534513306
9710,blue,constant,3,6,0.06568312644958496,-0.14370518922805786,-0.20938831567764282,0.5984053611755371,1.828586534513306
9710,blue,powerlaw,1,6,0.04929935932159424,0.01861497873810719,-0.030684380583487048,0.24081371227900186,1.828586534513306
9710,blue,powerlaw,2,6,0.2449987679719925,0.01455906584029841,-0.23043970213169407,0.32412288586298627,1.828586534513306
9710,blue,powerlaw,3,6,0.06568312644958496,0.011311046097445774,-0.05437208035213919,0.5984053611755371,1.828586534513306
9710,red,constant,1,6,1.1008213758468628,1.129494071006775,0.02867269515991211,0.05932606259981791,1.828586534513306
9710,red,constant,2,6,1.1461427211761475,1.129494071006775,-0.01664865016937256,0.06654295821984609,1.828586534513306
9710,red,constant,3,6,1.1759613752365112,1.129494071006775,-0.04646730422973633,0.08160142103830974,1.828586534513306
9710,red,powerlaw,1,6,1.1008213758468628,1.1177024805225562,0.01688110467569337,0.05932606259981791,1.828586534513306
9710,red,powerlaw,2,6,1.1461427211761475,1.1236021251357236,-0.02254059604042391,0.06654295821984609,1.828586534513306
9710,red,powerlaw,3,6,1.1759613752365112,1.129471448681041,-0.04648992655547013,0.08160142103830974,1.828586534513306
6117,blue,constant,1,6,-0.17474287748336792,-0.19461983442306519,-0.019876956939697266,0.14451626936594644,15.21558647678421
6117,blue,constant,2,6,-0.07924392074346542,-0.19461983442306519,-0.11537591367959976,0.18721266587575278,15.21558647678421
6117,blue,constant,3,6,0.33292630314826965,-0.19461983442306519,-0.5275461375713348,0.28473536173502606,15.21558647678421
6117,blue,powerlaw,1,6,-0.17474287748336792,0.0005316427425450389,0.17527452022591297,0.14451626936594644,15.21558647678421
6117,blue,powerlaw,2,6,-0.07924392074346542,0.0002657484817213402,0.07950966922518676,0.18721266587575278,15.21558647678421
6117,blue,powerlaw,3,6,0.33292630314826965,0.00013025770589677292,-0.3327960454423729,0.28473536173502606,15.21558647678421
6117,red,constant,1,6,1.2750271558761597,1.315651774406433,0.04062461853027344,0.026755988597869873,15.215586476782846
6117,red,constant,2,6,1.21713125705719,1.315651774406433,0.09852051734924316,0.02703282982110977,15.215586476782846
6117,red,constant,3,6,1.2604851722717285,1.315651774406433,0.05516660213470459,0.02998136729001999,15.215586476782846
6117,red,powerlaw,1,6,1.2750271558761597,1.2820503552763836,0.0070231994002238896,0.026755988597869873,15.215586476782846
6117,red,powerlaw,2,6,1.21713125705719,1.3028169136742014,0.08568565661701144,0.02703282982110977,15.215586476782846
6117,red,powerlaw,3,6,1.2604851722717285,1.3236900941578715,0.06320492188614302,0.02998136729001999,15.215586476782846
5880,blue,constant,1,6,0.15049131214618683,0.19034194946289062,0.039850637316703796,0.11183016498883565,7.357307977576056
5880,blue,constant,2,6,0.09934311360120773,0.19034194946289062,0.09099883586168289,0.1460241675376892,7.357307977576056
5880,blue,constant,3,7,0.24793003499507904,0.19034194946289062,-0.057588085532188416,0.19961888449532644,7.357307977576056
5880,blue,powerlaw,1,6,0.15049131214618683,0.19653071025578192,0.04603939810959509,0.11183016498883565,7.357307977576056
5880,blue,powerlaw,2,6,0.09934311360120773,0.2109068408743413,0.11156372727313357,0.1460241675376892,7.357307977576056
5880,blue,powerlaw,3,7,0.24793003499507904,0.22817097628295196,-0.019759058712127076,0.19961888449532644,7.357307977576056
5880,red,constant,1,6,1.2224689722061157,1.2759690284729004,0.05350005626678467,0.03916472693284353,7.357307977576056
5880,red,constant,2,6,1.236939787864685,1.2759690284729004,0.03902924060821533,0.04567158222198486,7.357307977576056
5880,red,constant,3,7,1.226911187171936,1.27596914768219,0.049057960510253906,0.0464077889919281,7.357307977576056
5880,red,powerlaw,1,6,1.2224689722061157,1.294378165829924,0.07190919362380832,0.03916472693284353,7.357307977576056
5880,red,powerlaw,2,6,1.236939787864685,1.3066446765293753,0.06970488866469027,0.04567158222198486,7.357307977576056
5880,red,powerlaw,3,7,1.226911187171936,1.3199241855333006,0.09301299836136456,0.0464077889919281,7.357307977576056
11652,blue,constant,1,6,1.7256885766983032,1.69342839717865,-0.03226017951965332,0.5115256706873575,9.994350741054404
11652,blue,constant,2,5,1.9688875675201416,1.69342839717865,-0.2754591703414917,0.7218541622161865,9.994350741054404
11652,blue,constant,3,6,3.3213155269622803,1.69342839717865,-1.6278871297836304,0.9867096741994222,9.994350741054404
11652,blue,powerlaw,1,6,1.7256885766983032,1.5378814567779735,-0.18780711992032972,0.5115256706873575,9.994350741054404
11652,blue,powerlaw,2,5,1.9688875675201416,1.6122280190133094,-0.35665954850683224,0.7218541622161865,9.994350741054404
11652,blue,powerlaw,3,6,3.3213155269622803,1.6925161839228526,-1.6287993430394276,0.9867096741994222,9.994350741054404
11652,red,constant,1,6,0.7958073019981384,0.9719738364219666,0.17616653442382812,0.09993786613146464,9.994350741053495
11652,red,constant,2,5,0.8402312397956848,0.9719737768173218,0.13174253702163696,0.1260262370109558,9.994350741053495
11652,red,constant,3,6,0.6633930802345276,0.9719738364219666,0.30858075618743896,0.14760936299959818,9.994350741053495
11652,red,powerlaw,1,6,0.7958073019981384,0.788934305726249,-0.00687299627188942,0.09993786613146464,9.994350741053495
11652,red,powerlaw,2,5,0.8402312397956848,0.7681101519428061,-0.07212108785287874,0.1260262370109558,9.994350741053495
11652,red,powerlaw,3,6,0.6633930802345276,0.7480640044683838,0.08467092423385625,0.14760936299959818,9.994350741053495
6690,blue,constant,1,6,3.363645553588867,3.255383253097534,-0.10826230049133301,0.3271837631861369,11.369648958621838
6690,blue,constant,2,6,3.6326301097869873,3.255383253097534,-0.3772468566894531,0.4803884029388428,11.369648958621838
6690,blue,constant,3,6,3.8012142181396484,3.255383253097534,-0.5458309650421143,0.9535287221272787,11.369648958621838
6690,blue,powerlaw,1,6,3.363645553588867,3.5940826009731643,0.23043704738429716,0.3271837631861369,11.369648958621838
6690,blue,powerlaw,2,6,3.6326301097869873,3.9184387216544962,0.28580861186750894,0.4803884029388428,11.369648958621838
6690,blue,powerlaw,3,6,3.8012142181396484,4.282411520912859,0.4811973027732108,0.9535287221272787,11.369648958621838
6690,red,constant,1,6,0.8127641677856445,0.7758592963218689,-0.036904871463775635,0.07783166567484538,11.369648958623657
6690,red,constant,2,6,0.9971438050270081,0.7758592963218689,-0.22128450870513916,0.09026315808296204,11.369648958623657
6690,red,constant,3,6,0.8930756449699402,0.7758592963218689,-0.11721634864807129,0.09904500842094421,11.369648958623657
6690,red,powerlaw,1,6,0.8127641677856445,0.7094624760176617,-0.10330169176798287,0.07783166567484538,11.369648958623657
6690,red,powerlaw,2,6,0.9971438050270081,0.6952993422450556,-0.3018444627819524,0.09026315808296204,11.369648958623657
6690,red,powerlaw,3,6,0.8930756449699402,0.6815655458898194,-0.21151009908012075,0.09904500842094421,11.369648958623657
1365,blue,constant,1,5,4.613872528076172,3.212977647781372,-1.4008948802947998,0.6447215557098389,0.16904962180433358
1365,blue,constant,2,5,3.7286815643310547,3.212977647781372,-0.5157039165496826,0.8853307723999023,0.16904962180433358
1365,blue,constant,3,6,4.646568775177002,3.212977647781372,-1.4335911273956299,1.4850362141927083,0.16904962180433358
1365,blue,powerlaw,1,5,4.613872528076172,3.7375769838329753,-0.8762955442431966,0.6447215557098389,0.16904962180433358
1365,blue,powerlaw,2,5,3.7286815643310547,4.004588037571194,0.2759064732401395,0.8853307723999023,0.16904962180433358
1365,blue,powerlaw,3,6,4.646568775177002,4.329684922594066,-0.3168838525829356,1.4850362141927083,0.16904962180433358
1365,red,constant,1,5,0.6498693227767944,1.0723482370376587,0.42247891426086426,0.17429938316345214,0.1690496218034241
1365,red,constant,2,5,0.0759841576218605,1.0723482370376587,0.9963640794157982,0.1884770154953003,0.1690496218034241
1365,red,constant,3,6,0.43352997303009033,1.0723482370376587,0.6388182640075684,0.2520136833190918,0.1690496218034241
1365,red,powerlaw,1,5,0.6498693227767944,0.9289414908892265,0.2790721681124321,0.17429938316345214,0.1690496218034241
1365,red,powerlaw,2,5,0.0759841576218605,0.9239756036674628,0.8479914460456023,0.1884770154953003,0.1690496218034241
1365,red,powerlaw,3,6,0.43352997303009033,0.9185999104134653,0.485069937383375,0.2520136833190918,0.1690496218034241
12070,blue,constant,1,6,1.6985160112380981,1.461373209953308,-0.23714280128479004,1.1955089569091797,7.018365016139342
12070,blue,constant,2,6,1.0367952585220337,1.461373209953308,0.4245779514312744,1.6852202415466309,7.018365016139342
12070,blue,constant,3,6,0.43459537625312805,1.461373209953308,1.02677783370018,3.227161725362142,7.018365016139342
12070,blue,powerlaw,1,6,1.6985160112380981,1.6867184824315877,-0.011797528806510416,1.1955089569091797,7.018365016139342
12070,blue,powerlaw,2,6,1.0367952585220337,1.6802263625271063,0.6434311040050726,1.6852202415466309,7.018365016139342
12070,blue,powerlaw,3,6,0.43459537625312805,1.6735803163848957,1.2389849401317676,3.227161725362142,7.018365016139342
12070,red,constant,1,6,0.3083401024341583,0.1957147717475891,-0.11262533068656921,0.2550838788350423,7.018365016139796
12070,red,constant,2,6,1.2095099687576294,0.1957147717475891,-1.0137951970100403,0.2965281804402669,7.018365016139796
12070,red,constant,3,6,1.843441367149353,0.1957147717475891,-1.647726595401764,0.3611496686935425,7.018365016139796
12070,red,powerlaw,1,6,0.3083401024341583,0.3544873469050958,0.04614724447093749,0.2550838788350423,7.018365016139796
12070,red,powerlaw,2,6,1.2095099687576294,0.33516794221196283,-0.8743420265456665,0.2965281804402669,7.018365016139796
12070,red,powerlaw,3,6,1.843441367149353,0.31708829396602767,-1.5263530731833255,0.3611496686935425,7.018365016139796
1303,blue,constant,1,6,1.341767430305481,0.45618537068367004,-0.8855820596218109,0.7593870162963867,9.394369016831206
1303,blue,constant,2,5,1.8656286001205444,0.45618540048599243,-1.409443199634552,1.1073479652404785,9.394369016831206
1303,blue,constant,3,6,5.45948600769043,0.45618537068367004,-5.00330063700676,1.8317658106486003,9.394369016831206
1303,blue,powerlaw,1,6,1.341767430305481,0.48557862523098727,-0.8561888050744937,0.7593870162963867,9.394369016831206
1303,blue,powerlaw,2,5,1.8656286001205444,0.4663269649979352,-1.3993016351226093,1.1073479652404785,9.394369016831206
1303,blue,powerlaw,3,6,5.45948600769043,0.44735661269054217,-5.012129394999888,1.8317658106486003,9.394369016831206
1303,red,constant,1,6,0.6832342147827148,0.6790828704833984,-0.004151344299316406,0.17980448404947916,9.39436901683257
1303,red,constant,2,5,0.8885514140129089,0.6790828704833984,-0.2094685435295105,0.21628355979919434,9.39436901683257
1303,red,constant,3,6,0.893143355846405,0.6790828704833984,-0.2140604853630066,0.25440003474553424,9.39436901683257
1303,red,powerlaw,1,6,0.6832342147827148,0.6948095772247541,0.011575362442039272,0.17980448404947916,9.39436901683257
1303,red,powerlaw,2,5,0.8885514140129089,0.6698399922790502,-0.2187114217338587,0.21628355979919434,9.39436901683257
1303,red,powerlaw,3,6,0.893143355846405,0.6460440095252685,-0.2470993463211365,0.25440003474553424,9.39436901683257
12926,blue,constant,1,6,-0.12396404147148132,-0.025757813826203346,0.09820622764527798,0.11279775698979695,4.6211604492086735
12926,blue,constant,2,6,0.0396137572824955,-0.025757813826203346,-0.06537157110869884,0.1536360482374827,4.6211604492086735
12926,blue,constant,3,6,-0.08463457226753235,-0.025757813826203346,0.058876758441329,0.2927256027857463,4.6211604492086735
12926,blue,powerlaw,1,6,-0.12396404147148132,0.04262111007650127,0.1665851515479826,0.11279775698979695,4.6211604492086735
12926,blue,powerlaw,2,6,0.0396137572824955,0.04428815546624146,0.004674398183745959,0.1536360482374827,4.6211604492086735
12926,blue,powerlaw,3,6,-0.08463457226753235,0.0460689358959149,0.13070350816344725,0.2927256027857463,4.6211604492086735
12926,red,constant,1,6,1.1662343740463257,1.1831942796707153,0.01695990562438965,0.0359141876300176,4.621160449209128
12926,red,constant,2,6,1.21933114528656,1.1831942796707153,-0.03613686561584473,0.038415963451067604,4.621160449209128
12926,red,constant,3,6,1.1837822198867798,1.1831942796707153,-0.0005879402160644531,0.0426705926656723,4.621160449209128
12926,red,powerlaw,1,6,1.1662343740463257,1.2451159756268506,0.07888160158052493,0.0359141876300176,4.621160449209128
12926,red,powerlaw,2,6,1.21933114528656,1.2659436670844686,0.046612521797908535,0.038415963451067604,4.621160449209128
12926,red,powerlaw,3,6,1.1837822198867798,1.2868967718144033,0.10311455192762353,0.0426705926656723,4.621160449209128
12750,blue,constant,1,6,-2.4450130462646484,5.250903606414795,7.695916652679443,3.0260543823242188,4.176132290559963
12750,blue,constant,2,6,-5.123178482055664,5.250903606414795,10.374082088470459,4.059851964314778,4.176132290559963
12750,blue,constant,3,6,0.7121785283088684,5.250903606414795,4.5387250781059265,7.784508387247722,4.176132290559963
12750,blue,powerlaw,1,6,-2.4450130462646484,6.25597850868618,8.700991554950829,3.0260543823242188,4.176132290559963
12750,blue,powerlaw,2,6,-5.123178482055664,6.470818609012274,11.593997091067937,4.059851964314778,4.176132290559963
12750,blue,powerlaw,3,6,0.7121785283088684,6.699247694900524,5.987069166591656,7.784508387247722,4.176132290559963
12750,red,constant,1,6,0.21182014048099518,-0.49735069274902344,-0.7091708332300186,0.8406303723653158,4.1761322905604175
12750,red,constant,2,6,-0.21259672939777374,-0.49735069274902344,-0.2847539633512497,0.9091289043426514,4.1761322905604175
12750,red,constant,3,6,-1.5313438177108765,-0.49735069274902344,1.033993124961853,0.9808590412139893,4.1761322905604175
12750,red,powerlaw,1,6,0.21182014048099518,0.4898763582744004,0.2780562177934052,0.8406303723653158,4.1761322905604175
12750,red,powerlaw,2,6,-0.21259672939777374,0.4637420167888715,0.6763387461866452,0.9091289043426514,4.1761322905604175
12750,red,powerlaw,3,6,-1.5313438177108765,0.4392529436794401,1.9705967613903166,0.9808590412139893,4.1761322905604175
3053,blue,constant,1,6,0.23641128838062286,0.3694349527359009,0.13302366435527802,0.11567067106564839,0.8283900946548783
3053,blue,constant,2,6,0.40264376997947693,0.3694349527359009,-0.03320881724357605,0.16271002093950906,0.8283900946548783
3053,blue,constant,3,6,0.34183502197265625,0.3694349527359009,0.02759993076324463,0.28556394577026367,0.8283900946548783
3053,blue,powerlaw,1,6,0.23641128838062286,0.337843302576532,0.10143201419590914,0.11567067106564839,0.8283900946548783
3053,blue,powerlaw,2,6,0.40264376997947693,0.3307562679835501,-0.0718875019959268,0.16271002093950906,0.8283900946548783
3053,blue,powerlaw,3,6,0.34183502197265625,0.323631965271506,-0.018203056701150244,0.28556394577026367,0.8283900946548783
3053,red,constant,1,6,1.1679939031600952,1.1254839897155762,-0.04250991344451904,0.027520671486854553,0.8283900946553331
3053,red,constant,2,6,1.1220300197601318,1.1254839897155762,0.003453969955444336,0.030505803724129994,0.8283900946553331
3053,red,constant,3,6,1.1781004667282104,1.1254839897155762,-0.05261647701263428,0.0408030574520429,0.8283900946553331
3053,red,powerlaw,1,6,1.1679939031600952,1.1399200653828832,-0.028073837777212063,0.027520671486854553,0.8283900946553331
3053,red,powerlaw,2,6,1.1220300197601318,1.1462663005319034,0.024236280771771535,0.030505803724129994,0.8283900946553331
3053,red,powerlaw,3,6,1.1781004667282104,1.152581951515197,-0.025518515213013515,0.0408030574520429,0.8283900946553331
6273,blue,constant,1,6,-0.1747293323278427,0.1538086086511612,0.3285379409790039,0.2057642141977946,1.7197892392241556
6273,blue,constant,2,6,-0.2967495024204254,0.1538086086511612,0.4505581110715866,0.27923216422398883,1.7197892392241556
6273,blue,constant,3,6,-0.3429694175720215,0.1538086086511612,0.4967780262231827,0.4505644639333089,1.7197892392241556
6273,blue,powerlaw,1,6,-0.1747293323278427,0.0520095394916141,0.22673887181945682,0.2057642141977946,1.7197892392241556
6273,blue,powerlaw,2,6,-0.2967495024204254,0.04048220120935627,0.33723170362978167,0.27923216422398883,1.7197892392241556
6273,blue,powerlaw,3,6,-0.3429694175720215,0.03129585146254877,0.37426526903457025,0.4505644639333089,1.7197892392241556
6273,red,constant,1,6,1.2154370546340942,1.131722092628479,-0.08371496200561523,0.03442298620939255,1.7197892392232461
6273,red,constant,2,6,1.2422981262207031,1.131722092628479,-0.11057603359222412,0.03652107963959376,1.7197892392232461
6273,red,constant,3,6,1.1490695476531982,1.131722092628479,-0.01734745502471924,0.04077044874429703,1.7197892392232461
6273,red,powerlaw,1,6,1.2154370546340942,1.2254447911542246,0.010007736520130317,0.03442298620939255,1.7197892392232461
6273,red,powerlaw,2,6,1.2422981262207031,1.2362658433950429,-0.006032282825660262,0.03652107963959376,1.7197892392232461
6273,red,powerlaw,3,6,1.1490695476531982,1.2470691217980114,0.0979995741448132,0.04077044874429703,1.7197892392232461
7936,blue,constant,1,6,1.778371810913086,2.541339874267578,0.7629680633544922,0.40016667048136395,2.689037437895422
7936,blue,constant,2,6,2.123349189758301,2.541339874267578,0.41799068450927734,0.5302834908167521,2.689037437895422
7936,blue,constant,3,6,3.151898145675659,2.541339874267578,-0.610558271408081,0.955162763595581,2.689037437895422
7936,blue,powerlaw,1,6,1.778371810913086,2.9883514860097686,1.2099796750966827,0.40016667048136395,2.689037437895422
7936,blue,powerlaw,2,6,2.123349189758301,3.3784397913728412,1.2550906016145404,0.5302834908167521,2.689037437895422
7936,blue,powerlaw,3,6,3.151898145675659,3.8322900312300416,0.6803918855543825,0.955162763595581,2.689037437895422
7936,red,constant,1,6,0.7427954077720642,0.7375817894935608,-0.005213618278503418,0.07294811308383942,2.6890374378945125
7936,red,constant,2,6,0.7698225378990173,0.7375817894935608,-0.03224074840545654,0.08341669042905171,2.6890374378945125
7936,red,constant,3,6,0.5131437182426453,0.7375817894935608,0.22443807125091553,0.09199671943982442,2.6890374378945125
7936,red,powerlaw,1,6,0.7427954077720642,0.8183974726156739,0.07560206484360965,0.07294811308383942,2.6890374378945125
7936,red,powerlaw,2,6,0.7698225378990173,0.821225754881532,0.05140321698251471,0.08341669042905171,2.6890374378945125
7936,red,powerlaw,3,6,0.5131437182426453,0.8240343248622469,0.31089060661960166,0.09199671943982442,2.6890374378945125
3362,blue,constant,1,5,0.11045358330011368,-0.0480838268995285,-0.15853741019964218,0.3072179079055786,3.603724162946037
3362,blue,constant,2,6,1.2623001337051392,-0.0480838268995285,-1.3103839606046677,0.3966870705286662,3.603724162946037
3362,blue,constant,3,6,0.46138450503349304,-0.0480838268995285,-0.5094683319330215,0.6937108834584554,3.603724162946037
3362,blue,powerlaw,1,5,0.11045358330011368,0.09323007399613056,-0.017223509303983114,0.3072179079055786,3.603724162946037
3362,blue,powerlaw,2,6,1.2623001337051392,0.08665396765729355,-1.1756461660478457,0.3966870705286662,3.603724162946037
3362,blue,powerlaw,3,6,0.46138450503349304,0.07982654928833012,-0.38155795574516294,0.6937108834584554,3.603724162946037
3362,red,constant,1,5,1.0427215099334717,1.0140658617019653,-0.028655648231506348,0.047416529059410094,3.603724162945582
3362,red,constant,2,6,1.0636188983917236,1.0140658617019653,-0.0495530366897583,0.04486382007598877,3.603724162945582
3362,red,constant,3,6,1.0017976760864258,1.0140658617019653,0.01226818561553955,0.05005837480227152,3.603724162945582
3362,red,powerlaw,1,5,1.0427215099334717,0.9544339282135423,-0.08828758171992934,0.047416529059410094,3.603724162945582
3362,red,powerlaw,2,6,1.0636188983917236,0.9260498258473132,-0.13756907254441042,0.04486382007598877,3.603724162945582
3362,red,powerlaw,3,6,1.0017976760864258,0.8963407913501084,-0.10545688473631742,0.05005837480227152,3.603724162945582
505,blue,constant,1,5,0.1727123260498047,0.23825374245643616,0.06554141640663147,0.2244129180908203,6.744678618626494
505,blue,constant,2,6,0.519930362701416,0.23825372755527496,-0.28167663514614105,0.2962815960248311,6.744678618626494
505,blue,constant,3,6,0.10310781002044678,0.23825372755527496,0.13514591753482819,0.5301256974538168,6.744678618626494
505,blue,powerlaw,1,5,0.1727123260498047,0.1321849618905671,-0.04052736415923758,0.2244129180908203,6.744678618626494
505,blue,powerlaw,2,6,0.519930362701416,0.12711087179640915,-0.3928194909050069,0.2962815960248311,6.744678618626494
505,blue,powerlaw,3,6,0.10310781002044678,0.12165084316399959,0.01854303314355281,0.5301256974538168,6.744678618626494
505,red,constant,1,5,1.3038052320480347,1.2639200687408447,-0.03988516330718994,0.0646368682384491,6.744678618626494
505,red,constant,2,6,1.4428282976150513,1.2639199495315552,-0.1789083480834961,0.06107445557912191,6.744678618626494
505,red,constant,3,6,1.3518308401107788,1.2639199495315552,-0.08791089057922363,0.06706741452217102,6.744678618626494
505,red,powerlaw,1,5,1.3038052320480347,1.2420842165513781,-0.06172101549665654,0.0646368682384491,6.744678618626494
505,red,powerlaw,2,6,1.4428282976150513,1.2343027067298147,-0.2085255908852366,0.06107445557912191,6.744678618626494
505,red,powerlaw,3,6,1.3518308401107788,1.2259569960220078,-0.125873844088771,0.06706741452217102,6.744678618626494
11312,blue,constant,1,6,1.8913545608520508,1.627912163734436,-0.26344239711761475,0.3238583604494731,14.124134507543658
11312,blue,constant,2,5,2.3772425651550293,1.627912163734436,-0.7493304014205933,0.48062944412231445,14.124134507543658
11312,blue,constant,3,6,0.22064407169818878,1.627912163734436,1.4072680920362473,0.8197751045227051,14.124134507543658
11312,blue,powerlaw,1,6,1.8913545608520508,1.7792018458813077,-0.11215271497074308,0.3238583604494731,14.124134507543658
11312,blue,powerlaw,2,5,2.3772425651550293,1.8277909468104236,-0.5494516183446057,0.48062944412231445,14.124134507543658
11312,blue,powerlaw,3,6,0.22064407169818878,1.8791834630864301,1.6585393913882414,0.8197751045227051,14.124134507543658
11312,red,constant,1,6,0.6946380734443665,0.8641355633735657,0.16949748992919922,0.07497794429461162,14.124134507543204
11312,red,constant,2,5,0.7796329855918884,0.8641355633735657,0.08450257778167725,0.09492998719215393,14.124134507543204
11312,red,constant,3,6,0.7285633087158203,0.8641355633735657,0.13557225465774536,0.10510043303171794,14.124134507543204
11312,red,powerlaw,1,6,0.6946380734443665,0.8008434297733213,0.10620535632895489,0.07497794429461162,14.124134507543204
11312,red,powerlaw,2,5,0.7796329855918884,0.7875447499471167,0.007911764355228224,0.09492998719215393,14.124134507543204
11312,red,powerlaw,3,6,0.7285633087158203,0.7746128925599174,0.046049583844097075,0.10510043303171794,14.124134507543204
5982,blue,constant,1,6,0.294721782207489,0.37034866213798523,0.07562687993049622,0.11982799569765727,2.260045882221675
5982,blue,constant,2,6,0.33273589611053467,0.37034866213798523,0.03761276602745056,0.17292137940724692,2.260045882221675
5982,blue,constant,3,6,0.396818608045578,0.37034866213798523,-0.026469945907592773,0.3070533871650696,2.260045882221675
5982,blue,powerlaw,1,6,0.294721782207489,0.35429659116581175,0.059574808958322734,0.11982799569765727,2.260045882221675
5982,blue,powerlaw,2,6,0.33273589611053467,0.34566041910586853,0.012924522995333865,0.17292137940724692,2.260045882221675
5982,blue,powerlaw,3,6,0.396818608045578,0.33700835264624524,-0.05981025539933277,0.3070533871650696,2.260045882221675
5982,red,constant,1,6,1.081457257270813,1.1145020723342896,0.03304481506347656,0.03900617857774099,2.260045882221675
5982,red,constant,2,6,1.119329571723938,1.1145020723342896,-0.0048274993896484375,0.0471926083167394,2.260045882221675
5982,red,constant,3,6,1.0891191959381104,1.1145020723342896,0.0253828763961792,0.05301927030086517,2.260045882221675
5982,red,powerlaw,1,6,1.081457257270813,1.1608979764023586,0.0794407191315456,0.03900617857774099,2.260045882221675
5982,red,powerlaw,2,6,1.119329571723938,1.1713086250290108,0.0519790533050728,0.0471926083167394,2.260045882221675
5982,red,powerlaw,3,6,1.0891191959381104,1.1817033944972397,0.09258419855912936,0.05301927030086517,2.260045882221675
3720,blue,constant,1,6,0.09204733371734619,0.19264088571071625,0.10059355199337006,0.08004193504651387,9.441407848671133
3720,blue,constant,2,6,-0.02305818535387516,0.19264088571071625,0.2156990710645914,0.10582283139228821,9.441407848671133
3720,blue,constant,3,7,0.1239599660038948,0.19264088571071625,0.06868091970682144,0.17251171384538924,9.441407848671133
3720,blue,powerlaw,1,6,0.09204733371734619,0.09100271654636373,-0.001044617170982462,0.08004193504651387,9.441407848671133
3720,blue,powerlaw,2,6,-0.02305818535387516,0.08387889310690015,0.10693707846077531,0.10582283139228821,9.441407848671133
3720,blue,powerlaw,3,7,0.1239599660038948,0.07660870990350066,-0.047351256100394146,0.17251171384538924,9.441407848671133
3720,red,constant,1,6,1.1314338445663452,1.279744267463684,0.14831042289733887,0.02313185731569926,9.441407848671588
3720,red,constant,2,6,1.2259904146194458,1.279744267463684,0.05375385284423828,0.02390397588411967,9.441407848671588
3720,red,constant,3,7,1.3046493530273438,1.279744267463684,-0.024905085563659668,0.024480875049318587,9.441407848671588
3720,red,powerlaw,1,6,1.1314338445663452,1.2615558852359248,0.13012204066957955,0.02313185731569926,9.441407848671588
3720,red,powerlaw,2,6,1.2259904146194458,1.273171542946842,0.04718112832739618,0.02390397588411967,9.441407848671588
3720,red,powerlaw,3,7,1.3046493530273438,1.2857420257112895,-0.018907327316054268,0.024480875049318587,9.441407848671588
1408,blue,constant,1,6,-0.0359686054289341,0.12879358232021332,0.16476218774914742,0.08515673875808716,4.684247125466754
1408,blue,constant,2,6,-0.09779173135757446,0.12879358232021332,0.22658531367778778,0.11678285400072734,4.684247125466754
1408,blue,constant,3,7,-0.01012637373059988,0.12879358232021332,0.1389199560508132,0.1748781715120588,4.684247125466754
1408,blue,powerlaw,1,6,-0.0359686054289341,0.14626746740024726,0.18223607282918136,0.08515673875808716,4.684247125466754
1408,blue,powerlaw,2,6,-0.09779173135757446,0.1366890610433707,0.23448079240094516,0.11678285400072734,4.684247125466754
1408,blue,powerlaw,3,7,-0.01012637373059988,0.12677322150327386,0.13689959523387374,0.1748781715120588,4.684247125466754
1408,red,constant,1,6,1.2173601388931274,1.185590386390686,-0.031769752502441406,0.019701285908619564,4.684247125465845
1408,red,constant,2,6,1.1491512060165405,1.185590386390686,0.03643918037414551,0.02282902846733729,4.684247125465845
1408,red,constant,3,7,1.2082233428955078,1.185590386390686,-0.022632956504821777,0.028099175010408674,4.684247125465845
1408,red,powerlaw,1,6,1.2173601388931274,1.2173081292642853,-5.2009628842109024e-05,0.019701285908619564,4.684247125465845
1408,red,powerlaw,2,6,1.1491512060165405,1.2289176941926607,0.0797664881761202,0.02282902846733729,4.684247125465845
1408,red,powerlaw,3,7,1.2082233428955078,1.2414881240654194,0.033264781169911606,0.028099175010408674,4.684247125465845
2383,blue,constant,1,6,2.5378408432006836,2.5488245487213135,0.010983705520629883,0.45719842116038006,13.161800484378546
2383,blue,constant,2,6,2.130451202392578,2.5488245487213135,0.41837334632873535,0.6503092845280966,13.161800484378546
2383,blue,constant,3,6,3.7944624423980713,2.5488245487213135,-1.2456378936767578,1.5232772827148438,13.161800484378546
2383,blue,powerlaw,1,6,2.5378408432006836,2.664000487776178,0.12615964457549422,0.45719842116038006,13.161800484378546
2383,blue,powerlaw,2,6,2.130451202392578,2.8438251084469877,0.7133739060544095,0.6503092845280966,13.161800484378546
2383,blue,powerlaw,3,6,3.7944624423980713,3.041395604655223,-0.7530668377428484,1.5232772827148438,13.161800484378546
2383,red,constant,1,6,0.5013270974159241,0.714285671710968,0.21295857429504395,0.1253015100955963,13.161800484378546
2383,red,constant,2,6,0.8832080364227295,0.714285671710968,-0.16892236471176147,0.12388705213864644,13.161800484378546
2383,red,constant,3,6,0.5898483395576477,0.714285671710968,0.12443733215332031,0.16904648145039877,13.161800484378546
2383,red,powerlaw,1,6,0.5013270974159241,0.7054107160558595,0.2040836186399354,0.1253015100955963,13.161800484378546
2383,red,powerlaw,2,6,0.8832080364227295,0.6966487150802775,-0.186559321342452,0.12388705213864644,13.161800484378546
2383,red,powerlaw,3,6,0.5898483395576477,0.6880877764144167,0.09823943685676895,0.16904648145039877,13.161800484378546
7117,blue,constant,1,6,1.9339426755905151,1.2045373916625977,-0.7294052839279175,0.6304144859313965,17.428990022252947
7117,blue,constant,2,5,2.1581871509552,1.2045373916625977,-0.9536497592926025,0.9667834281921387,17.428990022252947
7117,blue,constant,3,6,2.329904317855835,1.2045373916625977,-1.1253669261932373,1.4769242604573567,17.428990022252947
7117,blue,powerlaw,1,6,1.9339426755905151,1.679697941901592,-0.2542447336889231,0.6304144859313965,17.428990022252947
7117,blue,powerlaw,2,5,2.1581871509552,1.6748445212346277,-0.4833426297205725,0.9667834281921387,17.428990022252947
7117,blue,powerlaw,3,6,2.329904317855835,1.6698673536136983,-0.6600369642421366,1.4769242604573567,17.428990022252947
7117,red,constant,1,6,0.5849657654762268,1.1712435483932495,0.5862777829170227,0.1917583147684733,17.428990022253856
7117,red,constant,2,5,0.6917245984077454,1.1712435483932495,0.47951894998550415,0.20524747371673585,17.428990022253856
7117,red,constant,3,6,0.6680681109428406,1.1712435483932495,0.5031754374504089,0.21622014045715332,17.428990022253856
7117,red,powerlaw,1,6,0.5849657654762268,1.1264293458519994,0.5414635803757726,0.1917583147684733,17.428990022253856
7117,red,powerlaw,2,5,0.6917245984077454,1.166433098581799,0.47470850017405364,0.20524747371673585,17.428990022253856
7117,red,powerlaw,3,6,0.6680681109428406,1.207442908206122,0.5393747972632814,0.21622014045715332,17.428990022253856
7309,blue,constant,1,6,1.603434443473816,2.5288209915161133,0.9253865480422974,0.6474045117696127,10.613749961319627
7309,blue,constant,2,5,2.265328884124756,2.5288209915161133,0.2634921073913574,0.89358549118042,10.613749961319627
7309,blue,constant,3,6,1.9213690757751465,2.5288209915161133,0.6074519157409668,1.304896593093872,10.613749961319627
7309,blue,powerlaw,1,6,1.603434443473816,2.5953722833641257,0.9919378398903098,0.6474045117696127,10.613749961319627
7309,blue,powerlaw,2,5,2.265328884124756,2.7081153999352408,0.4427865158104849,0.89358549118042,10.613749961319627
7309,blue,powerlaw,3,6,1.9213690757751465,2.829289443264244,0.9079203674890977,1.304896593093872,10.613749961319627
7309,red,constant,1,6,0.9543622136116028,1.1280068159103394,0.17364460229873657,0.17117718855539957,10.613749961319627
7309,red,constant,2,5,0.5234158635139465,1.1280066967010498,0.6045908331871033,0.20726678371429444,10.613749961319627
7309,red,constant,3,6,0.42559289932250977,1.1280068159103394,0.7024139165878296,0.26422955592473346,10.613749961319627
7309,red,powerlaw,1,6,0.9543622136116028,0.8191043577932424,-0.13525785581836036,0.17117718855539957,10.613749961319627
7309,red,powerlaw,2,5,0.5234158635139465,0.7987457553541631,0.2753298918402166,0.20726678371429444,10.613749961319627
7309,red,powerlaw,3,6,0.42559289932250977,0.7791163971838907,0.35352349786138093,0.26422955592473346,10.613749961319627
6661,blue,constant,1,6,3.943307876586914,5.621535778045654,1.6782279014587402,0.6052655378977457,17.03371462731093
6661,blue,constant,2,5,4.788251876831055,5.621535778045654,0.8332839012145996,0.8724546432495117,17.03371462731093
6661,blue,constant,3,6,1.6634520292282104,5.621535778045654,3.958083748817444,1.4230197270711262,17.03371462731093
6661,blue,powerlaw,1,6,3.943307876586914,6.206980399592772,2.263672523005858,0.6052655378977457,17.03371462731093
6661,blue,powerlaw,2,5,4.788251876831055,6.704392845678832,1.9161409688477775,0.8724546432495117,17.03371462731093
6661,blue,powerlaw,3,6,1.6634520292282104,7.259024355801496,5.5955723265732855,1.4230197270711262,17.03371462731093
6661,red,constant,1,6,0.8562536239624023,0.8902122378349304,0.033958613872528076,0.09180883566538493,17.033714627310474
6661,red,constant,2,5,0.7351058125495911,0.8902122378349304,0.15510642528533936,0.10816736221313476,17.033714627310474
6661,red,constant,3,6,0.9974991679191589,0.8902122378349304,-0.10728693008422852,0.12588655948638916,17.033714627310474
6661,red,powerlaw,1,6,0.8562536239624023,0.9473189471973038,0.09106532323490146,0.09180883566538493,17.033714627310474
6661,red,powerlaw,2,5,0.7351058125495911,0.9477733201012658,0.21266750755167474,0.10816736221313476,17.033714627310474
6661,red,powerlaw,3,6,0.9974991679191589,0.9482229796165265,-0.04927618830263247,0.12588655948638916,17.033714627310474
5387,blue,constant,1,6,0.5483669638633728,0.17237986624240875,-0.37598709762096405,0.30670613050460815,14.233312686625595
5387,blue,constant,2,6,0.3764015734195709,0.17237986624240875,-0.20402170717716217,0.4248162905375163,14.233312686625595
5387,blue,constant,3,6,-1.9184061288833618,0.17237986624240875,2.0907859951257706,0.8906755447387695,14.233312686625595
5387,blue,powerlaw,1,6,0.5483669638633728,0.282354678345694,-0.2660122855176788,0.30670613050460815,14.233312686625595
5387,blue,powerlaw,2,6,0.3764015734195709,0.3264329678069184,-0.04996860561265254,0.4248162905375163,14.233312686625595
5387,blue,powerlaw,3,6,-1.9184061288833618,0.3789500077865317,2.2973561366698934,0.8906755447387695,14.233312686625595
5387,red,constant,1,6,1.1550110578536987,1.2857037782669067,0.130692720413208,0.06626344720522563,14.23331268662514
5387,red,constant,2,6,1.3169822692871094,1.2857037782669067,-0.03127849102020264,0.0721301684776942,14.23331268662514
5387,red,constant,3,6,1.1788774728775024,1.2857037782669067,0.1068263053894043,0.0871629814306895,14.23331268662514
5387,red,powerlaw,1,6,1.1550110578536987,1.2146664669555618,0.059655409101863066,0.06626344720522563,14.23331268662514
5387,red,powerlaw,2,6,1.3169822692871094,1.2146709855698636,-0.10231128371724574,0.0721301684776942,14.23331268662514
5387,red,powerlaw,3,6,1.1788774728775024,1.2146754555680161,0.03579798269051371,0.0871629814306895,14.23331268662514
5138,blue,constant,1,5,0.2361939251422882,0.14536386728286743,-0.09083005785942078,0.16805754899978637,2.2670816294585165
5138,blue,constant,2,5,0.16160953044891357,0.14536386728286743,-0.016245663166046143,0.21614584922790528,2.2670816294585165
5138,blue,constant,3,6,-0.11122045665979385,0.14536386728286743,0.2565843239426613,0.31613006194432575,2.2670816294585165
5138,blue,powerlaw,1,5,0.2361939251422882,0.09645417476304344,-0.13973975037924477,0.16805754899978637,2.2670816294585165
5138,blue,powerlaw,2,5,0.16160953044891357,0.08537044044546128,-0.07623909000345229,0.21614584922790528,2.2670816294585165
5138,blue,powerlaw,3,6,-0.11122045665979385,0.07439348571674863,0.1856139423765425,0.31613006194432575,2.2670816294585165
5138,red,constant,1,5,1.101062297821045,1.235396146774292,0.13433384895324707,0.0536864697933197,2.267081629459426
5138,red,constant,2,5,1.1125009059906006,1.235396146774292,0.1228952407836914,0.06122941970825195,2.267081629459426
5138,red,constant,3,6,1.1593056917190552,1.2353962659835815,0.07609057426452637,0.0698027362426122,2.267081629459426
5138,red,powerlaw,1,5,1.101062297821045,1.1238477337357464,0.022785435914701502,0.0536864697933197,2.267081629459426
5138,red,powerlaw,2,5,1.1125009059906006,1.1193001009287222,0.006799194938121644,0.06122941970825195,2.267081629459426
5138,red,powerlaw,3,6,1.1593056917190552,1.1143707547910857,-0.04493493692796946,0.0698027362426122,2.267081629459426
12378,blue,constant,1,6,0.642244279384613,0.2165689319372177,-0.4256753474473953,0.24357799688975015,6.425493648641805
12378,blue,constant,2,6,-0.2764705419540405,0.2165689319372177,0.49303947389125824,0.32664485772450763,6.425493648641805
12378,blue,constant,3,7,0.6813160181045532,0.2165689319372177,-0.4647470861673355,0.5221238136291504,6.425493648641805
12378,blue,powerlaw,1,6,0.642244279384613,0.3853958837140264,-0.25684839567058665,0.24357799688975015,6.425493648641805
12378,blue,powerlaw,2,6,-0.2764705419540405,0.41495153156303094,0.6914220735170715,0.32664485772450763,6.425493648641805
12378,blue,powerlaw,3,7,0.6813160181045532,0.45056597464913944,-0.23075004345541378,0.5221238136291504,6.425493648641805
12378,red,constant,1,6,1.2896595001220703,1.3491358757019043,0.059476375579833984,0.06092416246732076,6.42549364864135
12378,red,constant,2,6,1.277922511100769,1.3491358757019043,0.07121336460113525,0.06713151435057323,6.42549364864135
12378,red,constant,3,7,1.1204845905303955,1.3491357564926147,0.22865116596221924,0.07354297808238439,6.42549364864135
12378,red,powerlaw,1,6,1.2896595001220703,1.3837249016346738,0.09406540151260345,0.06092416246732076,6.42549364864135
12378,red,powerlaw,2,6,1.277922511100769,1.4154291077997911,0.1375065966990221,0.06713151435057323,6.42549364864135
12378,red,powerlaw,3,7,1.1204845905303955,1.4502325797975908,0.3297479892671953,0.07354297808238439,6.42549364864135
10688,blue,constant,1,6,1.895896553993225,1.665955662727356,-0.22994089126586914,0.6061489979426066,12.929794734406642
10688,blue,constant,2,5,2.1428818702697754,1.6659557819366455,-0.4769260883331299,1.0753900527954101,12.929794734406642
10688,blue,constant,3,6,2.0775859355926514,1.665955662727356,-0.4116302728652954,1.716051419576009,12.929794734406642
10688,blue,powerlaw,1,6,1.895896553993225,2.327376252006245,0.4314796980130198,0.6061489979426066,12.929794734406642
10688,blue,powerlaw,2,5,2.1428818702697754,2.407462652169058,0.2645807818992827,1.0753900527954101,12.929794734406642
10688,blue,powerlaw,3,6,2.0775859355926514,2.4927704990069963,0.41518456341434495,1.716051419576009,12.929794734406642
10688,red,constant,1,6,1.117781162261963,1.2943205833435059,0.17653942108154297,0.16542454560597739,12.929794734407551
10688,red,constant,2,5,1.019288420677185,1.2943205833435059,0.2750321626663208,0.22289373874664306,12.929794734407551
10688,red,constant,3,6,1.4475412368774414,1.2943205833435059,-0.15322065353393555,0.27289750178654987,12.929794734407551
10688,red,powerlaw,1,6,1.117781162261963,1.1473169444526488,0.029535782190685866,0.16542454560597739,12.929794734407551
10688,red,powerlaw,2,5,1.019288420677185,1.1821090528679858,0.16282063219080078,0.22289373874664306,12.929794734407551
10688,red,powerlaw,3,6,1.4475412368774414,1.217598840173871,-0.2299423967035703,0.27289750178654987,12.929794734407551
3552,blue,constant,1,6,-0.07628900557756424,0.15172232687473297,0.2280113324522972,0.08175123731295268,9.55587499628109
3552,blue,constant,2,6,0.1999085545539856,0.15172232687473297,-0.048186227679252625,0.10809746384620667,9.55587499628109
3552,blue,constant,3,7,0.31483227014541626,0.15172232687473297,-0.1631099432706833,0.16646575927734375,9.55587499628109
3552,blue,powerlaw,1,6,-0.07628900557756424,0.10149290010617139,0.17778190568373564,0.08175123731295268,9.55587499628109
3552,blue,powerlaw,2,6,0.1999085545539856,0.09691215910255425,-0.10299639545143134,0.10809746384620667,9.55587499628109
3552,blue,powerlaw,3,7,0.31483227014541626,0.09205731447059189,-0.22277495567482436,0.16646575927734375,9.55587499628109
3552,red,constant,1,6,1.0635944604873657,1.159140944480896,0.09554648399353027,0.015288673341274261,9.555874996282
3552,red,constant,2,6,1.132093071937561,1.159140944480896,0.02704787254333496,0.015851375957330067,9.555874996282
3552,red,constant,3,7,1.1180819272994995,1.159140944480896,0.041059017181396484,0.016852814171995436,9.555874996282
3552,red,powerlaw,1,6,1.0635944604873657,1.1374428138946853,0.07384835340731954,0.015288673341274261,9.555874996282
3552,red,powerlaw,2,6,1.132093071937561,1.1397172823804695,0.007624210442908508,0.015851375957330067,9.555874996282
3552,red,powerlaw,3,7,1.1180819272994995,1.142160265969133,0.024078338669633492,0.016852814171995436,9.555874996282
11055,blue,constant,1,5,2.3120594024658203,2.320319890975952,0.008260488510131836,0.5777957916259766,0.02731438997489022
11055,blue,constant,2,5,2.522871732711792,2.320319890975952,-0.20255184173583984,0.7511936664581299,0.02731438997489022
11055,blue,constant,3,6,4.600226879119873,2.320319890975952,-2.279906988143921,1.1314771970113118,0.02731438997489022
11055,blue,powerlaw,1,5,2.3120594024658203,2.212172458868757,-0.0998869435970633,0.5777957916259766,0.02731438997489022
11055,blue,powerlaw,2,5,2.522871732711792,2.346840130333971,-0.176031602377821,0.7511936664581299,0.02731438997489022
11055,blue,powerlaw,3,6,4.600226879119873,2.5090497184747735,-2.0911771606450995,1.1314771970113118,0.02731438997489022
11055,red,constant,1,5,0.6605654954910278,0.9800512194633484,0.31948572397232056,0.08258752226829529,0.027314389973980724
11055,red,constant,2,5,0.7648094892501831,0.9800512194633484,0.21524173021316528,0.08556779026985169,0.027314389973980724
11055,red,constant,3,6,0.7963064312934875,0.9800512194633484,0.18374478816986084,0.09237271547317505,0.027314389973980724
11055,red,powerlaw,1,5,0.6605654954910278,0.8912510602832583,0.23068556479223046,0.08258752226829529,0.027314389973980724
11055,red,powerlaw,2,5,0.7648094892501831,0.8731415366265584,0.10833204737637525,0.08556779026985169,0.027314389973980724
11055,red,powerlaw,3,6,0.7963064312934875,0.8538502982829114,0.05754386698942382,0.09237271547317505,0.027314389973980724
39,blue,constant,1,4,3.1619999408721924,2.4245965480804443,-0.737403392791748,1.7938016653060913,6.2669288207739555
39,blue,constant,2,5,2.2253007888793945,2.4245965480804443,0.1992957592010498,2.313668632507324,6.2669288207739555
39,blue,constant,3,5,8.082475662231445,2.4245965480804443,-5.657879114151001,3.5659969329833983,6.2669288207739555
39,blue,powerlaw,1,4,3.1619999408721924,2.108338370637645,-1.0536615702345475,1.7938016653060913,6.2669288207739555
39,blue,powerlaw,2,5,2.2253007888793945,2.198601885001225,-0.02669890387816931,2.313668632507324,6.2669288207739555
39,blue,powerlaw,3,5,8.082475662231445,2.306311038174355,-5.77616462405709,3.5659969329833983,6.2669288207739555
39,red,constant,1,4,0.5048273205757141,1.4229706525802612,0.9181433320045471,0.28119269013404846,6.26692882077441
39,red,constant,2,5,0.832449734210968,1.4229706525802612,0.5905209183692932,0.2533582210540771,6.26692882077441
39,red,constant,3,5,1.1947245597839355,1.4229706525802612,0.22824609279632568,0.29268631935119627,6.26692882077441
39,red,powerlaw,1,4,0.5048273205757141,1.4053162534177421,0.900488932842028,0.28119269013404846,6.26692882077441
39,red,powerlaw,2,5,0.832449734210968,1.4612778199157597,0.6288280857047917,0.2533582210540771,6.26692882077441
39,red,powerlaw,3,5,1.1947245597839355,1.525332297992422,0.33060773820848643,0.29268631935119627,6.26692882077441
1782,blue,constant,1,5,2.2266173362731934,2.267909526824951,0.04129219055175781,0.5808222770690918,2.3506238886484425
1782,blue,constant,2,5,2.8145289421081543,2.267909526824951,-0.5466194152832031,0.7876495361328125,2.3506238886484425
1782,blue,constant,3,5,3.9153735637664795,2.267909526824951,-1.6474640369415283,1.3070507049560547,2.3506238886484425
1782,blue,powerlaw,1,5,2.2266173362731934,2.4014563133643785,0.17483897709118512,0.5808222770690918,2.3506238886484425
1782,blue,powerlaw,2,5,2.8145289421081543,2.445531529817679,-0.36899741229047534,0.7876495361328125,2.3506238886484425
1782,blue,powerlaw,3,5,3.9153735637664795,2.491650539753405,-1.4237230240130745,1.3070507049560547,2.3506238886484425
1782,red,constant,1,5,0.8417054414749146,1.1315293312072754,0.28982388973236084,0.1072393774986267,2.350623888649352
1782,red,constant,2,5,0.6256539225578308,1.1315293312072754,0.5058754086494446,0.11961214542388916,2.350623888649352
1782,red,constant,3,5,1.826257348060608,1.1315293312072754,-0.6947280168533325,0.13721535205841065,2.350623888649352
1782,red,powerlaw,1,5,0.8417054414749146,0.7916823200220102,-0.05002312145290433,0.1072393774986267,2.350623888649352
1782,red,powerlaw,2,5,0.6256539225578308,0.7736249789619649,0.1479710564041341,0.11961214542388916,2.350623888649352
1782,red,powerlaw,3,5,1.826257348060608,0.7561602927152611,-1.0700970553453468,0.13721535205841065,2.350623888649352
6656,blue,constant,1,5,0.6486064195632935,0.7852285504341125,0.1366221308708191,0.19292738437652587,12.29631605876466
6656,blue,constant,2,5,0.4666312634944916,0.7852285504341125,0.31859728693962097,0.2468580722808838,12.29631605876466
6656,blue,constant,3,6,0.47869762778282166,0.7852285504341125,0.3065309226512909,0.3503121534983317,12.29631605876466
6656,blue,powerlaw,1,5,0.6486064195632935,0.9132054554657222,0.2645990359024287,0.19292738437652587,12.29631605876466
6656,blue,powerlaw,2,5,0.4666312634944916,0.9564643462564499,0.48983308276195836,0.2468580722808838,12.29631605876466
6656,blue,powerlaw,3,6,0.47869762778282166,1.0079025831889876,0.529204955406166,0.3503121534983317,12.29631605876466
6656,red,constant,1,5,1.2293596267700195,1.2925090789794922,0.06314945220947266,0.03446324169635773,12.296316058766024
6656,red,constant,2,5,1.2221883535385132,1.2925090789794922,0.070320725440979,0.03496314287185669,12.296316058766024
6656,red,constant,3,6,1.2442572116851807,1.2925090789794922,0.04825186729431152,0.03669565667708715,12.296316058766024
6656,red,powerlaw,1,5,1.2293596267700195,1.2976941807366913,0.06833455396667176,0.03446324169635773,12.296316058766024
6656,red,powerlaw,2,5,1.2221883535385132,1.319998919359846,0.09781056582133285,0.03496314287185669,12.296316058766024
6656,red,powerlaw,3,6,1.2442572116851807,1.3447141178825381,0.10045690619735748,0.03669565667708715,12.296316058766024
2335,blue,constant,1,5,4.060362815856934,3.8274948596954346,-0.23286795616149902,0.8447041511535645,20.614416772234108
2335,blue,constant,2,5,5.227196216583252,3.8274948596954346,-1.3997013568878174,1.2039740562438965,20.614416772234108
2335,blue,constant,3,5,5.671353816986084,3.8274948596954346,-1.8438589572906494,2.4149173736572265,20.614416772234108
2335,blue,powerlaw,1,5,4.060362815856934,4.736550917183994,0.6761881013270603,0.8447041511535645,20.614416772234108
2335,blue,powerlaw,2,5,5.227196216583252,5.047572495783708,-0.17962372079954392,1.2039740562438965,20.614416772234108
2335,blue,powerlaw,3,5,5.671353816986084,5.388890335594098,-0.28246348139198574,2.4149173736572265,20.614416772234108
2335,red,constant,1,5,1.1154563426971436,0.8207505941390991,-0.29470574855804443,0.2442615032196045,20.614416772234108
2335,red,constant,2,5,1.1488641500473022,0.8207505941390991,-0.3281135559082031,0.2358757495880127,20.614416772234108
2335,red,constant,3,5,0.3163052201271057,0.8207505941390991,0.5044453740119934,0.33826844692230223,20.614416772234108
2335,red,powerlaw,1,5,1.1154563426971436,0.7660373631715676,-0.349418979525576,0.2442615032196045,20.614416772234108
2335,red,powerlaw,2,5,1.1488641500473022,0.7478977820435049,-0.40096636800379737,0.2358757495880127,20.614416772234108
2335,red,powerlaw,3,5,0.3163052201271057,0.7303798648756435,0.41407464474853783,0.33826844692230223,20.614416772234108
6219,blue,constant,1,5,3.5222601890563965,2.4170315265655518,-1.1052286624908447,0.8416190147399902,16.19475055447174
6219,blue,constant,2,5,2.771408796310425,2.4170315265655518,-0.35437726974487305,1.132246494293213,16.19475055447174
6219,blue,constant,3,6,4.261650562286377,2.4170315265655518,-1.8446190357208252,2.1474417050679526,16.19475055447174
6219,blue,powerlaw,1,5,3.5222601890563965,1.6692658099117756,-1.8529943791446208,0.8416190147399902,16.19475055447174
6219,blue,powerlaw,2,5,2.771408796310425,1.7540243147735293,-1.0173844815368955,1.132246494293213,16.19475055447174
6219,blue,powerlaw,3,6,4.261650562286377,1.8552102468374796,-2.406440315448897,2.1474417050679526,16.19475055447174
6219,red,constant,1,5,1.4616583585739136,0.8650022745132446,-0.596656084060669,0.2185159683227539,16.194750554470374
6219,red,constant,2,5,1.4089796543121338,0.8650022745132446,-0.5439773797988892,0.23614742755889892,16.194750554470374
6219,red,constant,3,6,2.155377149581909,0.8650022149085999,-1.2903749346733093,0.24334579706192017,16.194750554470374
6219,red,powerlaw,1,5,1.4616583585739136,0.8176045559084939,-0.6440538026654197,0.2185159683227539,16.194750554470374
6219,red,powerlaw,2,5,1.4089796543121338,0.8114853593888274,-0.5974942949233064,0.23614742755889892,16.194750554470374
6219,red,powerlaw,3,6,2.155377149581909,0.8048800335229687,-1.3504971160589405,0.24334579706192017,16.194750554470374
1106,blue,constant,1,5,0.6492733359336853,0.3449065387248993,-0.304366797208786,0.1827220320701599,13.1420086242033
1106,blue,constant,2,5,0.430828332901001,0.3449065387248993,-0.08592179417610168,0.232523775100708,13.1420086242033
1106,blue,constant,3,5,0.396093487739563,0.3449065387248993,-0.051186949014663696,0.3290014505386353,13.1420086242033
1106,blue,powerlaw,1,5,0.6492733359336853,0.45044862988723694,-0.19882470604644836,0.1827220320701599,13.1420086242033
1106,blue,powerlaw,2,5,0.430828332901001,0.5148297394780037,0.08400140657700272,0.232523775100708,13.1420086242033
1106,blue,powerlaw,3,5,0.396093487739563,0.5906330131347429,0.19453952539517994,0.3290014505386353,13.1420086242033
1106,red,constant,1,5,1.275986909866333,1.2026184797286987,-0.07336843013763428,0.04298352599143982,13.1420086242033
1106,red,constant,2,5,1.287502646446228,1.2026184797286987,-0.0848841667175293,0.0467147171497345,13.1420086242033
1106,red,constant,3,5,1.395668387413025,1.2026184797286987,-0.19304990768432617,0.0667816460132599,13.1420086242033
1106,red,powerlaw,1,5,1.275986909866333,1.2563868791649246,-0.019600030701408366,0.04298352599143982,13.1420086242033
1106,red,powerlaw,2,5,1.287502646446228,1.2794266029252284,-0.008076043520999665,0.0467147171497345,13.1420086242033
1106,red,powerlaw,3,5,1.395668387413025,1.3026350913920417,-0.0930332960209832,0.0667816460132599,13.1420086242033
5282,blue,constant,1,5,2.5050883293151855,2.679279088973999,0.17419075965881348,0.4827287197113037,4.257459062067483
5282,blue,constant,2,5,3.565286159515381,2.679279088973999,-0.8860070705413818,0.6587860584259033,4.257459062067483
5282,blue,constant,3,5,2.074094295501709,2.679279088973999,0.60518479347229,1.2328700065612792,4.257459062067483
5282,blue,powerlaw,1,5,2.5050883293151855,2.7330569072532924,0.22796857793810688,0.4827287197113037,4.257459062067483
5282,blue,powerlaw,2,5,3.565286159515381,2.923944593449636,-0.6413415660657447,0.6587860584259033,4.257459062067483
5282,blue,powerlaw,3,5,2.074094295501709,3.133959205152247,1.0598649096505381,1.2328700065612792,4.257459062067483
5282,red,constant,1,5,1.0758897066116333,1.0231900215148926,-0.05269968509674072,0.11171444654464721,4.257459062066118
5282,red,constant,2,5,1.015588641166687,1.0231900215148926,0.007601380348205566,0.121807062625885,4.257459062066118
5282,red,constant,3,5,0.8740027546882629,1.0231900215148926,0.14918726682662964,0.13157249689102174,4.257459062066118
5282,red,powerlaw,1,5,1.0758897066116333,0.976429124248984,-0.09946058236264932,0.11171444654464721,4.257459062066118
5282,red,powerlaw,2,5,1.015588641166687,0.9727934381282465,-0.04279520303844053,0.121807062625885,4.257459062066118
5282,red,powerlaw,3,5,0.8740027546882629,0.9692089912758236,0.09520623658756067,0.13157249689102174,4.257459062066118
12454,blue,constant,1,5,2.986525058746338,2.368412494659424,-0.6181125640869141,0.25676229000091555,8.879128460793709
12454,blue,constant,2,5,2.396407127380371,2.368412494659424,-0.027994632720947266,0.34878323078155515,8.879128460793709
12454,blue,constant,3,6,4.232621669769287,2.3684122562408447,-1.8642094135284424,0.5498591264088949,8.879128460793709
12454,blue,powerlaw,1,5,2.986525058746338,2.6230877886725477,-0.36343727007379023,0.25676229000091555,8.879128460793709
12454,blue,powerlaw,2,5,2.396407127380371,2.7500291735380964,0.3536220461577253,0.34878323078155515,8.879128460793709
12454,blue,powerlaw,3,6,4.232621669769287,2.9010883198303237,-1.3315333499389634,0.5498591264088949,8.879128460793709
12454,red,constant,1,5,1.3589104413986206,0.8300573229789734,-0.5288531184196472,0.061328017711639406,8.879128460792344
12454,red,constant,2,5,2.1675024032592773,0.8300573229789734,-1.337445080280304,0.07213395833969116,8.879128460792344
12454,red,constant,3,6,0.7383248209953308,0.8300573229789734,0.09173250198364258,0.07657414674758911,8.879128460792344
12454,red,powerlaw,1,5,1.3589104413986206,0.894523764405659,-0.46438667699296166,0.061328017711639406,8.879128460792344
12454,red,powerlaw,2,5,2.1675024032592773,0.8923783538456445,-1.2751240494136329,0.07213395833969116,8.879128460792344
12454,red,powerlaw,3,6,0.7383248209953308,0.8900493145752103,0.1517244935798795,0.07657414674758911,8.879128460792344
7492,blue,constant,1,5,4.610212802886963,3.379880428314209,-1.230332374572754,0.8091994285583496,18.17573364295913
7492,blue,constant,2,5,4.128353118896484,3.379880428314209,-0.7484726905822754,1.043129825592041,18.17573364295913
7492,blue,constant,3,5,4.6801910400390625,3.379880428314209,-1.3003106117248535,1.5547906875610351,18.17573364295913
7492,blue,powerlaw,1,5,4.610212802886963,3.5622719464709873,-1.0479408564159756,0.8091994285583496,18.17573364295913
7492,blue,powerlaw,2,5,4.128353118896484,3.812306639771903,-0.3160464791245814,1.043129825592041,18.17573364295913
7492,blue,powerlaw,3,5,4.6801910400390625,4.087833681722468,-0.5923573583165949,1.5547906875610351,18.17573364295913
7492,red,constant,1,5,0.9041272401809692,0.9389005899429321,0.03477334976196289,0.1570443630218506,18.17573364295822
7492,red,constant,2,5,1.1503794193267822,0.9389005899429321,-0.2114788293838501,0.17883774042129516,18.17573364295822
7492,red,constant,3,5,0.966446578502655,0.9389005899429321,-0.0275459885597229,0.2089776039123535,18.17573364295822
7492,red,powerlaw,1,5,0.9041272401809692,0.9142036490103079,0.01007640882933869,0.1570443630218506,18.17573364295822
7492,red,powerlaw,2,5,1.1503794193267822,0.8940782417079485,-0.25630117761883375,0.17883774042129516,18.17573364295822
7492,red,powerlaw,3,5,0.966446578502655,0.8746081787768046,-0.0918383997258504,0.2089776039123535,18.17573364295822
3049,blue,constant,1,4,2.80696439743042,2.2827816009521484,-0.5241827964782715,0.6787819862365723,3.624538660423241
3049,blue,constant,2,5,2.02670955657959,2.2827816009521484,0.2560720443725586,0.8705691337585449,3.624538660423241
3049,blue,constant,3,5,0.2962426543235779,2.2827816009521484,1.9865389466285706,1.8229335784912108,3.624538660423241
3049,blue,powerlaw,1,4,2.80696439743042,2.3559776498924996,-0.45098674753792034,0.6787819862365723,3.624538660423241
3049,blue,powerlaw,2,5,2.02670955657959,2.391879999836765,0.36517044325717496,0.8705691337585449,3.624538660423241
3049,blue,powerlaw,3,5,0.2962426543235779,2.433522570569007,2.1372799162454292,1.8229335784912108,3.624538660423241
3049,red,constant,1,4,0.8288000822067261,0.9931203722953796,0.16432029008865356,0.1431349664926529,3.6245386604223313
3049,red,constant,2,5,0.7493744492530823,0.9931203722953796,0.24374592304229736,0.1447765588760376,3.6245386604223313
3049,red,constant,3,5,0.7581084966659546,0.9931203722953796,0.23501187562942505,0.18390944004058837,3.6245386604223313
3049,red,powerlaw,1,4,0.8288000822067261,0.985211140651661,0.15641105844493497,0.1431349664926529,3.6245386604223313
3049,red,powerlaw,2,5,0.7493744492530823,0.9858867167415882,0.23651226748850596,0.1447765588760376,3.6245386604223313
3049,red,powerlaw,3,5,0.7581084966659546,0.9866300742220593,0.2285215775561047,0.18390944004058837,3.6245386604223313
1086,blue,constant,1,5,-0.02647458389401436,0.055750541388988495,0.08222512528300285,0.20829472541809083,11.440642132437915
1086,blue,constant,2,5,0.1162743791937828,0.055750541388988495,-0.06052383780479431,0.26800129413604734,11.440642132437915
1086,blue,constant,3,6,-0.178288534283638,0.05575054511427879,0.2340390793979168,0.37405117352803546,11.440642132437915
1086,blue,powerlaw,1,5,-0.02647458389401436,0.18701351815731626,0.21348810205133062,0.20829472541809083,11.440642132437915
1086,blue,powerlaw,2,5,0.1162743791937828,0.18107917565437345,0.06480479646059065,0.26800129413604734,11.440642132437915
1086,blue,powerlaw,3,6,-0.178288534283638,0.17459833526956137,0.35288686955319937,0.37405117352803546,11.440642132437915
1086,red,constant,1,5,1.2042956352233887,1.2217718362808228,0.017476201057434082,0.049765565991401674,11.440642132436551
1086,red,constant,2,5,1.3407548666000366,1.2217718362808228,-0.11898303031921387,0.054664844274520875,11.440642132436551
1086,red,constant,3,6,1.1069167852401733,1.2217718362808228,0.11485505104064941,0.06691361963748932,11.440642132436551
1086,red,powerlaw,1,5,1.2042956352233887,1.2728655813668723,0.06856994614348366,0.049765565991401674,11.440642132436551
1086,red,powerlaw,2,5,1.3407548666000366,1.2888602824809763,-0.05189458411906034,0.054664844274520875,11.440642132436551
1086,red,powerlaw,3,6,1.1069167852401733,1.3064988620820692,0.19958207684189588,0.06691361963748932,11.440642132436551
5256,blue,constant,1,5,3.8343887329101562,3.6218345165252686,-0.2125542163848877,0.7223275184631348,10.405587872842716
5256,blue,constant,2,5,5.0823073387146,3.6218345165252686,-1.460472822189331,0.9379842758178711,10.405587872842716
5256,blue,constant,3,6,4.010718822479248,3.6218345165252686,-0.3888843059539795,1.5465585390726726,10.405587872842716
5256,blue,powerlaw,1,5,3.8343887329101562,3.676958937316626,-0.1574297955935302,0.7223275184631348,10.405587872842716
5256,blue,powerlaw,2,5,5.0823073387146,3.8671739209904947,-1.2151334177241049,0.9379842758178711,10.405587872842716
5256,blue,powerlaw,3,6,4.010718822479248,4.0943433379397804,0.0836245154605324,1.5465585390726726,10.405587872842716
5256,red,constant,1,5,0.5424497127532959,0.5720766186714172,0.029626905918121338,0.17752794027328492,10.40558787284317
5256,red,constant,2,5,0.9694150686264038,0.5720766186714172,-0.3973384499549866,0.1809739351272583,10.40558787284317
5256,red,constant,3,6,2.5387370586395264,0.5720766186714172,-1.9666604399681091,0.19146575530370077,10.40558787284317
5256,red,powerlaw,1,5,0.5424497127532959,0.6764498438409502,0.1340001310876543,0.17752794027328492,10.40558787284317
5256,red,powerlaw,2,5,0.9694150686264038,0.6615408228591677,-0.3078742457672361,0.1809739351272583,10.40558787284317
5256,red,powerlaw,3,6,2.5387370586395264,0.6456943405789879,-1.8930427180605385,0.19146575530370077,10.40558787284317
4623,blue,constant,1,5,2.687821388244629,2.000779151916504,-0.687042236328125,0.4835407257080078,4.572432215011759
4623,blue,constant,2,5,1.1793133020401,2.000779151916504,0.8214658498764038,0.7072845935821533,4.572432215011759
4623,blue,constant,3,6,0.132452130317688,2.000779151916504,1.868327021598816,1.3314929803212483,4.572432215011759
4623,blue,powerlaw,1,5,2.687821388244629,2.082932405625045,-0.6048889826195838,0.4835407257080078,4.572432215011759
4623,blue,powerlaw,2,5,1.1793133020401,2.1974686485440578,1.0181553465039577,0.7072845935821533,4.572432215011759
4623,blue,powerlaw,3,6,0.132452130317688,2.3346567961325437,2.2022046658148557,1.3314929803212483,4.572432215011759
4623,red,constant,1,5,1.0518121719360352,0.8019782304763794,-0.24983394145965576,0.0807577133178711,4.572432215012668
4623,red,constant,2,5,0.5945805907249451,0.8019782304763794,0.20739763975143433,0.09049802422523498,4.572432215012668
4623,red,constant,3,6,0.8113943934440613,0.8019781708717346,-0.00941622257232666,0.09569785992304485,4.572432215012668
4623,red,powerlaw,1,5,1.0518121719360352,0.7772972934924111,-0.2745148784436241,0.0807577133178711,4.572432215012668
4623,red,powerlaw,2,5,0.5945805907249451,0.7491992785107306,0.15461868778578558,0.09049802422523498,4.572432215012668
4623,red,powerlaw,3,6,0.8113943934440613,0.71978470755166,-0.09160968589240126,0.09569785992304485,4.572432215012668
3444,blue,constant,1,5,1.1392523050308228,0.21891406178474426,-0.9203382432460785,0.6133947849273682,15.53086332022258
3444,blue,constant,2,5,-0.2525729238986969,0.21891406178474426,0.47148698568344116,0.7991525650024414,15.53086332022258
3444,blue,constant,3,6,-1.6803404092788696,0.21891404688358307,1.8992544561624527,1.1330995559692383,15.53086332022258
3444,blue,powerlaw,1,5,1.1392523050308228,0.00015468556317010913,-1.1390976194676528,0.6133947849273682,15.53086332022258
3444,blue,powerlaw,2,5,-0.2525729238986969,6.237239120841052e-05,0.25263529628990533,0.7991525650024414,15.53086332022258
3444,blue,powerlaw,3,6,-1.6803404092788696,2.2691064666259872e-05,1.680363100343536,1.1330995559692383,15.53086332022258
3444,red,constant,1,5,1.1106913089752197,1.0758596658706665,-0.03483164310455322,0.08842585682868957,15.530863320222124
3444,red,constant,2,5,0.9794526100158691,1.0758596658706665,0.09640705585479736,0.08808152675628662,15.530863320222124
3444,red,constant,3,6,0.860499918460846,1.0758596658706665,0.21535974740982056,0.09465365608533223,15.530863320222124
3444,red,powerlaw,1,5,1.1106913089752197,0.8996493275848131,-0.21104198139040664,0.08842585682868957,15.530863320222124
3444,red,powerlaw,2,5,0.9794526100158691,0.87026274987114,-0.10918986014472909,0.08808152675628662,15.530863320222124
3444,red,powerlaw,3,6,0.860499918460846,0.8393930893386424,-0.02110682912220352,0.09465365608533223,15.530863320222124
5604,blue,constant,1,4,3.602874994277954,3.381995439529419,-0.22087955474853516,0.9403508305549622,4.117498414405418
5604,blue,constant,2,5,4.860908508300781,3.381995439529419,-1.4789130687713623,1.1228723526000977,4.117498414405418
5604,blue,constant,3,5,5.117685794830322,3.381995439529419,-1.7356903553009033,1.9048917770385743,4.117498414405418
5604,blue,powerlaw,1,4,3.602874994277954,3.70651331099613,0.1036383167181758,0.9403508305549622,4.117498414405418
5604,blue,powerlaw,2,5,4.860908508300781,3.939854040567429,-0.9210544677333523,1.1228723526000977,4.117498414405418
5604,blue,powerlaw,3,5,5.117685794830322,4.223914595682506,-0.8937711991478166,1.9048917770385743,4.117498414405418
5604,red,constant,1,4,0.7241228818893433,1.0182244777679443,0.2941015958786011,0.21972452104091644,4.117498414405418
5604,red,constant,2,5,0.813266396522522,1.0182244777679443,0.20495808124542236,0.21342222690582274,4.117498414405418
5604,red,constant,3,5,0.7467671632766724,1.0182244777679443,0.271457314491272,0.23709437847137452,4.117498414405418
5604,red,powerlaw,1,4,0.7241228818893433,0.923060188203447,0.19893730631410378,0.21972452104091644,4.117498414405418
5604,red,powerlaw,2,5,0.813266396522522,0.9118584333228135,0.0985920368002915,0.21342222690582274,4.117498414405418
5604,red,powerlaw,3,5,0.7467671632766724,0.8996958750213697,0.15292871174469735,0.23709437847137452,4.117498414405418
3911,blue,constant,1,5,2.601651668548584,1.7124935388565063,-0.8891581296920776,0.4201788902282715,4.658159867464292
3911,blue,constant,2,5,1.7534252405166626,1.7124935388565063,-0.04093170166015625,0.5587656497955322,4.658159867464292
3911,blue,constant,3,5,0.8472816348075867,1.7124935388565063,0.8652119040489197,1.2136778831481934,4.658159867464292
3911,blue,powerlaw,1,5,2.601651668548584,2.0604995779962367,-0.5411520905523473,0.4201788902282715,4.658159867464292
3911,blue,powerlaw,2,5,1.7534252405166626,2.1578202909079183,0.4043950503912557,0.5587656497955322,4.658159867464292
3911,blue,powerlaw,3,5,0.8472816348075867,2.2626136668697927,1.415332032062206,1.2136778831481934,4.658159867464292
3911,red,constant,1,5,1.1546132564544678,0.7621273398399353,-0.39248591661453247,0.09330708980560302,4.658159867465656
3911,red,constant,2,5,0.988205075263977,0.7621273398399353,-0.22607773542404175,0.10361113548278808,4.658159867465656
3911,red,constant,3,5,1.000734567642212,0.7621273398399353,-0.2386072278022766,0.12172605991363525,4.658159867465656
3911,red,powerlaw,1,5,1.1546132564544678,0.9833272979110548,-0.171285958543413,0.09330708980560302,4.658159867465656
3911,red,powerlaw,2,5,0.988205075263977,0.981833401625132,-0.0063716736388450546,0.10361113548278808,4.658159867465656
3911,red,powerlaw,3,5,1.000734567642212,0.9803573177819533,-0.020377249860258573,0.12172605991363525,4.658159867465656
3448,blue,constant,1,5,1.0169479846954346,0.7716756463050842,-0.24527233839035034,0.5049042224884033,12.908395698532786
3448,blue,constant,2,5,0.292857825756073,0.7716756463050842,0.47881782054901123,0.6575249195098877,12.908395698532786
3448,blue,constant,3,6,-1.4079707860946655,0.7716756463050842,2.1796464323997498,1.0610068639119465,12.908395698532786
3448,blue,powerlaw,1,5,1.0169479846954346,0.6958402203036472,-0.32110776439178734,0.5049042224884033,12.908395698532786
3448,blue,powerlaw,2,5,0.292857825756073,0.7082312270214688,0.4153734012653958,0.6575249195098877,12.908395698532786
3448,blue,powerlaw,3,6,-1.4079707860946655,0.7225166979497409,2.1304874840444064,1.0610068639119465,12.908395698532786
3448,red,constant,1,5,0.7894757986068726,0.782467782497406,-0.007008016109466553,0.07986435294151306,12.908395698532331
3448,red,constant,2,5,0.9950597882270813,0.782467782497406,-0.2125920057296753,0.08167961835861207,12.908395698532331
3448,red,constant,3,6,0.780127763748169,0.782467782497406,0.0023400187492370605,0.08310173451900482,12.908395698532331
3448,red,powerlaw,1,5,0.7894757986068726,0.8127964763768525,0.023320677769979925,0.07986435294151306,12.908395698532331
3448,red,powerlaw,2,5,0.9950597882270813,0.7862431088627437,-0.20881667936433757,0.08167961835861207,12.908395698532331
3448,red,powerlaw,3,6,0.780127763748169,0.7583473786166656,-0.021780385131503377,0.08310173451900482,12.908395698532331
5019,blue,constant,1,4,3.9509215354919434,2.746828317642212,-1.2040932178497314,0.3668239116668701,3.671266019653558
5019,blue,constant,2,5,3.6114108562469482,2.746828317642212,-0.8645825386047363,0.42580466270446776,3.671266019653558
5019,blue,constant,3,5,4.266157627105713,2.746828317642212,-1.519329309463501,0.7517795085906982,3.671266019653558
5019,blue,powerlaw,1,4,3.9509215354919434,2.7297729685085566,-1.2211485669833868,0.3668239116668701,3.671266019653558
5019,blue,powerlaw,2,5,3.6114108562469482,2.8768808943756876,-0.7345299618712606,0.42580466270446776,3.671266019653558
5019,blue,powerlaw,3,5,4.266157627105713,3.0543567645995853,-1.2118008625061276,0.7517795085906982,3.671266019653558
5019,red,constant,1,4,0.895462691783905,0.914523720741272,0.019061028957366943,0.08723457902669907,3.671266019653558
5019,red,constant,2,5,0.8622280955314636,0.914523720741272,0.05229562520980835,0.0903769850730896,3.671266019653558
5019,red,constant,3,5,0.6821373701095581,0.914523720741272,0.23238635063171387,0.11370694637298584,3.671266019653558
5019,red,powerlaw,1,4,0.895462691783905,0.9764870351969657,0.08102434341306064,0.08723457902669907,3.671266019653558
5019,red,powerlaw,2,5,0.8622280955314636,0.9650704762099721,0.10284238067850848,0.0903769850730896,3.671266019653558
5019,red,powerlaw,3,5,0.6821373701095581,0.9526686556685517,0.27053128555899364,0.11370694637298584,3.671266019653558
6169,blue,constant,1,5,4.137357711791992,4.632390022277832,0.49503231048583984,1.662379264831543,19.648775707847108
6169,blue,constant,2,5,8.316767692565918,4.632390022277832,-3.684377670288086,2.3367240905761717,19.648775707847108
6169,blue,constant,3,5,9.571696281433105,4.632390022277832,-4.939306259155273,4.375096130371094,19.648775707847108
6169,blue,powerlaw,1,5,4.137357711791992,5.562836735643494,1.4254790238515014,1.662379264831543,19.648775707847108
6169,blue,powerlaw,2,5,8.316767692565918,5.688455274328545,-2.628312418237373,2.3367240905761717,19.648775707847108
6169,blue,powerlaw,3,5,9.571696281433105,5.820656463063088,-3.7510398183700175,4.375096130371094,19.648775707847108
6169,red,constant,1,5,0.5232514142990112,0.6562961935997009,0.1330447793006897,0.35898780822753906,19.648775707848472
6169,red,constant,2,5,0.015525427646934986,0.6562961935997009,0.6407707659527659,0.39574742317199707,19.648775707848472
6169,red,constant,3,5,-1.1206996440887451,0.6562961935997009,1.776995837688446,0.4571127414703369,19.648775707848472
6169,red,powerlaw,1,5,0.5232514142990112,0.8259587747196422,0.30270736042063096,0.35898780822753906,19.648775707848472
6169,red,powerlaw,2,5,0.015525427646934986,0.8012996985188755,0.7857742708719405,0.39574742317199707,19.648775707848472
6169,red,powerlaw,3,5,-1.1206996440887451,0.777634962026684,1.8983346061154291,0.4571127414703369,19.648775707848472
6874,blue,constant,1,5,2.4663052558898926,1.6306297779083252,-0.8356754779815674,0.43079795837402346,17.65296466407017
6874,blue,constant,2,5,1.3126506805419922,1.6306297779083252,0.317979097366333,0.5907199859619141,17.65296466407017
6874,blue,constant,3,6,3.098816156387329,1.6306296586990356,-1.4681864976882935,1.0568590958913167,17.65296466407017
6874,blue,powerlaw,1,5,2.4663052558898926,1.69805080922579,-0.7682544466641026,0.43079795837402346,17.65296466407017
6874,blue,powerlaw,2,5,1.3126506805419922,1.7340712140034416,0.42142053346144936,0.5907199859619141,17.65296466407017
6874,blue,powerlaw,3,6,3.098816156387329,1.7757618442192076,-1.3230543121681215,1.0568590958913167,17.65296466407017
6874,red,constant,1,5,0.9823403358459473,0.8331676721572876,-0.14917266368865967,0.1109918475151062,17.65296466407017
6874,red,constant,2,5,1.281760811805725,0.8331676721572876,-0.4485931396484375,0.11528387069702148,17.65296466407017
6874,red,constant,3,6,1.0046606063842773,0.8331676125526428,-0.17149299383163452,0.12571385502815247,17.65296466407017
6874,red,powerlaw,1,5,0.9823403358459473,0.9351248837494761,-0.047215452096471155,0.1109918475151062,17.65296466407017
6874,red,powerlaw,2,5,1.281760811805725,0.9351462792394727,-0.3466145325662524,0.11528387069702148,17.65296466407017
6874,red,powerlaw,3,6,1.0046606063842773,0.9351695586696497,-0.06949104771462766,0.12571385502815247,17.65296466407017
6494,blue,constant,1,5,0.03963817283511162,0.10620822012424469,0.06657004728913307,0.14679831266403198,17.687080380957468
6494,blue,constant,2,5,0.5387500524520874,0.10620822012424469,-0.4325418323278427,0.19176028966903685,17.687080380957468
6494,blue,constant,3,6,-0.14299878478050232,0.10620821267366409,0.2492069974541664,0.28050315380096436,17.687080380957468
6494,blue,powerlaw,1,5,0.03963817283511162,0.207070296995796,0.16743212416068437,0.14679831266403198,17.687080380957468
6494,blue,powerlaw,2,5,0.5387500524520874,0.22917159364605064,-0.30957845880603674,0.19176028966903685,17.687080380957468
6494,blue,powerlaw,3,6,-0.14299878478050232,0.2570868449964404,0.40008562977694273,0.28050315380096436,17.687080380957468
6494,red,constant,1,5,1.3395508527755737,1.2844418287277222,-0.05510902404785156,0.04143287241458893,17.687080380956104
6494,red,constant,2,5,1.3080803155899048,1.2844418287277222,-0.023638486862182617,0.044523215293884276,17.687080380956104
6494,red,constant,3,6,1.465074896812439,1.2844418287277222,-0.1806330680847168,0.05220764378706614,17.687080380956104
6494,red,powerlaw,1,5,1.3395508527755737,1.4264480197591205,0.08689716698354677,0.04143287241458893,17.687080380956104
6494,red,powerlaw,2,5,1.3080803155899048,1.4713848222090076,0.16330450661910278,0.044523215293884276,17.687080380956104
6494,red,powerlaw,3,6,1.465074896812439,1.5219127755725548,0.05683787876011581,0.05220764378706614,17.687080380956104
12195,blue,constant,1,4,3.7007052898406982,2.3941476345062256,-1.3065576553344727,1.0848251581192017,4.684207185101059
12195,blue,constant,2,5,1.158357858657837,2.3941476345062256,1.2357897758483887,1.303250503540039,4.684207185101059
12195,blue,constant,3,5,0.5440425872802734,2.3941476345062256,1.8501050472259521,2.2390169143676757,4.684207185101059
12195,blue,powerlaw,1,4,3.7007052898406982,2.5691253835585623,-1.131579906282136,1.0848251581192017,4.684207185101059
12195,blue,powerlaw,2,5,1.158357858657837,2.7037477509236933,1.5453898922658564,1.303250503540039,4.684207185101059
12195,blue,powerlaw,3,5,0.5440425872802734,2.865918790246029,2.3218762029657554,2.2390169143676757,4.684207185101059
12195,red,constant,1,4,0.3813363313674927,0.6997457146644592,0.31840938329696655,0.2592479884624481,4.684207185100604
12195,red,constant,2,5,0.23619917035102844,0.6997457146644592,0.4635465443134308,0.26516892910003664,4.684207185100604
12195,red,constant,3,5,-0.0036797046195715666,0.6997457146644592,0.7034254192840308,0.2927405595779419,4.684207185100604
12195,red,powerlaw,1,4,0.3813363313674927,0.6799237435794965,0.2985874122120038,0.2592479884624481,4.684207185100604
12195,red,powerlaw,2,5,0.23619917035102844,0.6452823526728197,0.4090831823217913,0.26516892910003664,4.684207185100604
12195,red,powerlaw,3,5,-0.0036797046195715666,0.6091933871653292,0.6128730917849008,0.2927405595779419,4.684207185100604
5471,blue,constant,1,4,2.2972986698150635,2.2016794681549072,-0.09561920166015625,1.0708619356155396,6.106268951390575
5471,blue,constant,2,5,3.106933116912842,2.2016794681549072,-0.9052536487579346,1.2496294975280762,6.106268951390575
5471,blue,constant,3,5,1.7229557037353516,2.2016794681549072,0.47872376441955566,2.0889541625976564,6.106268951390575
5471,blue,powerlaw,1,4,2.2972986698150635,1.5259857565651544,-0.771312913249909,1.0708619356155396,6.106268951390575
5471,blue,powerlaw,2,5,3.106933116912842,1.4864422755731201,-1.6204908413397217,1.2496294975280762,6.106268951390575
5471,blue,powerlaw,3,5,1.7229557037353516,1.4425248994978488,-0.2804308042375028,2.0889541625976564,6.106268951390575
5471,red,constant,1,4,0.6475701332092285,0.769622266292572,0.1220521330833435,0.24846091866493225,6.10626895139103
5471,red,constant,2,5,0.7510039210319519,0.769622266292572,0.018618345260620117,0.2356013059616089,6.10626895139103
5471,red,constant,3,5,0.5935295820236206,0.769622266292572,0.17609268426895142,0.27342829704284666,6.10626895139103
5471,red,powerlaw,1,4,0.6475701332092285,0.9647970444009533,0.31722691119172475,0.24846091866493225,6.10626895139103
5471,red,powerlaw,2,5,0.7510039210319519,0.9457359318254511,0.19473201079349922,0.2356013059616089,6.10626895139103
5471,red,powerlaw,3,5,0.5935295820236206,0.9252059529613398,0.3316763709377192,0.27342829704284666,6.10626895139103
2411,blue,constant,1,5,-0.22501440346240997,0.28979960083961487,0.5148140043020248,0.25445265769958497,17.766523254501408
2411,blue,constant,2,5,-0.0628003254532814,0.28979960083961487,0.35259992629289627,0.36349332332611084,17.766523254501408
2411,blue,constant,3,6,0.40747103095054626,0.28979960083961487,-0.1176714301109314,0.6577589909235636,17.766523254501408
2411,blue,powerlaw,1,5,-0.22501440346240997,0.3299943714802702,0.5550087749426802,0.25445265769958497,17.766523254501408
2411,blue,powerlaw,2,5,-0.0628003254532814,0.3939934460420528,0.4567937714953342,0.36349332332611084,17.766523254501408
2411,blue,powerlaw,3,6,0.40747103095054626,0.4817917158222194,0.07432068487167315,0.6577589909235636,17.766523254501408
2411,red,constant,1,5,1.1943309307098389,1.1463383436203003,-0.047992587089538574,0.07809911966323853,17.766523254502317
2411,red,constant,2,5,0.9797259569168091,1.1463383436203003,0.1666123867034912,0.07354549169540406,17.766523254502317
2411,red,constant,3,6,1.156842827796936,1.1463383436203003,-0.010504484176635742,0.09340783953666687,17.766523254502317
2411,red,powerlaw,1,5,1.1943309307098389,1.304474200968699,0.11014327025886006,0.07809911966323853,17.766523254502317
2411,red,powerlaw,2,5,0.9797259569168091,1.328871474850441,0.349145517933632,0.07354549169540406,17.766523254502317
2411,red,powerlaw,3,6,1.156842827796936,1.3559432278473371,0.19910040005040108,0.09340783953666687,17.766523254502317
9530,blue,constant,1,5,0.18915435671806335,0.10529790073633194,-0.08385645598173141,0.24502460956573485,11.33114434684785
9530,blue,constant,2,5,0.12396790832281113,0.10529790073633194,-0.018670007586479187,0.31913228034973146,11.33114434684785
9530,blue,constant,3,6,-0.47399449348449707,0.10529790073633194,0.579292394220829,0.5406500101089478,11.33114434684785
9530,blue,powerlaw,1,5,0.18915435671806335,0.11574341139352522,-0.07341094532453814,0.24502460956573485,11.33114434684785
9530,blue,powerlaw,2,5,0.12396790832281113,0.12101081192977677,-0.0029570963930343613,0.31913228034973146,11.33114434684785
9530,blue,powerlaw,3,6,-0.47399449348449707,0.1272620910043433,0.6012565844888403,0.5406500101089478,11.33114434684785
9530,red,constant,1,5,1.3364808559417725,1.3720639944076538,0.03558313846588135,0.05211721658706665,11.331144346848305
9530,red,constant,2,5,1.232444405555725,1.3720639944076538,0.1396195888519287,0.060021644830703734,11.331144346848305
9530,red,constant,3,6,1.1675976514816284,1.3720639944076538,0.2044663429260254,0.06031712889671326,11.331144346848305
9530,red,powerlaw,1,5,1.3364808559417725,1.4189995271742974,0.08251867123252499,0.05211721658706665,11.331144346848305
9530,red,powerlaw,2,5,1.232444405555725,1.4359737495933396,0.20352934403761447,0.060021644830703734,11.331144346848305
9530,red,powerlaw,3,6,1.1675976514816284,1.4546806810283777,0.28708302954674925,0.06031712889671326,11.331144346848305
5235,blue,constant,1,4,1.6768481731414795,3.0691864490509033,1.3923382759094238,1.0034741163253784,0.6561498291125645
5235,blue,constant,2,5,3.2373294830322266,3.0691864490509033,-0.16814303398132324,1.2011293411254882,0.6561498291125645
5235,blue,constant,3,5,-0.7104254961013794,3.0691864490509033,3.7796119451522827,2.1865314483642577,0.6561498291125645
5235,blue,powerlaw,1,4,1.6768481731414795,3.0801785545394824,1.403330381398003,1.0034741163253784,0.6561498291125645
5235,blue,powerlaw,2,5,3.2373294830322266,3.233631260155775,-0.0036982228764514957,1.2011293411254882,0.6561498291125645
5235,blue,powerlaw,3,5,-0.7104254961013794,3.417949867581725,4.128375363683104,2.1865314483642577,0.6561498291125645
5235,red,constant,1,4,1.3318454027175903,0.8316583633422852,-0.5001870393753052,0.26872962713241577,0.6561498291139287
5235,red,constant,2,5,0.6158760786056519,0.8316583633422852,0.2157822847366333,0.2701543092727661,0.6561498291139287
5235,red,constant,3,5,0.334903746843338,0.8316583633422852,0.49675461649894714,0.30804781913757323,0.6561498291139287
5235,red,powerlaw,1,4,1.3318454027175903,0.7479290363740388,-0.5839163663435515,0.26872962713241577,0.6561498291139287
5235,red,powerlaw,2,5,0.6158760786056519,0.7266154719991639,0.11073939339351202,0.2701543092727661,0.6561498291139287
5235,red,powerlaw,3,5,0.334903746843338,0.7038662864675925,0.3689625396242545,0.30804781913757323,0.6561498291139287
2855,blue,constant,1,5,3.529036283493042,2.407703399658203,-1.1213328838348389,1.0932573318481444,11.690302071855058
2855,blue,constant,2,5,6.4247894287109375,2.407703399658203,-4.017086029052734,1.4258163452148438,11.690302071855058
2855,blue,constant,3,5,8.969118118286133,2.407703399658203,-6.56141471862793,2.876500701904297,11.690302071855058
2855,blue,powerlaw,1,5,3.529036283493042,2.712570585239181,-0.816465698253861,1.0932573318481444,11.690302071855058
2855,blue,powerlaw,2,5,6.4247894287109375,2.903246919753177,-3.5215425089577606,1.4258163452148438,11.690302071855058
2855,blue,powerlaw,3,5,8.969118118286133,3.1132818439219525,-5.85583627436418,2.876500701904297,11.690302071855058
2855,red,constant,1,5,0.9584542512893677,0.8497982025146484,-0.10865604877471924,0.24204821586608888,11.690302071854603
2855,red,constant,2,5,1.0169649124145508,0.8497982025146484,-0.16716670989990234,0.2695833683013916,11.690302071854603
2855,red,constant,3,5,0.6654516458511353,0.8497982025146484,0.18434655666351318,0.33316171169281006,11.690302071854603
2855,red,powerlaw,1,5,0.9584542512893677,0.8444175905403103,-0.11403666074905738,0.24204821586608888,11.690302071854603
2855,red,powerlaw,2,5,1.0169649124145508,0.8273009874527084,-0.18966392496184237,0.2695833683013916,11.690302071854603
2855,red,powerlaw,3,5,0.6654516458511353,0.810708520671783,0.14525687482064775,0.33316171169281006,11.690302071854603
11052,blue,constant,1,5,2.067141056060791,1.1755468845367432,-0.8915941715240479,0.5193838119506836,13.307198207652618
11052,blue,constant,2,5,1.909031867980957,1.1755468845367432,-0.7334849834442139,0.6822048187255859,13.307198207652618
11052,blue,constant,3,6,0.39707955718040466,1.1755467653274536,0.778467208147049,1.0315402348836262,13.307198207652618
11052,blue,powerlaw,1,5,2.067141056060791,0.8929306295646077,-1.1742104264961832,0.5193838119506836,13.307198207652618
11052,blue,powerlaw,2,5,1.909031867980957,0.8668668185924304,-1.0421650493885266,0.6822048187255859,13.307198207652618
11052,blue,powerlaw,3,6,0.39707955718040466,0.8383178324965911,0.4412382753161864,1.0315402348836262,13.307198207652618
11052,red,constant,1,5,0.9401949048042297,1.0701794624328613,0.1299845576286316,0.06770432591438294,13.307198207652618
11052,red,constant,2,5,0.9659889340400696,1.0701794624328613,0.10419052839279175,0.07328494191169739,13.307198207652618
11052,red,constant,3,6,0.8479058742523193,1.0701794624328613,0.222273588180542,0.0873694618542989,13.307198207652618
11052,red,powerlaw,1,5,0.9401949048042297,0.8202736253758696,-0.11992127942836017,0.06770432591438294,13.307198207652618
11052,red,powerlaw,2,5,0.9659889340400696,0.8119423249260151,-0.15404660911405443,0.07328494191169739,13.307198207652618
11052,red,powerlaw,3,6,0.8479058742523193,0.8029738426775648,-0.04493203157475456,0.0873694618542989,13.307198207652618
1680,blue,constant,1,5,-0.4201866686344147,-0.894527792930603,-0.47434112429618835,1.1222612380981445,8.20336655689107
1680,blue,constant,2,5,-0.013070285320281982,-0.894527792930603,-0.881457507610321,1.6078781127929687,8.20336655689107
1680,blue,constant,3,6,-5.42909574508667,-0.8945278525352478,4.534567892551422,2.721757253011068,8.20336655689107
1680,blue,powerlaw,1,5,-0.4201866686344147,0.35205045706542965,0.7722371256998444,1.1222612380981445,8.20336655689107
1680,blue,powerlaw,2,5,-0.013070285320281982,0.29747481239442497,0.31054509771470695,1.6078781127929687,8.20336655689107
1680,blue,powerlaw,3,6,-5.42909574508667,0.24603168643182038,5.67512743151849,2.721757253011068,8.20336655689107
1680,red,constant,1,5,0.5694562792778015,0.7407657504081726,0.1713094711303711,0.22742245197296143,8.203366556890614
1680,red,constant,2,5,1.4958592653274536,0.7407657504081726,-0.755093514919281,0.2611030101776123,8.203366556890614
1680,red,constant,3,6,0.4453323781490326,0.7407657504081726,0.29543337225914,0.28183335065841675,8.203366556890614
1680,red,powerlaw,1,5,0.5694562792778015,0.6417937004810652,0.0723374212032637,0.22742245197296143,8.203366556890614
1680,red,powerlaw,2,5,1.4958592653274536,0.6093314268751588,-0.8865278384522948,0.2611030101776123,8.203366556890614
1680,red,powerlaw,3,6,0.4453323781490326,0.5758908773279763,0.1305584991789437,0.28183335065841675,8.203366556890614
6183,blue,constant,1,5,1.8495315313339233,2.6582982540130615,0.8087667226791382,0.5917106151580811,19.574262534138597
6183,blue,constant,2,5,2.6593375205993652,2.6582982540130615,-0.001039266586303711,0.8255749702453613,19.574262534138597
6183,blue,constant,3,5,3.8388569355010986,2.6582982540130615,-1.180558681488037,1.599222183227539,19.574262534138597
6183,blue,powerlaw,1,5,1.8495315313339233,2.5823111046783986,0.7327795733444753,0.5917106151580811,19.574262534138597
6183,blue,powerlaw,2,5,2.6593375205993652,2.702697594121135,0.04336007352176985,0.8255749702453613,19.574262534138597
6183,blue,powerlaw,3,5,3.8388569355010986,2.8324151362776564,-1.0064417992234422,1.599222183227539,19.574262534138597
6183,red,constant,1,5,0.8155770301818848,0.7185006141662598,-0.097076416015625,0.12975960969924927,19.574262534139052
6183,red,constant,2,5,0.8575913310050964,0.7185006141662598,-0.13909071683883667,0.14077904224395751,19.574262534139052
6183,red,constant,3,5,0.7309815287590027,0.7185006141662598,-0.01248091459274292,0.16383724212646483,19.574262534139052
6183,red,powerlaw,1,5,0.8155770301818848,0.9144664154861651,0.09888938530428037,0.12975960969924927,19.574262534139052
6183,red,powerlaw,2,5,0.8575913310050964,0.894512072594221,0.03692074158912462,0.14077904224395751,19.574262534139052
6183,red,powerlaw,3,5,0.7309815287590027,0.8752046296466837,0.14422310088768098,0.16383724212646483,19.574262534139052
11793,blue,constant,1,5,3.6896538734436035,2.599318742752075,-1.0903351306915283,0.5885708808898926,15.67663100282789
11793,blue,constant,2,5,4.763615608215332,2.599318742752075,-2.164296865463257,0.8187716484069825,15.67663100282789
11793,blue,constant,3,5,4.175651550292969,2.599318742752075,-1.5763328075408936,1.5521843910217286,15.67663100282789
11793,blue,powerlaw,1,5,3.6896538734436035,3.0036354284630433,-0.6860184449805602,0.5885708808898926,15.67663100282789
11793,blue,powerlaw,2,5,4.763615608215332,3.226127838105603,-1.537487770109729,0.8187716484069825,15.67663100282789
11793,blue,powerlaw,3,5,4.175651550292969,3.4721671209738383,-0.7034844293191305,1.5521843910217286,15.67663100282789
11793,red,constant,1,5,0.6401413679122925,0.8156114816665649,0.17547011375427246,0.11835647821426391,15.67663100282698
11793,red,constant,2,5,0.887795090675354,0.8156114816665649,-0.07218360900878906,0.13008803129196167,15.67663100282698
11793,red,constant,3,5,0.8485339879989624,0.8156114816665649,-0.03292250633239746,0.1642054796218872,15.67663100282698
11793,red,powerlaw,1,5,0.6401413679122925,0.7852927122828784,0.14515134437058597,0.11835647821426391,15.67663100282698
11793,red,powerlaw,2,5,0.887795090675354,0.7645326649099726,-0.12326242576538138,0.13008803129196167,15.67663100282698
11793,red,powerlaw,3,5,0.8485339879989624,0.7445370667858097,-0.10399692121315274,0.1642054796218872,15.67663100282698
4166,blue,constant,1,5,1.879198431968689,1.7023437023162842,-0.17685472965240479,0.7235301017761231,18.402741490117023
4166,blue,constant,2,5,0.18014273047447205,1.7023437023162842,1.5222009718418121,0.9922277450561523,18.402741490117023
4166,blue,constant,3,6,2.8682377338409424,1.7023438215255737,-1.1658939123153687,1.952934741973877,18.402741490117023
4166,blue,powerlaw,1,5,1.879198431968689,2.2145717816962813,0.33537334972759236,0.7235301017761231,18.402741490117023
4166,blue,powerlaw,2,5,0.18014273047447205,2.4379063880548673,2.257763657580395,0.9922277450561523,18.402741490117023
4166,blue,powerlaw,3,6,2.8682377338409424,2.718404274020856,-0.14983345982008656,1.952934741973877,18.402741490117023
4166,red,constant,1,5,0.9045884013175964,1.070867896080017,0.16627949476242065,0.1970858097076416,18.402741490117478
4166,red,constant,2,5,1.1791890859603882,1.070867896080017,-0.1083211898803711,0.2182234525680542,18.402741490117478
4166,red,constant,3,6,1.174017310142517,1.070867896080017,-0.1031494140625,0.2501705288887024,18.402741490117478
4166,red,powerlaw,1,5,0.9045884013175964,1.116831750364216,0.21224334904661957,0.1970858097076416,18.402741490117478
4166,red,powerlaw,2,5,1.1791890859603882,1.1420250798276925,-0.03716400613269566,0.2182234525680542,18.402741490117478
4166,red,powerlaw,3,6,1.174017310142517,1.1700917718684678,-0.0039255382740492895,0.2501705288887024,18.402741490117478
11251,blue,constant,1,4,2.366499900817871,2.0172030925750732,-0.34929680824279785,0.7188477516174316,7.480009721288752
11251,blue,constant,2,5,3.0348377227783203,2.0172030925750732,-1.017634630203247,0.8449855804443359,7.480009721288752
11251,blue,constant,3,5,1.9444087743759155,2.0172030925750732,0.07279431819915771,1.444663143157959,7.480009721288752
11251,blue,powerlaw,1,4,2.366499900817871,2.289169660043155,-0.07733024077471606,0.7188477516174316,7.480009721288752
11251,blue,powerlaw,2,5,3.0348377227783203,2.4054567472711943,-0.629380975507126,0.8449855804443359,7.480009721288752
11251,blue,powerlaw,3,5,1.9444087743759155,2.5453616405078123,0.6009528661318968,1.444663143157959,7.480009721288752
11251,red,constant,1,4,1.2476050853729248,1.105806827545166,-0.1417982578277588,0.1924470067024231,7.480009721290116
11251,red,constant,2,5,0.8624504804611206,1.105806827545166,0.2433563470840454,0.17721235752105713,7.480009721290116
11251,red,constant,3,5,0.8995312452316284,1.105806827545166,0.2062755823135376,0.19361655712127684,7.480009721290116
11251,red,powerlaw,1,4,1.2476050853729248,1.0420984810983138,-0.20550660427461098,0.1924470067024231,7.480009721290116
11251,red,powerlaw,2,5,0.8624504804611206,1.0420790453288609,0.17962856486774026,0.17721235752105713,7.480009721290116
11251,red,powerlaw,3,5,0.8995312452316284,1.0420576781100577,0.14252643287842925,0.19361655712127684,7.480009721290116
5336,blue,constant,1,5,1.7924411296844482,1.7706258296966553,-0.02181529998779297,0.6743336200714112,4.8261405880862185
5336,blue,constant,2,5,2.3795206546783447,1.7706258296966553,-0.6088948249816895,0.8969552993774415,4.8261405880862185
5336,blue,constant,3,6,0.2718139588832855,1.7706259489059448,1.4988119900226593,1.810174783070882,4.8261405880862185
5336,blue,powerlaw,1,5,1.7924411296844482,1.9740187295022245,0.18157759981777621,0.6743336200714112,4.8261405880862185
5336,blue,powerlaw,2,5,2.3795206546783447,1.9906105997314758,-0.3889100549468689,0.8969552993774415,4.8261405880862185
5336,blue,powerlaw,3,6,0.2718139588832855,2.0095342907563887,1.7377203318731032,1.810174783070882,4.8261405880862185
5336,red,constant,1,5,1.2259739637374878,1.1543042659759521,-0.07166969776153564,0.15079114437103272,4.826140588087583
5336,red,constant,2,5,0.8487798571586609,1.1543042659759521,0.30552440881729126,0.16945652961730956,4.826140588087583
5336,red,constant,3,6,0.8414933085441589,1.1543043851852417,0.31281107664108276,0.17872287829717,4.826140588087583
5336,red,powerlaw,1,5,1.2259739637374878,1.1234028526189446,-0.10257111111854322,0.15079114437103272,4.826140588087583
5336,red,powerlaw,2,5,0.8487798571586609,1.129330274916129,0.28055041775746803,0.16945652961730956,4.826140588087583
5336,red,powerlaw,3,6,0.8414933085441589,1.1358185007290118,0.29432519218485287,0.17872287829717,4.826140588087583
9631,blue,constant,1,5,2.75146746635437,1.3477625846862793,-1.4037048816680908,0.41849756240844727,12.40588125825252
9631,blue,constant,2,5,1.8385741710662842,1.3477625846862793,-0.4908115863800049,0.5270362377166748,12.40588125825252
9631,blue,constant,3,6,1.325890064239502,1.3477625846862793,0.021872520446777344,0.7370791435241699,12.40588125825252
9631,blue,powerlaw,1,5,2.75146746635437,1.1145663192663846,-1.6369011470879855,0.41849756240844727,12.40588125825252
9631,blue,powerlaw,2,5,1.8385741710662842,1.1269789240325958,-0.7115952470336884,0.5270362377166748,12.40588125825252
9631,blue,powerlaw,3,6,1.325890064239502,1.141185599946373,-0.18470446429312903,0.7370791435241699,12.40588125825252
9631,red,constant,1,5,0.8667696118354797,0.9816225171089172,0.1148529052734375,0.12377386093139649,12.405881258251611
9631,red,constant,2,5,0.9857817888259888,0.9816225171089172,-0.004159271717071533,0.12287676334381104,12.405881258251611
9631,red,constant,3,6,0.6161969900131226,0.9816225171089172,0.3654255270957947,0.12949398159980774,12.405881258251611
9631,red,powerlaw,1,5,0.8667696118354797,0.9197303998033602,0.05296078796788051,0.12377386093139649,12.405881258251611
9631,red,powerlaw,2,5,0.9857817888259888,0.9036635179678466,-0.08211827085814216,0.12287676334381104,12.405881258251611
9631,red,powerlaw,3,6,0.6161969900131226,0.8865028661470737,0.2703058761339512,0.12949398159980774,12.405881258251611
12152,blue,constant,1,5,1.6036550998687744,0.7109412550926208,-0.8927138447761536,0.4930863857269287,19.815642420463064
12152,blue,constant,2,5,0.14164404571056366,0.7109412550926208,0.5692972093820572,0.6933906078338623,19.815642420463064
12152,blue,constant,3,5,0.7042606472969055,0.7109412550926208,0.006680607795715332,1.282240390777588,19.815642420463064
12152,blue,powerlaw,1,5,1.6036550998687744,0.8525727499684796,-0.7510823499002948,0.4930863857269287,19.815642420463064
12152,blue,powerlaw,2,5,0.14164404571056366,0.8239148896889752,0.6822708439784115,0.6933906078338623,19.815642420463064
12152,blue,powerlaw,3,5,0.7042606472969055,0.7954360713744998,0.09117542407759427,1.282240390777588,19.815642420463064
12152,red,constant,1,5,1.7682678699493408,1.1149005889892578,-0.653367280960083,0.12442322969436645,19.81564242046261
12152,red,constant,2,5,0.7056255340576172,1.1149005889892578,0.4092750549316406,0.1383179545402527,19.81564242046261
12152,red,constant,3,5,0.8482829332351685,1.1149005889892578,0.26661765575408936,0.1936151146888733,19.81564242046261
12152,red,powerlaw,1,5,1.7682678699493408,0.8857524838930757,-0.8825153860562651,0.12442322969436645,19.81564242046261
12152,red,powerlaw,2,5,0.7056255340576172,0.8662524889981011,0.16062695494048396,0.1383179545402527,19.81564242046261
12152,red,powerlaw,3,5,0.8482829332351685,0.8473883944120886,-0.0008945388230798823,0.1936151146888733,19.81564242046261
10392,blue,constant,1,4,3.4600977897644043,3.1496942043304443,-0.31040358543395996,1.0172282457351685,3.2623534617905534
10392,blue,constant,2,5,2.9845385551452637,3.1496942043304443,0.16515564918518066,1.3050248146057128,3.2623534617905534
10392,blue,constant,3,5,-0.7693114280700684,3.1496942043304443,3.9190056324005127,2.9580326080322266,3.2623534617905534
10392,blue,powerlaw,1,4,3.4600977897644043,4.033096189875426,0.5729984001110218,1.0172282457351685,3.2623534617905534
10392,blue,powerlaw,2,5,2.9845385551452637,4.747665150409088,1.7631265952638246,1.3050248146057128,3.2623534617905534
10392,blue,powerlaw,3,5,-0.7693114280700684,5.716306945994515,6.485618374064583,2.9580326080322266,3.2623534617905534
10392,red,constant,1,4,1.2719846963882446,0.8269808292388916,-0.445003867149353,0.22690349817276,3.2623534617887344
10392,red,constant,2,5,1.1028368473052979,0.8269807696342468,-0.275856077671051,0.2066500663757324,3.2623534617887344
10392,red,constant,3,5,-0.17518611252307892,0.8269807696342468,1.0021668821573257,0.445873498916626,3.2623534617887344
10392,red,powerlaw,1,4,1.2719846963882446,0.8302704586784754,-0.44171423770976925,0.22690349817276,3.2623534617887344
10392,red,powerlaw,2,5,1.1028368473052979,0.8122949802003413,-0.29054186710495655,0.2066500663757324,3.2623534617887344
10392,red,powerlaw,3,5,-0.17518611252307892,0.792970604647697,0.9681567171707759,0.445873498916626,3.2623534617887344
3295,blue,constant,1,5,2.691774845123291,2.4017813205718994,-0.2899935245513916,0.5458731174468994,14.041031965216007
3295,blue,constant,2,5,3.0794215202331543,2.4017813205718994,-0.6776401996612549,0.8619235992431641,14.041031965216007
3295,blue,constant,3,5,2.9510700702667236,2.4017813205718994,-0.5492887496948242,1.5504795074462892,14.041031965216007
3295,blue,powerlaw,1,5,2.691774845123291,2.746889580650941,0.055114735527650005,0.5458731174468994,14.041031965216007
3295,blue,powerlaw,2,5,3.0794215202331543,2.8819848054395,-0.1974367147936542,0.8619235992431641,14.041031965216007
3295,blue,powerlaw,3,5,2.9510700702667236,3.027841380430967,0.07677131016424354,1.5504795074462892,14.041031965216007
3295,red,constant,1,5,0.8919767141342163,0.8780471086502075,-0.013929605484008789,0.11253590583801269,14.041031965214643
3295,red,constant,2,5,0.9280455708503723,0.8780471086502075,-0.049998462200164795,0.1257374405860901,14.041031965214643
3295,red,constant,3,5,0.636349081993103,0.8780471086502075,0.2416980266571045,0.1434484004974365,14.041031965214643
3295,red,powerlaw,1,5,0.8919767141342163,0.8779084540796107,-0.014068260054605597,0.11253590583801269,14.041031965214643
3295,red,powerlaw,2,5,0.9280455708503723,0.8615631160936357,-0.06648245475673664,0.1257374405860901,14.041031965214643
3295,red,powerlaw,3,5,0.636349081993103,0.8456931852705928,0.20934410327748976,0.1434484004974365,14.041031965214643
10432,blue,constant,1,5,1.6251592636108398,2.836354970932007,1.211195707321167,1.294455337524414,6.284970359593444
10432,blue,constant,2,5,2.9566009044647217,2.836354970932007,-0.12024593353271484,1.8162734985351563,6.284970359593444
10432,blue,constant,3,6,8.624804496765137,2.836354970932007,-5.78844952583313,3.5208683013916016,6.284970359593444
10432,blue,powerlaw,1,5,1.6251592636108398,3.611830544464893,1.9866712808540532,1.294455337524414,6.284970359593444
10432,blue,powerlaw,2,5,2.9566009044647217,4.082855853365837,1.1262549489011153,1.8162734985351563,6.284970359593444
10432,blue,powerlaw,3,6,8.624804496765137,4.691089027914541,-3.933715468850596,3.5208683013916016,6.284970359593444
10432,red,constant,1,5,2.5246026515960693,0.46313610672950745,-2.061466544866562,0.3348262786865234,6.2849703595929896
10432,red,constant,2,5,0.5540803670883179,0.46313610672950745,-0.09094426035881042,0.32978885173797606,6.2849703595929896
10432,red,constant,3,6,0.19046366214752197,0.46313610672950745,0.2726724445819855,0.35103897253672284,6.2849703595929896
10432,red,powerlaw,1,5,2.5246026515960693,0.7488238282956141,-1.7757788233004552,0.3348262786865234,6.2849703595929896
10432,red,powerlaw,2,5,0.5540803670883179,0.7493696210854558,0.19528925399713792,0.32978885173797606,6.2849703595929896
10432,red,powerlaw,3,6,0.19046366214752197,0.7499641490443949,0.5595004868968729,0.35103897253672284,6.2849703595929896
7027,blue,constant,1,4,4.938594341278076,4.660909652709961,-0.27768468856811523,1.2491874694824219,3.977039054317629
7027,blue,constant,2,5,6.971363067626953,4.660909652709961,-2.310453414916992,1.508831787109375,3.977039054317629
7027,blue,constant,3,5,2.5355567932128906,4.660909652709961,2.1253528594970703,2.7774248123168945,3.977039054317629
7027,blue,powerlaw,1,4,4.938594341278076,5.793915535991113,0.8553211947130368,1.2491874694824219,3.977039054317629
7027,blue,powerlaw,2,5,6.971363067626953,6.516343378206926,-0.4550196894200269,1.508831787109375,3.977039054317629
7027,blue,powerlaw,3,5,2.5355567932128906,7.449685930777614,4.914129137564723,2.7774248123168945,3.977039054317629
7027,red,constant,1,4,0.6574842929840088,1.1576215028762817,0.500137209892273,0.2978840470314026,3.977039054318084
7027,red,constant,2,5,1.240274429321289,1.1576215028762817,-0.08265292644500732,0.2598660945892334,3.977039054318084
7027,red,constant,3,5,0.7177359461784363,1.1576215028762817,0.43988555669784546,0.2773017168045044,3.977039054318084
7027,red,powerlaw,1,4,0.6574842929840088,1.0926024417205693,0.4351181487365605,0.2978840470314026,3.977039054318084
7027,red,powerlaw,2,5,1.240274429321289,1.1077391581037277,-0.13253527121756137,0.2598660945892334,3.977039054318084
7027,red,powerlaw,3,5,0.7177359461784363,1.124620185507635,0.4068842393291987,0.2773017168045044,3.977039054318084
12531,blue,constant,1,4,2.041076421737671,2.4773805141448975,0.43630409240722656,1.0464130640029907,7.735548663179088
12531,blue,constant,2,5,1.2003613710403442,2.4773805141448975,1.2770191431045532,1.5179068565368652,7.735548663179088
12531,blue,constant,3,5,2.845226764678955,2.4773805141448975,-0.3678462505340576,2.7597496032714846,7.735548663179088
12531,blue,powerlaw,1,4,2.041076421737671,2.2045306013922987,0.16345417965462783,1.0464130640029907,7.735548663179088
12531,blue,powerlaw,2,5,1.2003613710403442,2.2738900139119984,1.0735286428716542,1.5179068565368652,7.735548663179088
12531,blue,powerlaw,3,5,2.845226764678955,2.355719627739231,-0.48950713693972414,2.7597496032714846,7.735548663179088
12531,red,constant,1,4,1.3284330368041992,1.1518932580947876,-0.17653977870941162,0.24052472412586212,7.735548663180452
12531,red,constant,2,5,0.9235591888427734,1.1518932580947876,0.22833406925201416,0.23896701335906984,7.735548663180452
12531,red,constant,3,5,1.2355024814605713,1.1518932580947876,-0.08360922336578369,0.34408130645751955,7.735548663180452
12531,red,powerlaw,1,4,1.3284330368041992,1.182021181705273,-0.14641185509892618,0.24052472412586212,7.735548663180452
12531,red,powerlaw,2,5,0.9235591888427734,1.2128170267700926,0.2892578379273192,0.23896701335906984,7.735548663180452
12531,red,powerlaw,3,5,1.2355024814605713,1.2475836689514699,0.012081187490898593,0.34408130645751955,7.735548663180452
10082,blue,constant,1,5,1.7790393829345703,1.9243332147598267,0.14529383182525635,0.4391942501068115,12.24095724087283
10082,blue,constant,2,5,2.409459352493286,1.9243332147598267,-0.4851261377334595,0.6357983589172364,12.24095724087283
10082,blue,constant,3,6,3.368243455886841,1.9243332147598267,-1.4439102411270142,1.1312491099039714,12.24095724087283
10082,blue,powerlaw,1,5,1.7790393829345703,2.195846186630279,0.4168068036957089,0.4391942501068115,12.24095724087283
10082,blue,powerlaw,2,5,2.409459352493286,2.2976418791749342,-0.1118174733183519,0.6357983589172364,12.24095724087283
10082,blue,powerlaw,3,6,3.368243455886841,2.418558075607502,-0.9496853802793388,1.1312491099039714,12.24095724087283
10082,red,constant,1,5,0.7070881128311157,0.9829641580581665,0.2758760452270508,0.12471859455108643,12.240957240872376
10082,red,constant,2,5,0.7259266972541809,0.9829641580581665,0.2570374608039856,0.1318515419960022,12.240957240872376
10082,red,constant,3,6,1.2829266786575317,0.9829640984535217,-0.29996258020401,0.14042811592419943,12.240957240872376
10082,red,powerlaw,1,5,0.7070881128311157,0.9450200411380851,0.2379319283069694,0.12471859455108643,12.240957240872376
10082,red,powerlaw,2,5,0.7259266972541809,0.9410496099750862,0.21512291272090533,0.1318515419960022,12.240957240872376
10082,red,powerlaw,3,6,1.2829266786575317,0.9367481574810445,-0.3461785211764873,0.14042811592419943,12.240957240872376
12587,blue,constant,1,5,0.900506854057312,0.41323453187942505,-0.48727232217788696,0.952733039855957,14.862998594465353
12587,blue,constant,2,5,2.0968286991119385,0.41323453187942505,-1.6835941672325134,1.2777326583862305,14.862998594465353
12587,blue,constant,3,5,1.877110242843628,0.41323453187942505,-1.4638757109642029,2.069741630554199,14.862998594465353
12587,blue,powerlaw,1,5,0.900506854057312,1.1298529064935932,0.22934605243628114,0.952733039855957,14.862998594465353
12587,blue,powerlaw,2,5,2.0968286991119385,1.1255765106707378,-0.9712521884412006,1.2777326583862305,14.862998594465353
12587,blue,powerlaw,3,5,1.877110242843628,1.121195820898035,-0.7559144219455929,2.069741630554199,14.862998594465353
12587,red,constant,1,5,0.8936103582382202,1.504915714263916,0.6113053560256958,0.1880064845085144,14.862998594464443
12587,red,constant,2,5,0.8905431032180786,1.504915714263916,0.6143726110458374,0.19617475271224977,14.862998594464443
12587,red,constant,3,5,0.723888635635376,1.504915714263916,0.78102707862854,0.23631997108459474,14.862998594464443
12587,red,powerlaw,1,5,0.8936103582382202,0.8470517762184053,-0.04655858201981489,0.1880064845085144,14.862998594464443
12587,red,powerlaw,2,5,0.8905431032180786,0.8141380373746809,-0.07640506584339768,0.19617475271224977,14.862998594464443
12587,red,powerlaw,3,5,0.723888635635376,0.7828378712825859,0.058949235647209886,0.23631997108459474,14.862998594464443
2562,blue,constant,1,5,1.8614345788955688,2.1014671325683594,0.24003255367279053,0.8232444763183594,19.64870011278299
2562,blue,constant,2,5,1.6461652517318726,2.1014671325683594,0.4553018808364868,1.1135174751281738,19.64870011278299
2562,blue,constant,3,6,1.8403207063674927,2.1014671325683594,0.2611464262008667,1.673439661661784,19.64870011278299
2562,blue,powerlaw,1,5,1.8614345788955688,2.1522423173787795,0.2908077384832106,0.8232444763183594,19.64870011278299
2562,blue,powerlaw,2,5,1.6461652517318726,2.2830940329271803,0.6369287811953077,1.1135174751281738,19.64870011278299
2562,blue,powerlaw,3,6,1.8403207063674927,2.44094950611845,0.6006287997509574,1.673439661661784,19.64870011278299
2562,red,constant,1,5,0.7222689390182495,1.0183180570602417,0.2960491180419922,0.1881210207939148,19.648700112784354
2562,red,constant,2,5,0.4792681336402893,1.0183180570602417,0.5390499234199524,0.21189432144165038,19.648700112784354
2562,red,constant,3,6,1.2285542488098145,1.0183180570602417,-0.21023619174957275,0.2682734727859497,19.648700112784354
2562,red,powerlaw,1,5,0.7222689390182495,0.9376246976022917,0.2153557585840422,0.1881210207939148,19.648700112784354
2562,red,powerlaw,2,5,0.4792681336402893,0.9477060796735627,0.4684379460332734,0.21189432144165038,19.648700112784354
2562,red,powerlaw,3,6,1.2285542488098145,0.9587992508169693,-0.2697549979928452,0.2682734727859497,19.648700112784354
5698,blue,constant,1,5,1.6854578256607056,2.3187270164489746,0.633269190788269,1.0554943084716797,17.49393669778874
5698,blue,constant,2,5,3.7467899322509766,2.3187270164489746,-1.428062915802002,1.5417757987976075,17.49393669778874
5698,blue,constant,3,6,3.643181800842285,2.3187272548675537,-1.3244545459747314,2.197720209757487,17.49393669778874
5698,blue,powerlaw,1,5,1.6854578256607056,1.198831742379037,-0.4866260832816687,1.0554943084716797,17.49393669778874
5698,blue,powerlaw,2,5,3.7467899322509766,1.1599006328814698,-2.5868892993695067,1.5417757987976075,17.49393669778874
5698,blue,powerlaw,3,6,3.643181800842285,1.1174013263031275,-2.5257804745391574,2.197720209757487,17.49393669778874
5698,red,constant,1,5,0.8891292810440063,1.0661914348602295,0.17706215381622314,0.19580142498016356,17.49393669778874
5698,red,constant,2,5,1.142646074295044,1.0661914348602295,-0.07645463943481445,0.21219401359558104,17.49393669778874
5698,red,constant,3,6,1.4260958433151245,1.066191554069519,-0.35990428924560547,0.24356339375178018,17.49393669778874
5698,red,powerlaw,1,5,0.8891292810440063,0.8370577591433234,-0.05207152190068298,0.19580142498016356,17.49393669778874
5698,red,powerlaw,2,5,1.142646074295044,0.8192026617253123,-0.32344341256973164,0.21219401359558104,17.49393669778874
5698,red,powerlaw,3,6,1.4260958433151245,0.8002148014682794,-0.6258810418468451,0.24356339375178018,17.49393669778874
9176,blue,constant,1,5,2.314373731613159,2.4799177646636963,0.1655440330505371,0.808350658416748,12.558918506014379
9176,blue,constant,2,5,3.667828321456909,2.4799177646636963,-1.187910556793213,1.3991533279418946,12.558918506014379
9176,blue,constant,3,5,5.877267837524414,2.4799177646636963,-3.3973500728607178,2.247621536254883,12.558918506014379
9176,blue,powerlaw,1,5,2.314373731613159,3.036082528870359,0.7217087972571998,0.808350658416748,12.558918506014379
9176,blue,powerlaw,2,5,3.667828321456909,3.384595395423429,-0.28323292603348005,1.3991533279418946,12.558918506014379
9176,blue,powerlaw,3,5,5.877267837524414,3.784690166649664,-2.09257767087475,2.247621536254883,12.558918506014379
9176,red,constant,1,5,0.6562328338623047,0.6001123189926147,-0.05612051486968994,0.17983057498931884,12.558918506014379
9176,red,constant,2,5,0.8326861262321472,0.6001123189926147,-0.23257380723953247,0.19520949125289916,12.558918506014379
9176,red,constant,3,5,0.43303221464157104,0.6001123189926147,0.1670801043510437,0.22314026355743408,12.558918506014379
9176,red,powerlaw,1,5,0.6562328338623047,0.8085479760357565,0.15231514217345177,0.17983057498931884,12.558918506014379
9176,red,powerlaw,2,5,0.8326861262321472,0.7746435027439531,-0.05804262348819411,0.19520949125289916,12.558918506014379
9176,red,powerlaw,3,5,0.43303221464157104,0.7425015965983192,0.3094693819567481,0.22314026355743408,12.558918506014379
12079,blue,constant,1,5,2.9541845321655273,2.325375556945801,-0.6288089752197266,0.25074000358581544,19.97638732496307
12079,blue,constant,2,5,2.4613723754882812,2.325375556945801,-0.13599681854248047,0.3493447542190552,19.97638732496307
12079,blue,constant,3,6,1.454645037651062,2.325375556945801,0.8707305192947388,0.6294229427973429,19.97638732496307
12079,blue,powerlaw,1,5,2.9541845321655273,2.4445547369511385,-0.5096297952143889,0.25074000358581544,19.97638732496307
12079,blue,powerlaw,2,5,2.4613723754882812,2.5403875321470073,0.07901515665872605,0.3493447542190552,19.97638732496307
12079,blue,powerlaw,3,6,1.454645037651062,2.6534618396775054,1.1988168020264434,0.6294229427973429,19.97638732496307
12079,red,constant,1,5,0.8655791282653809,0.9325939416885376,0.06701481342315674,0.050753945112228395,19.97638732496307
12079,red,constant,2,5,0.8905795812606812,0.9325939416885376,0.042014360427856445,0.061309313774108885,19.97638732496307
12079,red,constant,3,6,1.4270673990249634,0.9325938820838928,-0.49447351694107056,0.067494402329127,19.97638732496307
12079,red,powerlaw,1,5,0.8655791282653809,0.7818741206241093,-0.08370500764127153,0.050753945112228395,19.97638732496307
12079,red,powerlaw,2,5,0.8905795812606812,0.7691936519525873,-0.12138592930809389,0.061309313774108885,19.97638732496307
12079,red,powerlaw,3,6,1.4270673990249634,0.7556352596876894,-0.671432139337274,0.067494402329127,19.97638732496307
1490,blue,constant,1,5,2.3400211334228516,3.313903331756592,0.9738821983337402,1.7248510360717773,10.227815019636182
1490,blue,constant,2,5,6.26851749420166,3.313903331756592,-2.9546141624450684,2.4776288986206056,10.227815019636182
1490,blue,constant,3,5,-1.045975685119629,3.313903331756592,4.359879016876221,5.011490249633789,10.227815019636182
1490,blue,powerlaw,1,5,2.3400211334228516,2.9854416005509408,0.6454204671280892,1.7248510360717773,10.227815019636182
1490,blue,powerlaw,2,5,6.26851749420166,3.201517430874992,-3.067000063326668,2.4776288986206056,10.227815019636182
1490,blue,powerlaw,3,5,-1.045975685119629,3.4399625178308937,4.485938202950523,5.011490249633789,10.227815019636182
1490,red,constant,1,5,0.831612229347229,0.8793764114379883,0.04776418209075928,0.3054140329360962,10.227815019636182
1490,red,constant,2,5,0.6221432685852051,0.8793764114379883,0.2572331428527832,0.35705387592315674,10.227815019636182
1490,red,constant,3,5,0.33501997590065,0.8793764114379883,0.5443564355373383,0.4258988380432129,10.227815019636182
1490,red,powerlaw,1,5,0.831612229347229,0.9196410579393153,0.08802882859208627,0.3054140329360962,10.227815019636182
1490,red,powerlaw,2,5,0.6221432685852051,0.9177802608408785,0.2956369922556734,0.35705387592315674,10.227815019636182
1490,red,powerlaw,3,5,0.33501997590065,0.9159429445668902,0.5809229686662402,0.4258988380432129,10.227815019636182
6975,blue,constant,1,5,4.093868255615234,4.705112457275391,0.6112442016601562,0.7644706249237061,0.2818793795959209
6975,blue,constant,2,5,5.238046646118164,4.705112457275391,-0.5329341888427734,1.0613090515136718,0.2818793795959209
6975,blue,constant,3,5,6.837118625640869,4.705112457275391,-2.1320061683654785,2.042428970336914,0.2818793795959209
6975,blue,powerlaw,1,5,4.093868255615234,5.478223073292675,1.3843548176774405,0.7644706249237061,0.2818793795959209
6975,blue,powerlaw,2,5,5.238046646118164,5.880319582192962,0.6422729360747983,1.0613090515136718,0.2818793795959209
6975,blue,powerlaw,3,5,6.837118625640869,6.324063774858277,-0.5130548507825923,2.042428970336914,0.2818793795959209
6975,red,constant,1,5,0.8938421010971069,0.7758379578590393,-0.11800414323806763,0.1973620057106018,0.2818793795959209
6975,red,constant,2,5,2.1840310096740723,0.7758379578590393,-1.408193051815033,0.2197779417037964,0.2818793795959209
6975,red,constant,3,5,0.823095977306366,0.7758379578590393,-0.04725801944732666,0.2617948055267334,0.2818793795959209
6975,red,powerlaw,1,5,0.8938421010971069,0.7895511271515798,-0.10429097394552711,0.1973620057106018,0.2818793795959209
6975,red,powerlaw,2,5,2.1840310096740723,0.7831358385032408,-1.4008951711708315,0.2197779417037964,0.2818793795959209
6975,red,powerlaw,3,5,0.823095977306366,0.7768378123946292,-0.04625816491173673,0.2617948055267334,0.2818793795959209
1985,blue,constant,1,5,1.5401197671890259,1.578095555305481,0.03797578811645508,0.7756612777709961,13.30739775880329
1985,blue,constant,2,5,0.9661411046981812,1.578095555305481,0.6119544506072998,0.9882160186767578,13.30739775880329
1985,blue,constant,3,6,5.379946231842041,1.578095555305481,-3.80185067653656,1.507738431294759,13.30739775880329
1985,blue,powerlaw,1,5,1.5401197671890259,1.8467631684274508,0.30664340123842493,0.7756612777709961,13.30739775880329
1985,blue,powerlaw,2,5,0.9661411046981812,1.9327629603576384,0.9666218556594572,0.9882160186767578,13.30739775880329
1985,blue,powerlaw,3,6,5.379946231842041,2.0349536642292088,-3.3449925676128323,1.507738431294759,13.30739775880329
1985,red,constant,1,5,1.199027419090271,1.0559347867965698,-0.14309263229370117,0.15145206451416016,13.307397758802836
1985,red,constant,2,5,1.388437271118164,1.0559347867965698,-0.33250248432159424,0.16972832679748534,13.307397758802836
1985,red,constant,3,6,1.7458547353744507,1.0559347867965698,-0.6899199485778809,0.17625552415847778,13.307397758802836
1985,red,powerlaw,1,5,1.199027419090271,0.9728951735023672,-0.2261322455879038,0.15145206451416016,13.307397758802836
1985,red,powerlaw,2,5,1.388437271118164,0.9790729195571595,-0.4093643515610046,0.16972832679748534,13.307397758802836
1985,red,powerlaw,3,6,1.7458547353744507,0.9858407945048847,-0.760013940869566,0.17625552415847778,13.307397758802836
6235,blue,constant,1,5,2.144663095474243,0.6014803051948547,-1.5431827902793884,0.5021394252777099,7.4246425998048835
6235,blue,constant,2,5,2.173196315765381,0.6014803051948547,-1.5717160105705261,0.666161298751831,7.4246425998048835
6235,blue,constant,3,6,2.158768892288208,0.6014803051948547,-1.5572885870933533,0.9553389549255371,7.4246425998048835
6235,blue,powerlaw,1,5,2.144663095474243,1.2325887898054009,-0.9120743056688423,0.5021394252777099,7.4246425998048835
6235,blue,powerlaw,2,5,2.173196315765381,1.2750264020624054,-0.8981699137029755,0.666161298751831,7.4246425998048835
6235,blue,powerlaw,3,6,2.158768892288208,1.3247904321193034,-0.8339784601689046,0.9553389549255371,7.4246425998048835
6235,red,constant,1,5,1.0156954526901245,1.0079630613327026,-0.007732391357421875,0.08531211018562317,7.424642599806248
6235,red,constant,2,5,1.2882297039031982,1.0079630613327026,-0.2802666425704956,0.0851761281490326,7.424642599806248
6235,red,constant,3,6,0.6564813256263733,1.0079630613327026,0.35148173570632935,0.08880349000295003,7.424642599806248
6235,red,powerlaw,1,5,1.0156954526901245,0.9845019645014675,-0.03119348818865697,0.08531211018562317,7.424642599806248
6235,red,powerlaw,2,5,1.2882297039031982,0.9834170870531747,-0.3048126168500236,0.0851761281490326,7.424642599806248
6235,red,powerlaw,3,6,0.6564813256263733,0.9822376804785359,0.3257563548521626,0.08880349000295003,7.424642599806248
3164,blue,constant,1,5,3.492380142211914,3.1056265830993652,-0.38675355911254883,0.6306898117065429,3.5168136108004546
3164,blue,constant,2,5,4.282676696777344,3.1056265830993652,-1.1770501136779785,0.9618863105773926,3.5168136108004546
3164,blue,constant,3,5,8.449907302856445,3.1056265830993652,-5.34428071975708,1.6725902557373047,3.5168136108004546
3164,blue,powerlaw,1,5,3.492380142211914,3.621431924793959,0.12905178258204497,0.6306898117065429,3.5168136108004546
3164,blue,powerlaw,2,5,4.282676696777344,3.8113831448875777,-0.47129355188976607,0.9618863105773926,3.5168136108004546
3164,blue,powerlaw,3,5,8.449907302856445,4.016922562196933,-4.432984740659513,1.6725902557373047,3.5168136108004546
3164,red,constant,1,5,0.6855257153511047,0.6967663168907166,0.011240601539611816,0.09890638589859009,3.5168136108004546
3164,red,constant,2,5,0.7816516757011414,0.6967663168907166,-0.0848853588104248,0.12287696599960327,3.5168136108004546
3164,red,constant,3,5,0.7695702314376831,0.6967663168907166,-0.07280391454696655,0.20996372699737548,3.5168136108004546
3164,red,powerlaw,1,5,0.6855257153511047,0.817662628341995,0.13213691299089025,0.09890638589859009,3.5168136108004546
3164,red,powerlaw,2,5,0.7816516757011414,0.8089675338990489,0.027315858197907494,0.12287696599960327,3.5168136108004546
3164,red,powerlaw,3,5,0.7695702314376831,0.8004537683813652,0.030883536943682066,0.20996372699737548,3.5168136108004546
6097,blue,constant,1,5,1.975533127784729,2.1680283546447754,0.1924952268600464,0.9176450729370117,3.6076249484081018
6097,blue,constant,2,5,-0.7000030279159546,2.1680283546447754,2.86803138256073,1.541250991821289,3.6076249484081018
6097,blue,constant,3,5,3.783062696456909,2.1680283546447754,-1.6150343418121338,2.5961374282836913,3.6076249484081018
6097,blue,powerlaw,1,5,1.975533127784729,2.120412767835581,0.14487964005085185,0.9176450729370117,3.6076249484081018
6097,blue,powerlaw,2,5,-0.7000030279159546,2.1949381167212585,2.894941144637213,1.541250991821289,3.6076249484081018
6097,blue,powerlaw,3,5,3.783062696456909,2.2742349161797453,-1.508827780277164,2.5961374282836913,3.6076249484081018
6097,red,constant,1,5,1.1045187711715698,1.0484265089035034,-0.056092262268066406,0.201883864402771,3.6076249484085565
6097,red,constant,2,5,0.7475821375846863,1.0484265089035034,0.30084437131881714,0.2244325637817383,3.6076249484085565
6097,red,constant,3,5,0.9388296008110046,1.0484265089035034,0.10959690809249878,0.24623510837554932,3.6076249484085565
6097,red,powerlaw,1,5,1.1045187711715698,0.6486192194484814,-0.4558995517230884,0.201883864402771,3.6076249484085565
6097,red,powerlaw,2,5,0.7475821375846863,0.611364064924308,-0.13621807266037833,0.2244325637817383,3.6076249484085565
6097,red,powerlaw,3,5,0.9388296008110046,0.5766036179353825,-0.36222598287562213,0.24623510837554932,3.6076249484085565
3380,blue,constant,1,5,1.68830144405365,1.926267385482788,0.23796594142913818,0.7381368637084961,13.690145025915172
3380,blue,constant,2,5,2.758077621459961,1.926267385482788,-0.8318102359771729,1.0341139793395997,13.690145025915172
3380,blue,constant,3,5,2.100999355316162,1.926267385482788,-0.17473196983337402,1.9965164184570312,13.690145025915172
3380,blue,powerlaw,1,5,1.68830144405365,2.632699732743095,0.9443982886894453,0.7381368637084961,13.690145025915172
3380,blue,powerlaw,2,5,2.758077621459961,3.068030022017208,0.30995240055724693,1.0341139793395997,13.690145025915172
3380,blue,powerlaw,3,5,2.100999355316162,3.590804267576709,1.489804912260547,1.9965164184570312,13.690145025915172
3380,red,constant,1,5,1.1777260303497314,1.0743635892868042,-0.10336244106292725,0.14157724380493164,13.690145025915626
3380,red,constant,2,5,0.5720928311347961,1.0743635892868042,0.5022707581520081,0.15045735836029053,13.690145025915626
3380,red,constant,3,5,0.9224101901054382,1.0743635892868042,0.15195339918136597,0.19039757251739503,13.690145025915626
3380,red,powerlaw,1,5,1.1777260303497314,0.9627137466204694,-0.21501228372926207,0.14157724380493164,13.690145025915626
3380,red,powerlaw,2,5,0.5720928311347961,0.9465975287992242,0.37450469766442807,0.15045735836029053,13.690145025915626
3380,red,powerlaw,3,5,0.9224101901054382,0.9309199055174252,0.008509715411986973,0.19039757251739503,13.690145025915626
1780,blue,constant,1,5,2.5778892040252686,2.3485965728759766,-0.229292631149292,0.4858264446258545,2.0462690419808496
1780,blue,constant,2,5,3.1590044498443604,2.3485965728759766,-0.8104078769683838,0.6490269184112549,2.0462690419808496
1780,blue,constant,3,5,3.14363431930542,2.3485965728759766,-0.7950377464294434,1.0959228515625,2.0462690419808496
1780,blue,powerlaw,1,5,2.5778892040252686,2.579182084473988,0.0012928804487195578,0.4858264446258545,2.0462690419808496
1780,blue,powerlaw,2,5,3.1590044498443604,2.76018655992742,-0.39881788991694034,0.6490269184112549,2.0462690419808496
1780,blue,powerlaw,3,5,3.14363431930542,2.9593608948725914,-0.18427342443282857,1.0959228515625,2.0462690419808496
1780,red,constant,1,5,0.9297053217887878,0.9468282461166382,0.017122924327850342,0.09597837328910827,2.0462690419808496
1780,red,constant,2,5,0.5988485217094421,0.9468282461166382,0.34797972440719604,0.10617243051528931,2.0462690419808496
1780,red,constant,3,5,0.7248347997665405,0.9468282461166382,0.22199344635009766,0.1316758394241333,2.0462690419808496
1780,red,powerlaw,1,5,0.9297053217887878,0.7799462268294857,-0.14975909495930217,0.09597837328910827,2.0462690419808496
1780,red,powerlaw,2,5,0.5988485217094421,0.7487342848827423,0.14988576317330016,0.10617243051528931,2.0462690419808496
1780,red,powerlaw,3,5,0.7248347997665405,0.7190750496906414,-0.005759750075899128,0.1316758394241333,2.0462690419808496
12480,blue,constant,1,5,1.1262314319610596,1.1078612804412842,-0.01837015151977539,0.8713903427124023,11.797356839305849
12480,blue,constant,2,5,4.012668609619141,1.1078612804412842,-2.9048073291778564,1.2075249671936035,11.797356839305849
12480,blue,constant,3,5,2.652832508087158,1.1078612804412842,-1.544971227645874,2.1932910919189452,11.797356839305849
12480,blue,powerlaw,1,5,1.1262314319610596,1.2865708665810587,0.1603394346199991,0.8713903427124023,11.797356839305849
12480,blue,powerlaw,2,5,4.012668609619141,1.3102797238440762,-2.7023888857750644,1.2075249671936035,11.797356839305849
12480,blue,powerlaw,3,5,2.652832508087158,1.3351084365085795,-1.3177240715785787,2.1932910919189452,11.797356839305849
12480,red,constant,1,5,0.7988749742507935,0.9030397534370422,0.10416477918624878,0.18107131719589234,11.797356839306303
12480,red,constant,2,5,0.6055855751037598,0.9030397534370422,0.29745417833328247,0.19799288511276245,11.797356839306303
12480,red,constant,3,5,0.645550012588501,0.9030397534370422,0.25748974084854126,0.302668833732605,11.797356839306303
12480,red,powerlaw,1,5,0.7988749742507935,0.8819063604172396,0.08303138616644612,0.18107131719589234,11.797356839306303
12480,red,powerlaw,2,5,0.6055855751037598,0.8646833440635348,0.259097768959775,0.19799288511276245,11.797356839306303
12480,red,powerlaw,3,5,0.645550012588501,0.8479751618116426,0.2024251492231416,0.302668833732605,11.797356839306303
8566,blue,constant,1,5,0.3521798551082611,0.23711653053760529,-0.11506332457065582,0.20567793846130372,15.489562860598653
8566,blue,constant,2,5,0.46981993317604065,0.23711653053760529,-0.23270340263843536,0.29596288204193116,15.489562860598653
8566,blue,constant,3,6,-0.03237388655543327,0.23711653053760529,0.26949041709303856,0.545261025428772,15.489562860598653
8566,blue,powerlaw,1,5,0.3521798551082611,0.3811670233828484,0.028987168274587305,0.20567793846130372,15.489562860598653
8566,blue,powerlaw,2,5,0.46981993317604065,0.3763095213435169,-0.09351041183252373,0.29596288204193116,15.489562860598653
8566,blue,powerlaw,3,6,-0.03237388655543327,0.37089045131473103,0.4032643378701643,0.545261025428772,15.489562860598653
8566,red,constant,1,5,1.013961911201477,1.169196605682373,0.155234694480896,0.07424174547195435,15.489562860599108
8566,red,constant,2,5,0.9522091746330261,1.169196605682373,0.21698743104934692,0.08324069380760193,15.489562860599108
8566,red,constant,3,6,0.8400130271911621,1.169196605682373,0.32918357849121094,0.0871256689230601,15.489562860599108
8566,red,powerlaw,1,5,1.013961911201477,1.2179040953236968,0.20394218412221976,0.07424174547195435,15.489562860599108
8566,red,powerlaw,2,5,0.9522091746330261,1.2359670992075755,0.2837579245745494,0.08324069380760193,15.489562860599108
8566,red,powerlaw,3,6,0.8400130271911621,1.2559307531882684,0.4159177259971063,0.0871256689230601,15.489562860599108
12403,blue,constant,1,5,2.4913887977600098,1.7249587774276733,-0.7664300203323364,0.6383778095245362,4.9477551573963865
12403,blue,constant,2,5,4.046880722045898,1.7249587774276733,-2.321921944618225,0.9352208137512207,4.9477551573963865
12403,blue,constant,3,5,3.793299436569214,1.7249587774276733,-2.0683406591415405,1.9289129257202149,4.9477551573963865
12403,blue,powerlaw,1,5,2.4913887977600098,1.8571559686032786,-0.6342328291567312,0.6383778095245362,4.9477551573963865
12403,blue,powerlaw,2,5,4.046880722045898,1.9078618710557262,-2.139018850990172,0.9352208137512207,4.9477551573963865
12403,blue,powerlaw,3,5,3.793299436569214,1.9614076763609833,-1.8318917602082305,1.9289129257202149,4.9477551573963865
12403,red,constant,1,5,0.579430103302002,1.0441685914993286,0.46473848819732666,0.14075509309768677,4.9477551573963865
12403,red,constant,2,5,1.0000115633010864,1.0441685914993286,0.04415702819824219,0.1593420147895813,4.9477551573963865
12403,red,constant,3,5,0.4188162386417389,1.0441685914993286,0.6253523528575897,0.18324557542800904,4.9477551573963865
12403,red,powerlaw,1,5,0.579430103302002,0.8033828054712384,0.22395270216923646,0.14075509309768677,4.9477551573963865
12403,red,powerlaw,2,5,1.0000115633010864,0.7838968918765196,-0.21611467142456686,0.1593420147895813,4.9477551573963865
12403,red,powerlaw,3,5,0.4188162386417389,0.765079892822542,0.34626365418080307,0.18324557542800904,4.9477551573963865
9386,blue,constant,1,4,2.7290241718292236,1.6502989530563354,-1.0787252187728882,1.1540616750717163,6.462608807490142
9386,blue,constant,2,5,1.0129867792129517,1.650298833847046,0.6373120546340942,1.3854958534240722,6.462608807490142
9386,blue,constant,3,5,0.005974388215690851,1.650298833847046,1.644324445631355,2.2619150161743162,6.462608807490142
9386,blue,powerlaw,1,4,2.7290241718292236,1.610633208542764,-1.1183909632864597,1.1540616750717163,6.462608807490142
9386,blue,powerlaw,2,5,1.0129867792129517,1.5916694049168996,0.5786826257039479,1.3854958534240722,6.462608807490142
9386,blue,powerlaw,3,5,0.005974388215690851,1.5702860185228638,1.564311630307173,2.2619150161743162,6.462608807490142
9386,red,constant,1,4,0.7718949913978577,1.0501831769943237,0.27828818559646606,0.2107732594013214,6.462608807491051
9386,red,constant,2,5,0.6651594042778015,1.0501831769943237,0.3850237727165222,0.2161947250366211,6.462608807491051
9386,red,constant,3,5,1.1504108905792236,1.0501831769943237,-0.1002277135848999,0.24985506534576415,6.462608807491051
9386,red,powerlaw,1,4,0.7718949913978577,0.9221473286370544,0.15025233723919673,0.2107732594013214,6.462608807491051
9386,red,powerlaw,2,5,0.6651594042778015,0.9157708178172284,0.25061141353942684,0.2161947250366211,6.462608807491051
9386,red,powerlaw,3,5,1.1504108905792236,0.9088101408496886,-0.24160074972953505,0.24985506534576415,6.462608807491051
11813,blue,constant,1,5,2.5397896766662598,2.5151052474975586,-0.024684429168701172,1.7404888153076172,13.015449414305749
11813,blue,constant,2,5,3.9840264320373535,2.5151052474975586,-1.468921184539795,2.3504150390625,13.015449414305749
11813,blue,constant,3,5,3.8695919513702393,2.5151052474975586,-1.3544867038726807,3.784046173095703,13.015449414305749
11813,blue,powerlaw,1,5,2.5397896766662598,2.562420461799444,0.022630785133184173,1.7404888153076172,13.015449414305749
11813,blue,powerlaw,2,5,3.9840264320373535,2.6250541927738036,-1.35897223926355,2.3504150390625,13.015449414305749
11813,blue,powerlaw,3,5,3.8695919513702393,2.6910495532393006,-1.1785423981309386,3.784046173095703,13.015449414305749
11813,red,constant,1,5,0.17475123703479767,1.0203489065170288,0.8455976694822311,0.2626080274581909,13.015449414304385
11813,red,constant,2,5,1.007391333580017,1.0203489065170288,0.012957572937011719,0.2875591993331909,13.015449414304385
11813,red,constant,3,5,0.6126003265380859,1.0203489065170288,0.40774857997894287,0.39084296226501464,13.015449414304385
11813,red,powerlaw,1,5,0.17475123703479767,0.9166403566573497,0.741889119622552,0.2626080274581909,13.015449414304385
11813,red,powerlaw,2,5,1.007391333580017,0.9269278995358746,-0.08046343404414247,0.2875591993331909,13.015449414304385
11813,red,powerlaw,3,5,0.6126003265380859,0.9372187811983922,0.32461845466030625,0.39084296226501464,13.015449414304385
6200,blue,constant,1,4,2.7884774208068848,1.5588138103485107,-1.229663610458374,0.9025378227233887,1.8916527773149028
6200,blue,constant,2,5,-0.471848726272583,1.5588138103485107,2.0306625366210938,1.0942259788513184,1.8916527773149028
6200,blue,constant,3,5,-0.632826030254364,1.5588138103485107,2.1916398406028748,2.057018280029297,1.8916527773149028
6200,blue,powerlaw,1,4,2.7884774208068848,1.4394925541118389,-1.348984866695046,0.9025378227233887,1.8916527773149028
6200,blue,powerlaw,2,5,-0.471848726272583,1.4479933219496053,1.9198420482221883,1.0942259788513184,1.8916527773149028
6200,blue,powerlaw,3,5,-0.632826030254364,1.4577562803668624,2.0905823106212265,2.057018280029297,1.8916527773149028
6200,red,constant,1,4,1.2044036388397217,1.0023152828216553,-0.2020883560180664,0.21808604896068573,1.891652777314448
6200,red,constant,2,5,0.6372872591018677,1.0023152828216553,0.3650280237197876,0.21590659618377686,1.891652777314448
6200,red,constant,3,5,1.3682769536972046,1.0023152828216553,-0.3659616708755493,0.2983074426651001,1.891652777314448
6200,red,powerlaw,1,4,1.2044036388397217,1.0901221136225059,-0.1142815252172158,0.21808604896068573,1.891652777314448
6200,red,powerlaw,2,5,0.6372872591018677,1.0900389837612552,0.4527517246593875,0.21590659618377686,1.891652777314448
6200,red,powerlaw,3,5,1.3682769536972046,1.0899475788108246,-0.27832937488638,0.2983074426651001,1.891652777314448
9866,blue,constant,1,5,1.670947790145874,1.8644754886627197,0.1935276985168457,0.35326685905456545,0.9312383447177126
9866,blue,constant,2,5,2.6022913455963135,1.8644754886627197,-0.7378158569335938,0.4765737056732178,0.9312383447177126
9866,blue,constant,3,5,1.926987886428833,1.8644754886627197,-0.06251239776611328,0.8516039848327637,0.9312383447177126
9866,blue,powerlaw,1,5,1.670947790145874,1.5548037710686375,-0.11614401907723648,0.35326685905456545,0.9312383447177126
9866,blue,powerlaw,2,5,2.6022913455963135,1.5933419330121057,-1.0089494125842078,0.4765737056732178,0.9312383447177126
9866,blue,powerlaw,3,5,1.926987886428833,1.6339194921545481,-0.2930683942742849,0.8516039848327637,0.9312383447177126
9866,red,constant,1,5,0.7282296419143677,0.9661960601806641,0.2379664182662964,0.08314807415008545,0.9312383447177126
9866,red,constant,2,5,0.9203680157661438,0.9661960601806641,0.045828044414520264,0.09354404807090759,0.9312383447177126
9866,red,constant,3,5,1.1714985370635986,0.9661960601806641,-0.20530247688293457,0.111900794506073,0.9312383447177126
9866,red,powerlaw,1,5,0.7282296419143677,0.9740275079042089,0.2457978659898412,0.08314807415008545,0.9312383447177126
9866,red,powerlaw,2,5,0.9203680157661438,0.9710261640018153,0.050658148235671496,0.09354404807090759,0.9312383447177126
9866,red,powerlaw,3,5,1.1714985370635986,0.9680648371360917,-0.20343369992750693,0.111900794506073,0.9312383447177126
1381,blue,constant,1,5,0.1579304337501526,0.22286581993103027,0.06493538618087769,0.25722784996032716,13.835524876153613
1381,blue,constant,2,5,0.03134409338235855,0.22286581993103027,0.19152172654867172,0.36012768745422363,13.835524876153613
1381,blue,constant,3,6,0.3116534650325775,0.22286581993103027,-0.08878764510154724,0.5705147186915079,13.835524876153613
1381,blue,powerlaw,1,5,0.1579304337501526,0.1739190720725007,0.01598863832234812,0.25722784996032716,13.835524876153613
1381,blue,powerlaw,2,5,0.03134409338235855,0.16053760543705636,0.1291935120546978,0.36012768745422363,13.835524876153613
1381,blue,powerlaw,3,6,0.3116534650325775,0.14665795004992352,-0.164995514982654,0.5705147186915079,13.835524876153613
1381,red,constant,1,5,1.357900619506836,1.3070858716964722,-0.05081474781036377,0.0776814341545105,13.835524876152704
1381,red,constant,2,5,1.2653415203094482,1.3070858716964722,0.041744351387023926,0.08435662984848022,13.835524876152704
1381,red,constant,3,6,0.9996280074119568,1.3070858716964722,0.3074578642845154,0.09454001983006795,13.835524876152704
1381,red,powerlaw,1,5,1.357900619506836,1.3236929386681775,-0.03420768083865844,0.0776814341545105,13.835524876152704
1381,red,powerlaw,2,5,1.2653415203094482,1.3393876218708443,0.07404610156139602,0.08435662984848022,13.835524876152704
1381,red,powerlaw,3,6,0.9996280074119568,1.3566809755436005,0.35705296813164367,0.09454001983006795,13.835524876152704
2293,blue,constant,1,5,0.20909830927848816,1.0194652080535889,0.8103668987751007,0.7422495365142823,13.987864049049676
2293,blue,constant,2,5,-0.6796099543571472,1.0194652080535889,1.699075162410736,1.0310442924499512,13.987864049049676
2293,blue,constant,3,5,0.9621802568435669,1.0194652080535889,0.05728495121002197,2.170873832702637,13.987864049049676
2293,blue,powerlaw,1,5,0.20909830927848816,1.1653879528369573,0.9562896435584691,0.7422495365142823,13.987864049049676
2293,blue,powerlaw,2,5,-0.6796099543571472,1.2069253646024656,1.8865353189596128,1.0310442924499512,13.987864049049676
2293,blue,powerlaw,3,5,0.9621802568435669,1.2511845144383051,0.28900425759473825,2.170873832702637,13.987864049049676
2293,red,constant,1,5,1.147576093673706,1.2509230375289917,0.10334694385528564,0.1727530002593994,13.987864049049676
2293,red,constant,2,5,1.3174991607666016,1.2509230375289917,-0.06657612323760986,0.1837584137916565,13.987864049049676
2293,red,constant,3,5,1.4184372425079346,1.2509230375289917,-0.16751420497894287,0.2173696756362915,13.987864049049676
2293,red,powerlaw,1,5,1.147576093673706,1.0326168451562823,-0.11495924851742378,0.1727530002593994,13.987864049049676
2293,red,powerlaw,2,5,1.3174991607666016,1.061577851818683,-0.25592130894791865,0.1837584137916565,13.987864049049676
2293,red,powerlaw,3,5,1.4184372425079346,1.0910262169399205,-0.32741102556801405,0.2173696756362915,13.987864049049676
477,blue,constant,1,5,1.7978500127792358,1.6611732244491577,-0.13667678833007812,0.5422313213348389,1.4242876272287504
477,blue,constant,2,5,1.9029204845428467,1.6611732244491577,-0.24174726009368896,0.7781656742095947,1.4242876272287504
477,blue,constant,3,5,2.9844658374786377,1.6611732244491577,-1.32329261302948,1.761639404296875,1.4242876272287504
477,blue,powerlaw,1,5,1.7978500127792358,1.6445364002213931,-0.1533136125578427,0.5422313213348389,1.4242876272287504
477,blue,powerlaw,2,5,1.9029204845428467,1.7669388655930032,-0.1359816189498435,0.7781656742095947,1.4242876272287504
477,blue,powerlaw,3,5,2.9844658374786377,1.9021710482834588,-1.0822947891951789,1.761639404296875,1.4242876272287504
477,red,constant,1,5,1.0623514652252197,1.2531059980392456,0.19075453281402588,0.1351587414741516,1.424287627229205
477,red,constant,2,5,0.8453245162963867,1.2531059980392456,0.4077814817428589,0.1432084321975708,1.424287627229205
477,red,constant,3,5,1.2186211347579956,1.2531059980392456,0.03448486328125,0.1698957562446594,1.424287627229205
477,red,powerlaw,1,5,1.0623514652252197,1.2302558507903207,0.167904385565101,0.1351587414741516,1.424287627229205
477,red,powerlaw,2,5,0.8453245162963867,1.2523337580999392,0.40700924180355247,0.1432084321975708,1.424287627229205
477,red,powerlaw,3,5,1.2186211347579956,1.2745738911808413,0.055952756422845695,0.1698957562446594,1.424287627229205
5233,blue,constant,1,4,1.9506006240844727,1.497208833694458,-0.45339179039001465,0.9620071053504944,0.40075615949217536
5233,blue,constant,2,5,3.614482879638672,1.497208833694458,-2.117274045944214,1.1560759544372559,0.40075615949217536
5233,blue,constant,3,5,5.159924507141113,1.497208833694458,-3.6627156734466553,2.3924432754516602,0.40075615949217536
5233,blue,powerlaw,1,4,1.9506006240844727,2.3647888916338564,0.41418826754938376,0.9620071053504944,0.40075615949217536
5233,blue,powerlaw,2,5,3.614482879638672,2.4984999642248233,-1.1159829154138485,1.1560759544372559,0.40075615949217536
5233,blue,powerlaw,3,5,5.159924507141113,2.6601892737722195,-2.499735233368894,2.3924432754516602,0.40075615949217536
5233,red,constant,1,4,0.7004468441009521,0.9853262305259705,0.2848793864250183,0.24131885170936584,0.4007561594917206
5233,red,constant,2,5,0.951768696308136,0.9853261709213257,0.0335574746131897,0.2326991081237793,0.4007561594917206
5233,red,constant,3,5,1.1463278532028198,0.9853261709213257,-0.16100168228149414,0.2765770196914673,0.4007561594917206
5233,red,powerlaw,1,4,0.7004468441009521,0.802017306895097,0.10157046279414483,0.24131885170936584,0.4007561594917206
5233,red,powerlaw,2,5,0.951768696308136,0.7786973826809674,-0.17307131362716854,0.2326991081237793,0.4007561594917206
5233,red,powerlaw,3,5,1.1463278532028198,0.753821451345748,-0.39250640185707186,0.2765770196914673,0.4007561594917206
7082,blue,constant,1,5,1.4528926610946655,1.5600911378860474,0.10719847679138184,0.3343013048171997,4.032675927254786
7082,blue,constant,2,5,2.582653284072876,1.5600911378860474,-1.0225621461868286,0.44896745681762695,4.032675927254786
7082,blue,constant,3,6,1.504828929901123,1.5600911378860474,0.055262207984924316,0.6658504406611124,4.032675927254786
7082,blue,powerlaw,1,5,1.4528926610946655,1.405368071911322,-0.04752458918334357,0.3343013048171997,4.032675927254786
7082,blue,powerlaw,2,5,2.582653284072876,1.4333821329035115,-1.1492711511693645,0.44896745681762695,4.032675927254786
7082,blue,powerlaw,3,6,1.504828929901123,1.465724738574728,-0.03910419132639498,0.6658504406611124,4.032675927254786
7082,red,constant,1,5,0.7273231744766235,1.024514079093933,0.29719090461730957,0.08344283699989319,4.032675927253877
7082,red,constant,2,5,0.807669997215271,1.024514079093933,0.2168440818786621,0.08626961708068848,4.032675927253877
7082,red,constant,3,6,0.8260766863822937,1.024514079093933,0.1984373927116394,0.09103236595789592,4.032675927253877
7082,red,powerlaw,1,5,0.7273231744766235,0.9284926068198291,0.2011694323432056,0.08344283699989319,4.032675927253877
7082,red,powerlaw,2,5,0.807669997215271,0.9186421449418282,0.11097214772655717,0.08626961708068848,4.032675927253877
7082,red,powerlaw,3,6,0.8260766863822937,0.9080401040720171,0.08196341768972337,0.09103236595789592,4.032675927253877
11610,blue,constant,1,4,4.082699775695801,2.2783830165863037,-1.804316759109497,1.2534552812576294,4.326775673535394
11610,blue,constant,2,5,1.7083444595336914,2.2783830165863037,0.5700385570526123,1.4708157539367677,4.326775673535394
11610,blue,constant,3,5,4.551375389099121,2.2783830165863037,-2.2729923725128174,2.5326601028442384,4.326775673535394
11610,blue,powerlaw,1,4,4.082699775695801,2.445053183399163,-1.6376465922966377,1.2534552812576294,4.326775673535394
11610,blue,powerlaw,2,5,1.7083444595336914,2.5042609183089013,0.7959164587752099,1.4708157539367677,4.326775673535394
11610,blue,powerlaw,3,5,4.551375389099121,2.573574571814071,-1.97780081728505,2.5326601028442384,4.326775673535394
11610,red,constant,1,4,0.9694571495056152,0.9112344980239868,-0.05822265148162842,0.2847815155982971,4.326775673534939
11610,red,constant,2,5,0.426690012216568,0.9112344980239868,0.4845444858074188,0.27348663806915285,4.326775673534939
11610,red,constant,3,5,0.26645880937576294,0.9112344980239868,0.6447756886482239,0.33266260623931887,4.326775673534939
11610,red,powerlaw,1,4,0.9694571495056152,0.8984853701511066,-0.0709717793545086,0.2847815155982971,4.326775673534939
11610,red,powerlaw,2,5,0.426690012216568,0.8815914571445654,0.45490144492799744,0.27348663806915285,4.326775673534939
11610,red,powerlaw,3,5,0.26645880937576294,0.8633761452047569,0.596917335828994,0.33266260623931887,4.326775673534939
3550,blue,constant,1,5,2.6758971214294434,0.17198218405246735,-2.503914937376976,1.0593688011169433,16.83407847838953
3550,blue,constant,2,5,1.6741787195205688,0.17198218405246735,-1.5021965354681015,1.3927867889404297,16.83407847838953
3550,blue,constant,3,6,-5.8296661376953125,0.17198218405246735,6.00164832174778,1.9949571291605632,16.83407847838953
3550,blue,powerlaw,1,5,2.6758971214294434,2.2755109296027684e-05,-2.6758743663201474,1.0593688011169433,16.83407847838953
3550,blue,powerlaw,2,5,1.6741787195205688,6.790632823161884e-06,-1.6741719288877457,1.3927867889404297,16.83407847838953
3550,blue,powerlaw,3,6,-5.8296661376953125,1.7788326152438492e-06,5.829667916527928,1.9949571291605632,16.83407847838953
3550,red,constant,1,5,0.7747794389724731,0.9294034242630005,0.15462398529052734,0.17526973485946656,16.83407847839044
3550,red,constant,2,5,1.1580206155776978,0.9294034242630005,-0.22861719131469727,0.1784868359565735,16.83407847839044
3550,red,constant,3,6,1.730735182762146,0.9294033646583557,-0.8013318181037903,0.20180873076121011,16.83407847839044
3550,red,powerlaw,1,5,0.7747794389724731,0.9807243865118178,0.20594494753934467,0.17526973485946656,16.83407847839044
3550,red,powerlaw,2,5,1.1580206155776978,0.9643346791168204,-0.1936859364608774,0.1784868359565735,16.83407847839044
3550,red,powerlaw,3,6,1.730735182762146,0.9468176027790793,-0.7839175799830667,0.20180873076121011,16.83407847839044
4295,blue,constant,1,5,0.8231479525566101,1.2418516874313354,0.41870373487472534,0.6103198051452636,16.727234222705192
4295,blue,constant,2,5,0.6855369806289673,1.2418516874313354,0.5563147068023682,0.8048589706420899,16.727234222705192
4295,blue,constant,3,6,1.2664941549301147,1.2418516874313354,-0.024642467498779297,1.1821315288543701,16.727234222705192
4295,blue,powerlaw,1,5,0.8231479525566101,1.3436934755717842,0.5205455230151741,0.6103198051452636,16.727234222705192
4295,blue,powerlaw,2,5,0.6855369806289673,1.3753934084047366,0.6898564277757693,0.8048589706420899,16.727234222705192
4295,blue,powerlaw,3,6,1.2664941549301147,1.4121761404615178,0.1456819855314031,1.1821315288543701,16.727234222705192
4295,red,constant,1,5,0.7642427682876587,0.6900131702423096,-0.07422959804534912,0.18183861970901488,16.727234222704283
4295,red,constant,2,5,0.8781224489212036,0.6900131702423096,-0.18810927867889404,0.18192360401153565,16.727234222704283
4295,red,constant,3,6,1.0275557041168213,0.6900131702423096,-0.3375425338745117,0.18288572629292807,16.727234222704283
4295,red,powerlaw,1,5,0.7642427682876587,0.7938820477389309,0.029639279451272205,0.18183861970901488,16.727234222704283
4295,red,powerlaw,2,5,0.8781224489212036,0.7643400738360604,-0.11378237508514322,0.18192360401153565,16.727234222704283
4295,red,powerlaw,3,6,1.0275557041168213,0.7334630270802425,-0.2940926770365788,0.18288572629292807,16.727234222704283
11018,blue,constant,1,5,2.153719663619995,1.2814522981643677,-0.8722673654556274,0.8965571403503418,14.068100392812084
11018,blue,constant,2,5,2.185922861099243,1.2814522981643677,-0.9044705629348755,1.1625764846801758,14.068100392812084
11018,blue,constant,3,6,2.9028127193450928,1.2814522981643677,-1.621360421180725,1.645337422688802,14.068100392812084
11018,blue,powerlaw,1,5,2.153719663619995,1.2575793590685256,-0.8961403045514695,0.8965571403503418,14.068100392812084
11018,blue,powerlaw,2,5,2.185922861099243,1.3061127396290013,-0.8798101214702418,1.1625764846801758,14.068100392812084
11018,blue,powerlaw,3,6,2.9028127193450928,1.3633066519967911,-1.5395060673483016,1.645337422688802,14.068100392812084
11018,red,constant,1,5,1.2792463302612305,0.918255627155304,-0.3609907031059265,0.21511194705963135,14.068100392811175
11018,red,constant,2,5,0.8437030911445618,0.918255627155304,0.07455253601074219,0.23890845775604247,14.068100392811175
11018,red,constant,3,6,0.8724928498268127,0.918255627155304,0.04576277732849121,0.22675389051437378,14.068100392811175
11018,red,powerlaw,1,5,1.2792463302612305,0.9042811577258624,-0.3749651725353681,0.21511194705963135,14.068100392811175
11018,red,powerlaw,2,5,0.8437030911445618,0.8886413019294835,0.04493821078492177,0.23890845775604247,14.068100392811175
11018,red,powerlaw,3,6,0.8724928498268127,0.8719347004416452,-0.0005581493851675168,0.22675389051437378,14.068100392811175
12672,blue,constant,1,5,1.2929813861846924,1.0408341884613037,-0.25214719772338867,0.6038264751434326,14.96410646784625
12672,blue,constant,2,5,2.6511588096618652,1.0408341884613037,-1.6103246212005615,0.8005650520324707,14.96410646784625
12672,blue,constant,3,6,2.122563362121582,1.0408343076705933,-1.0817290544509888,1.2854605515797932,14.96410646784625
12672,blue,powerlaw,1,5,1.2929813861846924,1.3552828771680772,0.06230149098338478,0.6038264751434326,14.96410646784625
12672,blue,powerlaw,2,5,2.6511588096618652,1.3579448327787254,-1.2932139768831399,0.8005650520324707,14.96410646784625
12672,blue,powerlaw,3,6,2.122563362121582,1.3609624817339971,-0.7616008803875849,1.2854605515797932,14.96410646784625
12672,red,constant,1,5,0.9454208612442017,0.7218193411827087,-0.22360152006149292,0.1515031099319458,14.96410646784716
12672,red,constant,2,5,1.257089376449585,0.7218193411827087,-0.5352700352668762,0.15642917156219482,14.96410646784716
12672,red,constant,3,6,0.7609612941741943,0.7218193411827087,-0.039141952991485596,0.169142484664917,14.96410646784716
12672,red,powerlaw,1,5,0.9454208612442017,0.8853450491196677,-0.060075812124533945,0.1515031099319458,14.96410646784716
12672,red,powerlaw,2,5,1.257089376449585,0.8694421579077396,-0.38764721854184536,0.15642917156219482,14.96410646784716
12672,red,powerlaw,3,6,0.7609612941741943,0.8524671705665995,0.09150587639240515,0.169142484664917,14.96410646784716
4275,blue,constant,1,5,-0.8224456906318665,-0.012175187468528748,0.8102705031633377,0.4479806423187256,1.6744527319174267
4275,blue,constant,2,5,0.3089326024055481,-0.012175187468528748,-0.32110778987407684,0.6204018115997314,1.6744527319174267
4275,blue,constant,3,5,-0.5377844572067261,-0.012175187468528748,0.5256092697381973,1.141566562652588,1.6744527319174267
4275,blue,powerlaw,1,5,-0.8224456906318665,5.478924868617882e-07,0.8224462385243533,0.4479806423187256,1.6744527319174267
4275,blue,powerlaw,2,5,0.3089326024055481,1.2834421329815076e-07,-0.3089324740613348,0.6204018115997314,1.6744527319174267
4275,blue,powerlaw,3,5,-0.5377844572067261,2.890552796701312e-08,0.537784486112254,1.141566562652588,1.6744527319174267
4275,red,constant,1,5,1.094896912574768,1.205152988433838,0.11025607585906982,0.07626317739486695,1.674452731916972
4275,red,constant,2,5,1.1332366466522217,1.205152988433838,0.07191634178161621,0.07453978061676025,1.674452731916972
4275,red,constant,3,5,1.085601568222046,1.205152988433838,0.11955142021179199,0.07787253856658935,1.674452731916972
4275,red,powerlaw,1,5,1.094896912574768,1.2232989602792208,0.12840204770445274,0.07626317739486695,1.674452731916972
4275,red,powerlaw,2,5,1.1332366466522217,1.2352750474132619,0.1020384007610402,0.07453978061676025,1.674452731916972
4275,red,powerlaw,3,5,1.085601568222046,1.2472427137765074,0.16164114555446152,0.07787253856658935,1.674452731916972
12853,blue,constant,1,4,2.005282163619995,2.054013252258301,0.048731088638305664,1.191413402557373,0.6181524818148318
12853,blue,constant,2,5,2.112391233444214,2.054013252258301,-0.058377981185913086,1.4060017585754394,0.6181524818148318
12853,blue,constant,3,5,-0.14982962608337402,2.054013252258301,2.203842878341675,2.687366485595703,0.6181524818148318
12853,blue,powerlaw,1,4,2.005282163619995,2.236160667520185,0.2308785039001897,1.191413402557373,0.6181524818148318
12853,blue,powerlaw,2,5,2.112391233444214,2.347490695835894,0.23509946239168,1.4060017585754394,0.6181524818148318
12853,blue,powerlaw,3,5,-0.14982962608337402,2.481209503745479,2.631039129828853,2.687366485595703,0.6181524818148318
12853,red,constant,1,4,1.1016626358032227,1.0379499197006226,-0.0637127161026001,0.28628358244895935,0.6181524818148318
12853,red,constant,2,5,0.6525989770889282,1.0379499197006226,0.38535094261169434,0.2794752359390259,0.6181524818148318
12853,red,constant,3,5,0.5487613677978516,1.0379499197006226,0.489188551902771,0.5591392993927002,0.6181524818148318
12853,red,powerlaw,1,4,1.1016626358032227,0.8069641788804709,-0.29469845692275176,0.28628358244895935,0.6181524818148318
12853,red,powerlaw,2,5,0.6525989770889282,0.7870628626306508,0.13446388554172262,0.2794752359390259,0.6181524818148318
12853,red,powerlaw,3,5,0.5487613677978516,0.7657340989397843,0.21697273114193272,0.5591392993927002,0.6181524818148318
5328,blue,constant,1,5,3.1184165477752686,3.2992103099823,0.18079376220703125,0.9279681205749511,9.973355738499322
5328,blue,constant,2,5,1.3633546829223633,3.2992103099823,1.9358556270599365,1.25274600982666,9.973355738499322
5328,blue,constant,3,5,2.595324993133545,3.2992103099823,0.7038853168487549,2.347414970397949,9.973355738499322
5328,blue,powerlaw,1,5,3.1184165477752686,4.289796331054582,1.1713797832793134,0.9279681205749511,9.973355738499322
5328,blue,powerlaw,2,5,1.3633546829223633,5.6536287497148345,4.290274066792471,1.25274600982666,9.973355738499322
5328,blue,powerlaw,3,5,2.595324993133545,7.508660410848373,4.913335417714828,2.347414970397949,9.973355738499322
5328,red,constant,1,5,0.8507264852523804,1.2036134004592896,0.3528869152069092,0.21511120796203614,9.973355738498867
5328,red,constant,2,5,0.9810917973518372,1.2036134004592896,0.2225216031074524,0.23741283416748046,9.973355738498867
5328,red,constant,3,5,0.7316927909851074,1.2036134004592896,0.47192060947418213,0.25801470279693606,9.973355738498867
5328,red,powerlaw,1,5,0.8507264852523804,1.0117225126723937,0.1609960274200133,0.21511120796203614,9.973355738498867
5328,red,powerlaw,2,5,0.9810917973518372,1.0066258931748375,0.02553409582300037,0.23741283416748046,9.973355738498867
5328,red,powerlaw,3,5,0.7316927909851074,1.0016087050640068,0.26991591407889937,0.25801470279693606,9.973355738498867
6084,blue,constant,1,5,1.7532989978790283,1.3346987962722778,-0.4186002016067505,0.6833616733551026,12.390292352067718
6084,blue,constant,2,5,-0.4646705687046051,1.3346987962722778,1.799369364976883,0.9840241432189941,12.390292352067718
6084,blue,constant,3,6,1.7261110544204712,1.3346987962722778,-0.39141225814819336,1.5995203653971355,12.390292352067718
6084,blue,powerlaw,1,5,1.7532989978790283,1.1678562280325697,-0.5854427698464586,0.6833616733551026,12.390292352067718
6084,blue,powerlaw,2,5,-0.4646705687046051,1.1760364090520354,1.6407069777566405,0.9840241432189941,12.390292352067718
6084,blue,powerlaw,3,6,1.7261110544204712,1.1853574698893035,-0.5407535845311677,1.5995203653971355,12.390292352067718
6084,red,constant,1,5,0.8134971857070923,0.6683356165885925,-0.14516156911849976,0.16340898275375365,12.390292352069082
6084,red,constant,2,5,0.5498989224433899,0.6683356165885925,0.11843669414520264,0.1738877773284912,12.390292352069082
6084,red,constant,3,6,0.6054051518440247,0.6683356165885925,0.06293046474456787,0.1881056030591329,12.390292352069082
6084,red,powerlaw,1,5,0.8134971857070923,0.867756218570061,0.05425903286296874,0.16340898275375365,12.390292352069082
6084,red,powerlaw,2,5,0.5498989224433899,0.840417534499655,0.29051861205626506,0.1738877773284912,12.390292352069082
6084,red,powerlaw,3,6,0.6054051518440247,0.8116595557678262,0.20625440392380157,0.1881056030591329,12.390292352069082
5838,blue,constant,1,4,3.958631753921509,1.6934781074523926,-2.265153646469116,0.9091684818267822,3.3248955509770894
5838,blue,constant,2,5,4.17948055267334,1.693477988243103,-2.486002564430237,1.079062271118164,3.3248955509770894
5838,blue,constant,3,5,0.23466873168945312,1.693477988243103,1.45880925655365,1.8703710556030273,3.3248955509770894
5838,blue,powerlaw,1,4,3.958631753921509,2.4378635496183514,-1.5207682043031574,0.9091684818267822,3.3248955509770894
5838,blue,powerlaw,2,5,4.17948055267334,2.5749716843356056,-1.6045088683377342,1.079062271118164,3.3248955509770894
5838,blue,powerlaw,3,5,0.23466873168945312,2.7407721157054037,2.5061033840159506,1.8703710556030273,3.3248955509770894
5838,red,constant,1,4,0.8409750461578369,1.0781090259552002,0.23713397979736328,0.2446095049381256,3.3248955509770894
5838,red,constant,2,5,0.9008234739303589,1.0781090259552002,0.1772855520248413,0.2621058702468872,3.3248955509770894
5838,red,constant,3,5,0.49094581604003906,1.0781090259552002,0.5871632099151611,0.27608575820922854,3.3248955509770894
5838,red,powerlaw,1,4,0.8409750461578369,1.0835923401221008,0.2426172939642639,0.2446095049381256,3.3248955509770894
5838,red,powerlaw,2,5,0.9008234739303589,1.0910768951155299,0.19025342118517097,0.2621058702468872,3.3248955509770894
5838,red,powerlaw,3,5,0.49094581604003906,1.0993651826272803,0.6084193665872413,0.27608575820922854,3.3248955509770894
3813,blue,constant,1,5,3.4463820457458496,3.8139700889587402,0.3675880432128906,0.9051451683044434,9.913788442768237
3813,blue,constant,2,5,4.836567401885986,3.8139700889587402,-1.022597312927246,1.2056231498718262,9.913788442768237
3813,blue,constant,3,6,4.238454341888428,3.8139703273773193,-0.4244840145111084,1.7842199007670085,9.913788442768237
3813,blue,powerlaw,1,5,3.4463820457458496,4.7432852624975075,1.2969032167516579,0.9051451683044434,9.913788442768237
3813,blue,powerlaw,2,5,4.836567401885986,5.803270103924794,0.9667027020388073,1.2056231498718262,9.913788442768237
3813,blue,powerlaw,3,6,4.238454341888428,7.29576067994369,3.0573063380552625,1.7842199007670085,9.913788442768237
3813,red,constant,1,5,0.972277820110321,0.7550716400146484,-0.2172061800956726,0.14718773365020751,9.913788442767327
3813,red,constant,2,5,1.3084136247634888,0.7550716400146484,-0.5533419847488403,0.1491275668144226,9.913788442767327
3813,red,constant,3,6,0.8590582013130188,0.7550716400146484,-0.10398656129837036,0.15670788288116455,9.913788442767327
3813,red,powerlaw,1,5,0.972277820110321,0.7152040748805312,-0.2570737452297899,0.14718773365020751,9.913788442767327
3813,red,powerlaw,2,5,1.3084136247634888,0.6993902767253044,-0.6090233480381844,0.1491275668144226,9.913788442767327
3813,red,powerlaw,3,6,0.8590582013130188,0.6825830596601786,-0.17647514165284017,0.15670788288116455,9.913788442767327
8893,blue,constant,1,5,3.1745681762695312,2.564283609390259,-0.6102845668792725,1.162155818939209,8.246303724672543
8893,blue,constant,2,5,5.713515281677246,2.564283609390259,-3.1492316722869873,1.5153460502624512,8.246303724672543
8893,blue,constant,3,5,3.3888206481933594,2.564283609390259,-0.8245370388031006,2.7440542221069335,8.246303724672543
8893,blue,powerlaw,1,5,3.1745681762695312,4.306785617943224,1.132217441673693,1.162155818939209,8.246303724672543
8893,blue,powerlaw,2,5,5.713515281677246,4.899185280220118,-0.8143300014571278,1.5153460502624512,8.246303724672543
8893,blue,powerlaw,3,5,3.3888206481933594,5.59312907814712,2.2043084299537608,2.7440542221069335,8.246303724672543
8893,red,constant,1,5,0.9960002899169922,0.9797800779342651,-0.01622021198272705,0.3303873538970947,8.246303724672543
8893,red,constant,2,5,0.5474937558174133,0.9797800779342651,0.4322863221168518,0.339743447303772,8.246303724672543
8893,red,constant,3,5,0.7846970558166504,0.9797800779342651,0.19508302211761475,0.4139223575592041,8.246303724672543
8893,red,powerlaw,1,5,0.9960002899169922,1.0425735951342912,0.046573305217298966,0.3303873538970947,8.246303724672543
8893,red,powerlaw,2,5,0.5474937558174133,1.0493067533897924,0.5018129975723791,0.339743447303772,8.246303724672543
8893,red,powerlaw,3,5,0.7846970558166504,1.0560116067471461,0.2713145509304957,0.4139223575592041,8.246303724672543
7129,blue,constant,1,5,1.6205518245697021,1.5002673864364624,-0.12028443813323975,0.4689347743988037,13.965590490875456
7129,blue,constant,2,5,1.2467129230499268,1.5002673864364624,0.25355446338653564,0.6358025074005127,13.965590490875456
7129,blue,constant,3,6,0.3540290892124176,1.5002673864364624,1.1462382972240448,0.9869383970896403,13.965590490875456
7129,blue,powerlaw,1,5,1.6205518245697021,1.3655077811345233,-0.25504404343517884,0.4689347743988037,13.965590490875456
7129,blue,powerlaw,2,5,1.2467129230499268,1.4138883004462683,0.16717537739634158,0.6358025074005127,13.965590490875456
7129,blue,powerlaw,3,6,0.3540290892124176,1.4707137780072566,1.116684688794839,0.9869383970896403,13.965590490875456
7129,red,constant,1,5,0.8284474611282349,0.7900366187095642,-0.038410842418670654,0.11740412712097167,13.965590490875911
7129,red,constant,2,5,0.5814669132232666,0.7900366187095642,0.2085697054862976,0.12327626943588257,13.965590490875911
7129,red,constant,3,6,0.4150889813899994,0.7900366187095642,0.3749476373195648,0.15983199079831442,13.965590490875911
7129,red,powerlaw,1,5,0.8284474611282349,0.8460266970279637,0.017579235899728873,0.11740412712097167,13.965590490875911
7129,red,powerlaw,2,5,0.5814669132232666,0.8233693246533808,0.24190241143011415,0.12327626943588257,13.965590490875911
7129,red,powerlaw,3,6,0.4150889813899994,0.7994135319053145,0.3843245505153151,0.15983199079831442,13.965590490875911
1539,blue,constant,1,5,1.879492163658142,3.3228602409362793,1.4433680772781372,0.869227123260498,0.225507657448361
1539,blue,constant,2,5,3.2975292205810547,3.3228602409362793,0.02533102035522461,1.237034225463867,0.225507657448361
1539,blue,constant,3,5,4.164739608764648,3.3228602409362793,-0.8418793678283691,2.258961486816406,0.225507657448361
1539,blue,powerlaw,1,5,1.879492163658142,3.3759302142106393,1.4964380505524972,0.869227123260498,0.225507657448361
1539,blue,powerlaw,2,5,3.2975292205810547,3.5778382689226382,0.28030904834158354,1.237034225463867,0.225507657448361
1539,blue,powerlaw,3,5,4.164739608764648,3.7977987851297166,-0.36694082363493186,2.258961486816406,0.225507657448361
1539,red,constant,1,5,0.9086675643920898,0.8052898645401001,-0.10337769985198975,0.18722159862518312,0.22550765744927048
1539,red,constant,2,5,0.4155406057834625,0.8052898645401001,0.3897492587566376,0.20531513690948486,0.22550765744927048
1539,red,constant,3,5,0.8035593032836914,0.8052898645401001,0.0017305612564086914,0.26606791019439696,0.22550765744927048
1539,red,powerlaw,1,5,0.9086675643920898,0.7578656370705794,-0.15080192732151043,0.18722159862518312,0.22550765744927048
1539,red,powerlaw,2,5,0.4155406057834625,0.7285593700850301,0.3130187643015676,0.20531513690948486,0.22550765744927048
1539,red,powerlaw,3,5,0.8035593032836914,0.7006703227551029,-0.10288898052858853,0.26606791019439696,0.22550765744927048
7958,blue,constant,1,5,1.1345809698104858,0.9593057632446289,-0.17527520656585693,0.263620924949646,19.271175022578973
7958,blue,constant,2,5,1.54436194896698,0.9593057632446289,-0.5850561857223511,0.3398152828216553,19.271175022578973
7958,blue,constant,3,6,0.8289434313774109,0.9593057632446289,0.13036233186721802,0.492532213528951,19.271175022578973
7958,blue,powerlaw,1,5,1.1345809698104858,0.802232841733052,-0.33234812807743386,0.263620924949646,19.271175022578973
7958,blue,powerlaw,2,5,1.54436194896698,0.8035097785857026,-0.7408521703812774,0.3398152828216553,19.271175022578973
7958,blue,powerlaw,3,6,0.8289434313774109,0.8049571881584406,-0.02398624321897025,0.492532213528951,19.271175022578973
7958,red,constant,1,5,0.7470453977584839,0.8655406832695007,0.11849528551101685,0.05038241147994995,19.271175022578973
7958,red,constant,2,5,1.0646306276321411,0.8655406832695007,-0.19908994436264038,0.058916175365448,19.271175022578973
7958,red,constant,3,6,0.7455920577049255,0.8655406832695007,0.1199486255645752,0.05865562458833059,19.271175022578973
7958,red,powerlaw,1,5,0.7470453977584839,0.868896470132014,0.1218510723735301,0.05038241147994995,19.271175022578973
7958,red,powerlaw,2,5,1.0646306276321411,0.8613287425262195,-0.20330188510592162,0.058916175365448,19.271175022578973
7958,red,powerlaw,3,6,0.7455920577049255,0.8531714132981757,0.10757935559325016,0.05865562458833059,19.271175022578973
2458,blue,constant,1,5,1.8692651987075806,2.2530274391174316,0.3837622404098511,0.7839178562164306,16.02654092939065
2458,blue,constant,2,5,4.053913116455078,2.2530274391174316,-1.8008856773376465,1.1252214431762695,16.02654092939065
2458,blue,constant,3,5,3.7577271461486816,2.2530274391174316,-1.50469970703125,2.3643625259399412,16.02654092939065
2458,blue,powerlaw,1,5,1.8692651987075806,2.2273913301824253,0.35812613147484473,0.7839178562164306,16.02654092939065
2458,blue,powerlaw,2,5,4.053913116455078,2.2976894414864817,-1.7562236749685964,1.1252214431762695,16.02654092939065
2458,blue,powerlaw,3,5,3.7577271461486816,2.3723062628552234,-1.3854208832934582,2.3643625259399412,16.02654092939065
2458,red,constant,1,5,0.8988563418388367,0.6266193389892578,-0.27223700284957886,0.24613666534423828,16.026540929391558
2458,red,constant,2,5,0.4518802762031555,0.6266193389892578,0.1747390627861023,0.23522610664367677,16.026540929391558
2458,red,constant,3,5,0.6326874494552612,0.6266193389892578,-0.006068110466003418,0.2620975971221924,16.026540929391558
2458,red,powerlaw,1,5,0.8988563418388367,0.6166637758626037,-0.282192565976233,0.24613666534423828,16.026540929391558
2458,red,powerlaw,2,5,0.4518802762031555,0.5738576296115105,0.12197735340835503,0.23522610664367677,16.026540929391558
2458,red,powerlaw,3,5,0.6326874494552612,0.534439372377131,-0.09824807707813021,0.2620975971221924,16.026540929391558
10712,blue,constant,1,5,1.2930265665054321,1.62018620967865,0.3271596431732178,1.0622430801391602,13.865930073000072
10712,blue,constant,2,5,1.7997747659683228,1.62018620967865,-0.17958855628967285,1.4083002090454102,13.865930073000072
10712,blue,constant,3,6,2.3889195919036865,1.62018620967865,-0.7687333822250366,2.1422144571940103,13.865930073000072
10712,blue,powerlaw,1,5,1.2930265665054321,1.4714901613490678,0.17846359484363572,1.0622430801391602,13.865930073000072
10712,blue,powerlaw,2,5,1.7997747659683228,1.4258836150679852,-0.37389115090033753,1.4083002090454102,13.865930073000072
10712,blue,powerlaw,3,6,2.3889195919036865,1.3760289509671166,-1.0128906409365699,2.1422144571940103,13.865930073000072
10712,red,constant,1,5,1.3951880931854248,0.6080152988433838,-0.787172794342041,0.22749109268188478,13.865930072999618
10712,red,constant,2,5,0.467620849609375,0.6080152988433838,0.1403944492340088,0.25268068313598635,13.865930072999618
10712,red,constant,3,6,2.838289499282837,0.6080152988433838,-2.230274200439453,0.29472092787424725,13.865930072999618
10712,red,powerlaw,1,5,1.3951880931854248,1.0548048695698666,-0.3403832236155582,0.22749109268188478,13.865930072999618
10712,red,powerlaw,2,5,0.467620849609375,1.0429614096983113,0.5753405600889363,0.25268068313598635,13.865930072999618
10712,red,powerlaw,3,6,2.838289499282837,1.03022706099952,-1.8080624382833168,0.29472092787424725,13.865930072999618
941,blue,constant,1,5,0.2135661542415619,0.307074636220932,0.09350848197937012,0.1370965361595154,19.50479071257496
941,blue,constant,2,5,0.20584647357463837,0.307074636220932,0.10122816264629364,0.17473639249801637,19.50479071257496
941,blue,constant,3,6,0.9183470606803894,0.307074636220932,-0.6112724244594574,0.30665796995162964,19.50479071257496
941,blue,powerlaw,1,5,0.2135661542415619,0.4010470413415884,0.18748088710002653,0.1370965361595154,19.50479071257496
941,blue,powerlaw,2,5,0.20584647357463837,0.4259996260410759,0.22015315246643752,0.17473639249801637,19.50479071257496
941,blue,powerlaw,3,6,0.9183470606803894,0.45615016087759047,-0.46219689980279893,0.30665796995162964,19.50479071257496
941,red,constant,1,5,1.1800518035888672,1.181181788444519,0.0011299848556518555,0.0464934766292572,19.504790712575414
941,red,constant,2,5,1.1303226947784424,1.181181788444519,0.05085909366607666,0.044824883341789246,19.504790712575414
941,red,constant,3,6,0.8923446536064148,1.181181788444519,0.28883713483810425,0.049656217296918236,19.504790712575414
941,red,powerlaw,1,5,1.1800518035888672,1.2462006671794696,0.06614886359060246,0.0464934766292572,19.504790712575414
941,red,powerlaw,2,5,1.1303226947784424,1.2640957554688192,0.13377306069037687,0.044824883341789246,19.504790712575414
941,red,powerlaw,3,6,0.8923446536064148,1.2838613912739734,0.39151673766755857,0.049656217296918236,19.504790712575414
9981,blue,constant,1,5,4.157956123352051,2.7639291286468506,-1.3940269947052002,0.5559007167816162,3.7281215150596836
9981,blue,constant,2,5,2.1799302101135254,2.7639291286468506,0.5839989185333252,0.7514888763427734,3.7281215150596836
9981,blue,constant,3,5,4.830117225646973,2.7639291286468506,-2.066188097000122,1.4567441940307617,3.7281215150596836
9981,blue,powerlaw,1,5,4.157956123352051,3.289852005465307,-0.8681041178867437,0.5559007167816162,3.7281215150596836
9981,blue,powerlaw,2,5,2.1799302101135254,3.529703616188825,1.3497734060752995,0.7514888763427734,3.7281215150596836
9981,blue,powerlaw,3,5,4.830117225646973,3.7943544185375595,-1.0357628071094132,1.4567441940307617,3.7281215150596836
9981,red,constant,1,5,0.7937420010566711,0.9613357782363892,0.16759377717971802,0.14577511548995972,3.7281215150596836
9981,red,constant,2,5,0.8095299005508423,0.9613357782363892,0.15180587768554688,0.14885250329971314,3.7281215150596836
9981,red,constant,3,5,0.7376188635826111,0.9613357782363892,0.22371691465377808,0.1660132646560669,3.7281215150596836
9981,red,powerlaw,1,5,0.7937420010566711,0.7214329926888849,-0.0723090083677862,0.14577511548995972,3.7281215150596836
9981,red,powerlaw,2,5,0.8095299005508423,0.6930680248238139,-0.11646187572702837,0.14885250329971314,3.7281215150596836
9981,red,powerlaw,3,5,0.7376188635826111,0.6660962910414618,-0.07152257254114924,0.1660132646560669,3.7281215150596836
11731,blue,constant,1,5,2.5557339191436768,1.014862298965454,-1.5408716201782227,1.1907190322875976,8.363371259359155
11731,blue,constant,2,5,6.578733921051025,1.014862298965454,-5.563871622085571,1.663970375061035,8.363371259359155
11731,blue,constant,3,5,5.981381893157959,1.014862298965454,-4.966519594192505,3.252330780029297,8.363371259359155
11731,blue,powerlaw,1,5,2.5557339191436768,1.407288923694804,-1.1484449954488727,1.1907190322875976,8.363371259359155
11731,blue,powerlaw,2,5,6.578733921051025,1.3534515166144003,-5.225282404436625,1.663970375061035,8.363371259359155
11731,blue,powerlaw,3,5,5.981381893157959,1.3002600516793599,-4.681121841478599,3.252330780029297,8.363371259359155
11731,red,constant,1,5,1.1832420825958252,1.2683743238449097,0.08513224124908447,0.22405414581298827,8.363371259360065
11731,red,constant,2,5,0.82447749376297,1.2683743238449097,0.4438968300819397,0.23405122756958008,8.363371259360065
11731,red,constant,3,5,0.7304014563560486,1.2683743238449097,0.5379728674888611,0.29156606197357177,8.363371259360065
11731,red,powerlaw,1,5,1.1832420825958252,0.8933025403387228,-0.2899395422571024,0.22405414581298827,8.363371259360065
11731,red,powerlaw,2,5,0.82447749376297,0.8897144615352109,0.06523696777224097,0.23405122756958008,8.363371259360065
11731,red,powerlaw,3,5,0.7304014563560486,0.8861784580276467,0.15577700167159814,0.29156606197357177,8.363371259360065
12295,blue,constant,1,5,2.627737283706665,3.6420867443084717,1.0143494606018066,1.268787956237793,19.799475434485885
12295,blue,constant,2,5,1.060870885848999,3.6420867443084717,2.5812158584594727,1.7740100860595702,19.799475434485885
12295,blue,constant,3,6,0.03801338002085686,3.6420867443084717,3.604073364287615,3.390950838724772,19.799475434485885
12295,blue,powerlaw,1,5,2.627737283706665,4.245712922879657,1.6179756391729923,1.268787956237793,19.799475434485885
12295,blue,powerlaw,2,5,1.060870885848999,4.855929905285623,3.795059019436624,1.7740100860595702,19.799475434485885
12295,blue,powerlaw,3,6,0.03801338002085686,5.655014872244508,5.617001492223651,3.390950838724772,19.799475434485885
12295,red,constant,1,5,0.7529314160346985,1.1746071577072144,0.42167574167251587,0.2379389762878418,19.79947543448543
12295,red,constant,2,5,0.9859793782234192,1.1746071577072144,0.18862777948379517,0.25749664306640624,19.79947543448543
12295,red,constant,3,6,0.7348325252532959,1.1746071577072144,0.43977463245391846,0.26623352368672687,19.79947543448543
12295,red,powerlaw,1,5,0.7529314160346985,0.8359878663666187,0.08305645033192022,0.2379389762878418,19.79947543448543
12295,red,powerlaw,2,5,0.9859793782234192,0.8070194400884386,-0.17895993813498057,0.25749664306640624,19.79947543448543
12295,red,powerlaw,3,6,0.7348325252532959,0.776659937029977,0.041827411776681145,0.26623352368672687,19.79947543448543
3615,blue,constant,1,5,1.834674596786499,2.614687919616699,0.7800133228302002,1.264509391784668,8.288612771686985
3615,blue,constant,2,5,2.3671438694000244,2.614687919616699,0.2475440502166748,1.6774320602416992,8.288612771686985
3615,blue,constant,3,6,0.7800092101097107,2.614687919616699,1.8346787095069885,2.5963613192240396,8.288612771686985
3615,blue,powerlaw,1,5,1.834674596786499,2.884431049002651,1.049756452216152,1.264509391784668,8.288612771686985
3615,blue,powerlaw,2,5,2.3671438694000244,3.0654279419918664,0.698284072591842,1.6774320602416992,8.288612771686985
3615,blue,powerlaw,3,6,0.7800092101097107,3.2840154898330254,2.5040062797233147,2.5963613192240396,8.288612771686985
3615,red,constant,1,5,0.9007428288459778,0.7415769696235657,-0.1591658592224121,0.23782644271850586,8.28861277168835
3615,red,constant,2,5,1.5073835849761963,0.7415769696235657,-0.7658066153526306,0.26553080081939695,8.28861277168835
3615,red,constant,3,6,1.1653486490249634,0.7415769696235657,-0.4237716794013977,0.29895957310994464,8.28861277168835
3615,red,powerlaw,1,5,0.9007428288459778,0.6394565283190319,-0.2612863005269459,0.23782644271850586,8.28861277168835
3615,red,powerlaw,2,5,1.5073835849761963,0.6006683825753557,-0.9067152024008406,0.26553080081939695,8.28861277168835
3615,red,powerlaw,3,6,1.1653486490249634,0.5611601787614239,-0.6041884702635395,0.29895957310994464,8.28861277168835
9985,blue,constant,1,4,2.698779582977295,2.080812454223633,-0.6179671287536621,0.8680925965309143,1.3357913130275847
9985,blue,constant,2,5,0.33619141578674316,2.080812454223633,1.7446210384368896,1.0283072471618653,1.3357913130275847
9985,blue,constant,3,5,3.339360475540161,2.080812454223633,-1.2585480213165283,1.8856576919555663,1.3357913130275847
9985,blue,powerlaw,1,4,2.698779582977295,2.075518973321698,-0.6232606096555968,0.8680925965309143,1.3357913130275847
9985,blue,powerlaw,2,5,0.33619141578674316,2.117811032346471,1.7816196165597278,1.0283072471618653,1.3357913130275847
9985,blue,powerlaw,3,5,3.339360475540161,2.167110904102666,-1.172249571437495,1.8856576919555663,1.3357913130275847
9985,red,constant,1,4,1.2616913318634033,1.110967993736267,-0.15072333812713623,0.23226849734783173,1.3357913130275847
9985,red,constant,2,5,1.205952525138855,1.110967993736267,-0.09498453140258789,0.22053964138031007,1.3357913130275847
9985,red,constant,3,5,0.8619001507759094,1.110967993736267,0.24906784296035767,0.2470524549484253,1.3357913130275847
9985,red,powerlaw,1,4,1.2616913318634033,0.9692472818531147,-0.2924440500102886,0.23226849734783173,1.3357913130275847
9985,red,powerlaw,2,5,1.205952525138855,0.9653567412841767,-0.24059578385467828,0.22053964138031007,1.3357913130275847
9985,red,powerlaw,3,5,0.8619001507759094,0.9610962897384541,0.09919613896254464,0.2470524549484253,1.3357913130275847
4651,blue,constant,1,5,0.982649028301239,1.3720329999923706,0.3893839716911316,0.5979646205902099,0.7054692673818863
4651,blue,constant,2,5,3.161888599395752,1.3720329999923706,-1.7898555994033813,0.9937051773071289,0.7054692673818863
4651,blue,constant,3,5,4.099895477294922,1.3720329999923706,-2.7278624773025513,1.5488267898559571,0.7054692673818863
4651,blue,powerlaw,1,5,0.982649028301239,1.4756688004460594,0.4930197721448204,0.5979646205902099,0.7054692673818863
4651,blue,powerlaw,2,5,3.161888599395752,1.4882538996765817,-1.6736346997191702,0.9937051773071289,0.7054692673818863
4651,blue,powerlaw,3,5,4.099895477294922,1.5012918950960228,-2.598603582198899,1.5488267898559571,0.7054692673818863
4651,red,constant,1,5,1.0962588787078857,1.054154396057129,-0.042104482650756836,0.11634335517883301,0.7054692673827958
4651,red,constant,2,5,0.7957272529602051,1.054154396057129,0.25842714309692383,0.12341663837432862,0.7054692673827958
4651,red,constant,3,5,1.0850422382354736,1.054154396057129,-0.030887842178344727,0.14635900259017945,0.7054692673827958
4651,red,powerlaw,1,5,1.0962588787078857,1.0716780318629147,-0.024580846844971083,0.11634335517883301,0.7054692673827958
4651,red,powerlaw,2,5,0.7957272529602051,1.0924861137001387,0.2967588607399336,0.12341663837432862,0.7054692673827958
4651,red,powerlaw,3,5,1.0850422382354736,1.1134776703290838,0.028435432093610213,0.14635900259017945,0.7054692673827958
11618,blue,constant,1,5,2.8453726768493652,1.8323856592178345,-1.0129870176315308,0.6753213405609131,5.975594817808087
11618,blue,constant,2,5,1.907891869544983,1.8323856592178345,-0.07550621032714844,0.90528564453125,5.975594817808087
11618,blue,constant,3,5,5.30720853805542,1.8323856592178345,-3.4748228788375854,1.578460693359375,5.975594817808087
11618,blue,powerlaw,1,5,2.8453726768493652,2.3989434408069052,-0.44642923604246,0.6753213405609131,5.975594817808087
11618,blue,powerlaw,2,5,1.907891869544983,2.593675608339272,0.6857837387942891,0.90528564453125,5.975594817808087
11618,blue,powerlaw,3,5,5.30720853805542,2.8102543290558293,-2.4969542089995906,1.578460693359375,5.975594817808087
11618,red,constant,1,5,0.9411819577217102,0.8281863927841187,-0.11299556493759155,0.1548984408378601,5.975594817808087
11618,red,constant,2,5,0.6666885614395142,0.8281863927841187,0.1614978313446045,0.17364952564239503,5.975594817808087
11618,red,constant,3,5,0.7973368763923645,0.8281863927841187,0.03084951639175415,0.24711990356445312,5.975594817808087
11618,red,powerlaw,1,5,0.9411819577217102,0.7669088894347139,-0.1742730682869963,0.1548984408378601,5.975594817808087
11618,red,powerlaw,2,5,0.6666885614395142,0.7363388116923717,0.06965025025285754,0.17364952564239503,5.975594817808087
11618,red,powerlaw,3,5,0.7973368763923645,0.7072885330838302,-0.09004834330853428,0.24711990356445312,5.975594817808087
5757,blue,constant,1,5,2.3613779544830322,1.9004452228546143,-0.46093273162841797,0.4229560375213623,16.233522048936265
5757,blue,constant,2,5,1.846921682357788,1.9004452228546143,0.05352354049682617,0.5892469406127929,16.233522048936265
5757,blue,constant,3,5,0.877189040184021,1.9004452228546143,1.0232561826705933,0.96463623046875,16.233522048936265
5757,blue,powerlaw,1,5,2.3613779544830322,2.446479642647534,0.0851016881645017,0.4229560375213623,16.233522048936265
5757,blue,powerlaw,2,5,1.846921682357788,2.5689868723861453,0.7220651900283572,0.5892469406127929,16.233522048936265
5757,blue,powerlaw,3,5,0.877189040184021,2.7013883641457426,1.8241993239617216,0.96463623046875,16.233522048936265
5757,red,constant,1,5,1.0586111545562744,0.9479883313179016,-0.1106228232383728,0.10923316478729247,16.23352204893672
5757,red,constant,2,5,0.8387987017631531,0.9479883313179016,0.10918962955474854,0.12241064310073853,16.23352204893672
5757,red,constant,3,5,0.6158060431480408,0.9479883313179016,0.33218228816986084,0.14972620010375975,16.23352204893672
5757,red,powerlaw,1,5,1.0586111545562744,0.9112620771103381,-0.14734907744593628,0.10923316478729247,16.23352204893672
5757,red,powerlaw,2,5,0.8387987017631531,0.8971530905507585,0.05835438878760546,0.12241064310073853,16.23352204893672
5757,red,powerlaw,3,5,0.6158060431480408,0.8834118968029394,0.26760585365489864,0.14972620010375975,16.23352204893672
3947,blue,constant,1,5,0.6382402777671814,1.7666137218475342,1.1283734440803528,0.9095145225524902,8.228561613101647
3947,blue,constant,2,5,1.6357429027557373,1.7666137218475342,0.13087081909179688,1.201630210876465,8.228561613101647
3947,blue,constant,3,6,-3.4458189010620117,1.7666138410568237,5.2124327421188354,1.9008355140686035,8.228561613101647
3947,blue,powerlaw,1,5,0.6382402777671814,1.3573507041889896,0.7191104264218082,0.9095145225524902,8.228561613101647
3947,blue,powerlaw,2,5,1.6357429027557373,1.3662341787051655,-0.2695087240505718,1.201630210876465,8.228561613101647
3947,blue,powerlaw,3,6,-3.4458189010620117,1.3763487225719364,4.822167623633948,1.9008355140686035,8.228561613101647
3947,red,constant,1,5,1.1947593688964844,0.5010092258453369,-0.6937501430511475,0.21891369819641113,8.228561613103011
3947,red,constant,2,5,3.066941738128662,0.5010092258453369,-2.565932512283325,0.24911284446716309,8.228561613103011
3947,red,constant,3,6,1.6584619283676147,0.5010092258453369,-1.1574527025222778,0.25924404462178546,8.228561613103011
3947,red,powerlaw,1,5,1.1947593688964844,0.6366489028216654,-0.558110466074819,0.21891369819641113,8.228561613103011
3947,red,powerlaw,2,5,3.066941738128662,0.6073540858020834,-2.4595876523265785,0.24911284446716309,8.228561613103011
3947,red,powerlaw,3,6,1.6584619283676147,0.5770227285143257,-1.081439199853289,0.25924404462178546,8.228561613103011
9603,blue,constant,1,4,2.815324544906616,2.0204319953918457,-0.7948925495147705,0.9517408609390259,3.8579975205020673
9603,blue,constant,2,5,4.151649475097656,2.0204319953918457,-2.1312174797058105,1.1378528594970703,3.8579975205020673
9603,blue,constant,3,5,3.114287853240967,2.0204319953918457,-1.093855857849121,2.0071647644042967,3.8579975205020673
9603,blue,powerlaw,1,4,2.815324544906616,2.302715745172006,-0.5126087997346103,0.9517408609390259,3.8579975205020673
9603,blue,powerlaw,2,5,4.151649475097656,2.3478372923822954,-1.8038121827153608,1.1378528594970703,3.8579975205020673
9603,blue,powerlaw,3,5,3.114287853240967,2.4004095492468727,-0.7138783039940941,2.0071647644042967,3.8579975205020673
9603,red,constant,1,4,0.9841752648353577,1.1432899236679077,0.15911465883255005,0.28910794854164124,3.857997520502977
9603,red,constant,2,5,0.5631325840950012,1.1432899236679077,0.5801573395729065,0.31689269542694093,3.857997520502977
9603,red,constant,3,5,2.0560879707336426,1.1432899236679077,-0.9127980470657349,0.4869266986846924,3.857997520502977
9603,red,powerlaw,1,4,0.9841752648353577,0.5861027296366463,-0.39807253519871133,0.28910794854164124,3.857997520502977
9603,red,powerlaw,2,5,0.5631325840950012,0.5474178162168665,-0.01571476787813475,0.31689269542694093,3.857997520502977
9603,red,powerlaw,3,5,2.0560879707336426,0.507773628105823,-1.5483143426278194,0.4869266986846924,3.857997520502977
2724,blue,constant,1,5,1.8961126804351807,1.6164653301239014,-0.2796473503112793,0.8940970420837402,11.98288751551172
2724,blue,constant,2,5,1.0326164960861206,1.6164653301239014,0.5838488340377808,1.2296046257019042,11.98288751551172
2724,blue,constant,3,6,1.3289426565170288,1.616465449333191,0.2875227928161621,1.755677064259847,11.98288751551172
2724,blue,powerlaw,1,5,1.8961126804351807,0.8026494130200611,-1.0934632674151197,0.8940970420837402,11.98288751551172
2724,blue,powerlaw,2,5,1.0326164960861206,0.8025408259220738,-0.23007567016404684,1.2296046257019042,11.98288751551172
2724,blue,powerlaw,3,6,1.3289426565170288,0.8024180443985246,-0.5265246121185042,1.755677064259847,11.98288751551172
2724,red,constant,1,5,0.8035341501235962,0.864510715007782,0.06097656488418579,0.1495748996734619,11.98288751551263
2724,red,constant,2,5,1.1241061687469482,0.864510715007782,-0.25959545373916626,0.17825775146484374,11.98288751551263
2724,red,constant,3,6,1.5319334268569946,0.864510715007782,-0.6674227118492126,0.20791194836298624,11.98288751551263
2724,red,powerlaw,1,5,0.8035341501235962,0.896038221234272,0.09250407111067582,0.1495748996734619,11.98288751551263
2724,red,powerlaw,2,5,1.1241061687469482,0.8899167822461193,-0.234189386500829,0.17825775146484374,11.98288751551263
2724,red,powerlaw,3,6,1.5319334268569946,0.8833034168551652,-0.6486300100018294,0.20791194836298624,11.98288751551263
6139,blue,constant,1,5,1.138034462928772,1.0882377624511719,-0.0497967004776001,0.5948313713073731,18.72477639738554
6139,blue,constant,2,5,0.16751042008399963,1.0882377624511719,0.9207273423671722,0.7957318305969239,18.72477639738554
6139,blue,constant,3,6,-0.8275554776191711,1.0882377624511719,1.915793240070343,1.2910638650258381,18.72477639738554
6139,blue,powerlaw,1,5,1.138034462928772,1.062275026601543,-0.07575943632722892,0.5948313713073731,18.72477639738554
6139,blue,powerlaw,2,5,0.16751042008399963,1.033925897102528,0.8664154770185284,0.7957318305969239,18.72477639738554
6139,blue,powerlaw,3,6,-0.8275554776191711,1.0027735198857997,1.8303289975049708,1.2910638650258381,18.72477639738554
6139,red,constant,1,5,0.9675482511520386,0.9588748216629028,-0.008673429489135742,0.13157143592834472,18.72477639738463
6139,red,constant,2,5,1.4204399585723877,0.9588748216629028,-0.46156513690948486,0.13820102214813232,18.72477639738463
6139,red,constant,3,6,1.237397313117981,0.9588747620582581,-0.2785225510597229,0.15579641858736673,18.72477639738463
6139,red,powerlaw,1,5,0.9675482511520386,0.8562899629492513,-0.11125828820278727,0.13157143592834472,18.72477639738463
6139,red,powerlaw,2,5,1.4204399585723877,0.8408175021355321,-0.5796224564368556,0.13820102214813232,18.72477639738463
6139,red,powerlaw,3,6,1.237397313117981,0.8243060597067542,-0.41309125341122677,0.15579641858736673,18.72477639738463
11828,blue,constant,1,4,0.052727632224559784,0.07439849525690079,0.021670863032341003,0.3803230822086334,2.466554273955353
11828,blue,constant,2,5,0.771165668964386,0.07439849525690079,-0.6967671737074852,0.47264537811279295,2.466554273955353
11828,blue,constant,3,5,1.391417145729065,0.07439849525690079,-1.3170186504721642,0.7862123489379883,2.466554273955353
11828,blue,powerlaw,1,4,0.052727632224559784,0.1426380449403151,0.08991041271575531,0.3803230822086334,2.466554273955353
11828,blue,powerlaw,2,5,0.771165668964386,0.13052318035149596,-0.6406424886128901,0.47264537811279295,2.466554273955353
11828,blue,powerlaw,3,5,1.391417145729065,0.11792878929093001,-1.273488356438135,0.7862123489379883,2.466554273955353
11828,red,constant,1,4,1.483210802078247,1.2606619596481323,-0.22254884243011475,0.09326491504907608,2.4665542739548982
11828,red,constant,2,5,1.412765622138977,1.2606619596481323,-0.15210366249084473,0.0864637553691864,2.4665542739548982
11828,red,constant,3,5,1.443212866783142,1.2606619596481323,-0.18255090713500977,0.12427593469619751,2.4665542739548982
11828,red,powerlaw,1,4,1.483210802078247,1.3675909595257865,-0.1156198425524606,0.09326491504907608,2.4665542739548982
11828,red,powerlaw,2,5,1.412765622138977,1.406641889927016,-0.006123732211960942,0.0864637553691864,2.4665542739548982
11828,red,powerlaw,3,5,1.443212866783142,1.4508473051836142,0.007634438400472066,0.12427593469619751,2.4665542739548982
9580,blue,constant,1,5,1.4295756816864014,2.3607492446899414,0.93117356300354,0.7943134784698487,18.724364960120965
9580,blue,constant,2,5,1.5617265701293945,2.3607492446899414,0.7990226745605469,1.015268039703369,18.724364960120965
9580,blue,constant,3,6,-0.0997680053114891,2.3607492446899414,2.4605172500014305,1.5094475746154785,18.724364960120965
9580,blue,powerlaw,1,5,1.4295756816864014,2.2828349679582565,0.8532592862718551,0.7943134784698487,18.724364960120965
9580,blue,powerlaw,2,5,1.5617265701293945,2.4510745670348593,0.8893479969054647,1.015268039703369,18.724364960120965
9580,blue,powerlaw,3,6,-0.0997680053114891,2.656716253856389,2.756484259167878,1.5094475746154785,18.724364960120965
9580,red,constant,1,5,1.2749189138412476,1.0279278755187988,-0.24699103832244873,0.16842520236968994,18.72436496012051
9580,red,constant,2,5,1.4958947896957397,1.0279278755187988,-0.4679669141769409,0.17176884412765503,18.72436496012051
9580,red,constant,3,6,0.9473166465759277,1.0279278755187988,0.0806112289428711,0.17652503649393717,18.72436496012051
9580,red,powerlaw,1,5,1.2749189138412476,0.8247951292272317,-0.4501237846140158,0.16842520236968994,18.72436496012051
9580,red,powerlaw,2,5,1.4958947896957397,0.8121419417526043,-0.6837528479431354,0.17176884412765503,18.72436496012051
9580,red,powerlaw,3,6,0.9473166465759277,0.798599326615366,-0.1487173199605617,0.17652503649393717,18.72436496012051
5416,blue,constant,1,5,1.981445550918579,1.4776238203048706,-0.5038217306137085,0.33288619518280027,18.21129628432891
5416,blue,constant,2,5,2.9304282665252686,1.4776238203048706,-1.452804446220398,0.45165214538574217,18.21129628432891
5416,blue,constant,3,6,2.0754175186157227,1.4776238203048706,-0.597793698310852,0.7726688385009766,18.21129628432891
5416,blue,powerlaw,1,5,1.981445550918579,1.6570854748314363,-0.3243600760871428,0.33288619518280027,18.21129628432891
5416,blue,powerlaw,2,5,2.9304282665252686,1.7558114022387366,-1.174616864286532,0.45165214538574217,18.21129628432891
5416,blue,powerlaw,3,6,2.0754175186157227,1.8747625835795463,-0.20065493503617637,0.7726688385009766,18.21129628432891
5416,red,constant,1,5,0.9594388008117676,1.056931734085083,0.09749293327331543,0.07853947877883911,18.211296284329364
5416,red,constant,2,5,1.0963313579559326,1.056931734085083,-0.03939962387084961,0.08542962670326233,18.211296284329364
5416,red,constant,3,6,0.660800576210022,1.0569316148757935,0.3961310386657715,0.08845019340515137,18.211296284329364
5416,red,powerlaw,1,5,0.9594388008117676,1.0167936634459618,0.057354862634194204,0.07853947877883911,18.211296284329364
5416,red,powerlaw,2,5,1.0963313579559326,1.024664220459799,-0.07166713749613352,0.08542962670326233,18.211296284329364
5416,red,powerlaw,3,6,0.660800576210022,1.0332977115427993,0.3724971353327773,0.08845019340515137,18.211296284329364
4588,blue,constant,1,5,2.80682635307312,2.578077554702759,-0.22874879837036133,0.9111433982849121,13.781428245866664
4588,blue,constant,2,4,2.143484592437744,2.578077554702759,0.43459296226501465,1.6590802669525146,13.781428245866664
4588,blue,constant,3,5,-0.028348302468657494,2.578077554702759,2.6064258571714163,2.4915958404541017,13.781428245866664
4588,blue,powerlaw,1,5,2.80682635307312,2.3441223062114824,-0.4627040468616377,0.9111433982849121,13.781428245866664
4588,blue,powerlaw,2,4,2.143484592437744,2.4984322349137935,0.3549476424760494,1.6590802669525146,13.781428245866664
4588,blue,powerlaw,3,5,-0.028348302468657494,2.668123448380685,2.6964717508493425,2.4915958404541017,13.781428245866664
4588,red,constant,1,5,1.3787962198257446,0.9920698404312134,-0.38672637939453125,0.21347460746765137,13.781428245865754
4588,red,constant,2,4,0.6245067119598389,0.9920698404312134,0.3675631284713745,0.25916045904159546,13.781428245865754
4588,red,constant,3,5,1.068926215171814,0.9920698404312134,-0.07685637474060059,0.2530387878417969,13.781428245865754
4588,red,powerlaw,1,5,1.3787962198257446,1.1879484114087173,-0.1908478084170273,0.21347460746765137,13.781428245865754
4588,red,powerlaw,2,4,0.6245067119598389,1.1964898409865676,0.5719831290267288,0.25916045904159546,13.781428245865754
4588,red,powerlaw,3,5,1.068926215171814,1.2050020687801735,0.1360758536083595,0.2530387878417969,13.781428245865754
12012,blue,constant,1,5,2.9551918506622314,3.4295754432678223,0.4743835926055908,0.46366143226623535,20.76111585612125
12012,blue,constant,2,4,1.9035292863845825,3.429575204849243,1.5260459184646606,0.6508345007896423,20.76111585612125
12012,blue,constant,3,5,2.0135529041290283,3.4295754432678223,1.416022539138794,1.0200032234191894,20.76111585612125
12012,blue,powerlaw,1,5,2.9551918506622314,3.5081718858338897,0.5529800351716583,0.46366143226623535,20.76111585612125
12012,blue,powerlaw,2,4,1.9035292863845825,3.7725646205847223,1.8690353342001398,0.6508345007896423,20.76111585612125
12012,blue,powerlaw,3,5,2.0135529041290283,4.066264759330926,2.0527118552018973,1.0200032234191894,20.76111585612125
12012,red,constant,1,5,0.9113447070121765,0.9901369214057922,0.07879221439361572,0.10380624532699585,20.76111585612125
12012,red,constant,2,4,0.8231691718101501,0.9901369214057922,0.1669677495956421,0.11240602284669876,20.76111585612125
12012,red,constant,3,5,1.0514068603515625,0.9901369214057922,-0.061269938945770264,0.13230158090591432,20.76111585612125
12012,red,powerlaw,1,5,0.9113447070121765,0.9980670480182606,0.08672234100608411,0.10380624532699585,20.76111585612125
12012,red,powerlaw,2,4,0.8231691718101501,1.0002873709821152,0.17711819917196503,0.11240602284669876,20.76111585612125
12012,red,powerlaw,3,5,1.0514068603515625,1.00248834212455,-0.04891851822701243,0.13230158090591432,20.76111585612125
10170,blue,constant,1,5,5.738665580749512,5.049657344818115,-0.6890082359313965,1.6888904571533203,14.674031351145914
10170,blue,constant,2,4,9.435445785522461,5.049657344818115,-4.385788440704346,2.5878212451934814,14.674031351145914
10170,blue,constant,3,5,8.232333183288574,5.049657344818115,-3.182675838470459,5.3329002380371096,14.674031351145914
10170,blue,powerlaw,1,5,5.738665580749512,6.9247842088838,1.1861186281342881,1.6888904571533203,14.674031351145914
10170,blue,powerlaw,2,4,9.435445785522461,7.579992556662533,-1.8554532288599281,2.5878212451934814,14.674031351145914
10170,blue,powerlaw,3,5,8.232333183288574,8.321195201185528,0.08886201789695392,5.3329002380371096,14.674031351145914
10170,red,constant,1,5,0.44892948865890503,0.696599006652832,0.247669517993927,0.4210516929626465,14.674031351145459
10170,red,constant,2,4,1.3594833612442017,0.696599006652832,-0.6628843545913696,0.48569467663764954,14.674031351145459
10170,red,constant,3,5,1.288550615310669,0.696599006652832,-0.5919516086578369,0.5156599998474121,14.674031351145459
10170,red,powerlaw,1,5,0.44892948865890503,0.9616218528143554,0.5126923641554504,0.4210516929626465,14.674031351145459
10170,red,powerlaw,2,4,1.3594833612442017,0.9311508596818495,-0.42833250156235214,0.48569467663764954,14.674031351145459
10170,red,powerlaw,3,5,1.288550615310669,0.9019925480587012,-0.38655806725196773,0.5156599998474121,14.674031351145459
5726,blue,constant,1,4,1.3620060682296753,1.41196870803833,0.049962639808654785,0.8379523158073425,3.501948103795712
5726,blue,constant,2,4,1.3738899230957031,1.41196870803833,0.03807878494262695,1.1114081144332886,3.501948103795712
5726,blue,constant,3,5,-0.8144753575325012,1.41196870803833,2.2264440655708313,1.9849430084228517,3.501948103795712
5726,blue,powerlaw,1,4,1.3620060682296753,1.9111387112917755,0.5491326430621002,0.8379523158073425,3.501948103795712
5726,blue,powerlaw,2,4,1.3738899230957031,2.0412920079700894,0.6674020848743862,1.1114081144332886,3.501948103795712
5726,blue,powerlaw,3,5,-0.8144753575325012,2.203057733418467,3.0175330909509683,1.9849430084228517,3.501948103795712
5726,red,constant,1,4,1.1884175539016724,1.3319684267044067,0.14355087280273438,0.17757953703403473,3.501948103796167
5726,red,constant,2,4,1.2032560110092163,1.3319684267044067,0.12871241569519043,0.20764178037643433,3.501948103796167
5726,red,constant,3,5,1.1500251293182373,1.3319684267044067,0.18194329738616943,0.24560832977294922,3.501948103796167
5726,red,powerlaw,1,4,1.1884175539016724,1.409190369458908,0.2207728155572357,0.17757953703403473,3.501948103796167
5726,red,powerlaw,2,4,1.2032560110092163,1.5102873510702741,0.3070313400610578,0.20764178037643433,3.501948103796167
5726,red,powerlaw,3,5,1.1500251293182373,1.6315724041841306,0.4815472748658933,0.24560832977294922,3.501948103796167
298,blue,constant,1,5,1.7319612503051758,2.046079158782959,0.3141179084777832,0.813996410369873,14.838015874561734
298,blue,constant,2,4,3.3581104278564453,2.046079158782959,-1.3120312690734863,1.1846195459365845,14.838015874561734
298,blue,constant,3,5,0.9408861994743347,2.046079158782959,1.1051929593086243,1.874946403503418,14.838015874561734
298,blue,powerlaw,1,5,1.7319612503051758,2.857088046431822,1.1251267961266462,0.813996410369873,14.838015874561734
298,blue,powerlaw,2,4,3.3581104278564453,3.140408205820843,-0.2177022220356024,1.1846195459365845,14.838015874561734
298,blue,powerlaw,3,5,0.9408861994743347,3.462319344762297,2.521433145287962,1.874946403503418,14.838015874561734
298,red,constant,1,5,0.8606281280517578,0.846841037273407,-0.01378709077835083,0.17246460914611816,14.838015874562188
298,red,constant,2,4,1.2493512630462646,0.8468410968780518,-0.4025101661682129,0.20187422633171082,14.838015874562188
298,red,constant,3,5,1.1421935558319092,0.846841037273407,-0.2953525185585022,0.21535823345184327,14.838015874562188
298,red,powerlaw,1,5,0.8606281280517578,0.8592148819822022,-0.0014132460695556182,0.17246460914611816,14.838015874562188
298,red,powerlaw,2,4,1.2493512630462646,0.8338729712189888,-0.4154782918272758,0.20187422633171082,14.838015874562188
298,red,powerlaw,3,5,1.1421935558319092,0.8095661973342754,-0.3326273584976338,0.21535823345184327,14.838015874562188
3202,blue,constant,1,4,2.113964319229126,3.1776087284088135,1.0636444091796875,1.2237913608551025,1.579692255025293
3202,blue,constant,2,4,1.836666464805603,3.1776087284088135,1.3409422636032104,1.6497622728347778,1.579692255025293
3202,blue,constant,3,5,2.346839666366577,3.1776087284088135,0.8307690620422363,3.2215816497802736,1.579692255025293
3202,blue,powerlaw,1,4,2.113964319229126,3.053229861523959,0.9392655422948328,1.2237913608551025,1.579692255025293
3202,blue,powerlaw,2,4,1.836666464805603,3.066174858376522,1.229508393570919,1.6497622728347778,1.579692255025293
3202,blue,powerlaw,3,5,2.346839666366577,3.0812047593865266,0.7343650930199495,3.2215816497802736,1.579692255025293
3202,red,constant,1,4,0.49584123492240906,1.047690987586975,0.551849752664566,0.19122634828090668,1.579692255025293
3202,red,constant,2,4,0.9674268960952759,1.047690987586975,0.08026409149169922,0.20768553018569946,1.579692255025293
3202,red,constant,3,5,1.1875121593475342,1.047690987586975,-0.13982117176055908,0.19823813438415527,1.579692255025293
3202,red,powerlaw,1,4,0.49584123492240906,1.107023082436814,0.6111818475144049,0.19122634828090668,1.579692255025293
3202,red,powerlaw,2,4,0.9674268960952759,1.118688905839252,0.15126200974397608,0.20768553018569946,1.579692255025293
3202,red,powerlaw,3,5,1.1875121593475342,1.1318247369816734,-0.05568742236586077,0.19823813438415527,1.579692255025293
5932,blue,constant,1,5,3.0522003173828125,1.730249047279358,-1.3219512701034546,0.8728148460388183,15.148750600631502
5932,blue,constant,2,4,1.6266555786132812,1.7302489280700684,0.10359334945678711,1.206377387046814,15.148750600631502
5932,blue,constant,3,5,2.1355972290039062,1.730249047279358,-0.40534818172454834,1.737739372253418,15.148750600631502
5932,blue,powerlaw,1,5,3.0522003173828125,2.3915113921844293,-0.6606889251983832,0.8728148460388183,15.148750600631502
5932,blue,powerlaw,2,4,1.6266555786132812,2.4620301498722954,0.8353745712590142,1.206377387046814,15.148750600631502
5932,blue,powerlaw,3,5,2.1355972290039062,2.5368066705459333,0.4012094415420271,1.737739372253418,15.148750600631502
5932,red,constant,1,5,0.5226224064826965,0.8320568203926086,0.3094344139099121,0.24489705562591552,15.148750600632411
5932,red,constant,2,4,1.5863498449325562,0.8320567607879639,-0.7542930841445923,0.30458834767341614,15.148750600632411
5932,red,constant,3,5,1.2461553812026978,0.8320568203926086,-0.4140985608100891,0.3051570415496826,15.148750600632411
5932,red,powerlaw,1,5,0.5226224064826965,0.9039788496465965,0.38135644316389994,0.24489705562591552,15.148750600632411
5932,red,powerlaw,2,4,1.5863498449325562,0.889320529116993,-0.6970293158155632,0.30458834767341614,15.148750600632411
5932,red,powerlaw,3,5,1.2461553812026978,0.8750630069910634,-0.3710923742116343,0.3051570415496826,15.148750600632411
9384,blue,constant,1,4,2.932352304458618,2.7515957355499268,-0.1807565689086914,1.2964226007461548,2.2468880155674924
9384,blue,constant,2,4,3.7505040168762207,2.7515957355499268,-0.998908281326294,1.7031172513961792,2.2468880155674924
9384,blue,constant,3,5,3.5751163959503174,2.7515957355499268,-0.8235206604003906,2.692787933349609,2.2468880155674924
9384,blue,powerlaw,1,4,2.932352304458618,2.7093865476949195,-0.22296575676369867,1.2964226007461548,2.2468880155674924
9384,blue,powerlaw,2,4,3.7505040168762207,2.937838632863544,-0.8126653840126767,1.7031172513961792,2.2468880155674924
9384,blue,powerlaw,3,5,3.5751163959503174,3.2264902770512753,-0.34862611889904205,2.692787933349609,2.2468880155674924
9384,red,constant,1,4,0.8698134422302246,1.231752872467041,0.3619394302368164,0.23546120524406433,2.246888015568402
9384,red,constant,2,4,0.5170256495475769,1.231752872467041,0.7147272229194641,0.2794432044029236,2.246888015568402
9384,red,constant,3,5,1.7809566259384155,1.231752872467041,-0.5492037534713745,0.32943334579467776,2.246888015568402
9384,red,powerlaw,1,4,0.8698134422302246,1.224471275113296,0.3546578328830714,0.23546120524406433,2.246888015568402
9384,red,powerlaw,2,4,0.5170256495475769,1.2662310801411936,0.7492054305936167,0.2794432044029236,2.246888015568402
9384,red,powerlaw,3,5,1.7809566259384155,1.3144362505971288,-0.46652037534128676,0.32943334579467776,2.246888015568402
12132,blue,constant,1,4,2.309446334838867,1.4420291185379028,-0.8674172163009644,0.44957441091537476,16.243798579534996
12132,blue,constant,2,4,1.3793232440948486,1.4420291185379028,0.0627058744430542,0.6134631633758545,16.243798579534996
12132,blue,constant,3,5,2.565542697906494,1.4420291185379028,-1.1235135793685913,1.0598085403442383,16.243798579534996
12132,blue,powerlaw,1,4,2.309446334838867,2.0862825652458423,-0.22316376959302486,0.44957441091537476,16.243798579534996
12132,blue,powerlaw,2,4,1.3793232440948486,2.193218424850602,0.8138951807557535,0.6134631633758545,16.243798579534996
12132,blue,powerlaw,3,5,2.565542697906494,2.3239591427206334,-0.24158355518586072,1.0598085403442383,16.243798579534996
12132,red,constant,1,4,1.0821263790130615,1.026268482208252,-0.05585789680480957,0.10869075357913971,16.243798579534996
12132,red,constant,2,4,1.1965339183807373,1.026268482208252,-0.17026543617248535,0.12630337476730347,16.243798579534996
12132,red,constant,3,5,1.5634939670562744,1.026268482208252,-0.5372254848480225,0.1610743522644043,16.243798579534996
12132,red,powerlaw,1,4,1.0821263790130615,1.0888733770244834,0.0067469980114218675,0.10869075357913971,16.243798579534996
12132,red,powerlaw,2,4,1.1965339183807373,1.1410030187005247,-0.05553089968021263,0.12630337476730347,16.243798579534996
12132,red,powerlaw,3,5,1.5634939670562744,1.2020123140846595,-0.36148165297161494,0.1610743522644043,16.243798579534996
10777,blue,constant,1,4,7.603476524353027,5.669229030609131,-1.9342474937438965,3.4387128353118896,7.217528813587251
10777,blue,constant,2,4,10.662705421447754,5.669229030609131,-4.993476390838623,4.503828525543213,7.217528813587251
10777,blue,constant,3,5,7.331360816955566,5.669229030609131,-1.6621317863464355,6.56524887084961,7.217528813587251
10777,blue,powerlaw,1,4,7.603476524353027,5.421092144645369,-2.182384379707658,3.4387128353118896,7.217528813587251
10777,blue,powerlaw,2,4,10.662705421447754,5.6460226374361335,-5.01668278401162,4.503828525543213,7.217528813587251
10777,blue,powerlaw,3,5,7.331360816955566,5.917961426506123,-1.4133993904494435,6.56524887084961,7.217528813587251
10777,red,constant,1,4,1.1636759042739868,0.4187370240688324,-0.7449388802051544,0.8815181255340576,7.217528813587705
10777,red,constant,2,4,0.7089924216270447,0.4187370240688324,-0.2902553975582123,0.9998577237129211,7.217528813587705
10777,red,constant,3,5,-0.0031426907517015934,0.4187370240688324,0.421879714820534,1.047783660888672,7.217528813587705
10777,red,powerlaw,1,4,1.1636759042739868,0.9174857795900793,-0.24619012468390755,0.8815181255340576,7.217528813587705
10777,red,powerlaw,2,4,0.7089924216270447,0.9080563273268879,0.19906390569984322,0.9998577237129211,7.217528813587705
10777,red,powerlaw,3,5,-0.0031426907517015934,0.8976758868700682,0.9008185776217698,1.047783660888672,7.217528813587705
9420,blue,constant,1,4,7.330731391906738,2.586446523666382,-4.7442848682403564,5.292065143585205,8.193972121659499
9420,blue,constant,2,4,11.561068534851074,2.586446523666382,-8.974622011184692,7.274858474731445,8.193972121659499
9420,blue,constant,3,4,30.932132720947266,2.586446523666382,-28.345686197280884,15.831785202026367,8.193972121659499
9420,blue,powerlaw,1,4,7.330731391906738,3.843921598203648,-3.4868097937030904,5.292065143585205,8.193972121659499
9420,blue,powerlaw,2,4,11.561068534851074,3.6920446372101017,-7.8690238976409725,7.274858474731445,8.193972121659499
9420,blue,powerlaw,3,4,30.932132720947266,3.5421856148108963,-27.38994710613637,15.831785202026367,8.193972121659499
9420,red,constant,1,4,3.0495448112487793,1.248916745185852,-1.8006280660629272,0.9126693606376648,8.19397212165859
9420,red,constant,2,4,0.450615257024765,1.248916745185852,0.798301488161087,1.0824766159057617,8.19397212165859
9420,red,constant,3,4,1.8630530834197998,1.248916745185852,-0.6141363382339478,1.715149998664856,8.19397212165859
9420,red,powerlaw,1,4,3.0495448112487793,1.3698056127862341,-1.6797391984625452,0.9126693606376648,8.19397212165859
9420,red,powerlaw,2,4,0.450615257024765,1.3721505123142514,0.9215352552894864,1.0824766159057617,8.19397212165859
9420,red,powerlaw,3,4,1.8630530834197998,1.3744746461919033,-0.4885784372278965,1.715149998664856,8.19397212165859
231,blue,constant,1,4,1.4437310695648193,1.9849566221237183,0.5412255525588989,0.6354988217353821,5.2397170195386025
231,blue,constant,2,4,1.673541784286499,1.9849566221237183,0.31141483783721924,0.8171206712722778,5.2397170195386025
231,blue,constant,3,5,2.633145809173584,1.9849565029144287,-0.6481893062591553,1.611894416809082,5.2397170195386025
231,blue,powerlaw,1,4,1.4437310695648193,2.700978477099059,1.2572474075342397,0.6354988217353821,5.2397170195386025
231,blue,powerlaw,2,4,1.673541784286499,2.9038826209048767,1.2303408366183777,0.8171206712722778,5.2397170195386025
231,blue,powerlaw,3,5,2.633145809173584,3.157944606509677,0.5247987973360928,1.611894416809082,5.2397170195386025
231,red,constant,1,4,1.2031117677688599,1.0356431007385254,-0.16746866703033447,0.13932116329669952,5.239717019538148
231,red,constant,2,4,0.9650542736053467,1.0356431007385254,0.07058882713317871,0.14995281398296356,5.239717019538148
231,red,constant,3,5,0.9138456583023071,1.0356431007385254,0.12179744243621826,0.1464046359062195,5.239717019538148
231,red,powerlaw,1,4,1.2031117677688599,1.2059877517381052,0.002875983969245377,0.13932116329669952,5.239717019538148
231,red,powerlaw,2,4,0.9650542736053467,1.248587988236586,0.28353371463123933,0.14995281398296356,5.239717019538148
231,red,powerlaw,3,5,0.9138456583023071,1.2978195153923224,0.3839738570900153,0.1464046359062195,5.239717019538148
117,blue,constant,1,4,4.6667046546936035,4.348398208618164,-0.31830644607543945,1.9799433946609497,7.326671938182244
117,blue,constant,2,4,2.327899932861328,4.348398208618164,2.020498275756836,2.6021440029144287,7.326671938182244
117,blue,constant,3,4,5.903576850891113,4.348398208618164,-1.5551786422729492,3.941279649734497,7.326671938182244
117,blue,powerlaw,1,4,4.6667046546936035,4.801083093717207,0.13437843902360314,1.9799433946609497,7.326671938182244
117,blue,powerlaw,2,4,2.327899932861328,5.361644032615924,3.033744099754596,2.6021440029144287,7.326671938182244
117,blue,powerlaw,3,4,5.903576850891113,6.005999296009575,0.10242244511846188,3.941279649734497,7.326671938182244
117,red,constant,1,4,3.4698500633239746,1.487301230430603,-1.9825488328933716,0.4598304331302643,7.326671938182699
117,red,constant,2,4,-0.33265531063079834,1.487301230430603,1.8199565410614014,0.5018221139907837,7.326671938182699
117,red,constant,3,4,0.7400755286216736,1.487301230430603,0.7472257018089294,0.7919756770133972,7.326671938182699
117,red,powerlaw,1,4,3.4698500633239746,1.363316548336154,-2.1065335149878206,0.4598304331302643,7.326671938182699
117,red,powerlaw,2,4,-0.33265531063079834,1.4188020875653666,1.751457398196165,0.5018221139907837,7.326671938182699
117,red,powerlaw,3,4,0.7400755286216736,1.475926758795626,0.7358512301739524,0.7919756770133972,7.326671938182699
1224,blue,constant,1,4,5.575372695922852,7.651673793792725,2.076301097869873,2.010509729385376,13.229549694372054
1224,blue,constant,2,4,6.943697929382324,7.651673793792725,0.7079758644104004,2.5951309204101562,13.229549694372054
1224,blue,constant,3,5,11.298563003540039,7.651673793792725,-3.6468892097473145,3.3840286254882814,13.229549694372054
1224,blue,powerlaw,1,4,5.575372695922852,8.630961193129966,3.055588497207115,2.010509729385376,13.229549694372054
1224,blue,powerlaw,2,4,6.943697929382324,9.385417929971283,2.4417200005889583,2.5951309204101562,13.229549694372054
1224,blue,powerlaw,3,5,11.298563003540039,10.342555181244501,-0.9560078222955379,3.3840286254882814,13.229549694372054
1224,red,constant,1,4,0.19984716176986694,0.9816905856132507,0.7818434238433838,0.5366405844688416,13.229549694371599
1224,red,constant,2,4,0.9912409782409668,0.9816905856132507,-0.009550392627716064,0.5745161175727844,13.229549694371599
1224,red,constant,3,5,0.23332969844341278,0.9816905856132507,0.748360887169838,0.6271703720092774,13.229549694371599
1224,red,powerlaw,1,4,0.19984716176986694,1.2708291929147693,1.0709820311449023,0.5366405844688416,13.229549694371599
1224,red,powerlaw,2,4,0.9912409782409668,1.3014538619102924,0.31021288366932565,0.5745161175727844,13.229549694371599
1224,red,powerlaw,3,5,0.23332969844341278,1.3364227725287254,1.1030930740853127,0.6271703720092774,13.229549694371599
11549,blue,constant,1,5,6.014572620391846,6.584759712219238,0.5701870918273926,2.1684179306030273,18.04781660666322
11549,blue,constant,2,4,3.3408010005950928,6.58475923538208,3.2439582347869873,3.2441353797912598,18.04781660666322
11549,blue,constant,3,5,3.9883148670196533,6.584759712219238,2.596444845199585,4.700737380981446,18.04781660666322
11549,blue,powerlaw,1,5,6.014572620391846,7.575894168849611,1.561321548457765,2.1684179306030273,18.04781660666322
11549,blue,powerlaw,2,4,3.3408010005950928,8.056851422615448,4.716050422020356,3.2441353797912598,18.04781660666322
11549,blue,powerlaw,3,5,3.9883148670196533,8.584707076268359,4.596392209248705,4.700737380981446,18.04781660666322
11549,red,constant,1,5,0.46184635162353516,0.7021087408065796,0.24026238918304443,0.41257100105285643,18.04781660666231
11549,red,constant,2,4,0.6178820133209229,0.7021087408065796,0.08422672748565674,0.49930644035339355,18.04781660666231
11549,red,constant,3,5,1.4377809762954712,0.7021087408065796,-0.7356722354888916,0.4767928123474121,18.04781660666231
11549,red,powerlaw,1,5,0.46184635162353516,0.6005050223615996,0.13865867073806448,0.41257100105285643,18.04781660666231
11549,red,powerlaw,2,4,0.6178820133209229,0.5678185822620092,-0.05006343105891364,0.49930644035339355,18.04781660666231
11549,red,powerlaw,3,5,1.4377809762954712,0.5373004267777042,-0.900480549517767,0.4767928123474121,18.04781660666231
5000,blue,constant,1,4,3.689387321472168,2.8533692359924316,-0.8360180854797363,0.9579326510429382,16.09981677008045
5000,blue,constant,2,4,3.025400161743164,2.8533692359924316,-0.17203092575073242,1.2588597536087036,16.09981677008045
5000,blue,constant,3,5,2.9707629680633545,2.8533692359924316,-0.11739373207092285,2.112995910644531,16.09981677008045
5000,blue,powerlaw,1,4,3.689387321472168,3.6620499990583117,-0.027337322413856224,0.9579326510429382,16.09981677008045
5000,blue,powerlaw,2,4,3.025400161743164,3.9088042869646658,0.8834041252215017,1.2588597536087036,16.09981677008045
5000,blue,powerlaw,3,5,2.9707629680633545,4.215599977897433,1.2448370098340789,2.112995910644531,16.09981677008045
5000,red,constant,1,4,1.0097383260726929,1.1885651350021362,0.17882680892944336,0.23382431268692017,16.099816770079997
5000,red,constant,2,4,0.6745750308036804,1.1885651350021362,0.5139901041984558,0.25980186462402344,16.099816770079997
5000,red,constant,3,5,0.6116846203804016,1.1885651350021362,0.5768805146217346,0.2909294605255127,16.099816770079997
5000,red,powerlaw,1,4,1.0097383260726929,1.0952551327368343,0.08551680666414141,0.23382431268692017,16.099816770079997
5000,red,powerlaw,2,4,0.6745750308036804,1.1157309805851157,0.44115594978143524,0.25980186462402344,16.099816770079997
5000,red,powerlaw,3,5,0.6116846203804016,1.1389759464859597,0.5272913261055581,0.2909294605255127,16.099816770079997
10089,blue,constant,1,4,4.9149250984191895,4.719003677368164,-0.1959214210510254,1.147953748703003,18.393189285828612
10089,blue,constant,2,4,1.3426709175109863,4.719003677368164,3.3763327598571777,1.5862339735031128,18.393189285828612
10089,blue,constant,3,5,4.56911563873291,4.719003677368164,0.1498880386352539,2.7055593490600587,18.393189285828612
10089,blue,powerlaw,1,4,4.9149250984191895,5.948571596431671,1.033646498012482,1.147953748703003,18.393189285828612
10089,blue,powerlaw,2,4,1.3426709175109863,6.5955822451667405,5.252911327655754,1.5862339735031128,18.393189285828612
10089,blue,powerlaw,3,5,4.56911563873291,7.434569324934799,2.8654536862018887,2.7055593490600587,18.393189285828612
10089,red,constant,1,4,1.0988705158233643,1.3805207014083862,0.281650185585022,0.3324114680290222,18.393189285827248
10089,red,constant,2,4,0.07815908640623093,1.3805207014083862,1.3023616150021553,0.3524853587150574,18.393189285827248
10089,red,constant,3,5,1.144049882888794,1.3805207014083862,0.23647081851959229,0.37580482959747313,18.393189285827248
10089,red,powerlaw,1,4,1.0988705158233643,1.1195947891582028,0.020724273334838506,0.3324114680290222,18.393189285827248
10089,red,powerlaw,2,4,0.07815908640623093,1.144454847458947,1.0662957610527162,0.3524853587150574,18.393189285827248
10089,red,powerlaw,3,5,1.144049882888794,1.172779353313604,0.02872947042481,0.37580482959747313,18.393189285827248
9471,blue,constant,1,4,4.1657209396362305,3.2834551334381104,-0.8822658061981201,1.2657562494277954,1.480699199325045
9471,blue,constant,2,4,2.7618086338043213,3.2834551334381104,0.5216464996337891,1.6518069505691528,1.480699199325045
9471,blue,constant,3,5,-3.540943145751953,3.2834553718566895,6.824398517608643,2.306763458251953,1.480699199325045
9471,blue,powerlaw,1,4,4.1657209396362305,3.8321294879944183,-0.33359145164181214,1.2657562494277954,1.480699199325045
9471,blue,powerlaw,2,4,2.7618086338043213,4.101774598782345,1.339965964978024,1.6518069505691528,1.480699199325045
9471,blue,powerlaw,3,5,-3.540943145751953,4.437579016092265,7.978522161844218,2.306763458251953,1.480699199325045
9471,red,constant,1,4,0.9507566094398499,0.9863893389701843,0.03563272953033447,0.23319502174854279,1.4806991993245902
9471,red,constant,2,4,1.3950433731079102,0.9863893389701843,-0.40865403413772583,0.26486581563949585,1.4806991993245902
9471,red,constant,3,5,0.5302296280860901,0.9863893389701843,0.45615971088409424,0.2898761510848999,1.4806991993245902
9471,red,powerlaw,1,4,0.9507566094398499,1.2586806576051295,0.30792404816527963,0.23319502174854279,1.4806991993245902
9471,red,powerlaw,2,4,1.3950433731079102,1.2997497687757193,-0.0952936043321908,0.26486581563949585,1.4806991993245902
9471,red,powerlaw,3,5,0.5302296280860901,1.347085884621116,0.8168562565350259,0.2898761510848999,1.4806991993245902
9253,blue,constant,1,4,4.156432151794434,2.984886407852173,-1.1715457439422607,1.5159461498260498,0.9483392096990428
9253,blue,constant,2,4,5.014031410217285,2.984886407852173,-2.0291450023651123,1.9517117738723755,0.9483392096990428
9253,blue,constant,3,5,6.281806468963623,2.984886407852173,-3.29692006111145,2.8495515823364257,0.9483392096990428
9253,blue,powerlaw,1,4,4.156432151794434,4.525581583280623,0.3691494314861892,1.5159461498260498,0.9483392096990428
9253,blue,powerlaw,2,4,5.014031410217285,4.71167566191762,-0.3023557482996653,1.9517117738723755,0.9483392096990428
9253,blue,powerlaw,3,5,6.281806468963623,4.9364569531469105,-1.3453495158167126,2.8495515823364257,0.9483392096990428
9253,red,constant,1,4,0.7226765155792236,1.1356521844863892,0.4129756689071655,0.38747504353523254,0.9483392096990428
9253,red,constant,2,4,1.8038084506988525,1.1356521844863892,-0.6681562662124634,0.45849257707595825,0.9483392096990428
9253,red,constant,3,5,0.16805748641490936,1.1356521844863892,0.9675946980714798,0.49193263053894043,0.9483392096990428
9253,red,powerlaw,1,4,0.7226765155792236,1.1964615005591401,0.4737849849799165,0.38747504353523254,0.9483392096990428
9253,red,powerlaw,2,4,1.8038084506988525,1.2079796179675406,-0.5958288327313119,0.45849257707595825,0.9483392096990428
9253,red,powerlaw,3,5,0.16805748641490936,1.2209368542473782,1.0528793678324688,0.49193263053894043,0.9483392096990428
11474,blue,constant,1,4,3.8457908630371094,2.623197317123413,-1.2225935459136963,0.8953467607498169,2.232201125323172
11474,blue,constant,2,4,2.6912803649902344,2.623197317123413,-0.06808304786682129,1.167236328125,2.232201125323172
11474,blue,constant,3,5,4.0962605476379395,2.623197317123413,-1.4730632305145264,2.099346160888672,2.232201125323172
11474,blue,powerlaw,1,4,3.8457908630371094,2.761861889359156,-1.0839289736779532,0.8953467607498169,2.232201125323172
11474,blue,powerlaw,2,4,2.6912803649902344,2.839085931823986,0.14780556683375146,1.167236328125,2.232201125323172
11474,blue,powerlaw,3,5,4.0962605476379395,2.931081653438479,-1.1651788941994603,2.099346160888672,2.232201125323172
11474,red,constant,1,4,1.3439552783966064,0.9471244812011719,-0.39683079719543457,0.22665178775787354,2.232201125323627
11474,red,constant,2,4,0.5738083124160767,0.9471244812011719,0.3733161687850952,0.24776655435562134,2.232201125323627
11474,red,constant,3,5,1.5508390665054321,0.9471244812011719,-0.6037145853042603,0.3553602695465088,2.232201125323627
11474,red,powerlaw,1,4,1.3439552783966064,1.3579399133191432,0.013984634922536765,0.22665178775787354,2.232201125323627
11474,red,powerlaw,2,4,0.5738083124160767,1.3941360779875067,0.8203277655714301,0.24776655435562134,2.232201125323627
11474,red,powerlaw,3,5,1.5508390665054321,1.4355944157371563,-0.11524465076827584,0.3553602695465088,2.232201125323627
9008,blue,constant,1,4,1.3629155158996582,1.7076624631881714,0.3447469472885132,1.177364706993103,19.168579912068253
9008,blue,constant,2,4,1.3529069423675537,1.7076624631881714,0.3547555208206177,1.6314598321914673,19.168579912068253
9008,blue,constant,3,5,1.995155692100525,1.7076623439788818,-0.28749334812164307,2.610416221618652,19.168579912068253
9008,blue,powerlaw,1,4,1.3629155158996582,1.8220457044247544,0.45913018852509624,1.177364706993103,19.168579912068253
9008,blue,powerlaw,2,4,1.3529069423675537,1.8871336070544855,0.5342266646869318,1.6314598321914673,19.168579912068253
9008,blue,powerlaw,3,5,1.995155692100525,1.9654293522063717,-0.029726339894153186,2.610416221618652,19.168579912068253
9008,red,constant,1,4,1.2132742404937744,1.1475002765655518,-0.06577396392822266,0.27939534187316895,19.1685799120678
9008,red,constant,2,4,0.9687609672546387,1.1475002765655518,0.17873930931091309,0.305574893951416,19.1685799120678
9008,red,constant,3,5,0.4837201237678528,1.1475002765655518,0.663780152797699,0.32008042335510256,19.1685799120678
9008,red,powerlaw,1,4,1.2132742404937744,0.9731893188260629,-0.24008492166771156,0.27939534187316895,19.1685799120678
9008,red,powerlaw,2,4,0.9687609672546387,0.9666051182628013,-0.0021558489918374057,0.305574893951416,19.1685799120678
9008,red,powerlaw,3,5,0.4837201237678528,0.9593322999713051,0.4756121762034523,0.32008042335510256,19.1685799120678
2043,blue,constant,1,4,6.093253135681152,4.639021396636963,-1.4542317390441895,0.9732531309127808,1.6922612767912142
2043,blue,constant,2,4,4.556580066680908,4.639021396636963,0.08244132995605469,1.2974460124969482,1.6922612767912142
2043,blue,constant,3,4,4.068284034729004,4.639021396636963,0.570737361907959,2.8419554233551025,1.6922612767912142
2043,blue,powerlaw,1,4,6.093253135681152,4.403239344745171,-1.6900137909359811,0.9732531309127808,1.6922612767912142
2043,blue,powerlaw,2,4,4.556580066680908,4.528775174154401,-0.02780489252650753,1.2974460124969482,1.6922612767912142
2043,blue,powerlaw,3,4,4.068284034729004,4.6614677751461455,0.5931837404171416,2.8419554233551025,1.6922612767912142
2043,red,constant,1,4,0.4630637764930725,0.873657763004303,0.41059398651123047,0.2568759620189667,1.6922612767903047
2043,red,constant,2,4,1.4755759239196777,0.873657763004303,-0.6019181609153748,0.3200618624687195,1.6922612767903047
2043,red,constant,3,4,0.0770101249217987,0.873657763004303,0.7966476380825043,0.44709768891334534,1.6922612767903047
2043,red,powerlaw,1,4,0.4630637764930725,0.9003529113250188,0.4372891348319463,0.2568759620189667,1.6922612767903047
2043,red,powerlaw,2,4,1.4755759239196777,0.8786947416353923,-0.5968811822842854,0.3200618624687195,1.6922612767903047
2043,red,powerlaw,3,4,0.0770101249217987,0.8577731511505681,0.7807630262287694,0.44709768891334534,1.6922612767903047
9782,blue,constant,1,4,1.3250105381011963,1.5367865562438965,0.2117760181427002,0.72596675157547,13.87979234537488
9782,blue,constant,2,4,2.3527817726135254,1.5367865562438965,-0.8159952163696289,0.9641146659851074,13.87979234537488
9782,blue,constant,3,5,3.163423538208008,1.5367865562438965,-1.6266369819641113,1.8939987182617188,13.87979234537488
9782,blue,powerlaw,1,4,1.3250105381011963,1.7850932349272717,0.4600826968260754,0.72596675157547,13.87979234537488
9782,blue,powerlaw,2,4,2.3527817726135254,1.8655739940185512,-0.4872077785949742,0.9641146659851074,13.87979234537488
9782,blue,powerlaw,3,5,3.163423538208008,1.9633151484796136,-1.2001083897283942,1.8939987182617188,13.87979234537488
9782,red,constant,1,4,1.0540733337402344,1.149780511856079,0.09570717811584473,0.20324258506298065,13.87979234537488
9782,red,constant,2,4,1.1031386852264404,1.149780511856079,0.04664182662963867,0.23128214478492737,13.87979234537488
9782,red,constant,3,5,1.130422830581665,1.149780511856079,0.019357681274414062,0.2597184419631958,13.87979234537488
9782,red,powerlaw,1,4,1.0540733337402344,0.9312668780507164,-0.12280645568951798,0.20324258506298065,13.87979234537488
9782,red,powerlaw,2,4,1.1031386852264404,0.9473322659815697,-0.1558064192448707,0.23128214478492737,13.87979234537488
9782,red,powerlaw,3,5,1.130422830581665,0.9655439541508917,-0.16487887643077337,0.2597184419631958,13.87979234537488
53,blue,constant,1,5,1.3556512594223022,1.9678665399551392,0.6122152805328369,0.5842820644378662,15.428281221080397
53,blue,constant,2,4,1.8485820293426514,1.9678665399551392,0.11928451061248779,0.8883872032165527,15.428281221080397
53,blue,constant,3,5,1.482164978981018,1.9678665399551392,0.4857015609741211,1.3707512855529784,15.428281221080397
53,blue,powerlaw,1,5,1.3556512594223022,2.1449587257172764,0.7893074662949742,0.5842820644378662,15.428281221080397
53,blue,powerlaw,2,4,1.8485820293426514,2.3404113161831734,0.4918292868405221,0.8883872032165527,15.428281221080397
53,blue,powerlaw,3,5,1.482164978981018,2.5607708932956785,1.0786059143146605,1.3707512855529784,15.428281221080397
53,red,constant,1,5,1.1261509656906128,1.0506840944290161,-0.07546687126159668,0.11755870580673218,15.428281221080397
53,red,constant,2,4,1.3594523668289185,1.0506840944290161,-0.30876827239990234,0.1322517693042755,15.428281221080397
53,red,constant,3,5,1.343580961227417,1.0506840944290161,-0.2928968667984009,0.1392688512802124,15.428281221080397
53,red,powerlaw,1,5,1.1261509656906128,1.1455725448854541,0.019421579194841332,0.11755870580673218,15.428281221080397
53,red,powerlaw,2,4,1.3594523668289185,1.1661238733987884,-0.19332849343013003,0.1322517693042755,15.428281221080397
53,red,powerlaw,3,5,1.343580961227417,1.186829500017082,-0.1567514612103349,0.1392688512802124,15.428281221080397
7097,blue,constant,1,4,2.803744316101074,3.013298273086548,0.20955395698547363,0.4647239148616791,1.502458989538809
7097,blue,constant,2,4,3.9808993339538574,3.013298273086548,-0.9676010608673096,0.6425020694732666,1.502458989538809
7097,blue,constant,3,4,4.239527225494385,3.013298273086548,-1.226228952407837,1.099294662475586,1.502458989538809
7097,blue,powerlaw,1,4,2.803744316101074,3.55051359078876,0.746769274687686,0.4647239148616791,1.502458989538809
7097,blue,powerlaw,2,4,3.9808993339538574,3.7274548207935667,-0.2534445131602907,0.6425020694732666,1.502458989538809
7097,blue,powerlaw,3,4,4.239527225494385,3.918380708175431,-0.3211465173189536,1.099294662475586,1.502458989538809
7097,red,constant,1,4,1.370465874671936,0.938158392906189,-0.43230748176574707,0.10932385176420212,1.5024589895383542
7097,red,constant,2,4,1.3290096521377563,0.938158392906189,-0.3908512592315674,0.11809086799621582,1.5024589895383542
7097,red,constant,3,4,0.975212812423706,0.938158392906189,-0.03705441951751709,0.1423172801733017,1.5024589895383542
7097,red,powerlaw,1,4,1.370465874671936,0.8274999536133264,-0.5429659210586096,0.10932385176420212,1.5024589895383542
7097,red,powerlaw,2,4,1.3290096521377563,0.8024969814031144,-0.5265126707346419,0.11809086799621582,1.5024589895383542
7097,red,powerlaw,3,4,0.975212812423706,0.7784960123382838,-0.19671680008542225,0.1423172801733017,1.5024589895383542
7205,blue,constant,1,5,3.2041077613830566,2.302335500717163,-0.9017722606658936,0.46715474128723145,21.601380859772235
7205,blue,constant,2,4,1.9946775436401367,2.302335500717163,0.30765795707702637,0.7057725787162781,21.601380859772235
7205,blue,constant,3,5,5.197314262390137,2.302335500717163,-2.8949787616729736,1.1368623733520509,21.601380859772235
7205,blue,powerlaw,1,5,3.2041077613830566,2.2964497645242092,-0.9076579968588474,0.46715474128723145,21.601380859772235
7205,blue,powerlaw,2,4,1.9946775436401367,2.3137604575219965,0.31908291388185983,0.7057725787162781,21.601380859772235
7205,blue,powerlaw,3,5,5.197314262390137,2.331713848307337,-2.8656004140827998,1.1368623733520509,21.601380859772235
7205,red,constant,1,5,1.228782296180725,1.1687637567520142,-0.06001853942871094,0.13710684776306153,21.60138085977269
7205,red,constant,2,4,0.9841138124465942,1.1687637567520142,0.18464994430541992,0.15537947416305542,21.60138085977269
7205,red,constant,3,5,0.9243999719619751,1.1687637567520142,0.24436378479003906,0.20600342750549316,21.60138085977269
7205,red,powerlaw,1,5,1.228782296180725,1.3051231325936985,0.0763408364129734,0.13710684776306153,21.60138085977269
7205,red,powerlaw,2,4,0.9841138124465942,1.3590236315325084,0.37490981908591414,0.15537947416305542,21.60138085977269
7205,red,powerlaw,3,5,0.9243999719619751,1.4146042819751652,0.4902043100131901,0.20600342750549316,21.60138085977269
1333,blue,constant,1,4,2.586604595184326,2.475076913833618,-0.11152768135070801,0.7934584617614746,11.770266615393211
1333,blue,constant,2,4,0.057404547929763794,2.475076913833618,2.4176723659038544,1.0875557661056519,11.770266615393211
1333,blue,constant,3,5,3.8904128074645996,2.475076913833618,-1.4153358936309814,2.1173608779907225,11.770266615393211
1333,blue,powerlaw,1,4,2.586604595184326,1.927250371095825,-0.6593542240885011,0.7934584617614746,11.770266615393211
1333,blue,powerlaw,2,4,0.057404547929763794,1.9849776347661234,1.9275730868363596,1.0875557661056519,11.770266615393211
1333,blue,powerlaw,3,5,3.8904128074645996,2.053954506173643,-1.8364583012909566,2.1173608779907225,11.770266615393211
1333,red,constant,1,4,1.142714262008667,1.2925429344177246,0.14982867240905762,0.1906062811613083,11.770266615392757
1333,red,constant,2,4,0.8446787595748901,1.2925429344177246,0.4478641748428345,0.20555177330970764,11.770266615392757
1333,red,constant,3,5,0.8741145133972168,1.2925429344177246,0.4184284210205078,0.2875578165054321,11.770266615392757
1333,red,powerlaw,1,4,1.142714262008667,1.1164296031643381,-0.026284658844328845,0.1906062811613083,11.770266615392757
1333,red,powerlaw,2,4,0.8446787595748901,1.1442397314026977,0.2995609718278076,0.20555177330970764,11.770266615392757
1333,red,powerlaw,3,5,0.8741145133972168,1.1760236997624325,0.3019091863652157,0.2875578165054321,11.770266615392757
12473,blue,constant,1,4,-0.14594602584838867,2.716907262802124,2.8628532886505127,1.4174950122833252,5.710990396134093
12473,blue,constant,2,4,5.834234237670898,2.716907262802124,-3.1173269748687744,2.2254209518432617,5.710990396134093
12473,blue,constant,3,4,1.902025818824768,2.716907262802124,0.814881443977356,3.411600351333618,5.710990396134093
12473,blue,powerlaw,1,4,-0.14594602584838867,3.2221930573092115,3.3681390831576,1.4174950122833252,5.710990396134093
12473,blue,powerlaw,2,4,5.834234237670898,3.3289679558362635,-2.505266281834635,2.2254209518432617,5.710990396134093
12473,blue,powerlaw,3,4,1.902025818824768,3.442366017958582,1.540340199133814,3.411600351333618,5.710990396134093
12473,red,constant,1,4,0.8888263702392578,1.1955994367599487,0.3067730665206909,0.25634193420410156,5.710990396133639
12473,red,constant,2,4,0.737808346748352,1.1955994367599487,0.4577910900115967,0.3106882870197296,5.710990396133639
12473,red,constant,3,4,0.7048071622848511,1.1955994367599487,0.49079227447509766,0.4886900782585144,5.710990396133639
12473,red,powerlaw,1,4,0.8888263702392578,0.8786971790846134,-0.01012919115464439,0.25634193420410156,5.710990396133639
12473,red,powerlaw,2,4,0.737808346748352,0.8545049432107057,0.11669659646235364,0.3106882870197296,5.710990396133639
12473,red,powerlaw,3,4,0.7048071622848511,0.8312214285953085,0.12641426631045738,0.4886900782585144,5.710990396133639
1765,blue,constant,1,4,2.7416141033172607,2.2343320846557617,-0.507282018661499,0.3329552710056305,11.75231456560823
1765,blue,constant,2,4,3.2094473838806152,2.2343320846557617,-0.9751152992248535,0.45645856857299805,11.75231456560823
1765,blue,constant,3,4,2.6052567958831787,2.2343320846557617,-0.370924711227417,0.8086212873458862,11.75231456560823
1765,blue,powerlaw,1,4,2.7416141033172607,2.605297727082894,-0.13631637623436665,0.3329552710056305,11.75231456560823
1765,blue,powerlaw,2,4,3.2094473838806152,2.67866436931481,-0.5307830145658055,0.45645856857299805,11.75231456560823
1765,blue,powerlaw,3,4,2.6052567958831787,2.7562456458370823,0.1509888499539036,0.8086212873458862,11.75231456560823
1765,red,constant,1,4,0.915481686592102,0.9064353704452515,-0.009046316146850586,0.0853884369134903,11.752314565606866
1765,red,constant,2,4,2.3692734241485596,0.9064353704452515,-1.462838053703308,0.0909191220998764,11.752314565606866
1765,red,constant,3,4,0.8822858333587646,0.9064353704452515,0.024149537086486816,0.09959918260574341,11.752314565606866
1765,red,powerlaw,1,4,0.915481686592102,0.8264231911633801,-0.0890584954287219,0.0853884369134903,11.752314565606866
1765,red,powerlaw,2,4,2.3692734241485596,0.8145542703580189,-1.5547191537905407,0.0909191220998764,11.752314565606866
1765,red,powerlaw,3,4,0.8822858333587646,0.802979874335673,-0.07930595902309168,0.09959918260574341,11.752314565606866
7554,blue,constant,1,4,2.5333828926086426,2.2524523735046387,-0.2809305191040039,0.5914032459259033,15.682829878096982
7554,blue,constant,2,4,2.065152883529663,2.2524523735046387,0.18729948997497559,0.7512100338935852,15.682829878096982
7554,blue,constant,3,5,4.295479774475098,2.2524523735046387,-2.043027400970459,1.3192570686340332,15.682829878096982
7554,blue,powerlaw,1,4,2.5333828926086426,2.42335928715696,-0.11002360545168255,0.5914032459259033,15.682829878096982
7554,blue,powerlaw,2,4,2.065152883529663,2.518249949123145,0.45309706559348184,0.7512100338935852,15.682829878096982
7554,blue,powerlaw,3,5,4.295479774475098,2.6327920241184897,-1.662687750356608,1.3192570686340332,15.682829878096982
7554,red,constant,1,4,1.0240648984909058,1.0255411863327026,0.001476287841796875,0.12730862200260162,15.682829878098346
7554,red,constant,2,4,1.238227367401123,1.0255411863327026,-0.2126861810684204,0.14332373440265656,15.682829878098346
7554,red,constant,3,5,1.2105251550674438,1.0255411863327026,-0.1849839687347412,0.19909037351608277,15.682829878098346
7554,red,powerlaw,1,4,1.0240648984909058,1.0103133683485797,-0.013751530142326107,0.12730862200260162,15.682829878098346
7554,red,powerlaw,2,4,1.238227367401123,1.0300527560641366,-0.20817461133698645,0.14332373440265656,15.682829878098346
7554,red,powerlaw,3,5,1.2105251550674438,1.0524822639627573,-0.1580428911046865,0.19909037351608277,15.682829878098346
12670,blue,constant,1,4,1.6298984289169312,2.187859535217285,0.557961106300354,0.7606587409973145,15.976330825774767
12670,blue,constant,2,4,-0.23037809133529663,2.187859535217285,2.418237626552582,1.006856918334961,15.976330825774767
12670,blue,constant,3,5,4.115319728851318,2.187859535217285,-1.9274601936340332,1.871261978149414,15.976330825774767
12670,blue,powerlaw,1,4,1.6298984289169312,2.626932993744441,0.9970345648275099,0.7606587409973145,15.976330825774767
12670,blue,powerlaw,2,4,-0.23037809133529663,2.793913402388849,3.024291493724146,1.006856918334961,15.976330825774767
12670,blue,powerlaw,3,5,4.115319728851318,3.0007047673620604,-1.114614961489258,1.871261978149414,15.976330825774767
12670,red,constant,1,4,1.142829179763794,0.9946088194847107,-0.14822036027908325,0.1854551136493683,15.976330825775221
12670,red,constant,2,4,0.7863137722015381,0.9946088194847107,0.2082950472831726,0.19518673419952393,15.976330825775221
12670,red,constant,3,5,1.0036447048187256,0.9946087598800659,-0.009035944938659668,0.20211715698242189,15.976330825775221
12670,red,powerlaw,1,4,1.142829179763794,1.0634597320357595,-0.07936944772803445,0.1854551136493683,15.976330825775221
12670,red,powerlaw,2,4,0.7863137722015381,1.0726135987313437,0.28629982652980557,0.19518673419952393,15.976330825775221
12670,red,powerlaw,3,5,1.0036447048187256,1.0828945954659412,0.07924989064721566,0.20211715698242189,15.976330825775221
6126,blue,constant,1,5,1.605346918106079,2.002739191055298,0.39739227294921875,0.44853954315185546,18.250685659482315
6126,blue,constant,2,4,0.38511839509010315,2.002739191055298,1.6176207959651947,0.6502747535705566,18.250685659482315
6126,blue,constant,3,5,0.30762532353401184,2.002739191055298,1.695113867521286,0.846320915222168,18.250685659482315
6126,blue,powerlaw,1,5,1.605346918106079,2.819223403255035,1.213876485148956,0.44853954315185546,18.250685659482315
6126,blue,powerlaw,2,4,0.38511839509010315,2.954571925345103,2.5694535302549997,0.6502747535705566,18.250685659482315
6126,blue,powerlaw,3,5,0.30762532353401184,3.1008398490987283,2.7932145255647165,0.846320915222168,18.250685659482315
6126,red,constant,1,5,1.1054222583770752,1.0970577001571655,-0.008364558219909668,0.07338408827781677,18.25068565948095
6126,red,constant,2,4,1.0794709920883179,1.0970577001571655,0.017586708068847656,0.0826360359787941,18.25068565948095
6126,red,constant,3,5,0.8726941347122192,1.0970577001571655,0.2243635654449463,0.08577523827552795,18.25068565948095
6126,red,powerlaw,1,5,1.1054222583770752,1.2618506287142637,0.15642837033718848,0.07338408827781677,18.25068565948095
6126,red,powerlaw,2,4,1.0794709920883179,1.3111911286827658,0.2317201365944479,0.0826360359787941,18.25068565948095
6126,red,powerlaw,3,5,0.8726941347122192,1.361964141827684,0.48927000711546476,0.08577523827552795,18.25068565948095
11784,blue,constant,1,4,1.6202044486999512,2.879390001296997,1.259185552597046,0.9797705411911011,8.289680654647782
11784,blue,constant,2,5,4.208512306213379,2.879390001296997,-1.3291223049163818,1.330392837524414,8.289680654647782
11784,blue,constant,3,5,-1.2186564207077026,2.879390001296997,4.0980464220047,2.009912872314453,8.289680654647782
11784,blue,powerlaw,1,4,1.6202044486999512,3.074059470480341,1.4538550217803898,0.9797705411911011,8.289680654647782
11784,blue,powerlaw,2,5,4.208512306213379,3.418901500525725,-0.7896108056876541,1.330392837524414,8.289680654647782
11784,blue,powerlaw,3,5,-1.2186564207077026,3.8593508964177743,5.078007317125477,2.009912872314453,8.289680654647782
11784,red,constant,1,4,1.1640644073486328,0.8951490521430969,-0.2689153552055359,0.23761434853076935,8.289680654646872
11784,red,constant,2,5,0.9679218530654907,0.8951490521430969,-0.0727728009223938,0.22471463680267334,8.289680654646872
11784,red,constant,3,5,0.7381088137626648,0.8951490521430969,0.15704023838043213,0.2739502191543579,8.289680654646872
11784,red,powerlaw,1,4,1.1640644073486328,0.9914305886445032,-0.17263381870412964,0.23761434853076935,8.289680654646872
11784,red,powerlaw,2,5,0.9679218530654907,0.9864899791012082,0.018568126035717447,0.22471463680267334,8.289680654646872
11784,red,powerlaw,3,5,0.7381088137626648,0.9810863220206423,0.24297750825797748,0.2739502191543579,8.289680654646872
1107,blue,constant,1,4,1.0223135948181152,5.374823093414307,4.352509498596191,1.7298545837402344,16.38264539995089
1107,blue,constant,2,4,0.5867117643356323,5.374823093414307,4.788111329078674,2.1955809593200684,16.38264539995089
1107,blue,constant,3,5,4.789480686187744,5.374823093414307,0.5853424072265625,3.0670192718505858,16.38264539995089
1107,blue,powerlaw,1,4,1.0223135948181152,5.801114918572278,4.778801323754163,1.7298545837402344,16.38264539995089
1107,blue,powerlaw,2,4,0.5867117643356323,6.208040880580517,5.621329116244885,2.1955809593200684,16.38264539995089
1107,blue,powerlaw,3,5,4.789480686187744,6.7154292776934765,1.9259485915057324,3.0670192718505858,16.38264539995089
1107,red,constant,1,4,1.2555902004241943,0.48383885622024536,-0.771751344203949,0.3896751403808594,16.38264539994998
1107,red,constant,2,4,0.4159582257270813,0.48383885622024536,0.06788063049316406,0.4110385775566101,16.38264539994998
1107,red,constant,3,5,1.5766363143920898,0.48383885622024536,-1.0927974581718445,0.5285099983215332,16.38264539994998
1107,red,powerlaw,1,4,1.2555902004241943,1.0859390537548463,-0.169651146669348,0.3896751403808594,16.38264539994998
1107,red,powerlaw,2,4,0.4159582257270813,1.0758178421761277,0.6598596164490464,0.4110385775566101,16.38264539994998
1107,red,powerlaw,3,5,1.5766363143920898,1.064667811678796,-0.5119685027132939,0.5285099983215332,16.38264539994998
2573,blue,constant,1,4,1.5902612209320068,3.050615072250366,1.4603538513183594,1.7386335134506226,17.919008041052166
2573,blue,constant,2,4,-5.7853899002075195,3.050615072250366,8.836004972457886,2.302093982696533,17.919008041052166
2573,blue,constant,3,5,2.0203683376312256,3.050615072250366,1.0302467346191406,3.3919395446777343,17.919008041052166
2573,blue,powerlaw,1,4,1.5902612209320068,4.077653422406956,2.4873922014749494,1.7386335134506226,17.919008041052166
2573,blue,powerlaw,2,4,-5.7853899002075195,4.541569060644204,10.326958960851723,2.302093982696533,17.919008041052166
2573,blue,powerlaw,3,5,2.0203683376312256,5.146138271005043,3.1257699333738174,3.3919395446777343,17.919008041052166
2573,red,constant,1,4,0.651220977306366,0.8274428844451904,0.17622190713882446,0.39202678203582764,17.91900804105171
2573,red,constant,2,4,0.595690131187439,0.8274428844451904,0.23175275325775146,0.4487277865409851,17.91900804105171
2573,red,constant,3,5,1.2382957935333252,0.8274429440498352,-0.41085284948349,0.599972152709961,17.91900804105171
2573,red,powerlaw,1,4,0.651220977306366,0.6054038861798825,-0.04581709112648347,0.39202678203582764,17.91900804105171
2573,red,powerlaw,2,4,0.595690131187439,0.5865441798914635,-0.009145951295975507,0.4487277865409851,17.91900804105171
2573,red,powerlaw,3,5,1.2382957935333252,0.5662607092452983,-0.6720350842880269,0.599972152709961,17.91900804105171
11167,blue,constant,1,4,2.1063058376312256,1.6225459575653076,-0.48375988006591797,0.8920869827270508,10.855516045817694
11167,blue,constant,2,5,2.4804205894470215,1.6225459575653076,-0.8578746318817139,1.0591156005859375,10.855516045817694
11167,blue,constant,3,5,-0.559988796710968,1.6225459575653076,2.1825347542762756,2.0993003845214844,10.855516045817694
11167,blue,powerlaw,1,4,2.1063058376312256,1.7781169436866477,-0.32818889394457784,0.8920869827270508,10.855516045817694
11167,blue,powerlaw,2,5,2.4804205894470215,1.8505187386995001,-0.6299018507475214,1.0591156005859375,10.855516045817694
11167,blue,powerlaw,3,5,-0.559988796710968,1.936773955652253,2.496762752363221,2.0993003845214844,10.855516045817694
11167,red,constant,1,4,1.1953036785125732,1.0570073127746582,-0.13829636573791504,0.2515684962272644,10.855516045818149
11167,red,constant,2,5,1.1207841634750366,1.0570073127746582,-0.06377685070037842,0.24510111808776855,10.855516045818149
11167,red,constant,3,5,1.15842604637146,1.0570073127746582,-0.10141873359680176,0.2887451410293579,10.855516045818149
11167,red,powerlaw,1,4,1.1953036785125732,1.1555725257167249,-0.03973115279584838,0.2515684962272644,10.855516045818149
11167,red,powerlaw,2,5,1.1207841634750366,1.1879642950310685,0.06718013155603186,0.24510111808776855,10.855516045818149
11167,red,powerlaw,3,5,1.15842604637146,1.2246007648005814,0.06617471842912148,0.2887451410293579,10.855516045818149
3519,blue,constant,1,4,0.08741337060928345,2.470810890197754,2.3833975195884705,1.5691509246826172,4.671830761855745
3519,blue,constant,2,4,6.621919631958008,2.470810890197754,-4.151108741760254,1.9945809841156006,4.671830761855745
3519,blue,constant,3,5,2.4306812286376953,2.470810890197754,0.040129661560058594,2.6684566497802735,4.671830761855745
3519,blue,powerlaw,1,4,0.08741337060928345,2.3424911927961616,2.255077822186878,1.5691509246826172,4.671830761855745
3519,blue,powerlaw,2,4,6.621919631958008,2.4566676588570213,-4.165251973100986,1.9945809841156006,4.671830761855745
3519,blue,powerlaw,3,5,2.4306812286376953,2.5957412550134253,0.16506002637573003,2.6684566497802735,4.671830761855745
3519,red,constant,1,4,1.413321614265442,0.9443714022636414,-0.46895021200180054,0.2544151544570923,4.671830761855745
3519,red,constant,2,4,1.5102605819702148,0.9443714022636414,-0.5658891797065735,0.2645622193813324,4.671830761855745
3519,red,constant,3,5,1.0145186185836792,0.9443714022636414,-0.07014721632003784,0.2871544599533081,4.671830761855745
3519,red,powerlaw,1,4,1.413321614265442,0.9398903108006434,-0.47343130346479845,0.2544151544570923,4.671830761855745
3519,red,powerlaw,2,4,1.5102605819702148,0.9414858421630888,-0.568774739807126,0.2645622193813324,4.671830761855745
3519,red,powerlaw,3,5,1.0145186185836792,0.9432653195054485,-0.07125329907823075,0.2871544599533081,4.671830761855745
9499,blue,constant,1,4,3.9837827682495117,2.504000663757324,-1.4797821044921875,1.1716407537460327,19.27187812579632
9499,blue,constant,2,4,5.405163764953613,2.504000663757324,-2.901163101196289,1.52266526222229,19.27187812579632
9499,blue,constant,3,5,8.5293607711792,2.504000663757324,-6.025360107421875,2.2463747024536134,19.27187812579632
9499,blue,powerlaw,1,4,3.9837827682495117,3.1233170948284257,-0.860465673421086,1.1716407537460327,19.27187812579632
9499,blue,powerlaw,2,4,5.405163764953613,3.358419119079751,-2.0467446458738623,1.52266526222229,19.27187812579632
9499,blue,powerlaw,3,5,8.5293607711792,3.65317166428549,-4.876189106893709,2.2463747024536134,19.27187812579632
9499,red,constant,1,4,1.1460901498794556,1.036302089691162,-0.10978806018829346,0.24817511439323425,19.27187812579723
9499,red,constant,2,4,0.9112977981567383,1.036302089691162,0.12500429153442383,0.26464948058128357,19.27187812579723
9499,red,constant,3,5,0.8678073883056641,1.036302089691162,0.16849470138549805,0.285734224319458,19.27187812579723
9499,red,powerlaw,1,4,1.1460901498794556,0.8898041639018642,-0.25628598597759134,0.24817511439323425,19.27187812579723
9499,red,powerlaw,2,4,0.9112977981567383,0.883910080495713,-0.027387717661025324,0.26464948058128357,19.27187812579723
9499,red,powerlaw,3,5,0.8678073883056641,0.8773985573058736,0.00959116900020951,0.285734224319458,19.27187812579723
546,blue,constant,1,4,1.925318956375122,1.806431531906128,-0.11888742446899414,0.693195641040802,5.3554127659454025
546,blue,constant,2,4,2.8885421752929688,1.806431531906128,-1.0821106433868408,1.0237717628479004,5.3554127659454025
546,blue,constant,3,5,5.452868461608887,1.806431531906128,-3.646436929702759,1.5123435020446778,5.3554127659454025
546,blue,powerlaw,1,4,1.925318956375122,2.3202794942408476,0.3949605378657255,0.693195641040802,5.3554127659454025
546,blue,powerlaw,2,4,2.8885421752929688,2.405778110658944,-0.48276406463402477,1.0237717628479004,5.3554127659454025
546,blue,powerlaw,3,5,5.452868461608887,2.5086193874948237,-2.944249074114063,1.5123435020446778,5.3554127659454025
546,red,constant,1,4,1.1827757358551025,1.255460262298584,0.07268452644348145,0.1903494894504547,5.355412765946312
546,red,constant,2,4,0.9308509826660156,1.255460262298584,0.32460927963256836,0.19427701830863953,5.355412765946312
546,red,constant,3,5,0.23870277404785156,1.255460262298584,1.0167574882507324,0.19795398712158202,5.355412765946312
546,red,powerlaw,1,4,1.1827757358551025,1.1676744819740772,-0.015101253881025345,0.1903494894504547,5.355412765946312
546,red,powerlaw,2,4,0.9308509826660156,1.1912533400486822,0.2604023573826666,0.19427701830863953,5.355412765946312
546,red,powerlaw,3,5,0.23870277404785156,1.2180734293711868,0.9793706553233352,0.19795398712158202,5.355412765946312
6364,blue,constant,1,4,2.9922218322753906,2.002253532409668,-0.9899682998657227,0.7822629809379578,9.601690960741053
6364,blue,constant,2,4,3.522794246673584,2.002253532409668,-1.520540714263916,1.0254594087600708,9.601690960741053
6364,blue,constant,3,5,1.6140663623809814,2.002253532409668,0.3881871700286865,1.8454389572143555,9.601690960741053
6364,blue,powerlaw,1,4,2.9922218322753906,2.2076682754497794,-0.7845535568256112,0.7822629809379578,9.601690960741053
6364,blue,powerlaw,2,4,3.522794246673584,2.318956546711495,-1.2038376999620888,1.0254594087600708,9.601690960741053
6364,blue,powerlaw,3,5,1.6140663623809814,2.4548223641482148,0.8407560017672333,1.8454389572143555,9.601690960741053
6364,red,constant,1,4,1.2536594867706299,1.158478021621704,-0.09518146514892578,0.16028331220149994,9.601690960740598
6364,red,constant,2,4,1.3861976861953735,1.158478021621704,-0.22771966457366943,0.17954017221927643,9.601690960740598
6364,red,constant,3,5,1.437909722328186,1.158478021621704,-0.27943170070648193,0.2528540849685669,9.601690960740598
6364,red,powerlaw,1,4,1.2536594867706299,1.2428773826761834,-0.010782104094446465,0.16028331220149994,9.601690960740598
6364,red,powerlaw,2,4,1.3861976861953735,1.2976712092921157,-0.08852647690325788,0.17954017221927643,9.601690960740598
6364,red,powerlaw,3,5,1.437909722328186,1.3615642300035566,-0.0763454923246294,0.2528540849685669,9.601690960740598
9168,blue,constant,1,4,-0.27663156390190125,2.9801251888275146,3.256756752729416,1.1365479230880737,6.863670730710965
9168,blue,constant,2,4,3.4775588512420654,2.9801251888275146,-0.4974336624145508,1.5697925090789795,6.863670730710965
9168,blue,constant,3,5,1.0624998807907104,2.9801251888275146,1.9176253080368042,2.7030712127685548,6.863670730710965
9168,blue,powerlaw,1,4,-0.27663156390190125,2.4607420226181573,2.7373735865200586,1.1365479230880737,6.863670730710965
9168,blue,powerlaw,2,4,3.4775588512420654,2.6008708648430354,-0.87668798639903,1.5697925090789795,6.863670730710965
9168,blue,powerlaw,3,5,1.0624998807907104,2.7730593945806694,1.710559513789959,2.7030712127685548,6.863670730710965
9168,red,constant,1,4,1.2961329221725464,0.8241702914237976,-0.4719626307487488,0.2457474023103714,6.86367073071051
9168,red,constant,2,4,0.8093260526657104,0.8241702914237976,0.014844238758087158,0.2747997045516968,6.86367073071051
9168,red,constant,3,5,-0.44766849279403687,0.8241702914237976,1.2718387842178345,0.2837209939956665,6.86367073071051
9168,red,powerlaw,1,4,1.2961329221725464,1.1987058503848498,-0.0974270717876966,0.2457474023103714,6.86367073071051
9168,red,powerlaw,2,4,0.8093260526657104,1.2258715728907768,0.4165455202250663,0.2747997045516968,6.86367073071051
9168,red,powerlaw,3,5,-0.44766849279403687,1.2568506118839946,1.7045191046780315,0.2837209939956665,6.86367073071051
8407,blue,constant,1,5,2.4367477893829346,2.977038621902466,0.5402908325195312,0.66537504196167,20.59448869812286
8407,blue,constant,2,4,5.1666131019592285,2.977038621902466,-2.1895744800567627,1.042292833328247,20.59448869812286
8407,blue,constant,3,5,5.479031085968018,2.977038621902466,-2.5019924640655518,1.6451606750488281,20.59448869812286
8407,blue,powerlaw,1,5,2.4367477893829346,2.9243688780601707,0.4876210886772361,0.66537504196167,20.59448869812286
8407,blue,powerlaw,2,4,5.1666131019592285,3.036412556866322,-2.1302005450929067,1.042292833328247,20.59448869812286
8407,blue,powerlaw,3,5,5.479031085968018,3.156336226536207,-2.3226948594318104,1.6451606750488281,20.59448869812286
8407,red,constant,1,5,0.8869578242301941,1.315280795097351,0.428322970867157,0.1899678111076355,20.594488698123314
8407,red,constant,2,4,0.7606634497642517,1.315280795097351,0.5546173453330994,0.2390011101961136,20.594488698123314
8407,red,constant,3,5,0.9365941882133484,1.315280795097351,0.3786866068840027,0.2803014278411865,20.594488698123314
8407,red,powerlaw,1,5,0.8869578242301941,1.147668899750086,0.2607110755198918,0.1899678111076355,20.594488698123314
8407,red,powerlaw,2,4,0.7606634497642517,1.1665088401204955,0.4058453903562438,0.2390011101961136,20.594488698123314
8407,red,powerlaw,3,5,0.9365941882133484,1.1854574616786295,0.24886327346528114,0.2803014278411865,20.594488698123314
12704,blue,constant,1,4,3.702460765838623,2.947613477706909,-0.7548472881317139,1.1639411449432373,12.023691419088209
12704,blue,constant,2,4,3.851294994354248,2.947613477706909,-0.9036815166473389,1.5369776487350464,12.023691419088209
12704,blue,constant,3,5,3.9417693614959717,2.947613477706909,-0.9941558837890625,2.525747299194336,12.023691419088209
12704,blue,powerlaw,1,4,3.702460765838623,3.072358636562716,-0.6301021292759073,1.1639411449432373,12.023691419088209
12704,blue,powerlaw,2,4,3.851294994354248,3.1869163296077776,-0.6643786647464704,1.5369776487350464,12.023691419088209
12704,blue,powerlaw,3,5,3.9417693614959717,3.3248731184084237,-0.616896243087548,2.525747299194336,12.023691419088209
12704,red,constant,1,4,1.1244637966156006,0.8996744155883789,-0.22478938102722168,0.29312458634376526,12.023691419088209
12704,red,constant,2,4,2.01800274848938,0.8996744155883789,-1.118328332901001,0.29990288615226746,12.023691419088209
12704,red,constant,3,5,1.3931796550750732,0.8996744155883789,-0.49350523948669434,0.2951574087142944,12.023691419088209
12704,red,powerlaw,1,4,1.1244637966156006,0.9822860666879176,-0.14217772992768296,0.29312458634376526,12.023691419088209
12704,red,powerlaw,2,4,2.01800274848938,1.0151328708855498,-1.00286987760383,0.29990288615226746,12.023691419088209
12704,red,powerlaw,3,5,1.3931796550750732,1.053009110929081,-0.34017054414599235,0.2951574087142944,12.023691419088209
10057,blue,constant,1,4,1.0145150423049927,1.1094495058059692,0.09493446350097656,0.8387653827667236,3.4222079647192913
10057,blue,constant,2,4,3.764612913131714,1.1094495058059692,-2.6551634073257446,1.2113924026489258,3.4222079647192913
10057,blue,constant,3,5,1.6942436695098877,1.1094495058059692,-0.5847941637039185,2.1008405685424805,3.4222079647192913
10057,blue,powerlaw,1,4,1.0145150423049927,1.1076720865964624,0.09315704429146976,0.8387653827667236,3.4222079647192913
10057,blue,powerlaw,2,4,3.764612913131714,1.1252410742864765,-2.6393718388452374,1.2113924026489258,3.4222079647192913
10057,blue,powerlaw,3,5,1.6942436695098877,1.1458996249153544,-0.5483440445945333,2.1008405685424805,3.4222079647192913
10057,red,constant,1,4,0.7738093733787537,1.096407413482666,0.32259804010391235,0.21285833418369293,3.4222079647188366
10057,red,constant,2,4,0.893827497959137,1.096407413482666,0.20257991552352905,0.2330280840396881,3.4222079647188366
10057,red,constant,3,5,0.28436118364334106,1.096407413482666,0.812046229839325,0.26025559902191164,3.4222079647188366
10057,red,powerlaw,1,4,0.7738093733787537,1.2013344923668396,0.427525118988086,0.21285833418369293,3.4222079647188366
10057,red,powerlaw,2,4,0.893827497959137,1.2215521310410844,0.32772463308194744,0.2330280840396881,3.4222079647188366
10057,red,powerlaw,3,5,0.28436118364334106,1.244469005444665,0.9601078218013239,0.26025559902191164,3.4222079647188366
4105,blue,constant,1,4,0.553241491317749,0.7025554180145264,0.14931392669677734,1.010118842124939,4.680925387379375
4105,blue,constant,2,4,2.0246458053588867,0.7025554180145264,-1.3220903873443604,1.415881633758545,4.680925387379375
4105,blue,constant,3,5,1.8587007522583008,0.7025554180145264,-1.1561453342437744,2.719067192077637,4.680925387379375
4105,blue,powerlaw,1,4,0.553241491317749,0.9684423743057349,0.41520088298798585,1.010118842124939,4.680925387379375
4105,blue,powerlaw,2,4,2.0246458053588867,0.9396071676368122,-1.0850386377220747,1.415881633758545,4.680925387379375
4105,blue,powerlaw,3,5,1.8587007522583008,0.9073668898771488,-0.951333862381152,2.719067192077637,4.680925387379375
4105,red,constant,1,4,1.519624948501587,0.8231160640716553,-0.6965088844299316,0.2480076551437378,4.68092538737983
4105,red,constant,2,4,1.110841989517212,0.8231160640716553,-0.28772592544555664,0.2650735676288605,4.68092538737983
4105,red,constant,3,5,1.691441297531128,0.8231161236763,-0.8683251738548279,0.27531516551971436,4.68092538737983
4105,red,powerlaw,1,4,1.519624948501587,1.358402957727618,-0.16122199077396893,0.2480076551437378,4.68092538737983
4105,red,powerlaw,2,4,1.110841989517212,1.4295945197206117,0.3187525302033998,0.2650735676288605,4.68092538737983
4105,red,powerlaw,3,5,1.691441297531128,1.513335821432272,-0.17810547609885585,0.27531516551971436,4.68092538737983
6888,blue,constant,1,4,2.2161452770233154,1.937182903289795,-0.2789623737335205,0.6052374839782715,19.572880335083937
6888,blue,constant,2,4,1.774835228919983,1.937182903289795,0.162347674369812,0.8136219382286072,19.572880335083937
6888,blue,constant,3,5,1.1938592195510864,1.9371830224990845,0.743323802947998,1.4108514785766602,19.572880335083937
6888,blue,powerlaw,1,4,2.2161452770233154,2.1990641240989546,-0.017081152924360854,0.6052374839782715,19.572880335083937
6888,blue,powerlaw,2,4,1.774835228919983,2.3129305293811995,0.5380953004612166,0.8136219382286072,19.572880335083937
6888,blue,powerlaw,3,5,1.1938592195510864,2.4522474048140808,1.2583881852629943,1.4108514785766602,19.572880335083937
6888,red,constant,1,4,1.155112385749817,1.1005133390426636,-0.05459904670715332,0.1567642241716385,19.572880335084847
6888,red,constant,2,4,0.9730542898178101,1.1005133390426636,0.12745904922485352,0.16306012868881226,19.572880335084847
6888,red,constant,3,5,1.9599241018295288,1.1005133390426636,-0.8594107627868652,0.2108070135116577,19.572880335084847
6888,red,powerlaw,1,4,1.155112385749817,0.8925933116326022,-0.26251907411721465,0.1567642241716385,19.572880335084847
6888,red,powerlaw,2,4,0.9730542898178101,0.8978135016928057,-0.07524078812500434,0.16306012868881226,19.572880335084847
6888,red,powerlaw,3,5,1.9599241018295288,0.9036585384276842,-1.0562655634018445,0.2108070135116577,19.572880335084847
11593,blue,constant,1,4,6.811498165130615,2.443610906600952,-4.367887258529663,2.403204917907715,4.749066577108351
11593,blue,constant,2,4,1.6535677909851074,2.443610906600952,0.7900431156158447,3.1288540363311768,4.749066577108351
11593,blue,constant,3,5,-9.464723587036133,2.443610906600952,11.908334493637085,4.631549072265625,4.749066577108351
11593,blue,powerlaw,1,4,6.811498165130615,2.87668963019681,-3.934808534933805,2.403204917907715,4.749066577108351
11593,blue,powerlaw,2,4,1.6535677909851074,3.1624917607469047,1.5089239697617973,3.1288540363311768,4.749066577108351
11593,blue,powerlaw,3,5,-9.464723587036133,3.5292051861909917,12.993928773227125,4.631549072265625,4.749066577108351
11593,red,constant,1,4,1.5018858909606934,1.0809674263000488,-0.42091846466064453,0.4734331965446472,4.749066577107442
11593,red,constant,2,4,0.6711834669113159,1.0809674263000488,0.4097839593887329,0.5003545880317688,4.749066577107442
11593,red,constant,3,5,0.0942014679312706,1.0809674263000488,0.9867659583687782,0.5341343402862548,4.749066577107442
11593,red,powerlaw,1,4,1.5018858909606934,1.2277616080461902,-0.2741242829145032,0.4734331965446472,4.749066577107442
11593,red,powerlaw,2,4,0.6711834669113159,1.2474789060585656,0.5762954391472497,0.5003545880317688,4.749066577107442
11593,red,powerlaw,3,5,0.0942014679312706,1.2698092643177947,1.1756077963865241,0.5341343402862548,4.749066577107442
841,blue,constant,1,4,1.481200098991394,1.2616755962371826,-0.21952450275421143,0.7788268327713013,9.94194662721975
841,blue,constant,2,4,3.496643543243408,1.2616755962371826,-2.2349679470062256,0.9950783848762512,9.94194662721975
841,blue,constant,3,4,2.436082363128662,1.2616755962371826,-1.1744067668914795,1.4432896375656128,9.94194662721975
841,blue,powerlaw,1,4,1.481200098991394,1.7503393003961547,0.26913920140476066,0.7788268327713013,9.94194662721975
841,blue,powerlaw,2,4,3.496643543243408,1.7459791268904248,-1.7506644163529834,0.9950783848762512,9.94194662721975
841,blue,powerlaw,3,4,2.436082363128662,1.7415087062810202,-0.6945736568476419,1.4432896375656128,9.94194662721975
841,red,constant,1,4,0.594734251499176,0.7916507720947266,0.19691652059555054,0.2228039652109146,9.941946627219295
841,red,constant,2,4,1.9152089357376099,0.7916507720947266,-1.1235581636428833,0.24547068774700165,9.941946627219295
841,red,constant,3,4,0.6436646580696106,0.7916507720947266,0.14798611402511597,0.269535630941391,9.941946627219295
841,red,powerlaw,1,4,0.594734251499176,0.7374515916043245,0.14271734010514847,0.2228039652109146,9.941946627219295
841,red,powerlaw,2,4,1.9152089357376099,0.7467961753433039,-1.168412760394306,0.24547068774700165,9.941946627219295
841,red,powerlaw,3,4,0.6436646580696106,0.7561580029599776,0.112493344890367,0.269535630941391,9.941946627219295
12724,blue,constant,1,4,5.402939319610596,2.921600580215454,-2.4813387393951416,2.003225564956665,23.844438533179073
12724,blue,constant,2,4,7.67740535736084,2.921600580215454,-4.755804777145386,2.5912399291992188,23.844438533179073
12724,blue,constant,3,5,4.164003849029541,2.921600580215454,-1.242403268814087,3.591050720214844,23.844438533179073
12724,blue,powerlaw,1,4,5.402939319610596,3.7911950510364907,-1.611744268574105,2.003225564956665,23.844438533179073
12724,blue,powerlaw,2,4,7.67740535736084,4.017980553450752,-3.6594248039100883,2.5912399291992188,23.844438533179073
12724,blue,powerlaw,3,5,4.164003849029541,4.297905901430556,0.13390205240101505,3.591050720214844,23.844438533179073
12724,red,constant,1,4,0.13153915107250214,1.0389466285705566,0.9074074774980545,0.4451761245727539,23.844438533180437
12724,red,constant,2,4,0.8417226076126099,1.0389466285705566,0.19722402095794678,0.4525417387485504,23.844438533180437
12724,red,constant,3,5,1.064297080039978,1.0389466285705566,-0.025350451469421387,0.44287891387939454,23.844438533180437
12724,red,powerlaw,1,4,0.13153915107250214,1.0749097078400989,0.9433705567675967,0.4451761245727539,23.844438533180437
12724,red,powerlaw,2,4,0.8417226076126099,1.1033492090199473,0.2616266014073374,0.4525417387485504,23.844438533180437
12724,red,powerlaw,3,5,1.064297080039978,1.135890759698526,0.0715936796585479,0.44287891387939454,23.844438533180437
8444,blue,constant,1,5,5.157588481903076,4.089061260223389,-1.0685272216796875,1.2717931747436524,17.947040963262225
8444,blue,constant,2,4,2.6300172805786133,4.089061260223389,1.4590439796447754,1.9057576656341553,17.947040963262225
8444,blue,constant,3,5,2.7698464393615723,4.089061260223389,1.3192148208618164,3.097428321838379,17.947040963262225
8444,blue,powerlaw,1,5,5.157588481903076,4.1375628956097446,-1.0200255862933316,1.2717931747436524,17.947040963262225
8444,blue,powerlaw,2,4,2.6300172805786133,4.311696899393327,1.681679618814714,1.9057576656341553,17.947040963262225
8444,blue,powerlaw,3,5,2.7698464393615723,4.498758561548266,1.7289121221866939,3.097428321838379,17.947040963262225
8444,red,constant,1,5,1.0601768493652344,0.348390132188797,-0.7117867171764374,0.39831492900848386,17.947040963261315
8444,red,constant,2,4,0.8750073313713074,0.348390132188797,-0.5266171991825104,0.5464973449707031,17.947040963261315
8444,red,constant,3,5,-0.02472536638379097,0.348390132188797,0.37311549857258797,0.7227652072906494,17.947040963261315
8444,red,powerlaw,1,5,1.0601768493652344,0.6598265578916457,-0.4003502914735887,0.39831492900848386,17.947040963261315
8444,red,powerlaw,2,4,0.8750073313713074,0.6099402138128496,-0.2650671175584578,0.5464973449707031,17.947040963261315
8444,red,powerlaw,3,5,-0.02472536638379097,0.5644348901226863,0.5891602565064773,0.7227652072906494,17.947040963261315
6440,blue,constant,1,5,1.953202247619629,1.1328001022338867,-0.8204021453857422,0.8920839309692383,14.346693268185845
6440,blue,constant,2,4,3.021787643432617,1.1328001022338867,-1.8889875411987305,1.2979767322540283,14.346693268185845
6440,blue,constant,3,5,-1.7726871967315674,1.1328001022338867,2.905487298965454,1.895634078979492,14.346693268185845
6440,blue,powerlaw,1,5,1.953202247619629,2.0835736523065207,0.1303714046868918,0.8920839309692383,14.346693268185845
6440,blue,powerlaw,2,4,3.021787643432617,2.046424290355992,-0.975363353076625,1.2979767322540283,14.346693268185845
6440,blue,powerlaw,3,5,-1.7726871967315674,2.0089408085533984,3.781628005284966,1.895634078979492,14.346693268185845
6440,red,constant,1,5,0.8618633151054382,0.9515258073806763,0.08966249227523804,0.1686751127243042,14.346693268185845
6440,red,constant,2,4,0.811194121837616,0.9515257477760315,0.14033162593841553,0.20738770067691803,14.346693268185845
6440,red,constant,3,5,0.6561223864555359,0.9515258073806763,0.2954034209251404,0.3648079872131348,14.346693268185845
6440,red,powerlaw,1,5,0.8618633151054382,1.022695159163027,0.16083184405758866,0.1686751127243042,14.346693268185845
6440,red,powerlaw,2,4,0.811194121837616,1.0221258191638953,0.21093169732627937,0.20738770067691803,14.346693268185845
6440,red,powerlaw,3,5,0.6561223864555359,1.0215629270870197,0.3654405406314838,0.3648079872131348,14.346693268185845
10544,blue,constant,1,5,2.752958297729492,1.5228984355926514,-1.2300598621368408,0.7973991870880127,15.502971241427076
10544,blue,constant,2,4,1.3047356605529785,1.5228984355926514,0.21816277503967285,1.2979326248168945,15.502971241427076
10544,blue,constant,3,5,3.864683151245117,1.5228984355926514,-2.341784715652466,2.2766996383666993,15.502971241427076
10544,blue,powerlaw,1,5,2.752958297729492,2.1596259004775473,-0.5933323972519449,0.7973991870880127,15.502971241427076
10544,blue,powerlaw,2,4,1.3047356605529785,2.335660515934529,1.0309248553815507,1.2979326248168945,15.502971241427076
10544,blue,powerlaw,3,5,3.864683151245117,2.532282722415276,-1.3324004288298412,2.2766996383666993,15.502971241427076
10544,red,constant,1,5,0.7902399897575378,1.053928256034851,0.26368826627731323,0.18649412393569947,15.502971241427076
10544,red,constant,2,4,0.9969345331192017,1.053928256034851,0.056993722915649414,0.2442748248577118,15.502971241427076
10544,red,constant,3,5,0.6066586375236511,1.053928256034851,0.44726961851119995,0.28169467449188235,15.502971241427076
10544,red,powerlaw,1,5,0.7902399897575378,1.1053034294797772,0.3150634397222394,0.18649412393569947,15.502971241427076
10544,red,powerlaw,2,4,0.9969345331192017,1.1044068625996901,0.10747232948048846,0.2442748248577118,15.502971241427076
10544,red,powerlaw,3,5,0.6066586375236511,1.1035207269519451,0.496862089428294,0.28169467449188235,15.502971241427076
7656,blue,constant,1,4,2.445890188217163,2.054137945175171,-0.3917522430419922,0.6142957210540771,7.708211369787023
7656,blue,constant,2,4,2.5140583515167236,2.054137945175171,-0.45992040634155273,0.862567126750946,7.708211369787023
7656,blue,constant,3,4,3.486311674118042,2.054137945175171,-1.432173728942871,1.4176894426345825,7.708211369787023
7656,blue,powerlaw,1,4,2.445890188217163,1.9317415092017511,-0.514148679015412,0.6142957210540771,7.708211369787023
7656,blue,powerlaw,2,4,2.5140583515167236,1.9731801586518463,-0.5408781928648774,0.862567126750946,7.708211369787023
7656,blue,powerlaw,3,4,3.486311674118042,2.016692650515094,-1.4696190236029478,1.4176894426345825,7.708211369787023
7656,red,constant,1,4,2.0000827312469482,0.8343949913978577,-1.1656877398490906,0.12850911915302277,7.708211369787023
7656,red,constant,2,4,1.138717532157898,0.8343949913978577,-0.3043225407600403,0.148251473903656,7.708211369787023
7656,red,constant,3,4,1.1133084297180176,0.8343949913978577,-0.2789134383201599,0.1625552475452423,7.708211369787023
7656,red,powerlaw,1,4,2.0000827312469482,0.7738239183128793,-1.226258812934069,0.12850911915302277,7.708211369787023
7656,red,powerlaw,2,4,1.138717532157898,0.7701459678758578,-0.3685715642820402,0.148251473903656,7.708211369787023
7656,red,powerlaw,3,4,1.1133084297180176,0.7665239914145421,-0.3467844383034755,0.1625552475452423,7.708211369787023
3517,blue,constant,1,5,6.8766679763793945,5.98158597946167,-0.8950819969177246,1.2354098320007325,16.87336667938871
3517,blue,constant,2,4,8.023115158081055,5.98158597946167,-2.0415291786193848,1.7930996417999268,16.87336667938871
3517,blue,constant,3,5,6.84557580947876,5.98158597946167,-0.8639898300170898,2.7483732223510744,16.87336667938871
3517,blue,powerlaw,1,5,6.8766679763793945,7.546741035509283,0.6700730591298889,1.2354098320007325,16.87336667938871
3517,blue,powerlaw,2,4,8.023115158081055,8.422890231706623,0.39977507362556786,1.7930996417999268,16.87336667938871
3517,blue,powerlaw,3,5,6.84557580947876,9.434771707277505,2.5891958977987457,2.7483732223510744,16.87336667938871
3517,red,constant,1,5,1.010141134262085,1.069113850593567,0.058972716331481934,0.20394349098205566,16.87336667938871
3517,red,constant,2,4,1.5048506259918213,1.069113850593567,-0.4357367753982544,0.22875984013080597,16.87336667938871
3517,red,constant,3,5,0.8629330396652222,1.069113850593567,0.20618081092834473,0.2559287309646606,16.87336667938871
3517,red,powerlaw,1,5,1.010141134262085,1.0777085453803947,0.06756741111830977,0.20394349098205566,16.87336667938871
3517,red,powerlaw,2,4,1.5048506259918213,1.081763251505872,-0.42308737448594935,0.22875984013080597,16.87336667938871
3517,red,powerlaw,3,5,0.8629330396652222,1.085789500072031,0.22285646040680884,0.2559287309646606,16.87336667938871
2190,blue,constant,1,4,2.1541407108306885,2.2543516159057617,0.10021090507507324,0.3650447726249695,7.862876943433093
2190,blue,constant,2,4,2.4660186767578125,2.2543516159057617,-0.21166706085205078,0.4846365451812744,7.862876943433093
2190,blue,constant,3,5,2.3971900939941406,2.2543516159057617,-0.1428384780883789,0.9171805381774902,7.862876943433093
2190,blue,powerlaw,1,4,2.1541407108306885,2.963610295710899,0.8094695848802105,0.3650447726249695,7.862876943433093
2190,blue,powerlaw,2,4,2.4660186767578125,3.1822145819075436,0.7161959051497311,0.4846365451812744,7.862876943433093
2190,blue,powerlaw,3,5,2.3971900939941406,3.4556022817284706,1.05841218773433,0.9171805381774902,7.862876943433093
2190,red,constant,1,4,0.9613217711448669,1.010151982307434,0.04883021116256714,0.0876535177230835,7.862876943434458
2190,red,constant,2,4,1.1959760189056396,1.010151982307434,-0.18582403659820557,0.08626264333724976,7.862876943434458
2190,red,constant,3,5,0.9674803614616394,1.010151982307434,0.04267162084579468,0.10246902704238892,7.862876943434458
2190,red,powerlaw,1,4,0.9613217711448669,1.0677970531707095,0.10647528202584255,0.0876535177230835,7.862876943434458
2190,red,powerlaw,2,4,1.1959760189056396,1.0910405004779384,-0.10493551842770121,0.08626264333724976,7.862876943434458
2190,red,powerlaw,3,5,0.9674803614616394,1.117520990670349,0.15004062920870953,0.10246902704238892,7.862876943434458
8323,blue,constant,1,4,0.2897738218307495,1.6036041975021362,1.3138303756713867,1.2455898523330688,12.719184166715422
8323,blue,constant,2,4,4.907998561859131,1.6036041975021362,-3.3043943643569946,1.6564362049102783,12.719184166715422
8323,blue,constant,3,5,4.1418561935424805,1.6036040782928467,-2.538252115249634,2.4683300018310548,12.719184166715422
8323,blue,powerlaw,1,4,0.2897738218307495,1.440230380936645,1.1504565591058955,1.2455898523330688,12.719184166715422
8323,blue,powerlaw,2,4,4.907998561859131,1.3662727614236951,-3.5417258004354357,1.6564362049102783,12.719184166715422
8323,blue,powerlaw,3,5,4.1418561935424805,1.285544207293026,-2.8563119862494544,2.4683300018310548,12.719184166715422
8323,red,constant,1,4,0.5597786903381348,0.8333162069320679,0.2735375165939331,0.31351998448371887,12.719184166715422
8323,red,constant,2,4,0.9599220752716064,0.8333162069320679,-0.12660586833953857,0.36715397238731384,12.719184166715422
8323,red,constant,3,5,0.5773552656173706,0.8333162069320679,0.25596094131469727,0.3359742403030396,12.719184166715422
8323,red,powerlaw,1,4,0.5597786903381348,0.873571475144898,0.3137927848067632,0.31351998448371887,12.719184166715422
8323,red,powerlaw,2,4,0.9599220752716064,0.837569167305544,-0.12235290796606246,0.36715397238731384,12.719184166715422
8323,red,powerlaw,3,5,0.5773552656173706,0.799275001974949,0.22191973635757845,0.3359742403030396,12.719184166715422
2354,blue,constant,1,4,2.437358856201172,1.4440017938613892,-0.9933570623397827,0.7229726314544678,3.2559663081110557
2354,blue,constant,2,4,2.5170888900756836,1.4440017938613892,-1.0730870962142944,0.9771230220794678,3.2559663081110557
2354,blue,constant,3,5,3.0087814331054688,1.4440017938613892,-1.5647796392440796,1.7534801483154296,3.2559663081110557
2354,blue,powerlaw,1,4,2.437358856201172,1.693779245350658,-0.7435796108505139,0.7229726314544678,3.2559663081110557
2354,blue,powerlaw,2,4,2.5170888900756836,1.7112244450009657,-0.8058644450747179,0.9771230220794678,3.2559663081110557
2354,blue,powerlaw,3,5,3.0087814331054688,1.7316138692346192,-1.2771675638708495,1.7534801483154296,3.2559663081110557
2354,red,constant,1,4,0.9569099545478821,1.0713058710098267,0.11439591646194458,0.2124921977519989,3.255966308111965
2354,red,constant,2,4,1.1921348571777344,1.0713058710098267,-0.12082898616790771,0.21119914948940277,3.255966308111965
2354,red,constant,3,5,0.8004286885261536,1.0713058710098267,0.2708771824836731,0.21201462745666505,3.255966308111965
2354,red,powerlaw,1,4,0.9569099545478821,1.2010974629309255,0.24418750838304337,0.2124921977519989,3.255966308111965
2354,red,powerlaw,2,4,1.1921348571777344,1.2293898337924203,0.03725497661468591,0.21119914948940277,3.255966308111965
2354,red,powerlaw,3,5,0.8004286885261536,1.2616882121047834,0.46125952357862987,0.21201462745666505,3.255966308111965
8312,blue,constant,1,4,6.15603494644165,3.620675802230835,-2.5353591442108154,1.5446500778198242,17.570283426841797
8312,blue,constant,2,4,5.042141914367676,3.620675802230835,-1.4214661121368408,2.010127067565918,17.570283426841797
8312,blue,constant,3,5,3.40059232711792,3.620675563812256,0.22008323669433594,2.8594263076782225,17.570283426841797
8312,blue,powerlaw,1,4,6.15603494644165,3.7484499769849746,-2.4075849694566758,1.5446500778198242,17.570283426841797
8312,blue,powerlaw,2,4,5.042141914367676,3.8534160207179933,-1.1887258936496825,2.010127067565918,17.570283426841797
8312,blue,powerlaw,3,5,3.40059232711792,3.9786214906698545,0.5780291635519346,2.8594263076782225,17.570283426841797
8312,red,constant,1,4,1.3470420837402344,0.9615614414215088,-0.3854806423187256,0.4162406623363495,17.570283426841343
8312,red,constant,2,4,1.000866174697876,0.9615614414215088,-0.03930473327636719,0.4405363202095032,17.570283426841343
8312,red,constant,3,5,1.0766270160675049,0.961561381816864,-0.11506563425064087,0.45407533645629883,17.570283426841343
8312,red,powerlaw,1,4,1.3470420837402344,1.1629067973194127,-0.18413528642082166,0.4162406623363495,17.570283426841343
8312,red,powerlaw,2,4,1.000866174697876,1.1459641074327962,0.14509793273492022,0.4405363202095032,17.570283426841343
8312,red,powerlaw,3,5,1.0766270160675049,1.1274066279546555,0.05077961188715063,0.45407533645629883,17.570283426841343
8982,blue,constant,1,5,3.6750922203063965,2.169816017150879,-1.5052762031555176,0.7916596412658692,15.766730729926621
8982,blue,constant,2,4,3.9467408657073975,2.169816017150879,-1.7769248485565186,1.2115063667297363,15.766730729926621
8982,blue,constant,3,5,2.5148301124572754,2.169816017150879,-0.3450140953063965,1.9872955322265624,15.766730729926621
8982,blue,powerlaw,1,5,3.6750922203063965,2.577210476330037,-1.0978817439763593,0.7916596412658692,15.766730729926621
8982,blue,powerlaw,2,4,3.9467408657073975,2.64410049290648,-1.3026403728009175,1.2115063667297363,15.766730729926621
8982,blue,powerlaw,3,5,2.5148301124572754,2.7147728739758596,0.19994276151858426,1.9872955322265624,15.766730729926621
8982,red,constant,1,5,0.48879319429397583,1.3724616765975952,0.8836684823036194,0.23675963878631592,15.766730729927076
8982,red,constant,2,4,0.6531456708908081,1.3724616765975952,0.7193160057067871,0.3202369809150696,15.766730729927076
8982,red,constant,3,5,0.6260451078414917,1.3724616765975952,0.7464165687561035,0.4954662322998047,15.766730729927076
8982,red,powerlaw,1,5,0.48879319429397583,1.1844965162308405,0.6957033219368647,0.23675963878631592,15.766730729927076
8982,red,powerlaw,2,4,0.6531456708908081,1.187168359794038,0.5340226889032298,0.3202369809150696,15.766730729927076
8982,red,powerlaw,3,5,0.6260451078414917,1.1898174782983777,0.563772370456886,0.4954662322998047,15.766730729927076
5139,blue,constant,1,4,-0.2949768602848053,1.3869690895080566,1.681945949792862,0.7423937320709229,4.37911530459769
5139,blue,constant,2,4,1.709014892578125,1.3869690895080566,-0.32204580307006836,0.9695150256156921,4.37911530459769
5139,blue,constant,3,5,2.8275094032287598,1.3869690895080566,-1.4405403137207031,1.4757090568542481,4.37911530459769
5139,blue,powerlaw,1,4,-0.2949768602848053,1.751415488395919,2.0463923486807243,0.7423937320709229,4.37911530459769
5139,blue,powerlaw,2,4,1.709014892578125,1.8418740543942282,0.13285916181610324,0.9695150256156921,4.37911530459769
5139,blue,powerlaw,3,5,2.8275094032287598,1.9523947218956075,-0.8751146813331523,1.4757090568542481,4.37911530459769
5139,red,constant,1,4,0.8630384206771851,1.2164263725280762,0.3533879518508911,0.2324415147304535,4.379115304598599
5139,red,constant,2,4,1.1709558963775635,1.2164263725280762,0.045470476150512695,0.2774748206138611,4.379115304598599
5139,red,constant,3,5,1.3096554279327393,1.2164263725280762,-0.09322905540466309,0.3945147037506104,4.379115304598599
5139,red,powerlaw,1,4,0.8630384206771851,1.1726974991043324,0.30965907842714735,0.2324415147304535,4.379115304598599
5139,red,powerlaw,2,4,1.1709558963775635,1.2114707306904773,0.040514834312913806,0.2774748206138611,4.379115304598599
5139,red,powerlaw,3,5,1.3096554279327393,1.2561763386815963,-0.053479089251142975,0.3945147037506104,4.379115304598599
8274,blue,constant,1,4,5.236268043518066,3.275214433670044,-1.9610536098480225,1.1599746942520142,4.272336749950682
8274,blue,constant,2,4,5.429019927978516,3.275214433670044,-2.1538054943084717,1.533035159111023,4.272336749950682
8274,blue,constant,3,5,4.7958173751831055,3.275214433670044,-1.5206029415130615,2.401303291320801,4.272336749950682
8274,blue,powerlaw,1,4,5.236268043518066,3.3528814258722166,-1.8833866176458498,1.1599746942520142,4.272336749950682
8274,blue,powerlaw,2,4,5.429019927978516,3.6711649847980907,-1.757854943180425,1.533035159111023,4.272336749950682
8274,blue,powerlaw,3,5,4.7958173751831055,4.077740340632302,-0.7180770345508032,2.401303291320801,4.272336749950682
8274,red,constant,1,4,0.45811137557029724,1.7144240140914917,1.2563126385211945,0.2832206189632416,4.272336749951137
8274,red,constant,2,4,0.6448192596435547,1.7144240140914917,1.069604754447937,0.29932183027267456,4.272336749951137
8274,red,constant,3,5,1.2535840272903442,1.7144238948822021,0.4608398675918579,0.32056996822357176,4.272336749951137
8274,red,powerlaw,1,4,0.45811137557029724,1.3819078379143988,0.9237964623441015,0.2832206189632416,4.272336749951137
8274,red,powerlaw,2,4,0.6448192596435547,1.4522595276818762,0.8074402680383215,0.29932183027267456,4.272336749951137
8274,red,powerlaw,3,5,1.2535840272903442,1.5348878506530137,0.28130382336266946,0.32056996822357176,4.272336749951137
4209,blue,constant,1,4,1.0561730861663818,2.7949397563934326,1.7387666702270508,2.6190884113311768,5.650419352600693
4209,blue,constant,2,4,2.206632137298584,2.7949397563934326,0.5883076190948486,3.4507551193237305,5.650419352600693
4209,blue,constant,3,5,3.948701858520508,2.7949397563934326,-1.1537621021270752,6.246721649169922,5.650419352600693
4209,blue,powerlaw,1,4,1.0561730861663818,3.3411354439104364,2.2849623577440545,2.6190884113311768,5.650419352600693
4209,blue,powerlaw,2,4,2.206632137298584,3.4086245745499344,1.2019924372513504,3.4507551193237305,5.650419352600693
4209,blue,powerlaw,3,5,3.948701858520508,3.488382359285893,-0.4603194992346147,6.246721649169922,5.650419352600693
4209,red,constant,1,4,-0.508548378944397,0.7800552845001221,1.288603663444519,0.5532215237617493,5.6504193525997835
4209,red,constant,2,4,0.2710912525653839,0.7800552845001221,0.5089640319347382,0.5768277049064636,5.6504193525997835
4209,red,constant,3,5,-0.2546985149383545,0.7800552845001221,1.0347537994384766,0.6045568466186524,5.6504193525997835
4209,red,powerlaw,1,4,-0.508548378944397,1.1275966794399201,1.6361450583843171,0.5532215237617493,5.6504193525997835
4209,red,powerlaw,2,4,0.2710912525653839,1.1104936226240185,0.8394023700586346,0.5768277049064636,5.6504193525997835
4209,red,powerlaw,3,5,-0.2546985149383545,1.0917648414258998,1.3464633563642543,0.6045568466186524,5.6504193525997835
10188,blue,constant,1,4,5.333866596221924,5.487320423126221,0.15345382690429688,1.7841154336929321,16.337532243598616
10188,blue,constant,2,4,-2.9600930213928223,5.487320423126221,8.447413444519043,2.2926571369171143,16.337532243598616
10188,blue,constant,3,5,3.495619297027588,5.487320423126221,1.9917011260986328,3.6679195404052733,16.337532243598616
10188,blue,powerlaw,1,4,5.333866596221924,5.095568036104111,-0.23829856011781292,1.7841154336929321,16.337532243598616
10188,blue,powerlaw,2,4,-2.9600930213928223,5.33843036558339,8.298523386976212,2.2926571369171143,16.337532243598616
10188,blue,powerlaw,3,5,3.495619297027588,5.634235840620485,2.1386165435928968,3.6679195404052733,16.337532243598616
10188,red,constant,1,4,1.8117222785949707,0.47121477127075195,-1.3405075073242188,0.4669479429721832,16.337532243598616
10188,red,constant,2,4,0.7788594365119934,0.47121477127075195,-0.30764466524124146,0.48769238591194153,16.337532243598616
10188,red,constant,3,5,2.0568289756774902,0.47121477127075195,-1.5856142044067383,0.5780365943908692,16.337532243598616
10188,red,powerlaw,1,4,1.8117222785949707,1.0781917192017088,-0.733530559393262,0.4669479429721832,16.337532243598616
10188,red,powerlaw,2,4,0.7788594365119934,1.089043762940774,0.3101843264287807,0.48769238591194153,16.337532243598616
10188,red,powerlaw,3,5,2.0568289756774902,1.1012510083742768,-0.9555779673032134,0.5780365943908692,16.337532243598616
714,blue,constant,1,4,2.5886807441711426,1.5392731428146362,-1.0494076013565063,0.8240794539451599,23.693029474340165
714,blue,constant,2,4,4.103389263153076,1.5392731428146362,-2.56411612033844,1.1767171621322632,23.693029474340165
714,blue,constant,3,5,0.296097993850708,1.5392731428146362,1.2431751489639282,2.1276212692260743,23.693029474340165
714,blue,powerlaw,1,4,2.5886807441711426,1.2641004974729355,-1.324580246698207,0.8240794539451599,23.693029474340165
714,blue,powerlaw,2,4,4.103389263153076,1.2527735816713732,-2.850615681481703,1.1767171621322632,23.693029474340165
714,blue,powerlaw,3,5,0.296097993850708,1.2397893967559335,0.9436914029052255,2.1276212692260743,23.693029474340165
714,red,constant,1,4,0.9817676544189453,0.7656763195991516,-0.2160913348197937,0.22675736248493195,23.69302947433971
714,red,constant,2,4,0.6839167475700378,0.7656763195991516,0.08175957202911377,0.21855080127716064,23.69302947433971
714,red,constant,3,5,0.8684325218200684,0.7656763195991516,-0.10275620222091675,0.21876540184020996,23.69302947433971
714,red,powerlaw,1,4,0.9817676544189453,0.7700519036213205,-0.21171575079762484,0.22675736248493195,23.69302947433971
714,red,powerlaw,2,4,0.6839167475700378,0.7603804380626035,0.07646369049256563,0.21855080127716064,23.69302947433971
714,red,powerlaw,3,5,0.8684325218200684,0.7497663222838254,-0.11866619953624291,0.21876540184020996,23.69302947433971
2762,blue,constant,1,4,2.259516716003418,3.5316338539123535,1.2721171379089355,1.290715217590332,20.96270806205348
2762,blue,constant,2,4,2.576416254043579,3.5316338539123535,0.9552175998687744,1.880027413368225,20.96270806205348
2762,blue,constant,3,5,6.827664852142334,3.5316338539123535,-3.2960309982299805,2.759095573425293,20.96270806205348
2762,blue,powerlaw,1,4,2.259516716003418,3.4006855910948692,1.1411688750914513,1.290715217590332,20.96270806205348
2762,blue,powerlaw,2,4,2.576416254043579,3.4683268040506547,0.8919105500070756,1.880027413368225,20.96270806205348
2762,blue,powerlaw,3,5,6.827664852142334,3.548339148132231,-3.279325704010103,2.759095573425293,20.96270806205348
2762,red,constant,1,4,1.654704213142395,1.3107959032058716,-0.34390830993652344,0.3199843764305115,20.962708062053935
2762,red,constant,2,4,0.5523821711540222,1.3107959032058716,0.7584137320518494,0.35454297065734863,20.962708062053935
2762,red,constant,3,5,1.5753910541534424,1.3107959032058716,-0.2645951509475708,0.4341909885406494,20.962708062053935
2762,red,powerlaw,1,4,1.654704213142395,1.363126071574167,-0.2915781415682279,0.3199843764305115,20.962708062053935
2762,red,powerlaw,2,4,0.5523821711540222,1.4279224012401213,0.875540230086099,0.35454297065734863,20.962708062053935
2762,red,powerlaw,3,5,1.5753910541534424,1.5037164808618884,-0.07167457329155402,0.4341909885406494,20.962708062053935
11426,blue,constant,1,5,3.598888874053955,3.8030076026916504,0.2041187286376953,0.8494223594665528,19.25959454746453
11426,blue,constant,2,4,3.1702561378479004,3.8030076026916504,0.63275146484375,1.27815580368042,19.25959454746453
11426,blue,constant,3,5,5.571168422698975,3.8030076026916504,-1.7681608200073242,2.24157829284668,19.25959454746453
11426,blue,powerlaw,1,5,3.598888874053955,4.2671010624335155,0.6682121883795604,0.8494223594665528,19.25959454746453
11426,blue,powerlaw,2,4,3.1702561378479004,4.5916572640577344,1.421401126209834,1.27815580368042,19.25959454746453
11426,blue,powerlaw,3,5,5.571168422698975,4.952370736707336,-0.6187976859916384,2.24157829284668,19.25959454746453
11426,red,constant,1,5,0.7463182210922241,1.3520152568817139,0.6056970357894897,0.22291157245635987,19.259594547464076
11426,red,constant,2,4,0.20100267231464386,1.3520152568817139,1.15101258456707,0.270198792219162,19.259594547464076
11426,red,constant,3,5,0.8530539274215698,1.3520152568817139,0.49896132946014404,0.3048290252685547,19.259594547464076
11426,red,powerlaw,1,5,0.7463182210922241,1.1422238322292642,0.39590561113704004,0.22291157245635987,19.259594547464076
11426,red,powerlaw,2,4,0.20100267231464386,1.1420840082045414,0.9410813358898975,0.270198792219162,19.259594547464076
11426,red,powerlaw,3,5,0.8530539274215698,1.1419457304267069,0.28889180300513706,0.3048290252685547,19.259594547464076
10760,blue,constant,1,4,1.5767055749893188,2.533034086227417,0.9563285112380981,0.7424365878105164,13.196224760768018
10760,blue,constant,2,4,2.288309335708618,2.533034086227417,0.24472475051879883,0.9702715277671814,13.196224760768018
10760,blue,constant,3,5,2.9346938133239746,2.533034086227417,-0.4016597270965576,1.4626811027526856,13.196224760768018
10760,blue,powerlaw,1,4,1.5767055749893188,2.4282400430863085,0.8515344680969896,0.7424365878105164,13.196224760768018
10760,blue,powerlaw,2,4,2.288309335708618,2.5348387933752203,0.24652945766660217,0.9702715277671814,13.196224760768018
10760,blue,powerlaw,3,5,2.9346938133239746,2.664113654121867,-0.27058015920210776,1.4626811027526856,13.196224760768018
10760,red,constant,1,4,1.0074706077575684,1.051972508430481,0.0445019006729126,0.18811999261379242,13.196224760768018
10760,red,constant,2,4,0.6409027576446533,1.051972508430481,0.41106975078582764,0.1978977620601654,13.196224760768018
10760,red,constant,3,5,0.7750576138496399,1.051972508430481,0.27691489458084106,0.22388677597045897,13.196224760768018
10760,red,powerlaw,1,4,1.0074706077575684,1.0963017727601474,0.08883116500257904,0.18811999261379242,13.196224760768018
10760,red,powerlaw,2,4,0.6409027576446533,1.1105793037426928,0.46967654609803944,0.1978977620601654,13.196224760768018
10760,red,powerlaw,3,5,0.7750576138496399,1.1266922516039666,0.3516346377543267,0.22388677597045897,13.196224760768018
7274,blue,constant,1,5,0.10102067142724991,0.004910406656563282,-0.09611026477068663,0.17000123262405395,14.080245409404142
7274,blue,constant,2,4,-0.08147990703582764,0.004910406656563282,0.08639031369239092,0.25238272547721863,14.080245409404142
7274,blue,constant,3,5,0.6323599815368652,0.004910406656563282,-0.627449574880302,0.3552725076675415,14.080245409404142
7274,blue,powerlaw,1,5,0.10102067142724991,0.11088015871391718,0.009859487286667273,0.17000123262405395,14.080245409404142
7274,blue,powerlaw,2,4,-0.08147990703582764,0.10213049701508026,0.1836104040509079,0.25238272547721863,14.080245409404142
7274,blue,powerlaw,3,5,0.6323599815368652,0.09387750984045382,-0.5384824716964114,0.3552725076675415,14.080245409404142
7274,red,constant,1,5,1.2479718923568726,1.2906264066696167,0.04265451431274414,0.038262569904327394,14.080245409404597
7274,red,constant,2,4,1.0504796504974365,1.2906264066696167,0.24014675617218018,0.046577852219343185,14.080245409404597
7274,red,constant,3,5,1.0888807773590088,1.2906264066696167,0.2017456293106079,0.05160436630249023,14.080245409404597
7274,red,powerlaw,1,5,1.2479718923568726,1.4552021825820585,0.2072302902251859,0.038262569904327394,14.080245409404597
7274,red,powerlaw,2,4,1.0504796504974365,1.523842479156914,0.47336282865947754,0.046577852219343185,14.080245409404597
7274,red,powerlaw,3,5,1.0888807773590088,1.5950532486359605,0.5061724712769518,0.05160436630249023,14.080245409404597
6902,blue,constant,1,4,3.2059450149536133,5.020622730255127,1.8146777153015137,1.4941115379333496,0.3903592478086466
6902,blue,constant,2,4,7.978240489959717,5.020622730255127,-2.95761775970459,2.0597622394561768,0.3903592478086466
6902,blue,constant,3,5,5.165322303771973,5.020622730255127,-0.1446995735168457,3.916749954223633,0.3903592478086466
6902,blue,powerlaw,1,4,3.2059450149536133,5.1599157667993225,1.9539707518457092,1.4941115379333496,0.3903592478086466
6902,blue,powerlaw,2,4,7.978240489959717,5.6708891806865545,-2.3073513092731623,2.0597622394561768,0.3903592478086466
6902,blue,powerlaw,3,5,5.165322303771973,6.326075020753256,1.1607527169812837,3.916749954223633,0.3903592478086466
6902,red,constant,1,4,1.3682514429092407,0.9107757210731506,-0.4574757218360901,0.35712599754333496,0.3903592478072824
6902,red,constant,2,4,0.7919183969497681,0.9107757210731506,0.11885732412338257,0.3731112480163574,0.3903592478072824
6902,red,constant,3,5,0.7888311147689819,0.9107757806777954,0.12194466590881348,0.3873866319656372,0.3903592478072824
6902,red,powerlaw,1,4,1.3682514429092407,0.9997735540914127,-0.36847788881782806,0.35712599754333496,0.3903592478072824
6902,red,powerlaw,2,4,0.7919183969497681,0.9902211490046456,0.19830275205487757,0.3731112480163574,0.3903592478072824
6902,red,powerlaw,3,5,0.7888311147689819,0.9796947080152225,0.19086359324624058,0.3873866319656372,0.3903592478072824
5427,blue,constant,1,4,5.4028401374816895,3.0661957263946533,-2.336644411087036,0.9496169686317444,12.23455226533406
5427,blue,constant,2,4,3.6693437099456787,3.0661957263946533,-0.6031479835510254,1.2837780714035034,12.23455226533406
5427,blue,constant,3,4,8.391275405883789,3.0661957263946533,-5.325079679489136,2.0994367599487305,12.23455226533406
5427,blue,powerlaw,1,4,5.4028401374816895,3.9409801096423043,-1.4618600278393852,0.9496169686317444,12.23455226533406
5427,blue,powerlaw,2,4,3.6693437099456787,4.11304216022404,0.44369845027836163,1.2837780714035034,12.23455226533406
5427,blue,powerlaw,3,4,8.391275405883789,4.297770904555561,-4.093504501328228,2.0994367599487305,12.23455226533406
5427,red,constant,1,4,0.871185839176178,0.9872799515724182,0.11609411239624023,0.21313881874084473,12.23455226533406
5427,red,constant,2,4,2.3100647926330566,0.9872799515724182,-1.3227848410606384,0.25762665271759033,12.23455226533406
5427,red,constant,3,4,0.5518621206283569,0.9872799515724182,0.4354178309440613,0.37274858355522156,12.23455226533406
5427,red,powerlaw,1,4,0.871185839176178,0.9754868897550745,0.10430105057889649,0.21313881874084473,12.23455226533406
5427,red,powerlaw,2,4,2.3100647926330566,0.9670858481391698,-1.3429789444938869,0.25762665271759033,12.23455226533406
5427,red,powerlaw,3,4,0.5518621206283569,0.9588457400297988,0.4069836194014419,0.37274858355522156,12.23455226533406
1912,blue,constant,1,4,4.118582725524902,2.7592954635620117,-1.3592872619628906,1.4530342817306519,8.030468925785044
1912,blue,constant,2,5,1.0917892456054688,2.7592954635620117,1.667506217956543,1.6960414886474608,8.030468925785044
1912,blue,constant,3,5,2.762068271636963,2.7592954635620117,-0.002772808074951172,2.8252080917358398,8.030468925785044
1912,blue,powerlaw,1,4,4.118582725524902,2.538948895892481,-1.5796338296324213,1.4530342817306519,8.030468925785044
1912,blue,powerlaw,2,5,1.0917892456054688,2.8212084084071853,1.7294191628017166,1.6960414886474608,8.030468925785044
1912,blue,powerlaw,3,5,2.762068271636963,3.181380616749146,0.41931234511218296,2.8252080917358398,8.030468925785044
1912,red,constant,1,4,0.3678550720214844,0.7846921682357788,0.41683709621429443,0.25698187947273254,8.03046892578459
1912,red,constant,2,5,0.7613996267318726,0.7846921682357788,0.02329254150390625,0.25359179973602297,8.03046892578459
1912,red,constant,3,5,0.9363816380500793,0.7846921682357788,-0.15168946981430054,0.5015274524688721,8.03046892578459
1912,red,powerlaw,1,4,0.3678550720214844,1.073795268135,0.7059401961135157,0.25698187947273254,8.03046892578459
1912,red,powerlaw,2,5,0.7613996267318726,1.0807558788882772,0.3193562521564046,0.25359179973602297,8.03046892578459
1912,red,powerlaw,3,5,0.9363816380500793,1.0884595025289951,0.1520778644789158,0.5015274524688721,8.03046892578459
2263,blue,constant,1,4,1.42814040184021,1.6392178535461426,0.21107745170593262,0.5708722472190857,21.6476124605324
2263,blue,constant,2,4,2.43953013420105,1.6392178535461426,-0.8003122806549072,0.7601953148841858,21.6476124605324
2263,blue,constant,3,5,3.775669574737549,1.639217734336853,-2.136451840400696,1.248546314239502,21.6476124605324
2263,blue,powerlaw,1,4,1.42814040184021,1.7420892179142886,0.31394881607407865,0.5708722472190857,21.6476124605324
2263,blue,powerlaw,2,4,2.43953013420105,1.756514322750294,-0.6830158114507558,0.7601953148841858,21.6476124605324
2263,blue,powerlaw,3,5,3.775669574737549,1.7733638131036842,-2.0023057616338646,1.248546314239502,21.6476124605324
2263,red,constant,1,4,1.057003140449524,1.043648362159729,-0.013354778289794922,0.17872755229473114,21.6476124605324
2263,red,constant,2,4,1.456519365310669,1.043648362159729,-0.41287100315093994,0.17607560753822327,21.6476124605324
2263,red,constant,3,5,0.9794785380363464,1.043648362159729,0.06416982412338257,0.18721915483474733,21.6476124605324
2263,red,powerlaw,1,4,1.057003140449524,0.8938746796585291,-0.16312846079099486,0.17872755229473114,21.6476124605324
2263,red,powerlaw,2,4,1.456519365310669,0.9063457826553151,-0.5501735826553539,0.17607560753822327,21.6476124605324
2263,red,powerlaw,3,5,0.9794785380363464,0.9204296675126477,-0.05904887052369878,0.18721915483474733,21.6476124605324
3866,blue,constant,1,5,1.4233014583587646,2.220449686050415,0.7971482276916504,0.5136410236358643,11.232061791123215
3866,blue,constant,2,4,1.1034269332885742,2.220449686050415,1.1170227527618408,0.7759222388267517,11.232061791123215
3866,blue,constant,3,5,3.7354190349578857,2.220449686050415,-1.5149693489074707,1.1830001831054688,11.232061791123215
3866,blue,powerlaw,1,5,1.4233014583587646,2.4787635103391903,1.0554620519804256,0.5136410236358643,11.232061791123215
3866,blue,powerlaw,2,4,1.1034269332885742,2.6258814724467894,1.5224545391582152,0.7759222388267517,11.232061791123215
3866,blue,powerlaw,3,5,3.7354190349578857,2.7865997531879265,-0.9488192817699592,1.1830001831054688,11.232061791123215
3866,red,constant,1,5,0.9941017031669617,1.061833143234253,0.06773144006729126,0.08092852234840393,11.23206179112276
3866,red,constant,2,4,1.0854543447494507,1.061833143234253,-0.023621201515197754,0.09573544561862946,11.23206179112276
3866,red,constant,3,5,0.7280867099761963,1.061833143234253,0.33374643325805664,0.10520251989364623,11.23206179112276
3866,red,powerlaw,1,5,0.9941017031669617,0.9794671177590908,-0.014634585407870881,0.08092852234840393,11.23206179112276
3866,red,powerlaw,2,4,1.0854543447494507,0.9690831311228394,-0.11637121362661129,0.09573544561862946,11.23206179112276
3866,red,powerlaw,3,5,0.7280867099761963,0.9589221351884543,0.23083542521225797,0.10520251989364623,11.23206179112276
11841,blue,constant,1,4,1.6249619722366333,1.7401317358016968,0.11516976356506348,0.8645137548446655,7.3496437708054145
11841,blue,constant,2,4,1.6282892227172852,1.7401317358016968,0.11184251308441162,1.2720743417739868,7.3496437708054145
11841,blue,constant,3,5,2.3450701236724854,1.7401317358016968,-0.6049383878707886,1.7519847869873046,7.3496437708054145
11841,blue,powerlaw,1,4,1.6249619722366333,1.9792858505707567,0.3543238783341234,0.8645137548446655,7.3496437708054145
11841,blue,powerlaw,2,4,1.6282892227172852,2.0960011919619,0.4677119692446148,1.2720743417739868,7.3496437708054145
11841,blue,powerlaw,3,5,2.3450701236724854,2.2397223061115623,-0.10534781756092304,1.7519847869873046,7.3496437708054145
11841,red,constant,1,4,1.2396117448806763,1.2043030261993408,-0.03530871868133545,0.15349313616752625,7.3496437708054145
11841,red,constant,2,4,1.1227612495422363,1.2043030261993408,0.08154177665710449,0.15465036034584045,7.3496437708054145
11841,red,constant,3,5,1.1494991779327393,1.2043030261993408,0.05480384826660156,0.14697293043136597,7.3496437708054145
11841,red,powerlaw,1,4,1.2396117448806763,1.166212557658116,-0.07339918722256034,0.15349313616752625,7.3496437708054145
11841,red,powerlaw,2,4,1.1227612495422363,1.2034151042459569,0.08065385470372055,0.15465036034584045,7.3496437708054145
11841,red,powerlaw,3,5,1.1494991779327393,1.246252046636388,0.09675286870364874,0.14697293043136597,7.3496437708054145
711,blue,constant,1,4,0.3946384787559509,1.421455979347229,1.026817500591278,0.5832528471946716,2.8702122421391323
711,blue,constant,2,4,-0.022854715585708618,1.421455979347229,1.4443106949329376,0.7859880328178406,2.8702122421391323
711,blue,constant,3,5,2.481788396835327,1.421455979347229,-1.0603324174880981,1.3597043991088866,2.8702122421391323
711,blue,powerlaw,1,4,0.3946384787559509,1.9338490940529276,1.5392106152969767,0.5832528471946716,2.8702122421391323
711,blue,powerlaw,2,4,-0.022854715585708618,2.030363067654432,2.053217783240141,0.7859880328178406,2.8702122421391323
711,blue,powerlaw,3,5,2.481788396835327,2.148046480270022,-0.3337419165653053,1.3597043991088866,2.8702122421391323
711,red,constant,1,4,1.1296405792236328,1.1067588329315186,-0.022881746292114258,0.14461873471736908,2.870212242140042
711,red,constant,2,4,0.8699624538421631,1.1067588329315186,0.23679637908935547,0.15343406796455383,2.870212242140042
711,red,constant,3,5,1.2705066204071045,1.1067588329315186,-0.16374778747558594,0.20776233673095704,2.870212242140042
711,red,powerlaw,1,4,1.1296405792236328,1.1953298626784141,0.06568928345478131,0.14461873471736908,2.870212242140042
711,red,powerlaw,2,4,0.8699624538421631,1.2318087297944722,0.3618462759523091,0.15343406796455383,2.870212242140042
711,red,powerlaw,3,5,1.2705066204071045,1.2737593332945019,0.0032527128873973687,0.20776233673095704,2.870212242140042
4334,blue,constant,1,5,1.181349277496338,1.7968814373016357,0.6155321598052979,1.0333690643310547,17.552858955459214
4334,blue,constant,2,4,3.879638195037842,1.7968814373016357,-2.082756757736206,1.6076875925064087,17.552858955459214
4334,blue,constant,3,5,-1.1311171054840088,1.7968814373016357,2.9279985427856445,2.445240783691406,17.552858955459214
4334,blue,powerlaw,1,5,1.181349277496338,1.4039174590512578,0.22256818155491986,1.0333690643310547,17.552858955459214
4334,blue,powerlaw,2,4,3.879638195037842,1.511316068973694,-2.3683221260641476,1.6076875925064087,17.552858955459214
4334,blue,powerlaw,3,5,-1.1311171054840088,1.630709540650183,2.7618266461341916,2.445240783691406,17.552858955459214
4334,red,constant,1,5,1.0146971940994263,0.8926464319229126,-0.12205076217651367,0.25848114490509033,17.55285895545967
4334,red,constant,2,4,1.1267486810684204,0.8926463723182678,-0.2341023087501526,0.299705445766449,17.55285895545967
4334,red,constant,3,5,0.4541858732700348,0.8926464319229126,0.4384605586528778,0.33489294052124025,17.55285895545967
4334,red,powerlaw,1,5,1.0146971940994263,0.9775159304084937,-0.03718126369093255,0.25848114490509033,17.55285895545967
4334,red,powerlaw,2,4,1.1267486810684204,0.9879023352842786,-0.1388463457841418,0.299705445766449,17.55285895545967
4334,red,powerlaw,3,5,0.4541858732700348,0.9982883350803642,0.5441024618103294,0.33489294052124025,17.55285895545967
4558,blue,constant,1,5,2.4051434993743896,2.8574132919311523,0.4522697925567627,0.6493578910827636,16.875912857775347
4558,blue,constant,2,4,2.2642548084259033,2.8574132919311523,0.593158483505249,0.9927323460578918,16.875912857775347
4558,blue,constant,3,5,3.151027202606201,2.8574132919311523,-0.29361391067504883,1.6255353927612304,16.875912857775347
4558,blue,powerlaw,1,5,2.4051434993743896,3.1500358411908485,0.7448923418164588,0.6493578910827636,16.875912857775347
4558,blue,powerlaw,2,4,2.2642548084259033,3.4219144129095618,1.1576596044836585,0.9927323460578918,16.875912857775347
4558,blue,powerlaw,3,5,3.151027202606201,3.7270660976362144,0.5760388950300133,1.6255353927612304,16.875912857775347
4558,red,constant,1,5,1.2395168542861938,1.1328582763671875,-0.10665857791900635,0.16771159172058106,16.87591285777671
4558,red,constant,2,4,1.2477768659591675,1.1328582763671875,-0.11491858959197998,0.2024003118276596,16.87591285777671
4558,red,constant,3,5,0.772059440612793,1.1328582763671875,0.36079883575439453,0.2320244312286377,16.87591285777671
4558,red,powerlaw,1,5,1.2395168542861938,1.2722719255998265,0.032755071313632644,0.16771159172058106,16.87591285777671
4558,red,powerlaw,2,4,1.2477768659591675,1.3114670516941018,0.06369018573493435,0.2024003118276596,16.87591285777671
4558,red,powerlaw,3,5,0.772059440612793,1.3514697999075307,0.5794103592947377,0.2320244312286377,16.87591285777671
1492,blue,constant,1,4,3.986546516418457,2.49215030670166,-1.4943962097167969,1.0591607093811035,6.112406572060081
1492,blue,constant,2,4,1.8589553833007812,2.49215030670166,0.6331949234008789,1.5036895275115967,6.112406572060081
1492,blue,constant,3,4,9.132612228393555,2.49215030670166,-6.6404619216918945,3.160186529159546,6.112406572060081
1492,blue,powerlaw,1,4,3.986546516418457,2.32028275848623,-1.666263757932227,1.0591607093811035,6.112406572060081
1492,blue,powerlaw,2,4,1.8589553833007812,2.2981402062831133,0.4391848229823321,1.5036895275115967,6.112406572060081
1492,blue,powerlaw,3,4,9.132612228393555,2.2756047321622557,-6.857007496231299,3.160186529159546,6.112406572060081
1492,red,constant,1,4,0.927862286567688,1.0678654909133911,0.14000320434570312,0.1861303448677063,6.112406572059626
1492,red,constant,2,4,0.5090780854225159,1.0678654909133911,0.5587874054908752,0.21826767921447754,6.112406572059626
1492,red,constant,3,4,1.1219103336334229,1.0678654909133911,-0.05404484272003174,0.25164175033569336,6.112406572059626
1492,red,powerlaw,1,4,0.927862286567688,0.9047862696056037,-0.023076016962084278,0.1861303448677063,6.112406572059626
1492,red,powerlaw,2,4,0.5090780854225159,0.8818147245165171,0.37273663909400123,0.21826767921447754,6.112406572059626
1492,red,powerlaw,3,4,1.1219103336334229,0.8596581858583988,-0.26225214777502404,0.25164175033569336,6.112406572059626
3609,blue,constant,1,4,2.4767532348632812,3.857236385345459,1.3804831504821777,2.063659191131592,2.4635621920069752
3609,blue,constant,2,4,4.2557053565979,3.857236385345459,-0.3984689712524414,2.8586320877075195,2.4635621920069752
3609,blue,constant,3,4,-1.2050167322158813,3.857236385345459,5.06225311756134,4.771528720855713,2.4635621920069752
3609,blue,powerlaw,1,4,2.4767532348632812,4.137516776857142,1.6607635419938607,2.063659191131592,2.4635621920069752
3609,blue,powerlaw,2,4,4.2557053565979,4.331174928503953,0.0754695719060523,2.8586320877075195,2.4635621920069752
3609,blue,powerlaw,3,4,-1.2050167322158813,4.539565979177801,5.744582711393682,4.771528720855713,2.4635621920069752
3609,red,constant,1,4,1.6995775699615479,1.572106957435608,-0.12747061252593994,0.374102920293808,2.4635621920078847
3609,red,constant,2,4,1.6723840236663818,1.572106957435608,-0.10027706623077393,0.45165514945983887,2.4635621920078847
3609,red,constant,3,4,0.703803539276123,1.572106957435608,0.8683034181594849,0.5707148313522339,2.4635621920078847
3609,red,powerlaw,1,4,1.6995775699615479,1.3056661487509602,-0.39391142121058764,0.374102920293808,2.4635621920078847
3609,red,powerlaw,2,4,1.6723840236663818,1.3375819927318457,-0.3348020309345361,0.45165514945983887,2.4635621920078847
3609,red,powerlaw,3,4,0.703803539276123,1.369935552505761,0.666132013229638,0.5707148313522339,2.4635621920078847
10410,blue,constant,1,4,4.818899631500244,4.253746032714844,-0.5651535987854004,0.9907965660095215,13.615047933514688
10410,blue,constant,2,4,5.899815559387207,4.253746032714844,-1.6460695266723633,1.331327199935913,13.615047933514688
10410,blue,constant,3,5,1.5820616483688354,4.253746032714844,2.6716843843460083,2.6650033950805665,13.615047933514688
10410,blue,powerlaw,1,4,4.818899631500244,4.81658582262088,-0.0023138088793643874,0.9907965660095215,13.615047933514688
10410,blue,powerlaw,2,4,5.899815559387207,5.176732751951649,-0.7230828074355582,1.331327199935913,13.615047933514688
10410,blue,powerlaw,3,5,1.5820616483688354,5.627852129992558,4.0457904816237225,2.6650033950805665,13.615047933514688
10410,red,constant,1,4,0.8995015621185303,1.035675287246704,0.13617372512817383,0.26471972465515137,13.615047933513779
10410,red,constant,2,4,1.5089777708053589,1.035675287246704,-0.4733024835586548,0.2609449625015259,13.615047933513779
10410,red,constant,3,5,1.0400129556655884,1.035675287246704,-0.004337668418884277,0.2582524538040161,13.615047933513779
10410,red,powerlaw,1,4,0.8995015621185303,1.186525866683501,0.28702430456497074,0.26471972465515137,13.615047933513779
10410,red,powerlaw,2,4,1.5089777708053589,1.2228675356219356,-0.28611023518342327,0.2609449625015259,13.615047933513779
10410,red,powerlaw,3,5,1.0400129556655884,1.2646486148288498,0.22463565916326145,0.2582524538040161,13.615047933513779
3255,blue,constant,1,4,8.877605438232422,6.863724231719971,-2.013881206512451,0.529525637626648,17.134240464511095
3255,blue,constant,2,4,8.729551315307617,6.863724231719971,-1.8658270835876465,0.7014952898025513,17.134240464511095
3255,blue,constant,3,4,7.216819763183594,6.863724231719971,-0.35309553146362305,1.258347749710083,17.134240464511095
3255,blue,powerlaw,1,4,8.877605438232422,8.062842265576997,-0.8147631726554252,0.529525637626648,17.134240464511095
3255,blue,powerlaw,2,4,8.729551315307617,8.86591977465668,0.13636845934906283,0.7014952898025513,17.134240464511095
3255,blue,powerlaw,3,4,7.216819763183594,9.775392519658393,2.558572756474799,1.258347749710083,17.134240464511095
3255,red,constant,1,4,1.0758976936340332,1.117917776107788,0.04202008247375488,0.1056322455406189,17.134240464511095
3255,red,constant,2,4,0.8575701713562012,1.117917776107788,0.2603476047515869,0.1202353835105896,17.134240464511095
3255,red,constant,3,4,1.0079442262649536,1.117917776107788,0.10997354984283447,0.17458270490169525,17.134240464511095
3255,red,powerlaw,1,4,1.0758976936340332,1.0880070939082813,0.012109400274248117,0.1056322455406189,17.134240464511095
3255,red,powerlaw,2,4,0.8575701713562012,1.0772127194330121,0.21964254807681094,0.1202353835105896,17.134240464511095
3255,red,powerlaw,3,4,1.0079442262649536,1.0666408821839446,0.05869665591899098,0.17458270490169525,17.134240464511095
1166,blue,constant,1,5,2.433350086212158,3.3281242847442627,0.8947741985321045,1.1274067878723144,13.157000051906834
1166,blue,constant,2,4,0.5344393849372864,3.3281242847442627,2.7936848998069763,1.582547903060913,13.157000051906834
1166,blue,constant,3,5,3.2380950450897217,3.3281242847442627,0.09002923965454102,2.3122028350830077,13.157000051906834
1166,blue,powerlaw,1,5,2.433350086212158,4.272274426060019,1.8389243398478605,1.1274067878723144,13.157000051906834
1166,blue,powerlaw,2,4,0.5344393849372864,4.529978821338581,3.9955394364012946,1.582547903060913,13.157000051906834
1166,blue,powerlaw,3,5,3.2380950450897217,4.811826316853517,1.573731271763795,2.3122028350830077,13.157000051906834
1166,red,constant,1,5,0.5437507629394531,1.2186020612716675,0.6748512983322144,0.2801997423171997,13.157000051905925
1166,red,constant,2,4,1.1215876340866089,1.2186020612716675,0.0970144271850586,0.31091538071632385,13.157000051905925
1166,red,constant,3,5,1.237240195274353,1.2186020612716675,-0.018638134002685547,0.34523496627807615,13.157000051905925
1166,red,powerlaw,1,5,0.5437507629394531,0.9175233370589162,0.3737725741194631,0.2801997423171997,13.157000051905925
1166,red,powerlaw,2,4,1.1215876340866089,0.9020195245763116,-0.21956810951029726,0.31091538071632385,13.157000051905925
1166,red,powerlaw,3,5,1.237240195274353,0.8869492808281395,-0.3502909144462135,0.34523496627807615,13.157000051905925
7919,blue,constant,1,4,4.727195739746094,3.77520751953125,-0.9519882202148438,1.160947322845459,14.19850667382434
7919,blue,constant,2,4,5.249503135681152,3.77520751953125,-1.4742956161499023,1.5346864461898804,14.19850667382434
7919,blue,constant,3,5,2.429797649383545,3.77520751953125,1.345409870147705,2.4638544082641602,14.19850667382434
7919,blue,powerlaw,1,4,4.727195739746094,4.031146749158036,-0.696048990588058,1.160947322845459,14.19850667382434
7919,blue,powerlaw,2,4,5.249503135681152,4.343082460083764,-0.9064206755973885,1.5346864461898804,14.19850667382434
7919,blue,powerlaw,3,5,2.429797649383545,4.734860375446461,2.305062726062916,2.4638544082641602,14.19850667382434
7919,red,constant,1,4,1.3365345001220703,0.9639371633529663,-0.372597336769104,0.21116584539413452,14.19850667382525
7919,red,constant,2,4,1.1500325202941895,0.9639371633529663,-0.18609535694122314,0.24342598021030426,14.19850667382525
7919,red,constant,3,5,1.5398656129837036,0.9639371633529663,-0.5759284496307373,0.2330737829208374,14.19850667382525
7919,red,powerlaw,1,4,1.3365345001220703,1.1825759154967292,-0.15395858462534107,0.21116584539413452,14.19850667382525
7919,red,powerlaw,2,4,1.1500325202941895,1.2349712030028748,0.08493868270868532,0.24342598021030426,14.19850667382525
7919,red,powerlaw,3,5,1.5398656129837036,1.2960695602643866,-0.24379605271931704,0.2330737829208374,14.19850667382525
7042,blue,constant,1,4,1.3145009279251099,1.0474759340286255,-0.2670249938964844,0.9432312250137329,11.855209137432666
7042,blue,constant,2,4,2.722628355026245,1.0474759340286255,-1.6751524209976196,1.2911961078643799,11.855209137432666
7042,blue,constant,3,4,1.4831668138504028,1.0474759340286255,-0.43569087982177734,2.1525826454162598,11.855209137432666
7042,blue,powerlaw,1,4,1.3145009279251099,1.3568909729864855,0.04239004506137567,0.9432312250137329,11.855209137432666
7042,blue,powerlaw,2,4,2.722628355026245,1.4006111272167447,-1.3220172278095004,1.2911961078643799,11.855209137432666
7042,blue,powerlaw,3,4,1.4831668138504028,1.44702802671928,-0.03613878713112273,2.1525826454162598,11.855209137432666
7042,red,constant,1,4,0.49118155241012573,0.6426703929901123,0.15148884057998657,0.24042962491512299,11.855209137433121
7042,red,constant,2,4,1.3697091341018677,0.6426703929901123,-0.7270387411117554,0.24234387278556824,11.855209137433121
7042,red,constant,3,4,1.325006127357483,0.6426703929901123,-0.6823357343673706,0.2874448299407959,11.855209137433121
7042,red,powerlaw,1,4,0.49118155241012573,0.5279299083712843,0.03674835596115855,0.24042962491512299,11.855209137433121
7042,red,powerlaw,2,4,1.3697091341018677,0.5107178443578517,-0.858991289744016,0.24234387278556824,11.855209137433121
7042,red,powerlaw,3,4,1.325006127357483,0.4942419067467994,-0.8307642206106836,0.2874448299407959,11.855209137433121
3931,blue,constant,1,4,1.6579220294952393,1.9293625354766846,0.2714405059814453,0.4687926471233368,9.022803679729805
3931,blue,constant,2,4,1.272440791130066,1.9293625354766846,0.6569217443466187,0.6120923161506653,9.022803679729805
3931,blue,constant,3,5,1.6463725566864014,1.9293625354766846,0.2829899787902832,0.8706969261169434,9.022803679729805
3931,blue,powerlaw,1,4,1.6579220294952393,1.758251985273945,0.10032995577870585,0.4687926471233368,9.022803679729805
3931,blue,powerlaw,2,4,1.272440791130066,1.8194744471077198,0.5470336559776539,0.6120923161506653,9.022803679729805
3931,blue,powerlaw,3,5,1.6463725566864014,1.892982347775766,0.24660979108936454,0.8706969261169434,9.022803679729805
3931,red,constant,1,4,1.1076343059539795,0.9897382855415344,-0.11789602041244507,0.11985324323177338,9.022803679730714
3931,red,constant,2,4,1.1291983127593994,0.9897382855415344,-0.139460027217865,0.12913404405117035,9.022803679730714
3931,red,constant,3,5,1.165923833847046,0.9897382855415344,-0.17618554830551147,0.12913153171539307,9.022803679730714
3931,red,powerlaw,1,4,1.1076343059539795,1.0261705645567485,-0.081463741397231,0.11985324323177338,9.022803679730714
3931,red,powerlaw,2,4,1.1291983127593994,1.0421536875508426,-0.08704462520855683,0.12913404405117035,9.022803679730714
3931,red,powerlaw,3,5,1.165923833847046,1.0602428744501755,-0.10568095939687039,0.12913153171539307,9.022803679730714
10973,blue,constant,1,4,1.7896130084991455,3.1680312156677246,1.378418207168579,0.8697934746742249,19.980995648944827
10973,blue,constant,2,4,2.3670055866241455,3.1680312156677246,0.8010256290435791,1.1568431854248047,19.980995648944827
10973,blue,constant,3,5,3.1785848140716553,3.1680312156677246,-0.010553598403930664,2.3144140243530273,19.980995648944827
10973,blue,powerlaw,1,4,1.7896130084991455,3.2959162990217066,1.506303290522561,0.8697934746742249,19.980995648944827
10973,blue,powerlaw,2,4,2.3670055866241455,3.5205571242195814,1.153551537595436,1.1568431854248047,19.980995648944827
10973,blue,powerlaw,3,5,3.1785848140716553,3.800190549457038,0.6216057353853826,2.3144140243530273,19.980995648944827
10973,red,constant,1,4,0.6950869560241699,1.2756121158599854,0.5805251598358154,0.22083787620067596,19.980995648944372
10973,red,constant,2,4,1.0887912511825562,1.2756121158599854,0.1868208646774292,0.22305476665496826,19.980995648944372
10973,red,constant,3,5,0.8536485433578491,1.2756121158599854,0.42196357250213623,0.2275399684906006,19.980995648944372
10973,red,powerlaw,1,4,0.6950869560241699,1.0538680864618941,0.3587811304377242,0.22083787620067596,19.980995648944372
10973,red,powerlaw,2,4,1.0887912511825562,1.0559953691502724,-0.032795882032283785,0.22305476665496826,19.980995648944372
10973,red,powerlaw,3,5,0.8536485433578491,1.0583674516757864,0.20471890831793726,0.2275399684906006,19.980995648944372
6000,blue,constant,1,4,0.6626170873641968,1.5863744020462036,0.9237573146820068,1.3520582914352417,3.7626777112918717
6000,blue,constant,2,4,0.912185788154602,1.5863744020462036,0.6741886138916016,1.8930487632751465,3.7626777112918717
6000,blue,constant,3,5,7.6727776527404785,1.5863744020462036,-6.086403250694275,3.756295013427734,3.7626777112918717
6000,blue,powerlaw,1,4,0.6626170873641968,2.4075610845827193,1.7449439972185226,1.3520582914352417,3.7626777112918717
6000,blue,powerlaw,2,4,0.912185788154602,2.559354123712538,1.6471683355579358,1.8930487632751465,3.7626777112918717
6000,blue,powerlaw,3,5,7.6727776527404785,2.7470307959489686,-4.92574685679151,3.756295013427734,3.7626777112918717
6000,red,constant,1,4,1.029722809791565,1.5770747661590576,0.5473519563674927,0.26444241404533386,3.762677711292781
6000,red,constant,2,4,1.493321418762207,1.5770747661590576,0.08375334739685059,0.29382333159446716,3.762677711292781
6000,red,constant,3,5,1.2071908712387085,1.5770747661590576,0.3698838949203491,0.2813718795776367,3.762677711292781
6000,red,powerlaw,1,4,1.029722809791565,1.815951029872934,0.7862282200813691,0.26444241404533386,3.762677711292781
6000,red,powerlaw,2,4,1.493321418762207,2.002027184677542,0.5087057659153351,0.29382333159446716,3.762677711292781
6000,red,powerlaw,3,5,1.2071908712387085,2.2321787953569054,1.024987924118197,0.2813718795776367,3.762677711292781
2035,blue,constant,1,4,2.0819127559661865,4.555616855621338,2.4737040996551514,0.7640271782875061,16.60132824785478
2035,blue,constant,2,4,3.1061058044433594,4.555616855621338,1.4495110511779785,0.9957295656204224,16.60132824785478
2035,blue,constant,3,5,5.335814952850342,4.555616855621338,-0.7801980972290039,1.506984043121338,16.60132824785478
2035,blue,powerlaw,1,4,2.0819127559661865,4.43334410192831,2.3514313459621237,0.7640271782875061,16.60132824785478
2035,blue,powerlaw,2,4,3.1061058044433594,4.745492331110446,1.6393865266670868,0.9957295656204224,16.60132824785478
2035,blue,powerlaw,3,5,5.335814952850342,5.1348097911193635,-0.20100516173097827,1.506984043121338,16.60132824785478
2035,red,constant,1,4,0.6607255935668945,1.102116346359253,0.4413907527923584,0.2256121039390564,16.601328247854326
2035,red,constant,2,4,1.2162269353866577,1.102116346359253,-0.11411058902740479,0.26462674140930176,16.601328247854326
2035,red,constant,3,5,0.9091475605964661,1.102116346359253,0.19296878576278687,0.26083543300628664,16.601328247854326
2035,red,powerlaw,1,4,0.6607255935668945,0.8924711521166907,0.23174555854979617,0.2256121039390564,16.601328247854326
2035,red,powerlaw,2,4,1.2162269353866577,0.8787855265219732,-0.33744140886468454,0.26462674140930176,16.601328247854326
2035,red,powerlaw,3,5,0.9091475605964661,0.8638076561738567,-0.04533990442260938,0.26083543300628664,16.601328247854326
11651,blue,constant,1,5,1.8072388172149658,3.07682728767395,1.2695884704589844,1.953732681274414,20.747888532416255
11651,blue,constant,2,4,2.48402738571167,3.07682728767395,0.5927999019622803,3.0793774127960205,20.747888532416255
11651,blue,constant,3,5,3.2899386882781982,3.07682728767395,-0.21311140060424805,5.615488433837891,20.747888532416255
11651,blue,powerlaw,1,5,1.8072388172149658,3.3936144459260644,1.5863756287110986,1.953732681274414,20.747888532416255
11651,blue,powerlaw,2,4,2.48402738571167,3.6510005885736954,1.1669732028620254,3.0793774127960205,20.747888532416255
11651,blue,powerlaw,3,5,3.2899386882781982,3.937052017975205,0.6471133296970066,5.615488433837891,20.747888532416255
11651,red,constant,1,5,0.8096210360527039,1.105735421180725,0.29611438512802124,0.32044544219970705,20.747888532414436
11651,red,constant,2,4,0.7072649002075195,1.105735421180725,0.39847052097320557,0.38188111782073975,20.747888532414436
11651,red,constant,3,5,0.6553348302841187,1.105735421180725,0.45040059089660645,0.4522602081298828,20.747888532414436
11651,red,powerlaw,1,5,0.8096210360527039,1.3075935624348463,0.4979725263821424,0.32044544219970705,20.747888532414436
11651,red,powerlaw,2,4,0.7072649002075195,1.3595276697996541,0.6522627695921346,0.38188111782073975,20.747888532414436
11651,red,powerlaw,3,5,0.6553348302841187,1.4129980440727286,0.7576632137886099,0.4522602081298828,20.747888532414436
440,blue,constant,1,4,0.3502686023712158,0.4786062240600586,0.12833762168884277,0.2372487336397171,14.462765338320423
440,blue,constant,2,4,0.7128428816795349,0.4786062240600586,-0.23423665761947632,0.34258538484573364,14.462765338320423
440,blue,constant,3,4,2.4722445011138916,0.4786062240600586,-1.993638277053833,0.5985884666442871,14.462765338320423
440,blue,powerlaw,1,4,0.3502686023712158,0.6264066726503189,0.2761380702791031,0.2372487336397171,14.462765338320423
440,blue,powerlaw,2,4,0.7128428816795349,0.6534939587354688,-0.05934892294406613,0.34258538484573364,14.462765338320423
440,blue,powerlaw,3,4,2.4722445011138916,0.6825692713115854,-1.7896752298023062,0.5985884666442871,14.462765338320423
440,red,constant,1,4,0.9662755727767944,0.9578065872192383,-0.008468985557556152,0.05216339975595474,14.462765338321333
440,red,constant,2,4,0.997351348400116,0.9578065872192383,-0.039544761180877686,0.05591820925474167,14.462765338321333
440,red,constant,3,4,1.0294214487075806,0.9578065872192383,-0.07161486148834229,0.07472770661115646,14.462765338321333
440,red,powerlaw,1,4,0.9662755727767944,0.9735064564476559,0.007230883670861443,0.05216339975595474,14.462765338321333
440,red,powerlaw,2,4,0.997351348400116,0.9845052109042888,-0.012846137495827192,0.05591820925474167,14.462765338321333
440,red,powerlaw,3,4,1.0294214487075806,0.9955077978467415,-0.033913650860839084,0.07472770661115646,14.462765338321333
2272,blue,constant,1,5,1.7297074794769287,2.6264829635620117,0.896775484085083,0.5043598651885987,20.44198522179613
2272,blue,constant,2,4,2.7928764820098877,2.6264829635620117,-0.16639351844787598,0.7657192945480347,20.44198522179613
2272,blue,constant,3,5,1.3995325565338135,2.6264829635620117,1.2269504070281982,1.2017935752868651,20.44198522179613
2272,blue,powerlaw,1,5,1.7297074794769287,2.956161587012243,1.2264541075353144,0.5043598651885987,20.44198522179613
2272,blue,powerlaw,2,4,2.7928764820098877,3.1458166439033506,0.3529401618934629,0.7657192945480347,20.44198522179613
2272,blue,powerlaw,3,5,1.3995325565338135,3.354140487340085,1.9546079308062714,1.2017935752868651,20.44198522179613
2272,red,constant,1,5,0.7885537147521973,1.0072612762451172,0.21870756149291992,0.15130147933959961,20.44198522179613
2272,red,constant,2,4,0.9143782258033752,1.0072612762451172,0.09288305044174194,0.1702350676059723,20.44198522179613
2272,red,constant,3,5,0.8699252009391785,1.0072612762451172,0.13733607530593872,0.16958727836608886,20.44198522179613
2272,red,powerlaw,1,5,0.7885537147521973,0.9552713097791985,0.16671759502700123,0.15130147933959961,20.44198522179613
2272,red,powerlaw,2,4,0.9143782258033752,0.9584153488799443,0.04403712307656904,0.1702350676059723,20.44198522179613
2272,red,powerlaw,3,5,0.8699252009391785,0.9615354065903938,0.09161020565121536,0.16958727836608886,20.44198522179613
5889,blue,constant,1,4,3.230233669281006,3.586287498474121,0.35605382919311523,0.34185129404067993,23.368079797895007
5889,blue,constant,2,4,4.177865505218506,3.586287498474121,-0.5915780067443848,0.449489951133728,23.368079797895007
5889,blue,constant,3,5,4.670638084411621,3.5862877368927,-1.084350347518921,0.6011818885803223,23.368079797895007
5889,blue,powerlaw,1,4,3.230233669281006,3.646242139694139,0.41600847041313305,0.34185129404067993,23.368079797895007
5889,blue,powerlaw,2,4,4.177865505218506,3.7668049803260955,-0.4110605248924104,0.449489951133728,23.368079797895007
5889,blue,powerlaw,3,5,4.670638084411621,3.911477880760313,-0.7591602036513079,0.6011818885803223,23.368079797895007
5889,red,constant,1,4,0.9346917271614075,0.9719794988632202,0.037287771701812744,0.10517650842666626,23.368079797895916
5889,red,constant,2,4,1.0791149139404297,0.9719794988632202,-0.10713541507720947,0.11980219930410385,23.368079797895916
5889,red,constant,3,5,0.9192794561386108,0.9719794988632202,0.052700042724609375,0.1471221089363098,23.368079797895916
5889,red,powerlaw,1,4,0.9346917271614075,0.9381296046988602,0.003437877537452727,0.10517650842666626,23.368079797895916
5889,red,powerlaw,2,4,1.0791149139404297,0.9247267043636503,-0.15438820957677934,0.11980219930410385,23.368079797895916
5889,red,powerlaw,3,5,0.9192794561386108,0.9100447296688898,-0.00923472646972101,0.1471221089363098,23.368079797895916
3447,blue,constant,1,4,5.177346706390381,4.036135673522949,-1.1412110328674316,1.24146568775177,15.713273920077881
3447,blue,constant,2,4,3.3074984550476074,4.036135673522949,0.7286372184753418,1.6109224557876587,15.713273920077881
3447,blue,constant,3,5,6.576718807220459,4.036135673522949,-2.5405831336975098,2.911308479309082,15.713273920077881
3447,blue,powerlaw,1,4,5.177346706390381,5.362229170209224,0.18488246381884288,1.24146568775177,15.713273920077881
3447,blue,powerlaw,2,4,3.3074984550476074,6.101603399797829,2.794104944750222,1.6109224557876587,15.713273920077881
3447,blue,powerlaw,3,5,6.576718807220459,7.088270406520832,0.5115515993003728,2.911308479309082,15.713273920077881
3447,red,constant,1,4,1.6514873504638672,1.097126841545105,-0.5543605089187622,0.1743396371603012,15.713273920076972
3447,red,constant,2,4,0.9435967206954956,1.097126841545105,0.15353012084960938,0.18524080514907837,15.713273920076972
3447,red,constant,3,5,1.4986095428466797,1.097126841545105,-0.4014827013015747,0.17710887193679808,15.713273920076972
3447,red,powerlaw,1,4,1.6514873504638672,0.8491654841800343,-0.8023218662838328,0.1743396371603012,15.713273920076972
3447,red,powerlaw,2,4,0.9435967206954956,0.8309701301561822,-0.11262659053931345,0.18524080514907837,15.713273920076972
3447,red,powerlaw,3,5,1.4986095428466797,0.811188723753701,-0.6874208190929787,0.17710887193679808,15.713273920076972
8710,blue,constant,1,4,4.794255256652832,3.2534239292144775,-1.5408313274383545,2.2023727893829346,11.319527116643712
8710,blue,constant,2,4,2.524902582168579,3.2534239292144775,0.7285213470458984,3.146075487136841,11.319527116643712
8710,blue,constant,3,5,8.521437644958496,3.2534241676330566,-5.2680134773254395,4.315248489379883,11.319527116643712
8710,blue,powerlaw,1,4,4.794255256652832,3.552505129344741,-1.2417501273080909,2.2023727893829346,11.319527116643712
8710,blue,powerlaw,2,4,2.524902582168579,3.5799587397065116,1.0550561575379325,3.146075487136841,11.319527116643712
8710,blue,powerlaw,3,5,8.521437644958496,3.611977859515636,-4.90945978544286,4.315248489379883,11.319527116643712
8710,red,constant,1,4,0.8320688009262085,1.3881856203079224,0.5561168193817139,0.5623767971992493,11.319527116642348
8710,red,constant,2,4,0.6652787327766418,1.3881856203079224,0.7229068875312805,0.5446704030036926,11.319527116642348
8710,red,constant,3,5,1.3293812274932861,1.3881856203079224,0.05880439281463623,0.54078688621521,11.319527116642348
8710,red,powerlaw,1,4,0.8320688009262085,1.369287808866824,0.5372190079406156,0.5623767971992493,11.319527116642348
8710,red,powerlaw,2,4,0.6652787327766418,1.3993393002006957,0.7340605674240539,0.5446704030036926,11.319527116642348
8710,red,powerlaw,3,5,1.3293812274932861,1.4335778873516343,0.10419665985834814,0.54078688621521,11.319527116642348
7767,blue,constant,1,4,2.363089084625244,1.8759630918502808,-0.4871259927749634,0.49181368947029114,3.8137787925929842
7767,blue,constant,2,4,2.859805107116699,1.8759630918502808,-0.9838420152664185,0.6766288876533508,3.8137787925929842
7767,blue,constant,3,5,-0.2633076608181,1.8759629726409912,2.139270633459091,1.2194149017333984,3.8137787925929842
7767,blue,powerlaw,1,4,2.363089084625244,1.9241132533159528,-0.4389758313092913,0.49181368947029114,3.8137787925929842
7767,blue,powerlaw,2,4,2.859805107116699,2.031109198335218,-0.8286959087814814,0.6766288876533508,3.8137787925929842
7767,blue,powerlaw,3,5,-0.2633076608181,2.1623777846052636,2.4256854454233636,1.2194149017333984,3.8137787925929842
7767,red,constant,1,4,1.2186896800994873,1.006750464439392,-0.21193921566009521,0.11005242168903351,3.81377879259162
7767,red,constant,2,4,0.9015277028083801,1.006750464439392,0.10522276163101196,0.11753250658512115,3.81377879259162
7767,red,constant,3,5,0.9286497831344604,1.006750464439392,0.07810068130493164,0.11646487712860107,3.81377879259162
7767,red,powerlaw,1,4,1.2186896800994873,1.154559922734187,-0.06412975736530035,0.11005242168903351,3.81377879259162
7767,red,powerlaw,2,4,0.9015277028083801,1.1901085676951468,0.2885808648867667,0.11753250658512115,3.81377879259162
7767,red,powerlaw,3,5,0.9286497831344604,1.2309989551748475,0.302349172040387,0.11646487712860107,3.81377879259162
4600,blue,constant,1,4,4.513846397399902,2.8456966876983643,-1.668149709701538,1.0252151489257812,9.525017388141805
4600,blue,constant,2,5,5.546957492828369,2.8456966876983643,-2.701260805130005,1.5778082847595214,9.525017388141805
4600,blue,constant,3,5,8.849285125732422,2.8456966876983643,-6.003588438034058,2.7722082138061523,9.525017388141805
4600,blue,powerlaw,1,4,4.513846397399902,2.6716946942707263,-1.842151703129176,1.0252151489257812,9.525017388141805
4600,blue,powerlaw,2,5,5.546957492828369,2.682442940036832,-2.864514552791537,1.5778082847595214,9.525017388141805
4600,blue,powerlaw,3,5,8.849285125732422,2.694770595105863,-6.1545145306265585,2.7722082138061523,9.525017388141805
4600,red,constant,1,4,1.2371532917022705,1.2015836238861084,-0.03556966781616211,0.2940153479576111,9.52501738814135
4600,red,constant,2,5,1.1483787298202515,1.2015836238861084,0.053204894065856934,0.2759515047073364,9.52501738814135
4600,red,constant,3,5,0.5532735586166382,1.2015836238861084,0.6483100652694702,0.30659162998199463,9.52501738814135
4600,red,powerlaw,1,4,1.2371532917022705,0.851591532556479,-0.3855617591457915,0.2940153479576111,9.52501738814135
4600,red,powerlaw,2,5,1.1483787298202515,0.8463328909355203,-0.30204583888473113,0.2759515047073364,9.52501738814135
4600,red,powerlaw,3,5,0.5532735586166382,0.8405887752074876,0.28731521659084946,0.30659162998199463,9.52501738814135
9391,blue,constant,1,4,4.2156267166137695,2.8659820556640625,-1.349644660949707,0.8936842083930969,13.155404284871565
9391,blue,constant,2,4,4.899871349334717,2.8659820556640625,-2.0338892936706543,1.188620686531067,13.155404284871565
9391,blue,constant,3,5,2.7588889598846436,2.8659820556640625,0.10709309577941895,1.7235647201538087,13.155404284871565
9391,blue,powerlaw,1,4,4.2156267166137695,3.9328918702635645,-0.28273484635020507,0.8936842083930969,13.155404284871565
9391,blue,powerlaw,2,4,4.899871349334717,4.187650453010669,-0.7122208963240482,1.188620686531067,13.155404284871565
9391,blue,powerlaw,3,5,2.7588889598846436,4.503426251989191,1.7445372921045479,1.7235647201538087,13.155404284871565
9391,red,constant,1,4,1.049973964691162,0.9910197854042053,-0.05895417928695679,0.17803986370563507,13.15540428487293
9391,red,constant,2,4,0.8783053755760193,0.9910197854042053,0.11271440982818604,0.18245863914489746,13.15540428487293
9391,red,constant,3,5,0.9042443037033081,0.9910198450088501,0.08677554130554199,0.21190414428710938,13.15540428487293
9391,red,powerlaw,1,4,1.049973964691162,1.1091831767447335,0.059209212053571436,0.17803986370563507,13.15540428487293
9391,red,powerlaw,2,4,0.8783053755760193,1.135588508138533,0.2572831325625138,0.18245863914489746,13.15540428487293
9391,red,powerlaw,3,5,0.9042443037033081,1.1657302812373325,0.26148597753402436,0.21190414428710938,13.15540428487293
11356,blue,constant,1,4,3.422663450241089,4.485622882843018,1.0629594326019287,2.432168960571289,9.319691757818418
11356,blue,constant,2,5,4.031517028808594,4.485622882843018,0.45410585403442383,2.8638322830200194,9.319691757818418
11356,blue,constant,3,5,10.919114112854004,4.485622882843018,-6.433491230010986,5.942473220825195,9.319691757818418
11356,blue,powerlaw,1,4,3.422663450241089,6.6085924225230945,3.1859289722820057,2.432168960571289,9.319691757818418
11356,blue,powerlaw,2,5,4.031517028808594,7.59422225679991,3.562705227991316,2.8638322830200194,9.319691757818418
11356,blue,powerlaw,3,5,10.919114112854004,8.897476461148297,-2.0216376517057064,5.942473220825195,9.319691757818418
11356,red,constant,1,4,-0.029641419649124146,0.9791282415390015,1.0087696611881256,0.5845624804496765,9.319691757818873
11356,red,constant,2,5,1.4693076610565186,0.9791282415390015,-0.4901794195175171,0.5999451637268066,9.319691757818873
11356,red,constant,3,5,0.8823353052139282,0.9791282415390015,0.09679293632507324,0.7425611019134521,9.319691757818873
11356,red,powerlaw,1,4,-0.029641419649124146,0.87195525785372,0.9015966775028441,0.5845624804496765,9.319691757818873
11356,red,powerlaw,2,5,1.4693076610565186,0.8757272240393178,-0.5935804370172008,0.5999451637268066,9.319691757818873
11356,red,powerlaw,3,5,0.8823353052139282,0.8798924072279476,-0.00244289798598063,0.7425611019134521,9.319691757818873
7517,blue,constant,1,4,3.012826442718506,2.1775918006896973,-0.8352346420288086,0.6560026407241821,17.22947902721853
7517,blue,constant,2,4,-0.07601866126060486,2.1775918006896973,2.253610461950302,0.8352916240692139,17.22947902721853
7517,blue,constant,3,5,3.1260085105895996,2.1775918006896973,-0.9484167098999023,1.0752320289611816,17.22947902721853
7517,blue,powerlaw,1,4,3.012826442718506,2.234772155157218,-0.7780542875612877,0.6560026407241821,17.22947902721853
7517,blue,powerlaw,2,4,-0.07601866126060486,2.2971941247927603,2.373212786053365,0.8352916240692139,17.22947902721853
7517,blue,powerlaw,3,5,3.1260085105895996,2.3716466051053953,-0.7543619054842043,1.0752320289611816,17.22947902721853
7517,red,constant,1,4,0.6629845499992371,0.9561676383018494,0.2931830883026123,0.1464056372642517,17.229479027218986
7517,red,constant,2,4,1.0407328605651855,0.9561676383018494,-0.08456522226333618,0.15218906104564667,17.229479027218986
7517,red,constant,3,5,1.0091606378555298,0.9561675786972046,-0.052993059158325195,0.21196177005767822,17.229479027218986
7517,red,powerlaw,1,4,0.6629845499992371,0.9076953242858542,0.24471077428661714,0.1464056372642517,17.229479027218986
7517,red,powerlaw,2,4,1.0407328605651855,0.9065383420205302,-0.13419451854465536,0.15218906104564667,17.229479027218986
7517,red,powerlaw,3,5,1.0091606378555298,0.905252640515078,-0.10390799734045175,0.21196177005767822,17.229479027218986
11636,blue,constant,1,4,2.8093185424804688,2.021456003189087,-0.7878625392913818,0.9974675178527832,5.055970695653286
11636,blue,constant,2,4,2.445190906524658,2.021456003189087,-0.4237349033355713,1.4316308498382568,5.055970695653286
11636,blue,constant,3,4,4.798456192016602,2.021456003189087,-2.7770001888275146,2.7570254802703857,5.055970695653286
11636,blue,powerlaw,1,4,2.8093185424804688,1.9461039443772075,-0.8632145981032613,0.9974675178527832,5.055970695653286
11636,blue,powerlaw,2,4,2.445190906524658,1.8671093180292784,-0.5780815884953798,1.4316308498382568,5.055970695653286
11636,blue,powerlaw,3,4,4.798456192016602,1.7892815620733904,-3.009174629943211,2.7570254802703857,5.055970695653286
11636,red,constant,1,4,0.915611743927002,0.5541430115699768,-0.36146873235702515,0.20531831681728363,5.055970695653741
11636,red,constant,2,4,1.3279836177825928,0.5541430115699768,-0.773840606212616,0.21474923193454742,5.055970695653741
11636,red,constant,3,4,0.926243245601654,0.5541430115699768,-0.37210023403167725,0.2322043776512146,5.055970695653741
11636,red,powerlaw,1,4,0.915611743927002,0.7356258481230316,-0.1799858958039704,0.20531831681728363,5.055970695653741
11636,red,powerlaw,2,4,1.3279836177825928,0.7096350538719722,-0.6183485639106205,0.21474923193454742,5.055970695653741
11636,red,powerlaw,3,4,0.926243245601654,0.6848201357027329,-0.24142310989892113,0.2322043776512146,5.055970695653741
