row,targetid,z,wave_observed_aa,flux_native,flux_normalized,ivar_native,sigma_normalized,mask,used,in_first_bin
8235,2851358562582529,0.0855089106947394,3600.0,4.357113361358643,0.2043097355722792,0.10345101356506348,0.1457883522147494,0,True,True
8235,2851358562582529,0.0855089106947394,3600.8,13.835527420043945,0.6487627734823865,0.0848182961344719,0.16100724928234547,0,True,True
8235,2851358562582529,0.0855089106947394,3601.6000000000004,7.010082721710205,0.3287103245727386,0.08095825463533401,0.16480092082813405,0,True,True
8235,2851358562582529,0.0855089106947394,3602.4000000000005,6.532937526702881,0.30633647277303877,0.09091240167617798,0.15551727465906187,0,True,True
8235,2851358562582529,0.0855089106947394,3603.2000000000007,8.615084648132324,0.40397059254934453,0.09995145350694656,0.14831860951768502,0,True,True
8235,2851358562582529,0.0855089106947394,3604.000000000001,2.1256442070007324,0.09967374493961886,0.11055999994277954,0.14102340206980354,0,True,True
8235,2851358562582529,0.0855089106947394,3604.800000000001,5.668770790100098,0.2658147642924911,0.09805697947740555,0.14974452299596733,0,True,True
8235,2851358562582529,0.0855089106947394,3605.6000000000013,0.3936772048473358,0.01845994789497804,0.10203533619642258,0.14679623007891263,0,True,True
8235,2851358562582529,0.0855089106947394,3606.4000000000015,7.362761974334717,0.34524783435721534,0.11420266330242157,0.1387561005121166,0,True,True
8235,2851358562582529,0.0855089106947394,3607.2000000000016,11.939918518066406,0.5598756316085465,0.10246234387159348,0.14649002704696926,0,True,True
8235,2851358562582529,0.0855089106947394,3608.000000000002,5.309277057647705,0.24895771621368296,0.08460257947444916,0.16121238389454812,0,True,True
8235,2851358562582529,0.0855089106947394,3608.800000000002,3.4210946559906006,0.16041881093385765,0.1131669208407402,0.13938962595718665,0,True,True
8235,2851358562582529,0.0855089106947394,3609.600000000002,11.808655738830566,0.5537205785970741,0.10016971826553345,0.14815693201707178,0,True,False
8235,2851358562582529,0.0855089106947394,3610.4000000000024,2.411949396133423,0.11309890344098762,0.10294094681739807,0.14614909255091368,0,True,False
8235,2851358562582529,0.0855089106947394,3611.2000000000025,10.580842971801758,0.4961471163161427,0.09166517853736877,0.154877385274531,0,True,False
8235,2851358562582529,0.0855089106947394,3612.0000000000027,9.71393871307373,0.45549704247643497,0.11456142365932465,0.13853866596660322,0,True,False
8235,2851358562582529,0.0855089106947394,3612.800000000003,8.523841857910156,0.39969211990080294,0.11688078939914703,0.13715720748028554,0,True,False
8235,2851358562582529,0.0855089106947394,3613.600000000003,6.771664619445801,0.3175306431209583,0.12409000843763351,0.13311340580045736,0,True,False
8235,2851358562582529,0.0855089106947394,3614.4000000000033,7.116128921508789,0.3336829450309168,0.11055071651935577,0.14102932311903807,0,True,False
8235,2851358562582529,0.0855089106947394,3615.2000000000035,5.766348361968994,0.270390281671296,0.1319650560617447,0.12908052676780166,0,True,False
8235,2851358562582529,0.0855089106947394,3616.0000000000036,9.351910591125488,0.4385211541461139,0.10790210962295532,0.14274970994460828,0,True,False
8235,2851358562582529,0.0855089106947394,3616.800000000004,9.805658340454102,0.45979787453259896,0.10509958118200302,0.14464043180542346,0,True,False
8235,2851358562582529,0.0855089106947394,3617.600000000004,11.699423789978027,0.5485985749365708,0.08146625012159348,0.16428629641842835,0,True,False
8235,2851358562582529,0.0855089106947394,3618.400000000004,1.8571712970733643,0.0870847612051041,0.11378941684961319,0.1390078308651182,0,True,False
8235,2851358562582529,0.0855089106947394,3619.2000000000044,2.3643798828125,0.11086831775687561,0.11161361634731293,0.14035620350646696,0,True,False
8235,2851358562582529,0.0855089106947394,3620.0000000000045,2.3970539569854736,0.11240044026567984,0.10976049304008484,0.14153608475492283,0,True,False
8235,2851358562582529,0.0855089106947394,3620.8000000000047,7.853226661682129,0.36824625149003093,0.11751309037208557,0.13678770987848743,0,True,False
8235,2851358562582529,0.0855089106947394,3621.600000000005,6.781946182250977,0.31801275666811196,0.11883038282394409,0.13602741788735748,0,True,False
8235,2851358562582529,0.0855089106947394,3622.400000000005,7.803744316101074,0.3659259710422417,0.13171252608299255,0.12920420936029295,0,True,False
8235,2851358562582529,0.0855089106947394,3623.2000000000053,8.937211036682129,0.4190754456498252,0.12301318347454071,0.1336947561483498,0,True,False
8235,2851358562582529,0.0855089106947394,3624.0000000000055,2.9905483722686768,0.14023003224405453,0.11344243586063385,0.13922025687883804,0,True,False
8235,2851358562582529,0.0855089106947394,3624.8000000000056,8.001657485961914,0.3752063326135393,0.11942897737026215,0.13568609554890454,0,True,False
8235,2851358562582529,0.0855089106947394,3625.600000000006,1.6590145826339722,0.07779297956636344,0.12019418179988861,0.13525348982714727,0,True,False
8235,2851358562582529,0.0855089106947394,3626.400000000006,2.4900646209716797,0.1167618104179814,0.13496458530426025,0.12763808804388488,0,True,False
8235,2851358562582529,0.0855089106947394,3627.200000000006,6.898637771606445,0.3234845509014598,0.1316017508506775,0.12925857647769015,0,True,False
8235,2851358562582529,0.0855089106947394,3628.0000000000064,4.2405500411987305,0.19884395601958182,0.1321926712989807,0.12896935058616601,0,True,False
8235,2851358562582529,0.0855089106947394,3628.8000000000065,7.262588977813721,0.34055061472272186,0.13208222389221191,0.129023261526509,0,True,False
8235,2851358562582529,0.0855089106947394,3629.6000000000067,8.187840461730957,0.38393665275732636,0.13745297491550446,0.12647745861027573,0,True,False
8235,2851358562582529,0.0855089106947394,3630.400000000007,0.9285206198692322,0.043539331338337546,0.11587510257959366,0.13775111934414017,0,True,False
8235,2851358562582529,0.0855089106947394,3631.200000000007,7.421070575714111,0.3479819874400947,0.1228138655424118,0.13380320057820283,0,True,False
8235,2851358562582529,0.0855089106947394,3632.0000000000073,8.077354431152344,0.3787558438547762,0.1361854076385498,0.12706469981601576,0,True,False
8235,2851358562582529,0.0855089106947394,3632.8000000000075,0.8745227456092834,0.041007312890216384,0.1487322449684143,0.12158713796349323,0,True,False
8235,2851358562582529,0.0855089106947394,3633.6000000000076,9.100569725036621,0.42673551038835966,0.11527005583047867,0.13811217054202382,0,True,False
8235,2851358562582529,0.0855089106947394,3634.400000000008,13.644308090209961,0.6397962932752919,0.11437483131885529,0.13865162665526778,0,True,False
8235,2851358562582529,0.0855089106947394,3635.200000000008,1.308820128440857,0.06137198465500686,0.14518195390701294,0.12306480952874821,0,True,False
8235,2851358562582529,0.0855089106947394,3636.000000000008,5.296133041381836,0.24834137914257218,0.14235275983810425,0.1242817204627093,0,True,False
8235,2851358562582529,0.0855089106947394,3636.8000000000084,6.611331939697266,0.31001247118319547,0.16299505531787872,0.11614566034891412,0,True,False
8235,2851358562582529,0.0855089106947394,3637.6000000000085,4.6531195640563965,0.21818978504202138,0.1451692283153534,0.12307020336535107,0,True,False
8235,2851358562582529,0.0855089106947394,3638.4000000000087,11.444535255432129,0.5366465771861061,0.13981717824935913,0.12540358028370022,0,True,False
8235,2851358562582529,0.0855089106947394,3639.200000000009,6.217283248901367,0.2915351039122166,0.13202565908432007,0.12905089780007842,0,True,False
8235,2851358562582529,0.0855089106947394,3640.000000000009,3.1472465991973877,0.14757778077691966,0.15106673538684845,0.12064401454751543,0,True,False
8235,2851358562582529,0.0855089106947394,3640.8000000000093,4.713579177856445,0.22102480141268527,0.14957892894744873,0.12124253068404704,0,True,False
8235,2851358562582529,0.0855089106947394,3641.6000000000095,3.618683338165283,0.16968395692826815,0.13817572593688965,0.1261462442763176,0,True,False
8235,2851358562582529,0.0855089106947394,3642.4000000000096,7.351757526397705,0.34473182394810614,0.15831291675567627,0.11785066219846346,0,True,False
8235,2851358562582529,0.0855089106947394,3643.20000000001,0.7530108094215393,0.035309487405214,0.16556963324546814,0.1152391002971643,0,True,False
8235,2851358562582529,0.0855089106947394,3644.00000000001,8.077348709106445,0.3787555755418847,0.15769292414188385,0.11808210842028956,0,True,False
8235,2851358562582529,0.0855089106947394,3644.80000000001,5.048654079437256,0.23673682422715156,0.13794273138046265,0.12625273407610038,0,True,False
8235,2851358562582529,0.0855089106947394,3645.6000000000104,4.366514205932617,0.20475055129355435,0.15814414620399475,0.11791353021486592,0,True,False
8235,2851358562582529,0.0855089106947394,3646.4000000000106,-0.25261783599853516,-0.011845522251366964,0.17257845401763916,0.11287477958439213,0,True,False
8235,2851358562582529,0.0855089106947394,3647.2000000000107,7.5668625831604,0.3548183316018208,0.14121107757091522,0.12478311383441089,0,True,False
8235,2851358562582529,0.0855089106947394,3648.000000000011,7.1228437423706055,0.3339978102090551,0.1735670417547226,0.1125528694820952,0,True,False
8235,2851358562582529,0.0855089106947394,3648.800000000011,-0.04020119458436966,-0.0018850772871929964,0.16076040267944336,0.11695011674424081,0,True,False
8235,2851358562582529,0.0855089106947394,3649.6000000000113,0.9107906818389893,0.04270795545934451,0.15901155769824982,0.11759147998481136,0,True,False
8235,2851358562582529,0.0855089106947394,3650.4000000000115,4.855073928833008,0.22765964259291854,0.15339890122413635,0.11972340996782053,0,True,False
8235,2851358562582529,0.0855089106947394,3651.2000000000116,8.541962623596191,0.4005418221092685,0.17600148916244507,0.11177174496794122,0,True,False
8235,2851358562582529,0.0855089106947394,3652.000000000012,5.436668395996094,0.2549312331946692,0.17750275135040283,0.11129807625416807,0,True,False
8235,2851358562582529,0.0855089106947394,3652.800000000012,2.4175660610198975,0.11336227490337158,0.18703202903270721,0.10842569376425547,0,True,False
8235,2851358562582529,0.0855089106947394,3653.600000000012,3.294560670852661,0.1544854961677764,0.1659027487039566,0.11512334810155066,0,True,False
8235,2851358562582529,0.0855089106947394,3654.4000000000124,5.830267429351807,0.27338751554426016,0.18321841955184937,0.10954829838910665,0,True,False
8235,2851358562582529,0.0855089106947394,3655.2000000000126,6.061960697174072,0.28425186227034205,0.17557179927825928,0.1119084350261577,0,True,False
8235,2851358562582529,0.0855089106947394,3656.0000000000127,3.59625506401062,0.16863227101104591,0.15522706508636475,0.1190163094579981,0,True,False
8235,2851358562582529,0.0855089106947394,3656.800000000013,2.882814645767212,0.1351782818423007,0.16422533988952637,0.11570979327017902,0,True,False
8235,2851358562582529,0.0855089106947394,3657.600000000013,2.097322702407837,0.09834571910359168,0.17409232258796692,0.11238294088323442,0,True,False
8235,2851358562582529,0.0855089106947394,3658.4000000000133,2.528528928756714,0.11856544321354415,0.1887681782245636,0.10792593259030116,0,True,False
8235,2851358562582529,0.0855089106947394,3659.2000000000135,2.4749948978424072,0.11605517487918765,0.1759183257818222,0.11179816125465915,0,True,False
8235,2851358562582529,0.0855089106947394,3660.0000000000136,7.195573329925537,0.33740817885665797,0.17913034558296204,0.11079129034799463,0,True,False
8235,2851358562582529,0.0855089106947394,3660.800000000014,4.141731262207031,0.19421023710273594,0.17402279376983643,0.11240538930093977,0,True,False
8235,2851358562582529,0.0855089106947394,3661.600000000014,10.08121395111084,0.4727189737282327,0.17242544889450073,0.11292484931031523,0,True,False
8235,2851358562582529,0.0855089106947394,3662.400000000014,5.9983015060424805,0.28126681427453204,0.13884337246418,0.12584258342583238,0,True,False
8235,2851358562582529,0.0855089106947394,3663.2000000000144,1.0030264854431152,0.047032991574259705,0.16927579045295715,0.11397058490881697,0,True,False
8235,2851358562582529,0.0855089106947394,3664.0000000000146,3.0230519771575928,0.14175416126463378,0.1842380166053772,0.10924475060014688,0,True,False
8235,2851358562582529,0.0855089106947394,3664.8000000000147,5.233491897583008,0.24540406848203591,0.19138982892036438,0.1071842010915891,0,True,False
8235,2851358562582529,0.0855089106947394,3665.600000000015,4.439904689788818,0.2081919100801218,0.1788535714149475,0.11087698143319805,0,True,False
8235,2851358562582529,0.0855089106947394,3666.400000000015,7.178505897521973,0.33660786857963026,0.19694125652313232,0.10566273554439419,0,True,False
8235,2851358562582529,0.0855089106947394,3667.2000000000153,5.946714878082275,0.2788478617609053,0.21748951077461243,0.10054744613721556,0,True,False
8235,2851358562582529,0.0855089106947394,3668.0000000000155,4.568004608154297,0.21419865314083494,0.1845780611038208,0.10914407449250885,0,True,False
8235,2851358562582529,0.0855089106947394,3668.8000000000156,8.464323997497559,0.39690126336019327,0.16801930963993073,0.11439593818252433,0,True,False
8235,2851358562582529,0.0855089106947394,3669.600000000016,3.9851508140563965,0.18686801134355355,0.1547359973192215,0.11920501401831332,0,True,False
8235,2851358562582529,0.0855089106947394,3670.400000000016,3.202676773071289,0.15017696129568653,0.19718560576438904,0.10559724746624423,0,True,False
8235,2851358562582529,0.0855089106947394,3671.200000000016,6.007356643676758,0.2816914194252809,0.2227870374917984,0.0993448236337294,0,True,False
8235,2851358562582529,0.0855089106947394,3672.0000000000164,7.675660610198975,0.35991998820138776,0.19788366556167603,0.10541082905714362,0,True,False
8235,2851358562582529,0.0855089106947394,3672.8000000000166,8.360912322998047,0.3920521786291286,0.21768689155578613,0.10050185167335597,0,True,False
8235,2851358562582529,0.0855089106947394,3673.6000000000167,3.5282249450683594,0.16544226550526536,0.20308634638786316,0.10405185788229444,0,True,False
8235,2851358562582529,0.0855089106947394,3674.400000000017,5.465041637420654,0.25626168502642344,0.20840835571289062,0.10271470869096543,0,True,False
8235,2851358562582529,0.0855089106947394,3675.200000000017,8.095582962036133,0.37961059928936436,0.21758675575256348,0.10052497503856879,0,True,False
8235,2851358562582529,0.0855089106947394,3676.0000000000173,5.32128381729126,0.2495207260976144,0.21769171953201294,0.10050073720000344,0,True,False
8235,2851358562582529,0.0855089106947394,3676.8000000000175,6.479581356048584,0.3038345444977254,0.2537991404533386,0.09307758979594731,0,True,False
8235,2851358562582529,0.0855089106947394,3677.6000000000176,6.407886028289795,0.3004726734052555,0.24694472551345825,0.09436051990850067,0,True,False
8235,2851358562582529,0.0855089106947394,3678.400000000018,4.572484016418457,0.21440869741603952,0.21820829808712006,0.10038170577722298,0,True,False
8235,2851358562582529,0.0855089106947394,3679.200000000018,7.069996356964111,0.33151973942167484,0.21060076355934143,0.10217866675539707,0,True,False
8235,2851358562582529,0.0855089106947394,3680.000000000018,1.178329586982727,0.055253142704178956,0.22083736956119537,0.09978239404116557,0,True,False
8235,2851358562582529,0.0855089106947394,3680.8000000000184,7.468657493591309,0.3502133892425849,0.22897525131702423,0.09799319779948415,0,True,False
8235,2851358562582529,0.0855089106947394,3681.6000000000186,2.763409376144409,0.12957924022017397,0.24370241165161133,0.09498615082649503,0,True,False
8235,2851358562582529,0.0855089106947394,3682.4000000000187,4.742019176483154,0.2223583835615066,0.23969456553459167,0.09577697329927991,0,True,False
8235,2851358562582529,0.0855089106947394,3683.200000000019,7.420328617095947,0.3479471962018343,0.23577286303043365,0.09657023622100522,0,True,False
8235,2851358562582529,0.0855089106947394,3684.000000000019,8.046878814697266,0.3773268093948149,0.2286566197872162,0.09806145047594897,0,True,False
8235,2851358562582529,0.0855089106947394,3684.8000000000193,5.303396224975586,0.2486819576394762,0.2513562738895416,0.0935287946621978,0,True,False
8235,2851358562582529,0.0855089106947394,3685.6000000000195,4.601416110992432,0.21576535447352718,0.2542283236980438,0.09299899073341665,0,True,False
8235,2851358562582529,0.0855089106947394,3686.4000000000196,9.302213668823242,0.4361908119648947,0.2741142809391022,0.08956212126955929,0,True,False
8235,2851358562582529,0.0855089106947394,3687.20000000002,3.3893017768859863,0.15892800861033957,0.28439632058143616,0.08792820667789769,0,True,False
8235,2851358562582529,0.0855089106947394,3688.00000000002,7.75406551361084,0.3635964785185122,0.2702581286430359,0.09019881245841878,0,True,False
8235,2851358562582529,0.0855089106947394,3688.80000000002,4.986011505126953,0.23379944648839243,0.2804813086986542,0.08853973948347088,0,True,False
8235,2851358562582529,0.0855089106947394,3689.6000000000204,2.7493343353271484,0.1289192464056805,0.2651568651199341,0.09106233127731406,0,True,False
8235,2851358562582529,0.0855089106947394,3690.4000000000206,7.561244964599609,0.3545549154206216,0.29824191331863403,0.08586296155703,0,True,False
8235,2851358562582529,0.0855089106947394,3691.2000000000207,7.2444939613342285,0.33970211992226795,0.2560487389564514,0.09266780619636536,0,True,False
8235,2851358562582529,0.0855089106947394,3692.000000000021,3.957947015762329,0.1855923959589932,0.2712620496749878,0.09003174813368021,0,True,False
8235,2851358562582529,0.0855089106947394,3692.800000000021,2.203331470489502,0.10331658434827157,0.26404792070388794,0.09125335201853768,0,True,False
8235,2851358562582529,0.0855089106947394,3693.6000000000213,5.587970733642578,0.2620259626708795,0.27934935688972473,0.0887189441117231,0,True,False
8235,2851358562582529,0.0855089106947394,3694.4000000000215,6.463551998138428,0.30308291065109166,0.2447994351387024,0.09477308039762079,0,True,False
8235,2851358562582529,0.0855089106947394,3695.2000000000216,2.1323635578155518,0.09998882253212957,0.26500004529953003,0.09108927139794747,0,True,False
8235,2851358562582529,0.0855089106947394,3696.000000000022,6.693873882293701,0.31388295172085157,0.28397664427757263,0.08799315526058624,0,True,False
8235,2851358562582529,0.0855089106947394,3696.800000000022,2.2487027645111084,0.10544409316324442,0.2937263548374176,0.08652044500591552,0,True,False
8235,2851358562582529,0.0855089106947394,3697.600000000022,6.3142571449279785,0.29608231428097154,0.26970669627189636,0.09029097395880566,0,True,False
8235,2851358562582529,0.0855089106947394,3698.4000000000224,8.611818313598633,0.40381743060713127,0.2463112473487854,0.09448178303696915,0,True,False
8235,2851358562582529,0.0855089106947394,3699.2000000000226,8.687880516052246,0.4073840691546069,0.2527565658092499,0.09326935627327518,0,True,False
8235,2851358562582529,0.0855089106947394,3700.0000000000227,8.427650451660156,0.39518160131995633,0.24213039875030518,0.09529399708957728,0,True,False
8235,2851358562582529,0.0855089106947394,3700.800000000023,4.138452529907227,0.1940564938159245,0.2752317488193512,0.08938012085086809,0,True,False
8235,2851358562582529,0.0855089106947394,3701.600000000023,6.779632091522217,0.3179042464629206,0.27121949195861816,0.09003881140793302,0,True,False
8235,2851358562582529,0.0855089106947394,3702.4000000000233,8.804974555969238,0.41287473472798797,0.26948854327201843,0.09032751217660377,0,True,False
8235,2851358562582529,0.0855089106947394,3703.2000000000235,2.49434232711792,0.11696239666376174,0.2680113911628723,0.09057609141078195,0,True,False
8235,2851358562582529,0.0855089106947394,3704.0000000000236,4.208881378173828,0.19735897832174937,0.3078159987926483,0.0845171041211347,0,True,False
8235,2851358562582529,0.0855089106947394,3704.800000000024,2.8364498615264893,0.13300418720154664,0.2875596880912781,0.08744323183289295,0,True,False
8235,2851358562582529,0.0855089106947394,3705.600000000024,1.4316216707229614,0.06713028115792397,0.26489508152008057,0.0911073165182837,0,True,False
8235,2851358562582529,0.0855089106947394,3706.400000000024,5.330700874328613,0.24996230203874867,0.25939738750457764,0.09206772322160033,0,True,False
8235,2851358562582529,0.0855089106947394,3707.2000000000244,2.8230721950531006,0.13237689402070088,0.2525172829627991,0.09331353636320144,0,True,False
8235,2851358562582529,0.0855089106947394,3708.0000000000246,2.6705377101898193,0.12522438783519435,0.2723994255065918,0.08984359236195823,0,True,False
8235,2851358562582529,0.0855089106947394,3708.8000000000247,5.3427228927612305,0.250526027423724,0.2977733016014099,0.08593049711493385,0,True,False
8235,2851358562582529,0.0855089106947394,3709.600000000025,3.3331246376037598,0.15629380207953222,0.2865544557571411,0.0875964728805837,0,True,False
8235,2851358562582529,0.0855089106947394,3710.400000000025,7.600935935974121,0.3564160677922929,0.3094451129436493,0.08429433487663672,0,True,False
8235,2851358562582529,0.0855089106947394,3711.2000000000253,5.788551330566406,0.27143140276841665,0.3186357617378235,0.08306975775074958,0,True,False
8235,2851358562582529,0.0855089106947394,3712.0000000000255,5.379104137420654,0.2522319831470884,0.29527896642684937,0.08629267785868677,0,True,False
8235,2851358562582529,0.0855089106947394,3712.8000000000256,8.120244026184082,0.3807669831327784,0.31169092655181885,0.08399010464727746,0,True,False
8235,2851358562582529,0.0855089106947394,3713.600000000026,8.499801635742188,0.39856484800611325,0.26605960726737976,0.0909077124400075,0,True,False
8235,2851358562582529,0.0855089106947394,3714.400000000026,3.7364985942840576,0.17520844110567807,0.2954275608062744,0.0862709733507067,0,True,False
8235,2851358562582529,0.0855089106947394,3715.200000000026,4.879179954528809,0.22879000008586012,0.2753934860229492,0.08935387074936199,0,True,False
8235,2851358562582529,0.0855089106947394,3716.0000000000264,5.960936546325684,0.27951473109324265,0.29590436816215515,0.08620143869167134,0,True,False
8235,2851358562582529,0.0855089106947394,3716.8000000000266,7.303679466247559,0.3424773919557649,0.2798231244087219,0.08864380743328083,0,True,False
8235,2851358562582529,0.0855089106947394,3717.6000000000267,7.424493312835693,0.34814248326800806,0.29940834641456604,0.08569554615931789,0,True,False
8235,2851358562582529,0.0855089106947394,3718.400000000027,4.6503095626831055,0.21805802105290273,0.28485745191574097,0.08785700813001826,0,True,False
8235,2851358562582529,0.0855089106947394,3719.200000000027,2.861354351043701,0.13417198552255188,0.32007914781570435,0.08288224598765821,0,True,False
8235,2851358562582529,0.0855089106947394,3720.0000000000273,7.9820027351379395,0.37428470019075255,0.3103526532649994,0.08417099693347786,0,True,False
8235,2851358562582529,0.0855089106947394,3720.8000000000275,7.206759452819824,0.33793270820007126,0.30092281103134155,0.08547963269149218,0,True,False
8235,2851358562582529,0.0855089106947394,3721.6000000000276,7.632558822631836,0.3578988989869936,0.33604806661605835,0.08088900658673062,0,True,False
8235,2851358562582529,0.0855089106947394,3722.400000000028,6.424363613128662,0.3012453250950543,0.2939547002315521,0.08648683373292819,0,True,False
8235,2851358562582529,0.0855089106947394,3723.200000000028,6.21417236328125,0.29138923113688825,0.31891900300979614,0.08303286121887676,0,True,False
8235,2851358562582529,0.0855089106947394,3724.000000000028,8.000025749206543,0.37512981872065554,0.33185869455337524,0.0813979752591984,0,True,False
8235,2851358562582529,0.0855089106947394,3724.8000000000284,4.133047103881836,0.19380302757111723,0.3459535837173462,0.07972256907121196,0,True,False
8235,2851358562582529,0.0855089106947394,3725.6000000000286,6.541471004486084,0.3067366167318488,0.2965707778930664,0.08610453469962644,0,True,False
8235,2851358562582529,0.0855089106947394,3726.4000000000287,8.273717880249023,0.387963537351301,0.28172123432159424,0.08834468185189216,0,True,False
8235,2851358562582529,0.0855089106947394,3727.200000000029,5.097577095031738,0.23903087708979967,0.2630077004432678,0.09143363174547506,0,True,False
8235,2851358562582529,0.0855089106947394,3728.000000000029,2.5136449337005615,0.11786751666401932,0.28807970881462097,0.08736427307487274,0,True,False
8235,2851358562582529,0.0855089106947394,3728.8000000000293,4.363057613372803,0.20458846794769975,0.2574399709701538,0.09241707382590307,0,True,False
8235,2851358562582529,0.0855089106947394,3729.6000000000295,4.926441669464111,0.2310061527723519,0.2698553204536438,0.0902661064292089,0,True,False
8235,2851358562582529,0.0855089106947394,3730.4000000000296,6.912418365478516,0.32413073778174645,0.2745338976383209,0.08949364860797643,0,True,False
8235,2851358562582529,0.0855089106947394,3731.20000000003,5.784040927886963,0.27121990513171657,0.2648441195487976,0.0911160816460929,0,True,False
8235,2851358562582529,0.0855089106947394,3732.00000000003,7.282444000244141,0.34148163809671,0.2599068880081177,0.09197743788288416,0,True,False
8235,2851358562582529,0.0855089106947394,3732.80000000003,8.491464614868164,0.3981739161232436,0.2723162770271301,0.08985730764188382,0,True,False
8235,2851358562582529,0.0855089106947394,3733.6000000000304,8.479239463806152,0.39760066563062113,0.2803344130516052,0.08856293392260778,0,True,False
8235,2851358562582529,0.0855089106947394,3734.4000000000306,5.43756103515625,0.2549730900057383,0.25906234979629517,0.09212723822321227,0,True,False
8235,2851358562582529,0.0855089106947394,3735.2000000000307,9.596094131469727,0.44997118319545626,0.2434467375278473,0.09503601620599866,0,True,False
8235,2851358562582529,0.0855089106947394,3736.000000000031,3.31706166267395,0.15554059189466107,0.3338971734046936,0.08114912307863595,0,True,False
8235,2851358562582529,0.0855089106947394,3736.800000000031,4.458320617675781,0.20905545276190557,0.290058970451355,0.08706569112522927,0,True,False
8235,2851358562582529,0.0855089106947394,3737.6000000000313,5.091925144195557,0.23876585103125164,0.3191682696342468,0.08300043104696861,0,True,False
8235,2851358562582529,0.0855089106947394,3738.4000000000315,3.567955493927002,0.16730527370776935,0.33210018277168274,0.08136837541599484,0,True,False
8235,2851358562582529,0.0855089106947394,3739.2000000000317,2.4169576168060303,0.11333374429924543,0.2932869791984558,0.08658522924715477,0,True,False
8235,2851358562582529,0.0855089106947394,3740.000000000032,4.3849358558654785,0.20561436228822957,0.25821495056152344,0.09227828409670667,0,True,False
8235,2851358562582529,0.0855089106947394,3740.800000000032,4.793005466461182,0.22474918558093676,0.27716928720474243,0.08906716928555974,0,True,False
8235,2851358562582529,0.0855089106947394,3741.600000000032,5.077927112579346,0.2381094682610892,0.24564415216445923,0.09460998802057055,0,True,False
8235,2851358562582529,0.0855089106947394,3742.4000000000324,5.673586845397949,0.2660405943094771,0.2692960798740387,0.0903597845269185,0,True,False
8235,2851358562582529,0.0855089106947394,3743.2000000000326,7.772659778594971,0.3644683836187467,0.29681575298309326,0.08606899443590056,0,True,False
8235,2851358562582529,0.0855089106947394,3744.0000000000327,6.272516250610352,0.2941250388159316,0.34655797481536865,0.07965302134652322,0,True,False
8235,2851358562582529,0.0855089106947394,3744.800000000033,6.466020107269287,0.30319864294494503,0.32422590255737305,0.08235052048510236,0,True,False
8235,2851358562582529,0.0855089106947394,3745.600000000033,6.565380573272705,0.30785776214884997,0.35605913400650024,0.07858309630507718,0,True,False
8235,2851358562582529,0.0855089106947394,3746.4000000000333,5.179649353027344,0.24287933361094774,0.3094961643218994,0.08428738241656793,0,True,False
8235,2851358562582529,0.0855089106947394,3747.2000000000335,11.477700233459473,0.5382017187050576,0.2833048701286316,0.08809741842952845,0,True,False
8235,2851358562582529,0.0855089106947394,3748.0000000000337,8.806839942932129,0.4129622047306067,0.3031860589981079,0.08515998738622897,0,True,False
8235,2851358562582529,0.0855089106947394,3748.800000000034,5.153140068054199,0.2416362847035894,0.35270750522613525,0.07895558429939746,0,True,False
8235,2851358562582529,0.0855089106947394,3749.600000000034,4.10807991027832,0.19263228898800963,0.3412091135978699,0.08027492178519549,0,True,False
8235,2851358562582529,0.0855089106947394,3750.400000000034,5.315431118011475,0.24924628672845733,0.41281402111053467,0.07298153316138184,0,True,False
8235,2851358562582529,0.0855089106947394,3751.2000000000344,6.8072428703308105,0.3191989456018866,0.38637575507164,0.07543714938826816,0,True,False
8235,2851358562582529,0.0855089106947394,3752.0000000000346,7.430347919464111,0.34841701207479564,0.3800700008869171,0.0760603652163198,0,True,False
8235,2851358562582529,0.0855089106947394,3752.8000000000347,6.400907516479492,0.300145443474702,0.3598913550376892,0.07816358946935388,0,True,False
8235,2851358562582529,0.0855089106947394,3753.600000000035,7.033222675323486,0.3297953819058372,0.34655147790908813,0.07965376798276952,0,True,False
8235,2851358562582529,0.0855089106947394,3754.400000000035,4.486971378326416,0.21039891776889602,0.2990643382072449,0.08574481899922162,0,True,False
8235,2851358562582529,0.0855089106947394,3755.2000000000353,5.069169998168945,0.23769883774010425,0.29619649052619934,0.08615892032856681,0,True,False
8235,2851358562582529,0.0855089106947394,3756.0000000000355,3.6050758361816406,0.1690458865129484,0.16330674290657043,0.11603476948772574,0,True,False
8235,2851358562582529,0.0855089106947394,3756.8000000000357,7.094283580780029,0.3326585934895129,0.1709843873977661,0.11339971785053253,0,True,False
8235,2851358562582529,0.0855089106947394,3757.600000000036,7.6460490226745605,0.3585314689880382,0.21072551608085632,0.10214841666103973,0,True,False
8235,2851358562582529,0.0855089106947394,3758.400000000036,8.410629272460938,0.394383459905468,0.21585172414779663,0.10092817988431128,0,True,False
8235,2851358562582529,0.0855089106947394,3759.200000000036,4.017627716064453,0.18839088823730593,0.29893767833709717,0.08576298211193757,0,True,False
8235,2851358562582529,0.0855089106947394,3760.0000000000364,6.816425323486328,0.3196295207144707,0.34804975986480713,0.07948213660728969,0,True,False
8235,2851358562582529,0.0855089106947394,3760.8000000000366,7.478489398956299,0.3506744178683507,0.3959202766418457,0.07452231373754105,0,True,False
8235,2851358562582529,0.0855089106947394,3761.6000000000367,4.304229259490967,0.201829943110512,0.39185285568237305,0.07490808494592487,0,True,False
8235,2851358562582529,0.0855089106947394,3762.400000000037,3.4557316303253174,0.1620429759441394,0.43945538997650146,0.07073474701430418,0,True,False
8235,2851358562582529,0.0855089106947394,3763.200000000037,6.256407737731934,0.2933696933076325,0.4076022505760193,0.07344663712697684,0,True,False
8235,2851358562582529,0.0855089106947394,3764.0000000000373,4.454920291900635,0.20889600782615042,0.41639572381973267,0.07266697337303984,0,True,False
8235,2851358562582529,0.0855089106947394,3764.8000000000375,4.125197410583496,0.19343494700283767,0.38270512223243713,0.07579805556048648,0,True,False
8235,2851358562582529,0.0855089106947394,3765.6000000000377,6.089440822601318,0.28554043493161957,0.4230020344257355,0.07209729557371437,0,True,False
8235,2851358562582529,0.0855089106947394,3766.400000000038,8.151585578918457,0.3822366222769819,0.4389877915382385,0.07077240939897597,0,True,False
8235,2851358562582529,0.0855089106947394,3767.200000000038,7.6866326332092285,0.36043447817077867,0.3941969871520996,0.07468502866767363,0,True,False
8235,2851358562582529,0.0855089106947394,3768.000000000038,4.277437210083008,0.20057363507443357,0.41338393092155457,0.07293120798663374,0,True,False
8235,2851358562582529,0.0855089106947394,3768.8000000000384,7.152472496032715,0.33538713436107903,0.406707227230072,0.07352740816372486,0,True,False
8235,2851358562582529,0.0855089106947394,3769.6000000000386,7.3238019943237305,0.34342095895742913,0.40704429149627686,0.0734969586583769,0,True,False
8235,2851358562582529,0.0855089106947394,3770.4000000000387,8.665181159973145,0.4063196719141513,0.4149434566497803,0.0727940264463665,0,True,False
8235,2851358562582529,0.0855089106947394,3771.200000000039,5.554039478302002,0.2604348895838789,0.36687636375427246,0.07741593009402091,0,True,False
8235,2851358562582529,0.0855089106947394,3772.000000000039,7.006439685821533,0.3285394986985036,0.39798110723495483,0.07432911713556975,0,True,False
8235,2851358562582529,0.0855089106947394,3772.8000000000393,4.535859107971191,0.2126913160353801,0.43696707487106323,0.07093586111095652,0,True,False
8235,2851358562582529,0.0855089106947394,3773.6000000000395,4.699146270751953,0.2203480268627712,0.4446277618408203,0.07032211344118411,0,True,False
8235,2851358562582529,0.0855089106947394,3774.4000000000397,2.2617437839508057,0.10605560060230877,0.40102437138557434,0.07404654837139366,0,True,False
8235,2851358562582529,0.0855089106947394,3775.20000000004,4.236773490905762,0.19866686951121262,0.41851431131362915,0.072482813998771,0,True,False
8235,2851358562582529,0.0855089106947394,3776.00000000004,3.2126684188842773,0.1506454803230058,0.42870157957077026,0.0716164287459061,0,True,False
8235,2851358562582529,0.0855089106947394,3776.80000000004,5.418970584869385,0.25410136378076476,0.3977883458137512,0.07434712426307498,0,True,False
8235,2851358562582529,0.0855089106947394,3777.6000000000404,4.198191165924072,0.19685770276226333,0.37706440687179565,0.07636290348715381,0,True,False
8235,2851358562582529,0.0855089106947394,3778.4000000000406,9.26901912689209,0.4346342841626706,0.4018864631652832,0.07396708663709455,0,True,False
8235,2851358562582529,0.0855089106947394,3779.2000000000407,5.78342866897583,0.27119119565232946,0.37969398498535156,0.07609801768214713,0,True,False
8235,2851358562582529,0.0855089106947394,3780.000000000041,5.525615692138672,0.2591020676549167,0.4289427399635315,0.07159629380399918,0,True,False
8235,2851358562582529,0.0855089106947394,3780.800000000041,5.516269207000732,0.2586638009061105,0.44445812702178955,0.0703355319616776,0,True,False
8235,2851358562582529,0.0855089106947394,3781.6000000000413,7.976984024047852,0.3740493674255271,0.40918809175491333,0.07330417480350479,0,True,False
8235,2851358562582529,0.0855089106947394,3782.4000000000415,7.073016166687012,0.3316613415501473,0.37923237681388855,0.07614431750516173,0,True,False
8235,2851358562582529,0.0855089106947394,3783.2000000000417,8.6375150680542,0.4050223790839011,0.41140061616897583,0.07310679307832171,0,True,False
8235,2851358562582529,0.0855089106947394,3784.000000000042,7.0089592933654785,0.32865764580838025,0.40570396184921265,0.07361826499712017,0,True,False
8235,2851358562582529,0.0855089106947394,3784.800000000042,8.349191665649414,0.39150258438977065,0.39671945571899414,0.07444721444876261,0,True,False
8235,2851358562582529,0.0855089106947394,3785.600000000042,6.494009971618652,0.3045111178129709,0.3768574595451355,0.0763838675538074,0,True,False
8235,2851358562582529,0.0855089106947394,3786.4000000000424,7.143137454986572,0.3349494042380558,0.41949981451034546,0.0723976243938807,0,True,False
8235,2851358562582529,0.0855089106947394,3787.2000000000426,3.6713778972625732,0.17215486152550546,0.4265768826007843,0.07179456100280777,0,True,False
8235,2851358562582529,0.0855089106947394,3788.0000000000427,4.740208148956299,0.22227346253135682,0.4387558400630951,0.07079111410243022,0,True,False
8235,2851358562582529,0.0855089106947394,3788.800000000043,6.886203289031982,0.32290148462889107,0.5047509670257568,0.0660011682061174,0,True,False
8235,2851358562582529,0.0855089106947394,3789.600000000043,5.159599304199219,0.24193916523924208,0.45572197437286377,0.06946086978666641,0,True,False
8235,2851358562582529,0.0855089106947394,3790.4000000000433,3.8247506618499756,0.17934667554961212,0.45706093311309814,0.06935905245054833,0,True,False
8235,2851358562582529,0.0855089106947394,3791.2000000000435,5.895151138305664,0.2764299824988445,0.41268497705459595,0.07299294270796315,0,True,False
8235,2851358562582529,0.0855089106947394,3792.0000000000437,5.396188735961914,0.25303309836279053,0.4355927109718323,0.07104767990965655,0,True,False
8235,2851358562582529,0.0855089106947394,3792.800000000044,7.137684345245361,0.3346937020524863,0.4671558737754822,0.06860555712363117,0,True,False
8235,2851358562582529,0.0855089106947394,3793.600000000044,6.464536190032959,0.30312906046842425,0.4142988324165344,0.07285063601288633,0,True,False
8235,2851358562582529,0.0855089106947394,3794.400000000044,6.068781852722168,0.2845717135963801,0.3931637406349182,0.07478310156236409,0,True,False
8235,2851358562582529,0.0855089106947394,3795.2000000000444,3.0660111904144287,0.14376856501614885,0.4310210347175598,0.07142347392730307,0,True,False
8235,2851358562582529,0.0855089106947394,3796.0000000000446,6.366161823272705,0.29851618051948237,0.42441195249557495,0.07197744051023555,0,True,False
8235,2851358562582529,0.0855089106947394,3796.8000000000447,5.117706298828125,0.23997475712317065,0.43766966462135315,0.07087890168405724,0,True,False
8235,2851358562582529,0.0855089106947394,3797.600000000045,5.197480201721191,0.24371544129957887,0.47354841232299805,0.06814092267456481,0,True,False
8235,2851358562582529,0.0855089106947394,3798.400000000045,7.211062908172607,0.3381345018538632,0.5406622886657715,0.06377157793644399,0,True,False
8235,2851358562582529,0.0855089106947394,3799.2000000000453,8.298575401306152,0.38912913327065546,0.5200682282447815,0.06502195765436074,0,True,False
8357,39627835572224621,0.376357385055546,3600.0,5.383068561553955,1.8073874079479821,0.07309147715568542,1.2419038445171535,0,True,True
8357,39627835572224621,0.376357385055546,3600.8,8.132214546203613,2.730424478431103,0.06810275465250015,1.2865865340165479,0,True,True
8357,39627835572224621,0.376357385055546,3601.6000000000004,3.4981374740600586,1.1745140433548498,0.07897927612066269,1.194716238182293,0,True,True
8357,39627835572224621,0.376357385055546,3602.4000000000005,2.734849691390991,0.9182370312265916,0.09212334454059601,1.1062072300727541,0,True,True
8357,39627835572224621,0.376357385055546,3603.2000000000007,-2.003429651260376,-0.6726597447148877,0.06788533926010132,1.2886451530818184,0,True,True
8357,39627835572224621,0.376357385055546,3604.000000000001,1.6180757284164429,0.5432755803136031,0.08490283042192459,1.1522859238900143,0,True,True
8357,39627835572224621,0.376357385055546,3604.800000000001,-6.3482666015625,-2.131456619354037,0.08930078893899918,1.1235533348384976,0,True,True
8357,39627835572224621,0.376357385055546,3605.6000000000013,5.296302795410156,1.7782554451323365,0.07897863537073135,1.1947210845106158,0,True,True
8357,39627835572224621,0.376357385055546,3606.4000000000015,0.2979009449481964,0.10002146741369877,0.09172884374856949,1.1085834260862044,0,True,True
8357,39627835572224621,0.376357385055546,3607.2000000000016,4.015544891357422,1.3482357116020374,0.0834156796336174,1.1625121341281646,0,True,True
8357,39627835572224621,0.376357385055546,3608.000000000002,3.611660957336426,1.2126300197415354,0.0860380157828331,1.1446590543614796,0,True,True
8357,39627835572224621,0.376357385055546,3608.800000000002,3.3449039459228516,1.1230652560946182,0.09079831093549728,1.114249521190773,0,True,True
8357,39627835572224621,0.376357385055546,3609.600000000002,0.7545245289802551,0.2533347136624849,0.10310149937868118,1.0456560399811134,0,True,True
8357,39627835572224621,0.376357385055546,3610.4000000000024,-6.652170658111572,-2.233493656176125,0.09752516448497772,1.0751349879034278,0,True,True
8357,39627835572224621,0.376357385055546,3611.2000000000025,-4.35595178604126,-1.4625287264494347,0.10940131545066833,1.0151029011097885,0,True,True
8357,39627835572224621,0.376357385055546,3612.0000000000027,-1.067403793334961,-0.35838521341675134,0.09060990810394287,1.1154073347136235,0,True,True
8357,39627835572224621,0.376357385055546,3612.800000000003,2.9077537059783936,0.9762902652093134,0.11378808319568634,0.9953434209091093,0,True,True
8357,39627835572224621,0.376357385055546,3613.600000000003,0.8772980570793152,0.29455643064012116,0.11930124461650848,0.9720729401561594,0,True,False
8357,39627835572224621,0.376357385055546,3614.4000000000033,1.7905776500701904,0.601193809940203,0.11158159375190735,1.0051365389433724,0,True,False
8357,39627835572224621,0.376357385055546,3615.2000000000035,-0.2680877447128296,-0.09001156282491551,0.09198928624391556,1.1070129884032098,0,True,False
8357,39627835572224621,0.376357385055546,3616.0000000000036,8.129085540771484,2.729373901988919,0.11199987679719925,1.003257854506673,0,True,False
8357,39627835572224621,0.376357385055546,3616.800000000004,0.43864816427230835,0.1472779251387437,0.12771067023277283,0.9395237195465957,0,True,False
8357,39627835572224621,0.376357385055546,3617.600000000004,-0.5233628153800964,-0.1757212176456337,0.09132661670446396,1.1110219941646373,0,True,False
8357,39627835572224621,0.376357385055546,3618.400000000004,-4.3563337326049805,-1.4626569665789972,0.10732598602771759,1.024870275551664,0,True,False
8357,39627835572224621,0.376357385055546,3619.2000000000044,-0.9997331500053406,-0.3356645166165627,0.10630463808774948,1.029781852997879,0,True,False
8357,39627835572224621,0.376357385055546,3620.0000000000045,-5.815797805786133,-1.9526780313411032,0.1040094792842865,1.0410818614439856,0,True,False
8357,39627835572224621,0.376357385055546,3620.8000000000047,1.2480417490005493,0.41903514992307794,0.11179514974355698,1.0041760521123528,0,True,False
8357,39627835572224621,0.376357385055546,3621.600000000005,-2.2159526348114014,-0.7440152104641063,0.12978528439998627,0.9319843386885588,0,True,False
8357,39627835572224621,0.376357385055546,3622.400000000005,0.9651864171028137,0.32406530896765534,0.1288444548845291,0.9353808508290335,0,True,False
8357,39627835572224621,0.376357385055546,3623.2000000000053,1.6392017602920532,0.5503687323987521,0.12807777523994446,0.9381762907574807,0,True,False
8357,39627835572224621,0.376357385055546,3624.0000000000055,-3.5199496746063232,-1.181837579393108,0.14982976019382477,0.8674057540436858,0,True,False
8357,39627835572224621,0.376357385055546,3624.8000000000056,3.252642869949341,1.092088220403637,0.12114981561899185,0.9646282183479401,0,True,False
8357,39627835572224621,0.376357385055546,3625.600000000006,-0.7481046915054321,-0.25117922682809124,0.11697173863649368,0.9817046958383651,0,True,False
8357,39627835572224621,0.376357385055546,3626.400000000006,-4.818534851074219,-1.617842892953233,0.11489705741405487,0.9905282993835365,0,True,False
8357,39627835572224621,0.376357385055546,3627.200000000006,0.2927314043045044,0.09828577288232779,0.10921885818243027,1.0159504452856096,0,True,False
8357,39627835572224621,0.376357385055546,3628.0000000000064,4.204363822937012,1.4116324444165693,0.11661383509635925,0.9832100335594158,0,True,False
8357,39627835572224621,0.376357385055546,3628.8000000000065,1.827222228050232,0.613497377701483,0.12176356464624405,0.9621940437152199,0,True,False
8357,39627835572224621,0.376357385055546,3629.6000000000067,0.20224444568157196,0.06790440438803783,0.1304367631673813,0.9296539832266502,0,True,False
8357,39627835572224621,0.376357385055546,3630.400000000007,0.5068055391311646,0.1701620440516052,0.12064821273088455,0.9666313910921583,0,True,False
8357,39627835572224621,0.376357385055546,3631.200000000007,-3.574908971786499,-1.200290389446942,0.12204038351774216,0.9611021728414639,0,True,False
8357,39627835572224621,0.376357385055546,3632.0000000000073,-2.0059125423431396,-0.6734933856070627,0.14211907982826233,0.8906255451481417,0,True,False
8357,39627835572224621,0.376357385055546,3632.8000000000075,-0.1725684553384781,-0.05794056858487457,0.14782889187335968,0.8732562050397612,0,True,False
8357,39627835572224621,0.376357385055546,3633.6000000000076,-0.8980566263198853,-0.3015262056343286,0.15541718900203705,0.8516709150171431,0,True,False
8357,39627835572224621,0.376357385055546,3634.400000000008,0.23302191495895386,0.07823806627333023,0.14409086108207703,0.8845107644740067,0,True,False
8357,39627835572224621,0.376357385055546,3635.200000000008,-1.4064527750015259,-0.47222230338404647,0.15204384922981262,0.8610669357742717,0,True,False
8357,39627835572224621,0.376357385055546,3636.000000000008,1.9255108833312988,0.6464981979339971,0.11877748370170593,0.9742138079444322,0,True,False
8357,39627835572224621,0.376357385055546,3636.8000000000084,-1.5980544090270996,-0.5365533399889587,0.16015490889549255,0.8389792380466539,0,True,False
8357,39627835572224621,0.376357385055546,3637.6000000000085,1.7328519821166992,0.5818121795222527,0.13752000033855438,0.9053956604673659,0,True,False
8357,39627835572224621,0.376357385055546,3638.4000000000087,1.616086721420288,0.5426077630346545,0.15328459441661835,0.8575749495302096,0,True,False
8357,39627835572224621,0.376357385055546,3639.200000000009,5.088047504425049,1.7083328747134359,0.16581161320209503,0.8245440624328734,0,True,False
8357,39627835572224621,0.376357385055546,3640.000000000009,-4.687455654144287,-1.5738325135077402,0.13875822722911835,0.9013469004956549,0,True,False
8357,39627835572224621,0.376357385055546,3640.8000000000093,6.3087873458862305,2.118201296898354,0.1351238638162613,0.9133880247610849,0,True,False
8357,39627835572224621,0.376357385055546,3641.6000000000095,3.338613986968994,1.120953376507777,0.14768224954605103,0.8736896510014807,0,True,False
8357,39627835572224621,0.376357385055546,3642.4000000000096,3.3460073471069336,1.123435727580021,0.16764762997627258,0.8200165768912474,0,True,False
8357,39627835572224621,0.376357385055546,3643.20000000001,-3.348811149597168,-1.1243771157970346,0.17828965187072754,0.7951668613262862,0,True,False
8357,39627835572224621,0.376357385055546,3644.00000000001,1.0130808353424072,0.34014605686216975,0.16442054510116577,0.8280247136187658,0,True,False
8357,39627835572224621,0.376357385055546,3644.80000000001,-0.17982016503810883,-0.06037535993990485,0.15556207299232483,0.8512742173437613,0,True,False
8357,39627835572224621,0.376357385055546,3645.6000000000104,-3.4759328365325928,-1.167058744986217,0.14457860589027405,0.883017528330099,0,True,False
8357,39627835572224621,0.376357385055546,3646.4000000000106,-2.072530746459961,-0.6958607216132928,0.1698257029056549,0.8147411103612157,0,True,False
8357,39627835572224621,0.376357385055546,3647.2000000000107,-2.094069719314575,-0.7030925203304033,0.14377915859222412,0.8854690220737219,0,True,False
8357,39627835572224621,0.376357385055546,3648.000000000011,-3.334254503250122,-1.1194896619203543,0.14440667629241943,0.8835430292670945,0,True,False
8357,39627835572224621,0.376357385055546,3648.800000000011,2.4959800243377686,0.838035558138147,0.15106597542762756,0.8638493510897823,0,True,False
8357,39627835572224621,0.376357385055546,3649.6000000000113,3.322317361831665,1.115481717596423,0.16789087653160095,0.8194223262903018,0,True,False
8357,39627835572224621,0.376357385055546,3650.4000000000115,-2.0713348388671875,-0.6954591907207299,0.18486134707927704,0.7809051451543456,0,True,False
8357,39627835572224621,0.376357385055546,3651.2000000000116,-1.1615632772445679,-0.3899996473796687,0.16909544169902802,0.8164984990739673,0,True,False
8357,39627835572224621,0.376357385055546,3652.000000000012,-1.3275609016418457,-0.4457340324528378,0.17336690425872803,0.8063772075965114,0,True,False
8357,39627835572224621,0.376357385055546,3652.800000000012,0.6675766110420227,0.22414159263274064,0.1771797090768814,0.7976536353435361,0,True,False
8357,39627835572224621,0.376357385055546,3653.600000000012,1.9621455669403076,0.6587984436195112,0.22374369204044342,0.7098162554729229,0,True,False
8357,39627835572224621,0.376357385055546,3654.4000000000124,5.124225616455078,1.7204798246136115,0.20246119797229767,0.7461917443940944,0,True,False
8357,39627835572224621,0.376357385055546,3655.2000000000126,4.068593978881836,1.3660471609080218,0.20790399610996246,0.7363595480527748,0,True,False
8357,39627835572224621,0.376357385055546,3656.0000000000127,3.2078704833984375,1.077055707488267,0.1884293109178543,0.7734764780056723,0,True,False
8357,39627835572224621,0.376357385055546,3656.800000000013,-0.09539877623319626,-0.03203053145727577,0.19291581213474274,0.7644294818372868,0,True,False
8357,39627835572224621,0.376357385055546,3657.600000000013,-1.2833795547485352,-0.4308999635332141,0.19853825867176056,0.7535277259334837,0,True,False
8357,39627835572224621,0.376357385055546,3658.4000000000133,-2.3198070526123047,-0.7788847583524089,0.1961108148097992,0.7581769360269982,0,True,False
8357,39627835572224621,0.376357385055546,3659.2000000000135,1.6672065258026123,0.5597714475913129,0.20075878500938416,0.7493488784606468,0,True,False
8357,39627835572224621,0.376357385055546,3660.0000000000136,-3.6789815425872803,-1.2352331831021295,0.18228615820407867,0.7864017929254226,0,True,False
8357,39627835572224621,0.376357385055546,3660.800000000014,2.012495279312134,0.6757035666165647,0.2051379531621933,0.7413073942198791,0,True,False
8357,39627835572224621,0.376357385055546,3661.600000000014,1.6580981016159058,0.5567132567113235,0.24536989629268646,0.6778142598835567,0,True,False
8357,39627835572224621,0.376357385055546,3662.400000000014,-0.16360092163085938,-0.054929682262665,0.18268349766731262,0.7855461092942939,0,True,False
8357,39627835572224621,0.376357385055546,3663.2000000000144,-5.557446002960205,-1.8659353510447467,0.15824805200099945,0.844018866614065,0,True,False
8357,39627835572224621,0.376357385055546,3664.0000000000146,-0.3235335052013397,-0.10862770493515168,0.21841631829738617,0.7184206381655913,0,True,False
8357,39627835572224621,0.376357385055546,3664.8000000000147,-0.5264171361923218,-0.17674671841953726,0.22139699757099152,0.7135681834329343,0,True,False
8357,39627835572224621,0.376357385055546,3665.600000000015,-1.2083052396774292,-0.40569345349748337,0.22003474831581116,0.7157736483770425,0,True,False
8357,39627835572224621,0.376357385055546,3666.400000000015,-1.6079041957855225,-0.5398604464013294,0.20156630873680115,0.7478463350002563,0,True,False
8357,39627835572224621,0.376357385055546,3667.2000000000153,-2.855630397796631,-0.9587896501249841,0.19442839920520782,0.7614501748395959,0,True,False
8357,39627835572224621,0.376357385055546,3668.0000000000155,-1.5184038877487183,-0.509810349899031,0.24761192500591278,0.6747386109224698,0,True,False
8357,39627835572224621,0.376357385055546,3668.8000000000156,0.5846148133277893,0.196286827861521,0.24057264626026154,0.6845390349936724,0,True,False
8357,39627835572224621,0.376357385055546,3669.600000000016,-0.7964024543762207,-0.26739539934132445,0.24282684922218323,0.6813542804324598,0,True,False
8357,39627835572224621,0.376357385055546,3670.400000000016,1.329634189605713,0.4464301474133097,0.26579973101615906,0.6512445058148199,0,True,False
8357,39627835572224621,0.376357385055546,3671.200000000016,0.8014619946479797,0.2690941607954314,0.24880169332027435,0.673123379458177,0,True,False
8357,39627835572224621,0.376357385055546,3672.0000000000164,1.6333614587783813,0.5484078271467143,0.25424399971961975,0.6658800215238085,0,True,False
8357,39627835572224621,0.376357385055546,3672.8000000000166,-0.2631784975528717,-0.08836326290119118,0.2430543154478073,0.6810353777121232,0,True,False
8357,39627835572224621,0.376357385055546,3673.6000000000167,2.9818663597106934,1.0011738934956118,0.224979966878891,0.7078633331170372,0,True,False
8357,39627835572224621,0.376357385055546,3674.400000000017,-1.7722179889678955,-0.5950294782191705,0.2529619634151459,0.6675652619569336,0,True,False
8357,39627835572224621,0.376357385055546,3675.200000000017,0.486247181892395,0.16325949106039417,0.25754213333129883,0.6616025898056532,0,True,False
8357,39627835572224621,0.376357385055546,3676.0000000000173,1.354943037033081,0.45492769702220737,0.24172338843345642,0.6829076916440673,0,True,False
8357,39627835572224621,0.376357385055546,3676.8000000000175,0.44764959812164307,0.15030019357295213,0.23471026122570038,0.6930352145607339,0,True,False
8357,39627835572224621,0.376357385055546,3677.6000000000176,-3.5364181995391846,-1.1873669543677672,0.2264922708272934,0.7054961497735053,0,True,False
8357,39627835572224621,0.376357385055546,3678.400000000018,0.3888047933578491,0.1305428083683809,0.3098224401473999,0.6032049627204136,0,True,False
8357,39627835572224621,0.376357385055546,3679.200000000018,0.606826663017273,0.20374454774321188,0.2880774140357971,0.6255567807949527,0,True,False
8357,39627835572224621,0.376357385055546,3680.000000000018,2.7935075759887695,0.9379316572166952,0.30781739950180054,0.6051663322671453,0,True,False
8357,39627835572224621,0.376357385055546,3680.8000000000184,3.0338690280914307,1.0186340032706036,0.2654930651187897,0.6516205172228668,0,True,False
8357,39627835572224621,0.376357385055546,3681.6000000000186,0.5951319336891174,0.19981799427554314,0.3035282492637634,0.6094271280619756,0,True,False
8357,39627835572224621,0.376357385055546,3682.4000000000187,-0.4562751054763794,-0.15319624314056396,0.2862429618835449,0.6275580898475113,0,True,False
8357,39627835572224621,0.376357385055546,3683.200000000019,-0.3518287241458893,-0.11812794106269361,0.28425711393356323,0.6297463656642811,0,True,False
8357,39627835572224621,0.376357385055546,3684.000000000019,1.2271621227264404,0.41202472953200076,0.3268369436264038,0.5872942795440166,0,True,False
8357,39627835572224621,0.376357385055546,3684.8000000000193,0.1676972657442093,0.05630504664534588,0.3096199333667755,0.6034021934456997,0,True,False
8357,39627835572224621,0.376357385055546,3685.6000000000195,0.3098165988922119,0.10402219722971702,0.3126372992992401,0.6004833165828758,0,True,False
8357,39627835572224621,0.376357385055546,3686.4000000000196,-1.4700729846954346,-0.4935830504332327,0.31555673480033875,0.5976991169320417,0,True,False
8357,39627835572224621,0.376357385055546,3687.20000000002,1.7148970365524292,0.575783732707545,0.30078524351119995,0.6121996514158055,0,True,False
8357,39627835572224621,0.376357385055546,3688.00000000002,-1.4323382377624512,-0.48091345396257396,0.30907613039016724,0.6039327871584141,0,True,False
8357,39627835572224621,0.376357385055546,3688.80000000002,2.005321502685547,0.6732949416113164,0.32569608092308044,0.5883219806098001,0,True,False
8357,39627835572224621,0.376357385055546,3689.6000000000204,2.3751330375671387,0.7974606853346244,0.3070051968097687,0.6059663074351381,0,True,False
8357,39627835572224621,0.376357385055546,3690.4000000000206,-3.1908137798309326,-1.071328849118083,0.3204944431781769,0.5930770094295797,0,True,False
8357,39627835572224621,0.376357385055546,3691.2000000000207,2.197751045227051,0.7379039519053086,0.3106452524662018,0.6024055724798139,0,True,False
8357,39627835572224621,0.376357385055546,3692.000000000021,0.5665099620819092,0.19020804959771062,0.34365716576576233,0.572741482033473,0,True,False
8357,39627835572224621,0.376357385055546,3692.800000000021,0.5053224563598633,0.16966409291181503,0.29495447874069214,0.618221128320121,0,True,False
8357,39627835572224621,0.376357385055546,3693.6000000000213,1.6961801052093506,0.5694994460338598,0.38360655307769775,0.5420986580681652,0,True,False
8357,39627835572224621,0.376357385055546,3694.4000000000215,0.9609630107879639,0.3226472829282649,0.36139115691185,0.5585120921378969,0,True,False
8357,39627835572224621,0.376357385055546,3695.2000000000216,1.8013659715652466,0.604816033250216,0.3754747211933136,0.547937456269561,0,True,False
8357,39627835572224621,0.376357385055546,3696.000000000022,0.261379212141037,0.087759145424427,0.3896677494049072,0.5378660212959026,0,True,False
8357,39627835572224621,0.376357385055546,3696.800000000022,1.1541578769683838,0.3875132537814928,0.38959720730781555,0.5379147132257306,0,True,False
8357,39627835572224621,0.376357385055546,3697.600000000022,-1.524314284324646,-0.511794789856494,0.38421863317489624,0.5416666904034584,0,True,False
8357,39627835572224621,0.376357385055546,3698.4000000000224,-1.413406252861023,-0.4745569621722437,0.3380911648273468,0.5774367629664946,0,True,False
8357,39627835572224621,0.376357385055546,3699.2000000000226,-1.1400810480117798,-0.38278690056695025,0.27128851413726807,0.644622763318292,0,True,False
8357,39627835572224621,0.376357385055546,3700.0000000000227,2.4051501750946045,0.8075390627079424,0.22252485156059265,0.7117575472712014,0,True,False
8357,39627835572224621,0.376357385055546,3700.800000000023,0.4261089563369751,0.14306783450571256,0.2733294665813446,0.6422115531147374,0,True,False
8357,39627835572224621,0.376357385055546,3701.600000000023,-0.5772312879562378,-0.19380777885253822,0.36589714884757996,0.5550624244441694,0,True,False
8357,39627835572224621,0.376357385055546,3702.4000000000233,-2.0608623027801514,-0.6919429936601587,0.339551717042923,0.5761935275701476,0,True,False
8357,39627835572224621,0.376357385055546,3703.2000000000235,1.0791739225387573,0.362337082702756,0.3679165542125702,0.5535370264392447,0,True,False
8357,39627835572224621,0.376357385055546,3704.0000000000236,-1.45811128616333,-0.4895668609574006,0.383565217256546,0.5421278675591272,0,True,False
8357,39627835572224621,0.376357385055546,3704.800000000024,-1.0587033033370972,-0.35546398811833585,0.3739572763442993,0.549048041823113,0,True,False
8357,39627835572224621,0.376357385055546,3705.600000000024,1.5652602910995483,0.5255425800257033,0.40158116817474365,0.5298277142099628,0,True,False
8357,39627835572224621,0.376357385055546,3706.400000000024,-0.18502725660800934,-0.06212366234918226,0.439169704914093,0.5066466251912947,0,True,False
8357,39627835572224621,0.376357385055546,3707.2000000000244,-2.0277514457702637,-0.6808258872473877,0.38833534717559814,0.5387879567089224,0,True,False
8357,39627835572224621,0.376357385055546,3708.0000000000246,0.14251157641410828,0.047848847874105656,0.4326165020465851,0.5104695019627047,0,True,False
8357,39627835572224621,0.376357385055546,3708.8000000000247,1.4991199970245361,0.5033357042814632,0.4037298262119293,0.528415956621162,0,True,False
8357,39627835572224621,0.376357385055546,3709.600000000025,2.200083017349243,0.7386869211358025,0.40704336762428284,0.5262607733708172,0,True,False
8357,39627835572224621,0.376357385055546,3710.400000000025,-0.010254700668156147,-0.0034430579228124903,0.3876105546951294,0.5392914608989604,0,True,False
8357,39627835572224621,0.376357385055546,3711.2000000000253,-1.104858160018921,-0.3709606710657087,0.3827516734600067,0.5427037117438218,0,True,False
8357,39627835572224621,0.376357385055546,3712.0000000000255,0.8149954676628113,0.2736380800179184,0.4128055274486542,0.5225749516607802,0,True,False
8357,39627835572224621,0.376357385055546,3712.8000000000256,0.7471792101860046,0.2508684926689593,0.3840242624282837,0.5418037531499034,0,True,False
8357,39627835572224621,0.376357385055546,3713.600000000026,-0.1340583711862564,-0.045010649454204965,0.4337395429611206,0.5098082183530116,0,True,False
8357,39627835572224621,0.376357385055546,3714.400000000026,-0.45294052362442017,-0.15207664356996825,0.42393726110458374,0.515668432473833,0,True,False
8357,39627835572224621,0.376357385055546,3715.200000000026,0.02803506888449192,0.009412889674984517,0.3926578760147095,0.5358141574086562,0,True,False
8357,39627835572224621,0.376357385055546,3716.0000000000264,-0.47978052496910095,-0.16108828440362677,0.42823439836502075,0.5130746602403201,0,True,False
8357,39627835572224621,0.376357385055546,3716.8000000000266,1.0776898860931396,0.361838811362892,0.4275865852832794,0.5134631788376789,0,True,False
8357,39627835572224621,0.376357385055546,3717.6000000000267,-0.9163191318511963,-0.3076579169728413,0.4021037518978119,0.5294833138450834,0,True,False
8357,39627835572224621,0.376357385055546,3718.400000000027,0.6553235650062561,0.22002758203435835,0.42092496156692505,0.5175103030385255,0,True,False
8357,39627835572224621,0.376357385055546,3719.200000000027,0.7216838002204895,0.24230830392062175,0.43475472927093506,0.5092126494351518,0,True,False
8357,39627835572224621,0.376357385055546,3720.0000000000273,-1.6585789918899536,-0.5568747175985442,0.4754810631275177,0.48691676553026836,0,True,False
8357,39627835572224621,0.376357385055546,3720.8000000000275,-2.5550477504730225,-0.8578677901099723,0.42723676562309265,0.5136733465670379,0,True,False
8357,39627835572224621,0.376357385055546,3721.6000000000276,-0.5553786158561707,-0.1864706543236476,0.4242404103279114,0.515484159102946,0,True,False
8357,39627835572224621,0.376357385055546,3722.400000000028,-0.6924765110015869,-0.23250183644748584,0.4891287684440613,0.48007571513784775,0,True,False
8357,39627835572224621,0.376357385055546,3723.200000000028,2.109114170074463,0.7081437565448395,0.45108795166015625,0.4999087372111599,0,True,False
8357,39627835572224621,0.376357385055546,3724.000000000028,0.662931501865387,0.2225819781232105,0.5442844033241272,0.45510163542977355,0,True,False
8357,39627835572224621,0.376357385055546,3724.8000000000284,-1.326026201248169,-0.44521875048405246,0.4631420075893402,0.4933603619646527,0,True,False
8357,39627835572224621,0.376357385055546,3725.6000000000286,1.276329755783081,0.4285329645375616,0.46885573863983154,0.49034496813718764,0,True,False
8357,39627835572224621,0.376357385055546,3726.4000000000287,-0.6116986274719238,-0.20538032984530052,0.45924288034439087,0.4954503332968282,0,True,False
8357,39627835572224621,0.376357385055546,3727.200000000029,-0.16007469594478607,-0.053745737486611135,0.41721561551094055,0.5198057312083919,0,True,False
8357,39627835572224621,0.376357385055546,3728.000000000029,0.4485044777393341,0.15058722292036955,0.4834319055080414,0.48289608695260955,0,True,False
8357,39627835572224621,0.376357385055546,3728.8000000000293,0.8339115977287292,0.2799892484820215,0.47181835770606995,0.4888030686381061,0,True,False
8357,39627835572224621,0.376357385055546,3729.6000000000295,1.3173401355743408,0.44230236821175345,0.46984943747520447,0.4898261709594185,0,True,False
8357,39627835572224621,0.376357385055546,3730.4000000000296,3.2914633750915527,1.105122364658333,0.41013848781585693,0.5242712929082335,0,True,False
8357,39627835572224621,0.376357385055546,3731.20000000003,0.6341996192932129,0.21293513038687092,0.43548187613487244,0.5087873423255083,0,True,False
8357,39627835572224621,0.376357385055546,3732.00000000003,-0.3884466588497162,-0.1304225632344114,0.46327319741249084,0.49329050206149433,0,True,False
8357,39627835572224621,0.376357385055546,3732.80000000003,0.29374751448631287,0.09862693605472443,0.4155043065547943,0.5208750753046868,0,True,False
8357,39627835572224621,0.376357385055546,3733.6000000000304,1.1130340099334717,0.37370574629851716,0.41186782717704773,0.5231694871552042,0,True,False
8357,39627835572224621,0.376357385055546,3734.4000000000306,2.034147262573242,0.682973309042422,0.4459303021430969,0.5027914091340747,0,True,False
8357,39627835572224621,0.376357385055546,3735.2000000000307,0.6588388085365295,0.22120783950643721,0.4728718101978302,0.488258293175653,0,True,False
8357,39627835572224621,0.376357385055546,3736.000000000031,0.5253471732139587,0.17638747394922244,0.4371247887611389,0.5078303157899906,0,True,False
8357,39627835572224621,0.376357385055546,3736.800000000031,0.06588965654373169,0.022122723162340756,0.4520372450351715,0.4993835487808683,0,True,False
8357,39627835572224621,0.376357385055546,3737.6000000000313,-2.3382372856140137,-0.7850727848789038,0.47010427713394165,0.48969338759427206,0,True,False
8357,39627835572224621,0.376357385055546,3738.4000000000315,0.4316398501396179,0.14492485484630216,0.42180609703063965,0.5169694916649371,0,True,False
8357,39627835572224621,0.376357385055546,3739.2000000000317,-2.946990489959717,-0.9894641767962293,0.4198485314846039,0.5181732886344677,0,True,False
8357,39627835572224621,0.376357385055546,3740.000000000032,0.6814848184585571,0.22881133047173197,0.32843348383903503,0.5858650994486135,0,True,False
8357,39627835572224621,0.376357385055546,3740.800000000032,2.376420736312866,0.797893035484292,0.3672587275505066,0.554032547003803,0,True,False
8357,39627835572224621,0.376357385055546,3741.600000000032,-2.6900367736816406,-0.9031909098080845,0.405169814825058,0.527476115824793,0,True,False
8357,39627835572224621,0.376357385055546,3742.4000000000324,1.571342945098877,0.527584856121499,0.3595616817474365,0.5599311637773745,0,True,False
8357,39627835572224621,0.376357385055546,3743.2000000000326,0.5043128728866577,0.16932512110867354,0.40319642424583435,0.5287653706225974,0,True,False
8357,39627835572224621,0.376357385055546,3744.0000000000327,-3.4111175537109375,-1.1452967472195326,0.37466153502464294,0.5485317708787097,0,True,False
8357,39627835572224621,0.376357385055546,3744.800000000033,-0.6614269614219666,-0.2220768224817595,0.4073806405067444,0.5260428810331534,0,True,False
8357,39627835572224621,0.376357385055546,3745.600000000033,-3.0898797512054443,-1.0374398339058177,0.4426972270011902,0.5046240445930955,0,True,False
8357,39627835572224621,0.376357385055546,3746.4000000000333,-0.39609092473983765,-0.1329891569448254,0.37888067960739136,0.5454690467805202,0,True,False
8357,39627835572224621,0.376357385055546,3747.2000000000335,-0.1899053156375885,-0.06376149072986766,0.40983086824417114,0.524468015350227,0,True,False
8357,39627835572224621,0.376357385055546,3748.0000000000337,0.7647539973258972,0.25676929972924284,0.4567575454711914,0.4967964407764494,0,True,False
8357,39627835572224621,0.376357385055546,3748.800000000034,3.599712610244751,1.2086183130667367,0.45979514718055725,0.49515269748921636,0,True,False
8357,39627835572224621,0.376357385055546,3749.600000000034,3.2243452072143555,1.082587163763406,0.48685163259506226,0.48119712691311833,0,True,False
8357,39627835572224621,0.376357385055546,3750.400000000034,-3.9278948307037354,-1.3188068432679476,0.5050594210624695,0.4724437441764424,0,True,False
8357,39627835572224621,0.376357385055546,3751.2000000000344,1.2025858163833618,0.4037731336048016,0.46138936281204224,0.49429651907350186,0,True,False
8357,39627835572224621,0.376357385055546,3752.0000000000346,-0.4036993384361267,-0.13554371313371447,0.46247008442878723,0.49371863371347013,0,True,False
8357,39627835572224621,0.376357385055546,3752.8000000000347,-0.9025992155075073,-0.3030513986359237,0.4714072644710541,0.48901615386240255,0,True,False
8357,39627835572224621,0.376357385055546,3753.600000000035,0.38631290197372437,0.12970614558800922,0.49329280853271484,0.4780451857533347,0,True,False
8357,39627835572224621,0.376357385055546,3754.400000000035,-0.9994775056838989,-0.3355786829842759,0.45472660660743713,0.49790462216904974,0,True,False
8357,39627835572224621,0.376357385055546,3755.2000000000353,-0.06940191239118576,-0.023301977507625866,0.5049720406532288,0.47248461826318994,0,True,False
8357,39627835572224621,0.376357385055546,3756.0000000000355,-0.027883380651474,-0.009361959726915767,0.4892246723175049,0.48002865764070796,0,True,False
8357,39627835572224621,0.376357385055546,3756.8000000000357,-0.2132304459810257,-0.07159299916960113,0.508181631565094,0.4709901876337999,0,True,False
8357,39627835572224621,0.376357385055546,3757.600000000036,0.8528590798377991,0.2863509435235513,0.5187540054321289,0.4661660156301355,0,True,False
8357,39627835572224621,0.376357385055546,3758.400000000036,1.1072651147842407,0.3717688160270063,0.5947123169898987,0.4353793978518115,0,True,False
8357,39627835572224621,0.376357385055546,3759.200000000036,-0.5772910714149475,-0.19382785139466543,0.5565388798713684,0.4500632854352213,0,True,False
8357,39627835572224621,0.376357385055546,3760.0000000000364,0.8199753165245056,0.2753100847533573,0.5245755314826965,0.46357213861332114,0,True,False
8357,39627835572224621,0.376357385055546,3760.8000000000366,2.159212827682495,0.7249645868724613,0.5132139325141907,0.4686753604051864,0,True,False
8357,39627835572224621,0.376357385055546,3761.6000000000367,0.27439042925834656,0.09212771508149152,0.5540723204612732,0.4510639446169023,0,True,False
8357,39627835572224621,0.376357385055546,3762.400000000037,0.6213147044181824,0.20860896722708216,0.5357088446617126,0.45872977775093066,0,True,False
8357,39627835572224621,0.376357385055546,3763.200000000037,-2.160428524017334,-0.725372761916556,0.541344940662384,0.4563355466585113,0,True,False
8357,39627835572224621,0.376357385055546,3764.0000000000373,-0.5136922001838684,-0.17247426882213082,0.5915604829788208,0.43653770765964744,0,True,False
8357,39627835572224621,0.376357385055546,3764.8000000000375,1.546168565750122,0.5191324547230092,0.5181738138198853,0.4664269222393001,0,True,False
8357,39627835572224621,0.376357385055546,3765.6000000000377,2.5163843631744385,0.8448863988174371,0.5432022213935852,0.45555474266754853,0,True,False
8357,39627835572224621,0.376357385055546,3766.400000000038,-0.5252398252487183,-0.17635143142841372,0.6069208979606628,0.4309781922159662,0,True,False
8357,39627835572224621,0.376357385055546,3767.200000000038,1.9577560424804688,0.6573246427297633,0.534757673740387,0.4591375667312599,0,True,False
8357,39627835572224621,0.376357385055546,3768.000000000038,-1.2774698734283447,-0.4289157637258064,0.6418275237083435,0.4190947036213207,0,True,False
8357,39627835572224621,0.376357385055546,3768.8000000000384,0.5676345229148865,0.19058562552225133,0.613307535648346,0.4287283381805002,0,True,False
8357,39627835572224621,0.376357385055546,3769.6000000000386,-0.18698875606060028,-0.06278224385725177,0.5994075536727905,0.43367085397230076,0,True,False
8357,39627835572224621,0.376357385055546,3770.4000000000387,0.6927029490470886,0.2325778639525121,0.5871943831443787,0.43815764597222834,0,True,False
8357,39627835572224621,0.376357385055546,3771.200000000039,0.9168110489845276,0.30782308017341553,0.6212365627288818,0.42598355827672846,0,True,False
8357,39627835572224621,0.376357385055546,3772.000000000039,0.8280304670333862,0.27801463466432363,0.5944945216178894,0.4354591420137113,0,True,False
8357,39627835572224621,0.376357385055546,3772.8000000000393,1.0534263849258423,0.3536922410599039,0.7019301652908325,0.40075079052276724,0,True,False
8357,39627835572224621,0.376357385055546,3773.6000000000395,0.00283290003426373,0.000951157837087926,0.7114794254302979,0.3980523279266574,0,True,False
8357,39627835572224621,0.376357385055546,3774.4000000000397,-0.2760744094848633,-0.09269311836808111,0.6065497398376465,0.4311100335004803,0,True,False
8357,39627835572224621,0.376357385055546,3775.20000000004,0.20059925317764282,0.06735202423882539,0.6137037873268127,0.4285899067756548,0,True,False
8357,39627835572224621,0.376357385055546,3776.00000000004,0.9347286224365234,0.3138389791477307,0.687214195728302,0.40501889077672854,0,True,False
8357,39627835572224621,0.376357385055546,3776.80000000004,-0.1604613959789276,-0.053875573613416605,0.6116732954978943,0.42930068432139323,0,True,False
8357,39627835572224621,0.376357385055546,3777.6000000000404,0.4066503942012787,0.13653454224337536,0.6356231570243835,0.42113514435902655,0,True,False
8357,39627835572224621,0.376357385055546,3778.4000000000406,-1.2758212089538574,-0.4283622178482003,0.6943870782852173,0.40292157758899527,0,True,False
8357,39627835572224621,0.376357385055546,3779.2000000000407,0.5438195466995239,0.18258964931647892,0.6111493110656738,0.42948468083086216,0,True,False
8357,39627835572224621,0.376357385055546,3780.000000000041,0.3414645493030548,0.11464812673550942,0.5981225371360779,0.43413645691402913,0,True,False
8357,39627835572224621,0.376357385055546,3780.800000000041,-0.2270258367061615,-0.07622485834048547,0.5982506275177002,0.43408997833233337,0,True,False
8357,39627835572224621,0.376357385055546,3781.6000000000413,-1.3528544902801514,-0.4542264588605544,0.6486992239952087,0.41686904921742896,0,True,False
8357,39627835572224621,0.376357385055546,3782.4000000000415,-0.8254942893981934,-0.27716310259302424,0.6890748739242554,0.40447169389701965,0,True,False
8357,39627835572224621,0.376357385055546,3783.2000000000417,0.0924472063779831,0.031039529739762595,0.7076593041419983,0.39912527470190423,0,True,False
8357,39627835572224621,0.376357385055546,3784.000000000042,-0.22142145037651062,-0.07434316258170755,0.669829249382019,0.4102412124263191,0,True,False
8357,39627835572224621,0.376357385055546,3784.800000000042,-0.25190412998199463,-0.08457784762230833,0.7089307904243469,0.3987671931595103,0,True,False
8357,39627835572224621,0.376357385055546,3785.600000000042,-1.5935291051864624,-0.5350339506137015,0.669357180595398,0.41038584965711405,0,True,False
8357,39627835572224621,0.376357385055546,3786.4000000000424,-1.472350835800171,-0.4943478483095377,0.6936647891998291,0.40313129714152546,0,True,False
8357,39627835572224621,0.376357385055546,3787.2000000000426,-0.37821635603904724,-0.12698769699258886,0.7163863778114319,0.3966867380171563,0,True,False
8357,39627835572224621,0.376357385055546,3788.0000000000427,1.6049480438232422,0.5388679062225241,0.7189226746559143,0.3959863815685249,0,True,False
8357,39627835572224621,0.376357385055546,3788.800000000043,-0.9311316013336182,-0.31263126451932227,0.7899242639541626,0.3777709983590576,0,True,False
8357,39627835572224621,0.376357385055546,3789.600000000043,1.1698460578918457,0.39278062504575356,0.7391167283058167,0.3905393734028091,0,True,False
8357,39627835572224621,0.376357385055546,3790.4000000000433,2.216289520263672,0.7441283211401812,0.7691461443901062,0.3828396471750643,0,True,False
8357,39627835572224621,0.376357385055546,3791.2000000000435,-0.6089683771133423,-0.20446363705897994,0.7013828754425049,0.4009071131808187,0,True,False
8357,39627835572224621,0.376357385055546,3792.0000000000437,-0.7856009006500244,-0.2637687332552872,0.6838690638542175,0.40600825330038204,0,True,False
8357,39627835572224621,0.376357385055546,3792.800000000044,1.0222829580307007,0.34323570739941145,0.7187495827674866,0.3960340601384205,0,True,False
8357,39627835572224621,0.376357385055546,3793.600000000044,-0.31611961126327515,-0.10613845955506838,0.8087257742881775,0.3733539055991411,0,True,False
8357,39627835572224621,0.376357385055546,3794.400000000044,-1.9123632907867432,-0.6420838396663772,0.7515523433685303,0.3872948520355427,0,True,False
8357,39627835572224621,0.376357385055546,3795.2000000000444,-0.16717331111431122,-0.056129126723541936,0.6946027278900146,0.40285902627686476,0,True,False
8357,39627835572224621,0.376357385055546,3796.0000000000446,-0.02995869889855385,-0.01005875636332606,0.7448944449424744,0.3890218306486367,0,True,False
8357,39627835572224621,0.376357385055546,3796.8000000000447,-1.8712879419326782,-0.6282926223621568,0.7200871706008911,0.3956660654086669,0,True,False
8357,39627835572224621,0.376357385055546,3797.600000000045,1.3198628425598145,0.4431493774570102,0.8087000250816345,0.3733598493916521,0,True,False
8357,39627835572224621,0.376357385055546,3798.400000000045,-1.0010932683944702,-0.3361211819593355,0.7293422222137451,0.39314763093896776,0,True,False
8357,39627835572224621,0.376357385055546,3799.2000000000453,-0.9283551573753357,-0.31169906204192627,0.8291154503822327,0.3687345537999302,0,True,False
3302,39627823484241692,0.5171755545004725,3600.0,-0.14289413392543793,-0.09080815985131097,0.06353297084569931,2.521220866014691,0,True,True
3302,39627823484241692,0.5171755545004725,3600.8,2.33725905418396,1.4853107540230361,0.06400932371616364,2.511821972993989,0,True,True
3302,39627823484241692,0.5171755545004725,3601.6000000000004,1.6707910299301147,1.0617752790551815,0.05897223576903343,2.616897293529684,0,True,True
3302,39627823484241692,0.5171755545004725,3602.4000000000005,-0.4152477979660034,-0.26388688870375654,0.06624333560466766,2.469103972853503,0,True,True
3302,39627823484241692,0.5171755545004725,3603.2000000000007,8.373638153076172,5.321384797631727,0.07026614993810654,2.3973828574818485,0,True,True
3302,39627823484241692,0.5171755545004725,3604.000000000001,-3.4123117923736572,-2.1684987773260747,0.08039987087249756,2.2412112768704913,0,True,False
3302,39627823484241692,0.5171755545004725,3604.800000000001,9.328804969787598,5.928386209053264,0.05471974238753319,2.716679793786309,0,True,False
3302,39627823484241692,0.5171755545004725,3605.6000000000013,0.1694432944059372,0.10767995397330958,0.06272100657224655,2.5374878117092514,0,True,False
3302,39627823484241692,0.5171755545004725,3606.4000000000015,7.470856666564941,4.7476738741259865,0.042431287467479706,3.08508667422758,0,True,False
3302,39627823484241692,0.5171755545004725,3607.2000000000016,1.2290806770324707,0.7810716334119107,0.08361465483903885,2.1977043811308787,0,True,False
3302,39627823484241692,0.5171755545004725,3608.000000000002,3.90339732170105,2.4805799805411555,0.08542723953723907,2.1742640649514504,0,True,False
3302,39627823484241692,0.5171755545004725,3608.800000000002,-3.8927500247955322,-2.4738137025084606,0.05030995234847069,2.8332410244903774,0,True,False
3302,39627823484241692,0.5171755545004725,3609.600000000002,-4.086733341217041,-2.597088658045008,0.0662422776222229,2.4691236903082845,0,True,False
3302,39627823484241692,0.5171755545004725,3610.4000000000024,-8.841219902038574,-5.618529523149214,0.06152398884296417,2.5620537238611893,0,True,False
3302,39627823484241692,0.5171755545004725,3611.2000000000025,-0.3979533612728119,-0.2528964027500561,0.07467107474803925,2.3255960092537045,0,True,False
3302,39627823484241692,0.5171755545004725,3612.0000000000027,-2.0891878604888916,-1.3276633545621053,0.06925888359546661,2.414753094256262,0,True,False
3302,39627823484241692,0.5171755545004725,3612.800000000003,3.2201120853424072,2.046357292297893,0.08458750694990158,2.185029788242998,0,True,False
3302,39627823484241692,0.5171755545004725,3613.600000000003,-0.677304744720459,-0.43042213026547316,0.09136626869440079,2.10241056382926,0,True,False
3302,39627823484241692,0.5171755545004725,3614.4000000000033,0.2616576850414276,0.1662815137111523,0.10093623399734497,2.0002621919237837,0,True,False
3302,39627823484241692,0.5171755545004725,3615.2000000000035,-1.564980387687683,-0.9945334024940745,0.07552165538072586,2.312462635602476,0,True,False
3302,39627823484241692,0.5171755545004725,3616.0000000000036,2.7500693798065186,1.7476486471724184,0.08293625712394714,2.2066744097733024,0,True,False
3302,39627823484241692,0.5171755545004725,3616.800000000004,-2.5749125480651855,-1.636337782696234,0.07371924072504044,2.3405614505580195,0,True,False
3302,39627823484241692,0.5171755545004725,3617.600000000004,1.7411415576934814,1.1064825164711931,0.07494145631790161,2.3213969549707456,0,True,False
3302,39627823484241692,0.5171755545004725,3618.400000000004,1.4217571020126343,0.9035160691527615,0.05866321548819542,2.6237807567181957,0,True,False
3302,39627823484241692,0.5171755545004725,3619.2000000000044,1.4187582731246948,0.9016103356874197,0.11280914396047592,1.8920748927442506,0,True,False
3302,39627823484241692,0.5171755545004725,3620.0000000000045,-1.027387261390686,-0.6528969671368552,0.10973071306943893,1.9184318407090073,0,True,False
3302,39627823484241692,0.5171755545004725,3620.8000000000047,-7.062961101531982,-4.488459274795539,0.07490057498216629,2.3220303871059733,0,True,False
3302,39627823484241692,0.5171755545004725,3621.600000000005,2.7461845874786377,1.7451798905271425,0.09372156113386154,2.0758249022062376,0,True,False
3302,39627823484241692,0.5171755545004725,3622.400000000005,-2.6265757083892822,-1.6691693370242968,0.0894346609711647,2.1249931876329624,0,True,False
3302,39627823484241692,0.5171755545004725,3623.2000000000053,2.070657968521118,1.3158877459656382,0.08690900355577469,2.155649210172761,0,True,False
3302,39627823484241692,0.5171755545004725,3624.0000000000055,-7.225685119628906,-4.591869178624785,0.08443081378936768,2.1870564210673815,0,True,False
3302,39627823484241692,0.5171755545004725,3624.8000000000056,1.6753019094467163,1.0646419094546304,0.10613054782152176,1.9506990462651717,0,True,False
3302,39627823484241692,0.5171755545004725,3625.600000000006,0.3011114299297333,0.19135407529313833,0.08170133084058762,2.223288948423197,0,True,False
3302,39627823484241692,0.5171755545004725,3626.400000000006,3.9314987659454346,2.498438239455607,0.10746707022190094,1.9385310873676,0,True,False
3302,39627823484241692,0.5171755545004725,3627.200000000006,-0.20368419587612152,-0.12943979231474875,0.10752514004707336,1.938007556944862,0,True,False
3302,39627823484241692,0.5171755545004725,3628.0000000000064,3.1340062618255615,1.9916376815535743,0.12593509256839752,1.790758790683719,0,True,False
3302,39627823484241692,0.5171755545004725,3628.8000000000065,-2.770453691482544,-1.76060272570794,0.10525046288967133,1.9588377606507414,0,True,False
3302,39627823484241692,0.5171755545004725,3629.6000000000067,3.120781660079956,1.983233545454387,0.11413394659757614,1.8810617705213872,0,True,False
3302,39627823484241692,0.5171755545004725,3630.400000000007,-1.5590792894363403,-0.9907832984234215,0.09215496480464935,2.0933946302161734,0,True,False
3302,39627823484241692,0.5171755545004725,3631.200000000007,-5.38986873626709,-3.425221514242964,0.08517172187566757,2.17752305047457,0,True,False
3302,39627823484241692,0.5171755545004725,3632.0000000000073,1.3577238321304321,0.8628234021584726,0.1171947792172432,1.856334952664267,0,True,False
3302,39627823484241692,0.5171755545004725,3632.8000000000075,1.2972006797790527,0.8243613887612179,0.1522645652294159,1.6285873280011889,0,True,False
3302,39627823484241692,0.5171755545004725,3633.6000000000076,-0.6802114248275757,-0.43226930386562534,0.12646976113319397,1.7869694400903893,0,True,False
3302,39627823484241692,0.5171755545004725,3634.400000000008,-0.30605435371398926,-0.19449526661291483,0.10597231239080429,1.952154872594409,0,True,False
3302,39627823484241692,0.5171755545004725,3635.200000000008,-2.4308958053588867,-1.5448162133100285,0.09922721982002258,2.017414151586235,0,True,False
3302,39627823484241692,0.5171755545004725,3636.000000000008,1.5814334154129028,1.0049891793035648,0.11141999810934067,1.9038332229916883,0,True,False
3302,39627823484241692,0.5171755545004725,3636.8000000000084,-0.8865727782249451,-0.5634104098834507,0.10900504887104034,1.9248069035052704,0,True,False
3302,39627823484241692,0.5171755545004725,3637.6000000000085,3.188778877258301,2.0264452714878534,0.10288088768720627,1.9812675347763926,0,True,False
3302,39627823484241692,0.5171755545004725,3638.4000000000087,-1.9125622510910034,-1.2154190928039017,0.09430420398712158,2.0694023971379987,0,True,False
3302,39627823484241692,0.5171755545004725,3639.200000000009,-2.605008602142334,-1.6554636013317103,0.11588514596223831,1.8667948261444227,0,True,False
3302,39627823484241692,0.5171755545004725,3640.000000000009,1.1649458408355713,0.7403144217796639,0.15187281370162964,1.6306864221756703,0,True,False
3302,39627823484241692,0.5171755545004725,3640.8000000000093,-2.9538698196411133,-1.877162311658633,0.12502136826515198,1.7972907981985522,0,True,False
3302,39627823484241692,0.5171755545004725,3641.6000000000095,-1.2432591915130615,-0.7900819739629051,0.16132521629333496,1.5821925913614445,0,True,False
3302,39627823484241692,0.5171755545004725,3642.4000000000096,-0.20851226150989532,-0.13250799213373587,0.1109200045466423,1.9081193481462309,0,True,False
3302,39627823484241692,0.5171755545004725,3643.20000000001,6.182143211364746,3.928706053491596,0.12709930539131165,1.7825383660691327,0,True,False
3302,39627823484241692,0.5171755545004725,3644.00000000001,-3.121922731399536,-1.9839586877953892,0.09747456759214401,2.035470516062591,0,True,False
3302,39627823484241692,0.5171755545004725,3644.80000000001,3.5901730060577393,2.2815282564228165,0.12756827473640442,1.779258845525246,0,True,False
3302,39627823484241692,0.5171755545004725,3645.6000000000104,0.21837449073791504,0.13877536549348202,0.11782707273960114,1.8513474423881775,0,True,False
3302,39627823484241692,0.5171755545004725,3646.4000000000106,-0.19560913741588593,-0.12430815269231063,0.15327014029026031,1.6232361169039617,0,True,False
3302,39627823484241692,0.5171755545004725,3647.2000000000107,-1.6262164115905762,-1.0334484404629123,0.16571223735809326,1.5611088441222567,0,True,False
3302,39627823484241692,0.5171755545004725,3648.000000000011,2.3497276306152344,1.49323444165517,0.12062806636095047,1.8297269780590792,0,True,False
3302,39627823484241692,0.5171755545004725,3648.800000000011,-1.4448561668395996,-0.9181953531345475,0.17012456059455872,1.5407315164312314,0,True,False
3302,39627823484241692,0.5171755545004725,3649.6000000000113,-2.3170788288116455,-1.4724863708163691,0.14098483324050903,1.6924828518674264,0,True,False
3302,39627823484241692,0.5171755545004725,3650.4000000000115,1.2088649272918701,0.7682246747332818,0.12544487416744232,1.7942543776958482,0,True,False
3302,39627823484241692,0.5171755545004725,3651.2000000000116,-0.4966278672218323,-0.3156033177459043,0.13874323666095734,1.706100317425173,0,True,False
3302,39627823484241692,0.5171755545004725,3652.000000000012,3.189171552658081,2.0266948137853102,0.15658874809741974,1.6059432658092305,0,True,False
3302,39627823484241692,0.5171755545004725,3652.800000000012,1.34125554561615,0.8523579285019651,0.1809394210577011,1.4939768793182742,0,True,False
3302,39627823484241692,0.5171755545004725,3653.600000000012,1.8142191171646118,1.152922762265053,0.14736661314964294,1.655430389126669,0,True,False
3302,39627823484241692,0.5171755545004725,3654.4000000000124,-2.012256145477295,-1.278773821573621,0.13609255850315094,1.7226350729520001,0,True,False
3302,39627823484241692,0.5171755545004725,3655.2000000000126,0.7340320944786072,0.4664719393322827,0.15715868771076202,1.6030286257211324,0,True,False
3302,39627823484241692,0.5171755545004725,3656.0000000000127,-0.9948233962059021,-0.632202872887896,0.1803903728723526,1.4962487358369698,0,True,False
3302,39627823484241692,0.5171755545004725,3656.800000000013,3.6085994243621826,2.2932381082754483,0.20696207880973816,1.3968992547023826,0,True,False
3302,39627823484241692,0.5171755545004725,3657.600000000013,-0.7561630010604858,-0.48053596594649145,0.1729367971420288,1.5281527556523187,0,True,False
3302,39627823484241692,0.5171755545004725,3658.4000000000133,-4.826522350311279,-3.0672190738192935,0.12991318106651306,1.763128095878621,0,True,False
3302,39627823484241692,0.5171755545004725,3659.2000000000135,0.6570707559585571,0.4175635808243941,0.16342054307460785,1.5720166802722677,0,True,False
3302,39627823484241692,0.5171755545004725,3660.0000000000136,-0.8445805311203003,-0.5367246490139101,0.1336788386106491,1.7381175420052573,0,True,False
3302,39627823484241692,0.5171755545004725,3660.800000000014,0.3729739189147949,0.2370221528257938,0.13213461637496948,1.7482444996713324,0,True,False
3302,39627823484241692,0.5171755545004725,3661.600000000014,0.056812502443790436,0.036103922965520056,0.16032439470291138,1.5871233099910678,0,True,False
3302,39627823484241692,0.5171755545004725,3662.400000000014,-3.994715452194214,-2.5386119736212427,0.14983414113521576,1.641742659762831,0,True,False
3302,39627823484241692,0.5171755545004725,3663.2000000000144,2.790355920791626,1.773250444483013,0.1300104260444641,1.762468581748704,0,True,False
3302,39627823484241692,0.5171755545004725,3664.0000000000146,1.8307794332504272,1.163446720030133,0.13703091442584991,1.7167268382829126,0,True,False
3302,39627823484241692,0.5171755545004725,3664.8000000000147,3.0521230697631836,1.939601521708021,0.17774924635887146,1.507323918257506,0,True,False
3302,39627823484241692,0.5171755545004725,3665.600000000015,0.3649352788925171,0.23191365684994744,0.17813844978809357,1.5056763895351568,0,True,False
3302,39627823484241692,0.5171755545004725,3666.400000000015,3.5170278549194336,2.235045056626935,0.20683643221855164,1.3973234763463802,0,True,False
3302,39627823484241692,0.5171755545004725,3667.2000000000153,1.2054704427719116,0.7660675050550497,0.16014549136161804,1.5880095741159908,0,True,False
3302,39627823484241692,0.5171755545004725,3668.0000000000155,-1.345037579536438,-0.8547613829431098,0.16672645509243011,1.5563533915912973,0,True,False
3302,39627823484241692,0.5171755545004725,3668.8000000000156,2.8286776542663574,1.7976036212269133,0.19343191385269165,1.4449286761783933,0,True,False
3302,39627823484241692,0.5171755545004725,3669.600000000016,-0.20639586448669434,-0.13116303755853997,0.15678712725639343,1.6049269626260543,0,True,False
3302,39627823484241692,0.5171755545004725,3670.400000000016,1.0830596685409546,0.6882763680186773,0.1535053551197052,1.6219920053258097,0,True,False
3302,39627823484241692,0.5171755545004725,3671.200000000016,-6.9601521492004395,-4.423124949858589,0.20877939462661743,1.3908063268001951,0,True,False
3302,39627823484241692,0.5171755545004725,3672.0000000000164,2.120914936065674,1.3478256752357753,0.220638245344162,1.3529136454601873,0,True,False
3302,39627823484241692,0.5171755545004725,3672.8000000000166,1.1534514427185059,0.733009817224282,0.20465296506881714,1.4047578058069796,0,True,False
3302,39627823484241692,0.5171755545004725,3673.6000000000167,-2.202481746673584,-1.3996607770189573,0.20324693620204926,1.4096083731045304,0,True,False
3302,39627823484241692,0.5171755545004725,3674.400000000017,-4.336600303649902,-2.7558772551892714,0.14200866222381592,1.6863707333801718,0,True,False
3302,39627823484241692,0.5171755545004725,3675.200000000017,-1.7219946384429932,-1.0943147916234697,0.194993793964386,1.4391301769011156,0,True,False
3302,39627823484241692,0.5171755545004725,3676.0000000000173,0.6313931345939636,0.4012456433316336,0.15035666525363922,1.6388874596318341,0,True,False
3302,39627823484241692,0.5171755545004725,3676.8000000000175,-0.632008969783783,-0.4016370020167169,0.21487687528133392,1.370931119001114,0,True,False
3302,39627823484241692,0.5171755545004725,3677.6000000000176,-0.2943475544452667,-0.18705568270462034,0.15977296233177185,1.5898598096778402,0,True,False
3302,39627823484241692,0.5171755545004725,3678.400000000018,3.833733558654785,2.4363091769975336,0.21083468198776245,1.3840107009025422,0,True,False
3302,39627823484241692,0.5171755545004725,3679.200000000018,4.891486167907715,3.1085030969683944,0.20019902288913727,1.42029807318733,0,True,False
3302,39627823484241692,0.5171755545004725,3680.000000000018,-3.9124341011047363,-2.4863227866738353,0.20772545039653778,1.3943301552252882,0,True,False
3302,39627823484241692,0.5171755545004725,3680.8000000000184,2.382405996322632,1.5140013001350665,0.1849806010723114,1.477567675222532,0,True,False
3302,39627823484241692,0.5171755545004725,3681.6000000000186,0.20083868503570557,0.1276314913288597,0.20248065888881683,1.4122731483687354,0,True,False
3302,39627823484241692,0.5171755545004725,3682.4000000000187,-0.9657794833183289,-0.6137456821569,0.22999927401542664,1.325095691918557,0,True,False
3302,39627823484241692,0.5171755545004725,3683.200000000019,0.0,0.0,0.0,,16,False,False
3302,39627823484241692,0.5171755545004725,3684.000000000019,0.0,0.0,0.0,,16,False,False
3302,39627823484241692,0.5171755545004725,3684.8000000000193,0.0,0.0,0.0,,16,False,False
3302,39627823484241692,0.5171755545004725,3685.6000000000195,1.4658452272415161,0.9315337449897414,0.023829510435461998,4.116735026722735,0,True,False
3302,39627823484241692,0.5171755545004725,3686.4000000000196,0.0,0.0,0.0,,16,False,False
3302,39627823484241692,0.5171755545004725,3687.20000000002,0.0,0.0,0.0,,16,False,False
3302,39627823484241692,0.5171755545004725,3688.00000000002,9.106743812561035,5.7872679944124945,0.008120827376842499,7.051968036890688,0,True,False
3302,39627823484241692,0.5171755545004725,3688.80000000002,7.373677730560303,4.6859173827119,0.022755572572350502,4.212758764471036,0,True,False
3302,39627823484241692,0.5171755545004725,3689.6000000000204,0.0,0.0,0.0,,16,False,False
3302,39627823484241692,0.5171755545004725,3690.4000000000206,0.0,0.0,0.0,,16,False,False
3302,39627823484241692,0.5171755545004725,3691.2000000000207,0.0,0.0,0.0,,16,False,False
3302,39627823484241692,0.5171755545004725,3692.000000000021,-1.1670328378677368,-0.7416406928791128,0.17617787420749664,1.514031085118403,0,True,False
3302,39627823484241692,0.5171755545004725,3692.800000000021,2.47347354888916,1.5718740528055442,0.1442856341600418,1.673011508015518,0,True,False
3302,39627823484241692,0.5171755545004725,3693.6000000000213,2.499418258666992,1.5883617229994136,0.16780269145965576,1.551354370129705,0,True,False
3302,39627823484241692,0.5171755545004725,3694.4000000000215,1.6566081047058105,1.0527621355093462,0.11572924256324768,1.868051819193039,0,True,False
3302,39627823484241692,0.5171755545004725,3695.2000000000216,6.663490295410156,4.234598547124442,0.13286124169826508,1.7434573234611332,0,True,False
3302,39627823484241692,0.5171755545004725,3696.000000000022,-9.11410140991211,-5.791943692833583,0.12189533561468124,1.8201908669048565,0,True,False
3302,39627823484241692,0.5171755545004725,3696.800000000022,0.7224461436271667,0.45910915369479793,0.0995374396443367,2.0142679472322795,0,True,False
3302,39627823484241692,0.5171755545004725,3697.600000000022,0.16971635818481445,0.10785348397486183,0.08886241167783737,2.131824390995647,0,True,False
3302,39627823484241692,0.5171755545004725,3698.4000000000224,-3.8608267307281494,-2.4535266864426792,0.06803686171770096,2.4363424826476203,0,True,False
3302,39627823484241692,0.5171755545004725,3699.2000000000226,-1.864316463470459,-1.1847592534245968,0.07812735438346863,2.273573065188556,0,True,False
3302,39627823484241692,0.5171755545004725,3700.0000000000227,-6.762643337249756,-4.297609568121373,0.07988757640123367,2.2483858926027693,0,True,False
3302,39627823484241692,0.5171755545004725,3700.800000000023,-2.2651209831237793,-1.4394675461302875,0.08179678022861481,2.2219913819848935,0,True,False
3302,39627823484241692,0.5171755545004725,3701.600000000023,-3.076862096786499,-1.9553229894742998,0.0626479759812355,2.538966393072503,0,True,False
3302,39627823484241692,0.5171755545004725,3702.4000000000233,-0.18815356492996216,-0.1195701918013613,0.09162847697734833,2.0994002310591524,0,True,False
3302,39627823484241692,0.5171755545004725,3703.2000000000235,3.3389339447021484,2.1218677006131816,0.0978923961520195,2.0311219292405984,0,True,False
3302,39627823484241692,0.5171755545004725,3704.0000000000236,0.8105078935623169,0.5150717411378205,0.09266342222690582,2.0876433522951348,0,True,False
3302,39627823484241692,0.5171755545004725,3704.800000000024,5.045472145080566,3.2063600407479695,0.1260230392217636,1.7901338306368582,0,True,False
3302,39627823484241692,0.5171755545004725,3705.600000000024,1.1958645582199097,0.7599630368312764,0.09926693141460419,2.017010579390548,0,True,False
3302,39627823484241692,0.5171755545004725,3706.400000000024,-3.5163846015930176,-2.2346362739198677,0.09829001873731613,2.0270094140229755,0,True,False
3302,39627823484241692,0.5171755545004725,3707.2000000000244,-2.023259401321411,-1.285766308865638,0.15759433805942535,1.6008114036770722,0,True,False
3302,39627823484241692,0.5171755545004725,3708.0000000000246,4.480833053588867,2.847536095566064,0.13239385187625885,1.7465320745765434,0,True,False
3302,39627823484241692,0.5171755545004725,3708.8000000000247,0.4721912443637848,0.3000740255786158,0.13474440574645996,1.7312313300566238,0,True,False
3302,39627823484241692,0.5171755545004725,3709.600000000025,-5.265827655792236,-3.3463943297081014,0.11716856807470322,1.8565425763468422,0,True,False
3302,39627823484241692,0.5171755545004725,3710.400000000025,-3.508216619491577,-2.2294455820142276,0.12637010216712952,1.7876739280443534,0,True,False
3302,39627823484241692,0.5171755545004725,3711.2000000000253,-2.266963005065918,-1.4406381373811408,0.148763045668602,1.6476423414277979,0,True,False
3302,39627823484241692,0.5171755545004725,3712.0000000000255,-2.582923412322998,-1.6414286273802445,0.1716407984495163,1.5339111754340304,0,True,False
3302,39627823484241692,0.5171755545004725,3712.8000000000256,0.3259945511817932,0.20716711387060482,0.16781120002269745,1.5513150403240104,0,True,False
3302,39627823484241692,0.5171755545004725,3713.600000000026,1.9236078262329102,1.2224384736950678,0.2073105424642563,1.3957247525877952,0,True,False
3302,39627823484241692,0.5171755545004725,3714.400000000026,5.006293296813965,3.1814621739255267,0.21622559428215027,1.3666488017439526,0,True,False
3302,39627823484241692,0.5171755545004725,3715.200000000026,-1.2574924230575562,-0.7991270868012503,0.2801402509212494,1.2006673970773876,0,True,False
3302,39627823484241692,0.5171755545004725,3716.0000000000264,-0.3205418288707733,-0.20370194937685257,0.1700112223625183,1.5412449963359423,0,True,False
3302,39627823484241692,0.5171755545004725,3716.8000000000266,2.66395902633667,1.6929261576766415,0.18470510840415955,1.4786691807329269,0,True,False
3302,39627823484241692,0.5171755545004725,3717.6000000000267,-2.0259766578674316,-1.287493105200866,0.2527988851070404,1.2639296371146376,0,True,False
3302,39627823484241692,0.5171755545004725,3718.400000000027,0.6049582958221436,0.3844464998056464,0.25478774309158325,1.2589868926991508,0,True,False
3302,39627823484241692,0.5171755545004725,3719.200000000027,-2.6703429222106934,-1.696983076047447,0.2180449515581131,1.360935230242524,0,True,False
3302,39627823484241692,0.5171755545004725,3720.0000000000273,2.59419846534729,1.6485938397597546,0.3165886700153351,1.1294390270175039,0,True,False
3302,39627823484241692,0.5171755545004725,3720.8000000000275,0.2675784230232239,0.17004409868450907,0.29535624384880066,1.1693308198748145,0,True,False
3302,39627823484241692,0.5171755545004725,3721.6000000000276,-1.1280219554901123,-0.7168495671304764,0.30798202753067017,1.1451115305188286,0,True,False
3302,39627823484241692,0.5171755545004725,3722.400000000028,1.0178147554397583,0.646813710765932,0.29503896832466125,1.1699593815255913,0,True,False
3302,39627823484241692,0.5171755545004725,3723.200000000028,-0.9786056876182556,-0.6218966396409985,0.34430602192878723,1.0830242108294175,0,True,False
3302,39627823484241692,0.5171755545004725,3724.000000000028,3.562427043914795,2.2638959037412176,0.3787791430950165,1.0325651092939048,0,True,False
3302,39627823484241692,0.5171755545004725,3724.8000000000284,0.047387752681970596,0.030114564554372683,0.35902005434036255,1.0605987732651443,0,True,False
3302,39627823484241692,0.5171755545004725,3725.6000000000286,-0.47939562797546387,-0.3046523578072914,0.38464388251304626,1.0246630127711935,0,True,False
3302,39627823484241692,0.5171755545004725,3726.4000000000287,-2.543609380722046,-1.6164448525537594,0.29444125294685364,1.171146287522298,0,True,False
3302,39627823484241692,0.5171755545004725,3727.200000000029,0.6484354138374329,0.41207588510054455,0.3073587119579315,1.146272070815084,0,True,False
3302,39627823484241692,0.5171755545004725,3728.000000000029,1.3670153617858887,0.8687281001823689,0.3608720898628235,1.0578737172762613,0,True,False
3302,39627823484241692,0.5171755545004725,3728.8000000000293,-0.45062488317489624,-0.28636876336488776,0.3371243476867676,1.0944991157901807,0,True,False
3302,39627823484241692,0.5171755545004725,3729.6000000000295,0.09752446413040161,0.06197607196939251,0.3270666301250458,1.1112003166082969,0,True,False
3302,39627823484241692,0.5171755545004725,3730.4000000000296,1.7228381633758545,1.094850845447637,0.2731451392173767,1.2159444545538964,0,True,False
3302,39627823484241692,0.5171755545004725,3731.20000000003,1.8582494258880615,1.1809036961426322,0.26368027925491333,1.2375753475101618,0,True,False
3302,39627823484241692,0.5171755545004725,3732.00000000003,-1.2659744024276733,-0.8045173216369157,0.32594725489616394,1.113106735523508,0,True,False
3302,39627823484241692,0.5171755545004725,3732.80000000003,0.8218359351158142,0.52227062733373,0.37263500690460205,1.0410429529059124,0,True,False
3302,39627823484241692,0.5171755545004725,3733.6000000000304,-2.9345922470092773,-1.8649115575583248,0.3631665110588074,1.0545266937617777,0,True,False
3302,39627823484241692,0.5171755545004725,3734.4000000000306,2.144662857055664,1.3629173024856427,0.425668865442276,0.9740349305052499,0,True,False
3302,39627823484241692,0.5171755545004725,3735.2000000000307,-0.49749165773391724,-0.31615225019501647,0.4408767819404602,0.9570879769574298,0,True,False
3302,39627823484241692,0.5171755545004725,3736.000000000031,1.6005535125732422,1.017139858912391,0.44096386432647705,0.9569934685105729,0,True,False
3302,39627823484241692,0.5171755545004725,3736.800000000031,-2.202981948852539,-1.3999786517852388,0.44714170694351196,0.9503594213328647,0,True,False
3302,39627823484241692,0.5171755545004725,3737.6000000000313,0.1523953527212143,0.09684611376507585,0.36572808027267456,1.050827238084732,0,True,False
3302,39627823484241692,0.5171755545004725,3738.4000000000315,-1.8670567274093628,-1.186500670786968,0.32866138219833374,1.108501119201199,0,True,False
3302,39627823484241692,0.5171755545004725,3739.2000000000317,-3.66566801071167,-2.329504770659341,0.3566282093524933,1.064149457908179,0,True,False
3302,39627823484241692,0.5171755545004725,3740.000000000032,2.4640121459960938,1.5658614016019645,0.3285476863384247,1.108692904277698,0,True,False
3302,39627823484241692,0.5171755545004725,3740.800000000032,-1.2700961828231812,-0.8071366824374268,0.3469620645046234,1.0788708969730536,0,True,False
3302,39627823484241692,0.5171755545004725,3741.600000000032,0.6700482368469238,0.4258106734558737,0.30354008078575134,1.153459769975733,0,True,False
3302,39627823484241692,0.5171755545004725,3742.4000000000324,-3.557345390319824,-2.2606665506580335,0.31961166858673096,1.1240850229220325,0,True,False
3302,39627823484241692,0.5171755545004725,3743.2000000000326,-0.11513874679803848,-0.07316981766215533,0.3335913121700287,1.1002797213712607,0,True,False
3302,39627823484241692,0.5171755545004725,3744.0000000000327,-0.35815873742103577,-0.227607215120839,0.3518438935279846,1.0713600937140577,0,True,False
3302,39627823484241692,0.5171755545004725,3744.800000000033,0.49165603518486023,0.31244375544642733,0.34120285511016846,1.087938000159156,0,True,False
3302,39627823484241692,0.5171755545004725,3745.600000000033,-1.9847217798233032,-1.2612759368877682,0.41136032342910767,0.9908302890848688,0,True,False
3302,39627823484241692,0.5171755545004725,3746.4000000000333,-0.4301954507827759,-0.27338601094970993,0.43435966968536377,0.9642412965539899,0,True,False
3302,39627823484241692,0.5171755545004725,3747.2000000000335,2.047591209411621,1.3012289920271463,0.39411601424217224,1.0122748189277595,0,True,False
3302,39627823484241692,0.5171755545004725,3748.0000000000337,1.6116976737976074,1.024221890526082,0.46423518657684326,0.9326988629554772,0,True,False
3302,39627823484241692,0.5171755545004725,3748.800000000034,-0.4947969913482666,-0.3144398097387707,0.39934617280960083,1.0056241891945292,0,True,False
3302,39627823484241692,0.5171755545004725,3749.600000000034,0.0667915791273117,0.04244555201460709,0.46670085191726685,0.9302317914211128,0,True,False
3302,39627823484241692,0.5171755545004725,3750.400000000034,0.4453144371509552,0.2829940143939088,0.48009976744651794,0.9171592000000169,0,True,False
3302,39627823484241692,0.5171755545004725,3751.2000000000344,-0.1438290774822235,-0.09140230953138699,0.5358216762542725,0.8681611258387606,0,True,False
3302,39627823484241692,0.5171755545004725,3752.0000000000346,1.7808769941329956,1.13173409093991,0.4911848306655884,0.9067509132037204,0,True,False
3302,39627823484241692,0.5171755545004725,3752.8000000000347,-2.795579671859741,-1.7765700994540448,0.5629907846450806,0.8469540158032667,0,True,False
3302,39627823484241692,0.5171755545004725,3753.600000000035,1.1740061044692993,0.7460721519659562,0.48053884506225586,0.916740091211416,0,True,False
3302,39627823484241692,0.5171755545004725,3754.400000000035,0.22277793288230896,0.14157372024156967,0.4215449392795563,0.978787771104288,0,True,False
3302,39627823484241692,0.5171755545004725,3755.2000000000353,-2.0736091136932373,-1.3177631767840512,0.4967690706253052,0.9016400624868844,0,True,False
3302,39627823484241692,0.5171755545004725,3756.0000000000355,0.2791231572628021,0.17738069147155486,0.377787321805954,1.033919639624805,0,True,False
3302,39627823484241692,0.5171755545004725,3756.8000000000357,-0.531373918056488,-0.33768417475324364,0.409280002117157,0.9933452332868374,0,True,False
3302,39627823484241692,0.5171755545004725,3757.600000000036,-1.3696269989013672,-0.8703877761546501,0.47142982482910156,0.9255543948850867,0,True,False
3302,39627823484241692,0.5171755545004725,3758.400000000036,-0.2013879120349884,-0.12798052100401458,0.42046165466308594,0.9800478428068684,0,True,False
3302,39627823484241692,0.5171755545004725,3759.200000000036,-0.4455699026584625,-0.283156360824829,0.4196719527244568,0.9809694935542387,0,True,False
3302,39627823484241692,0.5171755545004725,3760.0000000000364,1.7263059616088867,1.097054605445522,0.43902286887168884,0.9591066515889572,0,True,False
3302,39627823484241692,0.5171755545004725,3760.8000000000366,1.16450834274292,0.7400363949940937,0.40063798427581787,1.0040016199646042,0,True,False
3302,39627823484241692,0.5171755545004725,3761.6000000000367,-1.9859257936477661,-1.262041078722716,0.36569735407829285,1.050871382844645,0,True,False
3302,39627823484241692,0.5171755545004725,3762.400000000037,1.0807349681854248,0.6867990382242891,0.39842578768730164,1.0067850423108906,0,True,False
3302,39627823484241692,0.5171755545004725,3763.200000000037,1.0018064975738525,0.6366405818956684,0.45718711614608765,0.9398606847358706,0,True,False
3302,39627823484241692,0.5171755545004725,3764.0000000000373,-0.0884147509932518,-0.05618691699127746,0.4298833906650543,0.9692485093953548,0,True,False
3302,39627823484241692,0.5171755545004725,3764.8000000000375,1.3083899021148682,0.8314720563762564,0.423685759305954,0.976311806229545,0,True,False
3302,39627823484241692,0.5171755545004725,3765.6000000000377,-0.4320942163467407,-0.27459266235040813,0.4831634759902954,0.9142467519800538,0,True,False
3302,39627823484241692,0.5171755545004725,3766.400000000038,1.0295318365097046,0.6542598286824705,0.43830692768096924,0.9598896460389562,0,True,False
3302,39627823484241692,0.5171755545004725,3767.200000000038,0.6253626346588135,0.397413305452878,0.4320998191833496,0.9667594641750121,0,True,False
3302,39627823484241692,0.5171755545004725,3768.000000000038,-1.2097710371017456,-0.7688005007815432,0.4365023672580719,0.9618717570427368,0,True,False
3302,39627823484241692,0.5171755545004725,3768.8000000000384,1.6503934860229492,1.0488127915351373,0.4633975028991699,0.9335415021967141,0,True,False
3302,39627823484241692,0.5171755545004725,3769.6000000000386,-2.290614128112793,-1.455668250257743,0.5790587067604065,0.8351205615009519,0,True,False
3302,39627823484241692,0.5171755545004725,3770.4000000000387,-0.5832637548446655,-0.3706597802891433,0.4460950493812561,0.9514736660458315,0,True,False
3302,39627823484241692,0.5171755545004725,3771.200000000039,-0.5758706331253052,-0.3659615063960933,0.5340629816055298,0.8695893987794902,0,True,False
3302,39627823484241692,0.5171755545004725,3772.000000000039,-0.24062083661556244,-0.15291275292198955,0.5063988566398621,0.8930260268465102,0,True,False
3302,39627823484241692,0.5171755545004725,3772.8000000000393,-0.40011170506477356,-0.2542680141849721,0.4541369676589966,0.9430116253911643,0,True,False
3302,39627823484241692,0.5171755545004725,3773.6000000000395,1.5649502277374268,0.9945142360698922,0.4305969178676605,0.9684451224145179,0,True,False
3302,39627823484241692,0.5171755545004725,3774.4000000000397,-1.0096651315689087,-0.6416346853793592,0.43048495054244995,0.9685710584779385,0,True,False
3302,39627823484241692,0.5171755545004725,3775.20000000004,1.7961708307266235,1.1414532104025654,0.5156936645507812,0.8849415294807156,0,True,False
3302,39627823484241692,0.5171755545004725,3776.00000000004,-0.19520379602909088,-0.12405056125426292,0.4522014558315277,0.9450276087921505,0,True,False
3302,39627823484241692,0.5171755545004725,3776.80000000004,-0.4867623746395111,-0.309333870548759,0.4522152841091156,0.94501315969626,0,True,False
3302,39627823484241692,0.5171755545004725,3777.6000000000404,0.5725752711296082,0.3638673283451641,0.4430404007434845,0.9547481136811888,0,True,False
3302,39627823484241692,0.5171755545004725,3778.4000000000406,1.140663981437683,0.7248834806408131,0.4037797749042511,1.0000879483899956,0,True,False
3302,39627823484241692,0.5171755545004725,3779.2000000000407,0.3736896812915802,0.23747701449534692,0.45637860894203186,0.9406928314120085,0,True,False
3302,39627823484241692,0.5171755545004725,3780.000000000041,3.055514335632324,1.9417566459575852,0.48394086956977844,0.9135121423873169,0,True,False
3302,39627823484241692,0.5171755545004725,3780.800000000041,-0.9595357775688171,-0.6097778535680647,0.5000051856040955,0.8987175454083263,0,True,False
3302,39627823484241692,0.5171755545004725,3781.6000000000413,-0.49558788537979126,-0.31494241701639075,0.4920465648174286,0.9059565568388926,0,True,False
3302,39627823484241692,0.5171755545004725,3782.4000000000415,0.31217634677886963,0.19838574769546477,0.4762096703052521,0.920897660080958,0,True,False
3302,39627823484241692,0.5171755545004725,3783.2000000000417,0.3088122010231018,0.19624785807634101,0.49719417095184326,0.901254529560323,0,True,False
3302,39627823484241692,0.5171755545004725,3784.000000000042,-0.03394152224063873,-0.021569585066613172,0.49674636125564575,0.9016606720424478,0,True,False
3302,39627823484241692,0.5171755545004725,3784.800000000042,0.017919767647981644,0.011387879126832258,0.4974570572376251,0.901016359488824,0,True,False
3302,39627823484241692,0.5171755545004725,3785.600000000042,1.9191033840179443,1.2195759341529542,0.49998927116394043,0.8987318481880139,0,True,False
3302,39627823484241692,0.5171755545004725,3786.4000000000424,-0.29455694556236267,-0.1871887492029457,0.4596417546272278,0.9373477423283934,0,True,False
3302,39627823484241692,0.5171755545004725,3787.2000000000426,2.729234457015991,1.7344082086234212,0.5131644010543823,0.887119680507199,0,True,False
3302,39627823484241692,0.5171755545004725,3788.0000000000427,0.3884534239768982,0.24685926321992743,0.5129742622375488,0.8872840749724,0,True,False
3302,39627823484241692,0.5171755545004725,3788.800000000043,-0.2767060101032257,-0.17584461242043378,0.48059508204460144,0.9166864533294322,0,True,False
3302,39627823484241692,0.5171755545004725,3789.600000000043,-0.7039496898651123,-0.44735479482948964,0.6123179793357849,0.8121232964317542,0,True,False
3302,39627823484241692,0.5171755545004725,3790.4000000000433,1.1780154705047607,0.748620074276333,0.5507993698120117,0.8562759716747729,0,True,False
3302,39627823484241692,0.5171755545004725,3791.2000000000435,2.5682523250579834,1.6321052604864772,0.39128538966178894,1.0159297043099864,0,True,False
3302,39627823484241692,0.5171755545004725,3792.0000000000437,-2.0006964206695557,-1.271427702391947,0.5355730652809143,0.868362601001492,0,True,False
3302,39627823484241692,0.5171755545004725,3792.800000000044,0.47617578506469727,0.3026061715734354,0.4793812334537506,0.9178462975092432,0,True,False
3302,39627823484241692,0.5171755545004725,3793.600000000044,-0.7878916263580322,-0.5006992714561869,0.5482751727104187,0.858244807236055,0,True,False
3302,39627823484241692,0.5171755545004725,3794.400000000044,-0.7347596883773804,-0.46693431984610495,0.5773206353187561,0.8363767164748013,0,True,False
3302,39627823484241692,0.5171755545004725,3795.2000000000444,1.2376328706741333,0.7865064888951784,0.5543608665466309,0.853520963030075,0,True,False
3302,39627823484241692,0.5171755545004725,3796.0000000000446,1.8990026712417603,1.2068020806100408,0.5113061666488647,0.8887302431946684,0,True,False
3302,39627823484241692,0.5171755545004725,3796.8000000000447,0.17295050621032715,0.10990876100279641,0.5140222311019897,0.8863791330792407,0,True,False
3302,39627823484241692,0.5171755545004725,3797.600000000045,-0.2711035907268524,-0.17228431655447995,0.603998064994812,0.8176975583947346,0,True,False
3302,39627823484241692,0.5171755545004725,3798.400000000045,-0.07098117470741272,-0.04510800886079699,0.5422621369361877,0.8629901405186274,0,True,False
3302,39627823484241692,0.5171755545004725,3799.2000000000453,-1.8621195554733276,-1.1833631347239773,0.5278224349021912,0.8747149549861418,0,True,False
5285,39627853683233487,0.7363214343127377,3600.0,-1.9750685691833496,-2.7291439211595976,0.08866003900766373,4.640665889227006,0,True,True
5285,39627853683233487,0.7363214343127377,3600.8,0.61676025390625,0.8522374990034256,0.08192480355501175,4.8276586705317985,0,True,True
5285,39627853683233487,0.7363214343127377,3601.6000000000004,-2.903954267501831,-4.012675438278604,0.07504528760910034,5.044086757779897,0,True,True
5285,39627853683233487,0.7363214343127377,3602.4000000000005,-1.0317062139511108,-1.4256086022327221,0.06002635136246681,5.639924470151478,0,True,True
5285,39627853683233487,0.7363214343127377,3603.2000000000007,-1.034010648727417,-1.4287928634070393,0.06096724048256874,5.596235624919275,0,True,False
5285,39627853683233487,0.7363214343127377,3604.000000000001,-4.035566329956055,-5.576333647185641,0.06271520256996155,5.5176969799500455,0,True,False
5285,39627853683233487,0.7363214343127377,3604.800000000001,4.597023010253906,6.352152831358524,0.07931732386350632,4.906369303521019,0,True,False
5285,39627853683233487,0.7363214343127377,3605.6000000000013,3.602458953857422,4.977867152841242,0.07388629019260406,5.083494175699739,0,True,False
5285,39627853683233487,0.7363214343127377,3606.4000000000015,2.8832204341888428,3.9840254885850226,0.08016329258680344,4.880412013782482,0,True,False
5285,39627853683233487,0.7363214343127377,3607.2000000000016,2.8143582344055176,3.8888719041127393,0.08524227887392044,4.732784556072488,0,True,False
5285,39627853683233487,0.7363214343127377,3608.000000000002,-6.120106220245361,-8.456744716837791,0.07465983927249908,5.0570906159314895,0,True,False
5285,39627853683233487,0.7363214343127377,3608.800000000002,-4.439434051513672,-6.134396873161279,0.09365099668502808,4.51531506127404,0,True,False
5285,39627853683233487,0.7363214343127377,3609.600000000002,-2.4713187217712402,-3.4148609177445595,0.0764729231595993,4.996782148317638,0,True,False
5285,39627853683233487,0.7363214343127377,3610.4000000000024,-1.37921142578125,-1.905790278573024,0.08234060555696487,4.815453934395658,0,True,False
5285,39627853683233487,0.7363214343127377,3611.2000000000025,-0.7400676012039185,-1.022623227662402,0.08254784345626831,4.809405492408544,0,True,False
5285,39627853683233487,0.7363214343127377,3612.0000000000027,-7.270625114440918,-10.04652833005754,0.0923779308795929,4.546321515174844,0,True,False
5285,39627853683233487,0.7363214343127377,3612.800000000003,-1.372645616531372,-1.896717662724954,0.09800004214048386,4.413987813057686,0,True,False
5285,39627853683233487,0.7363214343127377,3613.600000000003,-1.2632339000701904,-1.7455328757546786,0.07610208541154861,5.008941759633795,0,True,False
5285,39627853683233487,0.7363214343127377,3614.4000000000033,-0.04158148542046547,-0.057457173861549624,0.09555943310260773,4.469999541976389,0,True,False
5285,39627853683233487,0.7363214343127377,3615.2000000000035,0.10880515724420547,0.15034664523400226,0.08222980797290802,4.818697047028254,0,True,False
5285,39627853683233487,0.7363214343127377,3616.0000000000036,-5.3726911544799805,-7.423968784324164,0.07653255015611649,4.994835256661029,0,True,False
5285,39627853683233487,0.7363214343127377,3616.800000000004,0.9646880626678467,1.3330031185366795,0.07479115575551987,5.052649107460039,0,True,False
5285,39627853683233487,0.7363214343127377,3617.600000000004,-1.2266463041305542,-1.6949762436425142,0.08805149048566818,4.6566747475454555,0,True,False
5285,39627853683233487,0.7363214343127377,3618.400000000004,-2.9769957065582275,-4.113603883246942,0.08576486259698868,4.718343588223714,0,True,False
5285,39627853683233487,0.7363214343127377,3619.2000000000044,1.117818832397461,1.544598764313609,0.08355996012687683,4.7801898889658565,0,True,False
5285,39627853683233487,0.7363214343127377,3620.0000000000045,0.13721919059753418,0.1896090726817373,0.0964350625872612,4.449659487369247,0,True,False
5285,39627853683233487,0.7363214343127377,3620.8000000000047,-6.335601806640625,-8.75451588226651,0.08326879888772964,4.788539904159998,0,True,False
5285,39627853683233487,0.7363214343127377,3621.600000000005,-5.641054153442383,-7.794791984444873,0.10155540704727173,4.336034563112089,0,True,False
5285,39627853683233487,0.7363214343127377,3622.400000000005,-1.8374035358428955,-2.5389187842912198,0.0974138081073761,4.4272495288460325,0,True,False
5285,39627853683233487,0.7363214343127377,3623.2000000000053,2.2328124046325684,3.0852935924712344,0.0885506421327591,4.643531580728894,0,True,False
5285,39627853683233487,0.7363214343127377,3624.0000000000055,-2.298314094543457,-3.1758036343174765,0.10463452339172363,4.2717591735354965,0,True,False
5285,39627853683233487,0.7363214343127377,3624.8000000000056,-2.067949056625366,-2.8574859046490775,0.11174005270004272,4.133708282607878,0,True,False
5285,39627853683233487,0.7363214343127377,3625.600000000006,-4.607715606689453,-6.366927829563043,0.12011869251728058,3.9869332329367313,0,True,False
5285,39627853683233487,0.7363214343127377,3626.400000000006,0.09554147720336914,0.13201893129006476,0.10761610418558121,4.212167451732027,0,True,False
5285,39627853683233487,0.7363214343127377,3627.200000000006,-0.05653369054198265,-0.07811808677972377,0.09533122926950455,4.4753464849744615,0,True,False
5285,39627853683233487,0.7363214343127377,3628.0000000000064,3.421302080154419,4.727545119289134,0.1128278374671936,4.1137332676905425,0,True,False
5285,39627853683233487,0.7363214343127377,3628.8000000000065,1.6024781465530396,2.2142995745533205,0.13055174052715302,3.8243085799737715,0,True,False
5285,39627853683233487,0.7363214343127377,3629.6000000000067,1.1501353979110718,1.5892536991854116,0.11519085615873337,4.071320180163914,0,True,False
5285,39627853683233487,0.7363214343127377,3630.400000000007,-2.291290283203125,-3.1660981525322214,0.10061424970626831,4.3562672432039555,0,True,False
5285,39627853683233487,0.7363214343127377,3631.200000000007,2.4867494106292725,3.4361829980780114,0.10098715126514435,4.348216906080251,0,True,False
5285,39627853683233487,0.7363214343127377,3632.0000000000073,-2.405756711959839,-3.324267526037772,0.11543570458889008,4.067000089067138,0,True,False
5285,39627853683233487,0.7363214343127377,3632.8000000000075,-1.7339779138565063,-2.396005565003337,0.13501237332820892,3.7606028873663835,0,True,False
5285,39627853683233487,0.7363214343127377,3633.6000000000076,-1.0460721254348755,-1.4454593763321977,0.11654356867074966,4.0476234630772,0,True,False
5285,39627853683233487,0.7363214343127377,3634.400000000008,-1.9660724401474,-2.716713096602159,0.13087327778339386,3.819607796468021,0,True,False
5285,39627853683233487,0.7363214343127377,3635.200000000008,-1.6777786016464233,-2.318349521215999,0.09515899419784546,4.479394778872209,0,True,False
5285,39627853683233487,0.7363214343127377,3636.000000000008,1.1392545700073242,1.5742186032935384,0.1240716204047203,3.9229071930312283,0,True,False
5285,39627853683233487,0.7363214343127377,3636.8000000000084,1.500916838645935,2.0739624589592536,0.11944401264190674,3.9981774793632665,0,True,False
5285,39627853683233487,0.7363214343127377,3637.6000000000085,-1.547401785850525,-2.138195221845702,0.12422090023756027,3.9205493491777594,0,True,False
5285,39627853683233487,0.7363214343127377,3638.4000000000087,2.2080326080322266,3.0510529426454127,0.14897672832012177,3.580016635557723,0,True,False
5285,39627853683233487,0.7363214343127377,3639.200000000009,0.8819352984428406,1.2186555931050886,0.13279683887958527,3.7918433945070067,0,True,False
5285,39627853683233487,0.7363214343127377,3640.000000000009,-2.090829610824585,-2.8891021869290285,0.1115029975771904,4.138100076881406,0,True,False
5285,39627853683233487,0.7363214343127377,3640.8000000000093,-1.1657134294509888,-1.6107793772019352,0.12332522869110107,3.934760438891417,0,True,False
5285,39627853683233487,0.7363214343127377,3641.6000000000095,-2.733372926712036,-3.7769666449012615,0.12246979027986526,3.9484784666478956,0,True,False
5285,39627853683233487,0.7363214343127377,3642.4000000000096,-0.7878232598304749,-1.0886118558422981,0.11726387590169907,4.035172810730297,0,True,False
5285,39627853683233487,0.7363214343127377,3643.20000000001,3.2948732376098633,4.5528461177084525,0.15395547449588776,3.521654065513112,0,True,False
5285,39627853683233487,0.7363214343127377,3644.00000000001,2.956638813018799,4.085474787820246,0.14198876917362213,3.6670536487165917,0,True,False
5285,39627853683233487,0.7363214343127377,3644.80000000001,-5.69466495513916,-7.868871232042717,0.14103862643241882,3.6793849372616463,0,True,False
5285,39627853683233487,0.7363214343127377,3645.6000000000104,0.4654732942581177,0.643189624556648,0.17460638284683228,3.30684777349976,0,True,False
5285,39627853683233487,0.7363214343127377,3646.4000000000106,-0.30151498317718506,-0.416632514088762,0.13071584701538086,3.8219072225012614,0,True,False
5285,39627853683233487,0.7363214343127377,3647.2000000000107,1.0558488368988037,1.4589688073853906,0.1473061740398407,3.600259342797381,0,True,False
5285,39627853683233487,0.7363214343127377,3648.000000000011,-2.77873158454895,-3.8396431044627426,0.1419326514005661,3.667778522610189,0,True,False
5285,39627853683233487,0.7363214343127377,3648.800000000011,0.9220867156982422,1.274136702995785,0.14323125779628754,3.6511137041942554,0,True,False
5285,39627853683233487,0.7363214343127377,3649.6000000000113,1.2338833808898926,1.7049764149544804,0.17256498336791992,3.3263498473069895,0,True,False
5285,39627853683233487,0.7363214343127377,3650.4000000000115,-0.6572431325912476,-0.9081766213195106,0.17919516563415527,3.2642327404649465,0,True,False
5285,39627853683233487,0.7363214343127377,3651.2000000000116,-1.4151719808578491,-1.9554804674708226,0.1426948755979538,3.6579694355766574,0,True,False
5285,39627853683233487,0.7363214343127377,3652.000000000012,-3.3167243003845215,-4.583039851775616,0.14582036435604095,3.618554944977424,0,True,False
5285,39627853683233487,0.7363214343127377,3652.800000000012,1.254335641860962,1.7332372888168208,0.1520630270242691,3.543500066393808,0,True,False
5285,39627853683233487,0.7363214343127377,3653.600000000012,-4.27712869644165,-5.910123812429211,0.18676790595054626,3.1973717701888873,0,True,False
5285,39627853683233487,0.7363214343127377,3654.4000000000124,-0.5154774785041809,-0.7122852588029642,0.15937259793281555,3.461285594598817,0,True,False
5285,39627853683233487,0.7363214343127377,3655.2000000000126,-0.4988011121749878,-0.6892419050154214,0.17364835739135742,3.3159572371446164,0,True,False
5285,39627853683233487,0.7363214343127377,3656.0000000000127,0.43744394183158875,0.6044587480785056,0.1740032434463501,3.3125740024504977,0,True,False
5285,39627853683233487,0.7363214343127377,3656.800000000013,4.839818477630615,6.687646891774983,0.18286797404289246,3.2312862624010275,0,True,False
5285,39627853683233487,0.7363214343127377,3657.600000000013,-0.01774870604276657,-0.024525109639658458,0.16089949011802673,3.4448231182600884,0,True,False
5285,39627853683233487,0.7363214343127377,3658.4000000000133,-2.4401612281799316,-3.3718075850349774,0.18171067535877228,3.2415598139787845,0,True,False
5285,39627853683233487,0.7363214343127377,3659.2000000000135,-1.3594106435775757,-1.8784296161491838,0.13859686255455017,3.711654656655139,0,True,False
5285,39627853683233487,0.7363214343127377,3660.0000000000136,2.102552890777588,2.905301380576781,0.1666860580444336,3.3845008143136552,0,True,False
5285,39627853683233487,0.7363214343127377,3660.800000000014,1.0153677463531494,1.4030321559149739,0.13975799083709717,3.6962040339125664,0,True,False
5285,39627853683233487,0.7363214343127377,3661.600000000014,-2.7379343509674072,-3.7832696074781627,0.17428985238075256,3.3098492197790286,0,True,False
5285,39627853683233487,0.7363214343127377,3662.400000000014,-0.21570932865142822,-0.29806651384760746,0.2277587652206421,2.895387606791572,0,True,False
5285,39627853683233487,0.7363214343127377,3663.2000000000144,2.499847888946533,3.4542824367677647,0.19122779369354248,3.1598666391711054,0,True,False
5285,39627853683233487,0.7363214343127377,3664.0000000000146,1.28117835521698,1.7703284709286888,0.19762662053108215,3.108290054968623,0,True,False
5285,39627853683233487,0.7363214343127377,3664.8000000000147,-4.187825679779053,-5.786725167506864,0.21683868765830994,2.9673985208471714,0,True,False
5285,39627853683233487,0.7363214343127377,3665.600000000015,-4.994457244873047,-6.901326284065549,0.17945149540901184,3.2619005808768624,0,True,False
5285,39627853683233487,0.7363214343127377,3666.400000000015,4.761842250823975,6.579899571654195,0.18015918135643005,3.2554877170829823,0,True,False
5285,39627853683233487,0.7363214343127377,3667.2000000000153,-2.6816811561584473,-3.7055391088746847,0.17109842598438263,3.3405752091221785,0,True,False
5285,39627853683233487,0.7363214343127377,3668.0000000000155,0.6692485213279724,0.9247656320522053,0.17775782942771912,3.2774033380350667,0,True,False
5285,39627853683233487,0.7363214343127377,3668.8000000000156,2.311246633529663,3.1936737785292078,0.2117280662059784,3.002998017511517,0,True,False
5285,39627853683233487,0.7363214343127377,3669.600000000016,-0.46697428822517395,-0.645263693591417,0.23715917766094208,2.8374243608959477,0,True,False
5285,39627853683233487,0.7363214343127377,3670.400000000016,-0.0780722126364708,-0.10787995305722677,0.19568084180355072,3.1237056777133576,0,True,False
5285,39627853683233487,0.7363214343127377,3671.200000000016,-1.8287038803100586,-2.5268976259455926,0.20344914495944977,3.063489008622169,0,True,False
5285,39627853683233487,0.7363214343127377,3672.0000000000164,-2.196302652359009,-3.034844524507165,0.25393974781036377,2.7420724097360165,0,True,False
5285,39627853683233487,0.7363214343127377,3672.8000000000166,0.1258801817893982,0.17394086376811213,0.21996361017227173,2.9462448845602562,0,True,False
5285,39627853683233487,0.7363214343127377,3673.6000000000167,1.469897985458374,2.0311006991504903,0.2676137387752533,2.6710994518367652,0,True,False
5285,39627853683233487,0.7363214343127377,3674.400000000017,-4.372413635253906,-6.04178825972739,0.25540459156036377,2.7341976814003717,0,True,False
5285,39627853683233487,0.7363214343127377,3675.200000000017,-2.815326690673828,-3.890210114126714,0.23045562207698822,2.8783964293596203,0,True,False
5285,39627853683233487,0.7363214343127377,3676.0000000000173,0.49546727538108826,0.6846352191705997,0.26225030422210693,2.6982753172844416,0,True,False
5285,39627853683233487,0.7363214343127377,3676.8000000000175,-1.204885721206665,-1.6649075343661688,0.24939359724521637,2.766951910642692,0,True,False
5285,39627853683233487,0.7363214343127377,3677.6000000000176,-1.4374456405639648,-1.986258144730938,0.2851296663284302,2.5877544139926343,0,True,False
5285,39627853683233487,0.7363214343127377,3678.400000000018,1.5621448755264282,2.1585671796581534,0.34001612663269043,2.3697061907507537,0,True,False
5285,39627853683233487,0.7363214343127377,3679.200000000018,1.3300327062606812,1.8378352690487376,0.29791510105133057,2.5316169927074594,0,True,False
5285,39627853683233487,0.7363214343127377,3680.000000000018,-0.3893774449825287,-0.5380406045599292,0.2629568874835968,2.69464765292107,0,True,False
5285,39627853683233487,0.7363214343127377,3680.8000000000184,-1.5213499069213867,-2.10219681241142,0.31413793563842773,2.4653811338373206,0,True,False
5285,39627853683233487,0.7363214343127377,3681.6000000000186,0.26678627729415894,0.3686444907718856,0.25985875725746155,2.7106633408195746,0,True,False
5285,39627853683233487,0.7363214343127377,3682.4000000000187,-0.9717351794242859,-1.3427408036771455,0.24836662411689758,2.7726665550794043,0,True,False
5285,39627853683233487,0.7363214343127377,3683.200000000019,-0.18822361528873444,-0.2600868362237835,0.29320377111434937,2.5518755159334536,0,True,False
5285,39627853683233487,0.7363214343127377,3684.000000000019,0.23234009742736816,0.32104686107060754,0.31117406487464905,2.477094439448302,0,True,False
5285,39627853683233487,0.7363214343127377,3684.8000000000193,-0.5155965685844421,-0.712449817124476,0.3273868262767792,2.414980681823584,0,True,False
5285,39627853683233487,0.7363214343127377,3685.6000000000195,1.0767749547958374,1.487884455349842,0.32615792751312256,2.4195259899214085,0,True,False
5285,39627853683233487,0.7363214343127377,3686.4000000000196,-0.24591264128684998,-0.33980136212780004,0.3334531784057617,2.3929125657098833,0,True,False
5285,39627853683233487,0.7363214343127377,3687.20000000002,-3.51291823387146,-4.85414005016805,0.296781986951828,2.536445247384793,0,True,False
5285,39627853683233487,0.7363214343127377,3688.00000000002,-2.1986212730407715,-3.0380483877237845,0.28799954056739807,2.5748288316289414,0,True,False
5285,39627853683233487,0.7363214343127377,3688.80000000002,1.6744205951690674,2.3137094377738934,0.3208976089954376,2.439276435784781,0,True,False
5285,39627853683233487,0.7363214343127377,3689.6000000000204,-0.6126585602760315,-0.8465697908478559,0.29702436923980713,2.5354101220891985,0,True,False
5285,39627853683233487,0.7363214343127377,3690.4000000000206,1.185442328453064,1.6380407116299083,0.2854654788970947,2.586231889838761,0,True,False
5285,39627853683233487,0.7363214343127377,3691.2000000000207,-2.6841318607330322,-3.7089254852246722,0.29669708013534546,2.5368081530216817,0,True,False
5285,39627853683233487,0.7363214343127377,3692.000000000021,-1.9257978200912476,-2.6610617454449135,0.2797650396823883,2.612447307590192,0,True,False
5285,39627853683233487,0.7363214343127377,3692.800000000021,-3.6955959796905518,-5.106563620322607,0.3188188076019287,2.4472159490847964,0,True,False
5285,39627853683233487,0.7363214343127377,3693.6000000000213,2.2745866775512695,3.1430171595289975,0.3683325946331024,2.276796341094089,0,True,False
5285,39627853683233487,0.7363214343127377,3694.4000000000215,0.6331850290298462,0.8749332048054325,0.3644217550754547,2.2889806073967707,0,True,False
5285,39627853683233487,0.7363214343127377,3695.2000000000216,0.785279393196106,1.0850967484329896,0.33412495255470276,2.3905058229770586,0,True,False
5285,39627853683233487,0.7363214343127377,3696.000000000022,0.15937502682209015,0.22022394180268948,0.38314953446388245,2.232338810900457,0,True,False
5285,39627853683233487,0.7363214343127377,3696.800000000022,0.6141294836997986,0.8486023084946356,0.3658602833747864,2.2844761467895602,0,True,False
5285,39627853683233487,0.7363214343127377,3697.600000000022,4.512023448944092,6.234700688344659,0.325293630361557,2.4227381681025775,0,True,False
5285,39627853683233487,0.7363214343127377,3698.4000000000224,1.7416858673095703,2.4066563923413007,0.298589825630188,2.5287550226579794,0,True,False
5285,39627853683233487,0.7363214343127377,3699.2000000000226,-0.46730703115463257,-0.6457234767895347,0.265251100063324,2.6829690581390873,0,True,False
5285,39627853683233487,0.7363214343127377,3700.0000000000227,-3.63724422454834,-5.02593333724276,0.2773455083370209,2.6238179122382803,0,True,False
5285,39627853683233487,0.7363214343127377,3700.800000000023,-2.1867363452911377,-3.021625829627614,0.29596033692359924,2.5399636679228785,0,True,False
5285,39627853683233487,0.7363214343127377,3701.600000000023,0.20723848044872284,0.2863615207956255,0.3551509976387024,2.318663585435271,0,True,False
5285,39627853683233487,0.7363214343127377,3702.4000000000233,-2.9552605152130127,-4.083570259979087,0.327504426240921,2.414547058461327,0,True,False
5285,39627853683233487,0.7363214343127377,3703.2000000000235,-0.16134130954742432,-0.22294094547074222,0.32049107551574707,2.440823020609561,0,True,False
5285,39627853683233487,0.7363214343127377,3704.0000000000236,0.654909610748291,0.9049521677223218,0.3160760700702667,2.4578108241304806,0,True,False
5285,39627853683233487,0.7363214343127377,3704.800000000024,1.6262354850769043,2.2471273948259833,0.30583590269088745,2.498618939412137,0,True,False
5285,39627853683233487,0.7363214343127377,3705.600000000024,0.0014724183129146695,0.002034583280192993,0.34416672587394714,2.355373696616567,0,True,False
5285,39627853683233487,0.7363214343127377,3706.400000000024,0.04657728970050812,0.0643603614748379,0.3498453199863434,2.336179596894358,0,True,False
5285,39627853683233487,0.7363214343127377,3707.2000000000244,0.6933495402336121,0.9580683488623238,0.34052321314811707,2.367941122032322,0,True,False
5285,39627853683233487,0.7363214343127377,3708.0000000000246,0.9168476462364197,1.266897372272104,0.40994831919670105,2.158140455521171,0,True,False
5285,39627853683233487,0.7363214343127377,3708.8000000000247,-1.8916008472442627,-2.6138084692682804,0.3751232922077179,2.256094284678071,0,True,False
5285,39627853683233487,0.7363214343127377,3709.600000000025,-0.24044552445411682,-0.33224691621988284,0.314907431602478,2.4623671351491017,0,True,False
5285,39627853683233487,0.7363214343127377,3710.400000000025,1.353590488433838,1.8703873429448132,0.3058030605316162,2.4987531071963027,0,True,False
5285,39627853683233487,0.7363214343127377,3711.2000000000253,-1.8056637048721313,-2.4950607795089805,0.3768494427204132,2.2509213593499013,0,True,False
5285,39627853683233487,0.7363214343127377,3712.0000000000255,2.501317024230957,3.456312483568876,0.40424638986587524,2.1733075358877816,0,True,False
5285,39627853683233487,0.7363214343127377,3712.8000000000256,1.1599119901657104,1.60276296551556,0.3990924060344696,2.1872958498682995,0,True,False
5285,39627853683233487,0.7363214343127377,3713.600000000026,-0.8378022909164429,-1.1576727335262131,0.3834817707538605,2.2313715880372516,0,True,False
5285,39627853683233487,0.7363214343127377,3714.400000000026,3.922901153564453,5.420653238883336,0.2919960021972656,2.5571476693519233,0,True,False
5285,39627853683233487,0.7363214343127377,3715.200000000026,-1.7880033254623413,-2.470657719350148,0.3834123909473419,2.231573466132338,0,True,False
5285,39627853683233487,0.7363214343127377,3716.0000000000264,1.1759299039840698,1.6248964715664964,0.4259052574634552,2.117326145655043,0,True,False
5285,39627853683233487,0.7363214343127377,3716.8000000000266,0.5372678637504578,0.7423951488404485,0.39614424109458923,2.195419854984052,0,True,False
5285,39627853683233487,0.7363214343127377,3717.6000000000267,-3.2110657691955566,-4.43704120514015,0.42475175857543945,2.120199209028038,0,True,False
5285,39627853683233487,0.7363214343127377,3718.400000000027,-0.051915429532527924,-0.07173658734373549,0.4164334535598755,2.141270114568827,0,True,False
5285,39627853683233487,0.7363214343127377,3719.200000000027,1.8473602533340454,2.5526769471416926,0.3926522135734558,2.20516065913371,0,True,False
5285,39627853683233487,0.7363214343127377,3720.0000000000273,-1.2256990671157837,-1.69366735433047,0.4086805582046509,2.1614852289451276,0,True,False
5285,39627853683233487,0.7363214343127377,3720.8000000000275,0.2828034460544586,0.39077696730379347,0.4214470386505127,2.1284956046203733,0,True,False
5285,39627853683233487,0.7363214343127377,3721.6000000000276,-1.272411823272705,-1.7582149029550656,0.4413301646709442,2.079995784787116,0,True,False
5285,39627853683233487,0.7363214343127377,3722.400000000028,0.45608359575271606,0.6302149668676068,0.5295819044113159,1.8987933080386985,0,True,False
5285,39627853683233487,0.7363214343127377,3723.200000000028,1.0696767568588257,1.4780761863847838,0.43365392088890076,2.0983243588266682,0,True,False
5285,39627853683233487,0.7363214343127377,3724.000000000028,0.7567048668861389,1.0456125522913304,0.4638650417327881,2.0288429910132386,0,True,False
5285,39627853683233487,0.7363214343127377,3724.8000000000284,1.7645665407180786,2.4382728393442967,0.48188546299934387,1.9905465964491507,0,True,False
5285,39627853683233487,0.7363214343127377,3725.6000000000286,-0.2851199805736542,-0.3939779478671331,0.41479623317718506,2.1454918001639327,0,True,False
5285,39627853683233487,0.7363214343127377,3726.4000000000287,2.618204116821289,3.617826723217186,0.41601622104644775,2.142343610713951,0,True,False
5285,39627853683233487,0.7363214343127377,3727.200000000029,-0.43139100074768066,-0.5960948119488779,0.36700910329818726,2.28089788580353,0,True,False
5285,39627853683233487,0.7363214343127377,3728.000000000029,-1.1915209293365479,-1.6464401043948766,0.4263527989387512,2.1162145778748864,0,True,False
5285,39627853683233487,0.7363214343127377,3728.8000000000293,2.080852508544922,2.8753158564379366,0.4493282735347748,2.0614005494507013,0,True,False
5285,39627853683233487,0.7363214343127377,3729.6000000000295,-2.3178927898406982,-3.2028574177093088,0.42211490869522095,2.1268110855855005,0,True,False
5285,39627853683233487,0.7363214343127377,3730.4000000000296,-0.025537965819239616,-0.03528828581540213,0.40791815519332886,2.1635042045034125,0,True,False
5285,39627853683233487,0.7363214343127377,3731.20000000003,-0.7802795767784119,-1.078188016859733,0.4148204028606415,2.1454292952670144,0,True,False
5285,39627853683233487,0.7363214343127377,3732.00000000003,2.837506055831909,3.9208574954585855,0.40286633372306824,2.177026787126463,0,True,False
5285,39627853683233487,0.7363214343127377,3732.80000000003,-1.3084179162979126,-1.8079680160558846,0.3622572422027588,2.29580883403715,0,True,False
5285,39627853683233487,0.7363214343127377,3733.6000000000304,-0.9763393402099609,-1.34910281946552,0.38495203852653503,2.2271063134658187,0,True,False
5285,39627853683233487,0.7363214343127377,3734.4000000000306,0.20474980771541595,0.2829226801559466,0.43180304765701294,2.1028166609459054,0,True,False
5285,39627853683233487,0.7363214343127377,3735.2000000000307,2.5160419940948486,3.476659403478555,0.4775784909725189,1.9995021778225335,0,True,False
5285,39627853683233487,0.7363214343127377,3736.000000000031,1.2558451890945435,1.7353231767300368,0.4408549964427948,2.0811164273390026,0,True,False
5285,39627853683233487,0.7363214343127377,3736.800000000031,-0.5533273220062256,-0.7645860608724128,0.5000249147415161,1.9541074421612172,0,True,False
5285,39627853683233487,0.7363214343127377,3737.6000000000313,1.4053096771240234,1.9418527652716382,0.46770787239074707,2.020491003326488,0,True,False
5285,39627853683233487,0.7363214343127377,3738.4000000000315,0.8521761298179626,1.1775344617081516,0.4702983796596527,2.0149186641300862,0,True,False
5285,39627853683233487,0.7363214343127377,3739.2000000000317,1.1964333057403564,1.6532280116149514,0.46766796708106995,2.020577204012623,0,True,False
5285,39627853683233487,0.7363214343127377,3740.000000000032,-1.36745023727417,-1.889538702997103,0.3911808133125305,2.2093040481091037,0,True,False
5285,39627853683233487,0.7363214343127377,3740.800000000032,-0.18057602643966675,-0.24951942051750708,0.38125279545783997,2.237884882887035,0,True,False
5285,39627853683233487,0.7363214343127377,3741.600000000032,-0.026768116280436516,-0.03698810409293938,0.4003334939479828,2.183902761757567,0,True,False
5285,39627853683233487,0.7363214343127377,3742.4000000000324,0.05380367860198021,0.07434576433634074,0.34740132093429565,2.3443828097540877,0,True,False
5285,39627853683233487,0.7363214343127377,3743.2000000000326,-0.82100909948349,-1.134467951155005,0.4095858335494995,2.1590952272301225,0,True,False
5285,39627853683233487,0.7363214343127377,3744.0000000000327,0.8464520573616028,1.1696249552776934,0.3882891535758972,2.2175153326688632,0,True,False
5285,39627853683233487,0.7363214343127377,3744.800000000033,-0.7759454846382141,-1.072199181128801,0.4854918420314789,1.9831396269070733,0,True,False
5285,39627853683233487,0.7363214343127377,3745.600000000033,-1.6226208209991455,-2.2421326626689484,0.475298136472702,2.004292979229507,0,True,False
5285,39627853683233487,0.7363214343127377,3746.4000000000333,-1.1476396322250366,-1.5858050575245817,0.46923527121543884,2.0171998919781595,0,True,False
5285,39627853683233487,0.7363214343127377,3747.2000000000335,0.8214970231056213,1.1351421625763738,0.4548441767692566,2.048863102910486,0,True,False
5285,39627853683233487,0.7363214343127377,3748.0000000000337,0.6860295534133911,0.9479536126728686,0.4710560441017151,2.0132975761384455,0,True,False
5285,39627853683233487,0.7363214343127377,3748.800000000034,2.212510108947754,3.057239940198946,0.5698444247245789,1.8304847252156977,0,True,False
5285,39627853683233487,0.7363214343127377,3749.600000000034,1.1396965980529785,1.574829396342753,0.5507413148880005,1.8619603665678983,0,True,False
5285,39627853683233487,0.7363214343127377,3750.400000000034,0.9785900115966797,1.352212790546742,0.4846654236316681,1.9848296639468295,0,True,False
5285,39627853683233487,0.7363214343127377,3751.2000000000344,-0.40310683846473694,-0.5570118399629966,0.48363128304481506,1.9869505946028725,0,True,False
5285,39627853683233487,0.7363214343127377,3752.0000000000346,3.027225971221924,4.183011914747259,0.5309536457061768,1.8963389151770722,0,True,False
5285,39627853683233487,0.7363214343127377,3752.8000000000347,0.6961952447891235,0.9620005350204487,0.5027127265930176,1.9488765098946084,0,True,False
5285,39627853683233487,0.7363214343127377,3753.600000000035,-1.6980081796646118,-2.3463026924311077,0.5667741894721985,1.8354359283780908,0,True,False
5285,39627853683233487,0.7363214343127377,3754.400000000035,-1.7753949165344238,-2.4532354570965653,0.4794541895389557,1.9955871649385462,0,True,False
5285,39627853683233487,0.7363214343127377,3755.2000000000353,-1.2888447046279907,-1.7809218099241022,0.4449688196182251,2.071473926068434,0,True,False
5285,39627853683233487,0.7363214343127377,3756.0000000000355,-2.1712071895599365,-3.000167688059358,0.4390318691730499,2.085432981146737,0,True,False
5285,39627853683233487,0.7363214343127377,3756.8000000000357,-0.7924771904945374,-1.0950426435017748,0.44883033633232117,2.0625437024523516,0,True,False
5285,39627853683233487,0.7363214343127377,3757.600000000036,0.38134056329727173,0.5269352651612738,0.4969736933708191,1.9600969852087542,0,True,False
5285,39627853683233487,0.7363214343127377,3758.400000000036,-0.6596740484237671,-0.911535653644102,0.5064889788627625,1.941597755004189,0,True,False
5285,39627853683233487,0.7363214343127377,3759.200000000036,-0.6028155088424683,-0.8329686914203672,0.5533722639083862,1.857528847662837,0,True,False
5285,39627853683233487,0.7363214343127377,3760.0000000000364,1.3258086442947388,1.8319984726879308,0.5553041100502014,1.8542949562829214,0,True,False
5285,39627853683233487,0.7363214343127377,3760.8000000000366,0.2938971519470215,0.4061062173724829,0.5218368768692017,1.912832217023475,0,True,False
5285,39627853683233487,0.7363214343127377,3761.6000000000367,0.723159670829773,0.9992598993608087,0.48488375544548035,1.984382752446121,0,True,False
5285,39627853683233487,0.7363214343127377,3762.400000000037,0.780394434928894,1.078346727513163,0.4715159237384796,2.012315530381454,0,True,False
5285,39627853683233487,0.7363214343127377,3763.200000000037,-2.1326067447662354,-2.946829707339861,0.519275963306427,1.9175431737748285,0,True,False
5285,39627853683233487,0.7363214343127377,3764.0000000000373,0.148639976978302,0.20539028160392805,0.46959084272384644,2.016436041227059,0,True,False
5285,39627853683233487,0.7363214343127377,3764.8000000000375,1.5010915994644165,2.074203942942573,0.5099534392356873,1.934991218496138,0,True,False
5285,39627853683233487,0.7363214343127377,3765.6000000000377,-1.4829999208450317,-2.0492049148085356,0.4976973235607147,1.9586715191381125,0,True,False
5285,39627853683233487,0.7363214343127377,3766.400000000038,-1.8194881677627563,-2.5141633815400812,0.47402966022491455,2.006972874281322,0,True,False
5285,39627853683233487,0.7363214343127377,3767.200000000038,0.24978087842464447,0.34514648079098686,0.574789822101593,1.8225931188152995,0,True,False
5285,39627853683233487,0.7363214343127377,3768.000000000038,-1.4552611112594604,-2.0108755095707385,0.5479329824447632,1.8667258405467637,0,True,False
5285,39627853683233487,0.7363214343127377,3768.8000000000384,0.2625911235809326,0.3628476397493838,0.5505852103233337,1.8622243038364212,0,True,False
5285,39627853683233487,0.7363214343127377,3769.6000000000386,0.37160301208496094,0.5134799456282174,0.577569305896759,1.8182023232702704,0,True,False
5285,39627853683233487,0.7363214343127377,3770.4000000000387,-1.2385154962539673,-1.7113770582968033,0.6043664216995239,1.7774365128883611,0,True,False
5285,39627853683233487,0.7363214343127377,3771.200000000039,-1.07174551486969,-1.4809347901000132,0.7188588976860046,1.6297554224181674,0,True,False
5285,39627853683233487,0.7363214343127377,3772.000000000039,-3.7268612384796143,-5.149765862664467,0.5188501477241516,1.9183298674934188,0,True,False
5285,39627853683233487,0.7363214343127377,3772.8000000000393,2.805938720703125,3.877237844921819,0.5353610515594482,1.888516896523085,0,True,False
5285,39627853683233487,0.7363214343127377,3773.6000000000395,1.0114563703536987,1.3976274281000383,0.5478651523590088,1.8668413947615137,0,True,False
5285,39627853683233487,0.7363214343127377,3774.4000000000397,-0.06141991540789604,-0.08486985788189885,0.6255351901054382,1.747102510501616,0,True,False
5285,39627853683233487,0.7363214343127377,3775.20000000004,-0.6586171388626099,-0.9100752191310661,0.5101984143257141,1.9345266134034809,0,True,False
5285,39627853683233487,0.7363214343127377,3776.00000000004,-0.697942852973938,-0.9644153748536436,0.4634745121002197,2.0296975757335916,0,True,False
5285,39627853683233487,0.7363214343127377,3776.80000000004,0.0610322505235672,0.08433418368859702,0.5095605850219727,1.9357369816263292,0,True,False
5285,39627853683233487,0.7363214343127377,3777.6000000000404,0.24745337665081024,0.34193034570754804,0.5421252846717834,1.8766981650559016,0,True,False
5285,39627853683233487,0.7363214343127377,3778.4000000000406,-0.34307149052619934,-0.47405517332488195,0.5601557493209839,1.8462472526095748,0,True,False
5285,39627853683233487,0.7363214343127377,3779.2000000000407,-0.7098909020423889,-0.9809251538019067,0.6160743832588196,1.760466176608136,0,True,False
5285,39627853683233487,0.7363214343127377,3780.000000000041,2.3107986450195312,3.1930547493277652,0.5327011346817017,1.8932259562426748,0,True,False
5285,39627853683233487,0.7363214343127377,3780.800000000041,-1.8435009717941284,-2.547344203297228,0.619572103023529,1.7554898934197538,0,True,False
5285,39627853683233487,0.7363214343127377,3781.6000000000413,-0.8174278140068054,-1.1295193414504456,0.6208575963973999,1.7536715698895233,0,True,False
5285,39627853683233487,0.7363214343127377,3782.4000000000415,0.5911427736282349,0.8168393403435068,0.6281329989433289,1.7434859669020601,0,True,False
5285,39627853683233487,0.7363214343127377,3783.2000000000417,-2.7006733417510986,-3.7317824548872998,0.5587190985679626,1.8486193834752254,0,True,False
5285,39627853683233487,0.7363214343127377,3784.000000000042,3.1797523498535156,4.393772414688288,0.6323498487472534,1.7376629906517658,0,True,False
5285,39627853683233487,0.7363214343127377,3784.800000000042,-0.1847490519285202,-0.2552856948248632,0.5498571395874023,1.8634567898784267,0,True,False
5285,39627853683233487,0.7363214343127377,3785.600000000042,0.1393999606370926,0.1926224542877079,0.5569791793823242,1.8515045364951312,0,True,False
5285,39627853683233487,0.7363214343127377,3786.4000000000424,-1.281937837600708,-1.7713779214455567,0.5388699173927307,1.8823582906081604,0,True,False
5285,39627853683233487,0.7363214343127377,3787.2000000000426,-1.74312162399292,-2.4086403166899366,0.6438941955566406,1.7220153003681482,0,True,False
5285,39627853683233487,0.7363214343127377,3788.0000000000427,0.8769403696060181,1.2117536151766588,0.5703021883964539,1.829749941412825,0,True,False
5285,39627853683233487,0.7363214343127377,3788.800000000043,-2.3310437202453613,-3.2210293345386667,0.6681596040725708,1.6904570980259102,0,True,False
5285,39627853683233487,0.7363214343127377,3789.600000000043,0.8591789603233337,1.187210952237565,0.6168049573898315,1.7594232763342394,0,True,False
5285,39627853683233487,0.7363214343127377,3790.4000000000433,0.051952753216028214,0.07178816109946702,0.5747739672660828,1.8226182562749558,0,True,False
5285,39627853683233487,0.7363214343127377,3791.2000000000435,1.6375380754470825,2.2627452808494963,0.5312610864639282,1.895790130163883,0,True,False
5285,39627853683233487,0.7363214343127377,3792.0000000000437,-0.6689262986183167,-0.9243203856627698,0.6347305178642273,1.7344012230644754,0,True,False
5285,39627853683233487,0.7363214343127377,3792.800000000044,0.12757176160812378,0.17627828377036553,0.696532666683197,1.6556689963212623,0,True,False
5285,39627853683233487,0.7363214343127377,3793.600000000044,-1.8819628953933716,-2.600490775838951,0.6648461818695068,1.6946642641632124,0,True,False
5285,39627853683233487,0.7363214343127377,3794.400000000044,-0.6578348278999329,-0.9089942241511657,0.6823112964630127,1.6728345135595595,0,True,False
5285,39627853683233487,0.7363214343127377,3795.2000000000444,1.3088364601135254,1.8085463586653217,0.6476974487304688,1.7169520545979329,0,True,False
5285,39627853683233487,0.7363214343127377,3796.0000000000446,-1.396880865097046,-1.9302058576832428,0.6478187441825867,1.7167913088438789,0,True,False
5285,39627853683233487,0.7363214343127377,3796.8000000000447,0.8629933595657349,1.192481677855754,0.7610190510749817,1.5839683391585635,0,True,False
5285,39627853683233487,0.7363214343127377,3797.600000000045,-0.5289316177368164,-0.7308761486961513,0.7962225675582886,1.5485563720614193,0,True,False
5285,39627853683233487,0.7363214343127377,3798.400000000045,0.2911914885044098,0.4023675396109505,0.8276392817497253,1.5188808738751778,0,True,False
5285,39627853683233487,0.7363214343127377,3799.2000000000453,0.4214262366294861,0.5823255302928974,0.7593879103660583,1.5856685830521746,0,True,False
11428,39627853670649454,1.1128310687886696,3600.0,0.3259899914264679,1.7123107021718083,0.13838157057762146,14.120145661962402,0,True,True
11428,39627853670649454,1.1128310687886696,3600.8,4.746224880218506,24.930248998596728,0.11148349940776825,15.731604093993276,0,True,True
11428,39627853670649454,1.1128310687886696,3601.6000000000004,4.582155227661133,24.068448853303092,0.11302995681762695,15.623614829967085,0,True,True
11428,39627853670649454,1.1128310687886696,3602.4000000000005,-5.691758632659912,-29.896805046791506,0.09714477509260178,16.85266473204793,0,True,False
11428,39627853670649454,1.1128310687886696,3603.2000000000007,-0.755336582660675,-3.96751724975426,0.09484336525201797,17.055907299005042,0,True,False
11428,39627853670649454,1.1128310687886696,3604.000000000001,2.5075318813323975,13.17118251899147,0.09511619061231613,17.031428681769672,0,True,False
11428,39627853670649454,1.1128310687886696,3604.800000000001,-4.3009538650512695,-22.591397056236573,0.11306405067443848,15.621259043819057,0,True,False
11428,39627853670649454,1.1128310687886696,3605.6000000000013,-0.4134911894798279,-2.1719237020188285,0.10137861222028732,16.497006048896118,0,True,False
11428,39627853670649454,1.1128310687886696,3606.4000000000015,-2.257049560546875,-11.855487037945919,0.10985516756772995,15.847766332685481,0,True,False
11428,39627853670649454,1.1128310687886696,3607.2000000000016,2.102860450744629,11.045585906572429,0.12467821687459946,14.875891885144531,0,True,False
11428,39627853670649454,1.1128310687886696,3608.000000000002,0.5553693175315857,2.9171595787525653,0.1160677820444107,15.417801920706165,0,True,False
11428,39627853670649454,1.1128310687886696,3608.800000000002,-7.37532901763916,-38.74000779496465,0.1560124158859253,13.298379535156576,0,True,False
11428,39627853670649454,1.1128310687886696,3609.600000000002,-0.9180234670639038,-4.822054200559611,0.12308318167924881,14.971969974272897,0,True,False
11428,39627853670649454,1.1128310687886696,3610.4000000000024,-1.965133547782898,-10.322154954332458,0.11705827713012695,15.352434056691878,0,True,False
11428,39627853670649454,1.1128310687886696,3611.2000000000025,4.358253479003906,22.89237176338044,0.12395145744085312,14.919438746420107,0,True,False
11428,39627853670649454,1.1128310687886696,3612.0000000000027,2.367136001586914,12.433732370975978,0.14445368945598602,13.820189094203911,0,True,False
11428,39627853670649454,1.1128310687886696,3612.800000000003,-0.30336806178092957,-1.5934856668805932,0.14692524075508118,13.703455664727853,0,True,False
11428,39627853670649454,1.1128310687886696,3613.600000000003,-0.3747984766960144,-1.968684498551662,0.10078122466802597,16.54582736961844,0,True,False
11428,39627853670649454,1.1128310687886696,3614.4000000000033,1.9188742637634277,10.079171215001272,0.14137032628059387,13.970089047690294,0,True,False
11428,39627853670649454,1.1128310687886696,3615.2000000000035,0.26784536242485046,1.406897428354362,0.1226300522685051,14.99960587697356,0,True,False
11428,39627853670649454,1.1128310687886696,3616.0000000000036,-2.103624105453491,-11.049597116011796,0.10898838937282562,15.91065970624156,0,True,False
11428,39627853670649454,1.1128310687886696,3616.800000000004,2.5820107460021973,13.562393784409938,0.10431841015815735,16.2628937531425,0,True,False
11428,39627853670649454,1.1128310687886696,3617.600000000004,0.8087989687919617,4.248336349554424,0.12177716940641403,15.052040112948427,0,True,False
11428,39627853670649454,1.1128310687886696,3618.400000000004,-0.8446528911590576,-4.436664385993124,0.11379821598529816,15.570787498152892,0,True,False
11428,39627853670649454,1.1128310687886696,3619.2000000000044,2.7074265480041504,14.221158855845713,0.12125170230865479,15.084620278976521,0,True,False
11428,39627853670649454,1.1128310687886696,3620.0000000000045,0.1892160028219223,0.9938850736993596,0.13453792035579681,14.320426396370188,0,True,False
11428,39627853670649454,1.1128310687886696,3620.8000000000047,6.717301845550537,35.2836226337001,0.11917319148778915,15.215597789099053,0,True,False
11428,39627853670649454,1.1128310687886696,3621.600000000005,1.7289016246795654,9.081311797294289,0.15973469614982605,13.142520846899238,0,True,False
11428,39627853670649454,1.1128310687886696,3622.400000000005,-2.8535749912261963,-14.9888251953545,0.14551205933094025,13.769837371219692,0,True,False
11428,39627853670649454,1.1128310687886696,3623.2000000000053,1.4494632482528687,7.613520346215714,0.12029611319303513,15.144415169307454,0,True,False
11428,39627853670649454,1.1128310687886696,3624.0000000000055,4.699106216430664,24.682751239776252,0.15343980491161346,13.409398142466715,0,True,False
11428,39627853670649454,1.1128310687886696,3624.8000000000056,-0.2806524634361267,-1.4741686228761433,0.17380720376968384,12.59924201483838,0,True,False
11428,39627853670649454,1.1128310687886696,3625.600000000006,-0.04369952157139778,-0.22953820802615238,0.1755819320678711,12.535405659248891,0,True,False
11428,39627853670649454,1.1128310687886696,3626.400000000006,-0.9673590660095215,-5.081196739577385,0.1624927669763565,13.030506209973286,0,True,False
11428,39627853670649454,1.1128310687886696,3627.200000000006,-0.5996694564819336,-3.1498526185003493,0.14477090537548065,13.805039682398027,0,True,False
11428,39627853670649454,1.1128310687886696,3628.0000000000064,0.07295927405357361,0.38322939068759626,0.15580341219902039,13.307296152651697,0,True,False
11428,39627853670649454,1.1128310687886696,3628.8000000000065,1.6781374216079712,8.814665303558849,0.1746707707643509,12.568058288975683,0,True,False
11428,39627853670649454,1.1128310687886696,3629.6000000000067,4.989648818969727,26.20886928281042,0.1520688533782959,13.46970762270205,0,True,False
11428,39627853670649454,1.1128310687886696,3630.400000000007,-5.463963985443115,-28.700279930728993,0.14013394713401794,14.03158162866227,0,True,False
11428,39627853670649454,1.1128310687886696,3631.200000000007,0.762967050075531,4.007597409761192,0.14966394007205963,13.577497059112375,0,True,False
11428,39627853670649454,1.1128310687886696,3632.0000000000073,-1.0208791494369507,-5.3623189029692835,0.15755675733089447,13.233044944920021,0,True,False
11428,39627853670649454,1.1128310687886696,3632.8000000000075,5.025032997131348,26.39472991825071,0.18057528138160706,12.360873286678205,0,True,False
11428,39627853670649454,1.1128310687886696,3633.6000000000076,-1.6157336235046387,-8.486880113342027,0.1533879190683365,13.41166591918246,0,True,False
11428,39627853670649454,1.1128310687886696,3634.400000000008,2.079105854034424,10.92081136980008,0.18343891203403473,12.26401213534675,0,True,False
11428,39627853670649454,1.1128310687886696,3635.200000000008,-0.40189099311828613,-2.110991952886761,0.12854352593421936,14.650525421777353,0,True,False
11428,39627853670649454,1.1128310687886696,3636.000000000008,-2.3951432704925537,-12.58084469818541,0.1700933277606964,12.736047367415365,0,True,False
11428,39627853670649454,1.1128310687886696,3636.8000000000084,-0.6789952516555786,-3.5665231041178806,0.17027390003204346,12.729292406608776,0,True,False
11428,39627853670649454,1.1128310687886696,3637.6000000000085,5.158548831939697,27.09604161144516,0.18361760675907135,12.258043078881162,0,True,False
11428,39627853670649454,1.1128310687886696,3638.4000000000087,1.8440462350845337,9.686125913921252,0.22378794848918915,11.103501537588132,0,True,False
11428,39627853670649454,1.1128310687886696,3639.200000000009,-1.7442954778671265,-9.162170290665145,0.1850593239068985,12.210201161977063,0,True,False
11428,39627853670649454,1.1128310687886696,3640.000000000009,0.5067887902259827,2.661983165334065,0.15168528258800507,13.486727481881038,0,True,False
11428,39627853670649454,1.1128310687886696,3640.8000000000093,-0.08327750116586685,-0.4374274065055277,0.17391297221183777,12.595410199256477,0,True,False
11428,39627853670649454,1.1128310687886696,3641.6000000000095,-2.1528995037078857,-11.308423441984475,0.17000651359558105,12.739298796371402,0,True,False
11428,39627853670649454,1.1128310687886696,3642.4000000000096,2.6028172969818115,13.671683274439307,0.15692944824695587,13.259467423715089,0,True,False
11428,39627853670649454,1.1128310687886696,3643.20000000001,0.9574381709098816,5.02908576899236,0.19667911529541016,11.84402134859837,0,True,False
11428,39627853670649454,1.1128310687886696,3644.00000000001,3.4432642459869385,18.086255326458073,0.18598513305187225,12.179772872686371,0,True,False
11428,39627853670649454,1.1128310687886696,3644.80000000001,1.3012977838516235,6.835259304285121,0.20119938254356384,11.71021807273048,0,True,False
11428,39627853670649454,1.1128310687886696,3645.6000000000104,1.1105128526687622,5.8331332020449125,0.2645286023616791,10.212733187140739,0,True,False
11428,39627853670649454,1.1128310687886696,3646.4000000000106,-0.3174382150173187,-1.6673912302460283,0.18416659533977509,12.239759230451897,0,True,False
11428,39627853670649454,1.1128310687886696,3647.2000000000107,3.571312427520752,18.75884736118453,0.21349531412124634,11.36800172607637,0,True,False
11428,39627853670649454,1.1128310687886696,3648.000000000011,2.4217910766601562,12.720816246055701,0.21075193583965302,11.44175168708972,0,True,False
11428,39627853670649454,1.1128310687886696,3648.800000000011,3.221186399459839,16.919758552555137,0.2025323510169983,11.671619005550328,0,True,False
11428,39627853670649454,1.1128310687886696,3649.6000000000113,-0.46420717239379883,-2.4383169122359694,0.2243548184633255,11.089465238820575,0,True,False
11428,39627853670649454,1.1128310687886696,3650.4000000000115,-0.2829875349998474,-1.4864339320391635,0.2362852543592453,10.805876374094963,0,True,False
11428,39627853670649454,1.1128310687886696,3651.2000000000116,1.6532670259475708,8.684029867574438,0.19244763255119324,11.973524801785125,0,True,False
11428,39627853670649454,1.1128310687886696,3652.000000000012,-1.4901785850524902,-7.827383681833635,0.19784080982208252,11.809196905020086,0,True,False
11428,39627853670649454,1.1128310687886696,3652.800000000012,5.284395694732666,27.757070893516705,0.20933674275875092,11.480361759246508,0,True,False
11428,39627853670649454,1.1128310687886696,3653.600000000012,-3.8607354164123535,-20.279084467744372,0.2540159523487091,10.421921768787897,0,True,False
11428,39627853670649454,1.1128310687886696,3654.4000000000124,1.2438102960586548,6.5332977619747785,0.2207731008529663,11.179058421995132,0,True,False
11428,39627853670649454,1.1128310687886696,3655.2000000000126,0.30943426489830017,1.6253492970306147,0.24239368736743927,10.668851049632858,0,True,False
11428,39627853670649454,1.1128310687886696,3656.0000000000127,-0.8474276661872864,-4.451239302714231,0.22450903058052063,11.085655985189206,0,True,False
11428,39627853670649454,1.1128310687886696,3656.800000000013,0.7286331057548523,3.827253283087811,0.24825376272201538,10.542178968398611,0,True,False
11428,39627853670649454,1.1128310687886696,3657.600000000013,-1.3714332580566406,-7.203656268123303,0.21542827785015106,11.31688622548393,0,True,False
11428,39627853670649454,1.1128310687886696,3658.4000000000133,0.018597321584820747,0.09768518549319431,0.23736725747585297,10.781219758556745,0,True,False
11428,39627853670649454,1.1128310687886696,3659.2000000000135,0.6858744621276855,3.602657175787802,0.18596108257770538,12.180560456406035,0,True,False
11428,39627853670649454,1.1128310687886696,3660.0000000000136,4.89637565612793,25.71893818320656,0.23514951765537262,10.83194031732094,0,True,False
11428,39627853670649454,1.1128310687886696,3660.800000000014,-3.0843868255615234,-16.201198533538523,0.18390604853630066,12.248426431617963,0,True,False
11428,39627853670649454,1.1128310687886696,3661.600000000014,1.4410412311553955,7.569282454289115,0.23771193623542786,10.773400619252241,0,True,False
11428,39627853670649454,1.1128310687886696,3662.400000000014,3.3903963565826416,17.808558908748783,0.3105827867984772,9.425179138562955,0,True,False
11428,39627853670649454,1.1128310687886696,3663.2000000000144,-1.5641403198242188,-8.215878645886512,0.24757516384124756,10.556617038964601,0,True,False
11428,39627853670649454,1.1128310687886696,3664.0000000000146,0.4131733775138855,2.170254347606504,0.26275399327278137,10.247162941456393,0,True,False
11428,39627853670649454,1.1128310687886696,3664.8000000000147,-0.382465660572052,-2.0089575172078793,0.30398446321487427,9.52692203171653,0,True,False
11428,39627853670649454,1.1128310687886696,3665.600000000015,3.3478119373321533,17.58487794078621,0.2554055452346802,10.39353166358844,0,True,False
11428,39627853670649454,1.1128310687886696,3666.400000000015,-0.21484090387821198,-1.1284836610019264,0.2559506297111511,10.382458488483659,0,True,False
11428,39627853670649454,1.1128310687886696,3667.2000000000153,-3.402780055999756,-17.87360612370043,0.2421816736459732,10.6735199577974,0,True,False
11428,39627853670649454,1.1128310687886696,3668.0000000000155,-1.1642390489578247,-6.115338003763483,0.23558638989925385,10.821892262442507,0,True,False
11428,39627853670649454,1.1128310687886696,3668.8000000000156,1.6759642362594604,8.803250325713133,0.2823801040649414,9.884649120487524,0,True,False
11428,39627853670649454,1.1128310687886696,3669.600000000016,1.7754123210906982,9.325616117441525,0.3203306794166565,9.280663732934858,0,True,False
11428,39627853670649454,1.1128310687886696,3670.400000000016,-0.5945166349411011,-3.122786660333535,0.25801798701286316,10.340780348009588,0,True,False
11428,39627853670649454,1.1128310687886696,3671.200000000016,2.1632347106933594,11.362710647100645,0.2637651562690735,10.227502457008843,0,True,False
11428,39627853670649454,1.1128310687886696,3672.0000000000164,0.36437615752220154,1.9139397237667721,0.33903762698173523,9.020993185376286,0,True,False
11428,39627853670649454,1.1128310687886696,3672.8000000000166,0.35697755217552185,1.8750774536067913,0.29185405373573303,9.72289150544131,0,True,False
11428,39627853670649454,1.1128310687886696,3673.6000000000167,2.6099693775177,13.70925063652551,0.3643902838230133,8.701515745636243,0,True,False
11428,39627853670649454,1.1128310687886696,3674.400000000017,1.8953458070755005,9.95558451218248,0.347099244594574,8.915618368601793,0,True,False
11428,39627853670649454,1.1128310687886696,3675.200000000017,2.0028154850006104,10.520084909464252,0.31681710481643677,9.331984184621104,0,True,False
11428,39627853670649454,1.1128310687886696,3676.0000000000173,-0.11645985394716263,-0.6117226280920147,0.3531605005264282,8.838778339711304,0,True,False
11428,39627853670649454,1.1128310687886696,3676.8000000000175,-0.9647006392478943,-5.067232959355314,0.32834163308143616,9.166748741546943,0,True,False
11428,39627853670649454,1.1128310687886696,3677.6000000000176,-0.4915356934070587,-2.5818640156325086,0.3808600902557373,8.511293593205835,0,True,False
11428,39627853670649454,1.1128310687886696,3678.400000000018,2.4877216815948486,13.06712651139954,0.464645653963089,7.705793469518393,0,True,False
11428,39627853670649454,1.1128310687886696,3679.200000000018,2.147855758666992,11.281930424285505,0.39036884903907776,8.406993806309373,0,True,False
11428,39627853670649454,1.1128310687886696,3680.000000000018,0.43579480051994324,2.289076721698825,0.3308817446231842,9.13149532438964,0,True,False
11428,39627853670649454,1.1128310687886696,3680.8000000000184,0.33162257075309753,1.7418966591504756,0.4012479782104492,8.292240243158442,0,True,False
11428,39627853670649454,1.1128310687886696,3681.6000000000186,-1.2291853427886963,-6.456478029278902,0.33991768956184387,9.009307733163975,0,True,False
11428,39627853670649454,1.1128310687886696,3682.4000000000187,2.3441619873046875,12.31305795899429,0.3345980942249298,9.080642395036978,0,True,False
11428,39627853670649454,1.1128310687886696,3683.200000000019,1.6503266096115112,8.668584895355984,0.41370707750320435,8.166422204747652,0,True,False
11428,39627853670649454,1.1128310687886696,3684.000000000019,2.2086076736450195,11.601038853777805,0.4122008979320526,8.181328628673912,0,True,False
11428,39627853670649454,1.1128310687886696,3684.8000000000193,-1.4401530027389526,-7.564616903003958,0.4167649447917938,8.136407912538154,0,True,False
11428,39627853670649454,1.1128310687886696,3685.6000000000195,-1.1182365417480469,-5.8737030226484075,0.41429099440574646,8.160665148189523,0,True,False
11428,39627853670649454,1.1128310687886696,3686.4000000000196,1.8033761978149414,9.47250052079271,0.4343843162059784,7.9696864691821085,0,True,False
11428,39627853670649454,1.1128310687886696,3687.20000000002,2.0836076736450195,10.944457843928747,0.38682475686073303,8.445418474628083,0,True,False
11428,39627853670649454,1.1128310687886696,3688.00000000002,-0.6263803243637085,-3.2901554073624335,0.37303072214126587,8.600149563984187,0,True,False
11428,39627853670649454,1.1128310687886696,3688.80000000002,0.7019038796424866,3.686854064901084,0.4360983967781067,7.954008660473687,0,True,False
11428,39627853670649454,1.1128310687886696,3689.6000000000204,-0.0992019772529602,-0.5210730752301751,0.4101812243461609,8.201445740690579,0,True,False
11428,39627853670649454,1.1128310687886696,3690.4000000000206,2.4772305488586426,13.012020283188349,0.3700341582298279,8.634901672372495,0,True,False
11428,39627853670649454,1.1128310687886696,3691.2000000000207,2.5445077419281006,13.365403702111188,0.3924195170402527,8.384998805809948,0,True,False
11428,39627853670649454,1.1128310687886696,3692.000000000021,1.263393759727478,6.636162804790925,0.37163710594177246,8.616259490221335,0,True,False
11428,39627853670649454,1.1128310687886696,3692.800000000021,-0.6109384298324585,-3.2090445697199477,0.42586126923561096,8.049042721780923,0,True,False
11428,39627853670649454,1.1128310687886696,3693.6000000000213,-1.4212734699249268,-7.465449361239865,0.5030605792999268,7.405734892035955,0,True,False
11428,39627853670649454,1.1128310687886696,3694.4000000000215,-0.6947227120399475,-3.6491339186901204,0.5014395713806152,7.41769552425875,0,True,False
11428,39627853670649454,1.1128310687886696,3695.2000000000216,1.7356820106506348,9.116926778638698,0.46637436747550964,7.691498648103304,0,True,False
11428,39627853670649454,1.1128310687886696,3696.000000000022,-0.026960738003253937,-0.14161526867561874,0.5126025676727295,7.336483006545027,0,True,False
11428,39627853670649454,1.1128310687886696,3696.800000000022,-1.2775226831436157,-6.710377067228107,0.49097323417663574,7.4963420745645974,0,True,False
11428,39627853670649454,1.1128310687886696,3697.600000000022,-0.9239277839660645,-4.853067499392327,0.4446180760860443,7.877433525266096,0,True,False
11428,39627853670649454,1.1128310687886696,3698.4000000000224,1.208234429359436,6.3464302541057505,0.4109908938407898,8.193363159968818,0,True,False
11428,39627853670649454,1.1128310687886696,3699.2000000000226,-0.29792520403862,-1.56489625061731,0.35673215985298157,8.794419398395043,0,True,False
11428,39627853670649454,1.1128310687886696,3700.0000000000227,0.38474875688552856,2.0209498186725603,0.37941694259643555,8.527464979186405,0,True,False
11428,39627853670649454,1.1128310687886696,3700.800000000023,0.177109956741333,0.9302962740123792,0.395156592130661,8.355908754134196,0,True,False
11428,39627853670649454,1.1128310687886696,3701.600000000023,0.8332595229148865,4.376819032174404,0.4664666950702667,7.6907374225747045,0,True,False
11428,39627853670649454,1.1128310687886696,3702.4000000000233,0.101669542491436,0.53403432703935,0.4256214201450348,8.051310328134957,0,True,False
11428,39627853670649454,1.1128310687886696,3703.2000000000235,-0.19794684648513794,-1.0397451228931867,0.42246583104133606,8.081323832465447,0,True,False
11428,39627853670649454,1.1128310687886696,3704.0000000000236,-0.1610448807477951,-0.8459120834592674,0.43024373054504395,8.00794403398513,0,True,False
11428,39627853670649454,1.1128310687886696,3704.800000000024,-0.4960065186023712,-2.6053476870052834,0.41737866401672363,8.130423769893032,0,True,False
11428,39627853670649454,1.1128310687886696,3705.600000000024,0.6137415170669556,3.223768200496916,0.4575662314891815,7.765176322086127,0,True,False
11428,39627853670649454,1.1128310687886696,3706.400000000024,2.1861231327056885,11.482935473010297,0.4833935499191284,7.554885366229622,0,True,False
11428,39627853670649454,1.1128310687886696,3707.2000000000244,0.29892489314079285,1.5701472656592281,0.4820150136947632,7.565680929777983,0,True,False
11428,39627853670649454,1.1128310687886696,3708.0000000000246,0.21632851660251617,1.1362975671202302,0.5740666389465332,6.932616076873538,0,True,False
11428,39627853670649454,1.1128310687886696,3708.8000000000247,1.3332911729812622,7.003309318230977,0.5121933221817017,7.339413367955026,0,True,False
11428,39627853670649454,1.1128310687886696,3709.600000000025,-2.109217405319214,-11.078976751805595,0.44020596146583557,7.916812233830637,0,True,False
11428,39627853670649454,1.1128310687886696,3710.400000000025,0.6404327750205994,3.3639679853076774,0.44520413875579834,7.872246926965525,0,True,False
11428,39627853670649454,1.1128310687886696,3711.2000000000253,1.2076622247695923,6.343424664766231,0.5356343984603882,7.177018649348291,0,True,False
11428,39627853670649454,1.1128310687886696,3712.0000000000255,-1.168325424194336,-6.136802294798769,0.5413371324539185,7.139115290894076,0,True,False
11428,39627853670649454,1.1128310687886696,3712.8000000000256,0.12706251442432404,0.6674146722774653,0.5236977934837341,7.258350440098361,0,True,False
11428,39627853670649454,1.1128310687886696,3713.600000000026,1.330252766609192,6.987349638838132,0.5365268588066101,7.171047028105024,0,True,False
11428,39627853670649454,1.1128310687886696,3714.400000000026,-0.8415526151657104,-4.420379727252943,0.41748282313346863,8.12940946398677,0,True,False
11428,39627853670649454,1.1128310687886696,3715.200000000026,-0.7440789341926575,-3.9083847841570063,0.5556159019470215,7.0467841868333885,0,True,False
11428,39627853670649454,1.1128310687886696,3716.0000000000264,0.01621415466070175,0.08516724832777893,0.6122956871986389,6.712707202162947,0,True,False
11428,39627853670649454,1.1128310687886696,3716.8000000000266,0.37338700890541077,1.9612705549730705,0.5661675930023193,6.9808097309666834,0,True,False
11428,39627853670649454,1.1128310687886696,3717.6000000000267,-2.747184991836548,-14.429995969457734,0.5896281599998474,6.840521246954143,0,True,False
11428,39627853670649454,1.1128310687886696,3718.400000000027,0.2318187952041626,1.2176625492571282,0.5697137713432312,6.959049822745177,0,True,False
11428,39627853670649454,1.1128310687886696,3719.200000000027,0.9136492609977722,4.799078035470102,0.5562725067138672,7.0426240690745665,0,True,False
11428,39627853670649454,1.1128310687886696,3720.0000000000273,2.916398763656616,15.318816362913642,0.5706295967102051,6.953463157045737,0,True,False
11428,39627853670649454,1.1128310687886696,3720.8000000000275,-0.05299250781536102,-0.2783509943667507,0.5843198299407959,6.871522802513186,0,True,False
11428,39627853670649454,1.1128310687886696,3721.6000000000276,0.8643690943717957,4.540226662919594,0.6104831695556641,6.722664792622753,0,True,False
11428,39627853670649454,1.1128310687886696,3722.400000000028,0.6082456707954407,3.194900454137505,0.7457307577133179,6.082572254338039,0,True,False
11428,39627853670649454,1.1128310687886696,3723.200000000028,0.5535868406295776,2.907796854877741,0.601385235786438,6.773325141610801,0,True,False
11428,39627853670649454,1.1128310687886696,3724.000000000028,-0.2961810827255249,-1.5557349951529003,0.6167722344398499,6.688302346164614,0,True,False
11428,39627853670649454,1.1128310687886696,3724.8000000000284,-0.13067810237407684,-0.6864060833754396,0.6319668889045715,6.6074082653680515,0,True,False
11428,39627853670649454,1.1128310687886696,3725.6000000000286,0.6638729572296143,3.4870910133544046,0.5653724670410156,6.985716826003659,0,True,False
11428,39627853670649454,1.1128310687886696,3726.4000000000287,1.1666693687438965,6.128103618318645,0.5652379989624023,6.986547714992326,0,True,False
11428,39627853670649454,1.1128310687886696,3727.200000000029,-2.209402084350586,-11.60521161364417,0.48828911781311035,7.516917465422048,0,True,False
11428,39627853670649454,1.1128310687886696,3728.000000000029,0.12775418162345886,0.6710477566621647,0.5573768019676208,7.03564405823341,0,True,False
11428,39627853670649454,1.1128310687886696,3728.8000000000293,1.6944303512573242,8.900246329179424,0.5736552476882935,6.9351014603171315,0,True,False
11428,39627853670649454,1.1128310687886696,3729.6000000000295,0.9035354256629944,4.745953617729659,0.543011486530304,7.1281002057791785,0,True,False
11428,39627853670649454,1.1128310687886696,3730.4000000000296,1.3585267066955566,7.135862695912668,0.5416163206100464,7.137275045983612,0,True,False
11428,39627853670649454,1.1128310687886696,3731.20000000003,-0.675865888595581,-3.55008566125294,0.5482694506645203,7.093838232682442,0,True,False
11428,39627853670649454,1.1128310687886696,3732.00000000003,0.9803626537322998,5.149500009646846,0.52043616771698,7.281059321793833,0,True,False
11428,39627853670649454,1.1128310687886696,3732.80000000003,-1.0669037103652954,-5.60406972450682,0.4505401849746704,7.825489950427444,0,True,False
11428,39627853670649454,1.1128310687886696,3733.6000000000304,0.697625458240509,3.664381022943722,0.4895920753479004,7.5069083682553055,0,True,False
11428,39627853670649454,1.1128310687886696,3734.4000000000306,1.2240084409713745,6.429285585894049,0.5753958225250244,6.924604159844172,0,True,False
11428,39627853670649454,1.1128310687886696,3735.2000000000307,0.6215093731880188,3.264570015027555,0.6395136117935181,6.568306468819428,0,True,False
11428,39627853670649454,1.1128310687886696,3736.000000000031,1.008162021636963,5.29552030606292,0.5864468216896057,6.8590502744911275,0,True,False
11428,39627853670649454,1.1128310687886696,3736.800000000031,0.876656711101532,4.604769189327982,0.6543574929237366,6.493379187175468,0,True,False
11428,39627853670649454,1.1128310687886696,3737.6000000000313,-1.9658379554748535,-10.325854960042294,0.6038720607757568,6.759364029109591,0,True,False
11428,39627853670649454,1.1128310687886696,3738.4000000000315,1.8778492212295532,9.863681104153336,0.6063261032104492,6.745671245274086,0,True,False
11428,39627853670649454,1.1128310687886696,3739.2000000000317,-0.18309159576892853,-0.9617157187587089,0.5963056683540344,6.802112895942186,0,True,False
11428,39627853670649454,1.1128310687886696,3740.000000000032,0.7503233551979065,3.9411845301533988,0.5044376254081726,7.395619659519459,0,True,False
11428,39627853670649454,1.1128310687886696,3740.800000000032,2.3708248138427734,12.453108403584745,0.5044743418693542,7.39535052202268,0,True,False
11428,39627853670649454,1.1128310687886696,3741.600000000032,1.8231256008148193,9.576237184517318,0.5260826349258423,7.241879950633702,0,True,False
11428,39627853670649454,1.1128310687886696,3742.4000000000324,-0.7910605669021606,-4.155162766947111,0.43467479944229126,7.96702304444975,0,True,False
11428,39627853670649454,1.1128310687886696,3743.2000000000326,0.6728963851928711,3.534487904909728,0.5412680506706238,7.139570857299356,0,True,False
11428,39627853670649454,1.1128310687886696,3744.0000000000327,2.6863455772399902,14.110427935262267,0.49046263098716736,7.500243146980641,0,True,False
11428,39627853670649454,1.1128310687886696,3744.800000000033,1.079516887664795,5.670322306016505,0.600864589214325,6.776259034691509,0,True,False
11428,39627853670649454,1.1128310687886696,3745.600000000033,-0.28585538268089294,-1.5014977266512768,0.6057255268096924,6.7490145807143636,0,True,False
11428,39627853670649454,1.1128310687886696,3746.4000000000333,1.154003620147705,6.0615748982883915,0.6087163090705872,6.732414329315844,0,True,False
11428,39627853670649454,1.1128310687886696,3747.2000000000335,-0.43839070200920105,-2.3027120786691095,0.5488405227661133,7.090146679958531,0,True,False
11428,39627853670649454,1.1128310687886696,3748.0000000000337,-0.22398532927036285,-1.1765161094696688,0.5249647498130798,7.249586453390755,0,True,False
11428,39627853670649454,1.1128310687886696,3748.800000000034,-0.5387987494468689,-2.830120216137878,0.5922001600265503,6.825650459455978,0,True,False
11428,39627853670649454,1.1128310687886696,3749.600000000034,0.654790997505188,3.4393866750562267,0.5761415362358093,6.920121368794187,0,True,False
11428,39627853670649454,1.1128310687886696,3750.400000000034,1.5605249404907227,8.196888330576318,0.5034769773483276,7.402671821076327,0,True,False
11428,39627853670649454,1.1128310687886696,3751.2000000000344,3.1362924575805664,16.473840551841857,0.47667020559310913,7.607978927446719,0,True,False
11428,39627853670649454,1.1128310687886696,3752.0000000000346,0.7170484066009521,3.7664029353336885,0.5090152621269226,7.362289697578054,0,True,False
11428,39627853670649454,1.1128310687886696,3752.8000000000347,-1.3850622177124023,-7.275244396875079,0.49154746532440186,7.491962140446266,0,True,False
11428,39627853670649454,1.1128310687886696,3753.600000000035,-0.25975844264030457,-1.364419684684718,0.5727655291557312,6.94048576999525,0,True,False
11428,39627853670649454,1.1128310687886696,3754.400000000035,1.565374732017517,8.222362578722079,0.4818424582481384,7.567035503840945,0,True,False
11428,39627853670649454,1.1128310687886696,3755.2000000000353,-0.8938847780227661,-4.69526216194311,0.4558306634426117,7.779945170461111,0,True,False
11428,39627853670649454,1.1128310687886696,3756.0000000000355,-2.192178964614868,-11.51474462685354,0.4704343378543854,7.65823691389016,0,True,False
11428,39627853670649454,1.1128310687886696,3756.8000000000357,-0.7504174113273621,-3.9416785739010822,0.4939194321632385,7.473951032582367,0,True,False
11428,39627853670649454,1.1128310687886696,3757.600000000036,2.2659711837768555,11.902349185064585,0.5768159031867981,6.916074959963082,0,True,False
11428,39627853670649454,1.1128310687886696,3758.400000000036,-0.6340207457542419,-3.330287852100584,0.6011521816253662,6.774637952820305,0,True,False
11428,39627853670649454,1.1128310687886696,3759.200000000036,2.286097764968872,12.008067033095491,0.6701258420944214,6.416528411060218,0,True,False
11428,39627853670649454,1.1128310687886696,3760.0000000000364,-1.260071039199829,-6.618709723195006,0.6847933530807495,6.347439007712321,0,True,False
11428,39627853670649454,1.1128310687886696,3760.8000000000366,-0.46840155124664307,-2.4603485082590897,0.6788201332092285,6.375304715609588,0,True,False
11428,39627853670649454,1.1128310687886696,3761.6000000000367,-1.685810923576355,-8.85497150893069,0.6433988809585571,6.548444543164854,0,True,False
11428,39627853670649454,1.1128310687886696,3762.400000000037,-0.14143969118595123,-0.7429329221728861,0.6538816690444946,6.495741344685916,0,True,False
11428,39627853670649454,1.1128310687886696,3763.200000000037,0.0673428326845169,0.35372820072077005,0.7315076589584351,6.14142094457587,0,True,False
11428,39627853670649454,1.1128310687886696,3764.0000000000373,-0.8211398124694824,-4.31315845838783,0.6311853528022766,6.611497658894919,0,True,False
11428,39627853670649454,1.1128310687886696,3764.8000000000375,1.3771708011627197,7.233793562896438,0.6945906281471252,6.302514375537951,0,True,False
11428,39627853670649454,1.1128310687886696,3765.6000000000377,-0.35568705201148987,-1.8682989103995074,0.6874000430107117,6.335392513708477,0,True,False
11428,39627853670649454,1.1128310687886696,3766.400000000038,2.302353858947754,12.093454573902335,0.6838858723640442,6.351648971052444,0,True,False
11428,39627853670649454,1.1128310687886696,3767.200000000038,-0.2586166262626648,-1.358422125082375,0.8101564049720764,5.8357122539942,0,True,False
11428,39627853670649454,1.1128310687886696,3768.000000000038,0.55335533618927,2.906580843524127,0.7529357671737671,6.053399554640862,0,True,False
11428,39627853670649454,1.1128310687886696,3768.8000000000384,0.8532494306564331,4.481818982668277,0.7859249711036682,5.924991896016162,0,True,False
11428,39627853670649454,1.1128310687886696,3769.6000000000386,-1.591780424118042,-8.361062386603086,0.8129534721374512,5.825664358192115,0,True,False
11428,39627853670649454,1.1128310687886696,3770.4000000000387,0.49811336398124695,2.616414204336948,0.828233003616333,5.771677261366707,0,True,False
11428,39627853670649454,1.1128310687886696,3771.200000000039,0.09780032932758331,0.5137107119478007,1.008924126625061,5.2293661433398295,0,True,False
11428,39627853670649454,1.1128310687886696,3772.000000000039,2.4030420780181885,12.622334354359687,0.738492488861084,6.112308464949427,0,True,False
11428,39627853670649454,1.1128310687886696,3772.8000000000393,1.1563873291015625,6.074095682545271,0.7396077513694763,6.107698318429398,0,True,False
11428,39627853670649454,1.1128310687886696,3773.6000000000395,1.1025447845458984,5.791279744327665,0.7581448554992676,6.032567754765688,0,True,False
11428,39627853670649454,1.1128310687886696,3774.4000000000397,1.0697802305221558,5.6191790725823605,0.8727971911430359,5.622398637858963,0,True,False
11428,39627853670649454,1.1128310687886696,3775.20000000004,2.4127259254455566,12.673200196944371,0.7216582894325256,6.183188723816212,0,True,False
11428,39627853670649454,1.1128310687886696,3776.00000000004,-1.3402750492095947,-7.039993162284253,0.6597061157226562,6.46700280734249,0,True,False
11428,39627853670649454,1.1128310687886696,3776.80000000004,-0.03801478445529938,-0.19967828453483788,0.7226954698562622,6.17875021190942,0,True,False
11428,39627853670649454,1.1128310687886696,3777.6000000000404,-0.4721090495586395,-2.479822692144724,0.7463403344154358,6.080087763307076,0,True,False
11428,39627853670649454,1.1128310687886696,3778.4000000000406,0.6699517369270325,3.5190207038534513,0.7480261325836182,6.073232667087476,0,True,False
11428,39627853670649454,1.1128310687886696,3779.2000000000407,-1.8104218244552612,-9.509508718028876,0.8044436573982239,5.856396718763374,0,True,False
11428,39627853670649454,1.1128310687886696,3780.000000000041,3.2507169246673584,17.074872009052147,0.7047470211982727,6.256935529806423,0,True,False
11428,39627853670649454,1.1128310687886696,3780.800000000041,1.7551212310791016,9.219034162475507,0.8655168414115906,5.645995700850936,0,True,False
11428,39627853670649454,1.1128310687886696,3781.6000000000413,1.176716923713684,6.180879888627261,0.8906224966049194,5.565849694841858,0,True,False
11428,39627853670649454,1.1128310687886696,3782.4000000000415,-1.9279999732971191,-10.127105355651034,0.9100362658500671,5.506161617347732,0,True,False
11428,39627853670649454,1.1128310687886696,3783.2000000000417,0.9534196853637695,5.007978078608919,0.7907225489616394,5.9069900961530255,0,True,False
11428,39627853670649454,1.1128310687886696,3784.000000000042,0.5812552571296692,3.0531293096501764,0.8990541696548462,5.53968888275109,0,True,False
11428,39627853670649454,1.1128310687886696,3784.800000000042,-0.7666358947753906,-4.026868559825297,0.8141373991966248,5.821426946310517,0,True,False
11428,39627853670649454,1.1128310687886696,3785.600000000042,0.013847406953573227,0.07273555553094381,0.8430835604667664,5.720618603317004,0,True,False
11428,39627853670649454,1.1128310687886696,3786.4000000000424,0.0941680446267128,0.49463159869214596,0.7832885384559631,5.934954840080141,0,True,False
11428,39627853670649454,1.1128310687886696,3787.2000000000426,-0.6075325012207031,-3.1911544253409065,0.9414517283439636,5.413514146766339,0,True,False
11428,39627853670649454,1.1128310687886696,3788.0000000000427,-2.3649380207061768,-12.422187150925552,0.8683865070343018,5.636659116760598,0,True,False
11428,39627853670649454,1.1128310687886696,3788.800000000043,0.5116256475448608,2.6873894746374636,1.0683876276016235,5.081756829884806,0,True,False
11428,39627853670649454,1.1128310687886696,3789.600000000043,0.08395886421203613,0.44100636680094896,0.9914231896400452,5.275319503085879,0,True,False
11428,39627853670649454,1.1128310687886696,3790.4000000000433,-0.7923662662506104,-4.162021146121226,0.9251329302787781,5.4610510273950466,0,True,False
11428,39627853670649454,1.1128310687886696,3791.2000000000435,0.8948766589164734,4.700472163213833,0.7880575656890869,5.916969534323164,0,True,False
11428,39627853670649454,1.1128310687886696,3792.0000000000437,-1.3816642761230469,-7.257396205513903,0.9131273031234741,5.496834232983549,0,True,False
11428,39627853670649454,1.1128310687886696,3792.800000000044,0.39389151334762573,2.0689735008380623,0.9862659573554993,5.289093969850822,0,True,False
11428,39627853670649454,1.1128310687886696,3793.600000000044,0.8227635025978088,4.321687131220939,0.9239194393157959,5.46463616763259,0,True,False
11428,39627853670649454,1.1128310687886696,3794.400000000044,0.47651270031929016,2.5029535198523285,0.9623416066169739,5.35443527518683,0,True,False
11428,39627853670649454,1.1128310687886696,3795.2000000000444,1.2264835834503174,6.442286638280806,0.9430773854255676,5.408846283049924,0,True,False
11428,39627853670649454,1.1128310687886696,3796.0000000000446,-1.0382330417633057,-5.453472792156884,0.8918308019638062,5.562077944929546,0,True,False
11428,39627853670649454,1.1128310687886696,3796.8000000000447,1.3615131378173828,7.151549367607175,1.0399292707443237,5.1508203560594366,0,True,False
11428,39627853670649454,1.1128310687886696,3797.600000000045,-1.5517330169677734,-8.15070745037461,1.0553078651428223,5.113152162441989,0,True,False
11428,39627853670649454,1.1128310687886696,3798.400000000045,0.589590847492218,3.0969132323536197,1.1080044507980347,4.990080504291,0,True,False
11428,39627853670649454,1.1128310687886696,3799.2000000000453,0.8566126227378845,4.499484647093523,1.0453304052352905,5.137496194273961,0,True,False
7666,39627835563837246,1.367366779854688,3600.0,0.46999847888946533,2.2710802092693094,0.05782398581504822,20.09472227194927,0,True,True
7666,39627835563837246,1.367366779854688,3600.8,4.241977691650391,20.49766545294461,0.06299201399087906,19.252772251827004,0,True,True
7666,39627835563837246,1.367366779854688,3601.6000000000004,-2.8307905197143555,-13.678666239731431,0.05367754399776459,20.85641703001711,0,True,True
7666,39627835563837246,1.367366779854688,3602.4000000000005,0.9840692281723022,4.755122088764559,0.06893763691186905,18.403813527692424,0,True,True
7666,39627835563837246,1.367366779854688,3603.2000000000007,-2.232567548751831,-10.787992309693463,0.07142864912748337,18.080057278629504,0,True,True
7666,39627835563837246,1.367366779854688,3604.000000000001,0.4105130136013031,1.9836404216463077,0.05766788125038147,20.12190168120771,0,True,True
7666,39627835563837246,1.367366779854688,3604.800000000001,0.5104974508285522,2.4667753397810923,0.06772519648075104,18.567818555634727,0,True,True
7666,39627835563837246,1.367366779854688,3605.6000000000013,-2.358717679977417,-11.397562508941986,0.07179787755012512,18.03350802125777,0,True,True
7666,39627835563837246,1.367366779854688,3606.4000000000015,1.3497718572616577,6.522234198073996,0.07328837364912033,17.849188590308678,0,True,True
7666,39627835563837246,1.367366779854688,3607.2000000000016,-5.200627326965332,-25.129957496806806,0.06555670499801636,18.872414298846287,0,True,True
7666,39627835563837246,1.367366779854688,3608.000000000002,-2.990163564682007,-14.448772920017399,0.07316404581069946,17.8643477375265,0,True,True
7666,39627835563837246,1.367366779854688,3608.800000000002,-4.21455717086792,-20.36516672183367,0.08534285426139832,16.54064491582481,0,True,True
7666,39627835563837246,1.367366779854688,3609.600000000002,3.4798107147216797,16.81479749653895,0.08917391300201416,16.181437804617392,0,True,True
7666,39627835563837246,1.367366779854688,3610.4000000000024,3.720334768295288,17.977034062101797,0.07323339581489563,17.85588721200398,0,True,False
7666,39627835563837246,1.367366779854688,3611.2000000000025,-0.24355338513851166,-1.1768746022233514,0.06910839676856995,18.381062484464533,0,True,False
7666,39627835563837246,1.367366779854688,3612.0000000000027,0.07212180644273758,0.3484998667567484,0.07452349364757538,17.700658252177313,0,True,False
7666,39627835563837246,1.367366779854688,3612.800000000003,1.5128123760223389,7.310062482840566,0.09166282415390015,15.96023947647794,0,True,False
7666,39627835563837246,1.367366779854688,3613.600000000003,1.0269708633422852,4.962427131134185,0.07386334985494614,17.779580934943912,0,True,False
7666,39627835563837246,1.367366779854688,3614.4000000000033,1.4920133352279663,7.209559413061497,0.08871223032474518,16.22348947457122,0,True,False
7666,39627835563837246,1.367366779854688,3615.2000000000035,-3.512721300125122,-16.973824775439578,0.08749359846115112,16.336081109362834,0,True,False
7666,39627835563837246,1.367366779854688,3616.0000000000036,4.354921817779541,21.04342289924787,0.07097860425710678,18.1372856490701,0,True,False
7666,39627835563837246,1.367366779854688,3616.800000000004,3.1492345333099365,15.217419936862644,0.09084707498550415,16.03173575601054,0,True,False
7666,39627835563837246,1.367366779854688,3617.600000000004,-3.8520090579986572,-18.613297554106083,0.08217386901378632,16.856567836654897,0,True,False
7666,39627835563837246,1.367366779854688,3618.400000000004,-2.344738245010376,-11.330012464598374,0.07823951542377472,17.27519444542562,0,True,False
7666,39627835563837246,1.367366779854688,3619.2000000000044,-2.5269885063171387,-12.210664169186744,0.07931417971849442,17.157760520301736,0,True,False
7666,39627835563837246,1.367366779854688,3620.0000000000045,5.758586406707764,27.826072230155052,0.07309356331825256,17.872958758164668,0,True,False
7666,39627835563837246,1.367366779854688,3620.8000000000047,2.9169681072235107,14.095085062909464,0.08349370956420898,16.722805629232692,0,True,False
7666,39627835563837246,1.367366779854688,3621.600000000005,7.576103687286377,36.608499644984676,0.10592947900295258,14.846620319874106,0,True,False
7666,39627835563837246,1.367366779854688,3622.400000000005,-1.2835654020309448,-6.202317906949768,0.09660989046096802,15.546234900924341,0,True,False
7666,39627835563837246,1.367366779854688,3623.2000000000053,0.5408457517623901,2.6134214008463195,0.07672620564699173,17.444726287190353,0,True,False
7666,39627835563837246,1.367366779854688,3624.0000000000055,-5.4230732917785645,-26.204838908152738,0.06660089641809464,18.7238857758793,0,True,False
7666,39627835563837246,1.367366779854688,3624.8000000000056,1.161730408668518,5.613598890506017,0.08197430521249771,16.877073749271666,0,True,False
7666,39627835563837246,1.367366779854688,3625.600000000006,0.6960186958312988,3.3632327685801973,0.07737062871456146,17.3719254677686,0,True,False
7666,39627835563837246,1.367366779854688,3626.400000000006,2.0258359909057617,9.78904450295803,0.08625596016645432,16.452862317664337,0,True,False
7666,39627835563837246,1.367366779854688,3627.200000000006,-5.235551357269287,-25.298713945207755,0.09568824619054794,15.62092412830335,0,True,False
7666,39627835563837246,1.367366779854688,3628.0000000000064,3.2781894207000732,15.840543001712325,0.09752771258354187,15.472910062999189,0,True,False
7666,39627835563837246,1.367366779854688,3628.8000000000065,0.35697871446609497,1.724957271074521,0.08829598128795624,16.261685277102025,0,True,False
7666,39627835563837246,1.367366779854688,3629.6000000000067,4.542727470397949,21.950918816805686,0.09776347875595093,15.454241584471738,0,True,False
7666,39627835563837246,1.367366779854688,3630.400000000007,2.5692007541656494,12.414638022259723,0.09236875921487808,15.899133847287938,0,True,False
7666,39627835563837246,1.367366779854688,3631.200000000007,-1.9453052282333374,-9.39991170879484,0.09721879661083221,15.497473409971494,0,True,False
7666,39627835563837246,1.367366779854688,3632.0000000000073,5.460964679718018,26.387933928916148,0.09664884209632874,15.543101845809987,0,True,False
7666,39627835563837246,1.367366779854688,3632.8000000000075,-2.8351430892944336,-13.699698296380083,0.09538009762763977,15.646137374362343,0,True,False
7666,39627835563837246,1.367366779854688,3633.6000000000076,-4.195977687835693,-20.27538877975895,0.09390413761138916,15.768618860711372,0,True,False
7666,39627835563837246,1.367366779854688,3634.400000000008,-6.734557151794434,-32.542061629162106,0.09871555864810944,15.379535417848189,0,True,False
7666,39627835563837246,1.367366779854688,3635.200000000008,0.3401685953140259,1.6437290743111403,0.11447930335998535,14.281457486913624,0,True,False
7666,39627835563837246,1.367366779854688,3636.000000000008,6.5493011474609375,31.646885870116595,0.1013721153140068,15.17667960787871,0,True,False
7666,39627835563837246,1.367366779854688,3636.8000000000084,6.155083179473877,29.741984757778457,0.1140812411904335,14.306351840519625,0,True,False
7666,39627835563837246,1.367366779854688,3637.6000000000085,4.165096759796143,20.126169010622235,0.10228196531534195,15.109026685513685,0,True,False
7666,39627835563837246,1.367366779854688,3638.4000000000087,3.1171793937683105,15.062526258929116,0.11127564311027527,14.485582499950619,0,True,False
7666,39627835563837246,1.367366779854688,3639.200000000009,2.652116298675537,12.815294323578266,0.12108456343412399,13.886462645362583,0,True,False
7666,39627835563837246,1.367366779854688,3640.000000000009,4.384520530700684,21.186446875184735,0.10093837976455688,15.209252000826297,0,True,False
7666,39627835563837246,1.367366779854688,3640.8000000000093,1.3540345430374146,6.5428319270848,0.10463975369930267,14.937835275219294,0,True,False
7666,39627835563837246,1.367366779854688,3641.6000000000095,4.512511253356934,21.80491099847618,0.11407439410686493,14.306781188917704,0,True,False
7666,39627835563837246,1.367366779854688,3642.4000000000096,-3.661865711212158,-17.694505661776137,0.09989017248153687,15.288843630919162,0,True,False
7666,39627835563837246,1.367366779854688,3643.20000000001,4.288554668426514,20.722730117863936,0.12472829222679138,13.68212432369307,0,True,False
7666,39627835563837246,1.367366779854688,3644.00000000001,-1.2890774011611938,-6.22895244450784,0.10862672328948975,14.661137969847323,0,True,False
7666,39627835563837246,1.367366779854688,3644.80000000001,4.021855354309082,19.43401204467152,0.10881336033344269,14.648559156991585,0,True,False
7666,39627835563837246,1.367366779854688,3645.6000000000104,-5.517923831939697,-26.66316631616359,0.11719638109207153,14.1149362086549,0,True,False
7666,39627835563837246,1.367366779854688,3646.4000000000106,4.478524208068848,21.640682156485685,0.12751621007919312,13.531729951137475,0,True,False
7666,39627835563837246,1.367366779854688,3647.2000000000107,-1.3367897272109985,-6.4595032320038985,0.12431137263774872,13.705048898803426,0,True,False
7666,39627835563837246,1.367366779854688,3648.000000000011,2.410125494003296,11.64597026828588,0.1318170130252838,13.309149002539632,0,True,False
7666,39627835563837246,1.367366779854688,3648.800000000011,-5.047227382659912,-24.38871344334044,0.1271609663963318,13.550618251080202,0,True,False
7666,39627835563837246,1.367366779854688,3649.6000000000113,1.2537057399749756,6.058032998387905,0.11189062893390656,14.445719007357628,0,True,False
7666,39627835563837246,1.367366779854688,3650.4000000000115,-1.2888108491897583,-6.227664438409396,0.12145400047302246,13.865326738816485,0,True,False
7666,39627835563837246,1.367366779854688,3651.2000000000116,3.183821678161621,15.38454852066869,0.12730133533477783,13.543145389473242,0,True,False
7666,39627835563837246,1.367366779854688,3652.000000000012,3.2097091674804688,15.509639488619529,0.15122820436954498,12.425664482228441,0,True,False
7666,39627835563837246,1.367366779854688,3652.800000000012,4.022397518157959,19.436631835251003,0.13777874410152435,13.018019253778823,0,True,False
7666,39627835563837246,1.367366779854688,3653.600000000012,0.0983932614326477,0.4754461956837539,0.10400541871786118,14.983319382816715,0,True,False
7666,39627835563837246,1.367366779854688,3654.4000000000124,3.661782741546631,17.694104743956586,0.13437429070472717,13.181897428278313,0,True,False
7666,39627835563837246,1.367366779854688,3655.2000000000126,-2.2412288188934326,-10.829844443453991,0.1255575567483902,13.636866606942165,0,True,False
7666,39627835563837246,1.367366779854688,3656.0000000000127,-0.007202059496194124,-0.034801080263992284,0.12958182394504547,13.423444640512212,0,True,False
7666,39627835563837246,1.367366779854688,3656.800000000013,-2.5940425395965576,-12.534676043208975,0.1355367749929428,13.125245837401168,0,True,False
7666,39627835563837246,1.367366779854688,3657.600000000013,-0.8659464120864868,-4.184340688557634,0.14531630277633667,12.675901345994225,0,True,False
7666,39627835563837246,1.367366779854688,3658.4000000000133,0.5524097681045532,2.6692998979776474,0.11487982422113419,14.25654007422333,0,True,False
7666,39627835563837246,1.367366779854688,3659.2000000000135,3.4582149982452393,16.710444809248298,0.17214447259902954,11.646340389328483,0,True,False
7666,39627835563837246,1.367366779854688,3660.0000000000136,1.9204154014587402,9.279641547211565,0.15550419688224792,12.253635655655092,0,True,False
7666,39627835563837246,1.367366779854688,3660.800000000014,2.49530291557312,12.057556188438,0.14255547523498535,12.798057859378964,0,True,False
7666,39627835563837246,1.367366779854688,3661.600000000014,1.0132415294647217,4.896085600562725,0.13446450233459473,13.177474848531856,0,True,False
7666,39627835563837246,1.367366779854688,3662.400000000014,4.804356098175049,23.21513482049747,0.13245613873004913,13.277000605440016,0,True,False
7666,39627835563837246,1.367366779854688,3663.2000000000144,1.7699393033981323,8.552525814664937,0.15791384875774384,12.159785419440643,0,True,False
7666,39627835563837246,1.367366779854688,3664.0000000000146,3.2560789585113525,15.733703011052674,0.13792596757411957,13.011069620777475,0,True,False
7666,39627835563837246,1.367366779854688,3664.8000000000147,3.208173990249634,15.502221356895127,0.13551023602485657,13.126531029714373,0,True,False
7666,39627835563837246,1.367366779854688,3665.600000000015,-1.4173656702041626,-6.848854342048711,0.15070906281471252,12.44704718180316,0,True,False
7666,39627835563837246,1.367366779854688,3666.400000000015,-1.8008809089660645,-8.702038783758768,0.14818358421325684,12.552665985392132,0,True,False
7666,39627835563837246,1.367366779854688,3667.2000000000153,4.183394432067871,20.214585214585718,0.1547212153673172,12.284601876079149,0,True,False
7666,39627835563837246,1.367366779854688,3668.0000000000155,4.319941520690918,20.874394564049755,0.14359524846076965,12.751638305817574,0,True,False
7666,39627835563837246,1.367366779854688,3668.8000000000156,-5.411250114440918,-26.14770811886666,0.1542646884918213,12.302765811930337,0,True,False
7666,39627835563837246,1.367366779854688,3669.600000000016,-0.30200737714767456,-1.4593302065871634,0.17418444156646729,11.57794121333278,0,True,False
7666,39627835563837246,1.367366779854688,3670.400000000016,0.005579160526394844,0.026959068220328824,0.15550820529460907,12.253477728486365,0,True,False
7666,39627835563837246,1.367366779854688,3671.200000000016,0.7666817307472229,3.7046837037058906,0.1311330795288086,13.343811251469596,0,True,False
7666,39627835563837246,1.367366779854688,3672.0000000000164,-0.2994173765182495,-1.446815061462905,0.17813867330551147,11.448719461855648,0,True,False
7666,39627835563837246,1.367366779854688,3672.8000000000166,2.2434701919555664,10.840674984895378,0.16072392463684082,12.053016637281921,0,True,False
7666,39627835563837246,1.367366779854688,3673.6000000000167,-1.7714946269989014,-8.560041295687476,0.17769791185855865,11.462909355424932,0,True,False
7666,39627835563837246,1.367366779854688,3674.400000000017,3.0910959243774414,14.936488295438991,0.1712346076965332,11.677241144070054,0,True,False
7666,39627835563837246,1.367366779854688,3675.200000000017,3.208544969558716,15.50401396645611,0.1617700308561325,12.01398225691121,0,True,False
7666,39627835563837246,1.367366779854688,3676.0000000000173,1.4042952060699463,6.785696536748316,0.15767830610275269,12.168864281910404,0,True,False
7666,39627835563837246,1.367366779854688,3676.8000000000175,0.27476683259010315,1.3277011388067783,0.18044224381446838,11.37540612788001,0,True,False
7666,39627835563837246,1.367366779854688,3677.6000000000176,-0.719010055065155,-3.474329342900158,0.16982495784759521,11.725605070574131,0,True,False
7666,39627835563837246,1.367366779854688,3678.400000000018,0.500184178352356,2.416940563573232,0.18354812264442444,11.278751988954854,0,True,False
7666,39627835563837246,1.367366779854688,3679.200000000018,-0.12593534588813782,-0.6085323347637872,0.23311063647270203,10.008176949795956,0,True,False
7666,39627835563837246,1.367366779854688,3680.000000000018,0.0637570470571518,0.3080805029732938,0.1734287142753601,11.603139621146056,0,True,False
7666,39627835563837246,1.367366779854688,3680.8000000000184,0.4068526029586792,1.9659529470231887,0.18327941000461578,11.287017055836555,0,True,False
7666,39627835563837246,1.367366779854688,3681.6000000000186,-0.9764944911003113,-4.71852019274297,0.18949973583221436,11.100223312422743,0,True,False
7666,39627835563837246,1.367366779854688,3682.4000000000187,2.701812744140625,13.055432576862563,0.1807788908481598,11.364809533335073,0,True,False
7666,39627835563837246,1.367366779854688,3683.200000000019,-0.04803905636072159,-0.2321295814203392,0.19592511653900146,10.916689638748531,0,True,False
7666,39627835563837246,1.367366779854688,3684.000000000019,1.840377926826477,8.892892370774387,0.18861326575279236,11.126277898334278,0,True,False
7666,39627835563837246,1.367366779854688,3684.8000000000193,1.8295387029647827,8.840516144250635,0.19277477264404297,11.00552895103682,0,True,False
7666,39627835563837246,1.367366779854688,3685.6000000000195,0.5556243062019348,2.6848328713441902,0.20318445563316345,10.71990114600486,0,True,False
7666,39627835563837246,1.367366779854688,3686.4000000000196,0.17944087088108063,0.8670764457684845,0.20925575494766235,10.563244080954393,0,True,False
7666,39627835563837246,1.367366779854688,3687.20000000002,1.665202260017395,8.046425822678973,0.19221872091293335,11.021435893004858,0,True,False
7666,39627835563837246,1.367366779854688,3688.00000000002,0.6085796356201172,2.940718381657203,0.23538263142108917,9.959758628109007,0,True,False
7666,39627835563837246,1.367366779854688,3688.80000000002,5.122900485992432,24.754373536025323,0.21357673406600952,10.455842911884169,0,True,False
7666,39627835563837246,1.367366779854688,3689.6000000000204,2.24295711517334,10.838195745965278,0.231195867061615,10.04953546749137,0,True,False
7666,39627835563837246,1.367366779854688,3690.4000000000206,1.5539562702178955,7.508873942955471,0.214491069316864,10.433533461347967,0,True,False
7666,39627835563837246,1.367366779854688,3691.2000000000207,2.6533241271972656,12.821130673215759,0.22232544422149658,10.248054727824714,0,True,False
7666,39627835563837246,1.367366779854688,3692.000000000021,-2.9923267364501953,-14.459225584893233,0.23142972588539124,10.044456676197147,0,True,False
7666,39627835563837246,1.367366779854688,3692.800000000021,3.6950979232788086,17.855087073258876,0.20833633840084076,10.58652693677297,0,True,False
7666,39627835563837246,1.367366779854688,3693.6000000000213,-0.011243036948144436,-0.05432749221943655,0.23596321046352386,9.947498266923613,0,True,False
7666,39627835563837246,1.367366779854688,3694.4000000000215,1.5498921871185303,7.489235882173651,0.24759742617607117,9.710977714777913,0,True,False
7666,39627835563837246,1.367366779854688,3695.2000000000216,3.6243975162506104,17.51345555230498,0.2081834077835083,10.590414631037161,0,True,False
7666,39627835563837246,1.367366779854688,3696.000000000022,-0.8526928424835205,-4.120298099103746,0.2383112758398056,9.898370931145697,0,True,False
7666,39627835563837246,1.367366779854688,3696.800000000022,1.2397654056549072,5.990671892327068,0.2141762673854828,10.441198387301469,0,True,False
7666,39627835563837246,1.367366779854688,3697.600000000022,-1.9795538187026978,-9.565404363567083,0.21511176228523254,10.418469898372981,0,True,False
7666,39627835563837246,1.367366779854688,3698.4000000000224,-1.600857138633728,-7.735503685052556,0.23378518223762512,9.993728108269464,0,True,False
7666,39627835563837246,1.367366779854688,3699.2000000000226,-0.4883980453014374,-2.3599887760291467,0.21387159824371338,10.448632705081964,0,True,False
7666,39627835563837246,1.367366779854688,3700.0000000000227,-3.079282522201538,-14.87940474072361,0.23610132932662964,9.94458820675624,0,True,False
7666,39627835563837246,1.367366779854688,3700.800000000023,0.18870626389980316,0.911847762402621,0.24557624757289886,9.750858200698644,0,True,False
7666,39627835563837246,1.367366779854688,3701.600000000023,-1.4018763303756714,-6.774008284626882,0.23086290061473846,10.056779923968692,0,True,False
7666,39627835563837246,1.367366779854688,3702.4000000000233,1.8786708116531372,9.077927465124361,0.215704545378685,10.404144419796676,0,True,False
7666,39627835563837246,1.367366779854688,3703.2000000000235,2.4738800525665283,11.954038746604745,0.24312373995780945,9.799915623250838,0,True,False
7666,39627835563837246,1.367366779854688,3704.0000000000236,-0.715910017490387,-3.4593496476452232,0.25495845079421997,9.569765913247378,0,True,False
7666,39627835563837246,1.367366779854688,3704.800000000024,1.323285698890686,6.394250400683807,0.2550257742404938,9.568502683778672,0,True,False
7666,39627835563837246,1.367366779854688,3705.600000000024,0.15141235291957855,0.7316398107650611,0.20217883586883545,10.746528000341565,0,True,False
7666,39627835563837246,1.367366779854688,3706.400000000024,2.1583056449890137,10.429151276129051,0.2507689297199249,9.64937439198047,0,True,False
7666,39627835563837246,1.367366779854688,3707.2000000000244,1.2418216466903687,6.000607857082014,0.2674843668937683,9.343010092638055,0,True,False
7666,39627835563837246,1.367366779854688,3708.0000000000246,-1.9055488109588623,-9.207804677561771,0.2632130980491638,9.41851149002584,0,True,False
7666,39627835563837246,1.367366779854688,3708.8000000000247,-0.8489047884941101,-4.101993838912689,0.22093120217323303,10.280340337765793,0,True,False
7666,39627835563837246,1.367366779854688,3709.600000000025,-0.44208407402038574,-2.1361949802756066,0.2600628435611725,9.475385040791933,0,True,False
7666,39627835563837246,1.367366779854688,3710.400000000025,2.9726176261901855,14.363989169746574,0.2652019262313843,9.383128918537087,0,True,False
7666,39627835563837246,1.367366779854688,3711.2000000000253,-0.7709159255027771,-3.7251437612240608,0.2342599630355835,9.983595696606944,0,True,False
7666,39627835563837246,1.367366779854688,3712.0000000000255,0.5699933171272278,2.7542653861393753,0.2670753002166748,9.350162479526162,0,True,False
7666,39627835563837246,1.367366779854688,3712.8000000000256,-1.8832762241363525,-9.100181284266215,0.2763270139694214,9.192303361821072,0,True,False
7666,39627835563837246,1.367366779854688,3713.600000000026,0.0005022382829338312,0.002426866204766328,0.26993316411972046,9.300534276279492,0,True,False
7666,39627835563837246,1.367366779854688,3714.400000000026,-0.7066192626953125,-3.414455780341389,0.2598942518234253,9.478457853359414,0,True,False
7666,39627835563837246,1.367366779854688,3715.200000000026,1.654037356376648,7.992475878507212,0.25669124722480774,9.537410824682452,0,True,False
7666,39627835563837246,1.367366779854688,3716.0000000000264,-0.6808273196220398,-3.2898265015175188,0.2581346333026886,9.510708743781839,0,True,False
7666,39627835563837246,1.367366779854688,3716.8000000000266,0.22166846692562103,1.0711244628777676,0.2547198534011841,9.574246888560051,0,True,False
7666,39627835563837246,1.367366779854688,3717.6000000000267,2.4442825317382812,11.811020530981379,0.29918819665908813,8.834130131072891,0,True,False
7666,39627835563837246,1.367366779854688,3718.400000000027,1.1582765579223633,5.59690953420449,0.267246812582016,9.347161646983134,0,True,False
7666,39627835563837246,1.367366779854688,3719.200000000027,2.3722777366638184,11.463086074996546,0.25572001934051514,9.555505264015224,0,True,False
7666,39627835563837246,1.367366779854688,3720.0000000000273,2.337632417678833,11.295676387891735,0.2767695486545563,9.184951504526126,0,True,False
7666,39627835563837246,1.367366779854688,3720.8000000000275,-0.8036680221557617,-3.8834052064449556,0.2954970598220825,8.889133699234902,0,True,False
7666,39627835563837246,1.367366779854688,3721.6000000000276,-0.42543354630470276,-2.055737945481945,0.2569400668144226,9.532791713543661,0,True,False
7666,39627835563837246,1.367366779854688,3722.400000000028,0.4672223925590515,2.25766587920781,0.2943156659603119,8.906956485923416,0,True,False
7666,39627835563837246,1.367366779854688,3723.200000000028,2.74241042137146,13.251604661332088,0.31337782740592957,8.631810307043839,0,True,False
7666,39627835563837246,1.367366779854688,3724.000000000028,-0.6044257283210754,-2.920646281253211,0.2919624149799347,8.942779997353883,0,True,False
7666,39627835563837246,1.367366779854688,3724.8000000000284,-2.237659454345703,-10.812596912774382,0.31659212708473206,8.587879953922162,0,True,False
7666,39627835563837246,1.367366779854688,3725.6000000000286,3.0334689617156982,14.658028980569238,0.299838662147522,8.824542613911328,0,True,False
7666,39627835563837246,1.367366779854688,3726.4000000000287,5.845579624176025,28.24643225982931,0.2980581521987915,8.850860952558167,0,True,False
7666,39627835563837246,1.367366779854688,3727.200000000029,1.8860831260681152,9.113744518431671,0.29546958208084106,8.889547020354959,0,True,False
7666,39627835563837246,1.367366779854688,3728.000000000029,0.9314907193183899,4.501057413548675,0.28085944056510925,9.117830347256007,0,True,False
7666,39627835563837246,1.367366779854688,3728.8000000000293,-0.47529420256614685,-2.2966696819507706,0.30484917759895325,8.751721853672136,0,True,False
7666,39627835563837246,1.367366779854688,3729.6000000000295,-1.3656452894210815,-6.5989362285053,0.2476368546485901,9.710204598311647,0,True,False
7666,39627835563837246,1.367366779854688,3730.4000000000296,5.480896472930908,26.484246370624476,0.276294469833374,9.192844716779552,0,True,False
7666,39627835563837246,1.367366779854688,3731.20000000003,0.39294537901878357,1.8987518336697957,0.29133790731430054,8.952359672417339,0,True,False
7666,39627835563837246,1.367366779854688,3732.00000000003,-1.1817997694015503,-5.710576072392164,0.27725711464881897,9.17687192729241,0,True,False
7666,39627835563837246,1.367366779854688,3732.80000000003,2.1144464015960693,10.217218973925437,0.26613831520080566,9.366607433279292,0,True,False
7666,39627835563837246,1.367366779854688,3733.6000000000304,0.10257913172245026,0.49567274449344634,0.28938066959381104,8.982583474725393,0,True,False
7666,39627835563837246,1.367366779854688,3734.4000000000306,1.0298748016357422,4.976459254818484,0.2733183801174164,9.242758406985327,0,True,False
7666,39627835563837246,1.367366779854688,3735.2000000000307,-1.0314980745315552,-4.984303073710484,0.3168582618236542,8.584272641787319,0,True,False
7666,39627835563837246,1.367366779854688,3736.000000000031,0.09605727344751358,0.4641584653603188,0.35820454359054565,8.073660351265218,0,True,False
7666,39627835563837246,1.367366779854688,3736.800000000031,0.464725136756897,2.2455988864737972,0.3343566656112671,8.356627189307918,0,True,False
7666,39627835563837246,1.367366779854688,3737.6000000000313,2.187138080596924,10.568472522548568,0.3255499601364136,8.468903750738125,0,True,False
7666,39627835563837246,1.367366779854688,3738.4000000000315,0.8491387963294983,4.1031245884526015,0.33317890763282776,8.371384128799377,0,True,False
7666,39627835563837246,1.367366779854688,3739.2000000000317,-3.209939956665039,-15.510754685312994,0.273931086063385,9.232415909273257,0,True,False
7666,39627835563837246,1.367366779854688,3740.000000000032,-1.9709926843643188,-9.524036096140497,0.283221036195755,9.079736949677786,0,True,False
7666,39627835563837246,1.367366779854688,3740.800000000032,0.21785621345043182,1.0527032683226751,0.29338616132736206,8.921054816654728,0,True,False
7666,39627835563837246,1.367366779854688,3741.600000000032,1.8051131963729858,8.722489624775339,0.29648950695991516,8.87424381275251,0,True,False
7666,39627835563837246,1.367366779854688,3742.4000000000324,2.738623857498169,13.233307601532905,0.29773417115211487,8.8556751993307,0,True,False
7666,39627835563837246,1.367366779854688,3743.2000000000326,0.6881784796714783,3.3253480507423134,0.32733190059661865,8.445820640521992,0,True,False
7666,39627835563837246,1.367366779854688,3744.0000000000327,1.2668583393096924,6.121587689288402,0.28379005193710327,9.07062967899176,0,True,False
7666,39627835563837246,1.367366779854688,3744.800000000033,1.2367613315582275,5.976155902308827,0.29906925559043884,8.835886641326818,0,True,False
7666,39627835563837246,1.367366779854688,3745.600000000033,-1.387182354927063,-6.703005508371787,0.36901187896728516,7.954554229307358,0,True,False
7666,39627835563837246,1.367366779854688,3746.4000000000333,0.3057897984981537,1.4776072492969357,0.31970009207725525,8.546034460446291,0,True,False
7666,39627835563837246,1.367366779854688,3747.2000000000335,1.5091931819915771,7.292574171056685,0.3073255717754364,8.716390350412732,0,True,False
7666,39627835563837246,1.367366779854688,3748.0000000000337,1.3093212842941284,6.3267729362902845,0.31844228506088257,8.562895708093171,0,True,False
7666,39627835563837246,1.367366779854688,3748.800000000034,2.8940396308898926,13.98429234512659,0.3658078908920288,7.989313913449171,0,True,False
7666,39627835563837246,1.367366779854688,3749.600000000034,0.3055483400821686,1.4764404977976522,0.37000542879104614,7.943867144765432,0,True,False
7666,39627835563837246,1.367366779854688,3750.400000000034,0.8819447755813599,4.261646399843665,0.30852359533309937,8.699450644521965,0,True,False
7666,39627835563837246,1.367366779854688,3751.2000000000344,2.4517107009887695,11.846914196458227,0.31995564699172974,8.54262083515531,0,True,False
7666,39627835563837246,1.367366779854688,3752.0000000000346,1.078892707824707,5.2133187376589785,0.34526920318603516,8.223507618895495,0,True,False
7666,39627835563837246,1.367366779854688,3752.8000000000347,0.5001644492149353,2.4168452303848182,0.35758477449417114,8.08065399201021,0,True,False
7666,39627835563837246,1.367366779854688,3753.600000000035,-0.557585597038269,-2.6943100271289167,0.3572535812854767,8.084398723893802,0,True,False
7666,39627835563837246,1.367366779854688,3754.400000000035,0.6471854448318481,3.127265558300745,0.3495132327079773,8.173427391034792,0,True,False
7666,39627835563837246,1.367366779854688,3755.2000000000353,-3.2624692916870117,-15.764581747597031,0.32831311225891113,8.433190412698986,0,True,False
7666,39627835563837246,1.367366779854688,3756.0000000000355,-0.13295380771160126,-0.6424462524948458,0.35675954818725586,8.08999433981712,0,True,False
7666,39627835563837246,1.367366779854688,3756.8000000000357,2.923267364501953,14.125523711502474,0.37637776136398315,7.876332524398934,0,True,False
7666,39627835563837246,1.367366779854688,3757.600000000036,-0.2797837257385254,-1.3519432741607529,0.3617191016674042,8.03434170517681,0,True,False
7666,39627835563837246,1.367366779854688,3758.400000000036,-1.2778993844985962,-6.174939136887586,0.3565269112586975,8.092633305440016,0,True,False
7666,39627835563837246,1.367366779854688,3759.200000000036,0.2387942373752594,1.1538779186518446,0.3621194362640381,8.02989936643383,0,True,False
7666,39627835563837246,1.367366779854688,3760.0000000000364,1.0618244409561157,5.130843145007324,0.40524226427078247,7.5906445274128505,0,True,False
7666,39627835563837246,1.367366779854688,3760.8000000000366,1.5075998306274414,7.2848749360335185,0.35393524169921875,8.122208174912787,0,True,False
7666,39627835563837246,1.367366779854688,3761.6000000000367,0.8265665769577026,3.9940533403589957,0.3422955572605133,8.259150675154363,0,True,False
7666,39627835563837246,1.367366779854688,3762.400000000037,1.3649022579193115,6.595345825101186,0.3434353470802307,8.24543409145539,0,True,False
7666,39627835563837246,1.367366779854688,3763.200000000037,1.4099422693252563,6.812983717825859,0.35078030824661255,8.158652161632597,0,True,False
7666,39627835563837246,1.367366779854688,3764.0000000000373,-1.6697500944137573,-8.06840141867881,0.3636931777000427,8.012507391263435,0,True,False
7666,39627835563837246,1.367366779854688,3764.8000000000375,1.23686683177948,5.976665690053515,0.3950536847114563,7.6879041832720105,0,True,False
7666,39627835563837246,1.367366779854688,3765.6000000000377,-0.2554745078086853,-1.2344786732673139,0.3577883243560791,8.078355076845247,0,True,False
7666,39627835563837246,1.367366779854688,3766.400000000038,0.200100377202034,0.9669052708524609,0.3535977005958557,8.126083942692171,0,True,False
7666,39627835563837246,1.367366779854688,3767.200000000038,1.3144371509552002,6.351493321672539,0.37769439816474915,7.862592152892975,0,True,False
7666,39627835563837246,1.367366779854688,3768.000000000038,2.1693577766418457,10.48255629464378,0.35653531551361084,8.092537925051227,0,True,False
7666,39627835563837246,1.367366779854688,3768.8000000000384,1.4975104331970215,7.236121946700827,0.35511621832847595,8.108691295447196,0,True,False
7666,39627835563837246,1.367366779854688,3769.6000000000386,-0.6544994115829468,-3.1626073857443617,0.3783777356147766,7.855489156158544,0,True,False
7666,39627835563837246,1.367366779854688,3770.4000000000387,-0.6403863430023193,-3.0944116102574766,0.3999904990196228,7.640313561465466,0,True,False
7666,39627835563837246,1.367366779854688,3771.200000000039,2.6348319053649902,12.731774386089189,0.42675161361694336,7.39687763667809,0,True,False
7666,39627835563837246,1.367366779854688,3772.000000000039,1.4877004623413086,7.188719174852372,0.379277765750885,7.846163040843555,0,True,False
7666,39627835563837246,1.367366779854688,3772.8000000000393,1.8882805109024048,9.124362504304933,0.3389836251735687,8.299399312161452,0,True,False
7666,39627835563837246,1.367366779854688,3773.6000000000395,0.3278307020664215,1.584111125663903,0.3679065704345703,7.966494275505061,0,True,False
7666,39627835563837246,1.367366779854688,3774.4000000000397,0.99867182970047,4.825683336989933,0.3762437105178833,7.877735517966247,0,True,False
7666,39627835563837246,1.367366779854688,3775.20000000004,3.6119754314422607,17.453430781516854,0.3747851252555847,7.8930498812458625,0,True,False
7666,39627835563837246,1.367366779854688,3776.00000000004,2.794290542602539,13.502294656884406,0.42175889015197754,7.44053043551041,0,True,False
7666,39627835563837246,1.367366779854688,3776.80000000004,2.2598226070404053,10.919691509290702,0.37529414892196655,7.887695264771416,0,True,False
7666,39627835563837246,1.367366779854688,3777.6000000000404,-0.20332680642604828,-0.9824957033461589,0.3199862241744995,8.542212668335429,0,True,False
7666,39627835563837246,1.367366779854688,3778.4000000000406,-0.9373397827148438,-4.5293206797486745,0.3420625925064087,8.261962680259579,0,True,False
7666,39627835563837246,1.367366779854688,3779.2000000000407,3.1764333248138428,15.348847249662716,0.3606368899345398,8.04638754118491,0,True,False
7666,39627835563837246,1.367366779854688,3780.000000000041,3.894287586212158,18.817591680609624,0.3527214527130127,8.136171289278542,0,True,False
7666,39627835563837246,1.367366779854688,3780.800000000041,2.146019697189331,10.369784333142547,0.351646363735199,8.14859916219266,0,True,False
7666,39627835563837246,1.367366779854688,3781.6000000000413,-0.24061723053455353,-1.1626868060667335,0.3308660686016083,8.400592240153765,0,True,False
7666,39627835563837246,1.367366779854688,3782.4000000000415,2.3817977905273438,11.50908793860197,0.316179096698761,8.593487373529689,0,True,False
7666,39627835563837246,1.367366779854688,3783.2000000000417,0.13899390399456024,0.6716326089331086,0.3452155590057373,8.224146533013839,0,True,False
7666,39627835563837246,1.367366779854688,3784.000000000042,-0.37899038195610046,-1.8313198757529179,0.37198346853256226,7.9227180467494245,0,True,False
7666,39627835563837246,1.367366779854688,3784.800000000042,-1.6905288696289062,-8.168806563128392,0.3207007646560669,8.532691081386842,0,True,False
7666,39627835563837246,1.367366779854688,3785.600000000042,1.405351161956787,6.790799022445998,0.3470979630947113,8.20181535358272,0,True,False
7666,39627835563837246,1.367366779854688,3786.4000000000424,1.5712450742721558,7.592415193604497,0.3396892249584198,8.290775107832038,0,True,False
7666,39627835563837246,1.367366779854688,3787.2000000000426,-0.6068106293678284,-2.9321703644399144,0.36632251739501953,7.983700065664252,0,True,False
7666,39627835563837246,1.367366779854688,3788.0000000000427,1.252322793006897,6.051350458697364,0.333916574716568,8.362132253819942,0,True,False
7666,39627835563837246,1.367366779854688,3788.800000000043,0.8933775424957275,4.31689068645872,0.35985398292541504,8.05513574302398,0,True,False
7666,39627835563837246,1.367366779854688,3789.600000000043,-2.5474071502685547,-12.309329122928187,0.362544983625412,8.02518532271401,0,True,False
7666,39627835563837246,1.367366779854688,3790.4000000000433,1.7960423231124878,8.67865824729645,0.36913952231407166,7.953178822921738,0,True,False
7666,39627835563837246,1.367366779854688,3791.2000000000435,1.625248908996582,7.853367187655821,0.3858936131000519,7.778614073957099,0,True,False
7666,39627835563837246,1.367366779854688,3792.0000000000437,0.013924367725849152,0.06728395386190499,0.381412148475647,7.824178673855686,0,True,False
7666,39627835563837246,1.367366779854688,3792.800000000044,3.720325231552124,17.9769879795938,0.383811354637146,7.799685853125749,0,True,False
7666,39627835563837246,1.367366779854688,3793.600000000044,-3.3368780612945557,-16.124132451784558,0.3197072744369507,8.545938464760376,0,True,False
7666,39627835563837246,1.367366779854688,3794.400000000044,-0.06119098886847496,-0.29568105014547313,0.41642606258392334,7.488021265234238,0,True,False
7666,39627835563837246,1.367366779854688,3795.2000000000444,1.7062296867370605,8.244674500164997,0.4236902594566345,7.423552435788621,0,True,False
7666,39627835563837246,1.367366779854688,3796.0000000000446,-0.33844485878944397,-1.6353998049989873,0.41095227003097534,7.537725686127437,0,True,False
7666,39627835563837246,1.367366779854688,3796.8000000000447,-0.19078132510185242,-0.9218746681069371,0.44650882482528687,7.231376890436396,0,True,False
7666,39627835563837246,1.367366779854688,3797.600000000045,0.858272135257721,4.147257806358853,0.41606372594833374,7.491281095176034,0,True,False
7666,39627835563837246,1.367366779854688,3798.400000000045,2.7427968978881836,13.253472154968563,0.4807528257369995,6.969074345926248,0,True,False
7666,39627835563837246,1.367366779854688,3799.2000000000453,0.6989282965660095,3.3772922537536183,0.516741156578064,6.722015258015116,0,True,False
