split,row,side,threshold,run,lost_observed_aa
validation,5440,blue,0.0,1,0.0
validation,5440,blue,0.05,1,0.0
validation,5440,blue,0.05,3,0.0
validation,5440,blue,0.05,5,0.0
validation,5440,blue,0.1,1,0.0
validation,5440,blue,0.1,3,0.0
validation,5440,blue,0.1,5,0.0
validation,5440,blue,0.2,1,20.695053383002254
validation,5440,blue,0.2,3,20.695053383002254
validation,5440,blue,0.2,5,20.695053383002254
validation,5440,red,0.0,1,0.0
validation,5440,red,0.05,1,0.0
validation,5440,red,0.05,3,0.0
validation,5440,red,0.05,5,0.0
validation,5440,red,0.1,1,0.0
validation,5440,red,0.1,3,0.0
validation,5440,red,0.1,5,0.0
validation,5440,red,0.2,1,0.0
validation,5440,red,0.2,3,31.042580074503384
validation,5440,red,0.2,5,31.042580074503384
validation,4489,blue,0.0,1,0.0
validation,4489,blue,0.05,1,0.0
validation,4489,blue,0.05,3,0.0
validation,4489,blue,0.05,5,0.0
validation,4489,blue,0.1,1,13.481021907455375
validation,4489,blue,0.1,3,13.481021907455375
validation,4489,blue,0.1,5,13.481021907455375
validation,4489,blue,0.2,1,40.44306572236613
validation,4489,blue,0.2,3,40.44306572236613
validation,4489,blue,0.2,5,40.44306572236613
validation,4489,red,0.0,1,0.0
validation,4489,red,0.05,1,0.0
validation,4489,red,0.05,3,0.0
validation,4489,red,0.05,5,0.0
validation,4489,red,0.1,1,0.0
validation,4489,red,0.1,3,0.0
validation,4489,red,0.1,5,0.0
validation,4489,red,0.2,1,0.0
validation,4489,red,0.2,3,0.0
validation,4489,red,0.2,5,0.0
validation,1810,blue,0.0,1,0.0
validation,1810,blue,0.05,1,0.0
validation,1810,blue,0.05,3,0.0
validation,1810,blue,0.05,5,0.0
validation,1810,blue,0.1,1,0.0
validation,1810,blue,0.1,3,0.0
validation,1810,blue,0.1,5,0.0
validation,1810,blue,0.2,1,11.259880583509641
validation,1810,blue,0.2,3,11.259880583509641
validation,1810,blue,0.2,5,11.259880583509641
validation,1810,red,0.0,1,0.0
validation,1810,red,0.05,1,0.0
validation,1810,red,0.05,3,0.0
validation,1810,red,0.05,5,0.0
validation,1810,red,0.1,1,0.0
validation,1810,red,0.1,3,0.0
validation,1810,red,0.1,5,0.0
validation,1810,red,0.2,1,0.0
validation,1810,red,0.2,3,33.779641750528924
validation,1810,red,0.2,5,33.779641750528924
validation,6818,blue,0.0,1,0.0
validation,6818,blue,0.05,1,0.0
validation,6818,blue,0.05,3,0.0
validation,6818,blue,0.05,5,0.0
validation,6818,blue,0.1,1,0.0
validation,6818,blue,0.1,3,0.0
validation,6818,blue,0.1,5,0.0
validation,6818,blue,0.2,1,30.94868987899514
validation,6818,blue,0.2,3,30.94868987899514
validation,6818,blue,0.2,5,30.94868987899514
validation,6818,red,0.0,1,0.0
validation,6818,red,0.05,1,0.0
validation,6818,red,0.05,3,0.0
validation,6818,red,0.05,5,0.0
validation,6818,red,0.1,1,0.0
validation,6818,red,0.1,3,0.0
validation,6818,red,0.1,5,0.0
validation,6818,red,0.2,1,0.0
validation,6818,red,0.2,3,0.0
validation,6818,red,0.2,5,0.0
validation,5595,blue,0.0,1,0.0
validation,5595,blue,0.05,1,0.0
validation,5595,blue,0.05,3,0.0
validation,5595,blue,0.05,5,0.0
validation,5595,blue,0.1,1,0.0
validation,5595,blue,0.1,3,0.0
validation,5595,blue,0.1,5,0.0
validation,5595,blue,0.2,1,0.0
validation,5595,blue,0.2,3,0.0
validation,5595,blue,0.2,5,0.0
validation,5595,red,0.0,1,0.0
validation,5595,red,0.05,1,0.0
validation,5595,red,0.05,3,0.0
validation,5595,red,0.05,5,0.0
validation,5595,red,0.1,1,0.0
validation,5595,red,0.1,3,0.0
validation,5595,red,0.1,5,0.0
validation,5595,red,0.2,1,0.0
validation,5595,red,0.2,3,0.0
validation,5595,red,0.2,5,0.0
validation,7973,blue,0.0,1,0.0
validation,7973,blue,0.05,1,0.0
validation,7973,blue,0.05,3,0.0
validation,7973,blue,0.05,5,0.0
validation,7973,blue,0.1,1,0.0
validation,7973,blue,0.1,3,0.0
validation,7973,blue,0.1,5,0.0
validation,7973,blue,0.2,1,13.602248846069443
validation,7973,blue,0.2,3,13.602248846069443
validation,7973,blue,0.2,5,13.602248846069443
validation,7973,red,0.0,1,0.0
validation,7973,red,0.05,1,0.0
validation,7973,red,0.05,3,0.0
validation,7973,red,0.05,5,0.0
validation,7973,red,0.1,1,0.0
validation,7973,red,0.1,3,0.0
validation,7973,red,0.1,5,0.0
validation,7973,red,0.2,1,0.0
validation,7973,red,0.2,3,0.0
validation,7973,red,0.2,5,0.0
validation,7214,blue,0.0,1,0.0
validation,7214,blue,0.05,1,0.0
validation,7214,blue,0.05,3,0.0
validation,7214,blue,0.05,5,0.0
validation,7214,blue,0.1,1,0.0
validation,7214,blue,0.1,3,0.0
validation,7214,blue,0.1,5,0.0
validation,7214,blue,0.2,1,28.847359415093262
validation,7214,blue,0.2,3,28.847359415093262
validation,7214,blue,0.2,5,28.847359415093262
validation,7214,red,0.0,1,0.0
validation,7214,red,0.05,1,0.0
validation,7214,red,0.05,3,0.0
validation,7214,red,0.05,5,0.0
validation,7214,red,0.1,1,0.0
validation,7214,red,0.1,3,0.0
validation,7214,red,0.1,5,0.0
validation,7214,red,0.2,1,0.0
validation,7214,red,0.2,3,0.0
validation,7214,red,0.2,5,0.0
validation,5310,blue,0.0,1,0.0
validation,5310,blue,0.05,1,15.75540306448395
validation,5310,blue,0.05,3,15.75540306448395
validation,5310,blue,0.05,5,15.75540306448395
validation,5310,blue,0.1,1,15.75540306448395
validation,5310,blue,0.1,3,15.75540306448395
validation,5310,blue,0.1,5,15.75540306448395
validation,5310,blue,0.2,1,63.0216122579358
validation,5310,blue,0.2,3,63.0216122579358
validation,5310,blue,0.2,5,63.0216122579358
validation,5310,red,0.0,1,0.0
validation,5310,red,0.05,1,0.0
validation,5310,red,0.05,3,0.0
validation,5310,red,0.05,5,0.0
validation,5310,red,0.1,1,0.0
validation,5310,red,0.1,3,0.0
validation,5310,red,0.1,5,0.0
validation,5310,red,0.2,1,15.75540306448395
validation,5310,red,0.2,3,15.75540306448395
validation,5310,red,0.2,5,15.75540306448395
validation,8479,blue,0.0,1,0.0
validation,8479,blue,0.05,1,14.260000399314986
validation,8479,blue,0.05,3,14.260000399314986
validation,8479,blue,0.05,5,14.260000399314986
validation,8479,blue,0.1,1,14.260000399314986
validation,8479,blue,0.1,3,14.260000399314986
validation,8479,blue,0.1,5,14.260000399314986
validation,8479,blue,0.2,1,42.78000119794496
validation,8479,blue,0.2,3,42.78000119794496
validation,8479,blue,0.2,5,42.78000119794496
validation,8479,red,0.0,1,0.0
validation,8479,red,0.05,1,0.0
validation,8479,red,0.05,3,0.0
validation,8479,red,0.05,5,0.0
validation,8479,red,0.1,1,0.0
validation,8479,red,0.1,3,0.0
validation,8479,red,0.1,5,0.0
validation,8479,red,0.2,1,0.0
validation,8479,red,0.2,3,0.0
validation,8479,red,0.2,5,0.0
validation,4114,blue,0.0,1,0.0
validation,4114,blue,0.05,1,11.248235137382341
validation,4114,blue,0.05,3,11.248235137382341
validation,4114,blue,0.05,5,11.248235137382341
validation,4114,blue,0.1,1,11.248235137382341
validation,4114,blue,0.1,3,11.248235137382341
validation,4114,blue,0.1,5,11.248235137382341
validation,4114,blue,0.2,1,56.2411756869117
validation,4114,blue,0.2,3,56.2411756869117
validation,4114,blue,0.2,5,56.2411756869117
validation,4114,red,0.0,1,0.0
validation,4114,red,0.05,1,0.0
validation,4114,red,0.05,3,0.0
validation,4114,red,0.05,5,0.0
validation,4114,red,0.1,1,0.0
validation,4114,red,0.1,3,0.0
validation,4114,red,0.1,5,0.0
validation,4114,red,0.2,1,0.0
validation,4114,red,0.2,3,33.74470541214702
validation,4114,red,0.2,5,33.74470541214702
validation,9015,blue,0.0,1,0.0
validation,9015,blue,0.05,1,0.0
validation,9015,blue,0.05,3,0.0
validation,9015,blue,0.05,5,0.0
validation,9015,blue,0.1,1,15.323237131356127
validation,9015,blue,0.1,3,15.323237131356127
validation,9015,blue,0.1,5,15.323237131356127
validation,9015,blue,0.2,1,30.646474262712253
validation,9015,blue,0.2,3,30.646474262712253
validation,9015,blue,0.2,5,30.646474262712253
validation,9015,red,0.0,1,0.0
validation,9015,red,0.05,1,0.0
validation,9015,red,0.05,3,0.0
validation,9015,red,0.05,5,0.0
validation,9015,red,0.1,1,0.0
validation,9015,red,0.1,3,0.0
validation,9015,red,0.1,5,0.0
validation,9015,red,0.2,1,0.0
validation,9015,red,0.2,3,0.0
validation,9015,red,0.2,5,0.0
validation,834,blue,0.0,1,0.0
validation,834,blue,0.05,1,0.0
validation,834,blue,0.05,3,0.0
validation,834,blue,0.05,5,0.0
validation,834,blue,0.1,1,0.0
validation,834,blue,0.1,3,0.0
validation,834,blue,0.1,5,0.0
validation,834,blue,0.2,1,11.656196740830735
validation,834,blue,0.2,3,11.656196740830735
validation,834,blue,0.2,5,11.656196740830735
validation,834,red,0.0,1,0.0
validation,834,red,0.05,1,0.0
validation,834,red,0.05,3,0.0
validation,834,red,0.05,5,0.0
validation,834,red,0.1,1,0.0
validation,834,red,0.1,3,0.0
validation,834,red,0.1,5,0.0
validation,834,red,0.2,1,0.0
validation,834,red,0.2,3,0.0
validation,834,red,0.2,5,0.0
validation,11756,blue,0.0,1,0.0
validation,11756,blue,0.05,1,0.0
validation,11756,blue,0.05,3,0.0
validation,11756,blue,0.05,5,0.0
validation,11756,blue,0.1,1,0.0
validation,11756,blue,0.1,3,0.0
validation,11756,blue,0.1,5,0.0
validation,11756,blue,0.2,1,0.0
validation,11756,blue,0.2,3,0.0
validation,11756,blue,0.2,5,0.0
validation,11756,red,0.0,1,0.0
validation,11756,red,0.05,1,0.0
validation,11756,red,0.05,3,0.0
validation,11756,red,0.05,5,0.0
validation,11756,red,0.1,1,0.0
validation,11756,red,0.1,3,0.0
validation,11756,red,0.1,5,0.0
validation,11756,red,0.2,1,0.0
validation,11756,red,0.2,3,0.0
validation,11756,red,0.2,5,0.0
validation,12260,blue,0.0,1,0.0
validation,12260,blue,0.05,1,0.0
validation,12260,blue,0.05,3,0.0
validation,12260,blue,0.05,5,0.0
validation,12260,blue,0.1,1,0.0
validation,12260,blue,0.1,3,0.0
validation,12260,blue,0.1,5,0.0
validation,12260,blue,0.2,1,11.443245150038795
validation,12260,blue,0.2,3,11.443245150038795
validation,12260,blue,0.2,5,11.443245150038795
validation,12260,red,0.0,1,0.0
validation,12260,red,0.05,1,0.0
validation,12260,red,0.05,3,0.0
validation,12260,red,0.05,5,0.0
validation,12260,red,0.1,1,0.0
validation,12260,red,0.1,3,0.0
validation,12260,red,0.1,5,0.0
validation,12260,red,0.2,1,0.0
validation,12260,red,0.2,3,0.0
validation,12260,red,0.2,5,0.0
validation,3543,blue,0.0,1,0.0
validation,3543,blue,0.05,1,0.0
validation,3543,blue,0.05,3,0.0
validation,3543,blue,0.05,5,0.0
validation,3543,blue,0.1,1,0.0
validation,3543,blue,0.1,3,0.0
validation,3543,blue,0.1,5,0.0
validation,3543,blue,0.2,1,14.461332727691495
validation,3543,blue,0.2,3,14.461332727691495
validation,3543,blue,0.2,5,14.461332727691495
validation,3543,red,0.0,1,0.0
validation,3543,red,0.05,1,0.0
validation,3543,red,0.05,3,0.0
validation,3543,red,0.05,5,0.0
validation,3543,red,0.1,1,0.0
validation,3543,red,0.1,3,0.0
validation,3543,red,0.1,5,0.0
validation,3543,red,0.2,1,0.0
validation,3543,red,0.2,3,0.0
validation,3543,red,0.2,5,0.0
validation,9862,blue,0.0,1,0.0
validation,9862,blue,0.05,1,13.993649826276627
validation,9862,blue,0.05,3,13.993649826276627
validation,9862,blue,0.05,5,13.993649826276627
validation,9862,blue,0.1,1,13.993649826276627
validation,9862,blue,0.1,3,13.993649826276627
validation,9862,blue,0.1,5,13.993649826276627
validation,9862,blue,0.2,1,27.987299652553254
validation,9862,blue,0.2,3,27.987299652553254
validation,9862,blue,0.2,5,27.987299652553254
validation,9862,red,0.0,1,0.0
validation,9862,red,0.05,1,0.0
validation,9862,red,0.05,3,0.0
validation,9862,red,0.05,5,0.0
validation,9862,red,0.1,1,0.0
validation,9862,red,0.1,3,0.0
validation,9862,red,0.1,5,0.0
validation,9862,red,0.2,1,0.0
validation,9862,red,0.2,3,0.0
validation,9862,red,0.2,5,0.0
validation,10271,blue,0.0,1,0.0
validation,10271,blue,0.05,1,0.0
validation,10271,blue,0.05,3,0.0
validation,10271,blue,0.05,5,0.0
validation,10271,blue,0.1,1,0.0
validation,10271,blue,0.1,3,0.0
validation,10271,blue,0.1,5,0.0
validation,10271,blue,0.2,1,0.0
validation,10271,blue,0.2,3,0.0
validation,10271,blue,0.2,5,0.0
validation,10271,red,0.0,1,0.0
validation,10271,red,0.05,1,0.0
validation,10271,red,0.05,3,0.0
validation,10271,red,0.05,5,0.0
validation,10271,red,0.1,1,0.0
validation,10271,red,0.1,3,0.0
validation,10271,red,0.1,5,0.0
validation,10271,red,0.2,1,12.602760688221812
validation,10271,red,0.2,3,12.602760688221812
validation,10271,red,0.2,5,12.602760688221812
validation,3831,blue,0.0,1,0.0
validation,3831,blue,0.05,1,0.0
validation,3831,blue,0.05,3,0.0
validation,3831,blue,0.05,5,0.0
validation,3831,blue,0.1,1,0.0
validation,3831,blue,0.1,3,0.0
validation,3831,blue,0.1,5,0.0
validation,3831,blue,0.2,1,12.898169514493336
validation,3831,blue,0.2,3,12.898169514493336
validation,3831,blue,0.2,5,12.898169514493336
validation,3831,red,0.0,1,0.0
validation,3831,red,0.05,1,0.0
validation,3831,red,0.05,3,0.0
validation,3831,red,0.05,5,0.0
validation,3831,red,0.1,1,0.0
validation,3831,red,0.1,3,0.0
validation,3831,red,0.1,5,0.0
validation,3831,red,0.2,1,0.0
validation,3831,red,0.2,3,0.0
validation,3831,red,0.2,5,0.0
validation,2512,blue,0.0,1,0.0
validation,2512,blue,0.05,1,14.314778311551894
validation,2512,blue,0.05,3,14.314778311551894
validation,2512,blue,0.05,5,14.314778311551894
validation,2512,blue,0.1,1,14.314778311551894
validation,2512,blue,0.1,3,14.314778311551894
validation,2512,blue,0.1,5,14.314778311551894
validation,2512,blue,0.2,1,14.314778311551894
validation,2512,blue,0.2,3,14.314778311551894
validation,2512,blue,0.2,5,14.314778311551894
validation,2512,red,0.0,1,0.0
validation,2512,red,0.05,1,0.0
validation,2512,red,0.05,3,0.0
validation,2512,red,0.05,5,0.0
validation,2512,red,0.1,1,0.0
validation,2512,red,0.1,3,0.0
validation,2512,red,0.1,5,0.0
validation,2512,red,0.2,1,0.0
validation,2512,red,0.2,3,0.0
validation,2512,red,0.2,5,0.0
validation,12979,blue,0.0,1,0.0
validation,12979,blue,0.05,1,12.066556440514322
validation,12979,blue,0.05,3,12.066556440514322
validation,12979,blue,0.05,5,12.066556440514322
validation,12979,blue,0.1,1,12.066556440514322
validation,12979,blue,0.1,3,12.066556440514322
validation,12979,blue,0.1,5,12.066556440514322
validation,12979,blue,0.2,1,36.19966932154297
validation,12979,blue,0.2,3,36.19966932154297
validation,12979,blue,0.2,5,36.19966932154297
validation,12979,red,0.0,1,0.0
validation,12979,red,0.05,1,0.0
validation,12979,red,0.05,3,0.0
validation,12979,red,0.05,5,0.0
validation,12979,red,0.1,1,0.0
validation,12979,red,0.1,3,0.0
validation,12979,red,0.1,5,0.0
validation,12979,red,0.2,1,0.0
validation,12979,red,0.2,3,0.0
validation,12979,red,0.2,5,0.0
validation,12589,blue,0.0,1,0.0
validation,12589,blue,0.05,1,10.797469846197966
validation,12589,blue,0.05,3,10.797469846197966
validation,12589,blue,0.05,5,10.797469846197966
validation,12589,blue,0.1,1,10.797469846197966
validation,12589,blue,0.1,3,10.797469846197966
validation,12589,blue,0.1,5,10.797469846197966
validation,12589,blue,0.2,1,10.797469846197966
validation,12589,blue,0.2,3,10.797469846197966
validation,12589,blue,0.2,5,10.797469846197966
validation,12589,red,0.0,1,0.0
validation,12589,red,0.05,1,0.0
validation,12589,red,0.05,3,0.0
validation,12589,red,0.05,5,0.0
validation,12589,red,0.1,1,0.0
validation,12589,red,0.1,3,0.0
validation,12589,red,0.1,5,0.0
validation,12589,red,0.2,1,0.0
validation,12589,red,0.2,3,0.0
validation,12589,red,0.2,5,0.0
validation,8125,blue,0.0,1,0.0
validation,8125,blue,0.05,1,0.0
validation,8125,blue,0.05,3,0.0
validation,8125,blue,0.05,5,0.0
validation,8125,blue,0.1,1,0.0
validation,8125,blue,0.1,3,0.0
validation,8125,blue,0.1,5,0.0
validation,8125,blue,0.2,1,11.665334391747827
validation,8125,blue,0.2,3,11.665334391747827
validation,8125,blue,0.2,5,11.665334391747827
validation,8125,red,0.0,1,0.0
validation,8125,red,0.05,1,0.0
validation,8125,red,0.05,3,0.0
validation,8125,red,0.05,5,0.0
validation,8125,red,0.1,1,0.0
validation,8125,red,0.1,3,0.0
validation,8125,red,0.1,5,0.0
validation,8125,red,0.2,1,0.0
validation,8125,red,0.2,3,0.0
validation,8125,red,0.2,5,0.0
validation,1958,blue,0.0,1,0.0
validation,1958,blue,0.05,1,0.0
validation,1958,blue,0.05,3,0.0
validation,1958,blue,0.05,5,0.0
validation,1958,blue,0.1,1,11.312295950781309
validation,1958,blue,0.1,3,11.312295950781309
validation,1958,blue,0.1,5,11.312295950781309
validation,1958,blue,0.2,1,11.312295950781309
validation,1958,blue,0.2,3,11.312295950781309
validation,1958,blue,0.2,5,11.312295950781309
validation,1958,red,0.0,1,0.0
validation,1958,red,0.05,1,0.0
validation,1958,red,0.05,3,0.0
validation,1958,red,0.05,5,0.0
validation,1958,red,0.1,1,0.0
validation,1958,red,0.1,3,0.0
validation,1958,red,0.1,5,0.0
validation,1958,red,0.2,1,0.0
validation,1958,red,0.2,3,0.0
validation,1958,red,0.2,5,0.0
validation,8555,blue,0.0,1,0.0
validation,8555,blue,0.05,1,11.839604459774346
validation,8555,blue,0.05,3,11.839604459774346
validation,8555,blue,0.05,5,11.839604459774346
validation,8555,blue,0.1,1,11.839604459774346
validation,8555,blue,0.1,3,11.839604459774346
validation,8555,blue,0.1,5,11.839604459774346
validation,8555,blue,0.2,1,47.358417839097385
validation,8555,blue,0.2,3,47.358417839097385
validation,8555,blue,0.2,5,47.358417839097385
validation,8555,red,0.0,1,0.0
validation,8555,red,0.05,1,0.0
validation,8555,red,0.05,3,0.0
validation,8555,red,0.05,5,0.0
validation,8555,red,0.1,1,0.0
validation,8555,red,0.1,3,0.0
validation,8555,red,0.1,5,0.0
validation,8555,red,0.2,1,0.0
validation,8555,red,0.2,3,0.0
validation,8555,red,0.2,5,0.0
validation,8189,blue,0.0,1,0.0
validation,8189,blue,0.05,1,0.0
validation,8189,blue,0.05,3,0.0
validation,8189,blue,0.05,5,0.0
validation,8189,blue,0.1,1,0.0
validation,8189,blue,0.1,3,0.0
validation,8189,blue,0.1,5,0.0
validation,8189,blue,0.2,1,12.176560606231613
validation,8189,blue,0.2,3,12.176560606231613
validation,8189,blue,0.2,5,12.176560606231613
validation,8189,red,0.0,1,0.0
validation,8189,red,0.05,1,0.0
validation,8189,red,0.05,3,0.0
validation,8189,red,0.05,5,0.0
validation,8189,red,0.1,1,0.0
validation,8189,red,0.1,3,0.0
validation,8189,red,0.1,5,0.0
validation,8189,red,0.2,1,0.0
validation,8189,red,0.2,3,0.0
validation,8189,red,0.2,5,0.0
validation,11186,blue,0.0,1,0.0
validation,11186,blue,0.05,1,0.0
validation,11186,blue,0.05,3,0.0
validation,11186,blue,0.05,5,0.0
validation,11186,blue,0.1,1,10.935251580820694
validation,11186,blue,0.1,3,10.935251580820694
validation,11186,blue,0.1,5,10.935251580820694
validation,11186,blue,0.2,1,10.935251580820694
validation,11186,blue,0.2,3,10.935251580820694
validation,11186,blue,0.2,5,10.935251580820694
validation,11186,red,0.0,1,0.0
validation,11186,red,0.05,1,0.0
validation,11186,red,0.05,3,0.0
validation,11186,red,0.05,5,0.0
validation,11186,red,0.1,1,0.0
validation,11186,red,0.1,3,0.0
validation,11186,red,0.1,5,0.0
validation,11186,red,0.2,1,0.0
validation,11186,red,0.2,3,32.80575474246208
validation,11186,red,0.2,5,32.80575474246208
validation,7495,blue,0.0,1,0.0
validation,7495,blue,0.05,1,11.02633477618694
validation,7495,blue,0.05,3,11.02633477618694
validation,7495,blue,0.05,5,11.02633477618694
validation,7495,blue,0.1,1,11.02633477618694
validation,7495,blue,0.1,3,11.02633477618694
validation,7495,blue,0.1,5,11.02633477618694
validation,7495,blue,0.2,1,11.02633477618694
validation,7495,blue,0.2,3,11.02633477618694
validation,7495,blue,0.2,5,11.02633477618694
validation,7495,red,0.0,1,0.0
validation,7495,red,0.05,1,0.0
validation,7495,red,0.05,3,0.0
validation,7495,red,0.05,5,0.0
validation,7495,red,0.1,1,0.0
validation,7495,red,0.1,3,0.0
validation,7495,red,0.1,5,0.0
validation,7495,red,0.2,1,0.0
validation,7495,red,0.2,3,0.0
validation,7495,red,0.2,5,0.0
validation,8162,blue,0.0,1,0.0
validation,8162,blue,0.05,1,0.0
validation,8162,blue,0.05,3,0.0
validation,8162,blue,0.05,5,0.0
validation,8162,blue,0.1,1,0.0
validation,8162,blue,0.1,3,0.0
validation,8162,blue,0.1,5,0.0
validation,8162,blue,0.2,1,15.809912852191738
validation,8162,blue,0.2,3,15.809912852191738
validation,8162,blue,0.2,5,15.809912852191738
validation,8162,red,0.0,1,0.0
validation,8162,red,0.05,1,0.0
validation,8162,red,0.05,3,0.0
validation,8162,red,0.05,5,0.0
validation,8162,red,0.1,1,0.0
validation,8162,red,0.1,3,0.0
validation,8162,red,0.1,5,0.0
validation,8162,red,0.2,1,0.0
validation,8162,red,0.2,3,0.0
validation,8162,red,0.2,5,0.0
validation,3783,blue,0.0,1,0.0
validation,3783,blue,0.05,1,0.0
validation,3783,blue,0.05,3,0.0
validation,3783,blue,0.05,5,0.0
validation,3783,blue,0.1,1,0.0
validation,3783,blue,0.1,3,0.0
validation,3783,blue,0.1,5,0.0
validation,3783,blue,0.2,1,0.0
validation,3783,blue,0.2,3,0.0
validation,3783,blue,0.2,5,0.0
validation,3783,red,0.0,1,0.0
validation,3783,red,0.05,1,0.0
validation,3783,red,0.05,3,0.0
validation,3783,red,0.05,5,0.0
validation,3783,red,0.1,1,0.0
validation,3783,red,0.1,3,0.0
validation,3783,red,0.1,5,0.0
validation,3783,red,0.2,1,0.0
validation,3783,red,0.2,3,0.0
validation,3783,red,0.2,5,0.0
validation,4493,blue,0.0,1,0.0
validation,4493,blue,0.05,1,14.492516006987142
validation,4493,blue,0.05,3,14.492516006987142
validation,4493,blue,0.05,5,14.492516006987142
validation,4493,blue,0.1,1,14.492516006987142
validation,4493,blue,0.1,3,14.492516006987142
validation,4493,blue,0.1,5,14.492516006987142
validation,4493,blue,0.2,1,43.47754802096142
validation,4493,blue,0.2,3,43.47754802096142
validation,4493,blue,0.2,5,43.47754802096142
validation,4493,red,0.0,1,0.0
validation,4493,red,0.05,1,0.0
validation,4493,red,0.05,3,0.0
validation,4493,red,0.05,5,0.0
validation,4493,red,0.1,1,0.0
validation,4493,red,0.1,3,0.0
validation,4493,red,0.1,5,0.0
validation,4493,red,0.2,1,0.0
validation,4493,red,0.2,3,0.0
validation,4493,red,0.2,5,0.0
validation,8817,blue,0.0,1,0.0
validation,8817,blue,0.05,1,0.0
validation,8817,blue,0.05,3,0.0
validation,8817,blue,0.05,5,0.0
validation,8817,blue,0.1,1,14.26904310998324
validation,8817,blue,0.1,3,14.26904310998324
validation,8817,blue,0.1,5,14.26904310998324
validation,8817,blue,0.2,1,14.26904310998324
validation,8817,blue,0.2,3,14.26904310998324
validation,8817,blue,0.2,5,14.26904310998324
validation,8817,red,0.0,1,0.0
validation,8817,red,0.05,1,0.0
validation,8817,red,0.05,3,0.0
validation,8817,red,0.05,5,0.0
validation,8817,red,0.1,1,0.0
validation,8817,red,0.1,3,0.0
validation,8817,red,0.1,5,0.0
validation,8817,red,0.2,1,0.0
validation,8817,red,0.2,3,0.0
validation,8817,red,0.2,5,0.0
validation,3270,blue,0.0,1,0.0
validation,3270,blue,0.05,1,12.39858828888907
validation,3270,blue,0.05,3,12.39858828888907
validation,3270,blue,0.05,5,12.39858828888907
validation,3270,blue,0.1,1,12.39858828888907
validation,3270,blue,0.1,3,12.39858828888907
validation,3270,blue,0.1,5,12.39858828888907
validation,3270,blue,0.2,1,37.19576486666721
validation,3270,blue,0.2,3,37.19576486666721
validation,3270,blue,0.2,5,37.19576486666721
validation,3270,red,0.0,1,0.0
validation,3270,red,0.05,1,0.0
validation,3270,red,0.05,3,0.0
validation,3270,red,0.05,5,0.0
validation,3270,red,0.1,1,0.0
validation,3270,red,0.1,3,0.0
validation,3270,red,0.1,5,0.0
validation,3270,red,0.2,1,0.0
validation,3270,red,0.2,3,0.0
validation,3270,red,0.2,5,0.0
validation,11700,blue,0.0,1,0.0
validation,11700,blue,0.05,1,0.0
validation,11700,blue,0.05,3,0.0
validation,11700,blue,0.05,5,0.0
validation,11700,blue,0.1,1,0.0
validation,11700,blue,0.1,3,0.0
validation,11700,blue,0.1,5,0.0
validation,11700,blue,0.2,1,14.643878606947665
validation,11700,blue,0.2,3,14.643878606947665
validation,11700,blue,0.2,5,14.643878606947665
validation,11700,red,0.0,1,0.0
validation,11700,red,0.05,1,0.0
validation,11700,red,0.05,3,0.0
validation,11700,red,0.05,5,0.0
validation,11700,red,0.1,1,0.0
validation,11700,red,0.1,3,0.0
validation,11700,red,0.1,5,0.0
validation,11700,red,0.2,1,0.0
validation,11700,red,0.2,3,0.0
validation,11700,red,0.2,5,0.0
validation,5695,blue,0.0,1,0.0
validation,5695,blue,0.05,1,0.0
validation,5695,blue,0.05,3,0.0
validation,5695,blue,0.05,5,0.0
validation,5695,blue,0.1,1,0.0
validation,5695,blue,0.1,3,0.0
validation,5695,blue,0.1,5,0.0
validation,5695,blue,0.2,1,15.9421265015783
validation,5695,blue,0.2,3,15.9421265015783
validation,5695,blue,0.2,5,15.9421265015783
validation,5695,red,0.0,1,0.0
validation,5695,red,0.05,1,0.0
validation,5695,red,0.05,3,0.0
validation,5695,red,0.05,5,0.0
validation,5695,red,0.1,1,0.0
validation,5695,red,0.1,3,0.0
validation,5695,red,0.1,5,0.0
validation,5695,red,0.2,1,0.0
validation,5695,red,0.2,3,0.0
validation,5695,red,0.2,5,0.0
validation,1760,blue,0.0,1,0.0
validation,1760,blue,0.05,1,13.025491421407088
validation,1760,blue,0.05,3,13.025491421407088
validation,1760,blue,0.05,5,13.025491421407088
validation,1760,blue,0.1,1,13.025491421407088
validation,1760,blue,0.1,3,13.025491421407088
validation,1760,blue,0.1,5,13.025491421407088
validation,1760,blue,0.2,1,13.025491421407088
validation,1760,blue,0.2,3,13.025491421407088
validation,1760,blue,0.2,5,13.025491421407088
validation,1760,red,0.0,1,0.0
validation,1760,red,0.05,1,0.0
validation,1760,red,0.05,3,0.0
validation,1760,red,0.05,5,0.0
validation,1760,red,0.1,1,0.0
validation,1760,red,0.1,3,0.0
validation,1760,red,0.1,5,0.0
validation,1760,red,0.2,1,0.0
validation,1760,red,0.2,3,0.0
validation,1760,red,0.2,5,0.0
validation,6287,blue,0.0,1,0.0
validation,6287,blue,0.05,1,0.0
validation,6287,blue,0.05,3,0.0
validation,6287,blue,0.05,5,0.0
validation,6287,blue,0.1,1,0.0
validation,6287,blue,0.1,3,0.0
validation,6287,blue,0.1,5,0.0
validation,6287,blue,0.2,1,0.0
validation,6287,blue,0.2,3,0.0
validation,6287,blue,0.2,5,0.0
validation,6287,red,0.0,1,0.0
validation,6287,red,0.05,1,0.0
validation,6287,red,0.05,3,0.0
validation,6287,red,0.05,5,0.0
validation,6287,red,0.1,1,0.0
validation,6287,red,0.1,3,0.0
validation,6287,red,0.1,5,0.0
validation,6287,red,0.2,1,0.0
validation,6287,red,0.2,3,0.0
validation,6287,red,0.2,5,0.0
validation,9369,blue,0.0,1,0.0
validation,9369,blue,0.05,1,0.0
validation,9369,blue,0.05,3,0.0
validation,9369,blue,0.05,5,0.0
validation,9369,blue,0.1,1,14.817826562061098
validation,9369,blue,0.1,3,14.817826562061098
validation,9369,blue,0.1,5,14.817826562061098
validation,9369,blue,0.2,1,14.817826562061098
validation,9369,blue,0.2,3,14.817826562061098
validation,9369,blue,0.2,5,14.817826562061098
validation,9369,red,0.0,1,0.0
validation,9369,red,0.05,1,0.0
validation,9369,red,0.05,3,0.0
validation,9369,red,0.05,5,0.0
validation,9369,red,0.1,1,0.0
validation,9369,red,0.1,3,0.0
validation,9369,red,0.1,5,0.0
validation,9369,red,0.2,1,0.0
validation,9369,red,0.2,3,0.0
validation,9369,red,0.2,5,0.0
validation,2991,blue,0.0,1,0.0
validation,2991,blue,0.05,1,0.0
validation,2991,blue,0.05,3,0.0
validation,2991,blue,0.05,5,0.0
validation,2991,blue,0.1,1,0.0
validation,2991,blue,0.1,3,0.0
validation,2991,blue,0.1,5,0.0
validation,2991,blue,0.2,1,12.374334220591454
validation,2991,blue,0.2,3,12.374334220591454
validation,2991,blue,0.2,5,12.374334220591454
validation,2991,red,0.0,1,0.0
validation,2991,red,0.05,1,0.0
validation,2991,red,0.05,3,0.0
validation,2991,red,0.05,5,0.0
validation,2991,red,0.1,1,0.0
validation,2991,red,0.1,3,0.0
validation,2991,red,0.1,5,0.0
validation,2991,red,0.2,1,0.0
validation,2991,red,0.2,3,0.0
validation,2991,red,0.2,5,0.0
validation,5724,blue,0.0,1,0.0
validation,5724,blue,0.05,1,0.0
validation,5724,blue,0.05,3,0.0
validation,5724,blue,0.05,5,0.0
validation,5724,blue,0.1,1,0.0
validation,5724,blue,0.1,3,0.0
validation,5724,blue,0.1,5,0.0
validation,5724,blue,0.2,1,0.0
validation,5724,blue,0.2,3,0.0
validation,5724,blue,0.2,5,0.0
validation,5724,red,0.0,1,0.0
validation,5724,red,0.05,1,0.0
validation,5724,red,0.05,3,0.0
validation,5724,red,0.05,5,0.0
validation,5724,red,0.1,1,0.0
validation,5724,red,0.1,3,0.0
validation,5724,red,0.1,5,0.0
validation,5724,red,0.2,1,0.0
validation,5724,red,0.2,3,0.0
validation,5724,red,0.2,5,0.0
validation,2693,blue,0.0,1,0.0
validation,2693,blue,0.05,1,0.0
validation,2693,blue,0.05,3,0.0
validation,2693,blue,0.05,5,0.0
validation,2693,blue,0.1,1,13.229553691369363
validation,2693,blue,0.1,3,13.229553691369363
validation,2693,blue,0.1,5,13.229553691369363
validation,2693,blue,0.2,1,39.68866107410809
validation,2693,blue,0.2,3,39.68866107410809
validation,2693,blue,0.2,5,39.68866107410809
validation,2693,red,0.0,1,0.0
validation,2693,red,0.05,1,0.0
validation,2693,red,0.05,3,0.0
validation,2693,red,0.05,5,0.0
validation,2693,red,0.1,1,0.0
validation,2693,red,0.1,3,0.0
validation,2693,red,0.1,5,0.0
validation,2693,red,0.2,1,13.229553691369363
validation,2693,red,0.2,3,13.229553691369363
validation,2693,red,0.2,5,13.229553691369363
validation,5545,blue,0.0,1,0.0
validation,5545,blue,0.05,1,0.0
validation,5545,blue,0.05,3,0.0
validation,5545,blue,0.05,5,0.0
validation,5545,blue,0.1,1,0.0
validation,5545,blue,0.1,3,0.0
validation,5545,blue,0.1,5,0.0
validation,5545,blue,0.2,1,11.76650160254082
validation,5545,blue,0.2,3,11.76650160254082
validation,5545,blue,0.2,5,11.76650160254082
validation,5545,red,0.0,1,0.0
validation,5545,red,0.05,1,0.0
validation,5545,red,0.05,3,0.0
validation,5545,red,0.05,5,0.0
validation,5545,red,0.1,1,0.0
validation,5545,red,0.1,3,0.0
validation,5545,red,0.1,5,0.0
validation,5545,red,0.2,1,0.0
validation,5545,red,0.2,3,0.0
validation,5545,red,0.2,5,0.0
validation,12618,blue,0.0,1,0.0
validation,12618,blue,0.05,1,0.0
validation,12618,blue,0.05,3,0.0
validation,12618,blue,0.05,5,0.0
validation,12618,blue,0.1,1,0.0
validation,12618,blue,0.1,3,0.0
validation,12618,blue,0.1,5,0.0
validation,12618,blue,0.2,1,11.780509031592397
validation,12618,blue,0.2,3,11.780509031592397
validation,12618,blue,0.2,5,11.780509031592397
validation,12618,red,0.0,1,0.0
validation,12618,red,0.05,1,0.0
validation,12618,red,0.05,3,0.0
validation,12618,red,0.05,5,0.0
validation,12618,red,0.1,1,0.0
validation,12618,red,0.1,3,0.0
validation,12618,red,0.1,5,0.0
validation,12618,red,0.2,1,0.0
validation,12618,red,0.2,3,0.0
validation,12618,red,0.2,5,0.0
validation,8826,blue,0.0,1,0.0
validation,8826,blue,0.05,1,0.0
validation,8826,blue,0.05,3,0.0
validation,8826,blue,0.05,5,0.0
validation,8826,blue,0.1,1,0.0
validation,8826,blue,0.1,3,0.0
validation,8826,blue,0.1,5,0.0
validation,8826,blue,0.2,1,11.245393650260628
validation,8826,blue,0.2,3,11.245393650260628
validation,8826,blue,0.2,5,11.245393650260628
validation,8826,red,0.0,1,0.0
validation,8826,red,0.05,1,0.0
validation,8826,red,0.05,3,0.0
validation,8826,red,0.05,5,0.0
validation,8826,red,0.1,1,0.0
validation,8826,red,0.1,3,0.0
validation,8826,red,0.1,5,0.0
validation,8826,red,0.2,1,11.245393650260628
validation,8826,red,0.2,3,11.245393650260628
validation,8826,red,0.2,5,11.245393650260628
validation,10559,blue,0.0,1,0.0
validation,10559,blue,0.05,1,0.0
validation,10559,blue,0.05,3,0.0
validation,10559,blue,0.05,5,0.0
validation,10559,blue,0.1,1,15.733682549375922
validation,10559,blue,0.1,3,15.733682549375922
validation,10559,blue,0.1,5,15.733682549375922
validation,10559,blue,0.2,1,47.20104764812777
validation,10559,blue,0.2,3,47.20104764812777
validation,10559,blue,0.2,5,47.20104764812777
validation,10559,red,0.0,1,0.0
validation,10559,red,0.05,1,0.0
validation,10559,red,0.05,3,0.0
validation,10559,red,0.05,5,0.0
validation,10559,red,0.1,1,0.0
validation,10559,red,0.1,3,0.0
validation,10559,red,0.1,5,0.0
validation,10559,red,0.2,1,0.0
validation,10559,red,0.2,3,0.0
validation,10559,red,0.2,5,0.0
validation,10734,blue,0.0,1,0.0
validation,10734,blue,0.05,1,0.0
validation,10734,blue,0.05,3,0.0
validation,10734,blue,0.05,5,0.0
validation,10734,blue,0.1,1,14.160392783697713
validation,10734,blue,0.1,3,14.160392783697713
validation,10734,blue,0.1,5,14.160392783697713
validation,10734,blue,0.2,1,28.320785567395426
validation,10734,blue,0.2,3,28.320785567395426
validation,10734,blue,0.2,5,28.320785567395426
validation,10734,red,0.0,1,0.0
validation,10734,red,0.05,1,0.0
validation,10734,red,0.05,3,0.0
validation,10734,red,0.05,5,0.0
validation,10734,red,0.1,1,0.0
validation,10734,red,0.1,3,0.0
validation,10734,red,0.1,5,0.0
validation,10734,red,0.2,1,0.0
validation,10734,red,0.2,3,0.0
validation,10734,red,0.2,5,0.0
validation,13020,blue,0.0,1,0.0
validation,13020,blue,0.05,1,14.554214667178048
validation,13020,blue,0.05,3,14.554214667178048
validation,13020,blue,0.05,5,14.554214667178048
validation,13020,blue,0.1,1,14.554214667178048
validation,13020,blue,0.1,3,14.554214667178048
validation,13020,blue,0.1,5,14.554214667178048
validation,13020,blue,0.2,1,58.21685866871219
validation,13020,blue,0.2,3,58.21685866871219
validation,13020,blue,0.2,5,58.21685866871219
validation,13020,red,0.0,1,0.0
validation,13020,red,0.05,1,0.0
validation,13020,red,0.05,3,0.0
validation,13020,red,0.05,5,0.0
validation,13020,red,0.1,1,0.0
validation,13020,red,0.1,3,0.0
validation,13020,red,0.1,5,0.0
validation,13020,red,0.2,1,0.0
validation,13020,red,0.2,3,0.0
validation,13020,red,0.2,5,0.0
validation,12027,blue,0.0,1,0.0
validation,12027,blue,0.05,1,0.0
validation,12027,blue,0.05,3,0.0
validation,12027,blue,0.05,5,0.0
validation,12027,blue,0.1,1,0.0
validation,12027,blue,0.1,3,0.0
validation,12027,blue,0.1,5,0.0
validation,12027,blue,0.2,1,0.0
validation,12027,blue,0.2,3,0.0
validation,12027,blue,0.2,5,0.0
validation,12027,red,0.0,1,0.0
validation,12027,red,0.05,1,0.0
validation,12027,red,0.05,3,0.0
validation,12027,red,0.05,5,0.0
validation,12027,red,0.1,1,0.0
validation,12027,red,0.1,3,0.0
validation,12027,red,0.1,5,0.0
validation,12027,red,0.2,1,0.0
validation,12027,red,0.2,3,0.0
validation,12027,red,0.2,5,0.0
validation,4885,blue,0.0,1,0.0
validation,4885,blue,0.05,1,0.0
validation,4885,blue,0.05,3,0.0
validation,4885,blue,0.05,5,0.0
validation,4885,blue,0.1,1,11.243689233817452
validation,4885,blue,0.1,3,11.243689233817452
validation,4885,blue,0.1,5,11.243689233817452
validation,4885,blue,0.2,1,11.243689233817452
validation,4885,blue,0.2,3,11.243689233817452
validation,4885,blue,0.2,5,11.243689233817452
validation,4885,red,0.0,1,0.0
validation,4885,red,0.05,1,0.0
validation,4885,red,0.05,3,0.0
validation,4885,red,0.05,5,0.0
validation,4885,red,0.1,1,0.0
validation,4885,red,0.1,3,0.0
validation,4885,red,0.1,5,0.0
validation,4885,red,0.2,1,0.0
validation,4885,red,0.2,3,0.0
validation,4885,red,0.2,5,0.0
validation,71,blue,0.0,1,0.0
validation,71,blue,0.05,1,0.0
validation,71,blue,0.05,3,0.0
validation,71,blue,0.05,5,0.0
validation,71,blue,0.1,1,0.0
validation,71,blue,0.1,3,0.0
validation,71,blue,0.1,5,0.0
validation,71,blue,0.2,1,0.0
validation,71,blue,0.2,3,0.0
validation,71,blue,0.2,5,0.0
validation,71,red,0.0,1,0.0
validation,71,red,0.05,1,0.0
validation,71,red,0.05,3,0.0
validation,71,red,0.05,5,0.0
validation,71,red,0.1,1,0.0
validation,71,red,0.1,3,0.0
validation,71,red,0.1,5,0.0
validation,71,red,0.2,1,0.0
validation,71,red,0.2,3,0.0
validation,71,red,0.2,5,0.0
validation,8082,blue,0.0,1,0.0
validation,8082,blue,0.05,1,0.0
validation,8082,blue,0.05,3,0.0
validation,8082,blue,0.05,5,0.0
validation,8082,blue,0.1,1,0.0
validation,8082,blue,0.1,3,0.0
validation,8082,blue,0.1,5,0.0
validation,8082,blue,0.2,1,0.0
validation,8082,blue,0.2,3,0.0
validation,8082,blue,0.2,5,0.0
validation,8082,red,0.0,1,0.0
validation,8082,red,0.05,1,0.0
validation,8082,red,0.05,3,0.0
validation,8082,red,0.05,5,0.0
validation,8082,red,0.1,1,0.0
validation,8082,red,0.1,3,0.0
validation,8082,red,0.1,5,0.0
validation,8082,red,0.2,1,0.0
validation,8082,red,0.2,3,0.0
validation,8082,red,0.2,5,0.0
validation,1311,blue,0.0,1,0.0
validation,1311,blue,0.05,1,13.517625149180732
validation,1311,blue,0.05,3,13.517625149180732
validation,1311,blue,0.05,5,13.517625149180732
validation,1311,blue,0.1,1,13.517625149180732
validation,1311,blue,0.1,3,13.517625149180732
validation,1311,blue,0.1,5,13.517625149180732
validation,1311,blue,0.2,1,27.035250298361465
validation,1311,blue,0.2,3,27.035250298361465
validation,1311,blue,0.2,5,27.035250298361465
validation,1311,red,0.0,1,0.0
validation,1311,red,0.05,1,0.0
validation,1311,red,0.05,3,0.0
validation,1311,red,0.05,5,0.0
validation,1311,red,0.1,1,0.0
validation,1311,red,0.1,3,0.0
validation,1311,red,0.1,5,0.0
validation,1311,red,0.2,1,0.0
validation,1311,red,0.2,3,0.0
validation,1311,red,0.2,5,0.0
validation,10228,blue,0.0,1,0.0
validation,10228,blue,0.05,1,0.0
validation,10228,blue,0.05,3,0.0
validation,10228,blue,0.05,5,0.0
validation,10228,blue,0.1,1,12.201161872681155
validation,10228,blue,0.1,3,12.201161872681155
validation,10228,blue,0.1,5,12.201161872681155
validation,10228,blue,0.2,1,12.201161872681155
validation,10228,blue,0.2,3,12.201161872681155
validation,10228,blue,0.2,5,12.201161872681155
validation,10228,red,0.0,1,0.0
validation,10228,red,0.05,1,0.0
validation,10228,red,0.05,3,0.0
validation,10228,red,0.05,5,0.0
validation,10228,red,0.1,1,0.0
validation,10228,red,0.1,3,0.0
validation,10228,red,0.1,5,0.0
validation,10228,red,0.2,1,0.0
validation,10228,red,0.2,3,36.603485618043464
validation,10228,red,0.2,5,36.603485618043464
validation,8581,blue,0.0,1,0.0
validation,8581,blue,0.05,1,13.628497578247194
validation,8581,blue,0.05,3,13.628497578247194
validation,8581,blue,0.05,5,13.628497578247194
validation,8581,blue,0.1,1,13.628497578247194
validation,8581,blue,0.1,3,13.628497578247194
validation,8581,blue,0.1,5,13.628497578247194
validation,8581,blue,0.2,1,40.88549273474158
validation,8581,blue,0.2,3,40.88549273474158
validation,8581,blue,0.2,5,40.88549273474158
validation,8581,red,0.0,1,0.0
validation,8581,red,0.05,1,0.0
validation,8581,red,0.05,3,0.0
validation,8581,red,0.05,5,0.0
validation,8581,red,0.1,1,0.0
validation,8581,red,0.1,3,0.0
validation,8581,red,0.1,5,0.0
validation,8581,red,0.2,1,0.0
validation,8581,red,0.2,3,0.0
validation,8581,red,0.2,5,0.0
validation,10603,blue,0.0,1,0.0
validation,10603,blue,0.05,1,0.0
validation,10603,blue,0.05,3,0.0
validation,10603,blue,0.05,5,0.0
validation,10603,blue,0.1,1,13.443221731068217
validation,10603,blue,0.1,3,13.443221731068217
validation,10603,blue,0.1,5,13.443221731068217
validation,10603,blue,0.2,1,40.329665193204654
validation,10603,blue,0.2,3,40.329665193204654
validation,10603,blue,0.2,5,40.329665193204654
validation,10603,red,0.0,1,0.0
validation,10603,red,0.05,1,0.0
validation,10603,red,0.05,3,0.0
validation,10603,red,0.05,5,0.0
validation,10603,red,0.1,1,0.0
validation,10603,red,0.1,3,0.0
validation,10603,red,0.1,5,0.0
validation,10603,red,0.2,1,0.0
validation,10603,red,0.2,3,0.0
validation,10603,red,0.2,5,0.0
validation,1721,blue,0.0,1,0.0
validation,1721,blue,0.05,1,14.67111901861629
validation,1721,blue,0.05,3,14.67111901861629
validation,1721,blue,0.05,5,14.67111901861629
validation,1721,blue,0.1,1,14.67111901861629
validation,1721,blue,0.1,3,14.67111901861629
validation,1721,blue,0.1,5,14.67111901861629
validation,1721,blue,0.2,1,14.67111901861629
validation,1721,blue,0.2,3,14.67111901861629
validation,1721,blue,0.2,5,14.67111901861629
validation,1721,red,0.0,1,0.0
validation,1721,red,0.05,1,0.0
validation,1721,red,0.05,3,0.0
validation,1721,red,0.05,5,0.0
validation,1721,red,0.1,1,0.0
validation,1721,red,0.1,3,0.0
validation,1721,red,0.1,5,0.0
validation,1721,red,0.2,1,0.0
validation,1721,red,0.2,3,0.0
validation,1721,red,0.2,5,0.0
validation,8736,blue,0.0,1,0.0
validation,8736,blue,0.05,1,15.169002657255684
validation,8736,blue,0.05,3,15.169002657255684
validation,8736,blue,0.05,5,15.169002657255684
validation,8736,blue,0.1,1,15.169002657255684
validation,8736,blue,0.1,3,15.169002657255684
validation,8736,blue,0.1,5,15.169002657255684
validation,8736,blue,0.2,1,15.169002657255684
validation,8736,blue,0.2,3,15.169002657255684
validation,8736,blue,0.2,5,15.169002657255684
validation,8736,red,0.0,1,0.0
validation,8736,red,0.05,1,0.0
validation,8736,red,0.05,3,0.0
validation,8736,red,0.05,5,0.0
validation,8736,red,0.1,1,0.0
validation,8736,red,0.1,3,0.0
validation,8736,red,0.1,5,0.0
validation,8736,red,0.2,1,15.169002657255684
validation,8736,red,0.2,3,15.169002657255684
validation,8736,red,0.2,5,15.169002657255684
validation,1702,blue,0.0,1,0.0
validation,1702,blue,0.05,1,0.0
validation,1702,blue,0.05,3,0.0
validation,1702,blue,0.05,5,0.0
validation,1702,blue,0.1,1,0.0
validation,1702,blue,0.1,3,0.0
validation,1702,blue,0.1,5,0.0
validation,1702,blue,0.2,1,13.250052418367757
validation,1702,blue,0.2,3,13.250052418367757
validation,1702,blue,0.2,5,13.250052418367757
validation,1702,red,0.0,1,0.0
validation,1702,red,0.05,1,0.0
validation,1702,red,0.05,3,0.0
validation,1702,red,0.05,5,0.0
validation,1702,red,0.1,1,0.0
validation,1702,red,0.1,3,0.0
validation,1702,red,0.1,5,0.0
validation,1702,red,0.2,1,0.0
validation,1702,red,0.2,3,0.0
validation,1702,red,0.2,5,0.0
validation,3860,blue,0.0,1,0.0
validation,3860,blue,0.05,1,0.0
validation,3860,blue,0.05,3,0.0
validation,3860,blue,0.05,5,0.0
validation,3860,blue,0.1,1,0.0
validation,3860,blue,0.1,3,0.0
validation,3860,blue,0.1,5,0.0
validation,3860,blue,0.2,1,15.513587568086768
validation,3860,blue,0.2,3,15.513587568086768
validation,3860,blue,0.2,5,15.513587568086768
validation,3860,red,0.0,1,0.0
validation,3860,red,0.05,1,0.0
validation,3860,red,0.05,3,0.0
validation,3860,red,0.05,5,0.0
validation,3860,red,0.1,1,0.0
validation,3860,red,0.1,3,0.0
validation,3860,red,0.1,5,0.0
validation,3860,red,0.2,1,0.0
validation,3860,red,0.2,3,0.0
validation,3860,red,0.2,5,0.0
validation,979,blue,0.0,1,0.0
validation,979,blue,0.05,1,0.0
validation,979,blue,0.05,3,0.0
validation,979,blue,0.05,5,0.0
validation,979,blue,0.1,1,0.0
validation,979,blue,0.1,3,0.0
validation,979,blue,0.1,5,0.0
validation,979,blue,0.2,1,15.000141664577596
validation,979,blue,0.2,3,15.000141664577596
validation,979,blue,0.2,5,15.000141664577596
validation,979,red,0.0,1,0.0
validation,979,red,0.05,1,0.0
validation,979,red,0.05,3,0.0
validation,979,red,0.05,5,0.0
validation,979,red,0.1,1,0.0
validation,979,red,0.1,3,0.0
validation,979,red,0.1,5,0.0
validation,979,red,0.2,1,0.0
validation,979,red,0.2,3,0.0
validation,979,red,0.2,5,0.0
validation,2885,blue,0.0,1,0.0
validation,2885,blue,0.05,1,0.0
validation,2885,blue,0.05,3,0.0
validation,2885,blue,0.05,5,0.0
validation,2885,blue,0.1,1,0.0
validation,2885,blue,0.1,3,0.0
validation,2885,blue,0.1,5,0.0
validation,2885,blue,0.2,1,0.0
validation,2885,blue,0.2,3,0.0
validation,2885,blue,0.2,5,0.0
validation,2885,red,0.0,1,0.0
validation,2885,red,0.05,1,0.0
validation,2885,red,0.05,3,0.0
validation,2885,red,0.05,5,0.0
validation,2885,red,0.1,1,0.0
validation,2885,red,0.1,3,0.0
validation,2885,red,0.1,5,0.0
validation,2885,red,0.2,1,0.0
validation,2885,red,0.2,3,0.0
validation,2885,red,0.2,5,0.0
validation,1966,blue,0.0,1,0.0
validation,1966,blue,0.05,1,0.0
validation,1966,blue,0.05,3,0.0
validation,1966,blue,0.05,5,0.0
validation,1966,blue,0.1,1,13.729219433395485
validation,1966,blue,0.1,3,13.729219433395485
validation,1966,blue,0.1,5,13.729219433395485
validation,1966,blue,0.2,1,13.729219433395485
validation,1966,blue,0.2,3,13.729219433395485
validation,1966,blue,0.2,5,13.729219433395485
validation,1966,red,0.0,1,0.0
validation,1966,red,0.05,1,0.0
validation,1966,red,0.05,3,0.0
validation,1966,red,0.05,5,0.0
validation,1966,red,0.1,1,0.0
validation,1966,red,0.1,3,0.0
validation,1966,red,0.1,5,0.0
validation,1966,red,0.2,1,13.729219433395485
validation,1966,red,0.2,3,13.729219433395485
validation,1966,red,0.2,5,13.729219433395485
validation,9342,blue,0.0,1,0.0
validation,9342,blue,0.05,1,0.0
validation,9342,blue,0.05,3,0.0
validation,9342,blue,0.05,5,0.0
validation,9342,blue,0.1,1,0.0
validation,9342,blue,0.1,3,0.0
validation,9342,blue,0.1,5,0.0
validation,9342,blue,0.2,1,13.533028050116316
validation,9342,blue,0.2,3,13.533028050116316
validation,9342,blue,0.2,5,13.533028050116316
validation,9342,red,0.0,1,0.0
validation,9342,red,0.05,1,0.0
validation,9342,red,0.05,3,0.0
validation,9342,red,0.05,5,0.0
validation,9342,red,0.1,1,0.0
validation,9342,red,0.1,3,0.0
validation,9342,red,0.1,5,0.0
validation,9342,red,0.2,1,0.0
validation,9342,red,0.2,3,0.0
validation,9342,red,0.2,5,0.0
validation,4886,blue,0.0,1,0.0
validation,4886,blue,0.05,1,11.032154814978433
validation,4886,blue,0.05,3,11.032154814978433
validation,4886,blue,0.05,5,11.032154814978433
validation,4886,blue,0.1,1,11.032154814978433
validation,4886,blue,0.1,3,11.032154814978433
validation,4886,blue,0.1,5,11.032154814978433
validation,4886,blue,0.2,1,11.032154814978433
validation,4886,blue,0.2,3,11.032154814978433
validation,4886,blue,0.2,5,11.032154814978433
validation,4886,red,0.0,1,0.0
validation,4886,red,0.05,1,0.0
validation,4886,red,0.05,3,0.0
validation,4886,red,0.05,5,0.0
validation,4886,red,0.1,1,0.0
validation,4886,red,0.1,3,0.0
validation,4886,red,0.1,5,0.0
validation,4886,red,0.2,1,0.0
validation,4886,red,0.2,3,33.0964644449353
validation,4886,red,0.2,5,33.0964644449353
validation,9434,blue,0.0,1,0.0
validation,9434,blue,0.05,1,0.0
validation,9434,blue,0.05,3,0.0
validation,9434,blue,0.05,5,0.0
validation,9434,blue,0.1,1,12.197845238025387
validation,9434,blue,0.1,3,12.197845238025387
validation,9434,blue,0.1,5,12.197845238025387
validation,9434,blue,0.2,1,12.197845238025387
validation,9434,blue,0.2,3,12.197845238025387
validation,9434,blue,0.2,5,12.197845238025387
validation,9434,red,0.0,1,0.0
validation,9434,red,0.05,1,0.0
validation,9434,red,0.05,3,0.0
validation,9434,red,0.05,5,0.0
validation,9434,red,0.1,1,0.0
validation,9434,red,0.1,3,0.0
validation,9434,red,0.1,5,0.0
validation,9434,red,0.2,1,0.0
validation,9434,red,0.2,3,0.0
validation,9434,red,0.2,5,0.0
validation,1794,blue,0.0,1,0.0
validation,1794,blue,0.05,1,0.0
validation,1794,blue,0.05,3,0.0
validation,1794,blue,0.05,5,0.0
validation,1794,blue,0.1,1,0.0
validation,1794,blue,0.1,3,0.0
validation,1794,blue,0.1,5,0.0
validation,1794,blue,0.2,1,13.744942355709231
validation,1794,blue,0.2,3,13.744942355709231
validation,1794,blue,0.2,5,13.744942355709231
validation,1794,red,0.0,1,0.0
validation,1794,red,0.05,1,0.0
validation,1794,red,0.05,3,0.0
validation,1794,red,0.05,5,0.0
validation,1794,red,0.1,1,0.0
validation,1794,red,0.1,3,0.0
validation,1794,red,0.1,5,0.0
validation,1794,red,0.2,1,0.0
validation,1794,red,0.2,3,0.0
validation,1794,red,0.2,5,0.0
validation,12689,blue,0.0,1,0.0
validation,12689,blue,0.05,1,0.0
validation,12689,blue,0.05,3,0.0
validation,12689,blue,0.05,5,0.0
validation,12689,blue,0.1,1,13.891882898874638
validation,12689,blue,0.1,3,13.891882898874638
validation,12689,blue,0.1,5,13.891882898874638
validation,12689,blue,0.2,1,13.891882898874638
validation,12689,blue,0.2,3,13.891882898874638
validation,12689,blue,0.2,5,13.891882898874638
validation,12689,red,0.0,1,0.0
validation,12689,red,0.05,1,0.0
validation,12689,red,0.05,3,0.0
validation,12689,red,0.05,5,0.0
validation,12689,red,0.1,1,0.0
validation,12689,red,0.1,3,0.0
validation,12689,red,0.1,5,0.0
validation,12689,red,0.2,1,0.0
validation,12689,red,0.2,3,0.0
validation,12689,red,0.2,5,0.0
validation,11658,blue,0.0,1,0.0
validation,11658,blue,0.05,1,11.789553632053703
validation,11658,blue,0.05,3,11.789553632053703
validation,11658,blue,0.05,5,11.789553632053703
validation,11658,blue,0.1,1,11.789553632053703
validation,11658,blue,0.1,3,11.789553632053703
validation,11658,blue,0.1,5,11.789553632053703
validation,11658,blue,0.2,1,23.579107264107407
validation,11658,blue,0.2,3,23.579107264107407
validation,11658,blue,0.2,5,23.579107264107407
validation,11658,red,0.0,1,0.0
validation,11658,red,0.05,1,0.0
validation,11658,red,0.05,3,0.0
validation,11658,red,0.05,5,0.0
validation,11658,red,0.1,1,0.0
validation,11658,red,0.1,3,0.0
validation,11658,red,0.1,5,0.0
validation,11658,red,0.2,1,0.0
validation,11658,red,0.2,3,0.0
validation,11658,red,0.2,5,0.0
validation,9080,blue,0.0,1,0.0
validation,9080,blue,0.05,1,0.0
validation,9080,blue,0.05,3,0.0
validation,9080,blue,0.05,5,0.0
validation,9080,blue,0.1,1,13.444651109218713
validation,9080,blue,0.1,3,13.444651109218713
validation,9080,blue,0.1,5,13.444651109218713
validation,9080,blue,0.2,1,40.33395332765614
validation,9080,blue,0.2,3,40.33395332765614
validation,9080,blue,0.2,5,40.33395332765614
validation,9080,red,0.0,1,0.0
validation,9080,red,0.05,1,0.0
validation,9080,red,0.05,3,0.0
validation,9080,red,0.05,5,0.0
validation,9080,red,0.1,1,0.0
validation,9080,red,0.1,3,0.0
validation,9080,red,0.1,5,0.0
validation,9080,red,0.2,1,0.0
validation,9080,red,0.2,3,0.0
validation,9080,red,0.2,5,0.0
validation,6223,blue,0.0,1,0.0
validation,6223,blue,0.05,1,0.0
validation,6223,blue,0.05,3,0.0
validation,6223,blue,0.05,5,0.0
validation,6223,blue,0.1,1,0.0
validation,6223,blue,0.1,3,0.0
validation,6223,blue,0.1,5,0.0
validation,6223,blue,0.2,1,10.89227177347857
validation,6223,blue,0.2,3,10.89227177347857
validation,6223,blue,0.2,5,10.89227177347857
validation,6223,red,0.0,1,0.0
validation,6223,red,0.05,1,0.0
validation,6223,red,0.05,3,0.0
validation,6223,red,0.05,5,0.0
validation,6223,red,0.1,1,0.0
validation,6223,red,0.1,3,0.0
validation,6223,red,0.1,5,0.0
validation,6223,red,0.2,1,0.0
validation,6223,red,0.2,3,0.0
validation,6223,red,0.2,5,0.0
validation,11928,blue,0.0,1,0.0
validation,11928,blue,0.05,1,0.0
validation,11928,blue,0.05,3,0.0
validation,11928,blue,0.05,5,0.0
validation,11928,blue,0.1,1,0.0
validation,11928,blue,0.1,3,0.0
validation,11928,blue,0.1,5,0.0
validation,11928,blue,0.2,1,0.0
validation,11928,blue,0.2,3,0.0
validation,11928,blue,0.2,5,0.0
validation,11928,red,0.0,1,0.0
validation,11928,red,0.05,1,0.0
validation,11928,red,0.05,3,0.0
validation,11928,red,0.05,5,0.0
validation,11928,red,0.1,1,0.0
validation,11928,red,0.1,3,0.0
validation,11928,red,0.1,5,0.0
validation,11928,red,0.2,1,0.0
validation,11928,red,0.2,3,0.0
validation,11928,red,0.2,5,0.0
validation,2071,blue,0.0,1,0.0
validation,2071,blue,0.05,1,0.0
validation,2071,blue,0.05,3,0.0
validation,2071,blue,0.05,5,0.0
validation,2071,blue,0.1,1,0.0
validation,2071,blue,0.1,3,0.0
validation,2071,blue,0.1,5,0.0
validation,2071,blue,0.2,1,10.439706056084363
validation,2071,blue,0.2,3,10.439706056084363
validation,2071,blue,0.2,5,10.439706056084363
validation,2071,red,0.0,1,0.0
validation,2071,red,0.05,1,0.0
validation,2071,red,0.05,3,0.0
validation,2071,red,0.05,5,0.0
validation,2071,red,0.1,1,0.0
validation,2071,red,0.1,3,0.0
validation,2071,red,0.1,5,0.0
validation,2071,red,0.2,1,0.0
validation,2071,red,0.2,3,0.0
validation,2071,red,0.2,5,0.0
validation,7743,blue,0.0,1,0.0
validation,7743,blue,0.05,1,0.0
validation,7743,blue,0.05,3,0.0
validation,7743,blue,0.05,5,0.0
validation,7743,blue,0.1,1,0.0
validation,7743,blue,0.1,3,0.0
validation,7743,blue,0.1,5,0.0
validation,7743,blue,0.2,1,15.278048384113646
validation,7743,blue,0.2,3,15.278048384113646
validation,7743,blue,0.2,5,15.278048384113646
validation,7743,red,0.0,1,0.0
validation,7743,red,0.05,1,0.0
validation,7743,red,0.05,3,0.0
validation,7743,red,0.05,5,0.0
validation,7743,red,0.1,1,0.0
validation,7743,red,0.1,3,0.0
validation,7743,red,0.1,5,0.0
validation,7743,red,0.2,1,0.0
validation,7743,red,0.2,3,0.0
validation,7743,red,0.2,5,0.0
validation,9088,blue,0.0,1,0.0
validation,9088,blue,0.05,1,13.84414181414626
validation,9088,blue,0.05,3,13.84414181414626
validation,9088,blue,0.05,5,13.84414181414626
validation,9088,blue,0.1,1,13.84414181414626
validation,9088,blue,0.1,3,13.84414181414626
validation,9088,blue,0.1,5,13.84414181414626
validation,9088,blue,0.2,1,41.53242544243878
validation,9088,blue,0.2,3,41.53242544243878
validation,9088,blue,0.2,5,41.53242544243878
validation,9088,red,0.0,1,0.0
validation,9088,red,0.05,1,0.0
validation,9088,red,0.05,3,0.0
validation,9088,red,0.05,5,0.0
validation,9088,red,0.1,1,0.0
validation,9088,red,0.1,3,0.0
validation,9088,red,0.1,5,0.0
validation,9088,red,0.2,1,13.84414181414626
validation,9088,red,0.2,3,13.84414181414626
validation,9088,red,0.2,5,13.84414181414626
validation,6971,blue,0.0,1,0.0
validation,6971,blue,0.05,1,0.0
validation,6971,blue,0.05,3,0.0
validation,6971,blue,0.05,5,0.0
validation,6971,blue,0.1,1,13.48437208400648
validation,6971,blue,0.1,3,13.48437208400648
validation,6971,blue,0.1,5,13.48437208400648
validation,6971,blue,0.2,1,40.45311625201944
validation,6971,blue,0.2,3,40.45311625201944
validation,6971,blue,0.2,5,40.45311625201944
validation,6971,red,0.0,1,0.0
validation,6971,red,0.05,1,0.0
validation,6971,red,0.05,3,0.0
validation,6971,red,0.05,5,0.0
validation,6971,red,0.1,1,0.0
validation,6971,red,0.1,3,0.0
validation,6971,red,0.1,5,0.0
validation,6971,red,0.2,1,13.48437208400648
validation,6971,red,0.2,3,13.48437208400648
validation,6971,red,0.2,5,13.48437208400648
validation,817,blue,0.0,1,0.0
validation,817,blue,0.05,1,0.0
validation,817,blue,0.05,3,0.0
validation,817,blue,0.05,5,0.0
validation,817,blue,0.1,1,0.0
validation,817,blue,0.1,3,0.0
validation,817,blue,0.1,5,0.0
validation,817,blue,0.2,1,11.21875152010508
validation,817,blue,0.2,3,11.21875152010508
validation,817,blue,0.2,5,11.21875152010508
validation,817,red,0.0,1,0.0
validation,817,red,0.05,1,0.0
validation,817,red,0.05,3,0.0
validation,817,red,0.05,5,0.0
validation,817,red,0.1,1,0.0
validation,817,red,0.1,3,0.0
validation,817,red,0.1,5,0.0
validation,817,red,0.2,1,0.0
validation,817,red,0.2,3,0.0
validation,817,red,0.2,5,0.0
validation,6379,blue,0.0,1,0.0
validation,6379,blue,0.05,1,0.0
validation,6379,blue,0.05,3,0.0
validation,6379,blue,0.05,5,0.0
validation,6379,blue,0.1,1,0.0
validation,6379,blue,0.1,3,0.0
validation,6379,blue,0.1,5,0.0
validation,6379,blue,0.2,1,14.780665131723229
validation,6379,blue,0.2,3,14.780665131723229
validation,6379,blue,0.2,5,14.780665131723229
validation,6379,red,0.0,1,0.0
validation,6379,red,0.05,1,0.0
validation,6379,red,0.05,3,0.0
validation,6379,red,0.05,5,0.0
validation,6379,red,0.1,1,0.0
validation,6379,red,0.1,3,0.0
validation,6379,red,0.1,5,0.0
validation,6379,red,0.2,1,0.0
validation,6379,red,0.2,3,0.0
validation,6379,red,0.2,5,0.0
validation,9392,blue,0.0,1,0.0
validation,9392,blue,0.05,1,0.0
validation,9392,blue,0.05,3,0.0
validation,9392,blue,0.05,5,0.0
validation,9392,blue,0.1,1,0.0
validation,9392,blue,0.1,3,0.0
validation,9392,blue,0.1,5,0.0
validation,9392,blue,0.2,1,14.70376912416738
validation,9392,blue,0.2,3,14.70376912416738
validation,9392,blue,0.2,5,14.70376912416738
validation,9392,red,0.0,1,0.0
validation,9392,red,0.05,1,0.0
validation,9392,red,0.05,3,0.0
validation,9392,red,0.05,5,0.0
validation,9392,red,0.1,1,0.0
validation,9392,red,0.1,3,0.0
validation,9392,red,0.1,5,0.0
validation,9392,red,0.2,1,0.0
validation,9392,red,0.2,3,0.0
validation,9392,red,0.2,5,0.0
validation,9354,blue,0.0,1,0.0
validation,9354,blue,0.05,1,0.0
validation,9354,blue,0.05,3,0.0
validation,9354,blue,0.05,5,0.0
validation,9354,blue,0.1,1,0.0
validation,9354,blue,0.1,3,0.0
validation,9354,blue,0.1,5,0.0
validation,9354,blue,0.2,1,15.264239395447838
validation,9354,blue,0.2,3,15.264239395447838
validation,9354,blue,0.2,5,15.264239395447838
validation,9354,red,0.0,1,0.0
validation,9354,red,0.05,1,0.0
validation,9354,red,0.05,3,0.0
validation,9354,red,0.05,5,0.0
validation,9354,red,0.1,1,0.0
validation,9354,red,0.1,3,0.0
validation,9354,red,0.1,5,0.0
validation,9354,red,0.2,1,0.0
validation,9354,red,0.2,3,0.0
validation,9354,red,0.2,5,0.0
validation,605,blue,0.0,1,0.0
validation,605,blue,0.05,1,0.0
validation,605,blue,0.05,3,0.0
validation,605,blue,0.05,5,0.0
validation,605,blue,0.1,1,15.441748485197056
validation,605,blue,0.1,3,15.441748485197056
validation,605,blue,0.1,5,15.441748485197056
validation,605,blue,0.2,1,46.325245455591165
validation,605,blue,0.2,3,46.325245455591165
validation,605,blue,0.2,5,46.325245455591165
validation,605,red,0.0,1,0.0
validation,605,red,0.05,1,0.0
validation,605,red,0.05,3,0.0
validation,605,red,0.05,5,0.0
validation,605,red,0.1,1,0.0
validation,605,red,0.1,3,0.0
validation,605,red,0.1,5,0.0
validation,605,red,0.2,1,0.0
validation,605,red,0.2,3,0.0
validation,605,red,0.2,5,0.0
validation,11067,blue,0.0,1,0.0
validation,11067,blue,0.05,1,0.0
validation,11067,blue,0.05,3,0.0
validation,11067,blue,0.05,5,0.0
validation,11067,blue,0.1,1,14.798773926522982
validation,11067,blue,0.1,3,14.798773926522982
validation,11067,blue,0.1,5,14.798773926522982
validation,11067,blue,0.2,1,14.798773926522982
validation,11067,blue,0.2,3,14.798773926522982
validation,11067,blue,0.2,5,14.798773926522982
validation,11067,red,0.0,1,0.0
validation,11067,red,0.05,1,0.0
validation,11067,red,0.05,3,0.0
validation,11067,red,0.05,5,0.0
validation,11067,red,0.1,1,0.0
validation,11067,red,0.1,3,0.0
validation,11067,red,0.1,5,0.0
validation,11067,red,0.2,1,0.0
validation,11067,red,0.2,3,0.0
validation,11067,red,0.2,5,0.0
validation,11807,blue,0.0,1,0.0
validation,11807,blue,0.05,1,0.0
validation,11807,blue,0.05,3,0.0
validation,11807,blue,0.05,5,0.0
validation,11807,blue,0.1,1,0.0
validation,11807,blue,0.1,3,0.0
validation,11807,blue,0.1,5,0.0
validation,11807,blue,0.2,1,0.0
validation,11807,blue,0.2,3,0.0
validation,11807,blue,0.2,5,0.0
validation,11807,red,0.0,1,0.0
validation,11807,red,0.05,1,0.0
validation,11807,red,0.05,3,0.0
validation,11807,red,0.05,5,0.0
validation,11807,red,0.1,1,0.0
validation,11807,red,0.1,3,0.0
validation,11807,red,0.1,5,0.0
validation,11807,red,0.2,1,0.0
validation,11807,red,0.2,3,0.0
validation,11807,red,0.2,5,0.0
validation,3232,blue,0.0,1,0.0
validation,3232,blue,0.05,1,15.987288806434261
validation,3232,blue,0.05,3,15.987288806434261
validation,3232,blue,0.05,5,15.987288806434261
validation,3232,blue,0.1,1,15.987288806434261
validation,3232,blue,0.1,3,15.987288806434261
validation,3232,blue,0.1,5,15.987288806434261
validation,3232,blue,0.2,1,31.974577612868522
validation,3232,blue,0.2,3,31.974577612868522
validation,3232,blue,0.2,5,31.974577612868522
validation,3232,red,0.0,1,0.0
validation,3232,red,0.05,1,0.0
validation,3232,red,0.05,3,0.0
validation,3232,red,0.05,5,0.0
validation,3232,red,0.1,1,0.0
validation,3232,red,0.1,3,0.0
validation,3232,red,0.1,5,0.0
validation,3232,red,0.2,1,0.0
validation,3232,red,0.2,3,0.0
validation,3232,red,0.2,5,0.0
validation,12450,blue,0.0,1,0.0
validation,12450,blue,0.05,1,0.0
validation,12450,blue,0.05,3,0.0
validation,12450,blue,0.05,5,0.0
validation,12450,blue,0.1,1,12.495750463591737
validation,12450,blue,0.1,3,12.495750463591737
validation,12450,blue,0.1,5,12.495750463591737
validation,12450,blue,0.2,1,24.991500927183473
validation,12450,blue,0.2,3,24.991500927183473
validation,12450,blue,0.2,5,24.991500927183473
validation,12450,red,0.0,1,0.0
validation,12450,red,0.05,1,0.0
validation,12450,red,0.05,3,0.0
validation,12450,red,0.05,5,0.0
validation,12450,red,0.1,1,0.0
validation,12450,red,0.1,3,0.0
validation,12450,red,0.1,5,0.0
validation,12450,red,0.2,1,0.0
validation,12450,red,0.2,3,0.0
validation,12450,red,0.2,5,0.0
validation,8847,blue,0.0,1,0.0
validation,8847,blue,0.05,1,0.0
validation,8847,blue,0.05,3,0.0
validation,8847,blue,0.05,5,0.0
validation,8847,blue,0.1,1,0.0
validation,8847,blue,0.1,3,0.0
validation,8847,blue,0.1,5,0.0
validation,8847,blue,0.2,1,13.587078260047473
validation,8847,blue,0.2,3,13.587078260047473
validation,8847,blue,0.2,5,13.587078260047473
validation,8847,red,0.0,1,0.0
validation,8847,red,0.05,1,0.0
validation,8847,red,0.05,3,0.0
validation,8847,red,0.05,5,0.0
validation,8847,red,0.1,1,0.0
validation,8847,red,0.1,3,0.0
validation,8847,red,0.1,5,0.0
validation,8847,red,0.2,1,0.0
validation,8847,red,0.2,3,0.0
validation,8847,red,0.2,5,0.0
validation,11542,blue,0.0,1,0.0
validation,11542,blue,0.05,1,13.509630375727955
validation,11542,blue,0.05,3,13.509630375727955
validation,11542,blue,0.05,5,13.509630375727955
validation,11542,blue,0.1,1,13.509630375727955
validation,11542,blue,0.1,3,13.509630375727955
validation,11542,blue,0.1,5,13.509630375727955
validation,11542,blue,0.2,1,13.509630375727955
validation,11542,blue,0.2,3,13.509630375727955
validation,11542,blue,0.2,5,13.509630375727955
validation,11542,red,0.0,1,0.0
validation,11542,red,0.05,1,0.0
validation,11542,red,0.05,3,0.0
validation,11542,red,0.05,5,0.0
validation,11542,red,0.1,1,0.0
validation,11542,red,0.1,3,0.0
validation,11542,red,0.1,5,0.0
validation,11542,red,0.2,1,0.0
validation,11542,red,0.2,3,0.0
validation,11542,red,0.2,5,0.0
validation,12834,blue,0.0,1,0.0
validation,12834,blue,0.05,1,15.227957719761829
validation,12834,blue,0.05,3,15.227957719761829
validation,12834,blue,0.05,5,15.227957719761829
validation,12834,blue,0.1,1,15.227957719761829
validation,12834,blue,0.1,3,15.227957719761829
validation,12834,blue,0.1,5,15.227957719761829
validation,12834,blue,0.2,1,45.68387315928548
validation,12834,blue,0.2,3,45.68387315928548
validation,12834,blue,0.2,5,45.68387315928548
validation,12834,red,0.0,1,0.0
validation,12834,red,0.05,1,0.0
validation,12834,red,0.05,3,0.0
validation,12834,red,0.05,5,0.0
validation,12834,red,0.1,1,0.0
validation,12834,red,0.1,3,0.0
validation,12834,red,0.1,5,0.0
validation,12834,red,0.2,1,0.0
validation,12834,red,0.2,3,0.0
validation,12834,red,0.2,5,0.0
validation,10260,blue,0.0,1,0.0
validation,10260,blue,0.05,1,0.0
validation,10260,blue,0.05,3,0.0
validation,10260,blue,0.05,5,0.0
validation,10260,blue,0.1,1,0.0
validation,10260,blue,0.1,3,0.0
validation,10260,blue,0.1,5,0.0
validation,10260,blue,0.2,1,10.9096761062709
validation,10260,blue,0.2,3,10.9096761062709
validation,10260,blue,0.2,5,10.9096761062709
validation,10260,red,0.0,1,0.0
validation,10260,red,0.05,1,0.0
validation,10260,red,0.05,3,0.0
validation,10260,red,0.05,5,0.0
validation,10260,red,0.1,1,0.0
validation,10260,red,0.1,3,0.0
validation,10260,red,0.1,5,0.0
validation,10260,red,0.2,1,0.0
validation,10260,red,0.2,3,32.7290283188127
validation,10260,red,0.2,5,32.7290283188127
validation,999,blue,0.0,1,0.0
validation,999,blue,0.05,1,0.0
validation,999,blue,0.05,3,0.0
validation,999,blue,0.05,5,0.0
validation,999,blue,0.1,1,11.790555432591773
validation,999,blue,0.1,3,11.790555432591773
validation,999,blue,0.1,5,11.790555432591773
validation,999,blue,0.2,1,11.790555432591773
validation,999,blue,0.2,3,11.790555432591773
validation,999,blue,0.2,5,11.790555432591773
validation,999,red,0.0,1,0.0
validation,999,red,0.05,1,0.0
validation,999,red,0.05,3,0.0
validation,999,red,0.05,5,0.0
validation,999,red,0.1,1,0.0
validation,999,red,0.1,3,0.0
validation,999,red,0.1,5,0.0
validation,999,red,0.2,1,0.0
validation,999,red,0.2,3,0.0
validation,999,red,0.2,5,0.0
validation,3702,blue,0.0,1,0.0
validation,3702,blue,0.05,1,0.0
validation,3702,blue,0.05,3,0.0
validation,3702,blue,0.05,5,0.0
validation,3702,blue,0.1,1,0.0
validation,3702,blue,0.1,3,0.0
validation,3702,blue,0.1,5,0.0
validation,3702,blue,0.2,1,10.711773367942767
validation,3702,blue,0.2,3,10.711773367942767
validation,3702,blue,0.2,5,10.711773367942767
validation,3702,red,0.0,1,0.0
validation,3702,red,0.05,1,0.0
validation,3702,red,0.05,3,0.0
validation,3702,red,0.05,5,0.0
validation,3702,red,0.1,1,0.0
validation,3702,red,0.1,3,0.0
validation,3702,red,0.1,5,0.0
validation,3702,red,0.2,1,0.0
validation,3702,red,0.2,3,0.0
validation,3702,red,0.2,5,0.0
validation,10221,blue,0.0,1,0.0
validation,10221,blue,0.05,1,0.0
validation,10221,blue,0.05,3,0.0
validation,10221,blue,0.05,5,0.0
validation,10221,blue,0.1,1,0.0
validation,10221,blue,0.1,3,0.0
validation,10221,blue,0.1,5,0.0
validation,10221,blue,0.2,1,14.521316035222629
validation,10221,blue,0.2,3,14.521316035222629
validation,10221,blue,0.2,5,14.521316035222629
validation,10221,red,0.0,1,0.0
validation,10221,red,0.05,1,0.0
validation,10221,red,0.05,3,0.0
validation,10221,red,0.05,5,0.0
validation,10221,red,0.1,1,14.521316035222629
validation,10221,red,0.1,3,14.521316035222629
validation,10221,red,0.1,5,14.521316035222629
validation,10221,red,0.2,1,14.521316035222629
validation,10221,red,0.2,3,14.521316035222629
validation,10221,red,0.2,5,14.521316035222629
validation,2761,blue,0.0,1,0.0
validation,2761,blue,0.05,1,0.0
validation,2761,blue,0.05,3,0.0
validation,2761,blue,0.05,5,0.0
validation,2761,blue,0.1,1,14.79500824442589
validation,2761,blue,0.1,3,14.79500824442589
validation,2761,blue,0.1,5,14.79500824442589
validation,2761,blue,0.2,1,14.79500824442589
validation,2761,blue,0.2,3,14.79500824442589
validation,2761,blue,0.2,5,14.79500824442589
validation,2761,red,0.0,1,0.0
validation,2761,red,0.05,1,0.0
validation,2761,red,0.05,3,0.0
validation,2761,red,0.05,5,0.0
validation,2761,red,0.1,1,0.0
validation,2761,red,0.1,3,0.0
validation,2761,red,0.1,5,0.0
validation,2761,red,0.2,1,0.0
validation,2761,red,0.2,3,0.0
validation,2761,red,0.2,5,0.0
validation,1024,blue,0.0,1,0.0
validation,1024,blue,0.05,1,0.0
validation,1024,blue,0.05,3,0.0
validation,1024,blue,0.05,5,0.0
validation,1024,blue,0.1,1,0.0
validation,1024,blue,0.1,3,0.0
validation,1024,blue,0.1,5,0.0
validation,1024,blue,0.2,1,15.576445047225453
validation,1024,blue,0.2,3,15.576445047225453
validation,1024,blue,0.2,5,15.576445047225453
validation,1024,red,0.0,1,0.0
validation,1024,red,0.05,1,0.0
validation,1024,red,0.05,3,0.0
validation,1024,red,0.05,5,0.0
validation,1024,red,0.1,1,0.0
validation,1024,red,0.1,3,0.0
validation,1024,red,0.1,5,0.0
validation,1024,red,0.2,1,0.0
validation,1024,red,0.2,3,0.0
validation,1024,red,0.2,5,0.0
validation,1397,blue,0.0,1,0.0
validation,1397,blue,0.05,1,0.0
validation,1397,blue,0.05,3,0.0
validation,1397,blue,0.05,5,0.0
validation,1397,blue,0.1,1,0.0
validation,1397,blue,0.1,3,0.0
validation,1397,blue,0.1,5,0.0
validation,1397,blue,0.2,1,23.311731560715607
validation,1397,blue,0.2,3,23.311731560715607
validation,1397,blue,0.2,5,23.311731560715607
validation,1397,red,0.0,1,0.0
validation,1397,red,0.05,1,0.0
validation,1397,red,0.05,3,0.0
validation,1397,red,0.05,5,0.0
validation,1397,red,0.1,1,0.0
validation,1397,red,0.1,3,0.0
validation,1397,red,0.1,5,0.0
validation,1397,red,0.2,1,0.0
validation,1397,red,0.2,3,0.0
validation,1397,red,0.2,5,0.0
validation,4570,blue,0.0,1,0.0
validation,4570,blue,0.05,1,0.0
validation,4570,blue,0.05,3,0.0
validation,4570,blue,0.05,5,0.0
validation,4570,blue,0.1,1,0.0
validation,4570,blue,0.1,3,0.0
validation,4570,blue,0.1,5,0.0
validation,4570,blue,0.2,1,28.285484796844614
validation,4570,blue,0.2,3,28.285484796844614
validation,4570,blue,0.2,5,28.285484796844614
validation,4570,red,0.0,1,0.0
validation,4570,red,0.05,1,0.0
validation,4570,red,0.05,3,0.0
validation,4570,red,0.05,5,0.0
validation,4570,red,0.1,1,0.0
validation,4570,red,0.1,3,0.0
validation,4570,red,0.1,5,0.0
validation,4570,red,0.2,1,14.142742398422307
validation,4570,red,0.2,3,14.142742398422307
validation,4570,red,0.2,5,14.142742398422307
validation,9038,blue,0.0,1,0.0
validation,9038,blue,0.05,1,14.036405438357477
validation,9038,blue,0.05,3,14.036405438357477
validation,9038,blue,0.05,5,14.036405438357477
validation,9038,blue,0.1,1,14.036405438357477
validation,9038,blue,0.1,3,14.036405438357477
validation,9038,blue,0.1,5,14.036405438357477
validation,9038,blue,0.2,1,42.10921631507243
validation,9038,blue,0.2,3,42.10921631507243
validation,9038,blue,0.2,5,42.10921631507243
validation,9038,red,0.0,1,0.0
validation,9038,red,0.05,1,0.0
validation,9038,red,0.05,3,0.0
validation,9038,red,0.05,5,0.0
validation,9038,red,0.1,1,0.0
validation,9038,red,0.1,3,0.0
validation,9038,red,0.1,5,0.0
validation,9038,red,0.2,1,0.0
validation,9038,red,0.2,3,0.0
validation,9038,red,0.2,5,0.0
validation,2532,blue,0.0,1,0.0
validation,2532,blue,0.05,1,0.0
validation,2532,blue,0.05,3,0.0
validation,2532,blue,0.05,5,0.0
validation,2532,blue,0.1,1,0.0
validation,2532,blue,0.1,3,0.0
validation,2532,blue,0.1,5,0.0
validation,2532,blue,0.2,1,14.466570688295855
validation,2532,blue,0.2,3,14.466570688295855
validation,2532,blue,0.2,5,14.466570688295855
validation,2532,red,0.0,1,0.0
validation,2532,red,0.05,1,0.0
validation,2532,red,0.05,3,0.0
validation,2532,red,0.05,5,0.0
validation,2532,red,0.1,1,0.0
validation,2532,red,0.1,3,0.0
validation,2532,red,0.1,5,0.0
validation,2532,red,0.2,1,0.0
validation,2532,red,0.2,3,0.0
validation,2532,red,0.2,5,0.0
validation,3386,blue,0.0,1,0.0
validation,3386,blue,0.05,1,0.0
validation,3386,blue,0.05,3,0.0
validation,3386,blue,0.05,5,0.0
validation,3386,blue,0.1,1,0.0
validation,3386,blue,0.1,3,0.0
validation,3386,blue,0.1,5,0.0
validation,3386,blue,0.2,1,12.161297692835813
validation,3386,blue,0.2,3,12.161297692835813
validation,3386,blue,0.2,5,12.161297692835813
validation,3386,red,0.0,1,0.0
validation,3386,red,0.05,1,0.0
validation,3386,red,0.05,3,0.0
validation,3386,red,0.05,5,0.0
validation,3386,red,0.1,1,0.0
validation,3386,red,0.1,3,0.0
validation,3386,red,0.1,5,0.0
validation,3386,red,0.2,1,0.0
validation,3386,red,0.2,3,0.0
validation,3386,red,0.2,5,0.0
validation,1430,blue,0.0,1,0.0
validation,1430,blue,0.05,1,0.0
validation,1430,blue,0.05,3,0.0
validation,1430,blue,0.05,5,0.0
validation,1430,blue,0.1,1,0.0
validation,1430,blue,0.1,3,0.0
validation,1430,blue,0.1,5,0.0
validation,1430,blue,0.2,1,13.696622851238391
validation,1430,blue,0.2,3,13.696622851238391
validation,1430,blue,0.2,5,13.696622851238391
validation,1430,red,0.0,1,0.0
validation,1430,red,0.05,1,0.0
validation,1430,red,0.05,3,0.0
validation,1430,red,0.05,5,0.0
validation,1430,red,0.1,1,0.0
validation,1430,red,0.1,3,0.0
validation,1430,red,0.1,5,0.0
validation,1430,red,0.2,1,0.0
validation,1430,red,0.2,3,0.0
validation,1430,red,0.2,5,0.0
validation,6449,blue,0.0,1,0.0
validation,6449,blue,0.05,1,14.038429293211598
validation,6449,blue,0.05,3,14.038429293211598
validation,6449,blue,0.05,5,14.038429293211598
validation,6449,blue,0.1,1,14.038429293211598
validation,6449,blue,0.1,3,14.038429293211598
validation,6449,blue,0.1,5,14.038429293211598
validation,6449,blue,0.2,1,14.038429293211598
validation,6449,blue,0.2,3,14.038429293211598
validation,6449,blue,0.2,5,14.038429293211598
validation,6449,red,0.0,1,0.0
validation,6449,red,0.05,1,0.0
validation,6449,red,0.05,3,0.0
validation,6449,red,0.05,5,0.0
validation,6449,red,0.1,1,0.0
validation,6449,red,0.1,3,0.0
validation,6449,red,0.1,5,0.0
validation,6449,red,0.2,1,0.0
validation,6449,red,0.2,3,0.0
validation,6449,red,0.2,5,0.0
validation,543,blue,0.0,1,0.0
validation,543,blue,0.05,1,10.513442504787092
validation,543,blue,0.05,3,10.513442504787092
validation,543,blue,0.05,5,10.513442504787092
validation,543,blue,0.1,1,10.513442504787092
validation,543,blue,0.1,3,10.513442504787092
validation,543,blue,0.1,5,10.513442504787092
validation,543,blue,0.2,1,31.540327514361273
validation,543,blue,0.2,3,31.540327514361273
validation,543,blue,0.2,5,31.540327514361273
validation,543,red,0.0,1,0.0
validation,543,red,0.05,1,0.0
validation,543,red,0.05,3,0.0
validation,543,red,0.05,5,0.0
validation,543,red,0.1,1,0.0
validation,543,red,0.1,3,0.0
validation,543,red,0.1,5,0.0
validation,543,red,0.2,1,0.0
validation,543,red,0.2,3,0.0
validation,543,red,0.2,5,0.0
validation,1442,blue,0.0,1,0.0
validation,1442,blue,0.05,1,0.0
validation,1442,blue,0.05,3,0.0
validation,1442,blue,0.05,5,0.0
validation,1442,blue,0.1,1,0.0
validation,1442,blue,0.1,3,0.0
validation,1442,blue,0.1,5,0.0
validation,1442,blue,0.2,1,17.76639909719266
validation,1442,blue,0.2,3,17.76639909719266
validation,1442,blue,0.2,5,17.76639909719266
validation,1442,red,0.0,1,0.0
validation,1442,red,0.05,1,0.0
validation,1442,red,0.05,3,0.0
validation,1442,red,0.05,5,0.0
validation,1442,red,0.1,1,0.0
validation,1442,red,0.1,3,0.0
validation,1442,red,0.1,5,0.0
validation,1442,red,0.2,1,0.0
validation,1442,red,0.2,3,0.0
validation,1442,red,0.2,5,0.0
validation,4268,blue,0.0,1,0.0
validation,4268,blue,0.05,1,0.0
validation,4268,blue,0.05,3,0.0
validation,4268,blue,0.05,5,0.0
validation,4268,blue,0.1,1,0.0
validation,4268,blue,0.1,3,0.0
validation,4268,blue,0.1,5,0.0
validation,4268,blue,0.2,1,16.76209309560435
validation,4268,blue,0.2,3,16.76209309560435
validation,4268,blue,0.2,5,16.76209309560435
validation,4268,red,0.0,1,0.0
validation,4268,red,0.05,1,0.0
validation,4268,red,0.05,3,0.0
validation,4268,red,0.05,5,0.0
validation,4268,red,0.1,1,0.0
validation,4268,red,0.1,3,0.0
validation,4268,red,0.1,5,0.0
validation,4268,red,0.2,1,0.0
validation,4268,red,0.2,3,0.0
validation,4268,red,0.2,5,0.0
validation,10626,blue,0.0,1,0.0
validation,10626,blue,0.05,1,0.0
validation,10626,blue,0.05,3,0.0
validation,10626,blue,0.05,5,0.0
validation,10626,blue,0.1,1,16.372714777130454
validation,10626,blue,0.1,3,16.372714777130454
validation,10626,blue,0.1,5,16.372714777130454
validation,10626,blue,0.2,1,49.118144331391356
validation,10626,blue,0.2,3,49.118144331391356
validation,10626,blue,0.2,5,114.60900343991317
validation,10626,red,0.0,1,0.0
validation,10626,red,0.05,1,0.0
validation,10626,red,0.05,3,0.0
validation,10626,red,0.05,5,0.0
validation,10626,red,0.1,1,0.0
validation,10626,red,0.1,3,0.0
validation,10626,red,0.1,5,0.0
validation,10626,red,0.2,1,0.0
validation,10626,red,0.2,3,0.0
validation,10626,red,0.2,5,0.0
validation,10990,blue,0.0,1,0.0
validation,10990,blue,0.05,1,17.519039988908464
validation,10990,blue,0.05,3,17.519039988908464
validation,10990,blue,0.05,5,17.519039988908464
validation,10990,blue,0.1,1,17.519039988908464
validation,10990,blue,0.1,3,17.519039988908464
validation,10990,blue,0.1,5,17.519039988908464
validation,10990,blue,0.2,1,17.519039988908464
validation,10990,blue,0.2,3,17.519039988908464
validation,10990,blue,0.2,5,17.519039988908464
validation,10990,red,0.0,1,0.0
validation,10990,red,0.05,1,0.0
validation,10990,red,0.05,3,0.0
validation,10990,red,0.05,5,0.0
validation,10990,red,0.1,1,0.0
validation,10990,red,0.1,3,0.0
validation,10990,red,0.1,5,0.0
validation,10990,red,0.2,1,0.0
validation,10990,red,0.2,3,0.0
validation,10990,red,0.2,5,0.0
validation,7756,blue,0.0,1,0.0
validation,7756,blue,0.05,1,0.0
validation,7756,blue,0.05,3,0.0
validation,7756,blue,0.05,5,0.0
validation,7756,blue,0.1,1,0.0
validation,7756,blue,0.1,3,0.0
validation,7756,blue,0.1,5,0.0
validation,7756,blue,0.2,1,18.57142256125675
validation,7756,blue,0.2,3,18.57142256125675
validation,7756,blue,0.2,5,18.57142256125675
validation,7756,red,0.0,1,0.0
validation,7756,red,0.05,1,0.0
validation,7756,red,0.05,3,0.0
validation,7756,red,0.05,5,0.0
validation,7756,red,0.1,1,0.0
validation,7756,red,0.1,3,0.0
validation,7756,red,0.1,5,0.0
validation,7756,red,0.2,1,0.0
validation,7756,red,0.2,3,0.0
validation,7756,red,0.2,5,0.0
validation,288,blue,0.0,1,0.0
validation,288,blue,0.05,1,0.0
validation,288,blue,0.05,3,0.0
validation,288,blue,0.05,5,0.0
validation,288,blue,0.1,1,0.0
validation,288,blue,0.1,3,0.0
validation,288,blue,0.1,5,0.0
validation,288,blue,0.2,1,0.0
validation,288,blue,0.2,3,0.0
validation,288,blue,0.2,5,0.0
validation,288,red,0.0,1,0.0
validation,288,red,0.05,1,0.0
validation,288,red,0.05,3,0.0
validation,288,red,0.05,5,0.0
validation,288,red,0.1,1,0.0
validation,288,red,0.1,3,0.0
validation,288,red,0.1,5,0.0
validation,288,red,0.2,1,0.0
validation,288,red,0.2,3,0.0
validation,288,red,0.2,5,0.0
validation,6096,blue,0.0,1,0.0
validation,6096,blue,0.05,1,0.0
validation,6096,blue,0.05,3,0.0
validation,6096,blue,0.05,5,0.0
validation,6096,blue,0.1,1,0.0
validation,6096,blue,0.1,3,0.0
validation,6096,blue,0.1,5,0.0
validation,6096,blue,0.2,1,37.79333671490724
validation,6096,blue,0.2,3,37.79333671490724
validation,6096,blue,0.2,5,37.79333671490724
validation,6096,red,0.0,1,0.0
validation,6096,red,0.05,1,0.0
validation,6096,red,0.05,3,0.0
validation,6096,red,0.05,5,0.0
validation,6096,red,0.1,1,0.0
validation,6096,red,0.1,3,0.0
validation,6096,red,0.1,5,0.0
validation,6096,red,0.2,1,0.0
validation,6096,red,0.2,3,0.0
validation,6096,red,0.2,5,0.0
validation,177,blue,0.0,1,0.0
validation,177,blue,0.05,1,0.0
validation,177,blue,0.05,3,0.0
validation,177,blue,0.05,5,0.0
validation,177,blue,0.1,1,0.0
validation,177,blue,0.1,3,0.0
validation,177,blue,0.1,5,0.0
validation,177,blue,0.2,1,0.0
validation,177,blue,0.2,3,0.0
validation,177,blue,0.2,5,0.0
validation,177,red,0.0,1,0.0
validation,177,red,0.05,1,0.0
validation,177,red,0.05,3,0.0
validation,177,red,0.05,5,0.0
validation,177,red,0.1,1,0.0
validation,177,red,0.1,3,0.0
validation,177,red,0.1,5,0.0
validation,177,red,0.2,1,0.0
validation,177,red,0.2,3,0.0
validation,177,red,0.2,5,0.0
validation,9998,blue,0.0,1,0.0
validation,9998,blue,0.05,1,0.0
validation,9998,blue,0.05,3,0.0
validation,9998,blue,0.05,5,0.0
validation,9998,blue,0.1,1,18.854558857133345
validation,9998,blue,0.1,3,18.854558857133345
validation,9998,blue,0.1,5,18.854558857133345
validation,9998,blue,0.2,1,37.70911771426669
validation,9998,blue,0.2,3,37.70911771426669
validation,9998,blue,0.2,5,37.70911771426669
validation,9998,red,0.0,1,0.0
validation,9998,red,0.05,1,0.0
validation,9998,red,0.05,3,0.0
validation,9998,red,0.05,5,0.0
validation,9998,red,0.1,1,0.0
validation,9998,red,0.1,3,0.0
validation,9998,red,0.1,5,0.0
validation,9998,red,0.2,1,0.0
validation,9998,red,0.2,3,0.0
validation,9998,red,0.2,5,0.0
validation,6098,blue,0.0,1,0.0
validation,6098,blue,0.05,1,17.458555807650207
validation,6098,blue,0.05,3,17.458555807650207
validation,6098,blue,0.05,5,17.458555807650207
validation,6098,blue,0.1,1,17.458555807650207
validation,6098,blue,0.1,3,17.458555807650207
validation,6098,blue,0.1,5,17.458555807650207
validation,6098,blue,0.2,1,52.37566742295062
validation,6098,blue,0.2,3,52.37566742295062
validation,6098,blue,0.2,5,52.37566742295062
validation,6098,red,0.0,1,0.0
validation,6098,red,0.05,1,0.0
validation,6098,red,0.05,3,0.0
validation,6098,red,0.05,5,0.0
validation,6098,red,0.1,1,0.0
validation,6098,red,0.1,3,0.0
validation,6098,red,0.1,5,0.0
validation,6098,red,0.2,1,0.0
validation,6098,red,0.2,3,0.0
validation,6098,red,0.2,5,0.0
validation,8822,blue,0.0,1,0.0
validation,8822,blue,0.05,1,0.0
validation,8822,blue,0.05,3,0.0
validation,8822,blue,0.05,5,0.0
validation,8822,blue,0.1,1,17.046457299479414
validation,8822,blue,0.1,3,17.046457299479414
validation,8822,blue,0.1,5,17.046457299479414
validation,8822,blue,0.2,1,17.046457299479414
validation,8822,blue,0.2,3,17.046457299479414
validation,8822,blue,0.2,5,17.046457299479414
validation,8822,red,0.0,1,0.0
validation,8822,red,0.05,1,0.0
validation,8822,red,0.05,3,0.0
validation,8822,red,0.05,5,0.0
validation,8822,red,0.1,1,0.0
validation,8822,red,0.1,3,0.0
validation,8822,red,0.1,5,0.0
validation,8822,red,0.2,1,0.0
validation,8822,red,0.2,3,0.0
validation,8822,red,0.2,5,0.0
validation,7131,blue,0.0,1,0.0
validation,7131,blue,0.05,1,0.0
validation,7131,blue,0.05,3,0.0
validation,7131,blue,0.05,5,0.0
validation,7131,blue,0.1,1,0.0
validation,7131,blue,0.1,3,0.0
validation,7131,blue,0.1,5,0.0
validation,7131,blue,0.2,1,16.99580726801196
validation,7131,blue,0.2,3,16.99580726801196
validation,7131,blue,0.2,5,16.99580726801196
validation,7131,red,0.0,1,0.0
validation,7131,red,0.05,1,0.0
validation,7131,red,0.05,3,0.0
validation,7131,red,0.05,5,0.0
validation,7131,red,0.1,1,0.0
validation,7131,red,0.1,3,0.0
validation,7131,red,0.1,5,0.0
validation,7131,red,0.2,1,0.0
validation,7131,red,0.2,3,0.0
validation,7131,red,0.2,5,0.0
validation,929,blue,0.0,1,0.0
validation,929,blue,0.05,1,0.0
validation,929,blue,0.05,3,0.0
validation,929,blue,0.05,5,0.0
validation,929,blue,0.1,1,16.87402841891466
validation,929,blue,0.1,3,16.87402841891466
validation,929,blue,0.1,5,16.87402841891466
validation,929,blue,0.2,1,16.87402841891466
validation,929,blue,0.2,3,16.87402841891466
validation,929,blue,0.2,5,16.87402841891466
validation,929,red,0.0,1,0.0
validation,929,red,0.05,1,0.0
validation,929,red,0.05,3,0.0
validation,929,red,0.05,5,0.0
validation,929,red,0.1,1,0.0
validation,929,red,0.1,3,0.0
validation,929,red,0.1,5,0.0
validation,929,red,0.2,1,0.0
validation,929,red,0.2,3,0.0
validation,929,red,0.2,5,0.0
validation,9364,blue,0.0,1,0.0
validation,9364,blue,0.05,1,16.96274064355552
validation,9364,blue,0.05,3,16.96274064355552
validation,9364,blue,0.05,5,16.96274064355552
validation,9364,blue,0.1,1,16.96274064355552
validation,9364,blue,0.1,3,16.96274064355552
validation,9364,blue,0.1,5,16.96274064355552
validation,9364,blue,0.2,1,16.96274064355552
validation,9364,blue,0.2,3,16.96274064355552
validation,9364,blue,0.2,5,16.96274064355552
validation,9364,red,0.0,1,0.0
validation,9364,red,0.05,1,0.0
validation,9364,red,0.05,3,0.0
validation,9364,red,0.05,5,0.0
validation,9364,red,0.1,1,0.0
validation,9364,red,0.1,3,0.0
validation,9364,red,0.1,5,0.0
validation,9364,red,0.2,1,0.0
validation,9364,red,0.2,3,0.0
validation,9364,red,0.2,5,0.0
validation,5587,blue,0.0,1,0.0
validation,5587,blue,0.05,1,0.0
validation,5587,blue,0.05,3,0.0
validation,5587,blue,0.05,5,0.0
validation,5587,blue,0.1,1,0.0
validation,5587,blue,0.1,3,0.0
validation,5587,blue,0.1,5,0.0
validation,5587,blue,0.2,1,17.24015601427594
validation,5587,blue,0.2,3,17.24015601427594
validation,5587,blue,0.2,5,17.24015601427594
validation,5587,red,0.0,1,0.0
validation,5587,red,0.05,1,0.0
validation,5587,red,0.05,3,0.0
validation,5587,red,0.05,5,0.0
validation,5587,red,0.1,1,0.0
validation,5587,red,0.1,3,0.0
validation,5587,red,0.1,5,0.0
validation,5587,red,0.2,1,0.0
validation,5587,red,0.2,3,0.0
validation,5587,red,0.2,5,0.0
validation,11815,blue,0.0,1,0.0
validation,11815,blue,0.05,1,0.0
validation,11815,blue,0.05,3,0.0
validation,11815,blue,0.05,5,0.0
validation,11815,blue,0.1,1,0.0
validation,11815,blue,0.1,3,0.0
validation,11815,blue,0.1,5,0.0
validation,11815,blue,0.2,1,18.093167064143778
validation,11815,blue,0.2,3,18.093167064143778
validation,11815,blue,0.2,5,18.093167064143778
validation,11815,red,0.0,1,0.0
validation,11815,red,0.05,1,0.0
validation,11815,red,0.05,3,0.0
validation,11815,red,0.05,5,0.0
validation,11815,red,0.1,1,0.0
validation,11815,red,0.1,3,0.0
validation,11815,red,0.1,5,0.0
validation,11815,red,0.2,1,0.0
validation,11815,red,0.2,3,0.0
validation,11815,red,0.2,5,0.0
validation,680,blue,0.0,1,0.0
validation,680,blue,0.05,1,17.029922719711323
validation,680,blue,0.05,3,17.029922719711323
validation,680,blue,0.05,5,17.029922719711323
validation,680,blue,0.1,1,17.029922719711323
validation,680,blue,0.1,3,17.029922719711323
validation,680,blue,0.1,5,17.029922719711323
validation,680,blue,0.2,1,51.08976815913396
validation,680,blue,0.2,3,51.08976815913396
validation,680,blue,0.2,5,51.08976815913396
validation,680,red,0.0,1,0.0
validation,680,red,0.05,1,0.0
validation,680,red,0.05,3,0.0
validation,680,red,0.05,5,0.0
validation,680,red,0.1,1,0.0
validation,680,red,0.1,3,0.0
validation,680,red,0.1,5,0.0
validation,680,red,0.2,1,0.0
validation,680,red,0.2,3,0.0
validation,680,red,0.2,5,0.0
validation,12813,blue,0.0,1,0.0
validation,12813,blue,0.05,1,0.0
validation,12813,blue,0.05,3,0.0
validation,12813,blue,0.05,5,0.0
validation,12813,blue,0.1,1,0.0
validation,12813,blue,0.1,3,0.0
validation,12813,blue,0.1,5,0.0
validation,12813,blue,0.2,1,17.85100849803497
validation,12813,blue,0.2,3,17.85100849803497
validation,12813,blue,0.2,5,17.85100849803497
validation,12813,red,0.0,1,0.0
validation,12813,red,0.05,1,0.0
validation,12813,red,0.05,3,0.0
validation,12813,red,0.05,5,0.0
validation,12813,red,0.1,1,0.0
validation,12813,red,0.1,3,0.0
validation,12813,red,0.1,5,0.0
validation,12813,red,0.2,1,0.0
validation,12813,red,0.2,3,0.0
validation,12813,red,0.2,5,0.0
validation,966,blue,0.0,1,0.0
validation,966,blue,0.05,1,0.0
validation,966,blue,0.05,3,0.0
validation,966,blue,0.05,5,0.0
validation,966,blue,0.1,1,0.0
validation,966,blue,0.1,3,0.0
validation,966,blue,0.1,5,0.0
validation,966,blue,0.2,1,0.0
validation,966,blue,0.2,3,0.0
validation,966,blue,0.2,5,0.0
validation,966,red,0.0,1,0.0
validation,966,red,0.05,1,18.674610267660654
validation,966,red,0.05,3,18.674610267660654
validation,966,red,0.05,5,18.674610267660654
validation,966,red,0.1,1,18.674610267660654
validation,966,red,0.1,3,18.674610267660654
validation,966,red,0.1,5,18.674610267660654
validation,966,red,0.2,1,37.34922053532131
validation,966,red,0.2,3,37.34922053532131
validation,966,red,0.2,5,37.34922053532131
validation,10038,blue,0.0,1,0.0
validation,10038,blue,0.05,1,0.0
validation,10038,blue,0.05,3,0.0
validation,10038,blue,0.05,5,0.0
validation,10038,blue,0.1,1,0.0
validation,10038,blue,0.1,3,0.0
validation,10038,blue,0.1,5,0.0
validation,10038,blue,0.2,1,16.926703924298113
validation,10038,blue,0.2,3,16.926703924298113
validation,10038,blue,0.2,5,16.926703924298113
validation,10038,red,0.0,1,0.0
validation,10038,red,0.05,1,0.0
validation,10038,red,0.05,3,0.0
validation,10038,red,0.05,5,0.0
validation,10038,red,0.1,1,0.0
validation,10038,red,0.1,3,0.0
validation,10038,red,0.1,5,0.0
validation,10038,red,0.2,1,0.0
validation,10038,red,0.2,3,0.0
validation,10038,red,0.2,5,0.0
validation,8175,blue,0.0,1,0.0
validation,8175,blue,0.05,1,17.274064410115216
validation,8175,blue,0.05,3,17.274064410115216
validation,8175,blue,0.05,5,17.274064410115216
validation,8175,blue,0.1,1,17.274064410115216
validation,8175,blue,0.1,3,17.274064410115216
validation,8175,blue,0.1,5,17.274064410115216
validation,8175,blue,0.2,1,17.274064410115216
validation,8175,blue,0.2,3,17.274064410115216
validation,8175,blue,0.2,5,17.274064410115216
validation,8175,red,0.0,1,0.0
validation,8175,red,0.05,1,0.0
validation,8175,red,0.05,3,0.0
validation,8175,red,0.05,5,0.0
validation,8175,red,0.1,1,0.0
validation,8175,red,0.1,3,0.0
validation,8175,red,0.1,5,0.0
validation,8175,red,0.2,1,17.274064410115216
validation,8175,red,0.2,3,17.274064410115216
validation,8175,red,0.2,5,17.274064410115216
validation,1395,blue,0.0,1,0.0
validation,1395,blue,0.05,1,0.0
validation,1395,blue,0.05,3,0.0
validation,1395,blue,0.05,5,0.0
validation,1395,blue,0.1,1,18.933032329317058
validation,1395,blue,0.1,3,18.933032329317058
validation,1395,blue,0.1,5,18.933032329317058
validation,1395,blue,0.2,1,18.933032329317058
validation,1395,blue,0.2,3,18.933032329317058
validation,1395,blue,0.2,5,18.933032329317058
validation,1395,red,0.0,1,0.0
validation,1395,red,0.05,1,0.0
validation,1395,red,0.05,3,0.0
validation,1395,red,0.05,5,0.0
validation,1395,red,0.1,1,0.0
validation,1395,red,0.1,3,0.0
validation,1395,red,0.1,5,0.0
validation,1395,red,0.2,1,0.0
validation,1395,red,0.2,3,0.0
validation,1395,red,0.2,5,0.0
validation,4277,blue,0.0,1,0.0
validation,4277,blue,0.05,1,0.0
validation,4277,blue,0.05,3,0.0
validation,4277,blue,0.05,5,0.0
validation,4277,blue,0.1,1,0.0
validation,4277,blue,0.1,3,0.0
validation,4277,blue,0.1,5,0.0
validation,4277,blue,0.2,1,0.0
validation,4277,blue,0.2,3,0.0
validation,4277,blue,0.2,5,0.0
validation,4277,red,0.0,1,0.0
validation,4277,red,0.05,1,0.0
validation,4277,red,0.05,3,0.0
validation,4277,red,0.05,5,0.0
validation,4277,red,0.1,1,0.0
validation,4277,red,0.1,3,0.0
validation,4277,red,0.1,5,0.0
validation,4277,red,0.2,1,0.0
validation,4277,red,0.2,3,0.0
validation,4277,red,0.2,5,0.0
validation,9561,blue,0.0,1,0.0
validation,9561,blue,0.05,1,18.339657004860484
validation,9561,blue,0.05,3,18.339657004860484
validation,9561,blue,0.05,5,18.339657004860484
validation,9561,blue,0.1,1,18.339657004860484
validation,9561,blue,0.1,3,18.339657004860484
validation,9561,blue,0.1,5,18.339657004860484
validation,9561,blue,0.2,1,18.339657004860484
validation,9561,blue,0.2,3,18.339657004860484
validation,9561,blue,0.2,5,18.339657004860484
validation,9561,red,0.0,1,0.0
validation,9561,red,0.05,1,0.0
validation,9561,red,0.05,3,0.0
validation,9561,red,0.05,5,0.0
validation,9561,red,0.1,1,0.0
validation,9561,red,0.1,3,0.0
validation,9561,red,0.1,5,0.0
validation,9561,red,0.2,1,0.0
validation,9561,red,0.2,3,0.0
validation,9561,red,0.2,5,0.0
validation,428,blue,0.0,1,0.0
validation,428,blue,0.05,1,0.0
validation,428,blue,0.05,3,0.0
validation,428,blue,0.05,5,0.0
validation,428,blue,0.1,1,0.0
validation,428,blue,0.1,3,0.0
validation,428,blue,0.1,5,0.0
validation,428,blue,0.2,1,18.97335024287269
validation,428,blue,0.2,3,18.97335024287269
validation,428,blue,0.2,5,18.97335024287269
validation,428,red,0.0,1,0.0
validation,428,red,0.05,1,0.0
validation,428,red,0.05,3,0.0
validation,428,red,0.05,5,0.0
validation,428,red,0.1,1,0.0
validation,428,red,0.1,3,0.0
validation,428,red,0.1,5,0.0
validation,428,red,0.2,1,0.0
validation,428,red,0.2,3,0.0
validation,428,red,0.2,5,0.0
validation,557,blue,0.0,1,0.0
validation,557,blue,0.05,1,0.0
validation,557,blue,0.05,3,0.0
validation,557,blue,0.05,5,0.0
validation,557,blue,0.1,1,18.55658183691361
validation,557,blue,0.1,3,18.55658183691361
validation,557,blue,0.1,5,18.55658183691361
validation,557,blue,0.2,1,37.11316367382722
validation,557,blue,0.2,3,37.11316367382722
validation,557,blue,0.2,5,37.11316367382722
validation,557,red,0.0,1,0.0
validation,557,red,0.05,1,0.0
validation,557,red,0.05,3,0.0
validation,557,red,0.05,5,0.0
validation,557,red,0.1,1,0.0
validation,557,red,0.1,3,0.0
validation,557,red,0.1,5,0.0
validation,557,red,0.2,1,0.0
validation,557,red,0.2,3,0.0
validation,557,red,0.2,5,0.0
validation,1747,blue,0.0,1,0.0
validation,1747,blue,0.05,1,0.0
validation,1747,blue,0.05,3,0.0
validation,1747,blue,0.05,5,0.0
validation,1747,blue,0.1,1,0.0
validation,1747,blue,0.1,3,0.0
validation,1747,blue,0.1,5,0.0
validation,1747,blue,0.2,1,18.107404468452117
validation,1747,blue,0.2,3,18.107404468452117
validation,1747,blue,0.2,5,18.107404468452117
validation,1747,red,0.0,1,0.0
validation,1747,red,0.05,1,18.107404468452117
validation,1747,red,0.05,3,18.107404468452117
validation,1747,red,0.05,5,18.107404468452117
validation,1747,red,0.1,1,18.107404468452117
validation,1747,red,0.1,3,18.107404468452117
validation,1747,red,0.1,5,18.107404468452117
validation,1747,red,0.2,1,18.107404468452117
validation,1747,red,0.2,3,18.107404468452117
validation,1747,red,0.2,5,18.107404468452117
validation,4914,blue,0.0,1,0.0
validation,4914,blue,0.05,1,0.0
validation,4914,blue,0.05,3,0.0
validation,4914,blue,0.05,5,0.0
validation,4914,blue,0.1,1,0.0
validation,4914,blue,0.1,3,0.0
validation,4914,blue,0.1,5,0.0
validation,4914,blue,0.2,1,16.456614793018854
validation,4914,blue,0.2,3,16.456614793018854
validation,4914,blue,0.2,5,16.456614793018854
validation,4914,red,0.0,1,0.0
validation,4914,red,0.05,1,0.0
validation,4914,red,0.05,3,0.0
validation,4914,red,0.05,5,0.0
validation,4914,red,0.1,1,0.0
validation,4914,red,0.1,3,0.0
validation,4914,red,0.1,5,0.0
validation,4914,red,0.2,1,0.0
validation,4914,red,0.2,3,0.0
validation,4914,red,0.2,5,0.0
validation,490,blue,0.0,1,0.0
validation,490,blue,0.05,1,0.0
validation,490,blue,0.05,3,0.0
validation,490,blue,0.05,5,0.0
validation,490,blue,0.1,1,17.732088271038243
validation,490,blue,0.1,3,17.732088271038243
validation,490,blue,0.1,5,17.732088271038243
validation,490,blue,0.2,1,35.46417654207649
validation,490,blue,0.2,3,35.46417654207649
validation,490,blue,0.2,5,35.46417654207649
validation,490,red,0.0,1,0.0
validation,490,red,0.05,1,0.0
validation,490,red,0.05,3,0.0
validation,490,red,0.05,5,0.0
validation,490,red,0.1,1,0.0
validation,490,red,0.1,3,0.0
validation,490,red,0.1,5,0.0
validation,490,red,0.2,1,0.0
validation,490,red,0.2,3,0.0
validation,490,red,0.2,5,0.0
validation,8738,blue,0.0,1,0.0
validation,8738,blue,0.05,1,16.95043749137892
validation,8738,blue,0.05,3,16.95043749137892
validation,8738,blue,0.05,5,16.95043749137892
validation,8738,blue,0.1,1,16.95043749137892
validation,8738,blue,0.1,3,16.95043749137892
validation,8738,blue,0.1,5,16.95043749137892
validation,8738,blue,0.2,1,16.95043749137892
validation,8738,blue,0.2,3,16.95043749137892
validation,8738,blue,0.2,5,16.95043749137892
validation,8738,red,0.0,1,0.0
validation,8738,red,0.05,1,0.0
validation,8738,red,0.05,3,0.0
validation,8738,red,0.05,5,0.0
validation,8738,red,0.1,1,0.0
validation,8738,red,0.1,3,0.0
validation,8738,red,0.1,5,0.0
validation,8738,red,0.2,1,16.95043749137892
validation,8738,red,0.2,3,16.95043749137892
validation,8738,red,0.2,5,16.95043749137892
validation,7029,blue,0.0,1,0.0
validation,7029,blue,0.05,1,0.0
validation,7029,blue,0.05,3,0.0
validation,7029,blue,0.05,5,0.0
validation,7029,blue,0.1,1,16.73849855563174
validation,7029,blue,0.1,3,16.73849855563174
validation,7029,blue,0.1,5,16.73849855563174
validation,7029,blue,0.2,1,16.73849855563174
validation,7029,blue,0.2,3,16.73849855563174
validation,7029,blue,0.2,5,16.73849855563174
validation,7029,red,0.0,1,0.0
validation,7029,red,0.05,1,0.0
validation,7029,red,0.05,3,0.0
validation,7029,red,0.05,5,0.0
validation,7029,red,0.1,1,0.0
validation,7029,red,0.1,3,0.0
validation,7029,red,0.1,5,0.0
validation,7029,red,0.2,1,0.0
validation,7029,red,0.2,3,0.0
validation,7029,red,0.2,5,0.0
validation,10255,blue,0.0,1,0.0
validation,10255,blue,0.05,1,18.900164071209065
validation,10255,blue,0.05,3,18.900164071209065
validation,10255,blue,0.05,5,18.900164071209065
validation,10255,blue,0.1,1,18.900164071209065
validation,10255,blue,0.1,3,18.900164071209065
validation,10255,blue,0.1,5,18.900164071209065
validation,10255,blue,0.2,1,18.900164071209065
validation,10255,blue,0.2,3,18.900164071209065
validation,10255,blue,0.2,5,18.900164071209065
validation,10255,red,0.0,1,0.0
validation,10255,red,0.05,1,0.0
validation,10255,red,0.05,3,0.0
validation,10255,red,0.05,5,0.0
validation,10255,red,0.1,1,0.0
validation,10255,red,0.1,3,0.0
validation,10255,red,0.1,5,0.0
validation,10255,red,0.2,1,0.0
validation,10255,red,0.2,3,0.0
validation,10255,red,0.2,5,0.0
validation,8097,blue,0.0,1,0.0
validation,8097,blue,0.05,1,0.0
validation,8097,blue,0.05,3,0.0
validation,8097,blue,0.05,5,0.0
validation,8097,blue,0.1,1,0.0
validation,8097,blue,0.1,3,0.0
validation,8097,blue,0.1,5,0.0
validation,8097,blue,0.2,1,16.216676379003413
validation,8097,blue,0.2,3,16.216676379003413
validation,8097,blue,0.2,5,16.216676379003413
validation,8097,red,0.0,1,0.0
validation,8097,red,0.05,1,0.0
validation,8097,red,0.05,3,0.0
validation,8097,red,0.05,5,0.0
validation,8097,red,0.1,1,0.0
validation,8097,red,0.1,3,0.0
validation,8097,red,0.1,5,0.0
validation,8097,red,0.2,1,0.0
validation,8097,red,0.2,3,0.0
validation,8097,red,0.2,5,0.0
validation,2291,blue,0.0,1,0.0
validation,2291,blue,0.05,1,0.0
validation,2291,blue,0.05,3,0.0
validation,2291,blue,0.05,5,0.0
validation,2291,blue,0.1,1,0.0
validation,2291,blue,0.1,3,0.0
validation,2291,blue,0.1,5,0.0
validation,2291,blue,0.2,1,36.43113034202905
validation,2291,blue,0.2,3,36.43113034202905
validation,2291,blue,0.2,5,36.43113034202905
validation,2291,red,0.0,1,0.0
validation,2291,red,0.05,1,0.0
validation,2291,red,0.05,3,0.0
validation,2291,red,0.05,5,0.0
validation,2291,red,0.1,1,0.0
validation,2291,red,0.1,3,0.0
validation,2291,red,0.1,5,0.0
validation,2291,red,0.2,1,0.0
validation,2291,red,0.2,3,0.0
validation,2291,red,0.2,5,0.0
validation,8295,blue,0.0,1,0.0
validation,8295,blue,0.05,1,0.0
validation,8295,blue,0.05,3,0.0
validation,8295,blue,0.05,5,0.0
validation,8295,blue,0.1,1,0.0
validation,8295,blue,0.1,3,0.0
validation,8295,blue,0.1,5,0.0
validation,8295,blue,0.2,1,18.38448968741301
validation,8295,blue,0.2,3,18.38448968741301
validation,8295,blue,0.2,5,18.38448968741301
validation,8295,red,0.0,1,0.0
validation,8295,red,0.05,1,0.0
validation,8295,red,0.05,3,0.0
validation,8295,red,0.05,5,0.0
validation,8295,red,0.1,1,0.0
validation,8295,red,0.1,3,0.0
validation,8295,red,0.1,5,0.0
validation,8295,red,0.2,1,0.0
validation,8295,red,0.2,3,0.0
validation,8295,red,0.2,5,0.0
validation,2983,blue,0.0,1,0.0
validation,2983,blue,0.05,1,0.0
validation,2983,blue,0.05,3,0.0
validation,2983,blue,0.05,5,0.0
validation,2983,blue,0.1,1,0.0
validation,2983,blue,0.1,3,0.0
validation,2983,blue,0.1,5,0.0
validation,2983,blue,0.2,1,18.670773314747894
validation,2983,blue,0.2,3,18.670773314747894
validation,2983,blue,0.2,5,18.670773314747894
validation,2983,red,0.0,1,0.0
validation,2983,red,0.05,1,0.0
validation,2983,red,0.05,3,0.0
validation,2983,red,0.05,5,0.0
validation,2983,red,0.1,1,0.0
validation,2983,red,0.1,3,0.0
validation,2983,red,0.1,5,0.0
validation,2983,red,0.2,1,0.0
validation,2983,red,0.2,3,0.0
validation,2983,red,0.2,5,0.0
validation,9586,blue,0.0,1,0.0
validation,9586,blue,0.05,1,0.0
validation,9586,blue,0.05,3,0.0
validation,9586,blue,0.05,5,0.0
validation,9586,blue,0.1,1,0.0
validation,9586,blue,0.1,3,0.0
validation,9586,blue,0.1,5,0.0
validation,9586,blue,0.2,1,16.910815922556793
validation,9586,blue,0.2,3,16.910815922556793
validation,9586,blue,0.2,5,16.910815922556793
validation,9586,red,0.0,1,0.0
validation,9586,red,0.05,1,0.0
validation,9586,red,0.05,3,0.0
validation,9586,red,0.05,5,0.0
validation,9586,red,0.1,1,0.0
validation,9586,red,0.1,3,0.0
validation,9586,red,0.1,5,0.0
validation,9586,red,0.2,1,0.0
validation,9586,red,0.2,3,0.0
validation,9586,red,0.2,5,0.0
validation,10311,blue,0.0,1,0.0
validation,10311,blue,0.05,1,0.0
validation,10311,blue,0.05,3,0.0
validation,10311,blue,0.05,5,0.0
validation,10311,blue,0.1,1,0.0
validation,10311,blue,0.1,3,0.0
validation,10311,blue,0.1,5,0.0
validation,10311,blue,0.2,1,17.154744738870914
validation,10311,blue,0.2,3,17.154744738870914
validation,10311,blue,0.2,5,17.154744738870914
validation,10311,red,0.0,1,0.0
validation,10311,red,0.05,1,0.0
validation,10311,red,0.05,3,0.0
validation,10311,red,0.05,5,0.0
validation,10311,red,0.1,1,0.0
validation,10311,red,0.1,3,0.0
validation,10311,red,0.1,5,0.0
validation,10311,red,0.2,1,17.154744738870914
validation,10311,red,0.2,3,17.154744738870914
validation,10311,red,0.2,5,17.154744738870914
validation,2533,blue,0.0,1,0.0
validation,2533,blue,0.05,1,0.0
validation,2533,blue,0.05,3,0.0
validation,2533,blue,0.05,5,0.0
validation,2533,blue,0.1,1,18.729916967206602
validation,2533,blue,0.1,3,18.729916967206602
validation,2533,blue,0.1,5,18.729916967206602
validation,2533,blue,0.2,1,18.729916967206602
validation,2533,blue,0.2,3,18.729916967206602
validation,2533,blue,0.2,5,18.729916967206602
validation,2533,red,0.0,1,0.0
validation,2533,red,0.05,1,0.0
validation,2533,red,0.05,3,0.0
validation,2533,red,0.05,5,0.0
validation,2533,red,0.1,1,18.729916967206602
validation,2533,red,0.1,3,18.729916967206602
validation,2533,red,0.1,5,18.729916967206602
validation,2533,red,0.2,1,18.729916967206602
validation,2533,red,0.2,3,18.729916967206602
validation,2533,red,0.2,5,18.729916967206602
validation,1471,blue,0.0,1,0.0
validation,1471,blue,0.05,1,0.0
validation,1471,blue,0.05,3,0.0
validation,1471,blue,0.05,5,0.0
validation,1471,blue,0.1,1,0.0
validation,1471,blue,0.1,3,0.0
validation,1471,blue,0.1,5,0.0
validation,1471,blue,0.2,1,16.591051962982483
validation,1471,blue,0.2,3,16.591051962982483
validation,1471,blue,0.2,5,16.591051962982483
validation,1471,red,0.0,1,0.0
validation,1471,red,0.05,1,0.0
validation,1471,red,0.05,3,0.0
validation,1471,red,0.05,5,0.0
validation,1471,red,0.1,1,0.0
validation,1471,red,0.1,3,0.0
validation,1471,red,0.1,5,0.0
validation,1471,red,0.2,1,0.0
validation,1471,red,0.2,3,0.0
validation,1471,red,0.2,5,0.0
validation,6741,blue,0.0,1,0.0
validation,6741,blue,0.05,1,18.747813741223748
validation,6741,blue,0.05,3,18.747813741223748
validation,6741,blue,0.05,5,18.747813741223748
validation,6741,blue,0.1,1,18.747813741223748
validation,6741,blue,0.1,3,18.747813741223748
validation,6741,blue,0.1,5,18.747813741223748
validation,6741,blue,0.2,1,56.24344122367124
validation,6741,blue,0.2,3,56.24344122367124
validation,6741,blue,0.2,5,56.24344122367124
validation,6741,red,0.0,1,0.0
validation,6741,red,0.05,1,0.0
validation,6741,red,0.05,3,0.0
validation,6741,red,0.05,5,0.0
validation,6741,red,0.1,1,0.0
validation,6741,red,0.1,3,0.0
validation,6741,red,0.1,5,0.0
validation,6741,red,0.2,1,0.0
validation,6741,red,0.2,3,0.0
validation,6741,red,0.2,5,0.0
validation,3645,blue,0.0,1,0.0
validation,3645,blue,0.05,1,0.0
validation,3645,blue,0.05,3,0.0
validation,3645,blue,0.05,5,0.0
validation,3645,blue,0.1,1,18.44913422977287
validation,3645,blue,0.1,3,18.44913422977287
validation,3645,blue,0.1,5,18.44913422977287
validation,3645,blue,0.2,1,18.44913422977287
validation,3645,blue,0.2,3,18.44913422977287
validation,3645,blue,0.2,5,18.44913422977287
validation,3645,red,0.0,1,0.0
validation,3645,red,0.05,1,0.0
validation,3645,red,0.05,3,0.0
validation,3645,red,0.05,5,0.0
validation,3645,red,0.1,1,0.0
validation,3645,red,0.1,3,0.0
validation,3645,red,0.1,5,0.0
validation,3645,red,0.2,1,0.0
validation,3645,red,0.2,3,0.0
validation,3645,red,0.2,5,0.0
validation,9550,blue,0.0,1,0.0
validation,9550,blue,0.05,1,0.0
validation,9550,blue,0.05,3,0.0
validation,9550,blue,0.05,5,0.0
validation,9550,blue,0.1,1,18.36265758068851
validation,9550,blue,0.1,3,18.36265758068851
validation,9550,blue,0.1,5,18.36265758068851
validation,9550,blue,0.2,1,18.36265758068851
validation,9550,blue,0.2,3,18.36265758068851
validation,9550,blue,0.2,5,18.36265758068851
validation,9550,red,0.0,1,0.0
validation,9550,red,0.05,1,0.0
validation,9550,red,0.05,3,0.0
validation,9550,red,0.05,5,0.0
validation,9550,red,0.1,1,0.0
validation,9550,red,0.1,3,0.0
validation,9550,red,0.1,5,0.0
validation,9550,red,0.2,1,0.0
validation,9550,red,0.2,3,0.0
validation,9550,red,0.2,5,0.0
validation,9240,blue,0.0,1,0.0
validation,9240,blue,0.05,1,18.904388229733634
validation,9240,blue,0.05,3,18.904388229733634
validation,9240,blue,0.05,5,18.904388229733634
validation,9240,blue,0.1,1,18.904388229733634
validation,9240,blue,0.1,3,18.904388229733634
validation,9240,blue,0.1,5,18.904388229733634
validation,9240,blue,0.2,1,18.904388229733634
validation,9240,blue,0.2,3,18.904388229733634
validation,9240,blue,0.2,5,18.904388229733634
validation,9240,red,0.0,1,0.0
validation,9240,red,0.05,1,0.0
validation,9240,red,0.05,3,0.0
validation,9240,red,0.05,5,0.0
validation,9240,red,0.1,1,0.0
validation,9240,red,0.1,3,0.0
validation,9240,red,0.1,5,0.0
validation,9240,red,0.2,1,18.904388229733634
validation,9240,red,0.2,3,18.904388229733634
validation,9240,red,0.2,5,18.904388229733634
validation,12460,blue,0.0,1,0.0
validation,12460,blue,0.05,1,0.0
validation,12460,blue,0.05,3,0.0
validation,12460,blue,0.05,5,0.0
validation,12460,blue,0.1,1,0.0
validation,12460,blue,0.1,3,0.0
validation,12460,blue,0.1,5,0.0
validation,12460,blue,0.2,1,17.251172412784182
validation,12460,blue,0.2,3,17.251172412784182
validation,12460,blue,0.2,5,17.251172412784182
validation,12460,red,0.0,1,0.0
validation,12460,red,0.05,1,0.0
validation,12460,red,0.05,3,0.0
validation,12460,red,0.05,5,0.0
validation,12460,red,0.1,1,0.0
validation,12460,red,0.1,3,0.0
validation,12460,red,0.1,5,0.0
validation,12460,red,0.2,1,0.0
validation,12460,red,0.2,3,0.0
validation,12460,red,0.2,5,0.0
validation,11659,blue,0.0,1,0.0
validation,11659,blue,0.05,1,0.0
validation,11659,blue,0.05,3,0.0
validation,11659,blue,0.05,5,0.0
validation,11659,blue,0.1,1,0.0
validation,11659,blue,0.1,3,0.0
validation,11659,blue,0.1,5,0.0
validation,11659,blue,0.2,1,18.776213959526224
validation,11659,blue,0.2,3,18.776213959526224
validation,11659,blue,0.2,5,18.776213959526224
validation,11659,red,0.0,1,0.0
validation,11659,red,0.05,1,0.0
validation,11659,red,0.05,3,0.0
validation,11659,red,0.05,5,0.0
validation,11659,red,0.1,1,0.0
validation,11659,red,0.1,3,0.0
validation,11659,red,0.1,5,0.0
validation,11659,red,0.2,1,0.0
validation,11659,red,0.2,3,0.0
validation,11659,red,0.2,5,0.0
validation,950,blue,0.0,1,0.0
validation,950,blue,0.05,1,0.0
validation,950,blue,0.05,3,0.0
validation,950,blue,0.05,5,0.0
validation,950,blue,0.1,1,0.0
validation,950,blue,0.1,3,0.0
validation,950,blue,0.1,5,0.0
validation,950,blue,0.2,1,0.0
validation,950,blue,0.2,3,0.0
validation,950,blue,0.2,5,0.0
validation,950,red,0.0,1,0.0
validation,950,red,0.05,1,18.30722863099564
validation,950,red,0.05,3,18.30722863099564
validation,950,red,0.05,5,18.30722863099564
validation,950,red,0.1,1,18.30722863099564
validation,950,red,0.1,3,18.30722863099564
validation,950,red,0.1,5,18.30722863099564
validation,950,red,0.2,1,18.30722863099564
validation,950,red,0.2,3,18.30722863099564
validation,950,red,0.2,5,18.30722863099564
validation,4191,blue,0.0,1,0.0
validation,4191,blue,0.05,1,0.0
validation,4191,blue,0.05,3,0.0
validation,4191,blue,0.05,5,0.0
validation,4191,blue,0.1,1,0.0
validation,4191,blue,0.1,3,0.0
validation,4191,blue,0.1,5,0.0
validation,4191,blue,0.2,1,18.86419017061914
validation,4191,blue,0.2,3,18.86419017061914
validation,4191,blue,0.2,5,18.86419017061914
validation,4191,red,0.0,1,0.0
validation,4191,red,0.05,1,0.0
validation,4191,red,0.05,3,0.0
validation,4191,red,0.05,5,0.0
validation,4191,red,0.1,1,0.0
validation,4191,red,0.1,3,0.0
validation,4191,red,0.1,5,0.0
validation,4191,red,0.2,1,0.0
validation,4191,red,0.2,3,0.0
validation,4191,red,0.2,5,0.0
validation,4228,blue,0.0,1,0.0
validation,4228,blue,0.05,1,0.0
validation,4228,blue,0.05,3,0.0
validation,4228,blue,0.05,5,0.0
validation,4228,blue,0.1,1,0.0
validation,4228,blue,0.1,3,0.0
validation,4228,blue,0.1,5,0.0
validation,4228,blue,0.2,1,16.903197303111597
validation,4228,blue,0.2,3,16.903197303111597
validation,4228,blue,0.2,5,16.903197303111597
validation,4228,red,0.0,1,0.0
validation,4228,red,0.05,1,0.0
validation,4228,red,0.05,3,0.0
validation,4228,red,0.05,5,0.0
validation,4228,red,0.1,1,0.0
validation,4228,red,0.1,3,0.0
validation,4228,red,0.1,5,0.0
validation,4228,red,0.2,1,0.0
validation,4228,red,0.2,3,0.0
validation,4228,red,0.2,5,0.0
validation,9651,blue,0.0,1,0.0
validation,9651,blue,0.05,1,0.0
validation,9651,blue,0.05,3,0.0
validation,9651,blue,0.05,5,0.0
validation,9651,blue,0.1,1,0.0
validation,9651,blue,0.1,3,0.0
validation,9651,blue,0.1,5,0.0
validation,9651,blue,0.2,1,17.86570525094099
validation,9651,blue,0.2,3,17.86570525094099
validation,9651,blue,0.2,5,17.86570525094099
validation,9651,red,0.0,1,0.0
validation,9651,red,0.05,1,0.0
validation,9651,red,0.05,3,0.0
validation,9651,red,0.05,5,0.0
validation,9651,red,0.1,1,0.0
validation,9651,red,0.1,3,0.0
validation,9651,red,0.1,5,0.0
validation,9651,red,0.2,1,0.0
validation,9651,red,0.2,3,0.0
validation,9651,red,0.2,5,0.0
validation,10731,blue,0.0,1,0.0
validation,10731,blue,0.05,1,0.0
validation,10731,blue,0.05,3,0.0
validation,10731,blue,0.05,5,0.0
validation,10731,blue,0.1,1,0.0
validation,10731,blue,0.1,3,0.0
validation,10731,blue,0.1,5,0.0
validation,10731,blue,0.2,1,18.86937312818982
validation,10731,blue,0.2,3,18.86937312818982
validation,10731,blue,0.2,5,18.86937312818982
validation,10731,red,0.0,1,0.0
validation,10731,red,0.05,1,0.0
validation,10731,red,0.05,3,0.0
validation,10731,red,0.05,5,0.0
validation,10731,red,0.1,1,0.0
validation,10731,red,0.1,3,0.0
validation,10731,red,0.1,5,0.0
validation,10731,red,0.2,1,0.0
validation,10731,red,0.2,3,0.0
validation,10731,red,0.2,5,0.0
validation,9682,blue,0.0,1,0.0
validation,9682,blue,0.05,1,17.03710966420799
validation,9682,blue,0.05,3,17.03710966420799
validation,9682,blue,0.05,5,17.03710966420799
validation,9682,blue,0.1,1,17.03710966420799
validation,9682,blue,0.1,3,17.03710966420799
validation,9682,blue,0.1,5,17.03710966420799
validation,9682,blue,0.2,1,34.07421932841598
validation,9682,blue,0.2,3,34.07421932841598
validation,9682,blue,0.2,5,34.07421932841598
validation,9682,red,0.0,1,0.0
validation,9682,red,0.05,1,0.0
validation,9682,red,0.05,3,0.0
validation,9682,red,0.05,5,0.0
validation,9682,red,0.1,1,0.0
validation,9682,red,0.1,3,0.0
validation,9682,red,0.1,5,0.0
validation,9682,red,0.2,1,0.0
validation,9682,red,0.2,3,0.0
validation,9682,red,0.2,5,0.0
validation,10724,blue,0.0,1,0.0
validation,10724,blue,0.05,1,0.0
validation,10724,blue,0.05,3,0.0
validation,10724,blue,0.05,5,0.0
validation,10724,blue,0.1,1,18.83664666474006
validation,10724,blue,0.1,3,18.83664666474006
validation,10724,blue,0.1,5,18.83664666474006
validation,10724,blue,0.2,1,18.83664666474006
validation,10724,blue,0.2,3,18.83664666474006
validation,10724,blue,0.2,5,18.83664666474006
validation,10724,red,0.0,1,0.0
validation,10724,red,0.05,1,0.0
validation,10724,red,0.05,3,0.0
validation,10724,red,0.05,5,0.0
validation,10724,red,0.1,1,0.0
validation,10724,red,0.1,3,0.0
validation,10724,red,0.1,5,0.0
validation,10724,red,0.2,1,18.83664666474006
validation,10724,red,0.2,3,18.83664666474006
validation,10724,red,0.2,5,18.83664666474006
validation,1773,blue,0.0,1,0.0
validation,1773,blue,0.05,1,18.80399562516933
validation,1773,blue,0.05,3,18.80399562516933
validation,1773,blue,0.05,5,18.80399562516933
validation,1773,blue,0.1,1,18.80399562516933
validation,1773,blue,0.1,3,18.80399562516933
validation,1773,blue,0.1,5,18.80399562516933
validation,1773,blue,0.2,1,18.80399562516933
validation,1773,blue,0.2,3,18.80399562516933
validation,1773,blue,0.2,5,18.80399562516933
validation,1773,red,0.0,1,0.0
validation,1773,red,0.05,1,0.0
validation,1773,red,0.05,3,0.0
validation,1773,red,0.05,5,0.0
validation,1773,red,0.1,1,0.0
validation,1773,red,0.1,3,0.0
validation,1773,red,0.1,5,0.0
validation,1773,red,0.2,1,0.0
validation,1773,red,0.2,3,0.0
validation,1773,red,0.2,5,0.0
validation,4234,blue,0.0,1,0.0
validation,4234,blue,0.05,1,0.0
validation,4234,blue,0.05,3,0.0
validation,4234,blue,0.05,5,0.0
validation,4234,blue,0.1,1,0.0
validation,4234,blue,0.1,3,0.0
validation,4234,blue,0.1,5,0.0
validation,4234,blue,0.2,1,16.094081100652442
validation,4234,blue,0.2,3,16.094081100652442
validation,4234,blue,0.2,5,16.094081100652442
validation,4234,red,0.0,1,0.0
validation,4234,red,0.05,1,0.0
validation,4234,red,0.05,3,0.0
validation,4234,red,0.05,5,0.0
validation,4234,red,0.1,1,0.0
validation,4234,red,0.1,3,0.0
validation,4234,red,0.1,5,0.0
validation,4234,red,0.2,1,0.0
validation,4234,red,0.2,3,0.0
validation,4234,red,0.2,5,0.0
validation,8729,blue,0.0,1,0.0
validation,8729,blue,0.05,1,17.36020104671036
validation,8729,blue,0.05,3,17.36020104671036
validation,8729,blue,0.05,5,17.36020104671036
validation,8729,blue,0.1,1,17.36020104671036
validation,8729,blue,0.1,3,17.36020104671036
validation,8729,blue,0.1,5,17.36020104671036
validation,8729,blue,0.2,1,17.36020104671036
validation,8729,blue,0.2,3,17.36020104671036
validation,8729,blue,0.2,5,17.36020104671036
validation,8729,red,0.0,1,0.0
validation,8729,red,0.05,1,0.0
validation,8729,red,0.05,3,0.0
validation,8729,red,0.05,5,0.0
validation,8729,red,0.1,1,0.0
validation,8729,red,0.1,3,0.0
validation,8729,red,0.1,5,0.0
validation,8729,red,0.2,1,0.0
validation,8729,red,0.2,3,0.0
validation,8729,red,0.2,5,0.0
validation,7314,blue,0.0,1,0.0
validation,7314,blue,0.05,1,0.0
validation,7314,blue,0.05,3,0.0
validation,7314,blue,0.05,5,0.0
validation,7314,blue,0.1,1,0.0
validation,7314,blue,0.1,3,0.0
validation,7314,blue,0.1,5,0.0
validation,7314,blue,0.2,1,18.957183630206103
validation,7314,blue,0.2,3,18.957183630206103
validation,7314,blue,0.2,5,18.957183630206103
validation,7314,red,0.0,1,0.0
validation,7314,red,0.05,1,0.0
validation,7314,red,0.05,3,0.0
validation,7314,red,0.05,5,0.0
validation,7314,red,0.1,1,0.0
validation,7314,red,0.1,3,0.0
validation,7314,red,0.1,5,0.0
validation,7314,red,0.2,1,0.0
validation,7314,red,0.2,3,0.0
validation,7314,red,0.2,5,0.0
validation,4192,blue,0.0,1,0.0
validation,4192,blue,0.05,1,18.816239957760608
validation,4192,blue,0.05,3,18.816239957760608
validation,4192,blue,0.05,5,18.816239957760608
validation,4192,blue,0.1,1,18.816239957760608
validation,4192,blue,0.1,3,18.816239957760608
validation,4192,blue,0.1,5,18.816239957760608
validation,4192,blue,0.2,1,18.816239957760608
validation,4192,blue,0.2,3,18.816239957760608
validation,4192,blue,0.2,5,18.816239957760608
validation,4192,red,0.0,1,0.0
validation,4192,red,0.05,1,0.0
validation,4192,red,0.05,3,0.0
validation,4192,red,0.05,5,0.0
validation,4192,red,0.1,1,0.0
validation,4192,red,0.1,3,0.0
validation,4192,red,0.1,5,0.0
validation,4192,red,0.2,1,0.0
validation,4192,red,0.2,3,0.0
validation,4192,red,0.2,5,0.0
validation,12617,blue,0.0,1,0.0
validation,12617,blue,0.05,1,0.0
validation,12617,blue,0.05,3,0.0
validation,12617,blue,0.05,5,0.0
validation,12617,blue,0.1,1,0.0
validation,12617,blue,0.1,3,0.0
validation,12617,blue,0.1,5,0.0
validation,12617,blue,0.2,1,18.112025454636083
validation,12617,blue,0.2,3,18.112025454636083
validation,12617,blue,0.2,5,18.112025454636083
validation,12617,red,0.0,1,0.0
validation,12617,red,0.05,1,0.0
validation,12617,red,0.05,3,0.0
validation,12617,red,0.05,5,0.0
validation,12617,red,0.1,1,0.0
validation,12617,red,0.1,3,0.0
validation,12617,red,0.1,5,0.0
validation,12617,red,0.2,1,0.0
validation,12617,red,0.2,3,0.0
validation,12617,red,0.2,5,0.0
validation,4736,blue,0.0,1,0.0
validation,4736,blue,0.05,1,0.0
validation,4736,blue,0.05,3,0.0
validation,4736,blue,0.05,5,0.0
validation,4736,blue,0.1,1,0.0
validation,4736,blue,0.1,3,0.0
validation,4736,blue,0.1,5,0.0
validation,4736,blue,0.2,1,17.018695970469913
validation,4736,blue,0.2,3,17.018695970469913
validation,4736,blue,0.2,5,17.018695970469913
validation,4736,red,0.0,1,0.0
validation,4736,red,0.05,1,0.0
validation,4736,red,0.05,3,0.0
validation,4736,red,0.05,5,0.0
validation,4736,red,0.1,1,0.0
validation,4736,red,0.1,3,0.0
validation,4736,red,0.1,5,0.0
validation,4736,red,0.2,1,0.0
validation,4736,red,0.2,3,0.0
validation,4736,red,0.2,5,0.0
validation,11246,blue,0.0,1,0.0
validation,11246,blue,0.05,1,17.35931836639919
validation,11246,blue,0.05,3,17.35931836639919
validation,11246,blue,0.05,5,17.35931836639919
validation,11246,blue,0.1,1,17.35931836639919
validation,11246,blue,0.1,3,17.35931836639919
validation,11246,blue,0.1,5,17.35931836639919
validation,11246,blue,0.2,1,17.35931836639919
validation,11246,blue,0.2,3,17.35931836639919
validation,11246,blue,0.2,5,17.35931836639919
validation,11246,red,0.0,1,0.0
validation,11246,red,0.05,1,0.0
validation,11246,red,0.05,3,0.0
validation,11246,red,0.05,5,0.0
validation,11246,red,0.1,1,0.0
validation,11246,red,0.1,3,0.0
validation,11246,red,0.1,5,0.0
validation,11246,red,0.2,1,0.0
validation,11246,red,0.2,3,0.0
validation,11246,red,0.2,5,0.0
validation,42,blue,0.0,1,0.0
validation,42,blue,0.05,1,18.14308648030305
validation,42,blue,0.05,3,18.14308648030305
validation,42,blue,0.05,5,18.14308648030305
validation,42,blue,0.1,1,18.14308648030305
validation,42,blue,0.1,3,18.14308648030305
validation,42,blue,0.1,5,18.14308648030305
validation,42,blue,0.2,1,18.14308648030305
validation,42,blue,0.2,3,18.14308648030305
validation,42,blue,0.2,5,18.14308648030305
validation,42,red,0.0,1,0.0
validation,42,red,0.05,1,0.0
validation,42,red,0.05,3,0.0
validation,42,red,0.05,5,0.0
validation,42,red,0.1,1,0.0
validation,42,red,0.1,3,0.0
validation,42,red,0.1,5,0.0
validation,42,red,0.2,1,0.0
validation,42,red,0.2,3,0.0
validation,42,red,0.2,5,0.0
validation,3910,blue,0.0,1,0.0
validation,3910,blue,0.05,1,18.432730715508665
validation,3910,blue,0.05,3,18.432730715508665
validation,3910,blue,0.05,5,18.432730715508665
validation,3910,blue,0.1,1,18.432730715508665
validation,3910,blue,0.1,3,18.432730715508665
validation,3910,blue,0.1,5,18.432730715508665
validation,3910,blue,0.2,1,18.432730715508665
validation,3910,blue,0.2,3,18.432730715508665
validation,3910,blue,0.2,5,18.432730715508665
validation,3910,red,0.0,1,0.0
validation,3910,red,0.05,1,0.0
validation,3910,red,0.05,3,0.0
validation,3910,red,0.05,5,0.0
validation,3910,red,0.1,1,0.0
validation,3910,red,0.1,3,0.0
validation,3910,red,0.1,5,0.0
validation,3910,red,0.2,1,0.0
validation,3910,red,0.2,3,0.0
validation,3910,red,0.2,5,0.0
validation,5227,blue,0.0,1,0.0
validation,5227,blue,0.05,1,0.0
validation,5227,blue,0.05,3,0.0
validation,5227,blue,0.05,5,0.0
validation,5227,blue,0.1,1,0.0
validation,5227,blue,0.1,3,0.0
validation,5227,blue,0.1,5,0.0
validation,5227,blue,0.2,1,35.864157177976125
validation,5227,blue,0.2,3,35.864157177976125
validation,5227,blue,0.2,5,35.864157177976125
validation,5227,red,0.0,1,0.0
validation,5227,red,0.05,1,0.0
validation,5227,red,0.05,3,0.0
validation,5227,red,0.05,5,0.0
validation,5227,red,0.1,1,0.0
validation,5227,red,0.1,3,0.0
validation,5227,red,0.1,5,0.0
validation,5227,red,0.2,1,0.0
validation,5227,red,0.2,3,0.0
validation,5227,red,0.2,5,0.0
validation,2665,blue,0.0,1,0.0
validation,2665,blue,0.05,1,0.0
validation,2665,blue,0.05,3,0.0
validation,2665,blue,0.05,5,0.0
validation,2665,blue,0.1,1,0.0
validation,2665,blue,0.1,3,0.0
validation,2665,blue,0.1,5,0.0
validation,2665,blue,0.2,1,16.905523477353704
validation,2665,blue,0.2,3,16.905523477353704
validation,2665,blue,0.2,5,16.905523477353704
validation,2665,red,0.0,1,0.0
validation,2665,red,0.05,1,0.0
validation,2665,red,0.05,3,0.0
validation,2665,red,0.05,5,0.0
validation,2665,red,0.1,1,0.0
validation,2665,red,0.1,3,0.0
validation,2665,red,0.1,5,0.0
validation,2665,red,0.2,1,0.0
validation,2665,red,0.2,3,0.0
validation,2665,red,0.2,5,0.0
validation,8575,blue,0.0,1,0.0
validation,8575,blue,0.05,1,18.06367855120026
validation,8575,blue,0.05,3,18.06367855120026
validation,8575,blue,0.05,5,18.06367855120026
validation,8575,blue,0.1,1,18.06367855120026
validation,8575,blue,0.1,3,18.06367855120026
validation,8575,blue,0.1,5,18.06367855120026
validation,8575,blue,0.2,1,54.19103565360077
validation,8575,blue,0.2,3,54.19103565360077
validation,8575,blue,0.2,5,54.19103565360077
validation,8575,red,0.0,1,0.0
validation,8575,red,0.05,1,0.0
validation,8575,red,0.05,3,0.0
validation,8575,red,0.05,5,0.0
validation,8575,red,0.1,1,0.0
validation,8575,red,0.1,3,0.0
validation,8575,red,0.1,5,0.0
validation,8575,red,0.2,1,0.0
validation,8575,red,0.2,3,0.0
validation,8575,red,0.2,5,0.0
validation,12065,blue,0.0,1,0.0
validation,12065,blue,0.05,1,0.0
validation,12065,blue,0.05,3,0.0
validation,12065,blue,0.05,5,0.0
validation,12065,blue,0.1,1,0.0
validation,12065,blue,0.1,3,0.0
validation,12065,blue,0.1,5,0.0
validation,12065,blue,0.2,1,18.01211577767829
validation,12065,blue,0.2,3,18.01211577767829
validation,12065,blue,0.2,5,18.01211577767829
validation,12065,red,0.0,1,0.0
validation,12065,red,0.05,1,0.0
validation,12065,red,0.05,3,0.0
validation,12065,red,0.05,5,0.0
validation,12065,red,0.1,1,0.0
validation,12065,red,0.1,3,0.0
validation,12065,red,0.1,5,0.0
validation,12065,red,0.2,1,0.0
validation,12065,red,0.2,3,0.0
validation,12065,red,0.2,5,0.0
validation,12540,blue,0.0,1,0.0
validation,12540,blue,0.05,1,16.876452415067924
validation,12540,blue,0.05,3,16.876452415067924
validation,12540,blue,0.05,5,16.876452415067924
validation,12540,blue,0.1,1,16.876452415067924
validation,12540,blue,0.1,3,16.876452415067924
validation,12540,blue,0.1,5,16.876452415067924
validation,12540,blue,0.2,1,16.876452415067924
validation,12540,blue,0.2,3,16.876452415067924
validation,12540,blue,0.2,5,16.876452415067924
validation,12540,red,0.0,1,0.0
validation,12540,red,0.05,1,0.0
validation,12540,red,0.05,3,0.0
validation,12540,red,0.05,5,0.0
validation,12540,red,0.1,1,0.0
validation,12540,red,0.1,3,0.0
validation,12540,red,0.1,5,0.0
validation,12540,red,0.2,1,0.0
validation,12540,red,0.2,3,0.0
validation,12540,red,0.2,5,0.0
validation,2564,blue,0.0,1,0.0
validation,2564,blue,0.05,1,0.0
validation,2564,blue,0.05,3,0.0
validation,2564,blue,0.05,5,0.0
validation,2564,blue,0.1,1,0.0
validation,2564,blue,0.1,3,0.0
validation,2564,blue,0.1,5,0.0
validation,2564,blue,0.2,1,16.681624728736697
validation,2564,blue,0.2,3,16.681624728736697
validation,2564,blue,0.2,5,16.681624728736697
validation,2564,red,0.0,1,0.0
validation,2564,red,0.05,1,0.0
validation,2564,red,0.05,3,0.0
validation,2564,red,0.05,5,0.0
validation,2564,red,0.1,1,0.0
validation,2564,red,0.1,3,0.0
validation,2564,red,0.1,5,0.0
validation,2564,red,0.2,1,0.0
validation,2564,red,0.2,3,0.0
validation,2564,red,0.2,5,0.0
validation,4148,blue,0.0,1,0.0
validation,4148,blue,0.05,1,0.0
validation,4148,blue,0.05,3,0.0
validation,4148,blue,0.05,5,0.0
validation,4148,blue,0.1,1,0.0
validation,4148,blue,0.1,3,0.0
validation,4148,blue,0.1,5,0.0
validation,4148,blue,0.2,1,37.992853483377836
validation,4148,blue,0.2,3,37.992853483377836
validation,4148,blue,0.2,5,37.992853483377836
validation,4148,red,0.0,1,0.0
validation,4148,red,0.05,1,0.0
validation,4148,red,0.05,3,0.0
validation,4148,red,0.05,5,0.0
validation,4148,red,0.1,1,0.0
validation,4148,red,0.1,3,0.0
validation,4148,red,0.1,5,0.0
validation,4148,red,0.2,1,0.0
validation,4148,red,0.2,3,0.0
validation,4148,red,0.2,5,0.0
validation,1746,blue,0.0,1,0.0
validation,1746,blue,0.05,1,18.911681347625766
validation,1746,blue,0.05,3,18.911681347625766
validation,1746,blue,0.05,5,18.911681347625766
validation,1746,blue,0.1,1,18.911681347625766
validation,1746,blue,0.1,3,18.911681347625766
validation,1746,blue,0.1,5,18.911681347625766
validation,1746,blue,0.2,1,18.911681347625766
validation,1746,blue,0.2,3,18.911681347625766
validation,1746,blue,0.2,5,18.911681347625766
validation,1746,red,0.0,1,0.0
validation,1746,red,0.05,1,0.0
validation,1746,red,0.05,3,0.0
validation,1746,red,0.05,5,0.0
validation,1746,red,0.1,1,0.0
validation,1746,red,0.1,3,0.0
validation,1746,red,0.1,5,0.0
validation,1746,red,0.2,1,0.0
validation,1746,red,0.2,3,0.0
validation,1746,red,0.2,5,0.0
validation,11114,blue,0.0,1,0.0
validation,11114,blue,0.05,1,18.71394222928656
validation,11114,blue,0.05,3,18.71394222928656
validation,11114,blue,0.05,5,18.71394222928656
validation,11114,blue,0.1,1,18.71394222928656
validation,11114,blue,0.1,3,18.71394222928656
validation,11114,blue,0.1,5,18.71394222928656
validation,11114,blue,0.2,1,18.71394222928656
validation,11114,blue,0.2,3,18.71394222928656
validation,11114,blue,0.2,5,18.71394222928656
validation,11114,red,0.0,1,0.0
validation,11114,red,0.05,1,0.0
validation,11114,red,0.05,3,0.0
validation,11114,red,0.05,5,0.0
validation,11114,red,0.1,1,0.0
validation,11114,red,0.1,3,0.0
validation,11114,red,0.1,5,0.0
validation,11114,red,0.2,1,0.0
validation,11114,red,0.2,3,0.0
validation,11114,red,0.2,5,0.0
validation,1762,blue,0.0,1,0.0
validation,1762,blue,0.05,1,0.0
validation,1762,blue,0.05,3,0.0
validation,1762,blue,0.05,5,0.0
validation,1762,blue,0.1,1,0.0
validation,1762,blue,0.1,3,0.0
validation,1762,blue,0.1,5,0.0
validation,1762,blue,0.2,1,17.501341886527165
validation,1762,blue,0.2,3,17.501341886527165
validation,1762,blue,0.2,5,17.501341886527165
validation,1762,red,0.0,1,0.0
validation,1762,red,0.05,1,0.0
validation,1762,red,0.05,3,0.0
validation,1762,red,0.05,5,0.0
validation,1762,red,0.1,1,0.0
validation,1762,red,0.1,3,0.0
validation,1762,red,0.1,5,0.0
validation,1762,red,0.2,1,0.0
validation,1762,red,0.2,3,0.0
validation,1762,red,0.2,5,0.0
validation,5061,blue,0.0,1,0.0
validation,5061,blue,0.05,1,16.1085771942105
validation,5061,blue,0.05,3,16.1085771942105
validation,5061,blue,0.05,5,16.1085771942105
validation,5061,blue,0.1,1,16.1085771942105
validation,5061,blue,0.1,3,16.1085771942105
validation,5061,blue,0.1,5,16.1085771942105
validation,5061,blue,0.2,1,16.1085771942105
validation,5061,blue,0.2,3,16.1085771942105
validation,5061,blue,0.2,5,16.1085771942105
validation,5061,red,0.0,1,0.0
validation,5061,red,0.05,1,0.0
validation,5061,red,0.05,3,0.0
validation,5061,red,0.05,5,0.0
validation,5061,red,0.1,1,0.0
validation,5061,red,0.1,3,0.0
validation,5061,red,0.1,5,0.0
validation,5061,red,0.2,1,0.0
validation,5061,red,0.2,3,0.0
validation,5061,red,0.2,5,0.0
validation,10573,blue,0.0,1,0.0
validation,10573,blue,0.05,1,0.0
validation,10573,blue,0.05,3,0.0
validation,10573,blue,0.05,5,0.0
validation,10573,blue,0.1,1,16.90168156460187
validation,10573,blue,0.1,3,16.90168156460187
validation,10573,blue,0.1,5,16.90168156460187
validation,10573,blue,0.2,1,33.80336312920374
validation,10573,blue,0.2,3,33.80336312920374
validation,10573,blue,0.2,5,118.31177095221308
validation,10573,red,0.0,1,0.0
validation,10573,red,0.05,1,0.0
validation,10573,red,0.05,3,0.0
validation,10573,red,0.05,5,0.0
validation,10573,red,0.1,1,0.0
validation,10573,red,0.1,3,0.0
validation,10573,red,0.1,5,0.0
validation,10573,red,0.2,1,0.0
validation,10573,red,0.2,3,0.0
validation,10573,red,0.2,5,0.0
validation,5378,blue,0.0,1,0.0
validation,5378,blue,0.05,1,0.0
validation,5378,blue,0.05,3,0.0
validation,5378,blue,0.05,5,0.0
validation,5378,blue,0.1,1,0.0
validation,5378,blue,0.1,3,0.0
validation,5378,blue,0.1,5,0.0
validation,5378,blue,0.2,1,17.513198139078973
validation,5378,blue,0.2,3,17.513198139078973
validation,5378,blue,0.2,5,17.513198139078973
validation,5378,red,0.0,1,0.0
validation,5378,red,0.05,1,0.0
validation,5378,red,0.05,3,0.0
validation,5378,red,0.05,5,0.0
validation,5378,red,0.1,1,0.0
validation,5378,red,0.1,3,0.0
validation,5378,red,0.1,5,0.0
validation,5378,red,0.2,1,0.0
validation,5378,red,0.2,3,0.0
validation,5378,red,0.2,5,0.0
validation,9928,blue,0.0,1,0.0
validation,9928,blue,0.05,1,0.0
validation,9928,blue,0.05,3,0.0
validation,9928,blue,0.05,5,0.0
validation,9928,blue,0.1,1,17.055122694434203
validation,9928,blue,0.1,3,17.055122694434203
validation,9928,blue,0.1,5,17.055122694434203
validation,9928,blue,0.2,1,34.11024538886841
validation,9928,blue,0.2,3,34.11024538886841
validation,9928,blue,0.2,5,34.11024538886841
validation,9928,red,0.0,1,0.0
validation,9928,red,0.05,1,0.0
validation,9928,red,0.05,3,0.0
validation,9928,red,0.05,5,0.0
validation,9928,red,0.1,1,0.0
validation,9928,red,0.1,3,0.0
validation,9928,red,0.1,5,0.0
validation,9928,red,0.2,1,0.0
validation,9928,red,0.2,3,0.0
validation,9928,red,0.2,5,0.0
validation,6696,blue,0.0,1,0.0
validation,6696,blue,0.05,1,0.0
validation,6696,blue,0.05,3,0.0
validation,6696,blue,0.05,5,0.0
validation,6696,blue,0.1,1,17.57893536676828
validation,6696,blue,0.1,3,17.57893536676828
validation,6696,blue,0.1,5,17.57893536676828
validation,6696,blue,0.2,1,52.73680610030485
validation,6696,blue,0.2,3,52.73680610030485
validation,6696,blue,0.2,5,52.73680610030485
validation,6696,red,0.0,1,0.0
validation,6696,red,0.05,1,0.0
validation,6696,red,0.05,3,0.0
validation,6696,red,0.05,5,0.0
validation,6696,red,0.1,1,0.0
validation,6696,red,0.1,3,0.0
validation,6696,red,0.1,5,0.0
validation,6696,red,0.2,1,0.0
validation,6696,red,0.2,3,0.0
validation,6696,red,0.2,5,0.0
validation,837,blue,0.0,1,0.0
validation,837,blue,0.05,1,0.0
validation,837,blue,0.05,3,0.0
validation,837,blue,0.05,5,0.0
validation,837,blue,0.1,1,18.253846373731697
validation,837,blue,0.1,3,18.253846373731697
validation,837,blue,0.1,5,18.253846373731697
validation,837,blue,0.2,1,18.253846373731697
validation,837,blue,0.2,3,18.253846373731697
validation,837,blue,0.2,5,18.253846373731697
validation,837,red,0.0,1,0.0
validation,837,red,0.05,1,0.0
validation,837,red,0.05,3,0.0
validation,837,red,0.05,5,0.0
validation,837,red,0.1,1,0.0
validation,837,red,0.1,3,0.0
validation,837,red,0.1,5,0.0
validation,837,red,0.2,1,0.0
validation,837,red,0.2,3,0.0
validation,837,red,0.2,5,0.0
validation,2324,blue,0.0,1,0.0
validation,2324,blue,0.05,1,0.0
validation,2324,blue,0.05,3,0.0
validation,2324,blue,0.05,5,0.0
validation,2324,blue,0.1,1,17.923147627690142
validation,2324,blue,0.1,3,17.923147627690142
validation,2324,blue,0.1,5,17.923147627690142
validation,2324,blue,0.2,1,35.846295255380284
validation,2324,blue,0.2,3,35.846295255380284
validation,2324,blue,0.2,5,35.846295255380284
validation,2324,red,0.0,1,0.0
validation,2324,red,0.05,1,0.0
validation,2324,red,0.05,3,0.0
validation,2324,red,0.05,5,0.0
validation,2324,red,0.1,1,0.0
validation,2324,red,0.1,3,0.0
validation,2324,red,0.1,5,0.0
validation,2324,red,0.2,1,0.0
validation,2324,red,0.2,3,0.0
validation,2324,red,0.2,5,0.0
validation,3586,blue,0.0,1,0.0
validation,3586,blue,0.05,1,0.0
validation,3586,blue,0.05,3,0.0
validation,3586,blue,0.05,5,0.0
validation,3586,blue,0.1,1,17.28549842578814
validation,3586,blue,0.1,3,17.28549842578814
validation,3586,blue,0.1,5,17.28549842578814
validation,3586,blue,0.2,1,17.28549842578814
validation,3586,blue,0.2,3,17.28549842578814
validation,3586,blue,0.2,5,17.28549842578814
validation,3586,red,0.0,1,0.0
validation,3586,red,0.05,1,0.0
validation,3586,red,0.05,3,0.0
validation,3586,red,0.05,5,0.0
validation,3586,red,0.1,1,0.0
validation,3586,red,0.1,3,0.0
validation,3586,red,0.1,5,0.0
validation,3586,red,0.2,1,0.0
validation,3586,red,0.2,3,0.0
validation,3586,red,0.2,5,0.0
validation,9892,blue,0.0,1,0.0
validation,9892,blue,0.05,1,18.417164086442384
validation,9892,blue,0.05,3,18.417164086442384
validation,9892,blue,0.05,5,18.417164086442384
validation,9892,blue,0.1,1,18.417164086442384
validation,9892,blue,0.1,3,18.417164086442384
validation,9892,blue,0.1,5,18.417164086442384
validation,9892,blue,0.2,1,36.83432817288477
validation,9892,blue,0.2,3,36.83432817288477
validation,9892,blue,0.2,5,36.83432817288477
validation,9892,red,0.0,1,0.0
validation,9892,red,0.05,1,0.0
validation,9892,red,0.05,3,0.0
validation,9892,red,0.05,5,0.0
validation,9892,red,0.1,1,0.0
validation,9892,red,0.1,3,0.0
validation,9892,red,0.1,5,0.0
validation,9892,red,0.2,1,0.0
validation,9892,red,0.2,3,0.0
validation,9892,red,0.2,5,0.0
validation,12680,blue,0.0,1,0.0
validation,12680,blue,0.05,1,0.0
validation,12680,blue,0.05,3,0.0
validation,12680,blue,0.05,5,0.0
validation,12680,blue,0.1,1,0.0
validation,12680,blue,0.1,3,0.0
validation,12680,blue,0.1,5,0.0
validation,12680,blue,0.2,1,17.664812826092945
validation,12680,blue,0.2,3,17.664812826092945
validation,12680,blue,0.2,5,17.664812826092945
validation,12680,red,0.0,1,0.0
validation,12680,red,0.05,1,0.0
validation,12680,red,0.05,3,0.0
validation,12680,red,0.05,5,0.0
validation,12680,red,0.1,1,0.0
validation,12680,red,0.1,3,0.0
validation,12680,red,0.1,5,0.0
validation,12680,red,0.2,1,0.0
validation,12680,red,0.2,3,0.0
validation,12680,red,0.2,5,0.0
validation,3067,blue,0.0,1,0.0
validation,3067,blue,0.05,1,0.0
validation,3067,blue,0.05,3,0.0
validation,3067,blue,0.05,5,0.0
validation,3067,blue,0.1,1,18.744900673899153
validation,3067,blue,0.1,3,18.744900673899153
validation,3067,blue,0.1,5,18.744900673899153
validation,3067,blue,0.2,1,37.489801347798306
validation,3067,blue,0.2,3,37.489801347798306
validation,3067,blue,0.2,5,37.489801347798306
validation,3067,red,0.0,1,0.0
validation,3067,red,0.05,1,0.0
validation,3067,red,0.05,3,0.0
validation,3067,red,0.05,5,0.0
validation,3067,red,0.1,1,0.0
validation,3067,red,0.1,3,0.0
validation,3067,red,0.1,5,0.0
validation,3067,red,0.2,1,0.0
validation,3067,red,0.2,3,0.0
validation,3067,red,0.2,5,0.0
validation,10793,blue,0.0,1,0.0
validation,10793,blue,0.05,1,17.698121399714218
validation,10793,blue,0.05,3,17.698121399714218
validation,10793,blue,0.05,5,17.698121399714218
validation,10793,blue,0.1,1,17.698121399714218
validation,10793,blue,0.1,3,17.698121399714218
validation,10793,blue,0.1,5,17.698121399714218
validation,10793,blue,0.2,1,17.698121399714218
validation,10793,blue,0.2,3,17.698121399714218
validation,10793,blue,0.2,5,17.698121399714218
validation,10793,red,0.0,1,0.0
validation,10793,red,0.05,1,0.0
validation,10793,red,0.05,3,0.0
validation,10793,red,0.05,5,0.0
validation,10793,red,0.1,1,0.0
validation,10793,red,0.1,3,0.0
validation,10793,red,0.1,5,0.0
validation,10793,red,0.2,1,0.0
validation,10793,red,0.2,3,0.0
validation,10793,red,0.2,5,0.0
validation,9906,blue,0.0,1,0.0
validation,9906,blue,0.05,1,18.43190355283467
validation,9906,blue,0.05,3,18.43190355283467
validation,9906,blue,0.05,5,18.43190355283467
validation,9906,blue,0.1,1,18.43190355283467
validation,9906,blue,0.1,3,18.43190355283467
validation,9906,blue,0.1,5,18.43190355283467
validation,9906,blue,0.2,1,36.86380710566934
validation,9906,blue,0.2,3,36.86380710566934
validation,9906,blue,0.2,5,36.86380710566934
validation,9906,red,0.0,1,0.0
validation,9906,red,0.05,1,0.0
validation,9906,red,0.05,3,0.0
validation,9906,red,0.05,5,0.0
validation,9906,red,0.1,1,0.0
validation,9906,red,0.1,3,0.0
validation,9906,red,0.1,5,0.0
validation,9906,red,0.2,1,0.0
validation,9906,red,0.2,3,0.0
validation,9906,red,0.2,5,0.0
validation,7001,blue,0.0,1,0.0
validation,7001,blue,0.05,1,18.433485186472765
validation,7001,blue,0.05,3,18.433485186472765
validation,7001,blue,0.05,5,18.433485186472765
validation,7001,blue,0.1,1,18.433485186472765
validation,7001,blue,0.1,3,18.433485186472765
validation,7001,blue,0.1,5,18.433485186472765
validation,7001,blue,0.2,1,18.433485186472765
validation,7001,blue,0.2,3,18.433485186472765
validation,7001,blue,0.2,5,18.433485186472765
validation,7001,red,0.0,1,0.0
validation,7001,red,0.05,1,0.0
validation,7001,red,0.05,3,0.0
validation,7001,red,0.05,5,0.0
validation,7001,red,0.1,1,0.0
validation,7001,red,0.1,3,0.0
validation,7001,red,0.1,5,0.0
validation,7001,red,0.2,1,0.0
validation,7001,red,0.2,3,0.0
validation,7001,red,0.2,5,0.0
validation,5737,blue,0.0,1,0.0
validation,5737,blue,0.05,1,0.0
validation,5737,blue,0.05,3,0.0
validation,5737,blue,0.05,5,0.0
validation,5737,blue,0.1,1,18.64369419487722
validation,5737,blue,0.1,3,18.64369419487722
validation,5737,blue,0.1,5,18.64369419487722
validation,5737,blue,0.2,1,37.28738838975444
validation,5737,blue,0.2,3,37.28738838975444
validation,5737,blue,0.2,5,37.28738838975444
validation,5737,red,0.0,1,0.0
validation,5737,red,0.05,1,0.0
validation,5737,red,0.05,3,0.0
validation,5737,red,0.05,5,0.0
validation,5737,red,0.1,1,0.0
validation,5737,red,0.1,3,0.0
validation,5737,red,0.1,5,0.0
validation,5737,red,0.2,1,0.0
validation,5737,red,0.2,3,0.0
validation,5737,red,0.2,5,0.0
validation,1823,blue,0.0,1,0.0
validation,1823,blue,0.05,1,0.0
validation,1823,blue,0.05,3,0.0
validation,1823,blue,0.05,5,0.0
validation,1823,blue,0.1,1,0.0
validation,1823,blue,0.1,3,0.0
validation,1823,blue,0.1,5,0.0
validation,1823,blue,0.2,1,17.854190881037447
validation,1823,blue,0.2,3,17.854190881037447
validation,1823,blue,0.2,5,17.854190881037447
validation,1823,red,0.0,1,0.0
validation,1823,red,0.05,1,0.0
validation,1823,red,0.05,3,0.0
validation,1823,red,0.05,5,0.0
validation,1823,red,0.1,1,0.0
validation,1823,red,0.1,3,0.0
validation,1823,red,0.1,5,0.0
validation,1823,red,0.2,1,0.0
validation,1823,red,0.2,3,0.0
validation,1823,red,0.2,5,0.0
validation,3919,blue,0.0,1,0.0
validation,3919,blue,0.05,1,0.0
validation,3919,blue,0.05,3,0.0
validation,3919,blue,0.05,5,0.0
validation,3919,blue,0.1,1,0.0
validation,3919,blue,0.1,3,0.0
validation,3919,blue,0.1,5,0.0
validation,3919,blue,0.2,1,18.370890554581948
validation,3919,blue,0.2,3,18.370890554581948
validation,3919,blue,0.2,5,18.370890554581948
validation,3919,red,0.0,1,0.0
validation,3919,red,0.05,1,0.0
validation,3919,red,0.05,3,0.0
validation,3919,red,0.05,5,0.0
validation,3919,red,0.1,1,0.0
validation,3919,red,0.1,3,0.0
validation,3919,red,0.1,5,0.0
validation,3919,red,0.2,1,0.0
validation,3919,red,0.2,3,0.0
validation,3919,red,0.2,5,0.0
validation,11980,blue,0.0,1,0.0
validation,11980,blue,0.05,1,0.0
validation,11980,blue,0.05,3,0.0
validation,11980,blue,0.05,5,0.0
validation,11980,blue,0.1,1,0.0
validation,11980,blue,0.1,3,0.0
validation,11980,blue,0.1,5,0.0
validation,11980,blue,0.2,1,18.101131693563627
validation,11980,blue,0.2,3,18.101131693563627
validation,11980,blue,0.2,5,18.101131693563627
validation,11980,red,0.0,1,0.0
validation,11980,red,0.05,1,0.0
validation,11980,red,0.05,3,0.0
validation,11980,red,0.05,5,0.0
validation,11980,red,0.1,1,0.0
validation,11980,red,0.1,3,0.0
validation,11980,red,0.1,5,0.0
validation,11980,red,0.2,1,18.101131693563627
validation,11980,red,0.2,3,18.101131693563627
validation,11980,red,0.2,5,18.101131693563627
validation,6326,blue,0.0,1,0.0
validation,6326,blue,0.05,1,0.0
validation,6326,blue,0.05,3,0.0
validation,6326,blue,0.05,5,0.0
validation,6326,blue,0.1,1,0.0
validation,6326,blue,0.1,3,0.0
validation,6326,blue,0.1,5,0.0
validation,6326,blue,0.2,1,16.910831095637526
validation,6326,blue,0.2,3,16.910831095637526
validation,6326,blue,0.2,5,16.910831095637526
validation,6326,red,0.0,1,0.0
validation,6326,red,0.05,1,0.0
validation,6326,red,0.05,3,0.0
validation,6326,red,0.05,5,0.0
validation,6326,red,0.1,1,0.0
validation,6326,red,0.1,3,0.0
validation,6326,red,0.1,5,0.0
validation,6326,red,0.2,1,0.0
validation,6326,red,0.2,3,0.0
validation,6326,red,0.2,5,0.0
validation,10592,blue,0.0,1,0.0
validation,10592,blue,0.05,1,18.055571962302892
validation,10592,blue,0.05,3,18.055571962302892
validation,10592,blue,0.05,5,18.055571962302892
validation,10592,blue,0.1,1,18.055571962302892
validation,10592,blue,0.1,3,18.055571962302892
validation,10592,blue,0.1,5,18.055571962302892
validation,10592,blue,0.2,1,54.166715886908676
validation,10592,blue,0.2,3,54.166715886908676
validation,10592,blue,0.2,5,126.38900373612024
validation,10592,red,0.0,1,0.0
validation,10592,red,0.05,1,0.0
validation,10592,red,0.05,3,0.0
validation,10592,red,0.05,5,0.0
validation,10592,red,0.1,1,0.0
validation,10592,red,0.1,3,0.0
validation,10592,red,0.1,5,0.0
validation,10592,red,0.2,1,0.0
validation,10592,red,0.2,3,0.0
validation,10592,red,0.2,5,0.0
validation,10014,blue,0.0,1,0.0
validation,10014,blue,0.05,1,18.32802611012292
validation,10014,blue,0.05,3,18.32802611012292
validation,10014,blue,0.05,5,18.32802611012292
validation,10014,blue,0.1,1,18.32802611012292
validation,10014,blue,0.1,3,18.32802611012292
validation,10014,blue,0.1,5,18.32802611012292
validation,10014,blue,0.2,1,36.65605222024584
validation,10014,blue,0.2,3,36.65605222024584
validation,10014,blue,0.2,5,36.65605222024584
validation,10014,red,0.0,1,0.0
validation,10014,red,0.05,1,0.0
validation,10014,red,0.05,3,0.0
validation,10014,red,0.05,5,0.0
validation,10014,red,0.1,1,0.0
validation,10014,red,0.1,3,0.0
validation,10014,red,0.1,5,0.0
validation,10014,red,0.2,1,0.0
validation,10014,red,0.2,3,0.0
validation,10014,red,0.2,5,0.0
validation,9315,blue,0.0,1,0.0
validation,9315,blue,0.05,1,0.0
validation,9315,blue,0.05,3,0.0
validation,9315,blue,0.05,5,0.0
validation,9315,blue,0.1,1,0.0
validation,9315,blue,0.1,3,0.0
validation,9315,blue,0.1,5,0.0
validation,9315,blue,0.2,1,0.0
validation,9315,blue,0.2,3,0.0
validation,9315,blue,0.2,5,0.0
validation,9315,red,0.0,1,0.0
validation,9315,red,0.05,1,0.0
validation,9315,red,0.05,3,0.0
validation,9315,red,0.05,5,0.0
validation,9315,red,0.1,1,0.0
validation,9315,red,0.1,3,0.0
validation,9315,red,0.1,5,0.0
validation,9315,red,0.2,1,0.0
validation,9315,red,0.2,3,0.0
validation,9315,red,0.2,5,0.0
validation,7392,blue,0.0,1,0.0
validation,7392,blue,0.05,1,0.0
validation,7392,blue,0.05,3,0.0
validation,7392,blue,0.05,5,0.0
validation,7392,blue,0.1,1,0.0
validation,7392,blue,0.1,3,0.0
validation,7392,blue,0.1,5,0.0
validation,7392,blue,0.2,1,0.0
validation,7392,blue,0.2,3,0.0
validation,7392,blue,0.2,5,0.0
validation,7392,red,0.0,1,0.0
validation,7392,red,0.05,1,0.0
validation,7392,red,0.05,3,0.0
validation,7392,red,0.05,5,0.0
validation,7392,red,0.1,1,0.0
validation,7392,red,0.1,3,0.0
validation,7392,red,0.1,5,0.0
validation,7392,red,0.2,1,0.0
validation,7392,red,0.2,3,0.0
validation,7392,red,0.2,5,0.0
validation,5388,blue,0.0,1,0.0
validation,5388,blue,0.05,1,0.0
validation,5388,blue,0.05,3,0.0
validation,5388,blue,0.05,5,0.0
validation,5388,blue,0.1,1,0.0
validation,5388,blue,0.1,3,0.0
validation,5388,blue,0.1,5,0.0
validation,5388,blue,0.2,1,18.567489161530656
validation,5388,blue,0.2,3,18.567489161530656
validation,5388,blue,0.2,5,18.567489161530656
validation,5388,red,0.0,1,0.0
validation,5388,red,0.05,1,0.0
validation,5388,red,0.05,3,0.0
validation,5388,red,0.05,5,0.0
validation,5388,red,0.1,1,0.0
validation,5388,red,0.1,3,0.0
validation,5388,red,0.1,5,0.0
validation,5388,red,0.2,1,0.0
validation,5388,red,0.2,3,0.0
validation,5388,red,0.2,5,0.0
validation,2523,blue,0.0,1,0.0
validation,2523,blue,0.05,1,0.0
validation,2523,blue,0.05,3,0.0
validation,2523,blue,0.05,5,0.0
validation,2523,blue,0.1,1,0.0
validation,2523,blue,0.1,3,0.0
validation,2523,blue,0.1,5,0.0
validation,2523,blue,0.2,1,16.673304071319347
validation,2523,blue,0.2,3,16.673304071319347
validation,2523,blue,0.2,5,16.673304071319347
validation,2523,red,0.0,1,0.0
validation,2523,red,0.05,1,0.0
validation,2523,red,0.05,3,0.0
validation,2523,red,0.05,5,0.0
validation,2523,red,0.1,1,0.0
validation,2523,red,0.1,3,0.0
validation,2523,red,0.1,5,0.0
validation,2523,red,0.2,1,0.0
validation,2523,red,0.2,3,0.0
validation,2523,red,0.2,5,0.0
validation,607,blue,0.0,1,0.0
validation,607,blue,0.05,1,0.0
validation,607,blue,0.05,3,0.0
validation,607,blue,0.05,5,0.0
validation,607,blue,0.1,1,0.0
validation,607,blue,0.1,3,0.0
validation,607,blue,0.1,5,0.0
validation,607,blue,0.2,1,34.18076885838842
validation,607,blue,0.2,3,34.18076885838842
validation,607,blue,0.2,5,34.18076885838842
validation,607,red,0.0,1,0.0
validation,607,red,0.05,1,0.0
validation,607,red,0.05,3,0.0
validation,607,red,0.05,5,0.0
validation,607,red,0.1,1,0.0
validation,607,red,0.1,3,0.0
validation,607,red,0.1,5,0.0
validation,607,red,0.2,1,0.0
validation,607,red,0.2,3,0.0
validation,607,red,0.2,5,0.0
validation,631,blue,0.0,1,0.0
validation,631,blue,0.05,1,0.0
validation,631,blue,0.05,3,0.0
validation,631,blue,0.05,5,0.0
validation,631,blue,0.1,1,18.962009095898154
validation,631,blue,0.1,3,18.962009095898154
validation,631,blue,0.1,5,18.962009095898154
validation,631,blue,0.2,1,56.88602728769446
validation,631,blue,0.2,3,56.88602728769446
validation,631,blue,0.2,5,56.88602728769446
validation,631,red,0.0,1,0.0
validation,631,red,0.05,1,0.0
validation,631,red,0.05,3,0.0
validation,631,red,0.05,5,0.0
validation,631,red,0.1,1,0.0
validation,631,red,0.1,3,0.0
validation,631,red,0.1,5,0.0
validation,631,red,0.2,1,0.0
validation,631,red,0.2,3,0.0
validation,631,red,0.2,5,0.0
validation,12350,blue,0.0,1,0.0
validation,12350,blue,0.05,1,0.0
validation,12350,blue,0.05,3,0.0
validation,12350,blue,0.05,5,0.0
validation,12350,blue,0.1,1,0.0
validation,12350,blue,0.1,3,0.0
validation,12350,blue,0.1,5,0.0
validation,12350,blue,0.2,1,20.717900006724808
validation,12350,blue,0.2,3,20.717900006724808
validation,12350,blue,0.2,5,20.717900006724808
validation,12350,red,0.0,1,0.0
validation,12350,red,0.05,1,0.0
validation,12350,red,0.05,3,0.0
validation,12350,red,0.05,5,0.0
validation,12350,red,0.1,1,0.0
validation,12350,red,0.1,3,0.0
validation,12350,red,0.1,5,0.0
validation,12350,red,0.2,1,0.0
validation,12350,red,0.2,3,0.0
validation,12350,red,0.2,5,0.0
validation,337,blue,0.0,1,0.0
validation,337,blue,0.05,1,0.0
validation,337,blue,0.05,3,0.0
validation,337,blue,0.05,5,0.0
validation,337,blue,0.1,1,0.0
validation,337,blue,0.1,3,0.0
validation,337,blue,0.1,5,0.0
validation,337,blue,0.2,1,0.0
validation,337,blue,0.2,3,0.0
validation,337,blue,0.2,5,0.0
validation,337,red,0.0,1,0.0
validation,337,red,0.05,1,0.0
validation,337,red,0.05,3,0.0
validation,337,red,0.05,5,0.0
validation,337,red,0.1,1,0.0
validation,337,red,0.1,3,0.0
validation,337,red,0.1,5,0.0
validation,337,red,0.2,1,0.0
validation,337,red,0.2,3,0.0
validation,337,red,0.2,5,0.0
validation,10986,blue,0.0,1,0.0
validation,10986,blue,0.05,1,0.0
validation,10986,blue,0.05,3,0.0
validation,10986,blue,0.05,5,0.0
validation,10986,blue,0.1,1,19.342561759627664
validation,10986,blue,0.1,3,19.342561759627664
validation,10986,blue,0.1,5,19.342561759627664
validation,10986,blue,0.2,1,19.342561759627664
validation,10986,blue,0.2,3,19.342561759627664
validation,10986,blue,0.2,5,19.342561759627664
validation,10986,red,0.0,1,0.0
validation,10986,red,0.05,1,0.0
validation,10986,red,0.05,3,0.0
validation,10986,red,0.05,5,0.0
validation,10986,red,0.1,1,0.0
validation,10986,red,0.1,3,0.0
validation,10986,red,0.1,5,0.0
validation,10986,red,0.2,1,0.0
validation,10986,red,0.2,3,0.0
validation,10986,red,0.2,5,0.0
validation,6001,blue,0.0,1,0.0
validation,6001,blue,0.05,1,20.531101416923647
validation,6001,blue,0.05,3,20.531101416923647
validation,6001,blue,0.05,5,20.531101416923647
validation,6001,blue,0.1,1,20.531101416923647
validation,6001,blue,0.1,3,20.531101416923647
validation,6001,blue,0.1,5,20.531101416923647
validation,6001,blue,0.2,1,41.062202833847294
validation,6001,blue,0.2,3,41.062202833847294
validation,6001,blue,0.2,5,41.062202833847294
validation,6001,red,0.0,1,0.0
validation,6001,red,0.05,1,0.0
validation,6001,red,0.05,3,0.0
validation,6001,red,0.05,5,0.0
validation,6001,red,0.1,1,0.0
validation,6001,red,0.1,3,0.0
validation,6001,red,0.1,5,0.0
validation,6001,red,0.2,1,0.0
validation,6001,red,0.2,3,0.0
validation,6001,red,0.2,5,0.0
validation,11512,blue,0.0,1,0.0
validation,11512,blue,0.05,1,0.0
validation,11512,blue,0.05,3,0.0
validation,11512,blue,0.05,5,0.0
validation,11512,blue,0.1,1,19.243308162316154
validation,11512,blue,0.1,3,19.243308162316154
validation,11512,blue,0.1,5,19.243308162316154
validation,11512,blue,0.2,1,19.243308162316154
validation,11512,blue,0.2,3,19.243308162316154
validation,11512,blue,0.2,5,19.243308162316154
validation,11512,red,0.0,1,0.0
validation,11512,red,0.05,1,0.0
validation,11512,red,0.05,3,0.0
validation,11512,red,0.05,5,0.0
validation,11512,red,0.1,1,19.243308162316154
validation,11512,red,0.1,3,19.243308162316154
validation,11512,red,0.1,5,19.243308162316154
validation,11512,red,0.2,1,19.243308162316154
validation,11512,red,0.2,3,19.243308162316154
validation,11512,red,0.2,5,19.243308162316154
validation,8425,blue,0.0,1,0.0
validation,8425,blue,0.05,1,19.73971531807742
validation,8425,blue,0.05,3,19.73971531807742
validation,8425,blue,0.05,5,19.73971531807742
validation,8425,blue,0.1,1,19.73971531807742
validation,8425,blue,0.1,3,19.73971531807742
validation,8425,blue,0.1,5,19.73971531807742
validation,8425,blue,0.2,1,39.47943063615484
validation,8425,blue,0.2,3,39.47943063615484
validation,8425,blue,0.2,5,39.47943063615484
validation,8425,red,0.0,1,0.0
validation,8425,red,0.05,1,0.0
validation,8425,red,0.05,3,0.0
validation,8425,red,0.05,5,0.0
validation,8425,red,0.1,1,0.0
validation,8425,red,0.1,3,0.0
validation,8425,red,0.1,5,0.0
validation,8425,red,0.2,1,19.73971531807742
validation,8425,red,0.2,3,19.73971531807742
validation,8425,red,0.2,5,19.73971531807742
validation,8956,blue,0.0,1,0.0
validation,8956,blue,0.05,1,20.89405378995634
validation,8956,blue,0.05,3,20.89405378995634
validation,8956,blue,0.05,5,20.89405378995634
validation,8956,blue,0.1,1,20.89405378995634
validation,8956,blue,0.1,3,20.89405378995634
validation,8956,blue,0.1,5,20.89405378995634
validation,8956,blue,0.2,1,20.89405378995634
validation,8956,blue,0.2,3,20.89405378995634
validation,8956,blue,0.2,5,20.89405378995634
validation,8956,red,0.0,1,0.0
validation,8956,red,0.05,1,0.0
validation,8956,red,0.05,3,0.0
validation,8956,red,0.05,5,0.0
validation,8956,red,0.1,1,0.0
validation,8956,red,0.1,3,0.0
validation,8956,red,0.1,5,0.0
validation,8956,red,0.2,1,0.0
validation,8956,red,0.2,3,0.0
validation,8956,red,0.2,5,0.0
validation,3693,blue,0.0,1,0.0
validation,3693,blue,0.05,1,0.0
validation,3693,blue,0.05,3,0.0
validation,3693,blue,0.05,5,0.0
validation,3693,blue,0.1,1,0.0
validation,3693,blue,0.1,3,0.0
validation,3693,blue,0.1,5,0.0
validation,3693,blue,0.2,1,20.73183658592594
validation,3693,blue,0.2,3,20.73183658592594
validation,3693,blue,0.2,5,20.73183658592594
validation,3693,red,0.0,1,0.0
validation,3693,red,0.05,1,0.0
validation,3693,red,0.05,3,0.0
validation,3693,red,0.05,5,0.0
validation,3693,red,0.1,1,0.0
validation,3693,red,0.1,3,0.0
validation,3693,red,0.1,5,0.0
validation,3693,red,0.2,1,0.0
validation,3693,red,0.2,3,0.0
validation,3693,red,0.2,5,0.0
validation,5527,blue,0.0,1,0.0
validation,5527,blue,0.05,1,0.0
validation,5527,blue,0.05,3,0.0
validation,5527,blue,0.05,5,0.0
validation,5527,blue,0.1,1,21.819677612031285
validation,5527,blue,0.1,3,21.819677612031285
validation,5527,blue,0.1,5,21.819677612031285
validation,5527,blue,0.2,1,21.819677612031285
validation,5527,blue,0.2,3,21.819677612031285
validation,5527,blue,0.2,5,21.819677612031285
validation,5527,red,0.0,1,0.0
validation,5527,red,0.05,1,0.0
validation,5527,red,0.05,3,0.0
validation,5527,red,0.05,5,0.0
validation,5527,red,0.1,1,0.0
validation,5527,red,0.1,3,0.0
validation,5527,red,0.1,5,0.0
validation,5527,red,0.2,1,0.0
validation,5527,red,0.2,3,0.0
validation,5527,red,0.2,5,0.0
validation,7096,blue,0.0,1,0.0
validation,7096,blue,0.05,1,0.0
validation,7096,blue,0.05,3,0.0
validation,7096,blue,0.05,5,0.0
validation,7096,blue,0.1,1,0.0
validation,7096,blue,0.1,3,0.0
validation,7096,blue,0.1,5,0.0
validation,7096,blue,0.2,1,21.992353987931796
validation,7096,blue,0.2,3,21.992353987931796
validation,7096,blue,0.2,5,21.992353987931796
validation,7096,red,0.0,1,0.0
validation,7096,red,0.05,1,0.0
validation,7096,red,0.05,3,0.0
validation,7096,red,0.05,5,0.0
validation,7096,red,0.1,1,0.0
validation,7096,red,0.1,3,0.0
validation,7096,red,0.1,5,0.0
validation,7096,red,0.2,1,21.992353987931796
validation,7096,red,0.2,3,21.992353987931796
validation,7096,red,0.2,5,21.992353987931796
validation,5997,blue,0.0,1,0.0
validation,5997,blue,0.05,1,0.0
validation,5997,blue,0.05,3,0.0
validation,5997,blue,0.05,5,0.0
validation,5997,blue,0.1,1,0.0
validation,5997,blue,0.1,3,0.0
validation,5997,blue,0.1,5,0.0
validation,5997,blue,0.2,1,41.01407872696573
validation,5997,blue,0.2,3,41.01407872696573
validation,5997,blue,0.2,5,41.01407872696573
validation,5997,red,0.0,1,0.0
validation,5997,red,0.05,1,0.0
validation,5997,red,0.05,3,0.0
validation,5997,red,0.05,5,0.0
validation,5997,red,0.1,1,0.0
validation,5997,red,0.1,3,0.0
validation,5997,red,0.1,5,0.0
validation,5997,red,0.2,1,0.0
validation,5997,red,0.2,3,0.0
validation,5997,red,0.2,5,0.0
validation,7807,blue,0.0,1,0.0
validation,7807,blue,0.05,1,0.0
validation,7807,blue,0.05,3,0.0
validation,7807,blue,0.05,5,0.0
validation,7807,blue,0.1,1,19.671120506727828
validation,7807,blue,0.1,3,19.671120506727828
validation,7807,blue,0.1,5,19.671120506727828
validation,7807,blue,0.2,1,39.342241013455656
validation,7807,blue,0.2,3,39.342241013455656
validation,7807,blue,0.2,5,39.342241013455656
validation,7807,red,0.0,1,0.0
validation,7807,red,0.05,1,0.0
validation,7807,red,0.05,3,0.0
validation,7807,red,0.05,5,0.0
validation,7807,red,0.1,1,0.0
validation,7807,red,0.1,3,0.0
validation,7807,red,0.1,5,0.0
validation,7807,red,0.2,1,0.0
validation,7807,red,0.2,3,0.0
validation,7807,red,0.2,5,0.0
validation,10245,blue,0.0,1,0.0
validation,10245,blue,0.05,1,0.0
validation,10245,blue,0.05,3,0.0
validation,10245,blue,0.05,5,0.0
validation,10245,blue,0.1,1,0.0
validation,10245,blue,0.1,3,0.0
validation,10245,blue,0.1,5,0.0
validation,10245,blue,0.2,1,20.68550289072035
validation,10245,blue,0.2,3,20.68550289072035
validation,10245,blue,0.2,5,20.68550289072035
validation,10245,red,0.0,1,0.0
validation,10245,red,0.05,1,0.0
validation,10245,red,0.05,3,0.0
validation,10245,red,0.05,5,0.0
validation,10245,red,0.1,1,0.0
validation,10245,red,0.1,3,0.0
validation,10245,red,0.1,5,0.0
validation,10245,red,0.2,1,0.0
validation,10245,red,0.2,3,0.0
validation,10245,red,0.2,5,0.0
validation,3570,blue,0.0,1,0.0
validation,3570,blue,0.05,1,0.0
validation,3570,blue,0.05,3,0.0
validation,3570,blue,0.05,5,0.0
validation,3570,blue,0.1,1,0.0
validation,3570,blue,0.1,3,0.0
validation,3570,blue,0.1,5,0.0
validation,3570,blue,0.2,1,20.041578928091013
validation,3570,blue,0.2,3,20.041578928091013
validation,3570,blue,0.2,5,20.041578928091013
validation,3570,red,0.0,1,0.0
validation,3570,red,0.05,1,0.0
validation,3570,red,0.05,3,0.0
validation,3570,red,0.05,5,0.0
validation,3570,red,0.1,1,0.0
validation,3570,red,0.1,3,0.0
validation,3570,red,0.1,5,0.0
validation,3570,red,0.2,1,0.0
validation,3570,red,0.2,3,0.0
validation,3570,red,0.2,5,0.0
validation,4393,blue,0.0,1,0.0
validation,4393,blue,0.05,1,0.0
validation,4393,blue,0.05,3,0.0
validation,4393,blue,0.05,5,0.0
validation,4393,blue,0.1,1,21.15932139611788
validation,4393,blue,0.1,3,21.15932139611788
validation,4393,blue,0.1,5,21.15932139611788
validation,4393,blue,0.2,1,21.15932139611788
validation,4393,blue,0.2,3,21.15932139611788
validation,4393,blue,0.2,5,21.15932139611788
validation,4393,red,0.0,1,0.0
validation,4393,red,0.05,1,0.0
validation,4393,red,0.05,3,0.0
validation,4393,red,0.05,5,0.0
validation,4393,red,0.1,1,0.0
validation,4393,red,0.1,3,0.0
validation,4393,red,0.1,5,0.0
validation,4393,red,0.2,1,0.0
validation,4393,red,0.2,3,0.0
validation,4393,red,0.2,5,0.0
validation,442,blue,0.0,1,0.0
validation,442,blue,0.05,1,0.0
validation,442,blue,0.05,3,0.0
validation,442,blue,0.05,5,0.0
validation,442,blue,0.1,1,0.0
validation,442,blue,0.1,3,0.0
validation,442,blue,0.1,5,0.0
validation,442,blue,0.2,1,21.740441834461237
validation,442,blue,0.2,3,21.740441834461237
validation,442,blue,0.2,5,21.740441834461237
validation,442,red,0.0,1,0.0
validation,442,red,0.05,1,0.0
validation,442,red,0.05,3,0.0
validation,442,red,0.05,5,0.0
validation,442,red,0.1,1,0.0
validation,442,red,0.1,3,0.0
validation,442,red,0.1,5,0.0
validation,442,red,0.2,1,0.0
validation,442,red,0.2,3,0.0
validation,442,red,0.2,5,0.0
validation,6832,blue,0.0,1,0.0
validation,6832,blue,0.05,1,0.0
validation,6832,blue,0.05,3,0.0
validation,6832,blue,0.05,5,0.0
validation,6832,blue,0.1,1,0.0
validation,6832,blue,0.1,3,0.0
validation,6832,blue,0.1,5,0.0
validation,6832,blue,0.2,1,41.02450390339234
validation,6832,blue,0.2,3,41.02450390339234
validation,6832,blue,0.2,5,41.02450390339234
validation,6832,red,0.0,1,0.0
validation,6832,red,0.05,1,0.0
validation,6832,red,0.05,3,0.0
validation,6832,red,0.05,5,0.0
validation,6832,red,0.1,1,0.0
validation,6832,red,0.1,3,0.0
validation,6832,red,0.1,5,0.0
validation,6832,red,0.2,1,0.0
validation,6832,red,0.2,3,0.0
validation,6832,red,0.2,5,0.0
validation,7141,blue,0.0,1,0.0
validation,7141,blue,0.05,1,20.0599397330042
validation,7141,blue,0.05,3,20.0599397330042
validation,7141,blue,0.05,5,20.0599397330042
validation,7141,blue,0.1,1,20.0599397330042
validation,7141,blue,0.1,3,20.0599397330042
validation,7141,blue,0.1,5,20.0599397330042
validation,7141,blue,0.2,1,20.0599397330042
validation,7141,blue,0.2,3,20.0599397330042
validation,7141,blue,0.2,5,20.0599397330042
validation,7141,red,0.0,1,0.0
validation,7141,red,0.05,1,0.0
validation,7141,red,0.05,3,0.0
validation,7141,red,0.05,5,0.0
validation,7141,red,0.1,1,0.0
validation,7141,red,0.1,3,0.0
validation,7141,red,0.1,5,0.0
validation,7141,red,0.2,1,20.0599397330042
validation,7141,red,0.2,3,20.0599397330042
validation,7141,red,0.2,5,20.0599397330042
validation,9874,blue,0.0,1,0.0
validation,9874,blue,0.05,1,0.0
validation,9874,blue,0.05,3,0.0
validation,9874,blue,0.05,5,0.0
validation,9874,blue,0.1,1,20.44432569071897
validation,9874,blue,0.1,3,20.44432569071897
validation,9874,blue,0.1,5,20.44432569071897
validation,9874,blue,0.2,1,40.88865138143794
validation,9874,blue,0.2,3,40.88865138143794
validation,9874,blue,0.2,5,40.88865138143794
validation,9874,red,0.0,1,0.0
validation,9874,red,0.05,1,0.0
validation,9874,red,0.05,3,0.0
validation,9874,red,0.05,5,0.0
validation,9874,red,0.1,1,20.44432569071897
validation,9874,red,0.1,3,20.44432569071897
validation,9874,red,0.1,5,20.44432569071897
validation,9874,red,0.2,1,20.44432569071897
validation,9874,red,0.2,3,20.44432569071897
validation,9874,red,0.2,5,20.44432569071897
validation,4870,blue,0.0,1,0.0
validation,4870,blue,0.05,1,0.0
validation,4870,blue,0.05,3,0.0
validation,4870,blue,0.05,5,0.0
validation,4870,blue,0.1,1,19.997086403509165
validation,4870,blue,0.1,3,19.997086403509165
validation,4870,blue,0.1,5,19.997086403509165
validation,4870,blue,0.2,1,19.997086403509165
validation,4870,blue,0.2,3,19.997086403509165
validation,4870,blue,0.2,5,19.997086403509165
validation,4870,red,0.0,1,0.0
validation,4870,red,0.05,1,0.0
validation,4870,red,0.05,3,0.0
validation,4870,red,0.05,5,0.0
validation,4870,red,0.1,1,0.0
validation,4870,red,0.1,3,0.0
validation,4870,red,0.1,5,0.0
validation,4870,red,0.2,1,0.0
validation,4870,red,0.2,3,0.0
validation,4870,red,0.2,5,0.0
validation,10193,blue,0.0,1,0.0
validation,10193,blue,0.05,1,0.0
validation,10193,blue,0.05,3,0.0
validation,10193,blue,0.05,5,0.0
validation,10193,blue,0.1,1,19.456696777724098
validation,10193,blue,0.1,3,19.456696777724098
validation,10193,blue,0.1,5,19.456696777724098
validation,10193,blue,0.2,1,19.456696777724098
validation,10193,blue,0.2,3,19.456696777724098
validation,10193,blue,0.2,5,19.456696777724098
validation,10193,red,0.0,1,0.0
validation,10193,red,0.05,1,0.0
validation,10193,red,0.05,3,0.0
validation,10193,red,0.05,5,0.0
validation,10193,red,0.1,1,0.0
validation,10193,red,0.1,3,0.0
validation,10193,red,0.1,5,0.0
validation,10193,red,0.2,1,0.0
validation,10193,red,0.2,3,0.0
validation,10193,red,0.2,5,0.0
validation,3593,blue,0.0,1,0.0
validation,3593,blue,0.05,1,0.0
validation,3593,blue,0.05,3,0.0
validation,3593,blue,0.05,5,0.0
validation,3593,blue,0.1,1,0.0
validation,3593,blue,0.1,3,0.0
validation,3593,blue,0.1,5,0.0
validation,3593,blue,0.2,1,19.1595059683608
validation,3593,blue,0.2,3,19.1595059683608
validation,3593,blue,0.2,5,19.1595059683608
validation,3593,red,0.0,1,0.0
validation,3593,red,0.05,1,0.0
validation,3593,red,0.05,3,0.0
validation,3593,red,0.05,5,0.0
validation,3593,red,0.1,1,0.0
validation,3593,red,0.1,3,0.0
validation,3593,red,0.1,5,0.0
validation,3593,red,0.2,1,0.0
validation,3593,red,0.2,3,0.0
validation,3593,red,0.2,5,0.0
validation,4594,blue,0.0,1,0.0
validation,4594,blue,0.05,1,0.0
validation,4594,blue,0.05,3,0.0
validation,4594,blue,0.05,5,0.0
validation,4594,blue,0.1,1,21.83145600581497
validation,4594,blue,0.1,3,21.83145600581497
validation,4594,blue,0.1,5,21.83145600581497
validation,4594,blue,0.2,1,65.49436801744491
validation,4594,blue,0.2,3,130.98873603488983
validation,4594,blue,0.2,5,130.98873603488983
validation,4594,red,0.0,1,0.0
validation,4594,red,0.05,1,0.0
validation,4594,red,0.05,3,0.0
validation,4594,red,0.05,5,0.0
validation,4594,red,0.1,1,0.0
validation,4594,red,0.1,3,0.0
validation,4594,red,0.1,5,0.0
validation,4594,red,0.2,1,0.0
validation,4594,red,0.2,3,0.0
validation,4594,red,0.2,5,0.0
validation,6816,blue,0.0,1,0.0
validation,6816,blue,0.05,1,19.200744142841543
validation,6816,blue,0.05,3,19.200744142841543
validation,6816,blue,0.05,5,19.200744142841543
validation,6816,blue,0.1,1,19.200744142841543
validation,6816,blue,0.1,3,19.200744142841543
validation,6816,blue,0.1,5,19.200744142841543
validation,6816,blue,0.2,1,57.60223242852463
validation,6816,blue,0.2,3,57.60223242852463
validation,6816,blue,0.2,5,57.60223242852463
validation,6816,red,0.0,1,0.0
validation,6816,red,0.05,1,0.0
validation,6816,red,0.05,3,0.0
validation,6816,red,0.05,5,0.0
validation,6816,red,0.1,1,0.0
validation,6816,red,0.1,3,0.0
validation,6816,red,0.1,5,0.0
validation,6816,red,0.2,1,0.0
validation,6816,red,0.2,3,0.0
validation,6816,red,0.2,5,0.0
validation,5460,blue,0.0,1,0.0
validation,5460,blue,0.05,1,0.0
validation,5460,blue,0.05,3,0.0
validation,5460,blue,0.05,5,0.0
validation,5460,blue,0.1,1,0.0
validation,5460,blue,0.1,3,0.0
validation,5460,blue,0.1,5,0.0
validation,5460,blue,0.2,1,0.0
validation,5460,blue,0.2,3,0.0
validation,5460,blue,0.2,5,0.0
validation,5460,red,0.0,1,0.0
validation,5460,red,0.05,1,0.0
validation,5460,red,0.05,3,0.0
validation,5460,red,0.05,5,0.0
validation,5460,red,0.1,1,0.0
validation,5460,red,0.1,3,0.0
validation,5460,red,0.1,5,0.0
validation,5460,red,0.2,1,0.0
validation,5460,red,0.2,3,0.0
validation,5460,red,0.2,5,0.0
validation,4550,blue,0.0,1,0.0
validation,4550,blue,0.05,1,0.0
validation,4550,blue,0.05,3,0.0
validation,4550,blue,0.05,5,0.0
validation,4550,blue,0.1,1,0.0
validation,4550,blue,0.1,3,0.0
validation,4550,blue,0.1,5,0.0
validation,4550,blue,0.2,1,20.618587911216622
validation,4550,blue,0.2,3,20.618587911216622
validation,4550,blue,0.2,5,20.618587911216622
validation,4550,red,0.0,1,0.0
validation,4550,red,0.05,1,0.0
validation,4550,red,0.05,3,0.0
validation,4550,red,0.05,5,0.0
validation,4550,red,0.1,1,0.0
validation,4550,red,0.1,3,0.0
validation,4550,red,0.1,5,0.0
validation,4550,red,0.2,1,0.0
validation,4550,red,0.2,3,0.0
validation,4550,red,0.2,5,0.0
validation,11126,blue,0.0,1,0.0
validation,11126,blue,0.05,1,0.0
validation,11126,blue,0.05,3,0.0
validation,11126,blue,0.05,5,0.0
validation,11126,blue,0.1,1,19.66654239075109
validation,11126,blue,0.1,3,19.66654239075109
validation,11126,blue,0.1,5,19.66654239075109
validation,11126,blue,0.2,1,19.66654239075109
validation,11126,blue,0.2,3,19.66654239075109
validation,11126,blue,0.2,5,19.66654239075109
validation,11126,red,0.0,1,0.0
validation,11126,red,0.05,1,0.0
validation,11126,red,0.05,3,0.0
validation,11126,red,0.05,5,0.0
validation,11126,red,0.1,1,0.0
validation,11126,red,0.1,3,0.0
validation,11126,red,0.1,5,0.0
validation,11126,red,0.2,1,19.66654239075109
validation,11126,red,0.2,3,19.66654239075109
validation,11126,red,0.2,5,19.66654239075109
validation,3953,blue,0.0,1,0.0
validation,3953,blue,0.05,1,21.761825616655422
validation,3953,blue,0.05,3,21.761825616655422
validation,3953,blue,0.05,5,21.761825616655422
validation,3953,blue,0.1,1,21.761825616655422
validation,3953,blue,0.1,3,21.761825616655422
validation,3953,blue,0.1,5,21.761825616655422
validation,3953,blue,0.2,1,21.761825616655422
validation,3953,blue,0.2,3,21.761825616655422
validation,3953,blue,0.2,5,21.761825616655422
validation,3953,red,0.0,1,0.0
validation,3953,red,0.05,1,0.0
validation,3953,red,0.05,3,0.0
validation,3953,red,0.05,5,0.0
validation,3953,red,0.1,1,0.0
validation,3953,red,0.1,3,0.0
validation,3953,red,0.1,5,0.0
validation,3953,red,0.2,1,0.0
validation,3953,red,0.2,3,0.0
validation,3953,red,0.2,5,0.0
validation,10176,blue,0.0,1,0.0
validation,10176,blue,0.05,1,0.0
validation,10176,blue,0.05,3,0.0
validation,10176,blue,0.05,5,0.0
validation,10176,blue,0.1,1,0.0
validation,10176,blue,0.1,3,0.0
validation,10176,blue,0.1,5,0.0
validation,10176,blue,0.2,1,43.46462682015891
validation,10176,blue,0.2,3,43.46462682015891
validation,10176,blue,0.2,5,43.46462682015891
validation,10176,red,0.0,1,0.0
validation,10176,red,0.05,1,0.0
validation,10176,red,0.05,3,0.0
validation,10176,red,0.05,5,0.0
validation,10176,red,0.1,1,0.0
validation,10176,red,0.1,3,0.0
validation,10176,red,0.1,5,0.0
validation,10176,red,0.2,1,0.0
validation,10176,red,0.2,3,0.0
validation,10176,red,0.2,5,0.0
validation,7964,blue,0.0,1,0.0
validation,7964,blue,0.05,1,0.0
validation,7964,blue,0.05,3,0.0
validation,7964,blue,0.05,5,0.0
validation,7964,blue,0.1,1,19.661838115558975
validation,7964,blue,0.1,3,19.661838115558975
validation,7964,blue,0.1,5,19.661838115558975
validation,7964,blue,0.2,1,19.661838115558975
validation,7964,blue,0.2,3,19.661838115558975
validation,7964,blue,0.2,5,19.661838115558975
validation,7964,red,0.0,1,0.0
validation,7964,red,0.05,1,19.661838115558975
validation,7964,red,0.05,3,19.661838115558975
validation,7964,red,0.05,5,19.661838115558975
validation,7964,red,0.1,1,19.661838115558975
validation,7964,red,0.1,3,19.661838115558975
validation,7964,red,0.1,5,19.661838115558975
validation,7964,red,0.2,1,19.661838115558975
validation,7964,red,0.2,3,19.661838115558975
validation,7964,red,0.2,5,19.661838115558975
validation,9020,blue,0.0,1,0.0
validation,9020,blue,0.05,1,0.0
validation,9020,blue,0.05,3,0.0
validation,9020,blue,0.05,5,0.0
validation,9020,blue,0.1,1,0.0
validation,9020,blue,0.1,3,0.0
validation,9020,blue,0.1,5,0.0
validation,9020,blue,0.2,1,21.700595347389864
validation,9020,blue,0.2,3,21.700595347389864
validation,9020,blue,0.2,5,21.700595347389864
validation,9020,red,0.0,1,0.0
validation,9020,red,0.05,1,0.0
validation,9020,red,0.05,3,0.0
validation,9020,red,0.05,5,0.0
validation,9020,red,0.1,1,0.0
validation,9020,red,0.1,3,0.0
validation,9020,red,0.1,5,0.0
validation,9020,red,0.2,1,0.0
validation,9020,red,0.2,3,0.0
validation,9020,red,0.2,5,0.0
validation,5165,blue,0.0,1,0.0
validation,5165,blue,0.05,1,0.0
validation,5165,blue,0.05,3,0.0
validation,5165,blue,0.05,5,0.0
validation,5165,blue,0.1,1,0.0
validation,5165,blue,0.1,3,0.0
validation,5165,blue,0.1,5,0.0
validation,5165,blue,0.2,1,21.10058288654681
validation,5165,blue,0.2,3,21.10058288654681
validation,5165,blue,0.2,5,21.10058288654681
validation,5165,red,0.0,1,0.0
validation,5165,red,0.05,1,0.0
validation,5165,red,0.05,3,0.0
validation,5165,red,0.05,5,0.0
validation,5165,red,0.1,1,0.0
validation,5165,red,0.1,3,0.0
validation,5165,red,0.1,5,0.0
validation,5165,red,0.2,1,0.0
validation,5165,red,0.2,3,0.0
validation,5165,red,0.2,5,0.0
validation,12534,blue,0.0,1,0.0
validation,12534,blue,0.05,1,0.0
validation,12534,blue,0.05,3,0.0
validation,12534,blue,0.05,5,0.0
validation,12534,blue,0.1,1,0.0
validation,12534,blue,0.1,3,0.0
validation,12534,blue,0.1,5,0.0
validation,12534,blue,0.2,1,41.95824470303357
validation,12534,blue,0.2,3,41.95824470303357
validation,12534,blue,0.2,5,41.95824470303357
validation,12534,red,0.0,1,0.0
validation,12534,red,0.05,1,0.0
validation,12534,red,0.05,3,0.0
validation,12534,red,0.05,5,0.0
validation,12534,red,0.1,1,0.0
validation,12534,red,0.1,3,0.0
validation,12534,red,0.1,5,0.0
validation,12534,red,0.2,1,0.0
validation,12534,red,0.2,3,0.0
validation,12534,red,0.2,5,0.0
validation,8898,blue,0.0,1,0.0
validation,8898,blue,0.05,1,0.0
validation,8898,blue,0.05,3,0.0
validation,8898,blue,0.05,5,0.0
validation,8898,blue,0.1,1,0.0
validation,8898,blue,0.1,3,0.0
validation,8898,blue,0.1,5,0.0
validation,8898,blue,0.2,1,21.06084401941586
validation,8898,blue,0.2,3,21.06084401941586
validation,8898,blue,0.2,5,21.06084401941586
validation,8898,red,0.0,1,0.0
validation,8898,red,0.05,1,0.0
validation,8898,red,0.05,3,0.0
validation,8898,red,0.05,5,0.0
validation,8898,red,0.1,1,0.0
validation,8898,red,0.1,3,0.0
validation,8898,red,0.1,5,0.0
validation,8898,red,0.2,1,0.0
validation,8898,red,0.2,3,0.0
validation,8898,red,0.2,5,0.0
validation,12478,blue,0.0,1,0.0
validation,12478,blue,0.05,1,0.0
validation,12478,blue,0.05,3,0.0
validation,12478,blue,0.05,5,0.0
validation,12478,blue,0.1,1,20.803896319027103
validation,12478,blue,0.1,3,20.803896319027103
validation,12478,blue,0.1,5,20.803896319027103
validation,12478,blue,0.2,1,41.60779263805421
validation,12478,blue,0.2,3,41.60779263805421
validation,12478,blue,0.2,5,41.60779263805421
validation,12478,red,0.0,1,0.0
validation,12478,red,0.05,1,0.0
validation,12478,red,0.05,3,0.0
validation,12478,red,0.05,5,0.0
validation,12478,red,0.1,1,0.0
validation,12478,red,0.1,3,0.0
validation,12478,red,0.1,5,0.0
validation,12478,red,0.2,1,0.0
validation,12478,red,0.2,3,0.0
validation,12478,red,0.2,5,0.0
validation,8121,blue,0.0,1,0.0
validation,8121,blue,0.05,1,19.628417899494917
validation,8121,blue,0.05,3,19.628417899494917
validation,8121,blue,0.05,5,19.628417899494917
validation,8121,blue,0.1,1,19.628417899494917
validation,8121,blue,0.1,3,19.628417899494917
validation,8121,blue,0.1,5,19.628417899494917
validation,8121,blue,0.2,1,19.628417899494917
validation,8121,blue,0.2,3,19.628417899494917
validation,8121,blue,0.2,5,19.628417899494917
validation,8121,red,0.0,1,0.0
validation,8121,red,0.05,1,0.0
validation,8121,red,0.05,3,0.0
validation,8121,red,0.05,5,0.0
validation,8121,red,0.1,1,0.0
validation,8121,red,0.1,3,0.0
validation,8121,red,0.1,5,0.0
validation,8121,red,0.2,1,0.0
validation,8121,red,0.2,3,0.0
validation,8121,red,0.2,5,0.0
validation,13067,blue,0.0,1,0.0
validation,13067,blue,0.05,1,0.0
validation,13067,blue,0.05,3,0.0
validation,13067,blue,0.05,5,0.0
validation,13067,blue,0.1,1,20.93028906079087
validation,13067,blue,0.1,3,20.93028906079087
validation,13067,blue,0.1,5,20.93028906079087
validation,13067,blue,0.2,1,41.86057812158174
validation,13067,blue,0.2,3,41.86057812158174
validation,13067,blue,0.2,5,41.86057812158174
validation,13067,red,0.0,1,0.0
validation,13067,red,0.05,1,0.0
validation,13067,red,0.05,3,0.0
validation,13067,red,0.05,5,0.0
validation,13067,red,0.1,1,0.0
validation,13067,red,0.1,3,0.0
validation,13067,red,0.1,5,0.0
validation,13067,red,0.2,1,0.0
validation,13067,red,0.2,3,0.0
validation,13067,red,0.2,5,0.0
validation,1200,blue,0.0,1,0.0
validation,1200,blue,0.05,1,0.0
validation,1200,blue,0.05,3,0.0
validation,1200,blue,0.05,5,0.0
validation,1200,blue,0.1,1,0.0
validation,1200,blue,0.1,3,0.0
validation,1200,blue,0.1,5,0.0
validation,1200,blue,0.2,1,0.0
validation,1200,blue,0.2,3,0.0
validation,1200,blue,0.2,5,0.0
validation,1200,red,0.0,1,0.0
validation,1200,red,0.05,1,0.0
validation,1200,red,0.05,3,0.0
validation,1200,red,0.05,5,0.0
validation,1200,red,0.1,1,0.0
validation,1200,red,0.1,3,0.0
validation,1200,red,0.1,5,0.0
validation,1200,red,0.2,1,0.0
validation,1200,red,0.2,3,0.0
validation,1200,red,0.2,5,0.0
validation,4632,blue,0.0,1,0.0
validation,4632,blue,0.05,1,0.0
validation,4632,blue,0.05,3,0.0
validation,4632,blue,0.05,5,0.0
validation,4632,blue,0.1,1,0.0
validation,4632,blue,0.1,3,0.0
validation,4632,blue,0.1,5,0.0
validation,4632,blue,0.2,1,38.364788246035516
validation,4632,blue,0.2,3,38.364788246035516
validation,4632,blue,0.2,5,38.364788246035516
validation,4632,red,0.0,1,0.0
validation,4632,red,0.05,1,0.0
validation,4632,red,0.05,3,0.0
validation,4632,red,0.05,5,0.0
validation,4632,red,0.1,1,0.0
validation,4632,red,0.1,3,0.0
validation,4632,red,0.1,5,0.0
validation,4632,red,0.2,1,0.0
validation,4632,red,0.2,3,0.0
validation,4632,red,0.2,5,0.0
validation,8627,blue,0.0,1,0.0
validation,8627,blue,0.05,1,0.0
validation,8627,blue,0.05,3,0.0
validation,8627,blue,0.05,5,0.0
validation,8627,blue,0.1,1,0.0
validation,8627,blue,0.1,3,0.0
validation,8627,blue,0.1,5,0.0
validation,8627,blue,0.2,1,19.3922729397909
validation,8627,blue,0.2,3,19.3922729397909
validation,8627,blue,0.2,5,19.3922729397909
validation,8627,red,0.0,1,0.0
validation,8627,red,0.05,1,0.0
validation,8627,red,0.05,3,0.0
validation,8627,red,0.05,5,0.0
validation,8627,red,0.1,1,0.0
validation,8627,red,0.1,3,0.0
validation,8627,red,0.1,5,0.0
validation,8627,red,0.2,1,19.3922729397909
validation,8627,red,0.2,3,19.3922729397909
validation,8627,red,0.2,5,19.3922729397909
validation,8002,blue,0.0,1,0.0
validation,8002,blue,0.05,1,0.0
validation,8002,blue,0.05,3,0.0
validation,8002,blue,0.05,5,0.0
validation,8002,blue,0.1,1,0.0
validation,8002,blue,0.1,3,0.0
validation,8002,blue,0.1,5,0.0
validation,8002,blue,0.2,1,19.686752523534352
validation,8002,blue,0.2,3,19.686752523534352
validation,8002,blue,0.2,5,19.686752523534352
validation,8002,red,0.0,1,0.0
validation,8002,red,0.05,1,0.0
validation,8002,red,0.05,3,0.0
validation,8002,red,0.05,5,0.0
validation,8002,red,0.1,1,0.0
validation,8002,red,0.1,3,0.0
validation,8002,red,0.1,5,0.0
validation,8002,red,0.2,1,0.0
validation,8002,red,0.2,3,0.0
validation,8002,red,0.2,5,0.0
validation,7862,blue,0.0,1,0.0
validation,7862,blue,0.05,1,0.0
validation,7862,blue,0.05,3,0.0
validation,7862,blue,0.05,5,0.0
validation,7862,blue,0.1,1,0.0
validation,7862,blue,0.1,3,0.0
validation,7862,blue,0.1,5,0.0
validation,7862,blue,0.2,1,39.39682754778944
validation,7862,blue,0.2,3,39.39682754778944
validation,7862,blue,0.2,5,39.39682754778944
validation,7862,red,0.0,1,0.0
validation,7862,red,0.05,1,0.0
validation,7862,red,0.05,3,0.0
validation,7862,red,0.05,5,0.0
validation,7862,red,0.1,1,0.0
validation,7862,red,0.1,3,0.0
validation,7862,red,0.1,5,0.0
validation,7862,red,0.2,1,0.0
validation,7862,red,0.2,3,0.0
validation,7862,red,0.2,5,0.0
validation,11283,blue,0.0,1,0.0
validation,11283,blue,0.05,1,0.0
validation,11283,blue,0.05,3,0.0
validation,11283,blue,0.05,5,0.0
validation,11283,blue,0.1,1,0.0
validation,11283,blue,0.1,3,0.0
validation,11283,blue,0.1,5,0.0
validation,11283,blue,0.2,1,40.941811025732456
validation,11283,blue,0.2,3,40.941811025732456
validation,11283,blue,0.2,5,40.941811025732456
validation,11283,red,0.0,1,0.0
validation,11283,red,0.05,1,0.0
validation,11283,red,0.05,3,0.0
validation,11283,red,0.05,5,0.0
validation,11283,red,0.1,1,0.0
validation,11283,red,0.1,3,0.0
validation,11283,red,0.1,5,0.0
validation,11283,red,0.2,1,0.0
validation,11283,red,0.2,3,0.0
validation,11283,red,0.2,5,0.0
validation,1429,blue,0.0,1,0.0
validation,1429,blue,0.05,1,0.0
validation,1429,blue,0.05,3,0.0
validation,1429,blue,0.05,5,0.0
validation,1429,blue,0.1,1,0.0
validation,1429,blue,0.1,3,0.0
validation,1429,blue,0.1,5,0.0
validation,1429,blue,0.2,1,21.335692426461303
validation,1429,blue,0.2,3,21.335692426461303
validation,1429,blue,0.2,5,21.335692426461303
validation,1429,red,0.0,1,0.0
validation,1429,red,0.05,1,0.0
validation,1429,red,0.05,3,0.0
validation,1429,red,0.05,5,0.0
validation,1429,red,0.1,1,0.0
validation,1429,red,0.1,3,0.0
validation,1429,red,0.1,5,0.0
validation,1429,red,0.2,1,0.0
validation,1429,red,0.2,3,0.0
validation,1429,red,0.2,5,0.0
validation,10568,blue,0.0,1,0.0
validation,10568,blue,0.05,1,0.0
validation,10568,blue,0.05,3,0.0
validation,10568,blue,0.05,5,0.0
validation,10568,blue,0.1,1,20.246768232025435
validation,10568,blue,0.1,3,20.246768232025435
validation,10568,blue,0.1,5,20.246768232025435
validation,10568,blue,0.2,1,40.49353646405087
validation,10568,blue,0.2,3,40.49353646405087
validation,10568,blue,0.2,5,40.49353646405087
validation,10568,red,0.0,1,0.0
validation,10568,red,0.05,1,0.0
validation,10568,red,0.05,3,0.0
validation,10568,red,0.05,5,0.0
validation,10568,red,0.1,1,0.0
validation,10568,red,0.1,3,0.0
validation,10568,red,0.1,5,0.0
validation,10568,red,0.2,1,0.0
validation,10568,red,0.2,3,0.0
validation,10568,red,0.2,5,0.0
validation,12937,blue,0.0,1,0.0
validation,12937,blue,0.05,1,0.0
validation,12937,blue,0.05,3,0.0
validation,12937,blue,0.05,5,0.0
validation,12937,blue,0.1,1,0.0
validation,12937,blue,0.1,3,0.0
validation,12937,blue,0.1,5,0.0
validation,12937,blue,0.2,1,43.43101564809979
validation,12937,blue,0.2,3,43.43101564809979
validation,12937,blue,0.2,5,43.43101564809979
validation,12937,red,0.0,1,0.0
validation,12937,red,0.05,1,0.0
validation,12937,red,0.05,3,0.0
validation,12937,red,0.05,5,0.0
validation,12937,red,0.1,1,0.0
validation,12937,red,0.1,3,0.0
validation,12937,red,0.1,5,0.0
validation,12937,red,0.2,1,0.0
validation,12937,red,0.2,3,0.0
validation,12937,red,0.2,5,0.0
validation,9296,blue,0.0,1,0.0
validation,9296,blue,0.05,1,0.0
validation,9296,blue,0.05,3,0.0
validation,9296,blue,0.05,5,0.0
validation,9296,blue,0.1,1,0.0
validation,9296,blue,0.1,3,0.0
validation,9296,blue,0.1,5,0.0
validation,9296,blue,0.2,1,42.676275736292965
validation,9296,blue,0.2,3,42.676275736292965
validation,9296,blue,0.2,5,42.676275736292965
validation,9296,red,0.0,1,0.0
validation,9296,red,0.05,1,0.0
validation,9296,red,0.05,3,0.0
validation,9296,red,0.05,5,0.0
validation,9296,red,0.1,1,0.0
validation,9296,red,0.1,3,0.0
validation,9296,red,0.1,5,0.0
validation,9296,red,0.2,1,0.0
validation,9296,red,0.2,3,0.0
validation,9296,red,0.2,5,0.0
validation,2886,blue,0.0,1,0.0
validation,2886,blue,0.05,1,0.0
validation,2886,blue,0.05,3,0.0
validation,2886,blue,0.05,5,0.0
validation,2886,blue,0.1,1,0.0
validation,2886,blue,0.1,3,0.0
validation,2886,blue,0.1,5,0.0
validation,2886,blue,0.2,1,0.0
validation,2886,blue,0.2,3,0.0
validation,2886,blue,0.2,5,0.0
validation,2886,red,0.0,1,0.0
validation,2886,red,0.05,1,0.0
validation,2886,red,0.05,3,0.0
validation,2886,red,0.05,5,0.0
validation,2886,red,0.1,1,0.0
validation,2886,red,0.1,3,0.0
validation,2886,red,0.1,5,0.0
validation,2886,red,0.2,1,0.0
validation,2886,red,0.2,3,0.0
validation,2886,red,0.2,5,0.0
validation,952,blue,0.0,1,0.0
validation,952,blue,0.05,1,0.0
validation,952,blue,0.05,3,0.0
validation,952,blue,0.05,5,0.0
validation,952,blue,0.1,1,0.0
validation,952,blue,0.1,3,0.0
validation,952,blue,0.1,5,0.0
validation,952,blue,0.2,1,0.0
validation,952,blue,0.2,3,0.0
validation,952,blue,0.2,5,0.0
validation,952,red,0.0,1,0.0
validation,952,red,0.05,1,0.0
validation,952,red,0.05,3,0.0
validation,952,red,0.05,5,0.0
validation,952,red,0.1,1,0.0
validation,952,red,0.1,3,0.0
validation,952,red,0.1,5,0.0
validation,952,red,0.2,1,19.276912574601305
validation,952,red,0.2,3,19.276912574601305
validation,952,red,0.2,5,19.276912574601305
validation,4097,blue,0.0,1,0.0
validation,4097,blue,0.05,1,20.54793339732334
validation,4097,blue,0.05,3,20.54793339732334
validation,4097,blue,0.05,5,20.54793339732334
validation,4097,blue,0.1,1,20.54793339732334
validation,4097,blue,0.1,3,20.54793339732334
validation,4097,blue,0.1,5,20.54793339732334
validation,4097,blue,0.2,1,61.643800191970016
validation,4097,blue,0.2,3,61.643800191970016
validation,4097,blue,0.2,5,61.643800191970016
validation,4097,red,0.0,1,0.0
validation,4097,red,0.05,1,0.0
validation,4097,red,0.05,3,0.0
validation,4097,red,0.05,5,0.0
validation,4097,red,0.1,1,0.0
validation,4097,red,0.1,3,0.0
validation,4097,red,0.1,5,0.0
validation,4097,red,0.2,1,0.0
validation,4097,red,0.2,3,0.0
validation,4097,red,0.2,5,0.0
validation,4946,blue,0.0,1,0.0
validation,4946,blue,0.05,1,0.0
validation,4946,blue,0.05,3,0.0
validation,4946,blue,0.05,5,0.0
validation,4946,blue,0.1,1,19.976879986812754
validation,4946,blue,0.1,3,19.976879986812754
validation,4946,blue,0.1,5,19.976879986812754
validation,4946,blue,0.2,1,19.976879986812754
validation,4946,blue,0.2,3,19.976879986812754
validation,4946,blue,0.2,5,19.976879986812754
validation,4946,red,0.0,1,0.0
validation,4946,red,0.05,1,0.0
validation,4946,red,0.05,3,0.0
validation,4946,red,0.05,5,0.0
validation,4946,red,0.1,1,0.0
validation,4946,red,0.1,3,0.0
validation,4946,red,0.1,5,0.0
validation,4946,red,0.2,1,0.0
validation,4946,red,0.2,3,0.0
validation,4946,red,0.2,5,0.0
validation,3355,blue,0.0,1,0.0
validation,3355,blue,0.05,1,0.0
validation,3355,blue,0.05,3,0.0
validation,3355,blue,0.05,5,0.0
validation,3355,blue,0.1,1,19.68382203225613
validation,3355,blue,0.1,3,19.68382203225613
validation,3355,blue,0.1,5,19.68382203225613
validation,3355,blue,0.2,1,19.68382203225613
validation,3355,blue,0.2,3,19.68382203225613
validation,3355,blue,0.2,5,19.68382203225613
validation,3355,red,0.0,1,0.0
validation,3355,red,0.05,1,0.0
validation,3355,red,0.05,3,0.0
validation,3355,red,0.05,5,0.0
validation,3355,red,0.1,1,0.0
validation,3355,red,0.1,3,0.0
validation,3355,red,0.1,5,0.0
validation,3355,red,0.2,1,0.0
validation,3355,red,0.2,3,0.0
validation,3355,red,0.2,5,0.0
validation,2206,blue,0.0,1,0.0
validation,2206,blue,0.05,1,19.947323492224672
validation,2206,blue,0.05,3,19.947323492224672
validation,2206,blue,0.05,5,19.947323492224672
validation,2206,blue,0.1,1,19.947323492224672
validation,2206,blue,0.1,3,19.947323492224672
validation,2206,blue,0.1,5,19.947323492224672
validation,2206,blue,0.2,1,39.894646984449345
validation,2206,blue,0.2,3,39.894646984449345
validation,2206,blue,0.2,5,39.894646984449345
validation,2206,red,0.0,1,0.0
validation,2206,red,0.05,1,0.0
validation,2206,red,0.05,3,0.0
validation,2206,red,0.05,5,0.0
validation,2206,red,0.1,1,0.0
validation,2206,red,0.1,3,0.0
validation,2206,red,0.1,5,0.0
validation,2206,red,0.2,1,0.0
validation,2206,red,0.2,3,0.0
validation,2206,red,0.2,5,0.0
validation,7525,blue,0.0,1,0.0
validation,7525,blue,0.05,1,0.0
validation,7525,blue,0.05,3,0.0
validation,7525,blue,0.05,5,0.0
validation,7525,blue,0.1,1,21.775444612011174
validation,7525,blue,0.1,3,21.775444612011174
validation,7525,blue,0.1,5,21.775444612011174
validation,7525,blue,0.2,1,21.775444612011174
validation,7525,blue,0.2,3,21.775444612011174
validation,7525,blue,0.2,5,21.775444612011174
validation,7525,red,0.0,1,0.0
validation,7525,red,0.05,1,0.0
validation,7525,red,0.05,3,0.0
validation,7525,red,0.05,5,0.0
validation,7525,red,0.1,1,0.0
validation,7525,red,0.1,3,0.0
validation,7525,red,0.1,5,0.0
validation,7525,red,0.2,1,0.0
validation,7525,red,0.2,3,0.0
validation,7525,red,0.2,5,0.0
validation,8565,blue,0.0,1,0.0
validation,8565,blue,0.05,1,0.0
validation,8565,blue,0.05,3,0.0
validation,8565,blue,0.05,5,0.0
validation,8565,blue,0.1,1,19.927211718349295
validation,8565,blue,0.1,3,19.927211718349295
validation,8565,blue,0.1,5,19.927211718349295
validation,8565,blue,0.2,1,39.85442343669859
validation,8565,blue,0.2,3,39.85442343669859
validation,8565,blue,0.2,5,39.85442343669859
validation,8565,red,0.0,1,0.0
validation,8565,red,0.05,1,0.0
validation,8565,red,0.05,3,0.0
validation,8565,red,0.05,5,0.0
validation,8565,red,0.1,1,0.0
validation,8565,red,0.1,3,0.0
validation,8565,red,0.1,5,0.0
validation,8565,red,0.2,1,0.0
validation,8565,red,0.2,3,0.0
validation,8565,red,0.2,5,0.0
validation,6709,blue,0.0,1,0.0
validation,6709,blue,0.05,1,0.0
validation,6709,blue,0.05,3,0.0
validation,6709,blue,0.05,5,0.0
validation,6709,blue,0.1,1,21.198354375836075
validation,6709,blue,0.1,3,21.198354375836075
validation,6709,blue,0.1,5,21.198354375836075
validation,6709,blue,0.2,1,63.59506312750823
validation,6709,blue,0.2,3,63.59506312750823
validation,6709,blue,0.2,5,63.59506312750823
validation,6709,red,0.0,1,0.0
validation,6709,red,0.05,1,0.0
validation,6709,red,0.05,3,0.0
validation,6709,red,0.05,5,0.0
validation,6709,red,0.1,1,0.0
validation,6709,red,0.1,3,0.0
validation,6709,red,0.1,5,0.0
validation,6709,red,0.2,1,0.0
validation,6709,red,0.2,3,0.0
validation,6709,red,0.2,5,0.0
validation,5707,blue,0.0,1,0.0
validation,5707,blue,0.05,1,0.0
validation,5707,blue,0.05,3,0.0
validation,5707,blue,0.05,5,0.0
validation,5707,blue,0.1,1,0.0
validation,5707,blue,0.1,3,0.0
validation,5707,blue,0.1,5,0.0
validation,5707,blue,0.2,1,0.0
validation,5707,blue,0.2,3,0.0
validation,5707,blue,0.2,5,0.0
validation,5707,red,0.0,1,0.0
validation,5707,red,0.05,1,0.0
validation,5707,red,0.05,3,0.0
validation,5707,red,0.05,5,0.0
validation,5707,red,0.1,1,0.0
validation,5707,red,0.1,3,0.0
validation,5707,red,0.1,5,0.0
validation,5707,red,0.2,1,0.0
validation,5707,red,0.2,3,0.0
validation,5707,red,0.2,5,0.0
validation,12267,blue,0.0,1,0.0
validation,12267,blue,0.05,1,0.0
validation,12267,blue,0.05,3,0.0
validation,12267,blue,0.05,5,0.0
validation,12267,blue,0.1,1,0.0
validation,12267,blue,0.1,3,0.0
validation,12267,blue,0.1,5,0.0
validation,12267,blue,0.2,1,19.91689735275306
validation,12267,blue,0.2,3,19.91689735275306
validation,12267,blue,0.2,5,19.91689735275306
validation,12267,red,0.0,1,0.0
validation,12267,red,0.05,1,0.0
validation,12267,red,0.05,3,0.0
validation,12267,red,0.05,5,0.0
validation,12267,red,0.1,1,0.0
validation,12267,red,0.1,3,0.0
validation,12267,red,0.1,5,0.0
validation,12267,red,0.2,1,0.0
validation,12267,red,0.2,3,0.0
validation,12267,red,0.2,5,0.0
validation,9970,blue,0.0,1,0.0
validation,9970,blue,0.05,1,21.118615992396087
validation,9970,blue,0.05,3,21.118615992396087
validation,9970,blue,0.05,5,21.118615992396087
validation,9970,blue,0.1,1,21.118615992396087
validation,9970,blue,0.1,3,21.118615992396087
validation,9970,blue,0.1,5,21.118615992396087
validation,9970,blue,0.2,1,42.237231984792174
validation,9970,blue,0.2,3,42.237231984792174
validation,9970,blue,0.2,5,42.237231984792174
validation,9970,red,0.0,1,0.0
validation,9970,red,0.05,1,0.0
validation,9970,red,0.05,3,0.0
validation,9970,red,0.05,5,0.0
validation,9970,red,0.1,1,0.0
validation,9970,red,0.1,3,0.0
validation,9970,red,0.1,5,0.0
validation,9970,red,0.2,1,0.0
validation,9970,red,0.2,3,0.0
validation,9970,red,0.2,5,0.0
validation,7332,blue,0.0,1,0.0
validation,7332,blue,0.05,1,0.0
validation,7332,blue,0.05,3,0.0
validation,7332,blue,0.05,5,0.0
validation,7332,blue,0.1,1,0.0
validation,7332,blue,0.1,3,0.0
validation,7332,blue,0.1,5,0.0
validation,7332,blue,0.2,1,0.0
validation,7332,blue,0.2,3,0.0
validation,7332,blue,0.2,5,0.0
validation,7332,red,0.0,1,0.0
validation,7332,red,0.05,1,0.0
validation,7332,red,0.05,3,0.0
validation,7332,red,0.05,5,0.0
validation,7332,red,0.1,1,0.0
validation,7332,red,0.1,3,0.0
validation,7332,red,0.1,5,0.0
validation,7332,red,0.2,1,0.0
validation,7332,red,0.2,3,0.0
validation,7332,red,0.2,5,0.0
validation,5512,blue,0.0,1,0.0
validation,5512,blue,0.05,1,0.0
validation,5512,blue,0.05,3,0.0
validation,5512,blue,0.05,5,0.0
validation,5512,blue,0.1,1,21.162596242418953
validation,5512,blue,0.1,3,21.162596242418953
validation,5512,blue,0.1,5,21.162596242418953
validation,5512,blue,0.2,1,21.162596242418953
validation,5512,blue,0.2,3,21.162596242418953
validation,5512,blue,0.2,5,21.162596242418953
validation,5512,red,0.0,1,0.0
validation,5512,red,0.05,1,0.0
validation,5512,red,0.05,3,0.0
validation,5512,red,0.05,5,0.0
validation,5512,red,0.1,1,0.0
validation,5512,red,0.1,3,0.0
validation,5512,red,0.1,5,0.0
validation,5512,red,0.2,1,0.0
validation,5512,red,0.2,3,0.0
validation,5512,red,0.2,5,0.0
validation,7748,blue,0.0,1,0.0
validation,7748,blue,0.05,1,0.0
validation,7748,blue,0.05,3,0.0
validation,7748,blue,0.05,5,0.0
validation,7748,blue,0.1,1,19.245818895702836
validation,7748,blue,0.1,3,19.245818895702836
validation,7748,blue,0.1,5,19.245818895702836
validation,7748,blue,0.2,1,19.245818895702836
validation,7748,blue,0.2,3,19.245818895702836
validation,7748,blue,0.2,5,19.245818895702836
validation,7748,red,0.0,1,0.0
validation,7748,red,0.05,1,0.0
validation,7748,red,0.05,3,0.0
validation,7748,red,0.05,5,0.0
validation,7748,red,0.1,1,0.0
validation,7748,red,0.1,3,0.0
validation,7748,red,0.1,5,0.0
validation,7748,red,0.2,1,0.0
validation,7748,red,0.2,3,0.0
validation,7748,red,0.2,5,0.0
validation,9844,blue,0.0,1,0.0
validation,9844,blue,0.05,1,19.436727849266354
validation,9844,blue,0.05,3,19.436727849266354
validation,9844,blue,0.05,5,19.436727849266354
validation,9844,blue,0.1,1,19.436727849266354
validation,9844,blue,0.1,3,19.436727849266354
validation,9844,blue,0.1,5,19.436727849266354
validation,9844,blue,0.2,1,38.87345569853271
validation,9844,blue,0.2,3,38.87345569853271
validation,9844,blue,0.2,5,38.87345569853271
validation,9844,red,0.0,1,0.0
validation,9844,red,0.05,1,0.0
validation,9844,red,0.05,3,0.0
validation,9844,red,0.05,5,0.0
validation,9844,red,0.1,1,0.0
validation,9844,red,0.1,3,0.0
validation,9844,red,0.1,5,0.0
validation,9844,red,0.2,1,0.0
validation,9844,red,0.2,3,0.0
validation,9844,red,0.2,5,0.0
validation,4162,blue,0.0,1,0.0
validation,4162,blue,0.05,1,19.521201389221254
validation,4162,blue,0.05,3,19.521201389221254
validation,4162,blue,0.05,5,19.521201389221254
validation,4162,blue,0.1,1,19.521201389221254
validation,4162,blue,0.1,3,19.521201389221254
validation,4162,blue,0.1,5,19.521201389221254
validation,4162,blue,0.2,1,58.563604167663755
validation,4162,blue,0.2,3,58.563604167663755
validation,4162,blue,0.2,5,58.563604167663755
validation,4162,red,0.0,1,0.0
validation,4162,red,0.05,1,0.0
validation,4162,red,0.05,3,0.0
validation,4162,red,0.05,5,0.0
validation,4162,red,0.1,1,0.0
validation,4162,red,0.1,3,0.0
validation,4162,red,0.1,5,0.0
validation,4162,red,0.2,1,0.0
validation,4162,red,0.2,3,0.0
validation,4162,red,0.2,5,0.0
validation,2541,blue,0.0,1,0.0
validation,2541,blue,0.05,1,0.0
validation,2541,blue,0.05,3,0.0
validation,2541,blue,0.05,5,0.0
validation,2541,blue,0.1,1,19.060613793511454
validation,2541,blue,0.1,3,19.060613793511454
validation,2541,blue,0.1,5,19.060613793511454
validation,2541,blue,0.2,1,38.12122758702291
validation,2541,blue,0.2,3,38.12122758702291
validation,2541,blue,0.2,5,38.12122758702291
validation,2541,red,0.0,1,0.0
validation,2541,red,0.05,1,0.0
validation,2541,red,0.05,3,0.0
validation,2541,red,0.05,5,0.0
validation,2541,red,0.1,1,0.0
validation,2541,red,0.1,3,0.0
validation,2541,red,0.1,5,0.0
validation,2541,red,0.2,1,0.0
validation,2541,red,0.2,3,0.0
validation,2541,red,0.2,5,0.0
validation,1632,blue,0.0,1,0.0
validation,1632,blue,0.05,1,0.0
validation,1632,blue,0.05,3,0.0
validation,1632,blue,0.05,5,0.0
validation,1632,blue,0.1,1,0.0
validation,1632,blue,0.1,3,0.0
validation,1632,blue,0.1,5,0.0
validation,1632,blue,0.2,1,20.503464983649167
validation,1632,blue,0.2,3,20.503464983649167
validation,1632,blue,0.2,5,20.503464983649167
validation,1632,red,0.0,1,0.0
validation,1632,red,0.05,1,0.0
validation,1632,red,0.05,3,0.0
validation,1632,red,0.05,5,0.0
validation,1632,red,0.1,1,0.0
validation,1632,red,0.1,3,0.0
validation,1632,red,0.1,5,0.0
validation,1632,red,0.2,1,0.0
validation,1632,red,0.2,3,0.0
validation,1632,red,0.2,5,0.0
validation,11155,blue,0.0,1,0.0
validation,11155,blue,0.05,1,0.0
validation,11155,blue,0.05,3,0.0
validation,11155,blue,0.05,5,0.0
validation,11155,blue,0.1,1,0.0
validation,11155,blue,0.1,3,0.0
validation,11155,blue,0.1,5,0.0
validation,11155,blue,0.2,1,0.0
validation,11155,blue,0.2,3,0.0
validation,11155,blue,0.2,5,0.0
validation,11155,red,0.0,1,0.0
validation,11155,red,0.05,1,0.0
validation,11155,red,0.05,3,0.0
validation,11155,red,0.05,5,0.0
validation,11155,red,0.1,1,0.0
validation,11155,red,0.1,3,0.0
validation,11155,red,0.1,5,0.0
validation,11155,red,0.2,1,0.0
validation,11155,red,0.2,3,0.0
validation,11155,red,0.2,5,0.0
validation,1057,blue,0.0,1,0.0
validation,1057,blue,0.05,1,0.0
validation,1057,blue,0.05,3,0.0
validation,1057,blue,0.05,5,0.0
validation,1057,blue,0.1,1,0.0
validation,1057,blue,0.1,3,0.0
validation,1057,blue,0.1,5,0.0
validation,1057,blue,0.2,1,0.0
validation,1057,blue,0.2,3,0.0
validation,1057,blue,0.2,5,0.0
validation,1057,red,0.0,1,0.0
validation,1057,red,0.05,1,0.0
validation,1057,red,0.05,3,0.0
validation,1057,red,0.05,5,0.0
validation,1057,red,0.1,1,0.0
validation,1057,red,0.1,3,0.0
validation,1057,red,0.1,5,0.0
validation,1057,red,0.2,1,19.579156565579723
validation,1057,red,0.2,3,19.579156565579723
validation,1057,red,0.2,5,19.579156565579723
validation,10285,blue,0.0,1,0.0
validation,10285,blue,0.05,1,0.0
validation,10285,blue,0.05,3,0.0
validation,10285,blue,0.05,5,0.0
validation,10285,blue,0.1,1,0.0
validation,10285,blue,0.1,3,0.0
validation,10285,blue,0.1,5,0.0
validation,10285,blue,0.2,1,0.0
validation,10285,blue,0.2,3,0.0
validation,10285,blue,0.2,5,0.0
validation,10285,red,0.0,1,0.0
validation,10285,red,0.05,1,0.0
validation,10285,red,0.05,3,0.0
validation,10285,red,0.05,5,0.0
validation,10285,red,0.1,1,0.0
validation,10285,red,0.1,3,0.0
validation,10285,red,0.1,5,0.0
validation,10285,red,0.2,1,0.0
validation,10285,red,0.2,3,0.0
validation,10285,red,0.2,5,0.0
validation,2661,blue,0.0,1,0.0
validation,2661,blue,0.05,1,0.0
validation,2661,blue,0.05,3,0.0
validation,2661,blue,0.05,5,0.0
validation,2661,blue,0.1,1,20.449435470689927
validation,2661,blue,0.1,3,20.449435470689927
validation,2661,blue,0.1,5,20.449435470689927
validation,2661,blue,0.2,1,20.449435470689927
validation,2661,blue,0.2,3,20.449435470689927
validation,2661,blue,0.2,5,20.449435470689927
validation,2661,red,0.0,1,0.0
validation,2661,red,0.05,1,0.0
validation,2661,red,0.05,3,0.0
validation,2661,red,0.05,5,0.0
validation,2661,red,0.1,1,0.0
validation,2661,red,0.1,3,0.0
validation,2661,red,0.1,5,0.0
validation,2661,red,0.2,1,0.0
validation,2661,red,0.2,3,0.0
validation,2661,red,0.2,5,0.0
validation,8806,blue,0.0,1,0.0
validation,8806,blue,0.05,1,21.515216212237096
validation,8806,blue,0.05,3,21.515216212237096
validation,8806,blue,0.05,5,21.515216212237096
validation,8806,blue,0.1,1,21.515216212237096
validation,8806,blue,0.1,3,21.515216212237096
validation,8806,blue,0.1,5,21.515216212237096
validation,8806,blue,0.2,1,21.515216212237096
validation,8806,blue,0.2,3,21.515216212237096
validation,8806,blue,0.2,5,21.515216212237096
validation,8806,red,0.0,1,0.0
validation,8806,red,0.05,1,0.0
validation,8806,red,0.05,3,0.0
validation,8806,red,0.05,5,0.0
validation,8806,red,0.1,1,0.0
validation,8806,red,0.1,3,0.0
validation,8806,red,0.1,5,0.0
validation,8806,red,0.2,1,21.515216212237096
validation,8806,red,0.2,3,21.515216212237096
validation,8806,red,0.2,5,21.515216212237096
validation,10158,blue,0.0,1,0.0
validation,10158,blue,0.05,1,19.737490096819915
validation,10158,blue,0.05,3,19.737490096819915
validation,10158,blue,0.05,5,19.737490096819915
validation,10158,blue,0.1,1,19.737490096819915
validation,10158,blue,0.1,3,19.737490096819915
validation,10158,blue,0.1,5,19.737490096819915
validation,10158,blue,0.2,1,59.21247029045975
validation,10158,blue,0.2,3,59.21247029045975
validation,10158,blue,0.2,5,59.21247029045975
validation,10158,red,0.0,1,0.0
validation,10158,red,0.05,1,0.0
validation,10158,red,0.05,3,0.0
validation,10158,red,0.05,5,0.0
validation,10158,red,0.1,1,0.0
validation,10158,red,0.1,3,0.0
validation,10158,red,0.1,5,0.0
validation,10158,red,0.2,1,0.0
validation,10158,red,0.2,3,0.0
validation,10158,red,0.2,5,0.0
validation,9094,blue,0.0,1,0.0
validation,9094,blue,0.05,1,21.653609303677335
validation,9094,blue,0.05,3,21.653609303677335
validation,9094,blue,0.05,5,21.653609303677335
validation,9094,blue,0.1,1,21.653609303677335
validation,9094,blue,0.1,3,21.653609303677335
validation,9094,blue,0.1,5,21.653609303677335
validation,9094,blue,0.2,1,43.30721860735467
validation,9094,blue,0.2,3,43.30721860735467
validation,9094,blue,0.2,5,43.30721860735467
validation,9094,red,0.0,1,0.0
validation,9094,red,0.05,1,0.0
validation,9094,red,0.05,3,0.0
validation,9094,red,0.05,5,0.0
validation,9094,red,0.1,1,0.0
validation,9094,red,0.1,3,0.0
validation,9094,red,0.1,5,0.0
validation,9094,red,0.2,1,21.653609303677335
validation,9094,red,0.2,3,21.653609303677335
validation,9094,red,0.2,5,21.653609303677335
validation,8442,blue,0.0,1,0.0
validation,8442,blue,0.05,1,21.031002313624228
validation,8442,blue,0.05,3,21.031002313624228
validation,8442,blue,0.05,5,21.031002313624228
validation,8442,blue,0.1,1,21.031002313624228
validation,8442,blue,0.1,3,21.031002313624228
validation,8442,blue,0.1,5,21.031002313624228
validation,8442,blue,0.2,1,42.062004627248456
validation,8442,blue,0.2,3,42.062004627248456
validation,8442,blue,0.2,5,42.062004627248456
validation,8442,red,0.0,1,0.0
validation,8442,red,0.05,1,0.0
validation,8442,red,0.05,3,0.0
validation,8442,red,0.05,5,0.0
validation,8442,red,0.1,1,0.0
validation,8442,red,0.1,3,0.0
validation,8442,red,0.1,5,0.0
validation,8442,red,0.2,1,0.0
validation,8442,red,0.2,3,0.0
validation,8442,red,0.2,5,0.0
validation,10751,blue,0.0,1,0.0
validation,10751,blue,0.05,1,0.0
validation,10751,blue,0.05,3,0.0
validation,10751,blue,0.05,5,0.0
validation,10751,blue,0.1,1,21.056753101301613
validation,10751,blue,0.1,3,21.056753101301613
validation,10751,blue,0.1,5,21.056753101301613
validation,10751,blue,0.2,1,21.056753101301613
validation,10751,blue,0.2,3,21.056753101301613
validation,10751,blue,0.2,5,21.056753101301613
validation,10751,red,0.0,1,0.0
validation,10751,red,0.05,1,0.0
validation,10751,red,0.05,3,0.0
validation,10751,red,0.05,5,0.0
validation,10751,red,0.1,1,0.0
validation,10751,red,0.1,3,0.0
validation,10751,red,0.1,5,0.0
validation,10751,red,0.2,1,21.056753101301613
validation,10751,red,0.2,3,21.056753101301613
validation,10751,red,0.2,5,21.056753101301613
validation,4515,blue,0.0,1,0.0
validation,4515,blue,0.05,1,0.0
validation,4515,blue,0.05,3,0.0
validation,4515,blue,0.05,5,0.0
validation,4515,blue,0.1,1,0.0
validation,4515,blue,0.1,3,0.0
validation,4515,blue,0.1,5,0.0
validation,4515,blue,0.2,1,0.0
validation,4515,blue,0.2,3,0.0
validation,4515,blue,0.2,5,0.0
validation,4515,red,0.0,1,0.0
validation,4515,red,0.05,1,0.0
validation,4515,red,0.05,3,0.0
validation,4515,red,0.05,5,0.0
validation,4515,red,0.1,1,0.0
validation,4515,red,0.1,3,0.0
validation,4515,red,0.1,5,0.0
validation,4515,red,0.2,1,0.0
validation,4515,red,0.2,3,0.0
validation,4515,red,0.2,5,0.0
validation,6152,blue,0.0,1,0.0
validation,6152,blue,0.05,1,21.395458105731446
validation,6152,blue,0.05,3,21.395458105731446
validation,6152,blue,0.05,5,21.395458105731446
validation,6152,blue,0.1,1,21.395458105731446
validation,6152,blue,0.1,3,21.395458105731446
validation,6152,blue,0.1,5,21.395458105731446
validation,6152,blue,0.2,1,21.395458105731446
validation,6152,blue,0.2,3,21.395458105731446
validation,6152,blue,0.2,5,21.395458105731446
validation,6152,red,0.0,1,0.0
validation,6152,red,0.05,1,0.0
validation,6152,red,0.05,3,0.0
validation,6152,red,0.05,5,0.0
validation,6152,red,0.1,1,0.0
validation,6152,red,0.1,3,0.0
validation,6152,red,0.1,5,0.0
validation,6152,red,0.2,1,0.0
validation,6152,red,0.2,3,0.0
validation,6152,red,0.2,5,0.0
validation,6011,blue,0.0,1,0.0
validation,6011,blue,0.05,1,0.0
validation,6011,blue,0.05,3,0.0
validation,6011,blue,0.05,5,0.0
validation,6011,blue,0.1,1,19.147842337264343
validation,6011,blue,0.1,3,19.147842337264343
validation,6011,blue,0.1,5,19.147842337264343
validation,6011,blue,0.2,1,38.29568467452869
validation,6011,blue,0.2,3,38.29568467452869
validation,6011,blue,0.2,5,38.29568467452869
validation,6011,red,0.0,1,0.0
validation,6011,red,0.05,1,0.0
validation,6011,red,0.05,3,0.0
validation,6011,red,0.05,5,0.0
validation,6011,red,0.1,1,0.0
validation,6011,red,0.1,3,0.0
validation,6011,red,0.1,5,0.0
validation,6011,red,0.2,1,0.0
validation,6011,red,0.2,3,0.0
validation,6011,red,0.2,5,0.0
validation,6613,blue,0.0,1,0.0
validation,6613,blue,0.05,1,20.75363045624399
validation,6613,blue,0.05,3,20.75363045624399
validation,6613,blue,0.05,5,20.75363045624399
validation,6613,blue,0.1,1,20.75363045624399
validation,6613,blue,0.1,3,20.75363045624399
validation,6613,blue,0.1,5,20.75363045624399
validation,6613,blue,0.2,1,20.75363045624399
validation,6613,blue,0.2,3,20.75363045624399
validation,6613,blue,0.2,5,20.75363045624399
validation,6613,red,0.0,1,0.0
validation,6613,red,0.05,1,0.0
validation,6613,red,0.05,3,0.0
validation,6613,red,0.05,5,0.0
validation,6613,red,0.1,1,0.0
validation,6613,red,0.1,3,0.0
validation,6613,red,0.1,5,0.0
validation,6613,red,0.2,1,0.0
validation,6613,red,0.2,3,0.0
validation,6613,red,0.2,5,0.0
validation,8600,blue,0.0,1,0.0
validation,8600,blue,0.05,1,21.418551373292992
validation,8600,blue,0.05,3,21.418551373292992
validation,8600,blue,0.05,5,21.418551373292992
validation,8600,blue,0.1,1,21.418551373292992
validation,8600,blue,0.1,3,21.418551373292992
validation,8600,blue,0.1,5,21.418551373292992
validation,8600,blue,0.2,1,42.837102746585984
validation,8600,blue,0.2,3,42.837102746585984
validation,8600,blue,0.2,5,42.837102746585984
validation,8600,red,0.0,1,0.0
validation,8600,red,0.05,1,0.0
validation,8600,red,0.05,3,0.0
validation,8600,red,0.05,5,0.0
validation,8600,red,0.1,1,0.0
validation,8600,red,0.1,3,0.0
validation,8600,red,0.1,5,0.0
validation,8600,red,0.2,1,21.418551373292992
validation,8600,red,0.2,3,21.418551373292992
validation,8600,red,0.2,5,21.418551373292992
validation,8994,blue,0.0,1,0.0
validation,8994,blue,0.05,1,0.0
validation,8994,blue,0.05,3,0.0
validation,8994,blue,0.05,5,0.0
validation,8994,blue,0.1,1,0.0
validation,8994,blue,0.1,3,0.0
validation,8994,blue,0.1,5,0.0
validation,8994,blue,0.2,1,19.478868501059097
validation,8994,blue,0.2,3,19.478868501059097
validation,8994,blue,0.2,5,19.478868501059097
validation,8994,red,0.0,1,0.0
validation,8994,red,0.05,1,0.0
validation,8994,red,0.05,3,0.0
validation,8994,red,0.05,5,0.0
validation,8994,red,0.1,1,0.0
validation,8994,red,0.1,3,0.0
validation,8994,red,0.1,5,0.0
validation,8994,red,0.2,1,0.0
validation,8994,red,0.2,3,0.0
validation,8994,red,0.2,5,0.0
validation,3605,blue,0.0,1,0.0
validation,3605,blue,0.05,1,0.0
validation,3605,blue,0.05,3,0.0
validation,3605,blue,0.05,5,0.0
validation,3605,blue,0.1,1,19.335026788035716
validation,3605,blue,0.1,3,19.335026788035716
validation,3605,blue,0.1,5,19.335026788035716
validation,3605,blue,0.2,1,38.67005357607143
validation,3605,blue,0.2,3,38.67005357607143
validation,3605,blue,0.2,5,38.67005357607143
validation,3605,red,0.0,1,0.0
validation,3605,red,0.05,1,0.0
validation,3605,red,0.05,3,0.0
validation,3605,red,0.05,5,0.0
validation,3605,red,0.1,1,0.0
validation,3605,red,0.1,3,0.0
validation,3605,red,0.1,5,0.0
validation,3605,red,0.2,1,0.0
validation,3605,red,0.2,3,0.0
validation,3605,red,0.2,5,0.0
validation,12102,blue,0.0,1,0.0
validation,12102,blue,0.05,1,0.0
validation,12102,blue,0.05,3,0.0
validation,12102,blue,0.05,5,0.0
validation,12102,blue,0.1,1,0.0
validation,12102,blue,0.1,3,0.0
validation,12102,blue,0.1,5,0.0
validation,12102,blue,0.2,1,21.44265607319702
validation,12102,blue,0.2,3,21.44265607319702
validation,12102,blue,0.2,5,21.44265607319702
validation,12102,red,0.0,1,0.0
validation,12102,red,0.05,1,0.0
validation,12102,red,0.05,3,0.0
validation,12102,red,0.05,5,0.0
validation,12102,red,0.1,1,0.0
validation,12102,red,0.1,3,0.0
validation,12102,red,0.1,5,0.0
validation,12102,red,0.2,1,0.0
validation,12102,red,0.2,3,0.0
validation,12102,red,0.2,5,0.0
validation,7566,blue,0.0,1,0.0
validation,7566,blue,0.05,1,19.96026627890557
validation,7566,blue,0.05,3,19.96026627890557
validation,7566,blue,0.05,5,19.96026627890557
validation,7566,blue,0.1,1,19.96026627890557
validation,7566,blue,0.1,3,19.96026627890557
validation,7566,blue,0.1,5,19.96026627890557
validation,7566,blue,0.2,1,19.96026627890557
validation,7566,blue,0.2,3,19.96026627890557
validation,7566,blue,0.2,5,19.96026627890557
validation,7566,red,0.0,1,0.0
validation,7566,red,0.05,1,0.0
validation,7566,red,0.05,3,0.0
validation,7566,red,0.05,5,0.0
validation,7566,red,0.1,1,0.0
validation,7566,red,0.1,3,0.0
validation,7566,red,0.1,5,0.0
validation,7566,red,0.2,1,0.0
validation,7566,red,0.2,3,0.0
validation,7566,red,0.2,5,0.0
validation,8286,blue,0.0,1,0.0
validation,8286,blue,0.05,1,0.0
validation,8286,blue,0.05,3,0.0
validation,8286,blue,0.05,5,0.0
validation,8286,blue,0.1,1,19.559766452270118
validation,8286,blue,0.1,3,19.559766452270118
validation,8286,blue,0.1,5,19.559766452270118
validation,8286,blue,0.2,1,19.559766452270118
validation,8286,blue,0.2,3,19.559766452270118
validation,8286,blue,0.2,5,19.559766452270118
validation,8286,red,0.0,1,0.0
validation,8286,red,0.05,1,0.0
validation,8286,red,0.05,3,0.0
validation,8286,red,0.05,5,0.0
validation,8286,red,0.1,1,0.0
validation,8286,red,0.1,3,0.0
validation,8286,red,0.1,5,0.0
validation,8286,red,0.2,1,0.0
validation,8286,red,0.2,3,0.0
validation,8286,red,0.2,5,0.0
validation,1790,blue,0.0,1,0.0
validation,1790,blue,0.05,1,0.0
validation,1790,blue,0.05,3,0.0
validation,1790,blue,0.05,5,0.0
validation,1790,blue,0.1,1,0.0
validation,1790,blue,0.1,3,0.0
validation,1790,blue,0.1,5,0.0
validation,1790,blue,0.2,1,21.972719288900187
validation,1790,blue,0.2,3,21.972719288900187
validation,1790,blue,0.2,5,21.972719288900187
validation,1790,red,0.0,1,0.0
validation,1790,red,0.05,1,0.0
validation,1790,red,0.05,3,0.0
validation,1790,red,0.05,5,0.0
validation,1790,red,0.1,1,0.0
validation,1790,red,0.1,3,0.0
validation,1790,red,0.1,5,0.0
validation,1790,red,0.2,1,0.0
validation,1790,red,0.2,3,0.0
validation,1790,red,0.2,5,0.0
validation,12622,blue,0.0,1,0.0
validation,12622,blue,0.05,1,0.0
validation,12622,blue,0.05,3,0.0
validation,12622,blue,0.05,5,0.0
validation,12622,blue,0.1,1,0.0
validation,12622,blue,0.1,3,0.0
validation,12622,blue,0.1,5,0.0
validation,12622,blue,0.2,1,0.0
validation,12622,blue,0.2,3,0.0
validation,12622,blue,0.2,5,0.0
validation,12622,red,0.0,1,0.0
validation,12622,red,0.05,1,0.0
validation,12622,red,0.05,3,0.0
validation,12622,red,0.05,5,0.0
validation,12622,red,0.1,1,0.0
validation,12622,red,0.1,3,0.0
validation,12622,red,0.1,5,0.0
validation,12622,red,0.2,1,0.0
validation,12622,red,0.2,3,0.0
validation,12622,red,0.2,5,0.0
validation,8164,blue,0.0,1,0.0
validation,8164,blue,0.05,1,0.0
validation,8164,blue,0.05,3,0.0
validation,8164,blue,0.05,5,0.0
validation,8164,blue,0.1,1,0.0
validation,8164,blue,0.1,3,0.0
validation,8164,blue,0.1,5,0.0
validation,8164,blue,0.2,1,19.715213724385965
validation,8164,blue,0.2,3,19.715213724385965
validation,8164,blue,0.2,5,19.715213724385965
validation,8164,red,0.0,1,0.0
validation,8164,red,0.05,1,0.0
validation,8164,red,0.05,3,0.0
validation,8164,red,0.05,5,0.0
validation,8164,red,0.1,1,0.0
validation,8164,red,0.1,3,0.0
validation,8164,red,0.1,5,0.0
validation,8164,red,0.2,1,0.0
validation,8164,red,0.2,3,0.0
validation,8164,red,0.2,5,0.0
validation,5024,blue,0.0,1,0.0
validation,5024,blue,0.05,1,0.0
validation,5024,blue,0.05,3,0.0
validation,5024,blue,0.05,5,0.0
validation,5024,blue,0.1,1,20.924169798309045
validation,5024,blue,0.1,3,20.924169798309045
validation,5024,blue,0.1,5,20.924169798309045
validation,5024,blue,0.2,1,20.924169798309045
validation,5024,blue,0.2,3,20.924169798309045
validation,5024,blue,0.2,5,20.924169798309045
validation,5024,red,0.0,1,0.0
validation,5024,red,0.05,1,20.924169798309045
validation,5024,red,0.05,3,20.924169798309045
validation,5024,red,0.05,5,20.924169798309045
validation,5024,red,0.1,1,20.924169798309045
validation,5024,red,0.1,3,20.924169798309045
validation,5024,red,0.1,5,20.924169798309045
validation,5024,red,0.2,1,20.924169798309045
validation,5024,red,0.2,3,20.924169798309045
validation,5024,red,0.2,5,20.924169798309045
validation,9055,blue,0.0,1,0.0
validation,9055,blue,0.05,1,21.667737027364254
validation,9055,blue,0.05,3,21.667737027364254
validation,9055,blue,0.05,5,21.667737027364254
validation,9055,blue,0.1,1,21.667737027364254
validation,9055,blue,0.1,3,21.667737027364254
validation,9055,blue,0.1,5,21.667737027364254
validation,9055,blue,0.2,1,43.33547405472851
validation,9055,blue,0.2,3,43.33547405472851
validation,9055,blue,0.2,5,43.33547405472851
validation,9055,red,0.0,1,0.0
validation,9055,red,0.05,1,0.0
validation,9055,red,0.05,3,0.0
validation,9055,red,0.05,5,0.0
validation,9055,red,0.1,1,0.0
validation,9055,red,0.1,3,0.0
validation,9055,red,0.1,5,0.0
validation,9055,red,0.2,1,0.0
validation,9055,red,0.2,3,0.0
validation,9055,red,0.2,5,0.0
validation,4956,blue,0.0,1,0.0
validation,4956,blue,0.05,1,0.0
validation,4956,blue,0.05,3,0.0
validation,4956,blue,0.05,5,0.0
validation,4956,blue,0.1,1,19.75288153588933
validation,4956,blue,0.1,3,19.75288153588933
validation,4956,blue,0.1,5,19.75288153588933
validation,4956,blue,0.2,1,19.75288153588933
validation,4956,blue,0.2,3,19.75288153588933
validation,4956,blue,0.2,5,19.75288153588933
validation,4956,red,0.0,1,0.0
validation,4956,red,0.05,1,0.0
validation,4956,red,0.05,3,0.0
validation,4956,red,0.05,5,0.0
validation,4956,red,0.1,1,0.0
validation,4956,red,0.1,3,0.0
validation,4956,red,0.1,5,0.0
validation,4956,red,0.2,1,0.0
validation,4956,red,0.2,3,0.0
validation,4956,red,0.2,5,0.0
validation,2447,blue,0.0,1,0.0
validation,2447,blue,0.05,1,20.7884710962251
validation,2447,blue,0.05,3,20.7884710962251
validation,2447,blue,0.05,5,20.7884710962251
validation,2447,blue,0.1,1,20.7884710962251
validation,2447,blue,0.1,3,20.7884710962251
validation,2447,blue,0.1,5,20.7884710962251
validation,2447,blue,0.2,1,41.5769421924502
validation,2447,blue,0.2,3,41.5769421924502
validation,2447,blue,0.2,5,41.5769421924502
validation,2447,red,0.0,1,0.0
validation,2447,red,0.05,1,0.0
validation,2447,red,0.05,3,0.0
validation,2447,red,0.05,5,0.0
validation,2447,red,0.1,1,0.0
validation,2447,red,0.1,3,0.0
validation,2447,red,0.1,5,0.0
validation,2447,red,0.2,1,20.7884710962251
validation,2447,red,0.2,3,20.7884710962251
validation,2447,red,0.2,5,20.7884710962251
validation,10565,blue,0.0,1,0.0
validation,10565,blue,0.05,1,0.0
validation,10565,blue,0.05,3,0.0
validation,10565,blue,0.05,5,0.0
validation,10565,blue,0.1,1,19.60247934918079
validation,10565,blue,0.1,3,19.60247934918079
validation,10565,blue,0.1,5,19.60247934918079
validation,10565,blue,0.2,1,39.20495869836158
validation,10565,blue,0.2,3,39.20495869836158
validation,10565,blue,0.2,5,39.20495869836158
validation,10565,red,0.0,1,0.0
validation,10565,red,0.05,1,0.0
validation,10565,red,0.05,3,0.0
validation,10565,red,0.05,5,0.0
validation,10565,red,0.1,1,0.0
validation,10565,red,0.1,3,0.0
validation,10565,red,0.1,5,0.0
validation,10565,red,0.2,1,0.0
validation,10565,red,0.2,3,0.0
validation,10565,red,0.2,5,0.0
validation,8646,blue,0.0,1,0.0
validation,8646,blue,0.05,1,0.0
validation,8646,blue,0.05,3,0.0
validation,8646,blue,0.05,5,0.0
validation,8646,blue,0.1,1,19.037890822182113
validation,8646,blue,0.1,3,19.037890822182113
validation,8646,blue,0.1,5,19.037890822182113
validation,8646,blue,0.2,1,19.037890822182113
validation,8646,blue,0.2,3,19.037890822182113
validation,8646,blue,0.2,5,19.037890822182113
validation,8646,red,0.0,1,0.0
validation,8646,red,0.05,1,0.0
validation,8646,red,0.05,3,0.0
validation,8646,red,0.05,5,0.0
validation,8646,red,0.1,1,0.0
validation,8646,red,0.1,3,0.0
validation,8646,red,0.1,5,0.0
validation,8646,red,0.2,1,0.0
validation,8646,red,0.2,3,0.0
validation,8646,red,0.2,5,0.0
validation,11365,blue,0.0,1,0.0
validation,11365,blue,0.05,1,0.0
validation,11365,blue,0.05,3,0.0
validation,11365,blue,0.05,5,0.0
validation,11365,blue,0.1,1,0.0
validation,11365,blue,0.1,3,0.0
validation,11365,blue,0.1,5,0.0
validation,11365,blue,0.2,1,43.47601777710189
validation,11365,blue,0.2,3,43.47601777710189
validation,11365,blue,0.2,5,43.47601777710189
validation,11365,red,0.0,1,0.0
validation,11365,red,0.05,1,0.0
validation,11365,red,0.05,3,0.0
validation,11365,red,0.05,5,0.0
validation,11365,red,0.1,1,0.0
validation,11365,red,0.1,3,0.0
validation,11365,red,0.1,5,0.0
validation,11365,red,0.2,1,0.0
validation,11365,red,0.2,3,0.0
validation,11365,red,0.2,5,0.0
validation,2792,blue,0.0,1,0.0
validation,2792,blue,0.05,1,0.0
validation,2792,blue,0.05,3,0.0
validation,2792,blue,0.05,5,0.0
validation,2792,blue,0.1,1,20.424740073425017
validation,2792,blue,0.1,3,20.424740073425017
validation,2792,blue,0.1,5,20.424740073425017
validation,2792,blue,0.2,1,20.424740073425017
validation,2792,blue,0.2,3,20.424740073425017
validation,2792,blue,0.2,5,20.424740073425017
validation,2792,red,0.0,1,0.0
validation,2792,red,0.05,1,0.0
validation,2792,red,0.05,3,0.0
validation,2792,red,0.05,5,0.0
validation,2792,red,0.1,1,0.0
validation,2792,red,0.1,3,0.0
validation,2792,red,0.1,5,0.0
validation,2792,red,0.2,1,0.0
validation,2792,red,0.2,3,0.0
validation,2792,red,0.2,5,0.0
validation,3553,blue,0.0,1,0.0
validation,3553,blue,0.05,1,0.0
validation,3553,blue,0.05,3,0.0
validation,3553,blue,0.05,5,0.0
validation,3553,blue,0.1,1,0.0
validation,3553,blue,0.1,3,0.0
validation,3553,blue,0.1,5,0.0
validation,3553,blue,0.2,1,0.0
validation,3553,blue,0.2,3,0.0
validation,3553,blue,0.2,5,0.0
validation,3553,red,0.0,1,0.0
validation,3553,red,0.05,1,0.0
validation,3553,red,0.05,3,0.0
validation,3553,red,0.05,5,0.0
validation,3553,red,0.1,1,0.0
validation,3553,red,0.1,3,0.0
validation,3553,red,0.1,5,0.0
validation,3553,red,0.2,1,0.0
validation,3553,red,0.2,3,0.0
validation,3553,red,0.2,5,0.0
validation,11048,blue,0.0,1,0.0
validation,11048,blue,0.05,1,0.0
validation,11048,blue,0.05,3,0.0
validation,11048,blue,0.05,5,0.0
validation,11048,blue,0.1,1,0.0
validation,11048,blue,0.1,3,0.0
validation,11048,blue,0.1,5,0.0
validation,11048,blue,0.2,1,0.0
validation,11048,blue,0.2,3,0.0
validation,11048,blue,0.2,5,0.0
validation,11048,red,0.0,1,0.0
validation,11048,red,0.05,1,0.0
validation,11048,red,0.05,3,0.0
validation,11048,red,0.05,5,0.0
validation,11048,red,0.1,1,0.0
validation,11048,red,0.1,3,0.0
validation,11048,red,0.1,5,0.0
validation,11048,red,0.2,1,0.0
validation,11048,red,0.2,3,0.0
validation,11048,red,0.2,5,0.0
validation,9305,blue,0.0,1,0.0
validation,9305,blue,0.05,1,0.0
validation,9305,blue,0.05,3,0.0
validation,9305,blue,0.05,5,0.0
validation,9305,blue,0.1,1,21.659347226031723
validation,9305,blue,0.1,3,21.659347226031723
validation,9305,blue,0.1,5,21.659347226031723
validation,9305,blue,0.2,1,21.659347226031723
validation,9305,blue,0.2,3,21.659347226031723
validation,9305,blue,0.2,5,21.659347226031723
validation,9305,red,0.0,1,0.0
validation,9305,red,0.05,1,0.0
validation,9305,red,0.05,3,0.0
validation,9305,red,0.05,5,0.0
validation,9305,red,0.1,1,21.659347226031723
validation,9305,red,0.1,3,21.659347226031723
validation,9305,red,0.1,5,21.659347226031723
validation,9305,red,0.2,1,21.659347226031723
validation,9305,red,0.2,3,21.659347226031723
validation,9305,red,0.2,5,21.659347226031723
validation,3665,blue,0.0,1,0.0
validation,3665,blue,0.05,1,20.761963225714474
validation,3665,blue,0.05,3,20.761963225714474
validation,3665,blue,0.05,5,20.761963225714474
validation,3665,blue,0.1,1,20.761963225714474
validation,3665,blue,0.1,3,20.761963225714474
validation,3665,blue,0.1,5,20.761963225714474
validation,3665,blue,0.2,1,20.761963225714474
validation,3665,blue,0.2,3,20.761963225714474
validation,3665,blue,0.2,5,20.761963225714474
validation,3665,red,0.0,1,0.0
validation,3665,red,0.05,1,0.0
validation,3665,red,0.05,3,0.0
validation,3665,red,0.05,5,0.0
validation,3665,red,0.1,1,0.0
validation,3665,red,0.1,3,0.0
validation,3665,red,0.1,5,0.0
validation,3665,red,0.2,1,0.0
validation,3665,red,0.2,3,0.0
validation,3665,red,0.2,5,0.0
validation,10060,blue,0.0,1,0.0
validation,10060,blue,0.05,1,0.0
validation,10060,blue,0.05,3,0.0
validation,10060,blue,0.05,5,0.0
validation,10060,blue,0.1,1,0.0
validation,10060,blue,0.1,3,0.0
validation,10060,blue,0.1,5,0.0
validation,10060,blue,0.2,1,45.99503158126289
validation,10060,blue,0.2,3,45.99503158126289
validation,10060,blue,0.2,5,45.99503158126289
validation,10060,red,0.0,1,0.0
validation,10060,red,0.05,1,0.0
validation,10060,red,0.05,3,0.0
validation,10060,red,0.05,5,0.0
validation,10060,red,0.1,1,0.0
validation,10060,red,0.1,3,0.0
validation,10060,red,0.1,5,0.0
validation,10060,red,0.2,1,0.0
validation,10060,red,0.2,3,0.0
validation,10060,red,0.2,5,0.0
validation,4533,blue,0.0,1,0.0
validation,4533,blue,0.05,1,23.61402302709147
validation,4533,blue,0.05,3,23.61402302709147
validation,4533,blue,0.05,5,23.61402302709147
validation,4533,blue,0.1,1,23.61402302709147
validation,4533,blue,0.1,3,23.61402302709147
validation,4533,blue,0.1,5,23.61402302709147
validation,4533,blue,0.2,1,23.61402302709147
validation,4533,blue,0.2,3,23.61402302709147
validation,4533,blue,0.2,5,23.61402302709147
validation,4533,red,0.0,1,0.0
validation,4533,red,0.05,1,0.0
validation,4533,red,0.05,3,0.0
validation,4533,red,0.05,5,0.0
validation,4533,red,0.1,1,0.0
validation,4533,red,0.1,3,0.0
validation,4533,red,0.1,5,0.0
validation,4533,red,0.2,1,0.0
validation,4533,red,0.2,3,0.0
validation,4533,red,0.2,5,0.0
validation,7599,blue,0.0,1,0.0
validation,7599,blue,0.05,1,0.0
validation,7599,blue,0.05,3,0.0
validation,7599,blue,0.05,5,0.0
validation,7599,blue,0.1,1,0.0
validation,7599,blue,0.1,3,0.0
validation,7599,blue,0.1,5,0.0
validation,7599,blue,0.2,1,0.0
validation,7599,blue,0.2,3,0.0
validation,7599,blue,0.2,5,0.0
validation,7599,red,0.0,1,0.0
validation,7599,red,0.05,1,0.0
validation,7599,red,0.05,3,0.0
validation,7599,red,0.05,5,0.0
validation,7599,red,0.1,1,0.0
validation,7599,red,0.1,3,0.0
validation,7599,red,0.1,5,0.0
validation,7599,red,0.2,1,0.0
validation,7599,red,0.2,3,0.0
validation,7599,red,0.2,5,0.0
validation,12171,blue,0.0,1,0.0
validation,12171,blue,0.05,1,23.025827468814466
validation,12171,blue,0.05,3,23.025827468814466
validation,12171,blue,0.05,5,23.025827468814466
validation,12171,blue,0.1,1,23.025827468814466
validation,12171,blue,0.1,3,23.025827468814466
validation,12171,blue,0.1,5,23.025827468814466
validation,12171,blue,0.2,1,23.025827468814466
validation,12171,blue,0.2,3,23.025827468814466
validation,12171,blue,0.2,5,23.025827468814466
validation,12171,red,0.0,1,0.0
validation,12171,red,0.05,1,0.0
validation,12171,red,0.05,3,0.0
validation,12171,red,0.05,5,0.0
validation,12171,red,0.1,1,0.0
validation,12171,red,0.1,3,0.0
validation,12171,red,0.1,5,0.0
validation,12171,red,0.2,1,23.025827468814466
validation,12171,red,0.2,3,23.025827468814466
validation,12171,red,0.2,5,23.025827468814466
validation,9132,blue,0.0,1,0.0
validation,9132,blue,0.05,1,23.616440188207743
validation,9132,blue,0.05,3,23.616440188207743
validation,9132,blue,0.05,5,23.616440188207743
validation,9132,blue,0.1,1,23.616440188207743
validation,9132,blue,0.1,3,23.616440188207743
validation,9132,blue,0.1,5,23.616440188207743
validation,9132,blue,0.2,1,47.23288037641549
validation,9132,blue,0.2,3,47.23288037641549
validation,9132,blue,0.2,5,47.23288037641549
validation,9132,red,0.0,1,0.0
validation,9132,red,0.05,1,0.0
validation,9132,red,0.05,3,0.0
validation,9132,red,0.05,5,0.0
validation,9132,red,0.1,1,0.0
validation,9132,red,0.1,3,0.0
validation,9132,red,0.1,5,0.0
validation,9132,red,0.2,1,0.0
validation,9132,red,0.2,3,0.0
validation,9132,red,0.2,5,0.0
validation,4092,blue,0.0,1,0.0
validation,4092,blue,0.05,1,0.0
validation,4092,blue,0.05,3,0.0
validation,4092,blue,0.05,5,0.0
validation,4092,blue,0.1,1,26.097066645561966
validation,4092,blue,0.1,3,26.097066645561966
validation,4092,blue,0.1,5,26.097066645561966
validation,4092,blue,0.2,1,52.19413329112393
validation,4092,blue,0.2,3,52.19413329112393
validation,4092,blue,0.2,5,52.19413329112393
validation,4092,red,0.0,1,0.0
validation,4092,red,0.05,1,0.0
validation,4092,red,0.05,3,0.0
validation,4092,red,0.05,5,0.0
validation,4092,red,0.1,1,0.0
validation,4092,red,0.1,3,0.0
validation,4092,red,0.1,5,0.0
validation,4092,red,0.2,1,0.0
validation,4092,red,0.2,3,0.0
validation,4092,red,0.2,5,0.0
validation,11216,blue,0.0,1,0.0
validation,11216,blue,0.05,1,0.0
validation,11216,blue,0.05,3,0.0
validation,11216,blue,0.05,5,0.0
validation,11216,blue,0.1,1,0.0
validation,11216,blue,0.1,3,0.0
validation,11216,blue,0.1,5,0.0
validation,11216,blue,0.2,1,26.512347975306476
validation,11216,blue,0.2,3,26.512347975306476
validation,11216,blue,0.2,5,26.512347975306476
validation,11216,red,0.0,1,0.0
validation,11216,red,0.05,1,0.0
validation,11216,red,0.05,3,0.0
validation,11216,red,0.05,5,0.0
validation,11216,red,0.1,1,0.0
validation,11216,red,0.1,3,0.0
validation,11216,red,0.1,5,0.0
validation,11216,red,0.2,1,26.512347975306476
validation,11216,red,0.2,3,26.512347975306476
validation,11216,red,0.2,5,26.512347975306476
validation,4812,blue,0.0,1,0.0
validation,4812,blue,0.05,1,0.0
validation,4812,blue,0.05,3,0.0
validation,4812,blue,0.05,5,0.0
validation,4812,blue,0.1,1,0.0
validation,4812,blue,0.1,3,0.0
validation,4812,blue,0.1,5,0.0
validation,4812,blue,0.2,1,26.70354088290945
validation,4812,blue,0.2,3,26.70354088290945
validation,4812,blue,0.2,5,26.70354088290945
validation,4812,red,0.0,1,0.0
validation,4812,red,0.05,1,0.0
validation,4812,red,0.05,3,0.0
validation,4812,red,0.05,5,0.0
validation,4812,red,0.1,1,0.0
validation,4812,red,0.1,3,0.0
validation,4812,red,0.1,5,0.0
validation,4812,red,0.2,1,0.0
validation,4812,red,0.2,3,0.0
validation,4812,red,0.2,5,0.0
validation,1163,blue,0.0,1,0.0
validation,1163,blue,0.05,1,0.0
validation,1163,blue,0.05,3,0.0
validation,1163,blue,0.05,5,0.0
validation,1163,blue,0.1,1,0.0
validation,1163,blue,0.1,3,0.0
validation,1163,blue,0.1,5,0.0
validation,1163,blue,0.2,1,25.150219271531924
validation,1163,blue,0.2,3,25.150219271531924
validation,1163,blue,0.2,5,25.150219271531924
validation,1163,red,0.0,1,0.0
validation,1163,red,0.05,1,0.0
validation,1163,red,0.05,3,0.0
validation,1163,red,0.05,5,0.0
validation,1163,red,0.1,1,0.0
validation,1163,red,0.1,3,0.0
validation,1163,red,0.1,5,0.0
validation,1163,red,0.2,1,0.0
validation,1163,red,0.2,3,0.0
validation,1163,red,0.2,5,0.0
validation,3072,blue,0.0,1,0.0
validation,3072,blue,0.05,1,24.934999725192917
validation,3072,blue,0.05,3,24.934999725192917
validation,3072,blue,0.05,5,24.934999725192917
validation,3072,blue,0.1,1,24.934999725192917
validation,3072,blue,0.1,3,24.934999725192917
validation,3072,blue,0.1,5,24.934999725192917
validation,3072,blue,0.2,1,49.86999945038583
validation,3072,blue,0.2,3,49.86999945038583
validation,3072,blue,0.2,5,49.86999945038583
validation,3072,red,0.0,1,0.0
validation,3072,red,0.05,1,0.0
validation,3072,red,0.05,3,0.0
validation,3072,red,0.05,5,0.0
validation,3072,red,0.1,1,0.0
validation,3072,red,0.1,3,0.0
validation,3072,red,0.1,5,0.0
validation,3072,red,0.2,1,0.0
validation,3072,red,0.2,3,0.0
validation,3072,red,0.2,5,0.0
validation,7299,blue,0.0,1,0.0
validation,7299,blue,0.05,1,0.0
validation,7299,blue,0.05,3,0.0
validation,7299,blue,0.05,5,0.0
validation,7299,blue,0.1,1,24.295353506758453
validation,7299,blue,0.1,3,24.295353506758453
validation,7299,blue,0.1,5,24.295353506758453
validation,7299,blue,0.2,1,24.295353506758453
validation,7299,blue,0.2,3,24.295353506758453
validation,7299,blue,0.2,5,24.295353506758453
validation,7299,red,0.0,1,0.0
validation,7299,red,0.05,1,0.0
validation,7299,red,0.05,3,0.0
validation,7299,red,0.05,5,0.0
validation,7299,red,0.1,1,0.0
validation,7299,red,0.1,3,0.0
validation,7299,red,0.1,5,0.0
validation,7299,red,0.2,1,0.0
validation,7299,red,0.2,3,0.0
validation,7299,red,0.2,5,0.0
validation,4703,blue,0.0,1,0.0
validation,4703,blue,0.05,1,0.0
validation,4703,blue,0.05,3,0.0
validation,4703,blue,0.05,5,0.0
validation,4703,blue,0.1,1,0.0
validation,4703,blue,0.1,3,0.0
validation,4703,blue,0.1,5,0.0
validation,4703,blue,0.2,1,45.1282094377839
validation,4703,blue,0.2,3,45.1282094377839
validation,4703,blue,0.2,5,45.1282094377839
validation,4703,red,0.0,1,0.0
validation,4703,red,0.05,1,0.0
validation,4703,red,0.05,3,0.0
validation,4703,red,0.05,5,0.0
validation,4703,red,0.1,1,0.0
validation,4703,red,0.1,3,0.0
validation,4703,red,0.1,5,0.0
validation,4703,red,0.2,1,0.0
validation,4703,red,0.2,3,0.0
validation,4703,red,0.2,5,0.0
validation,6006,blue,0.0,1,0.0
validation,6006,blue,0.05,1,0.0
validation,6006,blue,0.05,3,0.0
validation,6006,blue,0.05,5,0.0
validation,6006,blue,0.1,1,23.359995723252585
validation,6006,blue,0.1,3,23.359995723252585
validation,6006,blue,0.1,5,23.359995723252585
validation,6006,blue,0.2,1,46.71999144650517
validation,6006,blue,0.2,3,46.71999144650517
validation,6006,blue,0.2,5,46.71999144650517
validation,6006,red,0.0,1,0.0
validation,6006,red,0.05,1,0.0
validation,6006,red,0.05,3,0.0
validation,6006,red,0.05,5,0.0
validation,6006,red,0.1,1,0.0
validation,6006,red,0.1,3,0.0
validation,6006,red,0.1,5,0.0
validation,6006,red,0.2,1,23.359995723252585
validation,6006,red,0.2,3,23.359995723252585
validation,6006,red,0.2,5,23.359995723252585
validation,271,blue,0.0,1,0.0
validation,271,blue,0.05,1,0.0
validation,271,blue,0.05,3,0.0
validation,271,blue,0.05,5,0.0
validation,271,blue,0.1,1,0.0
validation,271,blue,0.1,3,0.0
validation,271,blue,0.1,5,0.0
validation,271,blue,0.2,1,22.231951081040783
validation,271,blue,0.2,3,22.231951081040783
validation,271,blue,0.2,5,22.231951081040783
validation,271,red,0.0,1,0.0
validation,271,red,0.05,1,0.0
validation,271,red,0.05,3,0.0
validation,271,red,0.05,5,0.0
validation,271,red,0.1,1,0.0
validation,271,red,0.1,3,0.0
validation,271,red,0.1,5,0.0
validation,271,red,0.2,1,0.0
validation,271,red,0.2,3,0.0
validation,271,red,0.2,5,0.0
validation,11214,blue,0.0,1,0.0
validation,11214,blue,0.05,1,22.866969425738453
validation,11214,blue,0.05,3,22.866969425738453
validation,11214,blue,0.05,5,22.866969425738453
validation,11214,blue,0.1,1,22.866969425738453
validation,11214,blue,0.1,3,22.866969425738453
validation,11214,blue,0.1,5,22.866969425738453
validation,11214,blue,0.2,1,22.866969425738453
validation,11214,blue,0.2,3,22.866969425738453
validation,11214,blue,0.2,5,22.866969425738453
validation,11214,red,0.0,1,0.0
validation,11214,red,0.05,1,22.866969425738453
validation,11214,red,0.05,3,22.866969425738453
validation,11214,red,0.05,5,22.866969425738453
validation,11214,red,0.1,1,22.866969425738453
validation,11214,red,0.1,3,22.866969425738453
validation,11214,red,0.1,5,22.866969425738453
validation,11214,red,0.2,1,22.866969425738453
validation,11214,red,0.2,3,22.866969425738453
validation,11214,red,0.2,5,22.866969425738453
validation,4837,blue,0.0,1,0.0
validation,4837,blue,0.05,1,25.81125053823877
validation,4837,blue,0.05,3,25.81125053823877
validation,4837,blue,0.05,5,25.81125053823877
validation,4837,blue,0.1,1,25.81125053823877
validation,4837,blue,0.1,3,25.81125053823877
validation,4837,blue,0.1,5,25.81125053823877
validation,4837,blue,0.2,1,25.81125053823877
validation,4837,blue,0.2,3,25.81125053823877
validation,4837,blue,0.2,5,25.81125053823877
validation,4837,red,0.0,1,0.0
validation,4837,red,0.05,1,0.0
validation,4837,red,0.05,3,0.0
validation,4837,red,0.05,5,0.0
validation,4837,red,0.1,1,0.0
validation,4837,red,0.1,3,0.0
validation,4837,red,0.1,5,0.0
validation,4837,red,0.2,1,25.81125053823877
validation,4837,red,0.2,3,25.81125053823877
validation,4837,red,0.2,5,25.81125053823877
validation,4130,blue,0.0,1,0.0
validation,4130,blue,0.05,1,0.0
validation,4130,blue,0.05,3,0.0
validation,4130,blue,0.05,5,0.0
validation,4130,blue,0.1,1,0.0
validation,4130,blue,0.1,3,0.0
validation,4130,blue,0.1,5,0.0
validation,4130,blue,0.2,1,50.153791243342866
validation,4130,blue,0.2,3,50.153791243342866
validation,4130,blue,0.2,5,50.153791243342866
validation,4130,red,0.0,1,0.0
validation,4130,red,0.05,1,0.0
validation,4130,red,0.05,3,0.0
validation,4130,red,0.05,5,0.0
validation,4130,red,0.1,1,0.0
validation,4130,red,0.1,3,0.0
validation,4130,red,0.1,5,0.0
validation,4130,red,0.2,1,0.0
validation,4130,red,0.2,3,0.0
validation,4130,red,0.2,5,0.0
validation,512,blue,0.0,1,0.0
validation,512,blue,0.05,1,23.162364955044406
validation,512,blue,0.05,3,23.162364955044406
validation,512,blue,0.05,5,23.162364955044406
validation,512,blue,0.1,1,23.162364955044406
validation,512,blue,0.1,3,23.162364955044406
validation,512,blue,0.1,5,23.162364955044406
validation,512,blue,0.2,1,46.32472991008881
validation,512,blue,0.2,3,46.32472991008881
validation,512,blue,0.2,5,46.32472991008881
validation,512,red,0.0,1,0.0
validation,512,red,0.05,1,0.0
validation,512,red,0.05,3,0.0
validation,512,red,0.05,5,0.0
validation,512,red,0.1,1,0.0
validation,512,red,0.1,3,0.0
validation,512,red,0.1,5,0.0
validation,512,red,0.2,1,0.0
validation,512,red,0.2,3,0.0
validation,512,red,0.2,5,0.0
validation,3084,blue,0.0,1,0.0
validation,3084,blue,0.05,1,22.444284893632485
validation,3084,blue,0.05,3,22.444284893632485
validation,3084,blue,0.05,5,22.444284893632485
validation,3084,blue,0.1,1,22.444284893632485
validation,3084,blue,0.1,3,22.444284893632485
validation,3084,blue,0.1,5,22.444284893632485
validation,3084,blue,0.2,1,22.444284893632485
validation,3084,blue,0.2,3,22.444284893632485
validation,3084,blue,0.2,5,22.444284893632485
validation,3084,red,0.0,1,0.0
validation,3084,red,0.05,1,0.0
validation,3084,red,0.05,3,0.0
validation,3084,red,0.05,5,0.0
validation,3084,red,0.1,1,0.0
validation,3084,red,0.1,3,0.0
validation,3084,red,0.1,5,0.0
validation,3084,red,0.2,1,0.0
validation,3084,red,0.2,3,0.0
validation,3084,red,0.2,5,0.0
validation,11937,blue,0.0,1,0.0
validation,11937,blue,0.05,1,0.0
validation,11937,blue,0.05,3,0.0
validation,11937,blue,0.05,5,0.0
validation,11937,blue,0.1,1,0.0
validation,11937,blue,0.1,3,0.0
validation,11937,blue,0.1,5,0.0
validation,11937,blue,0.2,1,0.0
validation,11937,blue,0.2,3,0.0
validation,11937,blue,0.2,5,0.0
validation,11937,red,0.0,1,0.0
validation,11937,red,0.05,1,0.0
validation,11937,red,0.05,3,0.0
validation,11937,red,0.05,5,0.0
validation,11937,red,0.1,1,0.0
validation,11937,red,0.1,3,0.0
validation,11937,red,0.1,5,0.0
validation,11937,red,0.2,1,0.0
validation,11937,red,0.2,3,0.0
validation,11937,red,0.2,5,0.0
validation,5232,blue,0.0,1,0.0
validation,5232,blue,0.05,1,24.959169878209103
validation,5232,blue,0.05,3,24.959169878209103
validation,5232,blue,0.05,5,24.959169878209103
validation,5232,blue,0.1,1,24.959169878209103
validation,5232,blue,0.1,3,24.959169878209103
validation,5232,blue,0.1,5,24.959169878209103
validation,5232,blue,0.2,1,49.918339756418206
validation,5232,blue,0.2,3,49.918339756418206
validation,5232,blue,0.2,5,49.918339756418206
validation,5232,red,0.0,1,0.0
validation,5232,red,0.05,1,0.0
validation,5232,red,0.05,3,0.0
validation,5232,red,0.05,5,0.0
validation,5232,red,0.1,1,0.0
validation,5232,red,0.1,3,0.0
validation,5232,red,0.1,5,0.0
validation,5232,red,0.2,1,24.959169878209103
validation,5232,red,0.2,3,24.959169878209103
validation,5232,red,0.2,5,24.959169878209103
validation,11589,blue,0.0,1,0.0
validation,11589,blue,0.05,1,0.0
validation,11589,blue,0.05,3,0.0
validation,11589,blue,0.05,5,0.0
validation,11589,blue,0.1,1,23.208788694315036
validation,11589,blue,0.1,3,23.208788694315036
validation,11589,blue,0.1,5,23.208788694315036
validation,11589,blue,0.2,1,23.208788694315036
validation,11589,blue,0.2,3,23.208788694315036
validation,11589,blue,0.2,5,23.208788694315036
validation,11589,red,0.0,1,0.0
validation,11589,red,0.05,1,0.0
validation,11589,red,0.05,3,0.0
validation,11589,red,0.05,5,0.0
validation,11589,red,0.1,1,0.0
validation,11589,red,0.1,3,0.0
validation,11589,red,0.1,5,0.0
validation,11589,red,0.2,1,0.0
validation,11589,red,0.2,3,0.0
validation,11589,red,0.2,5,0.0
validation,1667,blue,0.0,1,0.0
validation,1667,blue,0.05,1,24.963037397232743
validation,1667,blue,0.05,3,24.963037397232743
validation,1667,blue,0.05,5,24.963037397232743
validation,1667,blue,0.1,1,24.963037397232743
validation,1667,blue,0.1,3,24.963037397232743
validation,1667,blue,0.1,5,24.963037397232743
validation,1667,blue,0.2,1,49.926074794465485
validation,1667,blue,0.2,3,49.926074794465485
validation,1667,blue,0.2,5,49.926074794465485
validation,1667,red,0.0,1,0.0
validation,1667,red,0.05,1,0.0
validation,1667,red,0.05,3,0.0
validation,1667,red,0.05,5,0.0
validation,1667,red,0.1,1,0.0
validation,1667,red,0.1,3,0.0
validation,1667,red,0.1,5,0.0
validation,1667,red,0.2,1,24.963037397232743
validation,1667,red,0.2,3,24.963037397232743
validation,1667,red,0.2,5,24.963037397232743
validation,3213,blue,0.0,1,0.0
validation,3213,blue,0.05,1,0.0
validation,3213,blue,0.05,3,0.0
validation,3213,blue,0.05,5,0.0
validation,3213,blue,0.1,1,0.0
validation,3213,blue,0.1,3,0.0
validation,3213,blue,0.1,5,0.0
validation,3213,blue,0.2,1,22.554284316159503
validation,3213,blue,0.2,3,22.554284316159503
validation,3213,blue,0.2,5,22.554284316159503
validation,3213,red,0.0,1,0.0
validation,3213,red,0.05,1,0.0
validation,3213,red,0.05,3,0.0
validation,3213,red,0.05,5,0.0
validation,3213,red,0.1,1,0.0
validation,3213,red,0.1,3,0.0
validation,3213,red,0.1,5,0.0
validation,3213,red,0.2,1,22.554284316159503
validation,3213,red,0.2,3,22.554284316159503
validation,3213,red,0.2,5,22.554284316159503
validation,1610,blue,0.0,1,0.0
validation,1610,blue,0.05,1,25.297394617322013
validation,1610,blue,0.05,3,25.297394617322013
validation,1610,blue,0.05,5,25.297394617322013
validation,1610,blue,0.1,1,25.297394617322013
validation,1610,blue,0.1,3,25.297394617322013
validation,1610,blue,0.1,5,25.297394617322013
validation,1610,blue,0.2,1,25.297394617322013
validation,1610,blue,0.2,3,25.297394617322013
validation,1610,blue,0.2,5,25.297394617322013
validation,1610,red,0.0,1,0.0
validation,1610,red,0.05,1,0.0
validation,1610,red,0.05,3,0.0
validation,1610,red,0.05,5,0.0
validation,1610,red,0.1,1,0.0
validation,1610,red,0.1,3,0.0
validation,1610,red,0.1,5,0.0
validation,1610,red,0.2,1,0.0
validation,1610,red,0.2,3,0.0
validation,1610,red,0.2,5,0.0
validation,8409,blue,0.0,1,0.0
validation,8409,blue,0.05,1,23.306973800317103
validation,8409,blue,0.05,3,23.306973800317103
validation,8409,blue,0.05,5,23.306973800317103
validation,8409,blue,0.1,1,23.306973800317103
validation,8409,blue,0.1,3,23.306973800317103
validation,8409,blue,0.1,5,23.306973800317103
validation,8409,blue,0.2,1,46.613947600634205
validation,8409,blue,0.2,3,46.613947600634205
validation,8409,blue,0.2,5,46.613947600634205
validation,8409,red,0.0,1,0.0
validation,8409,red,0.05,1,23.306973800317103
validation,8409,red,0.05,3,23.306973800317103
validation,8409,red,0.05,5,23.306973800317103
validation,8409,red,0.1,1,23.306973800317103
validation,8409,red,0.1,3,23.306973800317103
validation,8409,red,0.1,5,23.306973800317103
validation,8409,red,0.2,1,23.306973800317103
validation,8409,red,0.2,3,23.306973800317103
validation,8409,red,0.2,5,23.306973800317103
validation,1720,blue,0.0,1,0.0
validation,1720,blue,0.05,1,0.0
validation,1720,blue,0.05,3,0.0
validation,1720,blue,0.05,5,0.0
validation,1720,blue,0.1,1,23.991656234680825
validation,1720,blue,0.1,3,23.991656234680825
validation,1720,blue,0.1,5,23.991656234680825
validation,1720,blue,0.2,1,23.991656234680825
validation,1720,blue,0.2,3,23.991656234680825
validation,1720,blue,0.2,5,23.991656234680825
validation,1720,red,0.0,1,0.0
validation,1720,red,0.05,1,0.0
validation,1720,red,0.05,3,0.0
validation,1720,red,0.05,5,0.0
validation,1720,red,0.1,1,0.0
validation,1720,red,0.1,3,0.0
validation,1720,red,0.1,5,0.0
validation,1720,red,0.2,1,0.0
validation,1720,red,0.2,3,0.0
validation,1720,red,0.2,5,0.0
validation,12620,blue,0.0,1,0.0
validation,12620,blue,0.05,1,0.0
validation,12620,blue,0.05,3,0.0
validation,12620,blue,0.05,5,0.0
validation,12620,blue,0.1,1,0.0
validation,12620,blue,0.1,3,0.0
validation,12620,blue,0.1,5,0.0
validation,12620,blue,0.2,1,0.0
validation,12620,blue,0.2,3,0.0
validation,12620,blue,0.2,5,0.0
validation,12620,red,0.0,1,0.0
validation,12620,red,0.05,1,0.0
validation,12620,red,0.05,3,0.0
validation,12620,red,0.05,5,0.0
validation,12620,red,0.1,1,26.514958644886878
validation,12620,red,0.1,3,26.514958644886878
validation,12620,red,0.1,5,26.514958644886878
validation,12620,red,0.2,1,26.514958644886878
validation,12620,red,0.2,3,26.514958644886878
validation,12620,red,0.2,5,26.514958644886878
validation,8014,blue,0.0,1,0.0
validation,8014,blue,0.05,1,0.0
validation,8014,blue,0.05,3,0.0
validation,8014,blue,0.05,5,0.0
validation,8014,blue,0.1,1,0.0
validation,8014,blue,0.1,3,0.0
validation,8014,blue,0.1,5,0.0
validation,8014,blue,0.2,1,22.982518827992024
validation,8014,blue,0.2,3,22.982518827992024
validation,8014,blue,0.2,5,22.982518827992024
validation,8014,red,0.0,1,0.0
validation,8014,red,0.05,1,0.0
validation,8014,red,0.05,3,0.0
validation,8014,red,0.05,5,0.0
validation,8014,red,0.1,1,0.0
validation,8014,red,0.1,3,0.0
validation,8014,red,0.1,5,0.0
validation,8014,red,0.2,1,0.0
validation,8014,red,0.2,3,0.0
validation,8014,red,0.2,5,0.0
validation,1832,blue,0.0,1,0.0
validation,1832,blue,0.05,1,0.0
validation,1832,blue,0.05,3,0.0
validation,1832,blue,0.05,5,0.0
validation,1832,blue,0.1,1,0.0
validation,1832,blue,0.1,3,0.0
validation,1832,blue,0.1,5,0.0
validation,1832,blue,0.2,1,24.03302936457638
validation,1832,blue,0.2,3,24.03302936457638
validation,1832,blue,0.2,5,24.03302936457638
validation,1832,red,0.0,1,0.0
validation,1832,red,0.05,1,0.0
validation,1832,red,0.05,3,0.0
validation,1832,red,0.05,5,0.0
validation,1832,red,0.1,1,0.0
validation,1832,red,0.1,3,0.0
validation,1832,red,0.1,5,0.0
validation,1832,red,0.2,1,0.0
validation,1832,red,0.2,3,0.0
validation,1832,red,0.2,5,0.0
validation,6161,blue,0.0,1,0.0
validation,6161,blue,0.05,1,22.88178182635796
validation,6161,blue,0.05,3,22.88178182635796
validation,6161,blue,0.05,5,22.88178182635796
validation,6161,blue,0.1,1,22.88178182635796
validation,6161,blue,0.1,3,22.88178182635796
validation,6161,blue,0.1,5,22.88178182635796
validation,6161,blue,0.2,1,22.88178182635796
validation,6161,blue,0.2,3,22.88178182635796
validation,6161,blue,0.2,5,22.88178182635796
validation,6161,red,0.0,1,0.0
validation,6161,red,0.05,1,0.0
validation,6161,red,0.05,3,0.0
validation,6161,red,0.05,5,0.0
validation,6161,red,0.1,1,0.0
validation,6161,red,0.1,3,0.0
validation,6161,red,0.1,5,0.0
validation,6161,red,0.2,1,0.0
validation,6161,red,0.2,3,0.0
validation,6161,red,0.2,5,0.0
validation,143,blue,0.0,1,0.0
validation,143,blue,0.05,1,0.0
validation,143,blue,0.05,3,0.0
validation,143,blue,0.05,5,0.0
validation,143,blue,0.1,1,0.0
validation,143,blue,0.1,3,0.0
validation,143,blue,0.1,5,0.0
validation,143,blue,0.2,1,0.0
validation,143,blue,0.2,3,0.0
validation,143,blue,0.2,5,0.0
validation,143,red,0.0,1,0.0
validation,143,red,0.05,1,0.0
validation,143,red,0.05,3,0.0
validation,143,red,0.05,5,0.0
validation,143,red,0.1,1,0.0
validation,143,red,0.1,3,0.0
validation,143,red,0.1,5,0.0
validation,143,red,0.2,1,0.0
validation,143,red,0.2,3,0.0
validation,143,red,0.2,5,0.0
validation,1582,blue,0.0,1,0.0
validation,1582,blue,0.05,1,0.0
validation,1582,blue,0.05,3,0.0
validation,1582,blue,0.05,5,0.0
validation,1582,blue,0.1,1,0.0
validation,1582,blue,0.1,3,0.0
validation,1582,blue,0.1,5,0.0
validation,1582,blue,0.2,1,24.051122586593436
validation,1582,blue,0.2,3,24.051122586593436
validation,1582,blue,0.2,5,24.051122586593436
validation,1582,red,0.0,1,0.0
validation,1582,red,0.05,1,0.0
validation,1582,red,0.05,3,0.0
validation,1582,red,0.05,5,0.0
validation,1582,red,0.1,1,0.0
validation,1582,red,0.1,3,0.0
validation,1582,red,0.1,5,0.0
validation,1582,red,0.2,1,0.0
validation,1582,red,0.2,3,0.0
validation,1582,red,0.2,5,0.0
validation,11454,blue,0.0,1,0.0
validation,11454,blue,0.05,1,0.0
validation,11454,blue,0.05,3,0.0
validation,11454,blue,0.05,5,0.0
validation,11454,blue,0.1,1,22.514740460511163
validation,11454,blue,0.1,3,22.514740460511163
validation,11454,blue,0.1,5,22.514740460511163
validation,11454,blue,0.2,1,45.029480921022326
validation,11454,blue,0.2,3,45.029480921022326
validation,11454,blue,0.2,5,45.029480921022326
validation,11454,red,0.0,1,0.0
validation,11454,red,0.05,1,0.0
validation,11454,red,0.05,3,0.0
validation,11454,red,0.05,5,0.0
validation,11454,red,0.1,1,0.0
validation,11454,red,0.1,3,0.0
validation,11454,red,0.1,5,0.0
validation,11454,red,0.2,1,0.0
validation,11454,red,0.2,3,0.0
validation,11454,red,0.2,5,0.0
validation,10250,blue,0.0,1,0.0
validation,10250,blue,0.05,1,0.0
validation,10250,blue,0.05,3,0.0
validation,10250,blue,0.05,5,0.0
validation,10250,blue,0.1,1,24.481613476092576
validation,10250,blue,0.1,3,24.481613476092576
validation,10250,blue,0.1,5,24.481613476092576
validation,10250,blue,0.2,1,24.481613476092576
validation,10250,blue,0.2,3,24.481613476092576
validation,10250,blue,0.2,5,24.481613476092576
validation,10250,red,0.0,1,0.0
validation,10250,red,0.05,1,0.0
validation,10250,red,0.05,3,0.0
validation,10250,red,0.05,5,0.0
validation,10250,red,0.1,1,0.0
validation,10250,red,0.1,3,0.0
validation,10250,red,0.1,5,0.0
validation,10250,red,0.2,1,0.0
validation,10250,red,0.2,3,0.0
validation,10250,red,0.2,5,0.0
validation,1619,blue,0.0,1,0.0
validation,1619,blue,0.05,1,0.0
validation,1619,blue,0.05,3,0.0
validation,1619,blue,0.05,5,0.0
validation,1619,blue,0.1,1,0.0
validation,1619,blue,0.1,3,0.0
validation,1619,blue,0.1,5,0.0
validation,1619,blue,0.2,1,22.396538518723695
validation,1619,blue,0.2,3,22.396538518723695
validation,1619,blue,0.2,5,22.396538518723695
validation,1619,red,0.0,1,0.0
validation,1619,red,0.05,1,0.0
validation,1619,red,0.05,3,0.0
validation,1619,red,0.05,5,0.0
validation,1619,red,0.1,1,0.0
validation,1619,red,0.1,3,0.0
validation,1619,red,0.1,5,0.0
validation,1619,red,0.2,1,22.396538518723695
validation,1619,red,0.2,3,22.396538518723695
validation,1619,red,0.2,5,22.396538518723695
validation,5219,blue,0.0,1,0.0
validation,5219,blue,0.05,1,24.46299662907328
validation,5219,blue,0.05,3,24.46299662907328
validation,5219,blue,0.05,5,24.46299662907328
validation,5219,blue,0.1,1,24.46299662907328
validation,5219,blue,0.1,3,24.46299662907328
validation,5219,blue,0.1,5,24.46299662907328
validation,5219,blue,0.2,1,48.92599325814656
validation,5219,blue,0.2,3,48.92599325814656
validation,5219,blue,0.2,5,48.92599325814656
validation,5219,red,0.0,1,0.0
validation,5219,red,0.05,1,0.0
validation,5219,red,0.05,3,0.0
validation,5219,red,0.05,5,0.0
validation,5219,red,0.1,1,0.0
validation,5219,red,0.1,3,0.0
validation,5219,red,0.1,5,0.0
validation,5219,red,0.2,1,24.46299662907328
validation,5219,red,0.2,3,24.46299662907328
validation,5219,red,0.2,5,24.46299662907328
validation,11597,blue,0.0,1,0.0
validation,11597,blue,0.05,1,24.95079766911104
validation,11597,blue,0.05,3,24.95079766911104
validation,11597,blue,0.05,5,24.95079766911104
validation,11597,blue,0.1,1,24.95079766911104
validation,11597,blue,0.1,3,24.95079766911104
validation,11597,blue,0.1,5,24.95079766911104
validation,11597,blue,0.2,1,24.95079766911104
validation,11597,blue,0.2,3,24.95079766911104
validation,11597,blue,0.2,5,24.95079766911104
validation,11597,red,0.0,1,0.0
validation,11597,red,0.05,1,0.0
validation,11597,red,0.05,3,0.0
validation,11597,red,0.05,5,0.0
validation,11597,red,0.1,1,0.0
validation,11597,red,0.1,3,0.0
validation,11597,red,0.1,5,0.0
validation,11597,red,0.2,1,24.95079766911104
validation,11597,red,0.2,3,24.95079766911104
validation,11597,red,0.2,5,24.95079766911104
validation,6629,blue,0.0,1,0.0
validation,6629,blue,0.05,1,24.423384563152943
validation,6629,blue,0.05,3,24.423384563152943
validation,6629,blue,0.05,5,24.423384563152943
validation,6629,blue,0.1,1,24.423384563152943
validation,6629,blue,0.1,3,24.423384563152943
validation,6629,blue,0.1,5,24.423384563152943
validation,6629,blue,0.2,1,24.423384563152943
validation,6629,blue,0.2,3,24.423384563152943
validation,6629,blue,0.2,5,24.423384563152943
validation,6629,red,0.0,1,0.0
validation,6629,red,0.05,1,0.0
validation,6629,red,0.05,3,0.0
validation,6629,red,0.05,5,0.0
validation,6629,red,0.1,1,0.0
validation,6629,red,0.1,3,0.0
validation,6629,red,0.1,5,0.0
validation,6629,red,0.2,1,0.0
validation,6629,red,0.2,3,0.0
validation,6629,red,0.2,5,0.0
validation,1517,blue,0.0,1,0.0
validation,1517,blue,0.05,1,23.942401365658135
validation,1517,blue,0.05,3,23.942401365658135
validation,1517,blue,0.05,5,23.942401365658135
validation,1517,blue,0.1,1,23.942401365658135
validation,1517,blue,0.1,3,23.942401365658135
validation,1517,blue,0.1,5,23.942401365658135
validation,1517,blue,0.2,1,23.942401365658135
validation,1517,blue,0.2,3,23.942401365658135
validation,1517,blue,0.2,5,23.942401365658135
validation,1517,red,0.0,1,0.0
validation,1517,red,0.05,1,0.0
validation,1517,red,0.05,3,0.0
validation,1517,red,0.05,5,0.0
validation,1517,red,0.1,1,0.0
validation,1517,red,0.1,3,0.0
validation,1517,red,0.1,5,0.0
validation,1517,red,0.2,1,0.0
validation,1517,red,0.2,3,0.0
validation,1517,red,0.2,5,0.0
validation,5673,blue,0.0,1,0.0
validation,5673,blue,0.05,1,0.0
validation,5673,blue,0.05,3,0.0
validation,5673,blue,0.05,5,0.0
validation,5673,blue,0.1,1,0.0
validation,5673,blue,0.1,3,0.0
validation,5673,blue,0.1,5,0.0
validation,5673,blue,0.2,1,26.14325276539958
validation,5673,blue,0.2,3,26.14325276539958
validation,5673,blue,0.2,5,26.14325276539958
validation,5673,red,0.0,1,0.0
validation,5673,red,0.05,1,0.0
validation,5673,red,0.05,3,0.0
validation,5673,red,0.05,5,0.0
validation,5673,red,0.1,1,0.0
validation,5673,red,0.1,3,0.0
validation,5673,red,0.1,5,0.0
validation,5673,red,0.2,1,0.0
validation,5673,red,0.2,3,0.0
validation,5673,red,0.2,5,0.0
validation,5168,blue,0.0,1,0.0
validation,5168,blue,0.05,1,0.0
validation,5168,blue,0.05,3,0.0
validation,5168,blue,0.05,5,0.0
validation,5168,blue,0.1,1,0.0
validation,5168,blue,0.1,3,0.0
validation,5168,blue,0.1,5,0.0
validation,5168,blue,0.2,1,24.87126269306586
validation,5168,blue,0.2,3,24.87126269306586
validation,5168,blue,0.2,5,24.87126269306586
validation,5168,red,0.0,1,0.0
validation,5168,red,0.05,1,0.0
validation,5168,red,0.05,3,0.0
validation,5168,red,0.05,5,0.0
validation,5168,red,0.1,1,0.0
validation,5168,red,0.1,3,0.0
validation,5168,red,0.1,5,0.0
validation,5168,red,0.2,1,0.0
validation,5168,red,0.2,3,0.0
validation,5168,red,0.2,5,0.0
validation,7401,blue,0.0,1,0.0
validation,7401,blue,0.05,1,0.0
validation,7401,blue,0.05,3,0.0
validation,7401,blue,0.05,5,0.0
validation,7401,blue,0.1,1,0.0
validation,7401,blue,0.1,3,0.0
validation,7401,blue,0.1,5,0.0
validation,7401,blue,0.2,1,22.37429864727798
validation,7401,blue,0.2,3,22.37429864727798
validation,7401,blue,0.2,5,22.37429864727798
validation,7401,red,0.0,1,0.0
validation,7401,red,0.05,1,0.0
validation,7401,red,0.05,3,0.0
validation,7401,red,0.05,5,0.0
validation,7401,red,0.1,1,0.0
validation,7401,red,0.1,3,0.0
validation,7401,red,0.1,5,0.0
validation,7401,red,0.2,1,0.0
validation,7401,red,0.2,3,0.0
validation,7401,red,0.2,5,0.0
validation,8633,blue,0.0,1,0.0
validation,8633,blue,0.05,1,0.0
validation,8633,blue,0.05,3,0.0
validation,8633,blue,0.05,5,0.0
validation,8633,blue,0.1,1,0.0
validation,8633,blue,0.1,3,0.0
validation,8633,blue,0.1,5,0.0
validation,8633,blue,0.2,1,23.4320335360804
validation,8633,blue,0.2,3,23.4320335360804
validation,8633,blue,0.2,5,23.4320335360804
validation,8633,red,0.0,1,0.0
validation,8633,red,0.05,1,0.0
validation,8633,red,0.05,3,0.0
validation,8633,red,0.05,5,0.0
validation,8633,red,0.1,1,0.0
validation,8633,red,0.1,3,0.0
validation,8633,red,0.1,5,0.0
validation,8633,red,0.2,1,0.0
validation,8633,red,0.2,3,0.0
validation,8633,red,0.2,5,0.0
validation,5594,blue,0.0,1,0.0
validation,5594,blue,0.05,1,0.0
validation,5594,blue,0.05,3,0.0
validation,5594,blue,0.05,5,0.0
validation,5594,blue,0.1,1,0.0
validation,5594,blue,0.1,3,0.0
validation,5594,blue,0.1,5,0.0
validation,5594,blue,0.2,1,23.243393498277438
validation,5594,blue,0.2,3,23.243393498277438
validation,5594,blue,0.2,5,23.243393498277438
validation,5594,red,0.0,1,0.0
validation,5594,red,0.05,1,0.0
validation,5594,red,0.05,3,0.0
validation,5594,red,0.05,5,0.0
validation,5594,red,0.1,1,0.0
validation,5594,red,0.1,3,0.0
validation,5594,red,0.1,5,0.0
validation,5594,red,0.2,1,0.0
validation,5594,red,0.2,3,0.0
validation,5594,red,0.2,5,0.0
validation,12960,blue,0.0,1,0.0
validation,12960,blue,0.05,1,24.099995927081174
validation,12960,blue,0.05,3,24.099995927081174
validation,12960,blue,0.05,5,24.099995927081174
validation,12960,blue,0.1,1,24.099995927081174
validation,12960,blue,0.1,3,24.099995927081174
validation,12960,blue,0.1,5,24.099995927081174
validation,12960,blue,0.2,1,48.19999185416235
validation,12960,blue,0.2,3,48.19999185416235
validation,12960,blue,0.2,5,48.19999185416235
validation,12960,red,0.0,1,0.0
validation,12960,red,0.05,1,0.0
validation,12960,red,0.05,3,0.0
validation,12960,red,0.05,5,0.0
validation,12960,red,0.1,1,0.0
validation,12960,red,0.1,3,0.0
validation,12960,red,0.1,5,0.0
validation,12960,red,0.2,1,24.099995927081174
validation,12960,red,0.2,3,24.099995927081174
validation,12960,red,0.2,5,24.099995927081174
validation,1329,blue,0.0,1,0.0
validation,1329,blue,0.05,1,24.92204112649409
validation,1329,blue,0.05,3,24.92204112649409
validation,1329,blue,0.05,5,24.92204112649409
validation,1329,blue,0.1,1,24.92204112649409
validation,1329,blue,0.1,3,24.92204112649409
validation,1329,blue,0.1,5,24.92204112649409
validation,1329,blue,0.2,1,24.92204112649409
validation,1329,blue,0.2,3,24.92204112649409
validation,1329,blue,0.2,5,24.92204112649409
validation,1329,red,0.0,1,0.0
validation,1329,red,0.05,1,0.0
validation,1329,red,0.05,3,0.0
validation,1329,red,0.05,5,0.0
validation,1329,red,0.1,1,0.0
validation,1329,red,0.1,3,0.0
validation,1329,red,0.1,5,0.0
validation,1329,red,0.2,1,0.0
validation,1329,red,0.2,3,0.0
validation,1329,red,0.2,5,0.0
validation,10384,blue,0.0,1,0.0
validation,10384,blue,0.05,1,0.0
validation,10384,blue,0.05,3,0.0
validation,10384,blue,0.05,5,0.0
validation,10384,blue,0.1,1,0.0
validation,10384,blue,0.1,3,0.0
validation,10384,blue,0.1,5,0.0
validation,10384,blue,0.2,1,25.031396848477012
validation,10384,blue,0.2,3,25.031396848477012
validation,10384,blue,0.2,5,25.031396848477012
validation,10384,red,0.0,1,0.0
validation,10384,red,0.05,1,0.0
validation,10384,red,0.05,3,0.0
validation,10384,red,0.05,5,0.0
validation,10384,red,0.1,1,0.0
validation,10384,red,0.1,3,0.0
validation,10384,red,0.1,5,0.0
validation,10384,red,0.2,1,0.0
validation,10384,red,0.2,3,0.0
validation,10384,red,0.2,5,0.0
validation,5161,blue,0.0,1,0.0
validation,5161,blue,0.05,1,0.0
validation,5161,blue,0.05,3,0.0
validation,5161,blue,0.05,5,0.0
validation,5161,blue,0.1,1,0.0
validation,5161,blue,0.1,3,0.0
validation,5161,blue,0.1,5,0.0
validation,5161,blue,0.2,1,23.411227135347097
validation,5161,blue,0.2,3,23.411227135347097
validation,5161,blue,0.2,5,23.411227135347097
validation,5161,red,0.0,1,0.0
validation,5161,red,0.05,1,0.0
validation,5161,red,0.05,3,0.0
validation,5161,red,0.05,5,0.0
validation,5161,red,0.1,1,0.0
validation,5161,red,0.1,3,0.0
validation,5161,red,0.1,5,0.0
validation,5161,red,0.2,1,0.0
validation,5161,red,0.2,3,0.0
validation,5161,red,0.2,5,0.0
validation,5719,blue,0.0,1,0.0
validation,5719,blue,0.05,1,0.0
validation,5719,blue,0.05,3,0.0
validation,5719,blue,0.05,5,0.0
validation,5719,blue,0.1,1,0.0
validation,5719,blue,0.1,3,0.0
validation,5719,blue,0.1,5,0.0
validation,5719,blue,0.2,1,0.0
validation,5719,blue,0.2,3,0.0
validation,5719,blue,0.2,5,0.0
validation,5719,red,0.0,1,0.0
validation,5719,red,0.05,1,0.0
validation,5719,red,0.05,3,0.0
validation,5719,red,0.05,5,0.0
validation,5719,red,0.1,1,0.0
validation,5719,red,0.1,3,0.0
validation,5719,red,0.1,5,0.0
validation,5719,red,0.2,1,0.0
validation,5719,red,0.2,3,0.0
validation,5719,red,0.2,5,0.0
validation,1142,blue,0.0,1,0.0
validation,1142,blue,0.05,1,0.0
validation,1142,blue,0.05,3,0.0
validation,1142,blue,0.05,5,0.0
validation,1142,blue,0.1,1,0.0
validation,1142,blue,0.1,3,0.0
validation,1142,blue,0.1,5,0.0
validation,1142,blue,0.2,1,0.0
validation,1142,blue,0.2,3,0.0
validation,1142,blue,0.2,5,0.0
validation,1142,red,0.0,1,0.0
validation,1142,red,0.05,1,0.0
validation,1142,red,0.05,3,0.0
validation,1142,red,0.05,5,0.0
validation,1142,red,0.1,1,0.0
validation,1142,red,0.1,3,0.0
validation,1142,red,0.1,5,0.0
validation,1142,red,0.2,1,0.0
validation,1142,red,0.2,3,0.0
validation,1142,red,0.2,5,0.0
validation,10840,blue,0.0,1,0.0
validation,10840,blue,0.05,1,22.31626447686184
validation,10840,blue,0.05,3,22.31626447686184
validation,10840,blue,0.05,5,22.31626447686184
validation,10840,blue,0.1,1,22.31626447686184
validation,10840,blue,0.1,3,22.31626447686184
validation,10840,blue,0.1,5,22.31626447686184
validation,10840,blue,0.2,1,22.31626447686184
validation,10840,blue,0.2,3,22.31626447686184
validation,10840,blue,0.2,5,22.31626447686184
validation,10840,red,0.0,1,0.0
validation,10840,red,0.05,1,0.0
validation,10840,red,0.05,3,0.0
validation,10840,red,0.05,5,0.0
validation,10840,red,0.1,1,0.0
validation,10840,red,0.1,3,0.0
validation,10840,red,0.1,5,0.0
validation,10840,red,0.2,1,0.0
validation,10840,red,0.2,3,0.0
validation,10840,red,0.2,5,0.0
validation,10883,blue,0.0,1,0.0
validation,10883,blue,0.05,1,0.0
validation,10883,blue,0.05,3,0.0
validation,10883,blue,0.05,5,0.0
validation,10883,blue,0.1,1,0.0
validation,10883,blue,0.1,3,0.0
validation,10883,blue,0.1,5,0.0
validation,10883,blue,0.2,1,0.0
validation,10883,blue,0.2,3,0.0
validation,10883,blue,0.2,5,0.0
validation,10883,red,0.0,1,0.0
validation,10883,red,0.05,1,0.0
validation,10883,red,0.05,3,0.0
validation,10883,red,0.05,5,0.0
validation,10883,red,0.1,1,0.0
validation,10883,red,0.1,3,0.0
validation,10883,red,0.1,5,0.0
validation,10883,red,0.2,1,0.0
validation,10883,red,0.2,3,0.0
validation,10883,red,0.2,5,0.0
validation,1396,blue,0.0,1,0.0
validation,1396,blue,0.05,1,0.0
validation,1396,blue,0.05,3,0.0
validation,1396,blue,0.05,5,0.0
validation,1396,blue,0.1,1,22.481234836628875
validation,1396,blue,0.1,3,22.481234836628875
validation,1396,blue,0.1,5,22.481234836628875
validation,1396,blue,0.2,1,22.481234836628875
validation,1396,blue,0.2,3,22.481234836628875
validation,1396,blue,0.2,5,22.481234836628875
validation,1396,red,0.0,1,0.0
validation,1396,red,0.05,1,0.0
validation,1396,red,0.05,3,0.0
validation,1396,red,0.05,5,0.0
validation,1396,red,0.1,1,0.0
validation,1396,red,0.1,3,0.0
validation,1396,red,0.1,5,0.0
validation,1396,red,0.2,1,0.0
validation,1396,red,0.2,3,0.0
validation,1396,red,0.2,5,0.0
validation,2857,blue,0.0,1,0.0
validation,2857,blue,0.05,1,0.0
validation,2857,blue,0.05,3,0.0
validation,2857,blue,0.05,5,0.0
validation,2857,blue,0.1,1,0.0
validation,2857,blue,0.1,3,0.0
validation,2857,blue,0.1,5,0.0
validation,2857,blue,0.2,1,23.109894802454356
validation,2857,blue,0.2,3,23.109894802454356
validation,2857,blue,0.2,5,23.109894802454356
validation,2857,red,0.0,1,0.0
validation,2857,red,0.05,1,0.0
validation,2857,red,0.05,3,0.0
validation,2857,red,0.05,5,0.0
validation,2857,red,0.1,1,0.0
validation,2857,red,0.1,3,0.0
validation,2857,red,0.1,5,0.0
validation,2857,red,0.2,1,0.0
validation,2857,red,0.2,3,0.0
validation,2857,red,0.2,5,0.0
validation,6604,blue,0.0,1,0.0
validation,6604,blue,0.05,1,0.0
validation,6604,blue,0.05,3,0.0
validation,6604,blue,0.05,5,0.0
validation,6604,blue,0.1,1,0.0
validation,6604,blue,0.1,3,0.0
validation,6604,blue,0.1,5,0.0
validation,6604,blue,0.2,1,25.005248791724256
validation,6604,blue,0.2,3,25.005248791724256
validation,6604,blue,0.2,5,25.005248791724256
validation,6604,red,0.0,1,0.0
validation,6604,red,0.05,1,0.0
validation,6604,red,0.05,3,0.0
validation,6604,red,0.05,5,0.0
validation,6604,red,0.1,1,0.0
validation,6604,red,0.1,3,0.0
validation,6604,red,0.1,5,0.0
validation,6604,red,0.2,1,0.0
validation,6604,red,0.2,3,0.0
validation,6604,red,0.2,5,0.0
validation,4142,blue,0.0,1,0.0
validation,4142,blue,0.05,1,0.0
validation,4142,blue,0.05,3,0.0
validation,4142,blue,0.05,5,0.0
validation,4142,blue,0.1,1,24.360130150754472
validation,4142,blue,0.1,3,24.360130150754472
validation,4142,blue,0.1,5,24.360130150754472
validation,4142,blue,0.2,1,48.720260301508944
validation,4142,blue,0.2,3,48.720260301508944
validation,4142,blue,0.2,5,48.720260301508944
validation,4142,red,0.0,1,0.0
validation,4142,red,0.05,1,0.0
validation,4142,red,0.05,3,0.0
validation,4142,red,0.05,5,0.0
validation,4142,red,0.1,1,0.0
validation,4142,red,0.1,3,0.0
validation,4142,red,0.1,5,0.0
validation,4142,red,0.2,1,0.0
validation,4142,red,0.2,3,0.0
validation,4142,red,0.2,5,0.0
validation,5376,blue,0.0,1,0.0
validation,5376,blue,0.05,1,24.08909512728571
validation,5376,blue,0.05,3,24.08909512728571
validation,5376,blue,0.05,5,24.08909512728571
validation,5376,blue,0.1,1,24.08909512728571
validation,5376,blue,0.1,3,24.08909512728571
validation,5376,blue,0.1,5,24.08909512728571
validation,5376,blue,0.2,1,24.08909512728571
validation,5376,blue,0.2,3,24.08909512728571
validation,5376,blue,0.2,5,24.08909512728571
validation,5376,red,0.0,1,0.0
validation,5376,red,0.05,1,0.0
validation,5376,red,0.05,3,0.0
validation,5376,red,0.05,5,0.0
validation,5376,red,0.1,1,0.0
validation,5376,red,0.1,3,0.0
validation,5376,red,0.1,5,0.0
validation,5376,red,0.2,1,0.0
validation,5376,red,0.2,3,0.0
validation,5376,red,0.2,5,0.0
validation,3286,blue,0.0,1,0.0
validation,3286,blue,0.05,1,24.249180713173377
validation,3286,blue,0.05,3,24.249180713173377
validation,3286,blue,0.05,5,24.249180713173377
validation,3286,blue,0.1,1,24.249180713173377
validation,3286,blue,0.1,3,24.249180713173377
validation,3286,blue,0.1,5,24.249180713173377
validation,3286,blue,0.2,1,48.498361426346754
validation,3286,blue,0.2,3,48.498361426346754
validation,3286,blue,0.2,5,48.498361426346754
validation,3286,red,0.0,1,0.0
validation,3286,red,0.05,1,0.0
validation,3286,red,0.05,3,0.0
validation,3286,red,0.05,5,0.0
validation,3286,red,0.1,1,0.0
validation,3286,red,0.1,3,0.0
validation,3286,red,0.1,5,0.0
validation,3286,red,0.2,1,0.0
validation,3286,red,0.2,3,0.0
validation,3286,red,0.2,5,0.0
validation,5965,blue,0.0,1,0.0
validation,5965,blue,0.05,1,23.028562758147714
validation,5965,blue,0.05,3,23.028562758147714
validation,5965,blue,0.05,5,23.028562758147714
validation,5965,blue,0.1,1,23.028562758147714
validation,5965,blue,0.1,3,23.028562758147714
validation,5965,blue,0.1,5,23.028562758147714
validation,5965,blue,0.2,1,23.028562758147714
validation,5965,blue,0.2,3,23.028562758147714
validation,5965,blue,0.2,5,23.028562758147714
validation,5965,red,0.0,1,0.0
validation,5965,red,0.05,1,0.0
validation,5965,red,0.05,3,0.0
validation,5965,red,0.05,5,0.0
validation,5965,red,0.1,1,23.028562758147714
validation,5965,red,0.1,3,23.028562758147714
validation,5965,red,0.1,5,23.028562758147714
validation,5965,red,0.2,1,23.028562758147714
validation,5965,red,0.2,3,23.028562758147714
validation,5965,red,0.2,5,23.028562758147714
validation,11227,blue,0.0,1,0.0
validation,11227,blue,0.05,1,0.0
validation,11227,blue,0.05,3,0.0
validation,11227,blue,0.05,5,0.0
validation,11227,blue,0.1,1,0.0
validation,11227,blue,0.1,3,0.0
validation,11227,blue,0.1,5,0.0
validation,11227,blue,0.2,1,23.72181171782513
validation,11227,blue,0.2,3,23.72181171782513
validation,11227,blue,0.2,5,23.72181171782513
validation,11227,red,0.0,1,0.0
validation,11227,red,0.05,1,0.0
validation,11227,red,0.05,3,0.0
validation,11227,red,0.05,5,0.0
validation,11227,red,0.1,1,0.0
validation,11227,red,0.1,3,0.0
validation,11227,red,0.1,5,0.0
validation,11227,red,0.2,1,0.0
validation,11227,red,0.2,3,0.0
validation,11227,red,0.2,5,0.0
validation,10911,blue,0.0,1,0.0
validation,10911,blue,0.05,1,0.0
validation,10911,blue,0.05,3,0.0
validation,10911,blue,0.05,5,0.0
validation,10911,blue,0.1,1,0.0
validation,10911,blue,0.1,3,0.0
validation,10911,blue,0.1,5,0.0
validation,10911,blue,0.2,1,0.0
validation,10911,blue,0.2,3,0.0
validation,10911,blue,0.2,5,0.0
validation,10911,red,0.0,1,0.0
validation,10911,red,0.05,1,0.0
validation,10911,red,0.05,3,0.0
validation,10911,red,0.05,5,0.0
validation,10911,red,0.1,1,0.0
validation,10911,red,0.1,3,0.0
validation,10911,red,0.1,5,0.0
validation,10911,red,0.2,1,0.0
validation,10911,red,0.2,3,0.0
validation,10911,red,0.2,5,0.0
validation,1008,blue,0.0,1,0.0
validation,1008,blue,0.05,1,23.933581871518953
validation,1008,blue,0.05,3,23.933581871518953
validation,1008,blue,0.05,5,23.933581871518953
validation,1008,blue,0.1,1,23.933581871518953
validation,1008,blue,0.1,3,23.933581871518953
validation,1008,blue,0.1,5,23.933581871518953
validation,1008,blue,0.2,1,23.933581871518953
validation,1008,blue,0.2,3,23.933581871518953
validation,1008,blue,0.2,5,23.933581871518953
validation,1008,red,0.0,1,0.0
validation,1008,red,0.05,1,0.0
validation,1008,red,0.05,3,0.0
validation,1008,red,0.05,5,0.0
validation,1008,red,0.1,1,0.0
validation,1008,red,0.1,3,0.0
validation,1008,red,0.1,5,0.0
validation,1008,red,0.2,1,0.0
validation,1008,red,0.2,3,0.0
validation,1008,red,0.2,5,0.0
validation,12376,blue,0.0,1,0.0
validation,12376,blue,0.05,1,0.0
validation,12376,blue,0.05,3,0.0
validation,12376,blue,0.05,5,0.0
validation,12376,blue,0.1,1,24.65854334535781
validation,12376,blue,0.1,3,24.65854334535781
validation,12376,blue,0.1,5,24.65854334535781
validation,12376,blue,0.2,1,24.65854334535781
validation,12376,blue,0.2,3,24.65854334535781
validation,12376,blue,0.2,5,24.65854334535781
validation,12376,red,0.0,1,0.0
validation,12376,red,0.05,1,0.0
validation,12376,red,0.05,3,0.0
validation,12376,red,0.05,5,0.0
validation,12376,red,0.1,1,0.0
validation,12376,red,0.1,3,0.0
validation,12376,red,0.1,5,0.0
validation,12376,red,0.2,1,0.0
validation,12376,red,0.2,3,0.0
validation,12376,red,0.2,5,0.0
validation,4801,blue,0.0,1,0.0
validation,4801,blue,0.05,1,0.0
validation,4801,blue,0.05,3,0.0
validation,4801,blue,0.05,5,0.0
validation,4801,blue,0.1,1,22.218969654406877
validation,4801,blue,0.1,3,22.218969654406877
validation,4801,blue,0.1,5,22.218969654406877
validation,4801,blue,0.2,1,22.218969654406877
validation,4801,blue,0.2,3,22.218969654406877
validation,4801,blue,0.2,5,22.218969654406877
validation,4801,red,0.0,1,0.0
validation,4801,red,0.05,1,0.0
validation,4801,red,0.05,3,0.0
validation,4801,red,0.05,5,0.0
validation,4801,red,0.1,1,0.0
validation,4801,red,0.1,3,0.0
validation,4801,red,0.1,5,0.0
validation,4801,red,0.2,1,0.0
validation,4801,red,0.2,3,0.0
validation,4801,red,0.2,5,0.0
validation,6491,blue,0.0,1,0.0
validation,6491,blue,0.05,1,25.106349825028765
validation,6491,blue,0.05,3,25.106349825028765
validation,6491,blue,0.05,5,25.106349825028765
validation,6491,blue,0.1,1,25.106349825028765
validation,6491,blue,0.1,3,25.106349825028765
validation,6491,blue,0.1,5,25.106349825028765
validation,6491,blue,0.2,1,25.106349825028765
validation,6491,blue,0.2,3,25.106349825028765
validation,6491,blue,0.2,5,25.106349825028765
validation,6491,red,0.0,1,0.0
validation,6491,red,0.05,1,0.0
validation,6491,red,0.05,3,0.0
validation,6491,red,0.05,5,0.0
validation,6491,red,0.1,1,0.0
validation,6491,red,0.1,3,0.0
validation,6491,red,0.1,5,0.0
validation,6491,red,0.2,1,0.0
validation,6491,red,0.2,3,0.0
validation,6491,red,0.2,5,0.0
validation,7377,blue,0.0,1,0.0
validation,7377,blue,0.05,1,0.0
validation,7377,blue,0.05,3,0.0
validation,7377,blue,0.05,5,0.0
validation,7377,blue,0.1,1,0.0
validation,7377,blue,0.1,3,0.0
validation,7377,blue,0.1,5,0.0
validation,7377,blue,0.2,1,0.0
validation,7377,blue,0.2,3,0.0
validation,7377,blue,0.2,5,0.0
validation,7377,red,0.0,1,0.0
validation,7377,red,0.05,1,0.0
validation,7377,red,0.05,3,0.0
validation,7377,red,0.05,5,0.0
validation,7377,red,0.1,1,0.0
validation,7377,red,0.1,3,0.0
validation,7377,red,0.1,5,0.0
validation,7377,red,0.2,1,0.0
validation,7377,red,0.2,3,0.0
validation,7377,red,0.2,5,0.0
validation,6476,blue,0.0,1,0.0
validation,6476,blue,0.05,1,0.0
validation,6476,blue,0.05,3,0.0
validation,6476,blue,0.05,5,0.0
validation,6476,blue,0.1,1,0.0
validation,6476,blue,0.1,3,0.0
validation,6476,blue,0.1,5,0.0
validation,6476,blue,0.2,1,23.831216011485257
validation,6476,blue,0.2,3,23.831216011485257
validation,6476,blue,0.2,5,23.831216011485257
validation,6476,red,0.0,1,0.0
validation,6476,red,0.05,1,0.0
validation,6476,red,0.05,3,0.0
validation,6476,red,0.05,5,0.0
validation,6476,red,0.1,1,0.0
validation,6476,red,0.1,3,0.0
validation,6476,red,0.1,5,0.0
validation,6476,red,0.2,1,0.0
validation,6476,red,0.2,3,0.0
validation,6476,red,0.2,5,0.0
validation,11305,blue,0.0,1,0.0
validation,11305,blue,0.05,1,24.09261486728287
validation,11305,blue,0.05,3,24.09261486728287
validation,11305,blue,0.05,5,24.09261486728287
validation,11305,blue,0.1,1,24.09261486728287
validation,11305,blue,0.1,3,24.09261486728287
validation,11305,blue,0.1,5,24.09261486728287
validation,11305,blue,0.2,1,48.18522973456574
validation,11305,blue,0.2,3,48.18522973456574
validation,11305,blue,0.2,5,48.18522973456574
validation,11305,red,0.0,1,0.0
validation,11305,red,0.05,1,0.0
validation,11305,red,0.05,3,0.0
validation,11305,red,0.05,5,0.0
validation,11305,red,0.1,1,0.0
validation,11305,red,0.1,3,0.0
validation,11305,red,0.1,5,0.0
validation,11305,red,0.2,1,0.0
validation,11305,red,0.2,3,0.0
validation,11305,red,0.2,5,0.0
validation,11056,blue,0.0,1,0.0
validation,11056,blue,0.05,1,0.0
validation,11056,blue,0.05,3,0.0
validation,11056,blue,0.05,5,0.0
validation,11056,blue,0.1,1,0.0
validation,11056,blue,0.1,3,0.0
validation,11056,blue,0.1,5,0.0
validation,11056,blue,0.2,1,23.23714717393246
validation,11056,blue,0.2,3,23.23714717393246
validation,11056,blue,0.2,5,23.23714717393246
validation,11056,red,0.0,1,0.0
validation,11056,red,0.05,1,0.0
validation,11056,red,0.05,3,0.0
validation,11056,red,0.05,5,0.0
validation,11056,red,0.1,1,0.0
validation,11056,red,0.1,3,0.0
validation,11056,red,0.1,5,0.0
validation,11056,red,0.2,1,0.0
validation,11056,red,0.2,3,0.0
validation,11056,red,0.2,5,0.0
validation,5583,blue,0.0,1,0.0
validation,5583,blue,0.05,1,0.0
validation,5583,blue,0.05,3,0.0
validation,5583,blue,0.05,5,0.0
validation,5583,blue,0.1,1,0.0
validation,5583,blue,0.1,3,0.0
validation,5583,blue,0.1,5,0.0
validation,5583,blue,0.2,1,24.350296405303546
validation,5583,blue,0.2,3,24.350296405303546
validation,5583,blue,0.2,5,24.350296405303546
validation,5583,red,0.0,1,0.0
validation,5583,red,0.05,1,0.0
validation,5583,red,0.05,3,0.0
validation,5583,red,0.05,5,0.0
validation,5583,red,0.1,1,0.0
validation,5583,red,0.1,3,0.0
validation,5583,red,0.1,5,0.0
validation,5583,red,0.2,1,0.0
validation,5583,red,0.2,3,0.0
validation,5583,red,0.2,5,0.0
validation,8462,blue,0.0,1,0.0
validation,8462,blue,0.05,1,24.257294919161012
validation,8462,blue,0.05,3,24.257294919161012
validation,8462,blue,0.05,5,24.257294919161012
validation,8462,blue,0.1,1,24.257294919161012
validation,8462,blue,0.1,3,24.257294919161012
validation,8462,blue,0.1,5,24.257294919161012
validation,8462,blue,0.2,1,48.514589838322024
validation,8462,blue,0.2,3,48.514589838322024
validation,8462,blue,0.2,5,48.514589838322024
validation,8462,red,0.0,1,0.0
validation,8462,red,0.05,1,0.0
validation,8462,red,0.05,3,0.0
validation,8462,red,0.05,5,0.0
validation,8462,red,0.1,1,0.0
validation,8462,red,0.1,3,0.0
validation,8462,red,0.1,5,0.0
validation,8462,red,0.2,1,0.0
validation,8462,red,0.2,3,0.0
validation,8462,red,0.2,5,0.0
validation,10857,blue,0.0,1,0.0
validation,10857,blue,0.05,1,0.0
validation,10857,blue,0.05,3,0.0
validation,10857,blue,0.05,5,0.0
validation,10857,blue,0.1,1,0.0
validation,10857,blue,0.1,3,0.0
validation,10857,blue,0.1,5,0.0
validation,10857,blue,0.2,1,0.0
validation,10857,blue,0.2,3,0.0
validation,10857,blue,0.2,5,0.0
validation,10857,red,0.0,1,0.0
validation,10857,red,0.05,1,0.0
validation,10857,red,0.05,3,0.0
validation,10857,red,0.05,5,0.0
validation,10857,red,0.1,1,0.0
validation,10857,red,0.1,3,0.0
validation,10857,red,0.1,5,0.0
validation,10857,red,0.2,1,22.807036765343973
validation,10857,red,0.2,3,22.807036765343973
validation,10857,red,0.2,5,22.807036765343973
validation,3471,blue,0.0,1,0.0
validation,3471,blue,0.05,1,24.412586190929467
validation,3471,blue,0.05,3,24.412586190929467
validation,3471,blue,0.05,5,24.412586190929467
validation,3471,blue,0.1,1,24.412586190929467
validation,3471,blue,0.1,3,24.412586190929467
validation,3471,blue,0.1,5,24.412586190929467
validation,3471,blue,0.2,1,24.412586190929467
validation,3471,blue,0.2,3,24.412586190929467
validation,3471,blue,0.2,5,24.412586190929467
validation,3471,red,0.0,1,0.0
validation,3471,red,0.05,1,0.0
validation,3471,red,0.05,3,0.0
validation,3471,red,0.05,5,0.0
validation,3471,red,0.1,1,0.0
validation,3471,red,0.1,3,0.0
validation,3471,red,0.1,5,0.0
validation,3471,red,0.2,1,0.0
validation,3471,red,0.2,3,0.0
validation,3471,red,0.2,5,0.0
validation,3582,blue,0.0,1,0.0
validation,3582,blue,0.05,1,25.27860117943751
validation,3582,blue,0.05,3,25.27860117943751
validation,3582,blue,0.05,5,25.27860117943751
validation,3582,blue,0.1,1,25.27860117943751
validation,3582,blue,0.1,3,25.27860117943751
validation,3582,blue,0.1,5,25.27860117943751
validation,3582,blue,0.2,1,25.27860117943751
validation,3582,blue,0.2,3,25.27860117943751
validation,3582,blue,0.2,5,25.27860117943751
validation,3582,red,0.0,1,0.0
validation,3582,red,0.05,1,0.0
validation,3582,red,0.05,3,0.0
validation,3582,red,0.05,5,0.0
validation,3582,red,0.1,1,0.0
validation,3582,red,0.1,3,0.0
validation,3582,red,0.1,5,0.0
validation,3582,red,0.2,1,25.27860117943751
validation,3582,red,0.2,3,25.27860117943751
validation,3582,red,0.2,5,25.27860117943751
validation,10820,blue,0.0,1,0.0
validation,10820,blue,0.05,1,0.0
validation,10820,blue,0.05,3,0.0
validation,10820,blue,0.05,5,0.0
validation,10820,blue,0.1,1,0.0
validation,10820,blue,0.1,3,0.0
validation,10820,blue,0.1,5,0.0
validation,10820,blue,0.2,1,22.98804043346209
validation,10820,blue,0.2,3,22.98804043346209
validation,10820,blue,0.2,5,22.98804043346209
validation,10820,red,0.0,1,0.0
validation,10820,red,0.05,1,0.0
validation,10820,red,0.05,3,0.0
validation,10820,red,0.05,5,0.0
validation,10820,red,0.1,1,0.0
validation,10820,red,0.1,3,0.0
validation,10820,red,0.1,5,0.0
validation,10820,red,0.2,1,0.0
validation,10820,red,0.2,3,0.0
validation,10820,red,0.2,5,0.0
validation,12164,blue,0.0,1,0.0
validation,12164,blue,0.05,1,0.0
validation,12164,blue,0.05,3,0.0
validation,12164,blue,0.05,5,0.0
validation,12164,blue,0.1,1,24.1380415396673
validation,12164,blue,0.1,3,24.1380415396673
validation,12164,blue,0.1,5,24.1380415396673
validation,12164,blue,0.2,1,24.1380415396673
validation,12164,blue,0.2,3,24.1380415396673
validation,12164,blue,0.2,5,24.1380415396673
validation,12164,red,0.0,1,0.0
validation,12164,red,0.05,1,0.0
validation,12164,red,0.05,3,0.0
validation,12164,red,0.05,5,0.0
validation,12164,red,0.1,1,0.0
validation,12164,red,0.1,3,0.0
validation,12164,red,0.1,5,0.0
validation,12164,red,0.2,1,0.0
validation,12164,red,0.2,3,0.0
validation,12164,red,0.2,5,0.0
validation,7620,blue,0.0,1,0.0
validation,7620,blue,0.05,1,0.0
validation,7620,blue,0.05,3,0.0
validation,7620,blue,0.05,5,0.0
validation,7620,blue,0.1,1,22.31667379918218
validation,7620,blue,0.1,3,22.31667379918218
validation,7620,blue,0.1,5,22.31667379918218
validation,7620,blue,0.2,1,22.31667379918218
validation,7620,blue,0.2,3,22.31667379918218
validation,7620,blue,0.2,5,22.31667379918218
validation,7620,red,0.0,1,0.0
validation,7620,red,0.05,1,0.0
validation,7620,red,0.05,3,0.0
validation,7620,red,0.05,5,0.0
validation,7620,red,0.1,1,0.0
validation,7620,red,0.1,3,0.0
validation,7620,red,0.1,5,0.0
validation,7620,red,0.2,1,0.0
validation,7620,red,0.2,3,0.0
validation,7620,red,0.2,5,0.0
validation,1152,blue,0.0,1,0.0
validation,1152,blue,0.05,1,0.0
validation,1152,blue,0.05,3,0.0
validation,1152,blue,0.05,5,0.0
validation,1152,blue,0.1,1,0.0
validation,1152,blue,0.1,3,0.0
validation,1152,blue,0.1,5,0.0
validation,1152,blue,0.2,1,0.0
validation,1152,blue,0.2,3,0.0
validation,1152,blue,0.2,5,0.0
validation,1152,red,0.0,1,0.0
validation,1152,red,0.05,1,0.0
validation,1152,red,0.05,3,0.0
validation,1152,red,0.05,5,0.0
validation,1152,red,0.1,1,0.0
validation,1152,red,0.1,3,0.0
validation,1152,red,0.1,5,0.0
validation,1152,red,0.2,1,0.0
validation,1152,red,0.2,3,0.0
validation,1152,red,0.2,5,0.0
validation,3694,blue,0.0,1,0.0
validation,3694,blue,0.05,1,0.0
validation,3694,blue,0.05,3,0.0
validation,3694,blue,0.05,5,0.0
validation,3694,blue,0.1,1,0.0
validation,3694,blue,0.1,3,0.0
validation,3694,blue,0.1,5,0.0
validation,3694,blue,0.2,1,23.693196374997644
validation,3694,blue,0.2,3,23.693196374997644
validation,3694,blue,0.2,5,23.693196374997644
validation,3694,red,0.0,1,0.0
validation,3694,red,0.05,1,0.0
validation,3694,red,0.05,3,0.0
validation,3694,red,0.05,5,0.0
validation,3694,red,0.1,1,0.0
validation,3694,red,0.1,3,0.0
validation,3694,red,0.1,5,0.0
validation,3694,red,0.2,1,23.693196374997644
validation,3694,red,0.2,3,23.693196374997644
validation,3694,red,0.2,5,23.693196374997644
validation,4584,blue,0.0,1,0.0
validation,4584,blue,0.05,1,22.430833735611134
validation,4584,blue,0.05,3,22.430833735611134
validation,4584,blue,0.05,5,22.430833735611134
validation,4584,blue,0.1,1,22.430833735611134
validation,4584,blue,0.1,3,22.430833735611134
validation,4584,blue,0.1,5,22.430833735611134
validation,4584,blue,0.2,1,44.86166747122227
validation,4584,blue,0.2,3,44.86166747122227
validation,4584,blue,0.2,5,44.86166747122227
validation,4584,red,0.0,1,0.0
validation,4584,red,0.05,1,0.0
validation,4584,red,0.05,3,0.0
validation,4584,red,0.05,5,0.0
validation,4584,red,0.1,1,0.0
validation,4584,red,0.1,3,0.0
validation,4584,red,0.1,5,0.0
validation,4584,red,0.2,1,0.0
validation,4584,red,0.2,3,0.0
validation,4584,red,0.2,5,0.0
validation,7464,blue,0.0,1,0.0
validation,7464,blue,0.05,1,0.0
validation,7464,blue,0.05,3,0.0
validation,7464,blue,0.05,5,0.0
validation,7464,blue,0.1,1,23.48015695847536
validation,7464,blue,0.1,3,23.48015695847536
validation,7464,blue,0.1,5,23.48015695847536
validation,7464,blue,0.2,1,23.48015695847536
validation,7464,blue,0.2,3,23.48015695847536
validation,7464,blue,0.2,5,23.48015695847536
validation,7464,red,0.0,1,0.0
validation,7464,red,0.05,1,0.0
validation,7464,red,0.05,3,0.0
validation,7464,red,0.05,5,0.0
validation,7464,red,0.1,1,0.0
validation,7464,red,0.1,3,0.0
validation,7464,red,0.1,5,0.0
validation,7464,red,0.2,1,0.0
validation,7464,red,0.2,3,0.0
validation,7464,red,0.2,5,0.0
validation,1976,blue,0.0,1,0.0
validation,1976,blue,0.05,1,25.474181707362714
validation,1976,blue,0.05,3,25.474181707362714
validation,1976,blue,0.05,5,25.474181707362714
validation,1976,blue,0.1,1,25.474181707362714
validation,1976,blue,0.1,3,25.474181707362714
validation,1976,blue,0.1,5,25.474181707362714
validation,1976,blue,0.2,1,25.474181707362714
validation,1976,blue,0.2,3,25.474181707362714
validation,1976,blue,0.2,5,25.474181707362714
validation,1976,red,0.0,1,0.0
validation,1976,red,0.05,1,0.0
validation,1976,red,0.05,3,0.0
validation,1976,red,0.05,5,0.0
validation,1976,red,0.1,1,0.0
validation,1976,red,0.1,3,0.0
validation,1976,red,0.1,5,0.0
validation,1976,red,0.2,1,0.0
validation,1976,red,0.2,3,0.0
validation,1976,red,0.2,5,0.0
validation,491,blue,0.0,1,0.0
validation,491,blue,0.05,1,0.0
validation,491,blue,0.05,3,0.0
validation,491,blue,0.05,5,0.0
validation,491,blue,0.1,1,24.145711678277422
validation,491,blue,0.1,3,24.145711678277422
validation,491,blue,0.1,5,24.145711678277422
validation,491,blue,0.2,1,48.291423356554844
validation,491,blue,0.2,3,48.291423356554844
validation,491,blue,0.2,5,48.291423356554844
validation,491,red,0.0,1,0.0
validation,491,red,0.05,1,0.0
validation,491,red,0.05,3,0.0
validation,491,red,0.05,5,0.0
validation,491,red,0.1,1,0.0
validation,491,red,0.1,3,0.0
validation,491,red,0.1,5,0.0
validation,491,red,0.2,1,0.0
validation,491,red,0.2,3,0.0
validation,491,red,0.2,5,0.0
validation,10864,blue,0.0,1,0.0
validation,10864,blue,0.05,1,0.0
validation,10864,blue,0.05,3,0.0
validation,10864,blue,0.05,5,0.0
validation,10864,blue,0.1,1,0.0
validation,10864,blue,0.1,3,0.0
validation,10864,blue,0.1,5,0.0
validation,10864,blue,0.2,1,24.466800488076448
validation,10864,blue,0.2,3,24.466800488076448
validation,10864,blue,0.2,5,24.466800488076448
validation,10864,red,0.0,1,0.0
validation,10864,red,0.05,1,24.466800488076448
validation,10864,red,0.05,3,24.466800488076448
validation,10864,red,0.05,5,24.466800488076448
validation,10864,red,0.1,1,24.466800488076448
validation,10864,red,0.1,3,24.466800488076448
validation,10864,red,0.1,5,24.466800488076448
validation,10864,red,0.2,1,24.466800488076448
validation,10864,red,0.2,3,24.466800488076448
validation,10864,red,0.2,5,24.466800488076448
validation,2906,blue,0.0,1,0.0
validation,2906,blue,0.05,1,0.0
validation,2906,blue,0.05,3,0.0
validation,2906,blue,0.05,5,0.0
validation,2906,blue,0.1,1,0.0
validation,2906,blue,0.1,3,0.0
validation,2906,blue,0.1,5,0.0
validation,2906,blue,0.2,1,23.115786532526315
validation,2906,blue,0.2,3,23.115786532526315
validation,2906,blue,0.2,5,23.115786532526315
validation,2906,red,0.0,1,0.0
validation,2906,red,0.05,1,0.0
validation,2906,red,0.05,3,0.0
validation,2906,red,0.05,5,0.0
validation,2906,red,0.1,1,0.0
validation,2906,red,0.1,3,0.0
validation,2906,red,0.1,5,0.0
validation,2906,red,0.2,1,0.0
validation,2906,red,0.2,3,0.0
validation,2906,red,0.2,5,0.0
validation,11989,blue,0.0,1,0.0
validation,11989,blue,0.05,1,25.815160685539794
validation,11989,blue,0.05,3,25.815160685539794
validation,11989,blue,0.05,5,25.815160685539794
validation,11989,blue,0.1,1,25.815160685539794
validation,11989,blue,0.1,3,25.815160685539794
validation,11989,blue,0.1,5,25.815160685539794
validation,11989,blue,0.2,1,25.815160685539794
validation,11989,blue,0.2,3,25.815160685539794
validation,11989,blue,0.2,5,25.815160685539794
validation,11989,red,0.0,1,0.0
validation,11989,red,0.05,1,0.0
validation,11989,red,0.05,3,0.0
validation,11989,red,0.05,5,0.0
validation,11989,red,0.1,1,25.815160685539794
validation,11989,red,0.1,3,25.815160685539794
validation,11989,red,0.1,5,25.815160685539794
validation,11989,red,0.2,1,25.815160685539794
validation,11989,red,0.2,3,25.815160685539794
validation,11989,red,0.2,5,25.815160685539794
validation,4041,blue,0.0,1,0.0
validation,4041,blue,0.05,1,0.0
validation,4041,blue,0.05,3,0.0
validation,4041,blue,0.05,5,0.0
validation,4041,blue,0.1,1,24.328233677967237
validation,4041,blue,0.1,3,24.328233677967237
validation,4041,blue,0.1,5,24.328233677967237
validation,4041,blue,0.2,1,48.656467355934474
validation,4041,blue,0.2,3,48.656467355934474
validation,4041,blue,0.2,5,48.656467355934474
validation,4041,red,0.0,1,0.0
validation,4041,red,0.05,1,0.0
validation,4041,red,0.05,3,0.0
validation,4041,red,0.05,5,0.0
validation,4041,red,0.1,1,0.0
validation,4041,red,0.1,3,0.0
validation,4041,red,0.1,5,0.0
validation,4041,red,0.2,1,0.0
validation,4041,red,0.2,3,0.0
validation,4041,red,0.2,5,0.0
validation,1793,blue,0.0,1,0.0
validation,1793,blue,0.05,1,22.16946925374783
validation,1793,blue,0.05,3,22.16946925374783
validation,1793,blue,0.05,5,22.16946925374783
validation,1793,blue,0.1,1,22.16946925374783
validation,1793,blue,0.1,3,22.16946925374783
validation,1793,blue,0.1,5,22.16946925374783
validation,1793,blue,0.2,1,22.16946925374783
validation,1793,blue,0.2,3,22.16946925374783
validation,1793,blue,0.2,5,22.16946925374783
validation,1793,red,0.0,1,0.0
validation,1793,red,0.05,1,0.0
validation,1793,red,0.05,3,0.0
validation,1793,red,0.05,5,0.0
validation,1793,red,0.1,1,0.0
validation,1793,red,0.1,3,0.0
validation,1793,red,0.1,5,0.0
validation,1793,red,0.2,1,0.0
validation,1793,red,0.2,3,0.0
validation,1793,red,0.2,5,0.0
validation,5958,blue,0.0,1,0.0
validation,5958,blue,0.05,1,0.0
validation,5958,blue,0.05,3,0.0
validation,5958,blue,0.05,5,0.0
validation,5958,blue,0.1,1,0.0
validation,5958,blue,0.1,3,0.0
validation,5958,blue,0.1,5,0.0
validation,5958,blue,0.2,1,23.573925944687616
validation,5958,blue,0.2,3,23.573925944687616
validation,5958,blue,0.2,5,23.573925944687616
validation,5958,red,0.0,1,0.0
validation,5958,red,0.05,1,0.0
validation,5958,red,0.05,3,0.0
validation,5958,red,0.05,5,0.0
validation,5958,red,0.1,1,0.0
validation,5958,red,0.1,3,0.0
validation,5958,red,0.1,5,0.0
validation,5958,red,0.2,1,0.0
validation,5958,red,0.2,3,0.0
validation,5958,red,0.2,5,0.0
validation,8203,blue,0.0,1,0.0
validation,8203,blue,0.05,1,0.0
validation,8203,blue,0.05,3,0.0
validation,8203,blue,0.05,5,0.0
validation,8203,blue,0.1,1,24.455808533627156
validation,8203,blue,0.1,3,24.455808533627156
validation,8203,blue,0.1,5,24.455808533627156
validation,8203,blue,0.2,1,24.455808533627156
validation,8203,blue,0.2,3,24.455808533627156
validation,8203,blue,0.2,5,24.455808533627156
validation,8203,red,0.0,1,0.0
validation,8203,red,0.05,1,0.0
validation,8203,red,0.05,3,0.0
validation,8203,red,0.05,5,0.0
validation,8203,red,0.1,1,0.0
validation,8203,red,0.1,3,0.0
validation,8203,red,0.1,5,0.0
validation,8203,red,0.2,1,0.0
validation,8203,red,0.2,3,0.0
validation,8203,red,0.2,5,0.0
validation,3229,blue,0.0,1,0.0
validation,3229,blue,0.05,1,0.0
validation,3229,blue,0.05,3,0.0
validation,3229,blue,0.05,5,0.0
validation,3229,blue,0.1,1,0.0
validation,3229,blue,0.1,3,0.0
validation,3229,blue,0.1,5,0.0
validation,3229,blue,0.2,1,22.425793396373265
validation,3229,blue,0.2,3,22.425793396373265
validation,3229,blue,0.2,5,22.425793396373265
validation,3229,red,0.0,1,0.0
validation,3229,red,0.05,1,0.0
validation,3229,red,0.05,3,0.0
validation,3229,red,0.05,5,0.0
validation,3229,red,0.1,1,0.0
validation,3229,red,0.1,3,0.0
validation,3229,red,0.1,5,0.0
validation,3229,red,0.2,1,0.0
validation,3229,red,0.2,3,0.0
validation,3229,red,0.2,5,0.0
validation,2158,blue,0.0,1,0.0
validation,2158,blue,0.05,1,0.0
validation,2158,blue,0.05,3,0.0
validation,2158,blue,0.05,5,0.0
validation,2158,blue,0.1,1,22.477460701358602
validation,2158,blue,0.1,3,22.477460701358602
validation,2158,blue,0.1,5,22.477460701358602
validation,2158,blue,0.2,1,22.477460701358602
validation,2158,blue,0.2,3,22.477460701358602
validation,2158,blue,0.2,5,22.477460701358602
validation,2158,red,0.0,1,0.0
validation,2158,red,0.05,1,0.0
validation,2158,red,0.05,3,0.0
validation,2158,red,0.05,5,0.0
validation,2158,red,0.1,1,0.0
validation,2158,red,0.1,3,0.0
validation,2158,red,0.1,5,0.0
validation,2158,red,0.2,1,0.0
validation,2158,red,0.2,3,0.0
validation,2158,red,0.2,5,0.0
validation,12442,blue,0.0,1,0.0
validation,12442,blue,0.05,1,23.316067130874032
validation,12442,blue,0.05,3,23.316067130874032
validation,12442,blue,0.05,5,23.316067130874032
validation,12442,blue,0.1,1,23.316067130874032
validation,12442,blue,0.1,3,23.316067130874032
validation,12442,blue,0.1,5,23.316067130874032
validation,12442,blue,0.2,1,46.632134261748064
validation,12442,blue,0.2,3,46.632134261748064
validation,12442,blue,0.2,5,46.632134261748064
validation,12442,red,0.0,1,0.0
validation,12442,red,0.05,1,0.0
validation,12442,red,0.05,3,0.0
validation,12442,red,0.05,5,0.0
validation,12442,red,0.1,1,0.0
validation,12442,red,0.1,3,0.0
validation,12442,red,0.1,5,0.0
validation,12442,red,0.2,1,0.0
validation,12442,red,0.2,3,0.0
validation,12442,red,0.2,5,0.0
validation,9096,blue,0.0,1,0.0
validation,9096,blue,0.05,1,0.0
validation,9096,blue,0.05,3,0.0
validation,9096,blue,0.05,5,0.0
validation,9096,blue,0.1,1,26.070127635895012
validation,9096,blue,0.1,3,26.070127635895012
validation,9096,blue,0.1,5,26.070127635895012
validation,9096,blue,0.2,1,52.140255271790025
validation,9096,blue,0.2,3,52.140255271790025
validation,9096,blue,0.2,5,52.140255271790025
validation,9096,red,0.0,1,0.0
validation,9096,red,0.05,1,0.0
validation,9096,red,0.05,3,0.0
validation,9096,red,0.05,5,0.0
validation,9096,red,0.1,1,0.0
validation,9096,red,0.1,3,0.0
validation,9096,red,0.1,5,0.0
validation,9096,red,0.2,1,0.0
validation,9096,red,0.2,3,0.0
validation,9096,red,0.2,5,0.0
validation,10024,blue,0.0,1,0.0
validation,10024,blue,0.05,1,0.0
validation,10024,blue,0.05,3,0.0
validation,10024,blue,0.05,5,0.0
validation,10024,blue,0.1,1,24.839954408780386
validation,10024,blue,0.1,3,24.839954408780386
validation,10024,blue,0.1,5,24.839954408780386
validation,10024,blue,0.2,1,49.67990881756077
validation,10024,blue,0.2,3,49.67990881756077
validation,10024,blue,0.2,5,49.67990881756077
validation,10024,red,0.0,1,0.0
validation,10024,red,0.05,1,0.0
validation,10024,red,0.05,3,0.0
validation,10024,red,0.05,5,0.0
validation,10024,red,0.1,1,0.0
validation,10024,red,0.1,3,0.0
validation,10024,red,0.1,5,0.0
validation,10024,red,0.2,1,0.0
validation,10024,red,0.2,3,0.0
validation,10024,red,0.2,5,0.0
validation,10585,blue,0.0,1,0.0
validation,10585,blue,0.05,1,25.623982711561215
validation,10585,blue,0.05,3,25.623982711561215
validation,10585,blue,0.05,5,25.623982711561215
validation,10585,blue,0.1,1,25.623982711561215
validation,10585,blue,0.1,3,25.623982711561215
validation,10585,blue,0.1,5,25.623982711561215
validation,10585,blue,0.2,1,25.623982711561215
validation,10585,blue,0.2,3,25.623982711561215
validation,10585,blue,0.2,5,25.623982711561215
validation,10585,red,0.0,1,0.0
validation,10585,red,0.05,1,0.0
validation,10585,red,0.05,3,0.0
validation,10585,red,0.05,5,0.0
validation,10585,red,0.1,1,0.0
validation,10585,red,0.1,3,0.0
validation,10585,red,0.1,5,0.0
validation,10585,red,0.2,1,0.0
validation,10585,red,0.2,3,0.0
validation,10585,red,0.2,5,0.0
validation,3828,blue,0.0,1,0.0
validation,3828,blue,0.05,1,0.0
validation,3828,blue,0.05,3,0.0
validation,3828,blue,0.05,5,0.0
validation,3828,blue,0.1,1,0.0
validation,3828,blue,0.1,3,0.0
validation,3828,blue,0.1,5,0.0
validation,3828,blue,0.2,1,24.981864704183174
validation,3828,blue,0.2,3,24.981864704183174
validation,3828,blue,0.2,5,24.981864704183174
validation,3828,red,0.0,1,0.0
validation,3828,red,0.05,1,0.0
validation,3828,red,0.05,3,0.0
validation,3828,red,0.05,5,0.0
validation,3828,red,0.1,1,0.0
validation,3828,red,0.1,3,0.0
validation,3828,red,0.1,5,0.0
validation,3828,red,0.2,1,0.0
validation,3828,red,0.2,3,0.0
validation,3828,red,0.2,5,0.0
validation,4681,blue,0.0,1,0.0
validation,4681,blue,0.05,1,0.0
validation,4681,blue,0.05,3,0.0
validation,4681,blue,0.05,5,0.0
validation,4681,blue,0.1,1,0.0
validation,4681,blue,0.1,3,0.0
validation,4681,blue,0.1,5,0.0
validation,4681,blue,0.2,1,25.56889849020252
validation,4681,blue,0.2,3,25.56889849020252
validation,4681,blue,0.2,5,25.56889849020252
validation,4681,red,0.0,1,0.0
validation,4681,red,0.05,1,0.0
validation,4681,red,0.05,3,0.0
validation,4681,red,0.05,5,0.0
validation,4681,red,0.1,1,0.0
validation,4681,red,0.1,3,0.0
validation,4681,red,0.1,5,0.0
validation,4681,red,0.2,1,0.0
validation,4681,red,0.2,3,0.0
validation,4681,red,0.2,5,0.0
validation,11746,blue,0.0,1,0.0
validation,11746,blue,0.05,1,0.0
validation,11746,blue,0.05,3,0.0
validation,11746,blue,0.05,5,0.0
validation,11746,blue,0.1,1,25.51055161851143
validation,11746,blue,0.1,3,25.51055161851143
validation,11746,blue,0.1,5,25.51055161851143
validation,11746,blue,0.2,1,25.51055161851143
validation,11746,blue,0.2,3,25.51055161851143
validation,11746,blue,0.2,5,25.51055161851143
validation,11746,red,0.0,1,0.0
validation,11746,red,0.05,1,0.0
validation,11746,red,0.05,3,0.0
validation,11746,red,0.05,5,0.0
validation,11746,red,0.1,1,0.0
validation,11746,red,0.1,3,0.0
validation,11746,red,0.1,5,0.0
validation,11746,red,0.2,1,0.0
validation,11746,red,0.2,3,0.0
validation,11746,red,0.2,5,0.0
test,616,blue,0.0,1,0.0
test,616,blue,0.05,1,14.158203458099333
test,616,blue,0.05,3,14.158203458099333
test,616,blue,0.05,5,14.158203458099333
test,616,blue,0.1,1,14.158203458099333
test,616,blue,0.1,3,14.158203458099333
test,616,blue,0.1,5,14.158203458099333
test,616,blue,0.2,1,28.316406916198666
test,616,blue,0.2,3,28.316406916198666
test,616,blue,0.2,5,28.316406916198666
test,616,red,0.0,1,0.0
test,616,red,0.05,1,0.0
test,616,red,0.05,3,0.0
test,616,red,0.05,5,0.0
test,616,red,0.1,1,0.0
test,616,red,0.1,3,0.0
test,616,red,0.1,5,0.0
test,616,red,0.2,1,0.0
test,616,red,0.2,3,0.0
test,616,red,0.2,5,0.0
test,10496,blue,0.0,1,0.0
test,10496,blue,0.05,1,0.0
test,10496,blue,0.05,3,0.0
test,10496,blue,0.05,5,0.0
test,10496,blue,0.1,1,10.705990407429482
test,10496,blue,0.1,3,10.705990407429482
test,10496,blue,0.1,5,10.705990407429482
test,10496,blue,0.2,1,21.411980814858964
test,10496,blue,0.2,3,21.411980814858964
test,10496,blue,0.2,5,21.411980814858964
test,10496,red,0.0,1,0.0
test,10496,red,0.05,1,0.0
test,10496,red,0.05,3,0.0
test,10496,red,0.05,5,0.0
test,10496,red,0.1,1,0.0
test,10496,red,0.1,3,0.0
test,10496,red,0.1,5,0.0
test,10496,red,0.2,1,0.0
test,10496,red,0.2,3,0.0
test,10496,red,0.2,5,0.0
test,2275,blue,0.0,1,0.0
test,2275,blue,0.05,1,13.316881116625737
test,2275,blue,0.05,3,13.316881116625737
test,2275,blue,0.05,5,13.316881116625737
test,2275,blue,0.1,1,13.316881116625737
test,2275,blue,0.1,3,13.316881116625737
test,2275,blue,0.1,5,13.316881116625737
test,2275,blue,0.2,1,39.95064334987721
test,2275,blue,0.2,3,39.95064334987721
test,2275,blue,0.2,5,39.95064334987721
test,2275,red,0.0,1,0.0
test,2275,red,0.05,1,0.0
test,2275,red,0.05,3,0.0
test,2275,red,0.05,5,0.0
test,2275,red,0.1,1,0.0
test,2275,red,0.1,3,0.0
test,2275,red,0.1,5,0.0
test,2275,red,0.2,1,0.0
test,2275,red,0.2,3,0.0
test,2275,red,0.2,5,0.0
test,2261,blue,0.0,1,0.0
test,2261,blue,0.05,1,0.0
test,2261,blue,0.05,3,0.0
test,2261,blue,0.05,5,0.0
test,2261,blue,0.1,1,13.739905296441744
test,2261,blue,0.1,3,13.739905296441744
test,2261,blue,0.1,5,13.739905296441744
test,2261,blue,0.2,1,27.47981059288349
test,2261,blue,0.2,3,27.47981059288349
test,2261,blue,0.2,5,27.47981059288349
test,2261,red,0.0,1,0.0
test,2261,red,0.05,1,0.0
test,2261,red,0.05,3,0.0
test,2261,red,0.05,5,0.0
test,2261,red,0.1,1,0.0
test,2261,red,0.1,3,0.0
test,2261,red,0.1,5,0.0
test,2261,red,0.2,1,0.0
test,2261,red,0.2,3,0.0
test,2261,red,0.2,5,0.0
test,11900,blue,0.0,1,0.0
test,11900,blue,0.05,1,0.0
test,11900,blue,0.05,3,0.0
test,11900,blue,0.05,5,0.0
test,11900,blue,0.1,1,0.0
test,11900,blue,0.1,3,0.0
test,11900,blue,0.1,5,0.0
test,11900,blue,0.2,1,11.051468718031302
test,11900,blue,0.2,3,11.051468718031302
test,11900,blue,0.2,5,11.051468718031302
test,11900,red,0.0,1,0.0
test,11900,red,0.05,1,0.0
test,11900,red,0.05,3,0.0
test,11900,red,0.05,5,0.0
test,11900,red,0.1,1,0.0
test,11900,red,0.1,3,0.0
test,11900,red,0.1,5,0.0
test,11900,red,0.2,1,0.0
test,11900,red,0.2,3,0.0
test,11900,red,0.2,5,0.0
test,12253,blue,0.0,1,0.0
test,12253,blue,0.05,1,10.931222397295956
test,12253,blue,0.05,3,10.931222397295956
test,12253,blue,0.05,5,10.931222397295956
test,12253,blue,0.1,1,10.931222397295956
test,12253,blue,0.1,3,10.931222397295956
test,12253,blue,0.1,5,10.931222397295956
test,12253,blue,0.2,1,21.862444794591912
test,12253,blue,0.2,3,21.862444794591912
test,12253,blue,0.2,5,21.862444794591912
test,12253,red,0.0,1,0.0
test,12253,red,0.05,1,0.0
test,12253,red,0.05,3,0.0
test,12253,red,0.05,5,0.0
test,12253,red,0.1,1,0.0
test,12253,red,0.1,3,0.0
test,12253,red,0.1,5,0.0
test,12253,red,0.2,1,0.0
test,12253,red,0.2,3,0.0
test,12253,red,0.2,5,0.0
test,7470,blue,0.0,1,0.0
test,7470,blue,0.05,1,0.0
test,7470,blue,0.05,3,0.0
test,7470,blue,0.05,5,0.0
test,7470,blue,0.1,1,13.680035209630859
test,7470,blue,0.1,3,13.680035209630859
test,7470,blue,0.1,5,13.680035209630859
test,7470,blue,0.2,1,13.680035209630859
test,7470,blue,0.2,3,13.680035209630859
test,7470,blue,0.2,5,13.680035209630859
test,7470,red,0.0,1,0.0
test,7470,red,0.05,1,0.0
test,7470,red,0.05,3,0.0
test,7470,red,0.05,5,0.0
test,7470,red,0.1,1,0.0
test,7470,red,0.1,3,0.0
test,7470,red,0.1,5,0.0
test,7470,red,0.2,1,0.0
test,7470,red,0.2,3,0.0
test,7470,red,0.2,5,0.0
test,1215,blue,0.0,1,0.0
test,1215,blue,0.05,1,10.451061333812131
test,1215,blue,0.05,3,10.451061333812131
test,1215,blue,0.05,5,10.451061333812131
test,1215,blue,0.1,1,10.451061333812131
test,1215,blue,0.1,3,10.451061333812131
test,1215,blue,0.1,5,10.451061333812131
test,1215,blue,0.2,1,10.451061333812131
test,1215,blue,0.2,3,10.451061333812131
test,1215,blue,0.2,5,10.451061333812131
test,1215,red,0.0,1,0.0
test,1215,red,0.05,1,0.0
test,1215,red,0.05,3,0.0
test,1215,red,0.05,5,0.0
test,1215,red,0.1,1,0.0
test,1215,red,0.1,3,0.0
test,1215,red,0.1,5,0.0
test,1215,red,0.2,1,0.0
test,1215,red,0.2,3,0.0
test,1215,red,0.2,5,0.0
test,5890,blue,0.0,1,0.0
test,5890,blue,0.05,1,0.0
test,5890,blue,0.05,3,0.0
test,5890,blue,0.05,5,0.0
test,5890,blue,0.1,1,0.0
test,5890,blue,0.1,3,0.0
test,5890,blue,0.1,5,0.0
test,5890,blue,0.2,1,0.0
test,5890,blue,0.2,3,0.0
test,5890,blue,0.2,5,0.0
test,5890,red,0.0,1,0.0
test,5890,red,0.05,1,0.0
test,5890,red,0.05,3,0.0
test,5890,red,0.05,5,0.0
test,5890,red,0.1,1,0.0
test,5890,red,0.1,3,0.0
test,5890,red,0.1,5,0.0
test,5890,red,0.2,1,0.0
test,5890,red,0.2,3,32.7709532648755
test,5890,red,0.2,5,32.7709532648755
test,9533,blue,0.0,1,0.0
test,9533,blue,0.05,1,0.0
test,9533,blue,0.05,3,0.0
test,9533,blue,0.05,5,0.0
test,9533,blue,0.1,1,14.3352348895118
test,9533,blue,0.1,3,14.3352348895118
test,9533,blue,0.1,5,14.3352348895118
test,9533,blue,0.2,1,14.3352348895118
test,9533,blue,0.2,3,14.3352348895118
test,9533,blue,0.2,5,14.3352348895118
test,9533,red,0.0,1,0.0
test,9533,red,0.05,1,0.0
test,9533,red,0.05,3,0.0
test,9533,red,0.05,5,0.0
test,9533,red,0.1,1,0.0
test,9533,red,0.1,3,0.0
test,9533,red,0.1,5,0.0
test,9533,red,0.2,1,0.0
test,9533,red,0.2,3,0.0
test,9533,red,0.2,5,0.0
test,3338,blue,0.0,1,0.0
test,3338,blue,0.05,1,0.0
test,3338,blue,0.05,3,0.0
test,3338,blue,0.05,5,0.0
test,3338,blue,0.1,1,0.0
test,3338,blue,0.1,3,0.0
test,3338,blue,0.1,5,0.0
test,3338,blue,0.2,1,21.70311431151371
test,3338,blue,0.2,3,21.70311431151371
test,3338,blue,0.2,5,21.70311431151371
test,3338,red,0.0,1,0.0
test,3338,red,0.05,1,0.0
test,3338,red,0.05,3,0.0
test,3338,red,0.05,5,0.0
test,3338,red,0.1,1,0.0
test,3338,red,0.1,3,0.0
test,3338,red,0.1,5,0.0
test,3338,red,0.2,1,0.0
test,3338,red,0.2,3,0.0
test,3338,red,0.2,5,0.0
test,2975,blue,0.0,1,0.0
test,2975,blue,0.05,1,12.483291227476398
test,2975,blue,0.05,3,12.483291227476398
test,2975,blue,0.05,5,12.483291227476398
test,2975,blue,0.1,1,12.483291227476398
test,2975,blue,0.1,3,12.483291227476398
test,2975,blue,0.1,5,12.483291227476398
test,2975,blue,0.2,1,12.483291227476398
test,2975,blue,0.2,3,12.483291227476398
test,2975,blue,0.2,5,12.483291227476398
test,2975,red,0.0,1,0.0
test,2975,red,0.05,1,0.0
test,2975,red,0.05,3,0.0
test,2975,red,0.05,5,0.0
test,2975,red,0.1,1,0.0
test,2975,red,0.1,3,0.0
test,2975,red,0.1,5,0.0
test,2975,red,0.2,1,0.0
test,2975,red,0.2,3,0.0
test,2975,red,0.2,5,0.0
test,7351,blue,0.0,1,0.0
test,7351,blue,0.05,1,12.143582598526386
test,7351,blue,0.05,3,12.143582598526386
test,7351,blue,0.05,5,12.143582598526386
test,7351,blue,0.1,1,12.143582598526386
test,7351,blue,0.1,3,12.143582598526386
test,7351,blue,0.1,5,12.143582598526386
test,7351,blue,0.2,1,12.143582598526386
test,7351,blue,0.2,3,12.143582598526386
test,7351,blue,0.2,5,12.143582598526386
test,7351,red,0.0,1,0.0
test,7351,red,0.05,1,0.0
test,7351,red,0.05,3,0.0
test,7351,red,0.05,5,0.0
test,7351,red,0.1,1,0.0
test,7351,red,0.1,3,0.0
test,7351,red,0.1,5,0.0
test,7351,red,0.2,1,0.0
test,7351,red,0.2,3,36.43074779557916
test,7351,red,0.2,5,36.43074779557916
test,5812,blue,0.0,1,0.0
test,5812,blue,0.05,1,0.0
test,5812,blue,0.05,3,0.0
test,5812,blue,0.05,5,0.0
test,5812,blue,0.1,1,0.0
test,5812,blue,0.1,3,0.0
test,5812,blue,0.1,5,0.0
test,5812,blue,0.2,1,15.456582463541789
test,5812,blue,0.2,3,15.456582463541789
test,5812,blue,0.2,5,15.456582463541789
test,5812,red,0.0,1,0.0
test,5812,red,0.05,1,0.0
test,5812,red,0.05,3,0.0
test,5812,red,0.05,5,0.0
test,5812,red,0.1,1,0.0
test,5812,red,0.1,3,0.0
test,5812,red,0.1,5,0.0
test,5812,red,0.2,1,15.456582463541789
test,5812,red,0.2,3,15.456582463541789
test,5812,red,0.2,5,15.456582463541789
test,9204,blue,0.0,1,0.0
test,9204,blue,0.05,1,0.0
test,9204,blue,0.05,3,0.0
test,9204,blue,0.05,5,0.0
test,9204,blue,0.1,1,12.19821698439818
test,9204,blue,0.1,3,12.19821698439818
test,9204,blue,0.1,5,12.19821698439818
test,9204,blue,0.2,1,12.19821698439818
test,9204,blue,0.2,3,12.19821698439818
test,9204,blue,0.2,5,12.19821698439818
test,9204,red,0.0,1,0.0
test,9204,red,0.05,1,0.0
test,9204,red,0.05,3,0.0
test,9204,red,0.05,5,0.0
test,9204,red,0.1,1,0.0
test,9204,red,0.1,3,0.0
test,9204,red,0.1,5,0.0
test,9204,red,0.2,1,0.0
test,9204,red,0.2,3,0.0
test,9204,red,0.2,5,0.0
test,4110,blue,0.0,1,0.0
test,4110,blue,0.05,1,11.839038775442521
test,4110,blue,0.05,3,11.839038775442521
test,4110,blue,0.05,5,11.839038775442521
test,4110,blue,0.1,1,11.839038775442521
test,4110,blue,0.1,3,11.839038775442521
test,4110,blue,0.1,5,11.839038775442521
test,4110,blue,0.2,1,47.356155101770085
test,4110,blue,0.2,3,47.356155101770085
test,4110,blue,0.2,5,47.356155101770085
test,4110,red,0.0,1,0.0
test,4110,red,0.05,1,0.0
test,4110,red,0.05,3,0.0
test,4110,red,0.05,5,0.0
test,4110,red,0.1,1,0.0
test,4110,red,0.1,3,0.0
test,4110,red,0.1,5,0.0
test,4110,red,0.2,1,0.0
test,4110,red,0.2,3,0.0
test,4110,red,0.2,5,0.0
test,12928,blue,0.0,1,0.0
test,12928,blue,0.05,1,0.0
test,12928,blue,0.05,3,0.0
test,12928,blue,0.05,5,0.0
test,12928,blue,0.1,1,0.0
test,12928,blue,0.1,3,0.0
test,12928,blue,0.1,5,0.0
test,12928,blue,0.2,1,31.220812578620247
test,12928,blue,0.2,3,31.220812578620247
test,12928,blue,0.2,5,31.220812578620247
test,12928,red,0.0,1,0.0
test,12928,red,0.05,1,0.0
test,12928,red,0.05,3,0.0
test,12928,red,0.05,5,0.0
test,12928,red,0.1,1,0.0
test,12928,red,0.1,3,0.0
test,12928,red,0.1,5,0.0
test,12928,red,0.2,1,0.0
test,12928,red,0.2,3,0.0
test,12928,red,0.2,5,0.0
test,3045,blue,0.0,1,0.0
test,3045,blue,0.05,1,0.0
test,3045,blue,0.05,3,0.0
test,3045,blue,0.05,5,0.0
test,3045,blue,0.1,1,0.0
test,3045,blue,0.1,3,0.0
test,3045,blue,0.1,5,0.0
test,3045,blue,0.2,1,30.960613767316335
test,3045,blue,0.2,3,30.960613767316335
test,3045,blue,0.2,5,30.960613767316335
test,3045,red,0.0,1,0.0
test,3045,red,0.05,1,0.0
test,3045,red,0.05,3,0.0
test,3045,red,0.05,5,0.0
test,3045,red,0.1,1,0.0
test,3045,red,0.1,3,0.0
test,3045,red,0.1,5,0.0
test,3045,red,0.2,1,15.480306883658168
test,3045,red,0.2,3,15.480306883658168
test,3045,red,0.2,5,15.480306883658168
test,12615,blue,0.0,1,0.0
test,12615,blue,0.05,1,0.0
test,12615,blue,0.05,3,0.0
test,12615,blue,0.05,5,0.0
test,12615,blue,0.1,1,0.0
test,12615,blue,0.1,3,0.0
test,12615,blue,0.1,5,0.0
test,12615,blue,0.2,1,13.759539712555435
test,12615,blue,0.2,3,13.759539712555435
test,12615,blue,0.2,5,13.759539712555435
test,12615,red,0.0,1,0.0
test,12615,red,0.05,1,0.0
test,12615,red,0.05,3,0.0
test,12615,red,0.05,5,0.0
test,12615,red,0.1,1,0.0
test,12615,red,0.1,3,0.0
test,12615,red,0.1,5,0.0
test,12615,red,0.2,1,0.0
test,12615,red,0.2,3,0.0
test,12615,red,0.2,5,0.0
test,2561,blue,0.0,1,0.0
test,2561,blue,0.05,1,15.979975481846802
test,2561,blue,0.05,3,15.979975481846802
test,2561,blue,0.05,5,15.979975481846802
test,2561,blue,0.1,1,15.979975481846802
test,2561,blue,0.1,3,15.979975481846802
test,2561,blue,0.1,5,15.979975481846802
test,2561,blue,0.2,1,31.959950963693604
test,2561,blue,0.2,3,31.959950963693604
test,2561,blue,0.2,5,31.959950963693604
test,2561,red,0.0,1,0.0
test,2561,red,0.05,1,0.0
test,2561,red,0.05,3,0.0
test,2561,red,0.05,5,0.0
test,2561,red,0.1,1,0.0
test,2561,red,0.1,3,0.0
test,2561,red,0.1,5,0.0
test,2561,red,0.2,1,0.0
test,2561,red,0.2,3,0.0
test,2561,red,0.2,5,0.0
test,6925,blue,0.0,1,0.0
test,6925,blue,0.05,1,0.0
test,6925,blue,0.05,3,0.0
test,6925,blue,0.05,5,0.0
test,6925,blue,0.1,1,0.0
test,6925,blue,0.1,3,0.0
test,6925,blue,0.1,5,0.0
test,6925,blue,0.2,1,45.06166450754971
test,6925,blue,0.2,3,45.06166450754971
test,6925,blue,0.2,5,45.06166450754971
test,6925,red,0.0,1,0.0
test,6925,red,0.05,1,0.0
test,6925,red,0.05,3,0.0
test,6925,red,0.05,5,0.0
test,6925,red,0.1,1,0.0
test,6925,red,0.1,3,0.0
test,6925,red,0.1,5,0.0
test,6925,red,0.2,1,0.0
test,6925,red,0.2,3,0.0
test,6925,red,0.2,5,0.0
test,3618,blue,0.0,1,0.0
test,3618,blue,0.05,1,0.0
test,3618,blue,0.05,3,0.0
test,3618,blue,0.05,5,0.0
test,3618,blue,0.1,1,10.643342258731362
test,3618,blue,0.1,3,10.643342258731362
test,3618,blue,0.1,5,10.643342258731362
test,3618,blue,0.2,1,10.643342258731362
test,3618,blue,0.2,3,10.643342258731362
test,3618,blue,0.2,5,10.643342258731362
test,3618,red,0.0,1,0.0
test,3618,red,0.05,1,0.0
test,3618,red,0.05,3,0.0
test,3618,red,0.05,5,0.0
test,3618,red,0.1,1,0.0
test,3618,red,0.1,3,0.0
test,3618,red,0.1,5,0.0
test,3618,red,0.2,1,0.0
test,3618,red,0.2,3,0.0
test,3618,red,0.2,5,0.0
test,7808,blue,0.0,1,0.0
test,7808,blue,0.05,1,12.266819361222973
test,7808,blue,0.05,3,12.266819361222973
test,7808,blue,0.05,5,12.266819361222973
test,7808,blue,0.1,1,12.266819361222973
test,7808,blue,0.1,3,12.266819361222973
test,7808,blue,0.1,5,12.266819361222973
test,7808,blue,0.2,1,24.533638722445946
test,7808,blue,0.2,3,24.533638722445946
test,7808,blue,0.2,5,24.533638722445946
test,7808,red,0.0,1,0.0
test,7808,red,0.05,1,0.0
test,7808,red,0.05,3,0.0
test,7808,red,0.05,5,0.0
test,7808,red,0.1,1,0.0
test,7808,red,0.1,3,0.0
test,7808,red,0.1,5,0.0
test,7808,red,0.2,1,0.0
test,7808,red,0.2,3,0.0
test,7808,red,0.2,5,0.0
test,1482,blue,0.0,1,0.0
test,1482,blue,0.05,1,0.0
test,1482,blue,0.05,3,0.0
test,1482,blue,0.05,5,0.0
test,1482,blue,0.1,1,0.0
test,1482,blue,0.1,3,0.0
test,1482,blue,0.1,5,0.0
test,1482,blue,0.2,1,10.464169173430912
test,1482,blue,0.2,3,10.464169173430912
test,1482,blue,0.2,5,10.464169173430912
test,1482,red,0.0,1,0.0
test,1482,red,0.05,1,0.0
test,1482,red,0.05,3,0.0
test,1482,red,0.05,5,0.0
test,1482,red,0.1,1,0.0
test,1482,red,0.1,3,0.0
test,1482,red,0.1,5,0.0
test,1482,red,0.2,1,0.0
test,1482,red,0.2,3,0.0
test,1482,red,0.2,5,0.0
test,9322,blue,0.0,1,0.0
test,9322,blue,0.05,1,0.0
test,9322,blue,0.05,3,0.0
test,9322,blue,0.05,5,0.0
test,9322,blue,0.1,1,0.0
test,9322,blue,0.1,3,0.0
test,9322,blue,0.1,5,0.0
test,9322,blue,0.2,1,14.082686322869648
test,9322,blue,0.2,3,14.082686322869648
test,9322,blue,0.2,5,14.082686322869648
test,9322,red,0.0,1,0.0
test,9322,red,0.05,1,0.0
test,9322,red,0.05,3,0.0
test,9322,red,0.05,5,0.0
test,9322,red,0.1,1,0.0
test,9322,red,0.1,3,0.0
test,9322,red,0.1,5,0.0
test,9322,red,0.2,1,14.082686322869648
test,9322,red,0.2,3,14.082686322869648
test,9322,red,0.2,5,14.082686322869648
test,12226,blue,0.0,1,0.0
test,12226,blue,0.05,1,0.0
test,12226,blue,0.05,3,0.0
test,12226,blue,0.05,5,0.0
test,12226,blue,0.1,1,0.0
test,12226,blue,0.1,3,0.0
test,12226,blue,0.1,5,0.0
test,12226,blue,0.2,1,28.956820635790486
test,12226,blue,0.2,3,28.956820635790486
test,12226,blue,0.2,5,28.956820635790486
test,12226,red,0.0,1,0.0
test,12226,red,0.05,1,0.0
test,12226,red,0.05,3,0.0
test,12226,red,0.05,5,0.0
test,12226,red,0.1,1,14.478410317895243
test,12226,red,0.1,3,14.478410317895243
test,12226,red,0.1,5,14.478410317895243
test,12226,red,0.2,1,14.478410317895243
test,12226,red,0.2,3,14.478410317895243
test,12226,red,0.2,5,14.478410317895243
test,12905,blue,0.0,1,0.0
test,12905,blue,0.05,1,15.23240711091043
test,12905,blue,0.05,3,15.23240711091043
test,12905,blue,0.05,5,15.23240711091043
test,12905,blue,0.1,1,15.23240711091043
test,12905,blue,0.1,3,15.23240711091043
test,12905,blue,0.1,5,15.23240711091043
test,12905,blue,0.2,1,45.69722133273129
test,12905,blue,0.2,3,45.69722133273129
test,12905,blue,0.2,5,45.69722133273129
test,12905,red,0.0,1,0.0
test,12905,red,0.05,1,0.0
test,12905,red,0.05,3,0.0
test,12905,red,0.05,5,0.0
test,12905,red,0.1,1,0.0
test,12905,red,0.1,3,0.0
test,12905,red,0.1,5,0.0
test,12905,red,0.2,1,0.0
test,12905,red,0.2,3,0.0
test,12905,red,0.2,5,0.0
test,1510,blue,0.0,1,0.0
test,1510,blue,0.05,1,11.711271424129848
test,1510,blue,0.05,3,11.711271424129848
test,1510,blue,0.05,5,11.711271424129848
test,1510,blue,0.1,1,11.711271424129848
test,1510,blue,0.1,3,11.711271424129848
test,1510,blue,0.1,5,11.711271424129848
test,1510,blue,0.2,1,11.711271424129848
test,1510,blue,0.2,3,11.711271424129848
test,1510,blue,0.2,5,11.711271424129848
test,1510,red,0.0,1,0.0
test,1510,red,0.05,1,0.0
test,1510,red,0.05,3,0.0
test,1510,red,0.05,5,0.0
test,1510,red,0.1,1,0.0
test,1510,red,0.1,3,0.0
test,1510,red,0.1,5,0.0
test,1510,red,0.2,1,0.0
test,1510,red,0.2,3,0.0
test,1510,red,0.2,5,0.0
test,6829,blue,0.0,1,0.0
test,6829,blue,0.05,1,10.167632735241636
test,6829,blue,0.05,3,10.167632735241636
test,6829,blue,0.05,5,10.167632735241636
test,6829,blue,0.1,1,10.167632735241636
test,6829,blue,0.1,3,10.167632735241636
test,6829,blue,0.1,5,10.167632735241636
test,6829,blue,0.2,1,40.67053094096654
test,6829,blue,0.2,3,40.67053094096654
test,6829,blue,0.2,5,40.67053094096654
test,6829,red,0.0,1,0.0
test,6829,red,0.05,1,0.0
test,6829,red,0.05,3,0.0
test,6829,red,0.05,5,0.0
test,6829,red,0.1,1,0.0
test,6829,red,0.1,3,0.0
test,6829,red,0.1,5,0.0
test,6829,red,0.2,1,0.0
test,6829,red,0.2,3,0.0
test,6829,red,0.2,5,0.0
test,5922,blue,0.0,1,0.0
test,5922,blue,0.05,1,0.0
test,5922,blue,0.05,3,0.0
test,5922,blue,0.05,5,0.0
test,5922,blue,0.1,1,0.0
test,5922,blue,0.1,3,0.0
test,5922,blue,0.1,5,0.0
test,5922,blue,0.2,1,0.0
test,5922,blue,0.2,3,0.0
test,5922,blue,0.2,5,0.0
test,5922,red,0.0,1,0.0
test,5922,red,0.05,1,0.0
test,5922,red,0.05,3,0.0
test,5922,red,0.05,5,0.0
test,5922,red,0.1,1,0.0
test,5922,red,0.1,3,0.0
test,5922,red,0.1,5,0.0
test,5922,red,0.2,1,0.0
test,5922,red,0.2,3,0.0
test,5922,red,0.2,5,0.0
test,4168,blue,0.0,1,0.0
test,4168,blue,0.05,1,10.281936156448863
test,4168,blue,0.05,3,10.281936156448863
test,4168,blue,0.05,5,10.281936156448863
test,4168,blue,0.1,1,10.281936156448863
test,4168,blue,0.1,3,10.281936156448863
test,4168,blue,0.1,5,10.281936156448863
test,4168,blue,0.2,1,51.409680782244315
test,4168,blue,0.2,3,51.409680782244315
test,4168,blue,0.2,5,51.409680782244315
test,4168,red,0.0,1,0.0
test,4168,red,0.05,1,0.0
test,4168,red,0.05,3,0.0
test,4168,red,0.05,5,0.0
test,4168,red,0.1,1,0.0
test,4168,red,0.1,3,0.0
test,4168,red,0.1,5,0.0
test,4168,red,0.2,1,0.0
test,4168,red,0.2,3,0.0
test,4168,red,0.2,5,0.0
test,12854,blue,0.0,1,0.0
test,12854,blue,0.05,1,0.0
test,12854,blue,0.05,3,0.0
test,12854,blue,0.05,5,0.0
test,12854,blue,0.1,1,0.0
test,12854,blue,0.1,3,0.0
test,12854,blue,0.1,5,0.0
test,12854,blue,0.2,1,35.087427639385915
test,12854,blue,0.2,3,35.087427639385915
test,12854,blue,0.2,5,35.087427639385915
test,12854,red,0.0,1,0.0
test,12854,red,0.05,1,0.0
test,12854,red,0.05,3,0.0
test,12854,red,0.05,5,0.0
test,12854,red,0.1,1,0.0
test,12854,red,0.1,3,0.0
test,12854,red,0.1,5,0.0
test,12854,red,0.2,1,0.0
test,12854,red,0.2,3,0.0
test,12854,red,0.2,5,0.0
test,6370,blue,0.0,1,0.0
test,6370,blue,0.05,1,0.0
test,6370,blue,0.05,3,0.0
test,6370,blue,0.05,5,0.0
test,6370,blue,0.1,1,0.0
test,6370,blue,0.1,3,0.0
test,6370,blue,0.1,5,0.0
test,6370,blue,0.2,1,15.736303520624961
test,6370,blue,0.2,3,15.736303520624961
test,6370,blue,0.2,5,15.736303520624961
test,6370,red,0.0,1,0.0
test,6370,red,0.05,1,0.0
test,6370,red,0.05,3,0.0
test,6370,red,0.05,5,0.0
test,6370,red,0.1,1,0.0
test,6370,red,0.1,3,0.0
test,6370,red,0.1,5,0.0
test,6370,red,0.2,1,0.0
test,6370,red,0.2,3,0.0
test,6370,red,0.2,5,0.0
test,974,blue,0.0,1,0.0
test,974,blue,0.05,1,0.0
test,974,blue,0.05,3,0.0
test,974,blue,0.05,5,0.0
test,974,blue,0.1,1,0.0
test,974,blue,0.1,3,0.0
test,974,blue,0.1,5,0.0
test,974,blue,0.2,1,0.0
test,974,blue,0.2,3,0.0
test,974,blue,0.2,5,0.0
test,974,red,0.0,1,0.0
test,974,red,0.05,1,0.0
test,974,red,0.05,3,0.0
test,974,red,0.05,5,0.0
test,974,red,0.1,1,0.0
test,974,red,0.1,3,0.0
test,974,red,0.1,5,0.0
test,974,red,0.2,1,0.0
test,974,red,0.2,3,0.0
test,974,red,0.2,5,0.0
test,2663,blue,0.0,1,0.0
test,2663,blue,0.05,1,0.0
test,2663,blue,0.05,3,0.0
test,2663,blue,0.05,5,0.0
test,2663,blue,0.1,1,10.681721820471413
test,2663,blue,0.1,3,10.681721820471413
test,2663,blue,0.1,5,10.681721820471413
test,2663,blue,0.2,1,21.363443640942826
test,2663,blue,0.2,3,21.363443640942826
test,2663,blue,0.2,5,21.363443640942826
test,2663,red,0.0,1,0.0
test,2663,red,0.05,1,0.0
test,2663,red,0.05,3,0.0
test,2663,red,0.05,5,0.0
test,2663,red,0.1,1,0.0
test,2663,red,0.1,3,0.0
test,2663,red,0.1,5,0.0
test,2663,red,0.2,1,10.681721820471413
test,2663,red,0.2,3,10.681721820471413
test,2663,red,0.2,5,10.681721820471413
test,542,blue,0.0,1,0.0
test,542,blue,0.05,1,13.031609031710275
test,542,blue,0.05,3,13.031609031710275
test,542,blue,0.05,5,13.031609031710275
test,542,blue,0.1,1,13.031609031710275
test,542,blue,0.1,3,13.031609031710275
test,542,blue,0.1,5,13.031609031710275
test,542,blue,0.2,1,39.094827095130825
test,542,blue,0.2,3,39.094827095130825
test,542,blue,0.2,5,39.094827095130825
test,542,red,0.0,1,0.0
test,542,red,0.05,1,0.0
test,542,red,0.05,3,0.0
test,542,red,0.05,5,0.0
test,542,red,0.1,1,0.0
test,542,red,0.1,3,0.0
test,542,red,0.1,5,0.0
test,542,red,0.2,1,0.0
test,542,red,0.2,3,0.0
test,542,red,0.2,5,0.0
test,1627,blue,0.0,1,0.0
test,1627,blue,0.05,1,0.0
test,1627,blue,0.05,3,0.0
test,1627,blue,0.05,5,0.0
test,1627,blue,0.1,1,15.326220280668469
test,1627,blue,0.1,3,15.326220280668469
test,1627,blue,0.1,5,15.326220280668469
test,1627,blue,0.2,1,30.652440561336938
test,1627,blue,0.2,3,30.652440561336938
test,1627,blue,0.2,5,30.652440561336938
test,1627,red,0.0,1,0.0
test,1627,red,0.05,1,0.0
test,1627,red,0.05,3,0.0
test,1627,red,0.05,5,0.0
test,1627,red,0.1,1,0.0
test,1627,red,0.1,3,0.0
test,1627,red,0.1,5,0.0
test,1627,red,0.2,1,0.0
test,1627,red,0.2,3,0.0
test,1627,red,0.2,5,0.0
test,2769,blue,0.0,1,0.0
test,2769,blue,0.05,1,0.0
test,2769,blue,0.05,3,0.0
test,2769,blue,0.05,5,0.0
test,2769,blue,0.1,1,13.229768187582893
test,2769,blue,0.1,3,13.229768187582893
test,2769,blue,0.1,5,13.229768187582893
test,2769,blue,0.2,1,26.459536375165786
test,2769,blue,0.2,3,26.459536375165786
test,2769,blue,0.2,5,26.459536375165786
test,2769,red,0.0,1,0.0
test,2769,red,0.05,1,0.0
test,2769,red,0.05,3,0.0
test,2769,red,0.05,5,0.0
test,2769,red,0.1,1,0.0
test,2769,red,0.1,3,0.0
test,2769,red,0.1,5,0.0
test,2769,red,0.2,1,13.229768187582893
test,2769,red,0.2,3,13.229768187582893
test,2769,red,0.2,5,13.229768187582893
test,3859,blue,0.0,1,0.0
test,3859,blue,0.05,1,0.0
test,3859,blue,0.05,3,0.0
test,3859,blue,0.05,5,0.0
test,3859,blue,0.1,1,11.30754402825237
test,3859,blue,0.1,3,11.30754402825237
test,3859,blue,0.1,5,11.30754402825237
test,3859,blue,0.2,1,11.30754402825237
test,3859,blue,0.2,3,11.30754402825237
test,3859,blue,0.2,5,11.30754402825237
test,3859,red,0.0,1,0.0
test,3859,red,0.05,1,0.0
test,3859,red,0.05,3,0.0
test,3859,red,0.05,5,0.0
test,3859,red,0.1,1,0.0
test,3859,red,0.1,3,0.0
test,3859,red,0.1,5,0.0
test,3859,red,0.2,1,0.0
test,3859,red,0.2,3,0.0
test,3859,red,0.2,5,0.0
test,6577,blue,0.0,1,0.0
test,6577,blue,0.05,1,0.0
test,6577,blue,0.05,3,0.0
test,6577,blue,0.05,5,0.0
test,6577,blue,0.1,1,0.0
test,6577,blue,0.1,3,0.0
test,6577,blue,0.1,5,0.0
test,6577,blue,0.2,1,13.09487999886819
test,6577,blue,0.2,3,13.09487999886819
test,6577,blue,0.2,5,13.09487999886819
test,6577,red,0.0,1,0.0
test,6577,red,0.05,1,0.0
test,6577,red,0.05,3,0.0
test,6577,red,0.05,5,0.0
test,6577,red,0.1,1,0.0
test,6577,red,0.1,3,0.0
test,6577,red,0.1,5,0.0
test,6577,red,0.2,1,0.0
test,6577,red,0.2,3,0.0
test,6577,red,0.2,5,0.0
test,6873,blue,0.0,1,0.0
test,6873,blue,0.05,1,0.0
test,6873,blue,0.05,3,0.0
test,6873,blue,0.05,5,0.0
test,6873,blue,0.1,1,0.0
test,6873,blue,0.1,3,0.0
test,6873,blue,0.1,5,0.0
test,6873,blue,0.2,1,41.29517840722709
test,6873,blue,0.2,3,41.29517840722709
test,6873,blue,0.2,5,41.29517840722709
test,6873,red,0.0,1,0.0
test,6873,red,0.05,1,0.0
test,6873,red,0.05,3,0.0
test,6873,red,0.05,5,0.0
test,6873,red,0.1,1,0.0
test,6873,red,0.1,3,0.0
test,6873,red,0.1,5,0.0
test,6873,red,0.2,1,10.323794601806773
test,6873,red,0.2,3,10.323794601806773
test,6873,red,0.2,5,10.323794601806773
test,8092,blue,0.0,1,0.0
test,8092,blue,0.05,1,0.0
test,8092,blue,0.05,3,0.0
test,8092,blue,0.05,5,0.0
test,8092,blue,0.1,1,0.0
test,8092,blue,0.1,3,0.0
test,8092,blue,0.1,5,0.0
test,8092,blue,0.2,1,15.315879475232077
test,8092,blue,0.2,3,15.315879475232077
test,8092,blue,0.2,5,15.315879475232077
test,8092,red,0.0,1,0.0
test,8092,red,0.05,1,0.0
test,8092,red,0.05,3,0.0
test,8092,red,0.05,5,0.0
test,8092,red,0.1,1,0.0
test,8092,red,0.1,3,0.0
test,8092,red,0.1,5,0.0
test,8092,red,0.2,1,0.0
test,8092,red,0.2,3,0.0
test,8092,red,0.2,5,0.0
test,5325,blue,0.0,1,0.0
test,5325,blue,0.05,1,11.244513715613634
test,5325,blue,0.05,3,11.244513715613634
test,5325,blue,0.05,5,11.244513715613634
test,5325,blue,0.1,1,11.244513715613634
test,5325,blue,0.1,3,11.244513715613634
test,5325,blue,0.1,5,11.244513715613634
test,5325,blue,0.2,1,44.978054862454535
test,5325,blue,0.2,3,44.978054862454535
test,5325,blue,0.2,5,44.978054862454535
test,5325,red,0.0,1,0.0
test,5325,red,0.05,1,0.0
test,5325,red,0.05,3,0.0
test,5325,red,0.05,5,0.0
test,5325,red,0.1,1,0.0
test,5325,red,0.1,3,0.0
test,5325,red,0.1,5,0.0
test,5325,red,0.2,1,0.0
test,5325,red,0.2,3,0.0
test,5325,red,0.2,5,0.0
test,6489,blue,0.0,1,0.0
test,6489,blue,0.05,1,0.0
test,6489,blue,0.05,3,0.0
test,6489,blue,0.05,5,0.0
test,6489,blue,0.1,1,0.0
test,6489,blue,0.1,3,0.0
test,6489,blue,0.1,5,0.0
test,6489,blue,0.2,1,13.551855495922
test,6489,blue,0.2,3,13.551855495922
test,6489,blue,0.2,5,13.551855495922
test,6489,red,0.0,1,0.0
test,6489,red,0.05,1,0.0
test,6489,red,0.05,3,0.0
test,6489,red,0.05,5,0.0
test,6489,red,0.1,1,0.0
test,6489,red,0.1,3,0.0
test,6489,red,0.1,5,0.0
test,6489,red,0.2,1,0.0
test,6489,red,0.2,3,0.0
test,6489,red,0.2,5,0.0
test,506,blue,0.0,1,0.0
test,506,blue,0.05,1,0.0
test,506,blue,0.05,3,0.0
test,506,blue,0.05,5,0.0
test,506,blue,0.1,1,15.259665970561116
test,506,blue,0.1,3,15.259665970561116
test,506,blue,0.1,5,15.259665970561116
test,506,blue,0.2,1,30.519331941122232
test,506,blue,0.2,3,30.519331941122232
test,506,blue,0.2,5,30.519331941122232
test,506,red,0.0,1,0.0
test,506,red,0.05,1,0.0
test,506,red,0.05,3,0.0
test,506,red,0.05,5,0.0
test,506,red,0.1,1,0.0
test,506,red,0.1,3,0.0
test,506,red,0.1,5,0.0
test,506,red,0.2,1,0.0
test,506,red,0.2,3,0.0
test,506,red,0.2,5,0.0
test,611,blue,0.0,1,0.0
test,611,blue,0.05,1,0.0
test,611,blue,0.05,3,0.0
test,611,blue,0.05,5,0.0
test,611,blue,0.1,1,0.0
test,611,blue,0.1,3,0.0
test,611,blue,0.1,5,0.0
test,611,blue,0.2,1,25.843162208746328
test,611,blue,0.2,3,25.843162208746328
test,611,blue,0.2,5,25.843162208746328
test,611,red,0.0,1,0.0
test,611,red,0.05,1,0.0
test,611,red,0.05,3,0.0
test,611,red,0.05,5,0.0
test,611,red,0.1,1,0.0
test,611,red,0.1,3,0.0
test,611,red,0.1,5,0.0
test,611,red,0.2,1,0.0
test,611,red,0.2,3,0.0
test,611,red,0.2,5,0.0
test,3752,blue,0.0,1,0.0
test,3752,blue,0.05,1,0.0
test,3752,blue,0.05,3,0.0
test,3752,blue,0.05,5,0.0
test,3752,blue,0.1,1,12.194465798369883
test,3752,blue,0.1,3,12.194465798369883
test,3752,blue,0.1,5,12.194465798369883
test,3752,blue,0.2,1,12.194465798369883
test,3752,blue,0.2,3,12.194465798369883
test,3752,blue,0.2,5,12.194465798369883
test,3752,red,0.0,1,0.0
test,3752,red,0.05,1,0.0
test,3752,red,0.05,3,0.0
test,3752,red,0.05,5,0.0
test,3752,red,0.1,1,0.0
test,3752,red,0.1,3,0.0
test,3752,red,0.1,5,0.0
test,3752,red,0.2,1,0.0
test,3752,red,0.2,3,0.0
test,3752,red,0.2,5,0.0
test,9025,blue,0.0,1,0.0
test,9025,blue,0.05,1,11.242178958762
test,9025,blue,0.05,3,11.242178958762
test,9025,blue,0.05,5,11.242178958762
test,9025,blue,0.1,1,11.242178958762
test,9025,blue,0.1,3,11.242178958762
test,9025,blue,0.1,5,11.242178958762
test,9025,blue,0.2,1,22.484357917524
test,9025,blue,0.2,3,22.484357917524
test,9025,blue,0.2,5,22.484357917524
test,9025,red,0.0,1,0.0
test,9025,red,0.05,1,0.0
test,9025,red,0.05,3,0.0
test,9025,red,0.05,5,0.0
test,9025,red,0.1,1,0.0
test,9025,red,0.1,3,0.0
test,9025,red,0.1,5,0.0
test,9025,red,0.2,1,0.0
test,9025,red,0.2,3,0.0
test,9025,red,0.2,5,0.0
test,806,blue,0.0,1,0.0
test,806,blue,0.05,1,0.0
test,806,blue,0.05,3,0.0
test,806,blue,0.05,5,0.0
test,806,blue,0.1,1,0.0
test,806,blue,0.1,3,0.0
test,806,blue,0.1,5,0.0
test,806,blue,0.2,1,11.193565291569476
test,806,blue,0.2,3,11.193565291569476
test,806,blue,0.2,5,11.193565291569476
test,806,red,0.0,1,0.0
test,806,red,0.05,1,0.0
test,806,red,0.05,3,0.0
test,806,red,0.05,5,0.0
test,806,red,0.1,1,0.0
test,806,red,0.1,3,0.0
test,806,red,0.1,5,0.0
test,806,red,0.2,1,0.0
test,806,red,0.2,3,0.0
test,806,red,0.2,5,0.0
test,3272,blue,0.0,1,0.0
test,3272,blue,0.05,1,0.0
test,3272,blue,0.05,3,0.0
test,3272,blue,0.05,5,0.0
test,3272,blue,0.1,1,11.24394696106392
test,3272,blue,0.1,3,11.24394696106392
test,3272,blue,0.1,5,11.24394696106392
test,3272,blue,0.2,1,33.73184088319176
test,3272,blue,0.2,3,33.73184088319176
test,3272,blue,0.2,5,33.73184088319176
test,3272,red,0.0,1,0.0
test,3272,red,0.05,1,0.0
test,3272,red,0.05,3,0.0
test,3272,red,0.05,5,0.0
test,3272,red,0.1,1,0.0
test,3272,red,0.1,3,0.0
test,3272,red,0.1,5,0.0
test,3272,red,0.2,1,0.0
test,3272,red,0.2,3,0.0
test,3272,red,0.2,5,0.0
test,6536,blue,0.0,1,0.0
test,6536,blue,0.05,1,15.106211990053794
test,6536,blue,0.05,3,15.106211990053794
test,6536,blue,0.05,5,15.106211990053794
test,6536,blue,0.1,1,15.106211990053794
test,6536,blue,0.1,3,15.106211990053794
test,6536,blue,0.1,5,15.106211990053794
test,6536,blue,0.2,1,15.106211990053794
test,6536,blue,0.2,3,15.106211990053794
test,6536,blue,0.2,5,15.106211990053794
test,6536,red,0.0,1,0.0
test,6536,red,0.05,1,0.0
test,6536,red,0.05,3,0.0
test,6536,red,0.05,5,0.0
test,6536,red,0.1,1,0.0
test,6536,red,0.1,3,0.0
test,6536,red,0.1,5,0.0
test,6536,red,0.2,1,0.0
test,6536,red,0.2,3,0.0
test,6536,red,0.2,5,0.0
test,1644,blue,0.0,1,0.0
test,1644,blue,0.05,1,0.0
test,1644,blue,0.05,3,0.0
test,1644,blue,0.05,5,0.0
test,1644,blue,0.1,1,13.295183285466317
test,1644,blue,0.1,3,13.295183285466317
test,1644,blue,0.1,5,13.295183285466317
test,1644,blue,0.2,1,39.88554985639895
test,1644,blue,0.2,3,39.88554985639895
test,1644,blue,0.2,5,39.88554985639895
test,1644,red,0.0,1,0.0
test,1644,red,0.05,1,0.0
test,1644,red,0.05,3,0.0
test,1644,red,0.05,5,0.0
test,1644,red,0.1,1,0.0
test,1644,red,0.1,3,0.0
test,1644,red,0.1,5,0.0
test,1644,red,0.2,1,0.0
test,1644,red,0.2,3,0.0
test,1644,red,0.2,5,0.0
test,899,blue,0.0,1,0.0
test,899,blue,0.05,1,0.0
test,899,blue,0.05,3,0.0
test,899,blue,0.05,5,0.0
test,899,blue,0.1,1,0.0
test,899,blue,0.1,3,0.0
test,899,blue,0.1,5,0.0
test,899,blue,0.2,1,0.0
test,899,blue,0.2,3,0.0
test,899,blue,0.2,5,0.0
test,899,red,0.0,1,0.0
test,899,red,0.05,1,0.0
test,899,red,0.05,3,0.0
test,899,red,0.05,5,0.0
test,899,red,0.1,1,0.0
test,899,red,0.1,3,0.0
test,899,red,0.1,5,0.0
test,899,red,0.2,1,0.0
test,899,red,0.2,3,0.0
test,899,red,0.2,5,0.0
test,2064,blue,0.0,1,0.0
test,2064,blue,0.05,1,0.0
test,2064,blue,0.05,3,0.0
test,2064,blue,0.05,5,0.0
test,2064,blue,0.1,1,0.0
test,2064,blue,0.1,3,0.0
test,2064,blue,0.1,5,0.0
test,2064,blue,0.2,1,10.723708703316156
test,2064,blue,0.2,3,10.723708703316156
test,2064,blue,0.2,5,10.723708703316156
test,2064,red,0.0,1,0.0
test,2064,red,0.05,1,0.0
test,2064,red,0.05,3,0.0
test,2064,red,0.05,5,0.0
test,2064,red,0.1,1,0.0
test,2064,red,0.1,3,0.0
test,2064,red,0.1,5,0.0
test,2064,red,0.2,1,0.0
test,2064,red,0.2,3,0.0
test,2064,red,0.2,5,0.0
test,2963,blue,0.0,1,0.0
test,2963,blue,0.05,1,0.0
test,2963,blue,0.05,3,0.0
test,2963,blue,0.05,5,0.0
test,2963,blue,0.1,1,0.0
test,2963,blue,0.1,3,0.0
test,2963,blue,0.1,5,0.0
test,2963,blue,0.2,1,0.0
test,2963,blue,0.2,3,0.0
test,2963,blue,0.2,5,0.0
test,2963,red,0.0,1,0.0
test,2963,red,0.05,1,0.0
test,2963,red,0.05,3,0.0
test,2963,red,0.05,5,0.0
test,2963,red,0.1,1,0.0
test,2963,red,0.1,3,0.0
test,2963,red,0.1,5,0.0
test,2963,red,0.2,1,0.0
test,2963,red,0.2,3,0.0
test,2963,red,0.2,5,0.0
test,2615,blue,0.0,1,0.0
test,2615,blue,0.05,1,0.0
test,2615,blue,0.05,3,0.0
test,2615,blue,0.05,5,0.0
test,2615,blue,0.1,1,13.036570472055793
test,2615,blue,0.1,3,13.036570472055793
test,2615,blue,0.1,5,13.036570472055793
test,2615,blue,0.2,1,26.073140944111586
test,2615,blue,0.2,3,26.073140944111586
test,2615,blue,0.2,5,26.073140944111586
test,2615,red,0.0,1,0.0
test,2615,red,0.05,1,0.0
test,2615,red,0.05,3,0.0
test,2615,red,0.05,5,0.0
test,2615,red,0.1,1,0.0
test,2615,red,0.1,3,0.0
test,2615,red,0.1,5,0.0
test,2615,red,0.2,1,13.036570472055793
test,2615,red,0.2,3,13.036570472055793
test,2615,red,0.2,5,13.036570472055793
test,12709,blue,0.0,1,0.0
test,12709,blue,0.05,1,15.761660668318358
test,12709,blue,0.05,3,15.761660668318358
test,12709,blue,0.05,5,15.761660668318358
test,12709,blue,0.1,1,15.761660668318358
test,12709,blue,0.1,3,15.761660668318358
test,12709,blue,0.1,5,15.761660668318358
test,12709,blue,0.2,1,15.761660668318358
test,12709,blue,0.2,3,15.761660668318358
test,12709,blue,0.2,5,15.761660668318358
test,12709,red,0.0,1,0.0
test,12709,red,0.05,1,0.0
test,12709,red,0.05,3,0.0
test,12709,red,0.05,5,0.0
test,12709,red,0.1,1,0.0
test,12709,red,0.1,3,0.0
test,12709,red,0.1,5,0.0
test,12709,red,0.2,1,0.0
test,12709,red,0.2,3,0.0
test,12709,red,0.2,5,0.0
test,12927,blue,0.0,1,0.0
test,12927,blue,0.05,1,15.623968568519109
test,12927,blue,0.05,3,15.623968568519109
test,12927,blue,0.05,5,15.623968568519109
test,12927,blue,0.1,1,15.623968568519109
test,12927,blue,0.1,3,15.623968568519109
test,12927,blue,0.1,5,15.623968568519109
test,12927,blue,0.2,1,46.871905705557324
test,12927,blue,0.2,3,46.871905705557324
test,12927,blue,0.2,5,46.871905705557324
test,12927,red,0.0,1,0.0
test,12927,red,0.05,1,0.0
test,12927,red,0.05,3,0.0
test,12927,red,0.05,5,0.0
test,12927,red,0.1,1,0.0
test,12927,red,0.1,3,0.0
test,12927,red,0.1,5,0.0
test,12927,red,0.2,1,0.0
test,12927,red,0.2,3,0.0
test,12927,red,0.2,5,0.0
test,6614,blue,0.0,1,0.0
test,6614,blue,0.05,1,0.0
test,6614,blue,0.05,3,0.0
test,6614,blue,0.05,5,0.0
test,6614,blue,0.1,1,0.0
test,6614,blue,0.1,3,0.0
test,6614,blue,0.1,5,0.0
test,6614,blue,0.2,1,0.0
test,6614,blue,0.2,3,0.0
test,6614,blue,0.2,5,0.0
test,6614,red,0.0,1,0.0
test,6614,red,0.05,1,0.0
test,6614,red,0.05,3,0.0
test,6614,red,0.05,5,0.0
test,6614,red,0.1,1,0.0
test,6614,red,0.1,3,0.0
test,6614,red,0.1,5,0.0
test,6614,red,0.2,1,0.0
test,6614,red,0.2,3,0.0
test,6614,red,0.2,5,0.0
test,6250,blue,0.0,1,0.0
test,6250,blue,0.05,1,0.0
test,6250,blue,0.05,3,0.0
test,6250,blue,0.05,5,0.0
test,6250,blue,0.1,1,0.0
test,6250,blue,0.1,3,0.0
test,6250,blue,0.1,5,0.0
test,6250,blue,0.2,1,14.115783257331982
test,6250,blue,0.2,3,14.115783257331982
test,6250,blue,0.2,5,14.115783257331982
test,6250,red,0.0,1,0.0
test,6250,red,0.05,1,0.0
test,6250,red,0.05,3,0.0
test,6250,red,0.05,5,0.0
test,6250,red,0.1,1,0.0
test,6250,red,0.1,3,0.0
test,6250,red,0.1,5,0.0
test,6250,red,0.2,1,0.0
test,6250,red,0.2,3,0.0
test,6250,red,0.2,5,0.0
test,10350,blue,0.0,1,0.0
test,10350,blue,0.05,1,13.315897320719758
test,10350,blue,0.05,3,13.315897320719758
test,10350,blue,0.05,5,13.315897320719758
test,10350,blue,0.1,1,13.315897320719758
test,10350,blue,0.1,3,13.315897320719758
test,10350,blue,0.1,5,13.315897320719758
test,10350,blue,0.2,1,13.315897320719758
test,10350,blue,0.2,3,13.315897320719758
test,10350,blue,0.2,5,13.315897320719758
test,10350,red,0.0,1,0.0
test,10350,red,0.05,1,0.0
test,10350,red,0.05,3,0.0
test,10350,red,0.05,5,0.0
test,10350,red,0.1,1,0.0
test,10350,red,0.1,3,0.0
test,10350,red,0.1,5,0.0
test,10350,red,0.2,1,0.0
test,10350,red,0.2,3,0.0
test,10350,red,0.2,5,0.0
test,1090,blue,0.0,1,0.0
test,1090,blue,0.05,1,0.0
test,1090,blue,0.05,3,0.0
test,1090,blue,0.05,5,0.0
test,1090,blue,0.1,1,0.0
test,1090,blue,0.1,3,0.0
test,1090,blue,0.1,5,0.0
test,1090,blue,0.2,1,0.0
test,1090,blue,0.2,3,0.0
test,1090,blue,0.2,5,0.0
test,1090,red,0.0,1,0.0
test,1090,red,0.05,1,0.0
test,1090,red,0.05,3,0.0
test,1090,red,0.05,5,0.0
test,1090,red,0.1,1,0.0
test,1090,red,0.1,3,0.0
test,1090,red,0.1,5,0.0
test,1090,red,0.2,1,0.0
test,1090,red,0.2,3,0.0
test,1090,red,0.2,5,0.0
test,1262,blue,0.0,1,0.0
test,1262,blue,0.05,1,0.0
test,1262,blue,0.05,3,0.0
test,1262,blue,0.05,5,0.0
test,1262,blue,0.1,1,13.323940889430453
test,1262,blue,0.1,3,13.323940889430453
test,1262,blue,0.1,5,13.323940889430453
test,1262,blue,0.2,1,13.323940889430453
test,1262,blue,0.2,3,13.323940889430453
test,1262,blue,0.2,5,13.323940889430453
test,1262,red,0.0,1,0.0
test,1262,red,0.05,1,0.0
test,1262,red,0.05,3,0.0
test,1262,red,0.05,5,0.0
test,1262,red,0.1,1,0.0
test,1262,red,0.1,3,0.0
test,1262,red,0.1,5,0.0
test,1262,red,0.2,1,0.0
test,1262,red,0.2,3,0.0
test,1262,red,0.2,5,0.0
test,9016,blue,0.0,1,0.0
test,9016,blue,0.05,1,0.0
test,9016,blue,0.05,3,0.0
test,9016,blue,0.05,5,0.0
test,9016,blue,0.1,1,0.0
test,9016,blue,0.1,3,0.0
test,9016,blue,0.1,5,0.0
test,9016,blue,0.2,1,27.425333667179608
test,9016,blue,0.2,3,27.425333667179608
test,9016,blue,0.2,5,27.425333667179608
test,9016,red,0.0,1,0.0
test,9016,red,0.05,1,0.0
test,9016,red,0.05,3,0.0
test,9016,red,0.05,5,0.0
test,9016,red,0.1,1,0.0
test,9016,red,0.1,3,0.0
test,9016,red,0.1,5,0.0
test,9016,red,0.2,1,0.0
test,9016,red,0.2,3,0.0
test,9016,red,0.2,5,0.0
test,9082,blue,0.0,1,0.0
test,9082,blue,0.05,1,13.73415621176833
test,9082,blue,0.05,3,13.73415621176833
test,9082,blue,0.05,5,13.73415621176833
test,9082,blue,0.1,1,13.73415621176833
test,9082,blue,0.1,3,13.73415621176833
test,9082,blue,0.1,5,13.73415621176833
test,9082,blue,0.2,1,41.20246863530499
test,9082,blue,0.2,3,41.20246863530499
test,9082,blue,0.2,5,41.20246863530499
test,9082,red,0.0,1,0.0
test,9082,red,0.05,1,0.0
test,9082,red,0.05,3,0.0
test,9082,red,0.05,5,0.0
test,9082,red,0.1,1,0.0
test,9082,red,0.1,3,0.0
test,9082,red,0.1,5,0.0
test,9082,red,0.2,1,0.0
test,9082,red,0.2,3,0.0
test,9082,red,0.2,5,0.0
test,7198,blue,0.0,1,0.0
test,7198,blue,0.05,1,0.0
test,7198,blue,0.05,3,0.0
test,7198,blue,0.05,5,0.0
test,7198,blue,0.1,1,13.6986026478804
test,7198,blue,0.1,3,13.6986026478804
test,7198,blue,0.1,5,13.6986026478804
test,7198,blue,0.2,1,13.6986026478804
test,7198,blue,0.2,3,13.6986026478804
test,7198,blue,0.2,5,13.6986026478804
test,7198,red,0.0,1,0.0
test,7198,red,0.05,1,0.0
test,7198,red,0.05,3,0.0
test,7198,red,0.05,5,0.0
test,7198,red,0.1,1,0.0
test,7198,red,0.1,3,0.0
test,7198,red,0.1,5,0.0
test,7198,red,0.2,1,0.0
test,7198,red,0.2,3,0.0
test,7198,red,0.2,5,0.0
test,9191,blue,0.0,1,0.0
test,9191,blue,0.05,1,0.0
test,9191,blue,0.05,3,0.0
test,9191,blue,0.05,5,0.0
test,9191,blue,0.1,1,14.924159382057152
test,9191,blue,0.1,3,14.924159382057152
test,9191,blue,0.1,5,14.924159382057152
test,9191,blue,0.2,1,29.848318764114303
test,9191,blue,0.2,3,29.848318764114303
test,9191,blue,0.2,5,29.848318764114303
test,9191,red,0.0,1,0.0
test,9191,red,0.05,1,0.0
test,9191,red,0.05,3,0.0
test,9191,red,0.05,5,0.0
test,9191,red,0.1,1,0.0
test,9191,red,0.1,3,0.0
test,9191,red,0.1,5,0.0
test,9191,red,0.2,1,0.0
test,9191,red,0.2,3,0.0
test,9191,red,0.2,5,0.0
test,7972,blue,0.0,1,0.0
test,7972,blue,0.05,1,0.0
test,7972,blue,0.05,3,0.0
test,7972,blue,0.05,5,0.0
test,7972,blue,0.1,1,0.0
test,7972,blue,0.1,3,0.0
test,7972,blue,0.1,5,0.0
test,7972,blue,0.2,1,11.839508275394067
test,7972,blue,0.2,3,11.839508275394067
test,7972,blue,0.2,5,11.839508275394067
test,7972,red,0.0,1,0.0
test,7972,red,0.05,1,0.0
test,7972,red,0.05,3,0.0
test,7972,red,0.05,5,0.0
test,7972,red,0.1,1,0.0
test,7972,red,0.1,3,0.0
test,7972,red,0.1,5,0.0
test,7972,red,0.2,1,0.0
test,7972,red,0.2,3,0.0
test,7972,red,0.2,5,0.0
test,8185,blue,0.0,1,0.0
test,8185,blue,0.05,1,0.0
test,8185,blue,0.05,3,0.0
test,8185,blue,0.05,5,0.0
test,8185,blue,0.1,1,0.0
test,8185,blue,0.1,3,0.0
test,8185,blue,0.1,5,0.0
test,8185,blue,0.2,1,14.57905872213739
test,8185,blue,0.2,3,14.57905872213739
test,8185,blue,0.2,5,14.57905872213739
test,8185,red,0.0,1,0.0
test,8185,red,0.05,1,0.0
test,8185,red,0.05,3,0.0
test,8185,red,0.05,5,0.0
test,8185,red,0.1,1,0.0
test,8185,red,0.1,3,0.0
test,8185,red,0.1,5,0.0
test,8185,red,0.2,1,0.0
test,8185,red,0.2,3,43.73717616641217
test,8185,red,0.2,5,43.73717616641217
test,4124,blue,0.0,1,0.0
test,4124,blue,0.05,1,10.391537235520369
test,4124,blue,0.05,3,10.391537235520369
test,4124,blue,0.05,5,10.391537235520369
test,4124,blue,0.1,1,10.391537235520369
test,4124,blue,0.1,3,10.391537235520369
test,4124,blue,0.1,5,10.391537235520369
test,4124,blue,0.2,1,51.95768617760185
test,4124,blue,0.2,3,51.95768617760185
test,4124,blue,0.2,5,51.95768617760185
test,4124,red,0.0,1,0.0
test,4124,red,0.05,1,0.0
test,4124,red,0.05,3,0.0
test,4124,red,0.05,5,0.0
test,4124,red,0.1,1,0.0
test,4124,red,0.1,3,0.0
test,4124,red,0.1,5,0.0
test,4124,red,0.2,1,0.0
test,4124,red,0.2,3,0.0
test,4124,red,0.2,5,0.0
test,12766,blue,0.0,1,0.0
test,12766,blue,0.05,1,0.0
test,12766,blue,0.05,3,0.0
test,12766,blue,0.05,5,0.0
test,12766,blue,0.1,1,0.0
test,12766,blue,0.1,3,0.0
test,12766,blue,0.1,5,0.0
test,12766,blue,0.2,1,15.616482501062317
test,12766,blue,0.2,3,15.616482501062317
test,12766,blue,0.2,5,15.616482501062317
test,12766,red,0.0,1,0.0
test,12766,red,0.05,1,0.0
test,12766,red,0.05,3,0.0
test,12766,red,0.05,5,0.0
test,12766,red,0.1,1,0.0
test,12766,red,0.1,3,0.0
test,12766,red,0.1,5,0.0
test,12766,red,0.2,1,0.0
test,12766,red,0.2,3,0.0
test,12766,red,0.2,5,0.0
test,11323,blue,0.0,1,0.0
test,11323,blue,0.05,1,0.0
test,11323,blue,0.05,3,0.0
test,11323,blue,0.05,5,0.0
test,11323,blue,0.1,1,15.386532716069896
test,11323,blue,0.1,3,15.386532716069896
test,11323,blue,0.1,5,15.386532716069896
test,11323,blue,0.2,1,30.77306543213979
test,11323,blue,0.2,3,30.77306543213979
test,11323,blue,0.2,5,30.77306543213979
test,11323,red,0.0,1,0.0
test,11323,red,0.05,1,0.0
test,11323,red,0.05,3,0.0
test,11323,red,0.05,5,0.0
test,11323,red,0.1,1,0.0
test,11323,red,0.1,3,0.0
test,11323,red,0.1,5,0.0
test,11323,red,0.2,1,0.0
test,11323,red,0.2,3,0.0
test,11323,red,0.2,5,0.0
test,3336,blue,0.0,1,0.0
test,3336,blue,0.05,1,0.0
test,3336,blue,0.05,3,0.0
test,3336,blue,0.05,5,0.0
test,3336,blue,0.1,1,14.992804659680818
test,3336,blue,0.1,3,14.992804659680818
test,3336,blue,0.1,5,14.992804659680818
test,3336,blue,0.2,1,29.985609319361636
test,3336,blue,0.2,3,29.985609319361636
test,3336,blue,0.2,5,29.985609319361636
test,3336,red,0.0,1,0.0
test,3336,red,0.05,1,0.0
test,3336,red,0.05,3,0.0
test,3336,red,0.05,5,0.0
test,3336,red,0.1,1,0.0
test,3336,red,0.1,3,0.0
test,3336,red,0.1,5,0.0
test,3336,red,0.2,1,0.0
test,3336,red,0.2,3,0.0
test,3336,red,0.2,5,0.0
test,9288,blue,0.0,1,0.0
test,9288,blue,0.05,1,13.777074668560685
test,9288,blue,0.05,3,13.777074668560685
test,9288,blue,0.05,5,13.777074668560685
test,9288,blue,0.1,1,13.777074668560685
test,9288,blue,0.1,3,13.777074668560685
test,9288,blue,0.1,5,13.777074668560685
test,9288,blue,0.2,1,27.55414933712137
test,9288,blue,0.2,3,27.55414933712137
test,9288,blue,0.2,5,27.55414933712137
test,9288,red,0.0,1,0.0
test,9288,red,0.05,1,0.0
test,9288,red,0.05,3,0.0
test,9288,red,0.05,5,0.0
test,9288,red,0.1,1,0.0
test,9288,red,0.1,3,0.0
test,9288,red,0.1,5,0.0
test,9288,red,0.2,1,0.0
test,9288,red,0.2,3,0.0
test,9288,red,0.2,5,0.0
test,13,blue,0.0,1,0.0
test,13,blue,0.05,1,0.0
test,13,blue,0.05,3,0.0
test,13,blue,0.05,5,0.0
test,13,blue,0.1,1,0.0
test,13,blue,0.1,3,0.0
test,13,blue,0.1,5,0.0
test,13,blue,0.2,1,29.666122421752025
test,13,blue,0.2,3,29.666122421752025
test,13,blue,0.2,5,29.666122421752025
test,13,red,0.0,1,0.0
test,13,red,0.05,1,0.0
test,13,red,0.05,3,0.0
test,13,red,0.05,5,0.0
test,13,red,0.1,1,0.0
test,13,red,0.1,3,0.0
test,13,red,0.1,5,0.0
test,13,red,0.2,1,0.0
test,13,red,0.2,3,0.0
test,13,red,0.2,5,0.0
test,7683,blue,0.0,1,0.0
test,7683,blue,0.05,1,0.0
test,7683,blue,0.05,3,0.0
test,7683,blue,0.05,5,0.0
test,7683,blue,0.1,1,11.244965370028075
test,7683,blue,0.1,3,11.244965370028075
test,7683,blue,0.1,5,11.244965370028075
test,7683,blue,0.2,1,11.244965370028075
test,7683,blue,0.2,3,11.244965370028075
test,7683,blue,0.2,5,11.244965370028075
test,7683,red,0.0,1,0.0
test,7683,red,0.05,1,0.0
test,7683,red,0.05,3,0.0
test,7683,red,0.05,5,0.0
test,7683,red,0.1,1,0.0
test,7683,red,0.1,3,0.0
test,7683,red,0.1,5,0.0
test,7683,red,0.2,1,0.0
test,7683,red,0.2,3,0.0
test,7683,red,0.2,5,0.0
test,3233,blue,0.0,1,0.0
test,3233,blue,0.05,1,15.499507350469258
test,3233,blue,0.05,3,15.499507350469258
test,3233,blue,0.05,5,15.499507350469258
test,3233,blue,0.1,1,15.499507350469258
test,3233,blue,0.1,3,15.499507350469258
test,3233,blue,0.1,5,15.499507350469258
test,3233,blue,0.2,1,30.999014700938517
test,3233,blue,0.2,3,30.999014700938517
test,3233,blue,0.2,5,30.999014700938517
test,3233,red,0.0,1,0.0
test,3233,red,0.05,1,0.0
test,3233,red,0.05,3,0.0
test,3233,red,0.05,5,0.0
test,3233,red,0.1,1,0.0
test,3233,red,0.1,3,0.0
test,3233,red,0.1,5,0.0
test,3233,red,0.2,1,0.0
test,3233,red,0.2,3,0.0
test,3233,red,0.2,5,0.0
test,10956,blue,0.0,1,0.0
test,10956,blue,0.05,1,0.0
test,10956,blue,0.05,3,0.0
test,10956,blue,0.05,5,0.0
test,10956,blue,0.1,1,0.0
test,10956,blue,0.1,3,0.0
test,10956,blue,0.1,5,0.0
test,10956,blue,0.2,1,13.486988676699506
test,10956,blue,0.2,3,13.486988676699506
test,10956,blue,0.2,5,13.486988676699506
test,10956,red,0.0,1,0.0
test,10956,red,0.05,1,0.0
test,10956,red,0.05,3,0.0
test,10956,red,0.05,5,0.0
test,10956,red,0.1,1,0.0
test,10956,red,0.1,3,0.0
test,10956,red,0.1,5,0.0
test,10956,red,0.2,1,0.0
test,10956,red,0.2,3,0.0
test,10956,red,0.2,5,0.0
test,2959,blue,0.0,1,0.0
test,2959,blue,0.05,1,0.0
test,2959,blue,0.05,3,0.0
test,2959,blue,0.05,5,0.0
test,2959,blue,0.1,1,0.0
test,2959,blue,0.1,3,0.0
test,2959,blue,0.1,5,0.0
test,2959,blue,0.2,1,11.739586142755504
test,2959,blue,0.2,3,11.739586142755504
test,2959,blue,0.2,5,11.739586142755504
test,2959,red,0.0,1,0.0
test,2959,red,0.05,1,0.0
test,2959,red,0.05,3,0.0
test,2959,red,0.05,5,0.0
test,2959,red,0.1,1,0.0
test,2959,red,0.1,3,0.0
test,2959,red,0.1,5,0.0
test,2959,red,0.2,1,0.0
test,2959,red,0.2,3,0.0
test,2959,red,0.2,5,0.0
test,10848,blue,0.0,1,0.0
test,10848,blue,0.05,1,0.0
test,10848,blue,0.05,3,0.0
test,10848,blue,0.05,5,0.0
test,10848,blue,0.1,1,0.0
test,10848,blue,0.1,3,0.0
test,10848,blue,0.1,5,0.0
test,10848,blue,0.2,1,0.0
test,10848,blue,0.2,3,0.0
test,10848,blue,0.2,5,0.0
test,10848,red,0.0,1,0.0
test,10848,red,0.05,1,0.0
test,10848,red,0.05,3,0.0
test,10848,red,0.05,5,0.0
test,10848,red,0.1,1,0.0
test,10848,red,0.1,3,0.0
test,10848,red,0.1,5,0.0
test,10848,red,0.2,1,0.0
test,10848,red,0.2,3,0.0
test,10848,red,0.2,5,0.0
test,5525,blue,0.0,1,0.0
test,5525,blue,0.05,1,0.0
test,5525,blue,0.05,3,0.0
test,5525,blue,0.05,5,0.0
test,5525,blue,0.1,1,0.0
test,5525,blue,0.1,3,0.0
test,5525,blue,0.1,5,0.0
test,5525,blue,0.2,1,12.214983275064155
test,5525,blue,0.2,3,12.214983275064155
test,5525,blue,0.2,5,12.214983275064155
test,5525,red,0.0,1,0.0
test,5525,red,0.05,1,0.0
test,5525,red,0.05,3,0.0
test,5525,red,0.05,5,0.0
test,5525,red,0.1,1,0.0
test,5525,red,0.1,3,0.0
test,5525,red,0.1,5,0.0
test,5525,red,0.2,1,0.0
test,5525,red,0.2,3,0.0
test,5525,red,0.2,5,0.0
test,12556,blue,0.0,1,0.0
test,12556,blue,0.05,1,11.59789811255277
test,12556,blue,0.05,3,11.59789811255277
test,12556,blue,0.05,5,11.59789811255277
test,12556,blue,0.1,1,11.59789811255277
test,12556,blue,0.1,3,11.59789811255277
test,12556,blue,0.1,5,11.59789811255277
test,12556,blue,0.2,1,11.59789811255277
test,12556,blue,0.2,3,11.59789811255277
test,12556,blue,0.2,5,11.59789811255277
test,12556,red,0.0,1,0.0
test,12556,red,0.05,1,0.0
test,12556,red,0.05,3,0.0
test,12556,red,0.05,5,0.0
test,12556,red,0.1,1,0.0
test,12556,red,0.1,3,0.0
test,12556,red,0.1,5,0.0
test,12556,red,0.2,1,0.0
test,12556,red,0.2,3,0.0
test,12556,red,0.2,5,0.0
test,47,blue,0.0,1,0.0
test,47,blue,0.05,1,0.0
test,47,blue,0.05,3,0.0
test,47,blue,0.05,5,0.0
test,47,blue,0.1,1,0.0
test,47,blue,0.1,3,0.0
test,47,blue,0.1,5,0.0
test,47,blue,0.2,1,13.643113216749745
test,47,blue,0.2,3,13.643113216749745
test,47,blue,0.2,5,13.643113216749745
test,47,red,0.0,1,0.0
test,47,red,0.05,1,0.0
test,47,red,0.05,3,0.0
test,47,red,0.05,5,0.0
test,47,red,0.1,1,0.0
test,47,red,0.1,3,0.0
test,47,red,0.1,5,0.0
test,47,red,0.2,1,0.0
test,47,red,0.2,3,0.0
test,47,red,0.2,5,0.0
test,9592,blue,0.0,1,0.0
test,9592,blue,0.05,1,13.614834821513838
test,9592,blue,0.05,3,13.614834821513838
test,9592,blue,0.05,5,13.614834821513838
test,9592,blue,0.1,1,13.614834821513838
test,9592,blue,0.1,3,13.614834821513838
test,9592,blue,0.1,5,13.614834821513838
test,9592,blue,0.2,1,13.614834821513838
test,9592,blue,0.2,3,13.614834821513838
test,9592,blue,0.2,5,13.614834821513838
test,9592,red,0.0,1,0.0
test,9592,red,0.05,1,0.0
test,9592,red,0.05,3,0.0
test,9592,red,0.05,5,0.0
test,9592,red,0.1,1,0.0
test,9592,red,0.1,3,0.0
test,9592,red,0.1,5,0.0
test,9592,red,0.2,1,13.614834821513838
test,9592,red,0.2,3,13.614834821513838
test,9592,red,0.2,5,13.614834821513838
test,5442,blue,0.0,1,0.0
test,5442,blue,0.05,1,0.0
test,5442,blue,0.05,3,0.0
test,5442,blue,0.05,5,0.0
test,5442,blue,0.1,1,0.0
test,5442,blue,0.1,3,0.0
test,5442,blue,0.1,5,0.0
test,5442,blue,0.2,1,13.74648216633829
test,5442,blue,0.2,3,13.74648216633829
test,5442,blue,0.2,5,13.74648216633829
test,5442,red,0.0,1,0.0
test,5442,red,0.05,1,0.0
test,5442,red,0.05,3,0.0
test,5442,red,0.05,5,0.0
test,5442,red,0.1,1,0.0
test,5442,red,0.1,3,0.0
test,5442,red,0.1,5,0.0
test,5442,red,0.2,1,0.0
test,5442,red,0.2,3,0.0
test,5442,red,0.2,5,0.0
test,405,blue,0.0,1,0.0
test,405,blue,0.05,1,15.437485529055511
test,405,blue,0.05,3,15.437485529055511
test,405,blue,0.05,5,15.437485529055511
test,405,blue,0.1,1,15.437485529055511
test,405,blue,0.1,3,15.437485529055511
test,405,blue,0.1,5,15.437485529055511
test,405,blue,0.2,1,30.874971058111022
test,405,blue,0.2,3,30.874971058111022
test,405,blue,0.2,5,30.874971058111022
test,405,red,0.0,1,0.0
test,405,red,0.05,1,0.0
test,405,red,0.05,3,0.0
test,405,red,0.05,5,0.0
test,405,red,0.1,1,0.0
test,405,red,0.1,3,0.0
test,405,red,0.1,5,0.0
test,405,red,0.2,1,0.0
test,405,red,0.2,3,0.0
test,405,red,0.2,5,0.0
test,5343,blue,0.0,1,0.0
test,5343,blue,0.05,1,0.0
test,5343,blue,0.05,3,0.0
test,5343,blue,0.05,5,0.0
test,5343,blue,0.1,1,11.731308645737805
test,5343,blue,0.1,3,11.731308645737805
test,5343,blue,0.1,5,11.731308645737805
test,5343,blue,0.2,1,35.193925937213415
test,5343,blue,0.2,3,35.193925937213415
test,5343,blue,0.2,5,35.193925937213415
test,5343,red,0.0,1,0.0
test,5343,red,0.05,1,0.0
test,5343,red,0.05,3,0.0
test,5343,red,0.05,5,0.0
test,5343,red,0.1,1,0.0
test,5343,red,0.1,3,0.0
test,5343,red,0.1,5,0.0
test,5343,red,0.2,1,0.0
test,5343,red,0.2,3,0.0
test,5343,red,0.2,5,0.0
test,11334,blue,0.0,1,0.0
test,11334,blue,0.05,1,0.0
test,11334,blue,0.05,3,0.0
test,11334,blue,0.05,5,0.0
test,11334,blue,0.1,1,11.073857583721662
test,11334,blue,0.1,3,11.073857583721662
test,11334,blue,0.1,5,11.073857583721662
test,11334,blue,0.2,1,33.221572751164985
test,11334,blue,0.2,3,33.221572751164985
test,11334,blue,0.2,5,33.221572751164985
test,11334,red,0.0,1,0.0
test,11334,red,0.05,1,0.0
test,11334,red,0.05,3,0.0
test,11334,red,0.05,5,0.0
test,11334,red,0.1,1,0.0
test,11334,red,0.1,3,0.0
test,11334,red,0.1,5,0.0
test,11334,red,0.2,1,0.0
test,11334,red,0.2,3,22.147715167443323
test,11334,red,0.2,5,22.147715167443323
test,12338,blue,0.0,1,0.0
test,12338,blue,0.05,1,15.619271323161094
test,12338,blue,0.05,3,15.619271323161094
test,12338,blue,0.05,5,15.619271323161094
test,12338,blue,0.1,1,15.619271323161094
test,12338,blue,0.1,3,15.619271323161094
test,12338,blue,0.1,5,15.619271323161094
test,12338,blue,0.2,1,31.238542646322188
test,12338,blue,0.2,3,31.238542646322188
test,12338,blue,0.2,5,31.238542646322188
test,12338,red,0.0,1,0.0
test,12338,red,0.05,1,0.0
test,12338,red,0.05,3,0.0
test,12338,red,0.05,5,0.0
test,12338,red,0.1,1,0.0
test,12338,red,0.1,3,0.0
test,12338,red,0.1,5,0.0
test,12338,red,0.2,1,0.0
test,12338,red,0.2,3,0.0
test,12338,red,0.2,5,0.0
test,7855,blue,0.0,1,0.0
test,7855,blue,0.05,1,0.0
test,7855,blue,0.05,3,0.0
test,7855,blue,0.05,5,0.0
test,7855,blue,0.1,1,13.092706760169365
test,7855,blue,0.1,3,13.092706760169365
test,7855,blue,0.1,5,13.092706760169365
test,7855,blue,0.2,1,39.2781202805081
test,7855,blue,0.2,3,39.2781202805081
test,7855,blue,0.2,5,39.2781202805081
test,7855,red,0.0,1,0.0
test,7855,red,0.05,1,0.0
test,7855,red,0.05,3,0.0
test,7855,red,0.05,5,0.0
test,7855,red,0.1,1,0.0
test,7855,red,0.1,3,0.0
test,7855,red,0.1,5,0.0
test,7855,red,0.2,1,0.0
test,7855,red,0.2,3,0.0
test,7855,red,0.2,5,0.0
test,5511,blue,0.0,1,0.0
test,5511,blue,0.05,1,0.0
test,5511,blue,0.05,3,0.0
test,5511,blue,0.05,5,0.0
test,5511,blue,0.1,1,11.004049592786163
test,5511,blue,0.1,3,11.004049592786163
test,5511,blue,0.1,5,11.004049592786163
test,5511,blue,0.2,1,11.004049592786163
test,5511,blue,0.2,3,11.004049592786163
test,5511,blue,0.2,5,11.004049592786163
test,5511,red,0.0,1,0.0
test,5511,red,0.05,1,0.0
test,5511,red,0.05,3,0.0
test,5511,red,0.05,5,0.0
test,5511,red,0.1,1,0.0
test,5511,red,0.1,3,0.0
test,5511,red,0.1,5,0.0
test,5511,red,0.2,1,0.0
test,5511,red,0.2,3,0.0
test,5511,red,0.2,5,0.0
test,12159,blue,0.0,1,0.0
test,12159,blue,0.05,1,0.0
test,12159,blue,0.05,3,0.0
test,12159,blue,0.05,5,0.0
test,12159,blue,0.1,1,0.0
test,12159,blue,0.1,3,0.0
test,12159,blue,0.1,5,0.0
test,12159,blue,0.2,1,0.0
test,12159,blue,0.2,3,0.0
test,12159,blue,0.2,5,0.0
test,12159,red,0.0,1,0.0
test,12159,red,0.05,1,0.0
test,12159,red,0.05,3,0.0
test,12159,red,0.05,5,0.0
test,12159,red,0.1,1,0.0
test,12159,red,0.1,3,0.0
test,12159,red,0.1,5,0.0
test,12159,red,0.2,1,0.0
test,12159,red,0.2,3,0.0
test,12159,red,0.2,5,0.0
test,5806,blue,0.0,1,0.0
test,5806,blue,0.05,1,0.0
test,5806,blue,0.05,3,0.0
test,5806,blue,0.05,5,0.0
test,5806,blue,0.1,1,13.422893682414323
test,5806,blue,0.1,3,13.422893682414323
test,5806,blue,0.1,5,13.422893682414323
test,5806,blue,0.2,1,13.422893682414323
test,5806,blue,0.2,3,13.422893682414323
test,5806,blue,0.2,5,13.422893682414323
test,5806,red,0.0,1,0.0
test,5806,red,0.05,1,0.0
test,5806,red,0.05,3,0.0
test,5806,red,0.05,5,0.0
test,5806,red,0.1,1,0.0
test,5806,red,0.1,3,0.0
test,5806,red,0.1,5,0.0
test,5806,red,0.2,1,13.422893682414323
test,5806,red,0.2,3,40.26868104724297
test,5806,red,0.2,5,40.26868104724297
test,12807,blue,0.0,1,0.0
test,12807,blue,0.05,1,0.0
test,12807,blue,0.05,3,0.0
test,12807,blue,0.05,5,0.0
test,12807,blue,0.1,1,0.0
test,12807,blue,0.1,3,0.0
test,12807,blue,0.1,5,0.0
test,12807,blue,0.2,1,31.619716080416946
test,12807,blue,0.2,3,31.619716080416946
test,12807,blue,0.2,5,31.619716080416946
test,12807,red,0.0,1,0.0
test,12807,red,0.05,1,0.0
test,12807,red,0.05,3,0.0
test,12807,red,0.05,5,0.0
test,12807,red,0.1,1,0.0
test,12807,red,0.1,3,0.0
test,12807,red,0.1,5,0.0
test,12807,red,0.2,1,0.0
test,12807,red,0.2,3,0.0
test,12807,red,0.2,5,0.0
test,6267,blue,0.0,1,0.0
test,6267,blue,0.05,1,0.0
test,6267,blue,0.05,3,0.0
test,6267,blue,0.05,5,0.0
test,6267,blue,0.1,1,0.0
test,6267,blue,0.1,3,0.0
test,6267,blue,0.1,5,0.0
test,6267,blue,0.2,1,15.318597998109581
test,6267,blue,0.2,3,15.318597998109581
test,6267,blue,0.2,5,15.318597998109581
test,6267,red,0.0,1,0.0
test,6267,red,0.05,1,0.0
test,6267,red,0.05,3,0.0
test,6267,red,0.05,5,0.0
test,6267,red,0.1,1,0.0
test,6267,red,0.1,3,0.0
test,6267,red,0.1,5,0.0
test,6267,red,0.2,1,0.0
test,6267,red,0.2,3,0.0
test,6267,red,0.2,5,0.0
test,5468,blue,0.0,1,0.0
test,5468,blue,0.05,1,0.0
test,5468,blue,0.05,3,0.0
test,5468,blue,0.05,5,0.0
test,5468,blue,0.1,1,0.0
test,5468,blue,0.1,3,0.0
test,5468,blue,0.1,5,0.0
test,5468,blue,0.2,1,0.0
test,5468,blue,0.2,3,0.0
test,5468,blue,0.2,5,0.0
test,5468,red,0.0,1,0.0
test,5468,red,0.05,1,0.0
test,5468,red,0.05,3,0.0
test,5468,red,0.05,5,0.0
test,5468,red,0.1,1,0.0
test,5468,red,0.1,3,0.0
test,5468,red,0.1,5,0.0
test,5468,red,0.2,1,0.0
test,5468,red,0.2,3,0.0
test,5468,red,0.2,5,0.0
test,10446,blue,0.0,1,0.0
test,10446,blue,0.05,1,0.0
test,10446,blue,0.05,3,0.0
test,10446,blue,0.05,5,0.0
test,10446,blue,0.1,1,0.0
test,10446,blue,0.1,3,0.0
test,10446,blue,0.1,5,0.0
test,10446,blue,0.2,1,10.916000392227032
test,10446,blue,0.2,3,10.916000392227032
test,10446,blue,0.2,5,10.916000392227032
test,10446,red,0.0,1,0.0
test,10446,red,0.05,1,0.0
test,10446,red,0.05,3,0.0
test,10446,red,0.05,5,0.0
test,10446,red,0.1,1,0.0
test,10446,red,0.1,3,0.0
test,10446,red,0.1,5,0.0
test,10446,red,0.2,1,0.0
test,10446,red,0.2,3,0.0
test,10446,red,0.2,5,0.0
test,8010,blue,0.0,1,0.0
test,8010,blue,0.05,1,0.0
test,8010,blue,0.05,3,0.0
test,8010,blue,0.05,5,0.0
test,8010,blue,0.1,1,11.239329394193373
test,8010,blue,0.1,3,11.239329394193373
test,8010,blue,0.1,5,11.239329394193373
test,8010,blue,0.2,1,11.239329394193373
test,8010,blue,0.2,3,11.239329394193373
test,8010,blue,0.2,5,11.239329394193373
test,8010,red,0.0,1,0.0
test,8010,red,0.05,1,0.0
test,8010,red,0.05,3,0.0
test,8010,red,0.05,5,0.0
test,8010,red,0.1,1,0.0
test,8010,red,0.1,3,0.0
test,8010,red,0.1,5,0.0
test,8010,red,0.2,1,0.0
test,8010,red,0.2,3,0.0
test,8010,red,0.2,5,0.0
test,13061,blue,0.0,1,0.0
test,13061,blue,0.05,1,0.0
test,13061,blue,0.05,3,0.0
test,13061,blue,0.05,5,0.0
test,13061,blue,0.1,1,11.620964111461955
test,13061,blue,0.1,3,11.620964111461955
test,13061,blue,0.1,5,11.620964111461955
test,13061,blue,0.2,1,46.48385644584782
test,13061,blue,0.2,3,46.48385644584782
test,13061,blue,0.2,5,46.48385644584782
test,13061,red,0.0,1,0.0
test,13061,red,0.05,1,0.0
test,13061,red,0.05,3,0.0
test,13061,red,0.05,5,0.0
test,13061,red,0.1,1,0.0
test,13061,red,0.1,3,0.0
test,13061,red,0.1,5,0.0
test,13061,red,0.2,1,0.0
test,13061,red,0.2,3,0.0
test,13061,red,0.2,5,0.0
test,1159,blue,0.0,1,0.0
test,1159,blue,0.05,1,0.0
test,1159,blue,0.05,3,0.0
test,1159,blue,0.05,5,0.0
test,1159,blue,0.1,1,0.0
test,1159,blue,0.1,3,0.0
test,1159,blue,0.1,5,0.0
test,1159,blue,0.2,1,10.231609530550037
test,1159,blue,0.2,3,10.231609530550037
test,1159,blue,0.2,5,10.231609530550037
test,1159,red,0.0,1,0.0
test,1159,red,0.05,1,0.0
test,1159,red,0.05,3,0.0
test,1159,red,0.05,5,0.0
test,1159,red,0.1,1,0.0
test,1159,red,0.1,3,0.0
test,1159,red,0.1,5,0.0
test,1159,red,0.2,1,0.0
test,1159,red,0.2,3,0.0
test,1159,red,0.2,5,40.926438122200146
test,148,blue,0.0,1,0.0
test,148,blue,0.05,1,18.143800031154594
test,148,blue,0.05,3,18.143800031154594
test,148,blue,0.05,5,18.143800031154594
test,148,blue,0.1,1,18.143800031154594
test,148,blue,0.1,3,18.143800031154594
test,148,blue,0.1,5,18.143800031154594
test,148,blue,0.2,1,18.143800031154594
test,148,blue,0.2,3,18.143800031154594
test,148,blue,0.2,5,18.143800031154594
test,148,red,0.0,1,0.0
test,148,red,0.05,1,0.0
test,148,red,0.05,3,0.0
test,148,red,0.05,5,0.0
test,148,red,0.1,1,0.0
test,148,red,0.1,3,0.0
test,148,red,0.1,5,0.0
test,148,red,0.2,1,0.0
test,148,red,0.2,3,0.0
test,148,red,0.2,5,0.0
test,2520,blue,0.0,1,0.0
test,2520,blue,0.05,1,18.712057088794328
test,2520,blue,0.05,3,18.712057088794328
test,2520,blue,0.05,5,18.712057088794328
test,2520,blue,0.1,1,18.712057088794328
test,2520,blue,0.1,3,18.712057088794328
test,2520,blue,0.1,5,18.712057088794328
test,2520,blue,0.2,1,37.424114177588656
test,2520,blue,0.2,3,37.424114177588656
test,2520,blue,0.2,5,37.424114177588656
test,2520,red,0.0,1,0.0
test,2520,red,0.05,1,0.0
test,2520,red,0.05,3,0.0
test,2520,red,0.05,5,0.0
test,2520,red,0.1,1,0.0
test,2520,red,0.1,3,0.0
test,2520,red,0.1,5,0.0
test,2520,red,0.2,1,0.0
test,2520,red,0.2,3,0.0
test,2520,red,0.2,5,0.0
test,5128,blue,0.0,1,0.0
test,5128,blue,0.05,1,0.0
test,5128,blue,0.05,3,0.0
test,5128,blue,0.05,5,0.0
test,5128,blue,0.1,1,18.834152116433806
test,5128,blue,0.1,3,18.834152116433806
test,5128,blue,0.1,5,18.834152116433806
test,5128,blue,0.2,1,18.834152116433806
test,5128,blue,0.2,3,18.834152116433806
test,5128,blue,0.2,5,18.834152116433806
test,5128,red,0.0,1,0.0
test,5128,red,0.05,1,0.0
test,5128,red,0.05,3,0.0
test,5128,red,0.05,5,0.0
test,5128,red,0.1,1,0.0
test,5128,red,0.1,3,0.0
test,5128,red,0.1,5,0.0
test,5128,red,0.2,1,18.834152116433806
test,5128,red,0.2,3,18.834152116433806
test,5128,red,0.2,5,18.834152116433806
test,11079,blue,0.0,1,0.0
test,11079,blue,0.05,1,0.0
test,11079,blue,0.05,3,0.0
test,11079,blue,0.05,5,0.0
test,11079,blue,0.1,1,17.45740304896679
test,11079,blue,0.1,3,17.45740304896679
test,11079,blue,0.1,5,17.45740304896679
test,11079,blue,0.2,1,17.45740304896679
test,11079,blue,0.2,3,17.45740304896679
test,11079,blue,0.2,5,17.45740304896679
test,11079,red,0.0,1,0.0
test,11079,red,0.05,1,0.0
test,11079,red,0.05,3,0.0
test,11079,red,0.05,5,0.0
test,11079,red,0.1,1,0.0
test,11079,red,0.1,3,0.0
test,11079,red,0.1,5,0.0
test,11079,red,0.2,1,0.0
test,11079,red,0.2,3,0.0
test,11079,red,0.2,5,0.0
test,7298,blue,0.0,1,0.0
test,7298,blue,0.05,1,0.0
test,7298,blue,0.05,3,0.0
test,7298,blue,0.05,5,0.0
test,7298,blue,0.1,1,0.0
test,7298,blue,0.1,3,0.0
test,7298,blue,0.1,5,0.0
test,7298,blue,0.2,1,18.93529680613399
test,7298,blue,0.2,3,18.93529680613399
test,7298,blue,0.2,5,18.93529680613399
test,7298,red,0.0,1,0.0
test,7298,red,0.05,1,0.0
test,7298,red,0.05,3,0.0
test,7298,red,0.05,5,0.0
test,7298,red,0.1,1,0.0
test,7298,red,0.1,3,0.0
test,7298,red,0.1,5,0.0
test,7298,red,0.2,1,0.0
test,7298,red,0.2,3,0.0
test,7298,red,0.2,5,0.0
test,4472,blue,0.0,1,0.0
test,4472,blue,0.05,1,0.0
test,4472,blue,0.05,3,0.0
test,4472,blue,0.05,5,0.0
test,4472,blue,0.1,1,0.0
test,4472,blue,0.1,3,0.0
test,4472,blue,0.1,5,0.0
test,4472,blue,0.2,1,37.156557215945014
test,4472,blue,0.2,3,37.156557215945014
test,4472,blue,0.2,5,37.156557215945014
test,4472,red,0.0,1,0.0
test,4472,red,0.05,1,0.0
test,4472,red,0.05,3,0.0
test,4472,red,0.05,5,0.0
test,4472,red,0.1,1,0.0
test,4472,red,0.1,3,0.0
test,4472,red,0.1,5,0.0
test,4472,red,0.2,1,18.578278607972507
test,4472,red,0.2,3,18.578278607972507
test,4472,red,0.2,5,18.578278607972507
test,2489,blue,0.0,1,0.0
test,2489,blue,0.05,1,18.42735632767287
test,2489,blue,0.05,3,18.42735632767287
test,2489,blue,0.05,5,18.42735632767287
test,2489,blue,0.1,1,18.42735632767287
test,2489,blue,0.1,3,18.42735632767287
test,2489,blue,0.1,5,18.42735632767287
test,2489,blue,0.2,1,36.85471265534574
test,2489,blue,0.2,3,36.85471265534574
test,2489,blue,0.2,5,36.85471265534574
test,2489,red,0.0,1,0.0
test,2489,red,0.05,1,0.0
test,2489,red,0.05,3,0.0
test,2489,red,0.05,5,0.0
test,2489,red,0.1,1,0.0
test,2489,red,0.1,3,0.0
test,2489,red,0.1,5,0.0
test,2489,red,0.2,1,0.0
test,2489,red,0.2,3,0.0
test,2489,red,0.2,5,0.0
test,10325,blue,0.0,1,0.0
test,10325,blue,0.05,1,0.0
test,10325,blue,0.05,3,0.0
test,10325,blue,0.05,5,0.0
test,10325,blue,0.1,1,0.0
test,10325,blue,0.1,3,0.0
test,10325,blue,0.1,5,0.0
test,10325,blue,0.2,1,18.190501185495826
test,10325,blue,0.2,3,18.190501185495826
test,10325,blue,0.2,5,18.190501185495826
test,10325,red,0.0,1,0.0
test,10325,red,0.05,1,0.0
test,10325,red,0.05,3,0.0
test,10325,red,0.05,5,0.0
test,10325,red,0.1,1,0.0
test,10325,red,0.1,3,0.0
test,10325,red,0.1,5,0.0
test,10325,red,0.2,1,0.0
test,10325,red,0.2,3,0.0
test,10325,red,0.2,5,0.0
test,10569,blue,0.0,1,0.0
test,10569,blue,0.05,1,18.740072316166053
test,10569,blue,0.05,3,18.740072316166053
test,10569,blue,0.05,5,18.740072316166053
test,10569,blue,0.1,1,18.740072316166053
test,10569,blue,0.1,3,18.740072316166053
test,10569,blue,0.1,5,18.740072316166053
test,10569,blue,0.2,1,56.22021694849816
test,10569,blue,0.2,3,56.22021694849816
test,10569,blue,0.2,5,56.22021694849816
test,10569,red,0.0,1,0.0
test,10569,red,0.05,1,0.0
test,10569,red,0.05,3,0.0
test,10569,red,0.05,5,0.0
test,10569,red,0.1,1,0.0
test,10569,red,0.1,3,0.0
test,10569,red,0.1,5,0.0
test,10569,red,0.2,1,0.0
test,10569,red,0.2,3,0.0
test,10569,red,0.2,5,0.0
test,1768,blue,0.0,1,0.0
test,1768,blue,0.05,1,0.0
test,1768,blue,0.05,3,0.0
test,1768,blue,0.05,5,0.0
test,1768,blue,0.1,1,0.0
test,1768,blue,0.1,3,0.0
test,1768,blue,0.1,5,0.0
test,1768,blue,0.2,1,18.318282655922783
test,1768,blue,0.2,3,18.318282655922783
test,1768,blue,0.2,5,18.318282655922783
test,1768,red,0.0,1,0.0
test,1768,red,0.05,1,0.0
test,1768,red,0.05,3,0.0
test,1768,red,0.05,5,0.0
test,1768,red,0.1,1,0.0
test,1768,red,0.1,3,0.0
test,1768,red,0.1,5,0.0
test,1768,red,0.2,1,0.0
test,1768,red,0.2,3,0.0
test,1768,red,0.2,5,0.0
test,943,blue,0.0,1,0.0
test,943,blue,0.05,1,0.0
test,943,blue,0.05,3,0.0
test,943,blue,0.05,5,0.0
test,943,blue,0.1,1,0.0
test,943,blue,0.1,3,0.0
test,943,blue,0.1,5,0.0
test,943,blue,0.2,1,0.0
test,943,blue,0.2,3,0.0
test,943,blue,0.2,5,0.0
test,943,red,0.0,1,0.0
test,943,red,0.05,1,0.0
test,943,red,0.05,3,0.0
test,943,red,0.05,5,0.0
test,943,red,0.1,1,0.0
test,943,red,0.1,3,0.0
test,943,red,0.1,5,0.0
test,943,red,0.2,1,0.0
test,943,red,0.2,3,0.0
test,943,red,0.2,5,0.0
test,8148,blue,0.0,1,0.0
test,8148,blue,0.05,1,0.0
test,8148,blue,0.05,3,0.0
test,8148,blue,0.05,5,0.0
test,8148,blue,0.1,1,0.0
test,8148,blue,0.1,3,0.0
test,8148,blue,0.1,5,0.0
test,8148,blue,0.2,1,16.666369810145284
test,8148,blue,0.2,3,16.666369810145284
test,8148,blue,0.2,5,16.666369810145284
test,8148,red,0.0,1,0.0
test,8148,red,0.05,1,0.0
test,8148,red,0.05,3,0.0
test,8148,red,0.05,5,0.0
test,8148,red,0.1,1,0.0
test,8148,red,0.1,3,0.0
test,8148,red,0.1,5,0.0
test,8148,red,0.2,1,0.0
test,8148,red,0.2,3,0.0
test,8148,red,0.2,5,0.0
test,7183,blue,0.0,1,0.0
test,7183,blue,0.05,1,17.2845613748676
test,7183,blue,0.05,3,17.2845613748676
test,7183,blue,0.05,5,17.2845613748676
test,7183,blue,0.1,1,17.2845613748676
test,7183,blue,0.1,3,17.2845613748676
test,7183,blue,0.1,5,17.2845613748676
test,7183,blue,0.2,1,17.2845613748676
test,7183,blue,0.2,3,17.2845613748676
test,7183,blue,0.2,5,17.2845613748676
test,7183,red,0.0,1,0.0
test,7183,red,0.05,1,0.0
test,7183,red,0.05,3,0.0
test,7183,red,0.05,5,0.0
test,7183,red,0.1,1,0.0
test,7183,red,0.1,3,0.0
test,7183,red,0.1,5,0.0
test,7183,red,0.2,1,0.0
test,7183,red,0.2,3,0.0
test,7183,red,0.2,5,0.0
test,12088,blue,0.0,1,0.0
test,12088,blue,0.05,1,0.0
test,12088,blue,0.05,3,0.0
test,12088,blue,0.05,5,0.0
test,12088,blue,0.1,1,0.0
test,12088,blue,0.1,3,0.0
test,12088,blue,0.1,5,0.0
test,12088,blue,0.2,1,18.37776776551214
test,12088,blue,0.2,3,18.37776776551214
test,12088,blue,0.2,5,18.37776776551214
test,12088,red,0.0,1,0.0
test,12088,red,0.05,1,0.0
test,12088,red,0.05,3,0.0
test,12088,red,0.05,5,0.0
test,12088,red,0.1,1,0.0
test,12088,red,0.1,3,0.0
test,12088,red,0.1,5,0.0
test,12088,red,0.2,1,18.37776776551214
test,12088,red,0.2,3,18.37776776551214
test,12088,red,0.2,5,18.37776776551214
test,8692,blue,0.0,1,0.0
test,8692,blue,0.05,1,17.96857755093629
test,8692,blue,0.05,3,17.96857755093629
test,8692,blue,0.05,5,17.96857755093629
test,8692,blue,0.1,1,17.96857755093629
test,8692,blue,0.1,3,17.96857755093629
test,8692,blue,0.1,5,17.96857755093629
test,8692,blue,0.2,1,17.96857755093629
test,8692,blue,0.2,3,17.96857755093629
test,8692,blue,0.2,5,17.96857755093629
test,8692,red,0.0,1,0.0
test,8692,red,0.05,1,0.0
test,8692,red,0.05,3,0.0
test,8692,red,0.05,5,0.0
test,8692,red,0.1,1,0.0
test,8692,red,0.1,3,0.0
test,8692,red,0.1,5,0.0
test,8692,red,0.2,1,0.0
test,8692,red,0.2,3,0.0
test,8692,red,0.2,5,0.0
test,8353,blue,0.0,1,0.0
test,8353,blue,0.05,1,0.0
test,8353,blue,0.05,3,0.0
test,8353,blue,0.05,5,0.0
test,8353,blue,0.1,1,18.271270684709325
test,8353,blue,0.1,3,18.271270684709325
test,8353,blue,0.1,5,18.271270684709325
test,8353,blue,0.2,1,36.54254136941865
test,8353,blue,0.2,3,36.54254136941865
test,8353,blue,0.2,5,36.54254136941865
test,8353,red,0.0,1,0.0
test,8353,red,0.05,1,0.0
test,8353,red,0.05,3,0.0
test,8353,red,0.05,5,0.0
test,8353,red,0.1,1,0.0
test,8353,red,0.1,3,0.0
test,8353,red,0.1,5,0.0
test,8353,red,0.2,1,18.271270684709325
test,8353,red,0.2,3,18.271270684709325
test,8353,red,0.2,5,18.271270684709325
test,10065,blue,0.0,1,0.0
test,10065,blue,0.05,1,17.96597676998672
test,10065,blue,0.05,3,17.96597676998672
test,10065,blue,0.05,5,17.96597676998672
test,10065,blue,0.1,1,17.96597676998672
test,10065,blue,0.1,3,17.96597676998672
test,10065,blue,0.1,5,17.96597676998672
test,10065,blue,0.2,1,53.89793030996016
test,10065,blue,0.2,3,53.89793030996016
test,10065,blue,0.2,5,53.89793030996016
test,10065,red,0.0,1,0.0
test,10065,red,0.05,1,0.0
test,10065,red,0.05,3,0.0
test,10065,red,0.05,5,0.0
test,10065,red,0.1,1,0.0
test,10065,red,0.1,3,0.0
test,10065,red,0.1,5,0.0
test,10065,red,0.2,1,0.0
test,10065,red,0.2,3,0.0
test,10065,red,0.2,5,0.0
test,10408,blue,0.0,1,0.0
test,10408,blue,0.05,1,0.0
test,10408,blue,0.05,3,0.0
test,10408,blue,0.05,5,0.0
test,10408,blue,0.1,1,0.0
test,10408,blue,0.1,3,0.0
test,10408,blue,0.1,5,0.0
test,10408,blue,0.2,1,36.579414177947655
test,10408,blue,0.2,3,36.579414177947655
test,10408,blue,0.2,5,36.579414177947655
test,10408,red,0.0,1,0.0
test,10408,red,0.05,1,0.0
test,10408,red,0.05,3,0.0
test,10408,red,0.05,5,0.0
test,10408,red,0.1,1,0.0
test,10408,red,0.1,3,0.0
test,10408,red,0.1,5,0.0
test,10408,red,0.2,1,0.0
test,10408,red,0.2,3,0.0
test,10408,red,0.2,5,0.0
test,5390,blue,0.0,1,0.0
test,5390,blue,0.05,1,0.0
test,5390,blue,0.05,3,0.0
test,5390,blue,0.05,5,0.0
test,5390,blue,0.1,1,0.0
test,5390,blue,0.1,3,0.0
test,5390,blue,0.1,5,0.0
test,5390,blue,0.2,1,18.188062433979823
test,5390,blue,0.2,3,18.188062433979823
test,5390,blue,0.2,5,18.188062433979823
test,5390,red,0.0,1,0.0
test,5390,red,0.05,1,0.0
test,5390,red,0.05,3,0.0
test,5390,red,0.05,5,0.0
test,5390,red,0.1,1,0.0
test,5390,red,0.1,3,0.0
test,5390,red,0.1,5,0.0
test,5390,red,0.2,1,0.0
test,5390,red,0.2,3,0.0
test,5390,red,0.2,5,0.0
test,12683,blue,0.0,1,0.0
test,12683,blue,0.05,1,0.0
test,12683,blue,0.05,3,0.0
test,12683,blue,0.05,5,0.0
test,12683,blue,0.1,1,0.0
test,12683,blue,0.1,3,0.0
test,12683,blue,0.1,5,0.0
test,12683,blue,0.2,1,17.59350296441386
test,12683,blue,0.2,3,17.59350296441386
test,12683,blue,0.2,5,17.59350296441386
test,12683,red,0.0,1,0.0
test,12683,red,0.05,1,0.0
test,12683,red,0.05,3,0.0
test,12683,red,0.05,5,0.0
test,12683,red,0.1,1,0.0
test,12683,red,0.1,3,0.0
test,12683,red,0.1,5,0.0
test,12683,red,0.2,1,0.0
test,12683,red,0.2,3,0.0
test,12683,red,0.2,5,0.0
test,1940,blue,0.0,1,0.0
test,1940,blue,0.05,1,0.0
test,1940,blue,0.05,3,0.0
test,1940,blue,0.05,5,0.0
test,1940,blue,0.1,1,0.0
test,1940,blue,0.1,3,0.0
test,1940,blue,0.1,5,0.0
test,1940,blue,0.2,1,16.247357382225985
test,1940,blue,0.2,3,16.247357382225985
test,1940,blue,0.2,5,16.247357382225985
test,1940,red,0.0,1,0.0
test,1940,red,0.05,1,0.0
test,1940,red,0.05,3,0.0
test,1940,red,0.05,5,0.0
test,1940,red,0.1,1,0.0
test,1940,red,0.1,3,0.0
test,1940,red,0.1,5,0.0
test,1940,red,0.2,1,0.0
test,1940,red,0.2,3,0.0
test,1940,red,0.2,5,0.0
test,12862,blue,0.0,1,0.0
test,12862,blue,0.05,1,0.0
test,12862,blue,0.05,3,0.0
test,12862,blue,0.05,5,0.0
test,12862,blue,0.1,1,18.455974444382644
test,12862,blue,0.1,3,18.455974444382644
test,12862,blue,0.1,5,18.455974444382644
test,12862,blue,0.2,1,36.91194888876529
test,12862,blue,0.2,3,36.91194888876529
test,12862,blue,0.2,5,36.91194888876529
test,12862,red,0.0,1,0.0
test,12862,red,0.05,1,0.0
test,12862,red,0.05,3,0.0
test,12862,red,0.05,5,0.0
test,12862,red,0.1,1,0.0
test,12862,red,0.1,3,0.0
test,12862,red,0.1,5,0.0
test,12862,red,0.2,1,0.0
test,12862,red,0.2,3,0.0
test,12862,red,0.2,5,0.0
test,6810,blue,0.0,1,0.0
test,6810,blue,0.05,1,17.46342125710592
test,6810,blue,0.05,3,17.46342125710592
test,6810,blue,0.05,5,17.46342125710592
test,6810,blue,0.1,1,17.46342125710592
test,6810,blue,0.1,3,17.46342125710592
test,6810,blue,0.1,5,17.46342125710592
test,6810,blue,0.2,1,52.39026377131776
test,6810,blue,0.2,3,52.39026377131776
test,6810,blue,0.2,5,52.39026377131776
test,6810,red,0.0,1,0.0
test,6810,red,0.05,1,0.0
test,6810,red,0.05,3,0.0
test,6810,red,0.05,5,0.0
test,6810,red,0.1,1,0.0
test,6810,red,0.1,3,0.0
test,6810,red,0.1,5,0.0
test,6810,red,0.2,1,0.0
test,6810,red,0.2,3,0.0
test,6810,red,0.2,5,0.0
test,9321,blue,0.0,1,0.0
test,9321,blue,0.05,1,0.0
test,9321,blue,0.05,3,0.0
test,9321,blue,0.05,5,0.0
test,9321,blue,0.1,1,0.0
test,9321,blue,0.1,3,0.0
test,9321,blue,0.1,5,0.0
test,9321,blue,0.2,1,17.396926739092716
test,9321,blue,0.2,3,17.396926739092716
test,9321,blue,0.2,5,17.396926739092716
test,9321,red,0.0,1,0.0
test,9321,red,0.05,1,0.0
test,9321,red,0.05,3,0.0
test,9321,red,0.05,5,0.0
test,9321,red,0.1,1,0.0
test,9321,red,0.1,3,0.0
test,9321,red,0.1,5,0.0
test,9321,red,0.2,1,17.396926739092716
test,9321,red,0.2,3,17.396926739092716
test,9321,red,0.2,5,17.396926739092716
test,6473,blue,0.0,1,0.0
test,6473,blue,0.05,1,0.0
test,6473,blue,0.05,3,0.0
test,6473,blue,0.05,5,0.0
test,6473,blue,0.1,1,0.0
test,6473,blue,0.1,3,0.0
test,6473,blue,0.1,5,0.0
test,6473,blue,0.2,1,0.0
test,6473,blue,0.2,3,0.0
test,6473,blue,0.2,5,0.0
test,6473,red,0.0,1,0.0
test,6473,red,0.05,1,0.0
test,6473,red,0.05,3,0.0
test,6473,red,0.05,5,0.0
test,6473,red,0.1,1,0.0
test,6473,red,0.1,3,0.0
test,6473,red,0.1,5,0.0
test,6473,red,0.2,1,17.49404894171072
test,6473,red,0.2,3,17.49404894171072
test,6473,red,0.2,5,17.49404894171072
test,2849,blue,0.0,1,0.0
test,2849,blue,0.05,1,18.520494397243464
test,2849,blue,0.05,3,18.520494397243464
test,2849,blue,0.05,5,18.520494397243464
test,2849,blue,0.1,1,18.520494397243464
test,2849,blue,0.1,3,18.520494397243464
test,2849,blue,0.1,5,18.520494397243464
test,2849,blue,0.2,1,18.520494397243464
test,2849,blue,0.2,3,18.520494397243464
test,2849,blue,0.2,5,18.520494397243464
test,2849,red,0.0,1,0.0
test,2849,red,0.05,1,0.0
test,2849,red,0.05,3,0.0
test,2849,red,0.05,5,0.0
test,2849,red,0.1,1,0.0
test,2849,red,0.1,3,0.0
test,2849,red,0.1,5,0.0
test,2849,red,0.2,1,0.0
test,2849,red,0.2,3,0.0
test,2849,red,0.2,5,0.0
test,8875,blue,0.0,1,0.0
test,8875,blue,0.05,1,0.0
test,8875,blue,0.05,3,0.0
test,8875,blue,0.05,5,0.0
test,8875,blue,0.1,1,0.0
test,8875,blue,0.1,3,0.0
test,8875,blue,0.1,5,0.0
test,8875,blue,0.2,1,0.0
test,8875,blue,0.2,3,0.0
test,8875,blue,0.2,5,0.0
test,8875,red,0.0,1,0.0
test,8875,red,0.05,1,0.0
test,8875,red,0.05,3,0.0
test,8875,red,0.05,5,0.0
test,8875,red,0.1,1,0.0
test,8875,red,0.1,3,0.0
test,8875,red,0.1,5,0.0
test,8875,red,0.2,1,0.0
test,8875,red,0.2,3,0.0
test,8875,red,0.2,5,0.0
test,8494,blue,0.0,1,0.0
test,8494,blue,0.05,1,18.43183103806451
test,8494,blue,0.05,3,18.43183103806451
test,8494,blue,0.05,5,18.43183103806451
test,8494,blue,0.1,1,18.43183103806451
test,8494,blue,0.1,3,18.43183103806451
test,8494,blue,0.1,5,18.43183103806451
test,8494,blue,0.2,1,55.29549311419353
test,8494,blue,0.2,3,55.29549311419353
test,8494,blue,0.2,5,55.29549311419353
test,8494,red,0.0,1,0.0
test,8494,red,0.05,1,0.0
test,8494,red,0.05,3,0.0
test,8494,red,0.05,5,0.0
test,8494,red,0.1,1,0.0
test,8494,red,0.1,3,0.0
test,8494,red,0.1,5,0.0
test,8494,red,0.2,1,0.0
test,8494,red,0.2,3,0.0
test,8494,red,0.2,5,0.0
test,7429,blue,0.0,1,0.0
test,7429,blue,0.05,1,0.0
test,7429,blue,0.05,3,0.0
test,7429,blue,0.05,5,0.0
test,7429,blue,0.1,1,0.0
test,7429,blue,0.1,3,0.0
test,7429,blue,0.1,5,0.0
test,7429,blue,0.2,1,0.0
test,7429,blue,0.2,3,0.0
test,7429,blue,0.2,5,0.0
test,7429,red,0.0,1,0.0
test,7429,red,0.05,1,0.0
test,7429,red,0.05,3,0.0
test,7429,red,0.05,5,0.0
test,7429,red,0.1,1,0.0
test,7429,red,0.1,3,0.0
test,7429,red,0.1,5,0.0
test,7429,red,0.2,1,0.0
test,7429,red,0.2,3,0.0
test,7429,red,0.2,5,0.0
test,2267,blue,0.0,1,0.0
test,2267,blue,0.05,1,17.716205893672566
test,2267,blue,0.05,3,17.716205893672566
test,2267,blue,0.05,5,17.716205893672566
test,2267,blue,0.1,1,17.716205893672566
test,2267,blue,0.1,3,17.716205893672566
test,2267,blue,0.1,5,17.716205893672566
test,2267,blue,0.2,1,35.43241178734513
test,2267,blue,0.2,3,35.43241178734513
test,2267,blue,0.2,5,35.43241178734513
test,2267,red,0.0,1,0.0
test,2267,red,0.05,1,0.0
test,2267,red,0.05,3,0.0
test,2267,red,0.05,5,0.0
test,2267,red,0.1,1,17.716205893672566
test,2267,red,0.1,3,17.716205893672566
test,2267,red,0.1,5,17.716205893672566
test,2267,red,0.2,1,17.716205893672566
test,2267,red,0.2,3,17.716205893672566
test,2267,red,0.2,5,17.716205893672566
test,10745,blue,0.0,1,0.0
test,10745,blue,0.05,1,17.45649761507088
test,10745,blue,0.05,3,17.45649761507088
test,10745,blue,0.05,5,17.45649761507088
test,10745,blue,0.1,1,17.45649761507088
test,10745,blue,0.1,3,17.45649761507088
test,10745,blue,0.1,5,17.45649761507088
test,10745,blue,0.2,1,34.91299523014176
test,10745,blue,0.2,3,34.91299523014176
test,10745,blue,0.2,5,34.91299523014176
test,10745,red,0.0,1,0.0
test,10745,red,0.05,1,0.0
test,10745,red,0.05,3,0.0
test,10745,red,0.05,5,0.0
test,10745,red,0.1,1,0.0
test,10745,red,0.1,3,0.0
test,10745,red,0.1,5,0.0
test,10745,red,0.2,1,0.0
test,10745,red,0.2,3,0.0
test,10745,red,0.2,5,0.0
test,5733,blue,0.0,1,0.0
test,5733,blue,0.05,1,0.0
test,5733,blue,0.05,3,0.0
test,5733,blue,0.05,5,0.0
test,5733,blue,0.1,1,0.0
test,5733,blue,0.1,3,0.0
test,5733,blue,0.1,5,0.0
test,5733,blue,0.2,1,18.97609419060466
test,5733,blue,0.2,3,18.97609419060466
test,5733,blue,0.2,5,18.97609419060466
test,5733,red,0.0,1,0.0
test,5733,red,0.05,1,0.0
test,5733,red,0.05,3,0.0
test,5733,red,0.05,5,0.0
test,5733,red,0.1,1,0.0
test,5733,red,0.1,3,0.0
test,5733,red,0.1,5,0.0
test,5733,red,0.2,1,18.97609419060466
test,5733,red,0.2,3,18.97609419060466
test,5733,red,0.2,5,18.97609419060466
test,7353,blue,0.0,1,0.0
test,7353,blue,0.05,1,0.0
test,7353,blue,0.05,3,0.0
test,7353,blue,0.05,5,0.0
test,7353,blue,0.1,1,0.0
test,7353,blue,0.1,3,0.0
test,7353,blue,0.1,5,0.0
test,7353,blue,0.2,1,0.0
test,7353,blue,0.2,3,0.0
test,7353,blue,0.2,5,0.0
test,7353,red,0.0,1,0.0
test,7353,red,0.05,1,0.0
test,7353,red,0.05,3,0.0
test,7353,red,0.05,5,0.0
test,7353,red,0.1,1,0.0
test,7353,red,0.1,3,0.0
test,7353,red,0.1,5,0.0
test,7353,red,0.2,1,0.0
test,7353,red,0.2,3,0.0
test,7353,red,0.2,5,0.0
test,7011,blue,0.0,1,0.0
test,7011,blue,0.05,1,16.705588043975418
test,7011,blue,0.05,3,16.705588043975418
test,7011,blue,0.05,5,16.705588043975418
test,7011,blue,0.1,1,16.705588043975418
test,7011,blue,0.1,3,16.705588043975418
test,7011,blue,0.1,5,16.705588043975418
test,7011,blue,0.2,1,16.705588043975418
test,7011,blue,0.2,3,16.705588043975418
test,7011,blue,0.2,5,16.705588043975418
test,7011,red,0.0,1,0.0
test,7011,red,0.05,1,0.0
test,7011,red,0.05,3,0.0
test,7011,red,0.05,5,0.0
test,7011,red,0.1,1,0.0
test,7011,red,0.1,3,0.0
test,7011,red,0.1,5,0.0
test,7011,red,0.2,1,0.0
test,7011,red,0.2,3,0.0
test,7011,red,0.2,5,0.0
test,499,blue,0.0,1,0.0
test,499,blue,0.05,1,0.0
test,499,blue,0.05,3,0.0
test,499,blue,0.05,5,0.0
test,499,blue,0.1,1,17.135272875189397
test,499,blue,0.1,3,17.135272875189397
test,499,blue,0.1,5,17.135272875189397
test,499,blue,0.2,1,34.270545750378794
test,499,blue,0.2,3,34.270545750378794
test,499,blue,0.2,5,34.270545750378794
test,499,red,0.0,1,0.0
test,499,red,0.05,1,0.0
test,499,red,0.05,3,0.0
test,499,red,0.05,5,0.0
test,499,red,0.1,1,0.0
test,499,red,0.1,3,0.0
test,499,red,0.1,5,0.0
test,499,red,0.2,1,0.0
test,499,red,0.2,3,0.0
test,499,red,0.2,5,0.0
test,4425,blue,0.0,1,0.0
test,4425,blue,0.05,1,0.0
test,4425,blue,0.05,3,0.0
test,4425,blue,0.05,5,0.0
test,4425,blue,0.1,1,0.0
test,4425,blue,0.1,3,0.0
test,4425,blue,0.1,5,0.0
test,4425,blue,0.2,1,17.323683789997016
test,4425,blue,0.2,3,17.323683789997016
test,4425,blue,0.2,5,17.323683789997016
test,4425,red,0.0,1,0.0
test,4425,red,0.05,1,0.0
test,4425,red,0.05,3,0.0
test,4425,red,0.05,5,0.0
test,4425,red,0.1,1,0.0
test,4425,red,0.1,3,0.0
test,4425,red,0.1,5,0.0
test,4425,red,0.2,1,0.0
test,4425,red,0.2,3,0.0
test,4425,red,0.2,5,0.0
test,9615,blue,0.0,1,0.0
test,9615,blue,0.05,1,0.0
test,9615,blue,0.05,3,0.0
test,9615,blue,0.05,5,0.0
test,9615,blue,0.1,1,18.2574146035671
test,9615,blue,0.1,3,18.2574146035671
test,9615,blue,0.1,5,18.2574146035671
test,9615,blue,0.2,1,18.2574146035671
test,9615,blue,0.2,3,18.2574146035671
test,9615,blue,0.2,5,18.2574146035671
test,9615,red,0.0,1,0.0
test,9615,red,0.05,1,0.0
test,9615,red,0.05,3,0.0
test,9615,red,0.05,5,0.0
test,9615,red,0.1,1,0.0
test,9615,red,0.1,3,0.0
test,9615,red,0.1,5,0.0
test,9615,red,0.2,1,0.0
test,9615,red,0.2,3,0.0
test,9615,red,0.2,5,0.0
test,7081,blue,0.0,1,0.0
test,7081,blue,0.05,1,17.369400496320043
test,7081,blue,0.05,3,17.369400496320043
test,7081,blue,0.05,5,17.369400496320043
test,7081,blue,0.1,1,17.369400496320043
test,7081,blue,0.1,3,17.369400496320043
test,7081,blue,0.1,5,17.369400496320043
test,7081,blue,0.2,1,34.73880099264009
test,7081,blue,0.2,3,34.73880099264009
test,7081,blue,0.2,5,34.73880099264009
test,7081,red,0.0,1,0.0
test,7081,red,0.05,1,0.0
test,7081,red,0.05,3,0.0
test,7081,red,0.05,5,0.0
test,7081,red,0.1,1,0.0
test,7081,red,0.1,3,0.0
test,7081,red,0.1,5,0.0
test,7081,red,0.2,1,17.369400496320043
test,7081,red,0.2,3,17.369400496320043
test,7081,red,0.2,5,17.369400496320043
test,3149,blue,0.0,1,0.0
test,3149,blue,0.05,1,16.882051545813045
test,3149,blue,0.05,3,16.882051545813045
test,3149,blue,0.05,5,16.882051545813045
test,3149,blue,0.1,1,16.882051545813045
test,3149,blue,0.1,3,16.882051545813045
test,3149,blue,0.1,5,16.882051545813045
test,3149,blue,0.2,1,33.76410309162609
test,3149,blue,0.2,3,33.76410309162609
test,3149,blue,0.2,5,33.76410309162609
test,3149,red,0.0,1,0.0
test,3149,red,0.05,1,0.0
test,3149,red,0.05,3,0.0
test,3149,red,0.05,5,0.0
test,3149,red,0.1,1,0.0
test,3149,red,0.1,3,0.0
test,3149,red,0.1,5,0.0
test,3149,red,0.2,1,0.0
test,3149,red,0.2,3,0.0
test,3149,red,0.2,5,0.0
test,5215,blue,0.0,1,0.0
test,5215,blue,0.05,1,0.0
test,5215,blue,0.05,3,0.0
test,5215,blue,0.05,5,0.0
test,5215,blue,0.1,1,0.0
test,5215,blue,0.1,3,0.0
test,5215,blue,0.1,5,0.0
test,5215,blue,0.2,1,32.17538309165069
test,5215,blue,0.2,3,32.17538309165069
test,5215,blue,0.2,5,32.17538309165069
test,5215,red,0.0,1,0.0
test,5215,red,0.05,1,0.0
test,5215,red,0.05,3,0.0
test,5215,red,0.05,5,0.0
test,5215,red,0.1,1,0.0
test,5215,red,0.1,3,0.0
test,5215,red,0.1,5,0.0
test,5215,red,0.2,1,16.087691545825344
test,5215,red,0.2,3,16.087691545825344
test,5215,red,0.2,5,16.087691545825344
test,8980,blue,0.0,1,0.0
test,8980,blue,0.05,1,0.0
test,8980,blue,0.05,3,0.0
test,8980,blue,0.05,5,0.0
test,8980,blue,0.1,1,0.0
test,8980,blue,0.1,3,0.0
test,8980,blue,0.1,5,0.0
test,8980,blue,0.2,1,18.578147171237703
test,8980,blue,0.2,3,18.578147171237703
test,8980,blue,0.2,5,18.578147171237703
test,8980,red,0.0,1,0.0
test,8980,red,0.05,1,0.0
test,8980,red,0.05,3,0.0
test,8980,red,0.05,5,0.0
test,8980,red,0.1,1,0.0
test,8980,red,0.1,3,0.0
test,8980,red,0.1,5,0.0
test,8980,red,0.2,1,18.578147171237703
test,8980,red,0.2,3,18.578147171237703
test,8980,red,0.2,5,18.578147171237703
test,2586,blue,0.0,1,0.0
test,2586,blue,0.05,1,0.0
test,2586,blue,0.05,3,0.0
test,2586,blue,0.05,5,0.0
test,2586,blue,0.1,1,0.0
test,2586,blue,0.1,3,0.0
test,2586,blue,0.1,5,0.0
test,2586,blue,0.2,1,0.0
test,2586,blue,0.2,3,0.0
test,2586,blue,0.2,5,0.0
test,2586,red,0.0,1,0.0
test,2586,red,0.05,1,0.0
test,2586,red,0.05,3,0.0
test,2586,red,0.05,5,0.0
test,2586,red,0.1,1,0.0
test,2586,red,0.1,3,0.0
test,2586,red,0.1,5,0.0
test,2586,red,0.2,1,0.0
test,2586,red,0.2,3,0.0
test,2586,red,0.2,5,0.0
test,8315,blue,0.0,1,0.0
test,8315,blue,0.05,1,18.060242867885474
test,8315,blue,0.05,3,18.060242867885474
test,8315,blue,0.05,5,18.060242867885474
test,8315,blue,0.1,1,18.060242867885474
test,8315,blue,0.1,3,18.060242867885474
test,8315,blue,0.1,5,18.060242867885474
test,8315,blue,0.2,1,18.060242867885474
test,8315,blue,0.2,3,18.060242867885474
test,8315,blue,0.2,5,18.060242867885474
test,8315,red,0.0,1,0.0
test,8315,red,0.05,1,0.0
test,8315,red,0.05,3,0.0
test,8315,red,0.05,5,0.0
test,8315,red,0.1,1,0.0
test,8315,red,0.1,3,0.0
test,8315,red,0.1,5,0.0
test,8315,red,0.2,1,0.0
test,8315,red,0.2,3,0.0
test,8315,red,0.2,5,0.0
test,9208,blue,0.0,1,0.0
test,9208,blue,0.05,1,0.0
test,9208,blue,0.05,3,0.0
test,9208,blue,0.05,5,0.0
test,9208,blue,0.1,1,17.37015344315465
test,9208,blue,0.1,3,17.37015344315465
test,9208,blue,0.1,5,17.37015344315465
test,9208,blue,0.2,1,17.37015344315465
test,9208,blue,0.2,3,17.37015344315465
test,9208,blue,0.2,5,17.37015344315465
test,9208,red,0.0,1,0.0
test,9208,red,0.05,1,0.0
test,9208,red,0.05,3,0.0
test,9208,red,0.05,5,0.0
test,9208,red,0.1,1,17.37015344315465
test,9208,red,0.1,3,17.37015344315465
test,9208,red,0.1,5,17.37015344315465
test,9208,red,0.2,1,17.37015344315465
test,9208,red,0.2,3,17.37015344315465
test,9208,red,0.2,5,17.37015344315465
test,34,blue,0.0,1,0.0
test,34,blue,0.05,1,0.0
test,34,blue,0.05,3,0.0
test,34,blue,0.05,5,0.0
test,34,blue,0.1,1,0.0
test,34,blue,0.1,3,0.0
test,34,blue,0.1,5,0.0
test,34,blue,0.2,1,18.667849968146214
test,34,blue,0.2,3,18.667849968146214
test,34,blue,0.2,5,18.667849968146214
test,34,red,0.0,1,0.0
test,34,red,0.05,1,0.0
test,34,red,0.05,3,0.0
test,34,red,0.05,5,0.0
test,34,red,0.1,1,0.0
test,34,red,0.1,3,0.0
test,34,red,0.1,5,0.0
test,34,red,0.2,1,0.0
test,34,red,0.2,3,0.0
test,34,red,0.2,5,0.0
test,5639,blue,0.0,1,0.0
test,5639,blue,0.05,1,0.0
test,5639,blue,0.05,3,0.0
test,5639,blue,0.05,5,0.0
test,5639,blue,0.1,1,0.0
test,5639,blue,0.1,3,0.0
test,5639,blue,0.1,5,0.0
test,5639,blue,0.2,1,18.02726069423852
test,5639,blue,0.2,3,18.02726069423852
test,5639,blue,0.2,5,18.02726069423852
test,5639,red,0.0,1,0.0
test,5639,red,0.05,1,0.0
test,5639,red,0.05,3,0.0
test,5639,red,0.05,5,0.0
test,5639,red,0.1,1,0.0
test,5639,red,0.1,3,0.0
test,5639,red,0.1,5,0.0
test,5639,red,0.2,1,0.0
test,5639,red,0.2,3,0.0
test,5639,red,0.2,5,0.0
test,11440,blue,0.0,1,0.0
test,11440,blue,0.05,1,18.835806585984486
test,11440,blue,0.05,3,18.835806585984486
test,11440,blue,0.05,5,18.835806585984486
test,11440,blue,0.1,1,18.835806585984486
test,11440,blue,0.1,3,18.835806585984486
test,11440,blue,0.1,5,18.835806585984486
test,11440,blue,0.2,1,56.50741975795346
test,11440,blue,0.2,3,56.50741975795346
test,11440,blue,0.2,5,56.50741975795346
test,11440,red,0.0,1,0.0
test,11440,red,0.05,1,0.0
test,11440,red,0.05,3,0.0
test,11440,red,0.05,5,0.0
test,11440,red,0.1,1,0.0
test,11440,red,0.1,3,0.0
test,11440,red,0.1,5,0.0
test,11440,red,0.2,1,0.0
test,11440,red,0.2,3,0.0
test,11440,red,0.2,5,0.0
test,11318,blue,0.0,1,0.0
test,11318,blue,0.05,1,18.065238979954202
test,11318,blue,0.05,3,18.065238979954202
test,11318,blue,0.05,5,18.065238979954202
test,11318,blue,0.1,1,18.065238979954202
test,11318,blue,0.1,3,18.065238979954202
test,11318,blue,0.1,5,18.065238979954202
test,11318,blue,0.2,1,36.130477959908404
test,11318,blue,0.2,3,36.130477959908404
test,11318,blue,0.2,5,36.130477959908404
test,11318,red,0.0,1,0.0
test,11318,red,0.05,1,0.0
test,11318,red,0.05,3,0.0
test,11318,red,0.05,5,0.0
test,11318,red,0.1,1,0.0
test,11318,red,0.1,3,0.0
test,11318,red,0.1,5,0.0
test,11318,red,0.2,1,0.0
test,11318,red,0.2,3,0.0
test,11318,red,0.2,5,0.0
test,12872,blue,0.0,1,0.0
test,12872,blue,0.05,1,0.0
test,12872,blue,0.05,3,0.0
test,12872,blue,0.05,5,0.0
test,12872,blue,0.1,1,0.0
test,12872,blue,0.1,3,0.0
test,12872,blue,0.1,5,0.0
test,12872,blue,0.2,1,37.17963498624225
test,12872,blue,0.2,3,37.17963498624225
test,12872,blue,0.2,5,37.17963498624225
test,12872,red,0.0,1,0.0
test,12872,red,0.05,1,0.0
test,12872,red,0.05,3,0.0
test,12872,red,0.05,5,0.0
test,12872,red,0.1,1,0.0
test,12872,red,0.1,3,0.0
test,12872,red,0.1,5,0.0
test,12872,red,0.2,1,0.0
test,12872,red,0.2,3,0.0
test,12872,red,0.2,5,0.0
test,6815,blue,0.0,1,0.0
test,6815,blue,0.05,1,0.0
test,6815,blue,0.05,3,0.0
test,6815,blue,0.05,5,0.0
test,6815,blue,0.1,1,18.954858114948788
test,6815,blue,0.1,3,18.954858114948788
test,6815,blue,0.1,5,18.954858114948788
test,6815,blue,0.2,1,56.86457434484636
test,6815,blue,0.2,3,56.86457434484636
test,6815,blue,0.2,5,56.86457434484636
test,6815,red,0.0,1,0.0
test,6815,red,0.05,1,0.0
test,6815,red,0.05,3,0.0
test,6815,red,0.05,5,0.0
test,6815,red,0.1,1,0.0
test,6815,red,0.1,3,0.0
test,6815,red,0.1,5,0.0
test,6815,red,0.2,1,0.0
test,6815,red,0.2,3,0.0
test,6815,red,0.2,5,0.0
test,1302,blue,0.0,1,0.0
test,1302,blue,0.05,1,0.0
test,1302,blue,0.05,3,0.0
test,1302,blue,0.05,5,0.0
test,1302,blue,0.1,1,0.0
test,1302,blue,0.1,3,0.0
test,1302,blue,0.1,5,0.0
test,1302,blue,0.2,1,16.61134701650566
test,1302,blue,0.2,3,16.61134701650566
test,1302,blue,0.2,5,16.61134701650566
test,1302,red,0.0,1,0.0
test,1302,red,0.05,1,0.0
test,1302,red,0.05,3,0.0
test,1302,red,0.05,5,0.0
test,1302,red,0.1,1,0.0
test,1302,red,0.1,3,0.0
test,1302,red,0.1,5,0.0
test,1302,red,0.2,1,0.0
test,1302,red,0.2,3,0.0
test,1302,red,0.2,5,0.0
test,4949,blue,0.0,1,0.0
test,4949,blue,0.05,1,0.0
test,4949,blue,0.05,3,0.0
test,4949,blue,0.05,5,0.0
test,4949,blue,0.1,1,18.570035574572557
test,4949,blue,0.1,3,18.570035574572557
test,4949,blue,0.1,5,18.570035574572557
test,4949,blue,0.2,1,18.570035574572557
test,4949,blue,0.2,3,18.570035574572557
test,4949,blue,0.2,5,18.570035574572557
test,4949,red,0.0,1,0.0
test,4949,red,0.05,1,0.0
test,4949,red,0.05,3,0.0
test,4949,red,0.05,5,0.0
test,4949,red,0.1,1,0.0
test,4949,red,0.1,3,0.0
test,4949,red,0.1,5,0.0
test,4949,red,0.2,1,0.0
test,4949,red,0.2,3,0.0
test,4949,red,0.2,5,0.0
test,4975,blue,0.0,1,0.0
test,4975,blue,0.05,1,0.0
test,4975,blue,0.05,3,0.0
test,4975,blue,0.05,5,0.0
test,4975,blue,0.1,1,17.9834552334989
test,4975,blue,0.1,3,17.9834552334989
test,4975,blue,0.1,5,17.9834552334989
test,4975,blue,0.2,1,17.9834552334989
test,4975,blue,0.2,3,17.9834552334989
test,4975,blue,0.2,5,17.9834552334989
test,4975,red,0.0,1,0.0
test,4975,red,0.05,1,0.0
test,4975,red,0.05,3,0.0
test,4975,red,0.05,5,0.0
test,4975,red,0.1,1,0.0
test,4975,red,0.1,3,0.0
test,4975,red,0.1,5,0.0
test,4975,red,0.2,1,0.0
test,4975,red,0.2,3,0.0
test,4975,red,0.2,5,0.0
test,10522,blue,0.0,1,0.0
test,10522,blue,0.05,1,0.0
test,10522,blue,0.05,3,0.0
test,10522,blue,0.05,5,0.0
test,10522,blue,0.1,1,18.750615798643715
test,10522,blue,0.1,3,18.750615798643715
test,10522,blue,0.1,5,18.750615798643715
test,10522,blue,0.2,1,37.50123159728743
test,10522,blue,0.2,3,37.50123159728743
test,10522,blue,0.2,5,37.50123159728743
test,10522,red,0.0,1,0.0
test,10522,red,0.05,1,0.0
test,10522,red,0.05,3,0.0
test,10522,red,0.05,5,0.0
test,10522,red,0.1,1,0.0
test,10522,red,0.1,3,0.0
test,10522,red,0.1,5,0.0
test,10522,red,0.2,1,0.0
test,10522,red,0.2,3,0.0
test,10522,red,0.2,5,0.0
test,12889,blue,0.0,1,0.0
test,12889,blue,0.05,1,18.156905484071796
test,12889,blue,0.05,3,18.156905484071796
test,12889,blue,0.05,5,18.156905484071796
test,12889,blue,0.1,1,18.156905484071796
test,12889,blue,0.1,3,18.156905484071796
test,12889,blue,0.1,5,18.156905484071796
test,12889,blue,0.2,1,36.31381096814359
test,12889,blue,0.2,3,36.31381096814359
test,12889,blue,0.2,5,36.31381096814359
test,12889,red,0.0,1,0.0
test,12889,red,0.05,1,0.0
test,12889,red,0.05,3,0.0
test,12889,red,0.05,5,0.0
test,12889,red,0.1,1,0.0
test,12889,red,0.1,3,0.0
test,12889,red,0.1,5,0.0
test,12889,red,0.2,1,0.0
test,12889,red,0.2,3,0.0
test,12889,red,0.2,5,0.0
test,2410,blue,0.0,1,0.0
test,2410,blue,0.05,1,0.0
test,2410,blue,0.05,3,0.0
test,2410,blue,0.05,5,0.0
test,2410,blue,0.1,1,17.259537310262374
test,2410,blue,0.1,3,17.259537310262374
test,2410,blue,0.1,5,17.259537310262374
test,2410,blue,0.2,1,51.77861193078712
test,2410,blue,0.2,3,51.77861193078712
test,2410,blue,0.2,5,51.77861193078712
test,2410,red,0.0,1,0.0
test,2410,red,0.05,1,0.0
test,2410,red,0.05,3,0.0
test,2410,red,0.05,5,0.0
test,2410,red,0.1,1,0.0
test,2410,red,0.1,3,0.0
test,2410,red,0.1,5,0.0
test,2410,red,0.2,1,0.0
test,2410,red,0.2,3,0.0
test,2410,red,0.2,5,0.0
test,392,blue,0.0,1,0.0
test,392,blue,0.05,1,17.10229743728754
test,392,blue,0.05,3,17.10229743728754
test,392,blue,0.05,5,17.10229743728754
test,392,blue,0.1,1,17.10229743728754
test,392,blue,0.1,3,17.10229743728754
test,392,blue,0.1,5,17.10229743728754
test,392,blue,0.2,1,17.10229743728754
test,392,blue,0.2,3,17.10229743728754
test,392,blue,0.2,5,17.10229743728754
test,392,red,0.0,1,0.0
test,392,red,0.05,1,0.0
test,392,red,0.05,3,0.0
test,392,red,0.05,5,0.0
test,392,red,0.1,1,0.0
test,392,red,0.1,3,0.0
test,392,red,0.1,5,0.0
test,392,red,0.2,1,0.0
test,392,red,0.2,3,0.0
test,392,red,0.2,5,0.0
test,2007,blue,0.0,1,0.0
test,2007,blue,0.05,1,0.0
test,2007,blue,0.05,3,0.0
test,2007,blue,0.05,5,0.0
test,2007,blue,0.1,1,17.984777618103564
test,2007,blue,0.1,3,17.984777618103564
test,2007,blue,0.1,5,17.984777618103564
test,2007,blue,0.2,1,17.984777618103564
test,2007,blue,0.2,3,17.984777618103564
test,2007,blue,0.2,5,17.984777618103564
test,2007,red,0.0,1,0.0
test,2007,red,0.05,1,0.0
test,2007,red,0.05,3,0.0
test,2007,red,0.05,5,0.0
test,2007,red,0.1,1,0.0
test,2007,red,0.1,3,0.0
test,2007,red,0.1,5,0.0
test,2007,red,0.2,1,0.0
test,2007,red,0.2,3,0.0
test,2007,red,0.2,5,0.0
test,2407,blue,0.0,1,0.0
test,2407,blue,0.05,1,0.0
test,2407,blue,0.05,3,0.0
test,2407,blue,0.05,5,0.0
test,2407,blue,0.1,1,18.575860799832448
test,2407,blue,0.1,3,18.575860799832448
test,2407,blue,0.1,5,18.575860799832448
test,2407,blue,0.2,1,55.727582399497344
test,2407,blue,0.2,3,55.727582399497344
test,2407,blue,0.2,5,55.727582399497344
test,2407,red,0.0,1,0.0
test,2407,red,0.05,1,0.0
test,2407,red,0.05,3,0.0
test,2407,red,0.05,5,0.0
test,2407,red,0.1,1,0.0
test,2407,red,0.1,3,0.0
test,2407,red,0.1,5,0.0
test,2407,red,0.2,1,0.0
test,2407,red,0.2,3,0.0
test,2407,red,0.2,5,0.0
test,7995,blue,0.0,1,0.0
test,7995,blue,0.05,1,0.0
test,7995,blue,0.05,3,0.0
test,7995,blue,0.05,5,0.0
test,7995,blue,0.1,1,17.29046793253872
test,7995,blue,0.1,3,17.29046793253872
test,7995,blue,0.1,5,17.29046793253872
test,7995,blue,0.2,1,17.29046793253872
test,7995,blue,0.2,3,17.29046793253872
test,7995,blue,0.2,5,17.29046793253872
test,7995,red,0.0,1,0.0
test,7995,red,0.05,1,0.0
test,7995,red,0.05,3,0.0
test,7995,red,0.05,5,0.0
test,7995,red,0.1,1,0.0
test,7995,red,0.1,3,0.0
test,7995,red,0.1,5,0.0
test,7995,red,0.2,1,0.0
test,7995,red,0.2,3,34.58093586507744
test,7995,red,0.2,5,34.58093586507744
test,2918,blue,0.0,1,0.0
test,2918,blue,0.05,1,0.0
test,2918,blue,0.05,3,0.0
test,2918,blue,0.05,5,0.0
test,2918,blue,0.1,1,0.0
test,2918,blue,0.1,3,0.0
test,2918,blue,0.1,5,0.0
test,2918,blue,0.2,1,0.0
test,2918,blue,0.2,3,0.0
test,2918,blue,0.2,5,0.0
test,2918,red,0.0,1,0.0
test,2918,red,0.05,1,0.0
test,2918,red,0.05,3,0.0
test,2918,red,0.05,5,0.0
test,2918,red,0.1,1,0.0
test,2918,red,0.1,3,0.0
test,2918,red,0.1,5,0.0
test,2918,red,0.2,1,0.0
test,2918,red,0.2,3,0.0
test,2918,red,0.2,5,0.0
test,6967,blue,0.0,1,0.0
test,6967,blue,0.05,1,0.0
test,6967,blue,0.05,3,0.0
test,6967,blue,0.05,5,0.0
test,6967,blue,0.1,1,0.0
test,6967,blue,0.1,3,0.0
test,6967,blue,0.1,5,0.0
test,6967,blue,0.2,1,36.60490080395479
test,6967,blue,0.2,3,36.60490080395479
test,6967,blue,0.2,5,36.60490080395479
test,6967,red,0.0,1,0.0
test,6967,red,0.05,1,0.0
test,6967,red,0.05,3,0.0
test,6967,red,0.05,5,0.0
test,6967,red,0.1,1,0.0
test,6967,red,0.1,3,0.0
test,6967,red,0.1,5,0.0
test,6967,red,0.2,1,0.0
test,6967,red,0.2,3,0.0
test,6967,red,0.2,5,0.0
test,435,blue,0.0,1,0.0
test,435,blue,0.05,1,0.0
test,435,blue,0.05,3,0.0
test,435,blue,0.05,5,0.0
test,435,blue,0.1,1,0.0
test,435,blue,0.1,3,0.0
test,435,blue,0.1,5,0.0
test,435,blue,0.2,1,18.410182161468672
test,435,blue,0.2,3,18.410182161468672
test,435,blue,0.2,5,18.410182161468672
test,435,red,0.0,1,0.0
test,435,red,0.05,1,0.0
test,435,red,0.05,3,0.0
test,435,red,0.05,5,0.0
test,435,red,0.1,1,0.0
test,435,red,0.1,3,0.0
test,435,red,0.1,5,0.0
test,435,red,0.2,1,18.410182161468672
test,435,red,0.2,3,18.410182161468672
test,435,red,0.2,5,18.410182161468672
test,2645,blue,0.0,1,0.0
test,2645,blue,0.05,1,0.0
test,2645,blue,0.05,3,0.0
test,2645,blue,0.05,5,0.0
test,2645,blue,0.1,1,0.0
test,2645,blue,0.1,3,0.0
test,2645,blue,0.1,5,0.0
test,2645,blue,0.2,1,37.162939668062165
test,2645,blue,0.2,3,37.162939668062165
test,2645,blue,0.2,5,37.162939668062165
test,2645,red,0.0,1,0.0
test,2645,red,0.05,1,0.0
test,2645,red,0.05,3,0.0
test,2645,red,0.05,5,0.0
test,2645,red,0.1,1,0.0
test,2645,red,0.1,3,0.0
test,2645,red,0.1,5,0.0
test,2645,red,0.2,1,18.581469834031083
test,2645,red,0.2,3,18.581469834031083
test,2645,red,0.2,5,18.581469834031083
test,11645,blue,0.0,1,0.0
test,11645,blue,0.05,1,0.0
test,11645,blue,0.05,3,0.0
test,11645,blue,0.05,5,0.0
test,11645,blue,0.1,1,0.0
test,11645,blue,0.1,3,0.0
test,11645,blue,0.1,5,0.0
test,11645,blue,0.2,1,0.0
test,11645,blue,0.2,3,0.0
test,11645,blue,0.2,5,0.0
test,11645,red,0.0,1,0.0
test,11645,red,0.05,1,0.0
test,11645,red,0.05,3,0.0
test,11645,red,0.05,5,0.0
test,11645,red,0.1,1,0.0
test,11645,red,0.1,3,0.0
test,11645,red,0.1,5,0.0
test,11645,red,0.2,1,0.0
test,11645,red,0.2,3,0.0
test,11645,red,0.2,5,0.0
test,1533,blue,0.0,1,0.0
test,1533,blue,0.05,1,0.0
test,1533,blue,0.05,3,0.0
test,1533,blue,0.05,5,0.0
test,1533,blue,0.1,1,0.0
test,1533,blue,0.1,3,0.0
test,1533,blue,0.1,5,0.0
test,1533,blue,0.2,1,18.993677525012757
test,1533,blue,0.2,3,18.993677525012757
test,1533,blue,0.2,5,18.993677525012757
test,1533,red,0.0,1,0.0
test,1533,red,0.05,1,0.0
test,1533,red,0.05,3,0.0
test,1533,red,0.05,5,0.0
test,1533,red,0.1,1,0.0
test,1533,red,0.1,3,0.0
test,1533,red,0.1,5,0.0
test,1533,red,0.2,1,0.0
test,1533,red,0.2,3,0.0
test,1533,red,0.2,5,0.0
test,8648,blue,0.0,1,0.0
test,8648,blue,0.05,1,0.0
test,8648,blue,0.05,3,0.0
test,8648,blue,0.05,5,0.0
test,8648,blue,0.1,1,0.0
test,8648,blue,0.1,3,0.0
test,8648,blue,0.1,5,0.0
test,8648,blue,0.2,1,16.66686608951362
test,8648,blue,0.2,3,16.66686608951362
test,8648,blue,0.2,5,16.66686608951362
test,8648,red,0.0,1,0.0
test,8648,red,0.05,1,0.0
test,8648,red,0.05,3,0.0
test,8648,red,0.05,5,0.0
test,8648,red,0.1,1,0.0
test,8648,red,0.1,3,0.0
test,8648,red,0.1,5,0.0
test,8648,red,0.2,1,0.0
test,8648,red,0.2,3,0.0
test,8648,red,0.2,5,0.0
test,6062,blue,0.0,1,0.0
test,6062,blue,0.05,1,0.0
test,6062,blue,0.05,3,0.0
test,6062,blue,0.05,5,0.0
test,6062,blue,0.1,1,18.958419045159044
test,6062,blue,0.1,3,18.958419045159044
test,6062,blue,0.1,5,18.958419045159044
test,6062,blue,0.2,1,37.91683809031809
test,6062,blue,0.2,3,37.91683809031809
test,6062,blue,0.2,5,37.91683809031809
test,6062,red,0.0,1,0.0
test,6062,red,0.05,1,0.0
test,6062,red,0.05,3,0.0
test,6062,red,0.05,5,0.0
test,6062,red,0.1,1,0.0
test,6062,red,0.1,3,0.0
test,6062,red,0.1,5,0.0
test,6062,red,0.2,1,0.0
test,6062,red,0.2,3,0.0
test,6062,red,0.2,5,0.0
test,7321,blue,0.0,1,0.0
test,7321,blue,0.05,1,0.0
test,7321,blue,0.05,3,0.0
test,7321,blue,0.05,5,0.0
test,7321,blue,0.1,1,18.438940763373044
test,7321,blue,0.1,3,18.438940763373044
test,7321,blue,0.1,5,18.438940763373044
test,7321,blue,0.2,1,18.438940763373044
test,7321,blue,0.2,3,18.438940763373044
test,7321,blue,0.2,5,18.438940763373044
test,7321,red,0.0,1,0.0
test,7321,red,0.05,1,0.0
test,7321,red,0.05,3,0.0
test,7321,red,0.05,5,0.0
test,7321,red,0.1,1,0.0
test,7321,red,0.1,3,0.0
test,7321,red,0.1,5,0.0
test,7321,red,0.2,1,0.0
test,7321,red,0.2,3,0.0
test,7321,red,0.2,5,0.0
test,5141,blue,0.0,1,0.0
test,5141,blue,0.05,1,0.0
test,5141,blue,0.05,3,0.0
test,5141,blue,0.05,5,0.0
test,5141,blue,0.1,1,0.0
test,5141,blue,0.1,3,0.0
test,5141,blue,0.1,5,0.0
test,5141,blue,0.2,1,0.0
test,5141,blue,0.2,3,0.0
test,5141,blue,0.2,5,0.0
test,5141,red,0.0,1,0.0
test,5141,red,0.05,1,0.0
test,5141,red,0.05,3,0.0
test,5141,red,0.05,5,0.0
test,5141,red,0.1,1,0.0
test,5141,red,0.1,3,0.0
test,5141,red,0.1,5,0.0
test,5141,red,0.2,1,18.79598439748917
test,5141,red,0.2,3,18.79598439748917
test,5141,red,0.2,5,18.79598439748917
test,10301,blue,0.0,1,0.0
test,10301,blue,0.05,1,0.0
test,10301,blue,0.05,3,0.0
test,10301,blue,0.05,5,0.0
test,10301,blue,0.1,1,0.0
test,10301,blue,0.1,3,0.0
test,10301,blue,0.1,5,0.0
test,10301,blue,0.2,1,18.74555032083879
test,10301,blue,0.2,3,18.74555032083879
test,10301,blue,0.2,5,18.74555032083879
test,10301,red,0.0,1,0.0
test,10301,red,0.05,1,0.0
test,10301,red,0.05,3,0.0
test,10301,red,0.05,5,0.0
test,10301,red,0.1,1,0.0
test,10301,red,0.1,3,0.0
test,10301,red,0.1,5,0.0
test,10301,red,0.2,1,0.0
test,10301,red,0.2,3,0.0
test,10301,red,0.2,5,0.0
test,9710,blue,0.0,1,0.0
test,9710,blue,0.05,1,0.0
test,9710,blue,0.05,3,0.0
test,9710,blue,0.05,5,0.0
test,9710,blue,0.1,1,0.0
test,9710,blue,0.1,3,0.0
test,9710,blue,0.1,5,0.0
test,9710,blue,0.2,1,33.5365096149459
test,9710,blue,0.2,3,33.5365096149459
test,9710,blue,0.2,5,33.5365096149459
test,9710,red,0.0,1,0.0
test,9710,red,0.05,1,0.0
test,9710,red,0.05,3,0.0
test,9710,red,0.05,5,0.0
test,9710,red,0.1,1,0.0
test,9710,red,0.1,3,0.0
test,9710,red,0.1,5,0.0
test,9710,red,0.2,1,0.0
test,9710,red,0.2,3,0.0
test,9710,red,0.2,5,0.0
test,6117,blue,0.0,1,0.0
test,6117,blue,0.05,1,0.0
test,6117,blue,0.05,3,0.0
test,6117,blue,0.05,5,0.0
test,6117,blue,0.1,1,0.0
test,6117,blue,0.1,3,0.0
test,6117,blue,0.1,5,0.0
test,6117,blue,0.2,1,0.0
test,6117,blue,0.2,3,0.0
test,6117,blue,0.2,5,0.0
test,6117,red,0.0,1,0.0
test,6117,red,0.05,1,0.0
test,6117,red,0.05,3,0.0
test,6117,red,0.05,5,0.0
test,6117,red,0.1,1,0.0
test,6117,red,0.1,3,0.0
test,6117,red,0.1,5,0.0
test,6117,red,0.2,1,0.0
test,6117,red,0.2,3,0.0
test,6117,red,0.2,5,0.0
test,5880,blue,0.0,1,0.0
test,5880,blue,0.05,1,0.0
test,5880,blue,0.05,3,0.0
test,5880,blue,0.05,5,0.0
test,5880,blue,0.1,1,0.0
test,5880,blue,0.1,3,0.0
test,5880,blue,0.1,5,0.0
test,5880,blue,0.2,1,0.0
test,5880,blue,0.2,3,0.0
test,5880,blue,0.2,5,0.0
test,5880,red,0.0,1,0.0
test,5880,red,0.05,1,0.0
test,5880,red,0.05,3,0.0
test,5880,red,0.05,5,0.0
test,5880,red,0.1,1,0.0
test,5880,red,0.1,3,0.0
test,5880,red,0.1,5,0.0
test,5880,red,0.2,1,0.0
test,5880,red,0.2,3,0.0
test,5880,red,0.2,5,0.0
test,11652,blue,0.0,1,0.0
test,11652,blue,0.05,1,18.234961808297307
test,11652,blue,0.05,3,18.234961808297307
test,11652,blue,0.05,5,18.234961808297307
test,11652,blue,0.1,1,18.234961808297307
test,11652,blue,0.1,3,18.234961808297307
test,11652,blue,0.1,5,18.234961808297307
test,11652,blue,0.2,1,18.234961808297307
test,11652,blue,0.2,3,18.234961808297307
test,11652,blue,0.2,5,18.234961808297307
test,11652,red,0.0,1,0.0
test,11652,red,0.05,1,0.0
test,11652,red,0.05,3,0.0
test,11652,red,0.05,5,0.0
test,11652,red,0.1,1,0.0
test,11652,red,0.1,3,0.0
test,11652,red,0.1,5,0.0
test,11652,red,0.2,1,18.234961808297307
test,11652,red,0.2,3,18.234961808297307
test,11652,red,0.2,5,18.234961808297307
test,6690,blue,0.0,1,0.0
test,6690,blue,0.05,1,17.29831383103456
test,6690,blue,0.05,3,17.29831383103456
test,6690,blue,0.05,5,17.29831383103456
test,6690,blue,0.1,1,17.29831383103456
test,6690,blue,0.1,3,17.29831383103456
test,6690,blue,0.1,5,17.29831383103456
test,6690,blue,0.2,1,51.89494149310368
test,6690,blue,0.2,3,51.89494149310368
test,6690,blue,0.2,5,51.89494149310368
test,6690,red,0.0,1,0.0
test,6690,red,0.05,1,0.0
test,6690,red,0.05,3,0.0
test,6690,red,0.05,5,0.0
test,6690,red,0.1,1,0.0
test,6690,red,0.1,3,0.0
test,6690,red,0.1,5,0.0
test,6690,red,0.2,1,0.0
test,6690,red,0.2,3,0.0
test,6690,red,0.2,5,0.0
test,1365,blue,0.0,1,0.0
test,1365,blue,0.05,1,0.0
test,1365,blue,0.05,3,0.0
test,1365,blue,0.05,5,0.0
test,1365,blue,0.1,1,0.0
test,1365,blue,0.1,3,0.0
test,1365,blue,0.1,5,0.0
test,1365,blue,0.2,1,18.760565601362774
test,1365,blue,0.2,3,18.760565601362774
test,1365,blue,0.2,5,18.760565601362774
test,1365,red,0.0,1,0.0
test,1365,red,0.05,1,0.0
test,1365,red,0.05,3,0.0
test,1365,red,0.05,5,0.0
test,1365,red,0.1,1,0.0
test,1365,red,0.1,3,0.0
test,1365,red,0.1,5,0.0
test,1365,red,0.2,1,18.760565601362774
test,1365,red,0.2,3,18.760565601362774
test,1365,red,0.2,5,18.760565601362774
test,12070,blue,0.0,1,0.0
test,12070,blue,0.05,1,0.0
test,12070,blue,0.05,3,0.0
test,12070,blue,0.05,5,0.0
test,12070,blue,0.1,1,17.05657583422998
test,12070,blue,0.1,3,17.05657583422998
test,12070,blue,0.1,5,17.05657583422998
test,12070,blue,0.2,1,17.05657583422998
test,12070,blue,0.2,3,17.05657583422998
test,12070,blue,0.2,5,17.05657583422998
test,12070,red,0.0,1,0.0
test,12070,red,0.05,1,0.0
test,12070,red,0.05,3,0.0
test,12070,red,0.05,5,0.0
test,12070,red,0.1,1,0.0
test,12070,red,0.1,3,0.0
test,12070,red,0.1,5,0.0
test,12070,red,0.2,1,0.0
test,12070,red,0.2,3,0.0
test,12070,red,0.2,5,0.0
test,1303,blue,0.0,1,0.0
test,1303,blue,0.05,1,0.0
test,1303,blue,0.05,3,0.0
test,1303,blue,0.05,5,0.0
test,1303,blue,0.1,1,0.0
test,1303,blue,0.1,3,0.0
test,1303,blue,0.1,5,0.0
test,1303,blue,0.2,1,18.199668765695957
test,1303,blue,0.2,3,18.199668765695957
test,1303,blue,0.2,5,18.199668765695957
test,1303,red,0.0,1,0.0
test,1303,red,0.05,1,0.0
test,1303,red,0.05,3,0.0
test,1303,red,0.05,5,0.0
test,1303,red,0.1,1,0.0
test,1303,red,0.1,3,0.0
test,1303,red,0.1,5,0.0
test,1303,red,0.2,1,0.0
test,1303,red,0.2,3,0.0
test,1303,red,0.2,5,0.0
test,12926,blue,0.0,1,0.0
test,12926,blue,0.05,1,0.0
test,12926,blue,0.05,3,0.0
test,12926,blue,0.05,5,0.0
test,12926,blue,0.1,1,0.0
test,12926,blue,0.1,3,0.0
test,12926,blue,0.1,5,0.0
test,12926,blue,0.2,1,33.84679560546764
test,12926,blue,0.2,3,33.84679560546764
test,12926,blue,0.2,5,33.84679560546764
test,12926,red,0.0,1,0.0
test,12926,red,0.05,1,0.0
test,12926,red,0.05,3,0.0
test,12926,red,0.05,5,0.0
test,12926,red,0.1,1,0.0
test,12926,red,0.1,3,0.0
test,12926,red,0.1,5,0.0
test,12926,red,0.2,1,0.0
test,12926,red,0.2,3,0.0
test,12926,red,0.2,5,0.0
test,12750,blue,0.0,1,0.0
test,12750,blue,0.05,1,0.0
test,12750,blue,0.05,3,0.0
test,12750,blue,0.05,5,0.0
test,12750,blue,0.1,1,16.898674016142238
test,12750,blue,0.1,3,16.898674016142238
test,12750,blue,0.1,5,16.898674016142238
test,12750,blue,0.2,1,16.898674016142238
test,12750,blue,0.2,3,16.898674016142238
test,12750,blue,0.2,5,16.898674016142238
test,12750,red,0.0,1,0.0
test,12750,red,0.05,1,0.0
test,12750,red,0.05,3,0.0
test,12750,red,0.05,5,0.0
test,12750,red,0.1,1,0.0
test,12750,red,0.1,3,0.0
test,12750,red,0.1,5,0.0
test,12750,red,0.2,1,0.0
test,12750,red,0.2,3,0.0
test,12750,red,0.2,5,0.0
test,3053,blue,0.0,1,0.0
test,3053,blue,0.05,1,16.712688338591942
test,3053,blue,0.05,3,16.712688338591942
test,3053,blue,0.05,5,16.712688338591942
test,3053,blue,0.1,1,16.712688338591942
test,3053,blue,0.1,3,16.712688338591942
test,3053,blue,0.1,5,16.712688338591942
test,3053,blue,0.2,1,33.425376677183884
test,3053,blue,0.2,3,33.425376677183884
test,3053,blue,0.2,5,33.425376677183884
test,3053,red,0.0,1,0.0
test,3053,red,0.05,1,0.0
test,3053,red,0.05,3,0.0
test,3053,red,0.05,5,0.0
test,3053,red,0.1,1,0.0
test,3053,red,0.1,3,0.0
test,3053,red,0.1,5,0.0
test,3053,red,0.2,1,0.0
test,3053,red,0.2,3,0.0
test,3053,red,0.2,5,0.0
test,6273,blue,0.0,1,0.0
test,6273,blue,0.05,1,0.0
test,6273,blue,0.05,3,0.0
test,6273,blue,0.05,5,0.0
test,6273,blue,0.1,1,0.0
test,6273,blue,0.1,3,0.0
test,6273,blue,0.1,5,0.0
test,6273,blue,0.2,1,16.76221051329023
test,6273,blue,0.2,3,16.76221051329023
test,6273,blue,0.2,5,16.76221051329023
test,6273,red,0.0,1,0.0
test,6273,red,0.05,1,0.0
test,6273,red,0.05,3,0.0
test,6273,red,0.05,5,0.0
test,6273,red,0.1,1,0.0
test,6273,red,0.1,3,0.0
test,6273,red,0.1,5,0.0
test,6273,red,0.2,1,0.0
test,6273,red,0.2,3,0.0
test,6273,red,0.2,5,0.0
test,7936,blue,0.0,1,0.0
test,7936,blue,0.05,1,0.0
test,7936,blue,0.05,3,0.0
test,7936,blue,0.05,5,0.0
test,7936,blue,0.1,1,16.81605763543864
test,7936,blue,0.1,3,16.81605763543864
test,7936,blue,0.1,5,16.81605763543864
test,7936,blue,0.2,1,16.81605763543864
test,7936,blue,0.2,3,16.81605763543864
test,7936,blue,0.2,5,16.81605763543864
test,7936,red,0.0,1,0.0
test,7936,red,0.05,1,0.0
test,7936,red,0.05,3,0.0
test,7936,red,0.05,5,0.0
test,7936,red,0.1,1,0.0
test,7936,red,0.1,3,0.0
test,7936,red,0.1,5,0.0
test,7936,red,0.2,1,0.0
test,7936,red,0.2,3,0.0
test,7936,red,0.2,5,0.0
test,3362,blue,0.0,1,0.0
test,3362,blue,0.05,1,0.0
test,3362,blue,0.05,3,0.0
test,3362,blue,0.05,5,0.0
test,3362,blue,0.1,1,0.0
test,3362,blue,0.1,3,0.0
test,3362,blue,0.1,5,0.0
test,3362,blue,0.2,1,17.85904259782036
test,3362,blue,0.2,3,17.85904259782036
test,3362,blue,0.2,5,17.85904259782036
test,3362,red,0.0,1,0.0
test,3362,red,0.05,1,0.0
test,3362,red,0.05,3,0.0
test,3362,red,0.05,5,0.0
test,3362,red,0.1,1,0.0
test,3362,red,0.1,3,0.0
test,3362,red,0.1,5,0.0
test,3362,red,0.2,1,0.0
test,3362,red,0.2,3,0.0
test,3362,red,0.2,5,0.0
test,505,blue,0.0,1,0.0
test,505,blue,0.05,1,0.0
test,505,blue,0.05,3,0.0
test,505,blue,0.05,5,0.0
test,505,blue,0.1,1,0.0
test,505,blue,0.1,3,0.0
test,505,blue,0.1,5,0.0
test,505,blue,0.2,1,18.04380462462509
test,505,blue,0.2,3,18.04380462462509
test,505,blue,0.2,5,18.04380462462509
test,505,red,0.0,1,0.0
test,505,red,0.05,1,0.0
test,505,red,0.05,3,0.0
test,505,red,0.05,5,0.0
test,505,red,0.1,1,0.0
test,505,red,0.1,3,0.0
test,505,red,0.1,5,0.0
test,505,red,0.2,1,0.0
test,505,red,0.2,3,0.0
test,505,red,0.2,5,0.0
test,11312,blue,0.0,1,0.0
test,11312,blue,0.05,1,0.0
test,11312,blue,0.05,3,0.0
test,11312,blue,0.05,5,0.0
test,11312,blue,0.1,1,0.0
test,11312,blue,0.1,3,0.0
test,11312,blue,0.1,5,0.0
test,11312,blue,0.2,1,36.95578053029922
test,11312,blue,0.2,3,36.95578053029922
test,11312,blue,0.2,5,36.95578053029922
test,11312,red,0.0,1,0.0
test,11312,red,0.05,1,0.0
test,11312,red,0.05,3,0.0
test,11312,red,0.05,5,0.0
test,11312,red,0.1,1,0.0
test,11312,red,0.1,3,0.0
test,11312,red,0.1,5,0.0
test,11312,red,0.2,1,0.0
test,11312,red,0.2,3,0.0
test,11312,red,0.2,5,0.0
test,5982,blue,0.0,1,0.0
test,5982,blue,0.05,1,16.792224771234547
test,5982,blue,0.05,3,16.792224771234547
test,5982,blue,0.05,5,16.792224771234547
test,5982,blue,0.1,1,16.792224771234547
test,5982,blue,0.1,3,16.792224771234547
test,5982,blue,0.1,5,16.792224771234547
test,5982,blue,0.2,1,33.584449542469095
test,5982,blue,0.2,3,33.584449542469095
test,5982,blue,0.2,5,33.584449542469095
test,5982,red,0.0,1,0.0
test,5982,red,0.05,1,0.0
test,5982,red,0.05,3,0.0
test,5982,red,0.05,5,0.0
test,5982,red,0.1,1,0.0
test,5982,red,0.1,3,0.0
test,5982,red,0.1,5,0.0
test,5982,red,0.2,1,0.0
test,5982,red,0.2,3,0.0
test,5982,red,0.2,5,0.0
test,3720,blue,0.0,1,0.0
test,3720,blue,0.05,1,0.0
test,3720,blue,0.05,3,0.0
test,3720,blue,0.05,5,0.0
test,3720,blue,0.1,1,16.286389886772167
test,3720,blue,0.1,3,16.286389886772167
test,3720,blue,0.1,5,16.286389886772167
test,3720,blue,0.2,1,16.286389886772167
test,3720,blue,0.2,3,16.286389886772167
test,3720,blue,0.2,5,16.286389886772167
test,3720,red,0.0,1,0.0
test,3720,red,0.05,1,0.0
test,3720,red,0.05,3,0.0
test,3720,red,0.05,5,0.0
test,3720,red,0.1,1,0.0
test,3720,red,0.1,3,0.0
test,3720,red,0.1,5,0.0
test,3720,red,0.2,1,0.0
test,3720,red,0.2,3,0.0
test,3720,red,0.2,5,0.0
test,1408,blue,0.0,1,0.0
test,1408,blue,0.05,1,16.036013006603508
test,1408,blue,0.05,3,16.036013006603508
test,1408,blue,0.05,5,16.036013006603508
test,1408,blue,0.1,1,16.036013006603508
test,1408,blue,0.1,3,16.036013006603508
test,1408,blue,0.1,5,16.036013006603508
test,1408,blue,0.2,1,16.036013006603508
test,1408,blue,0.2,3,16.036013006603508
test,1408,blue,0.2,5,16.036013006603508
test,1408,red,0.0,1,0.0
test,1408,red,0.05,1,0.0
test,1408,red,0.05,3,0.0
test,1408,red,0.05,5,0.0
test,1408,red,0.1,1,0.0
test,1408,red,0.1,3,0.0
test,1408,red,0.1,5,0.0
test,1408,red,0.2,1,16.036013006603508
test,1408,red,0.2,3,16.036013006603508
test,1408,red,0.2,5,16.036013006603508
test,2383,blue,0.0,1,0.0
test,2383,blue,0.05,1,0.0
test,2383,blue,0.05,3,0.0
test,2383,blue,0.05,5,0.0
test,2383,blue,0.1,1,17.397877804687703
test,2383,blue,0.1,3,17.397877804687703
test,2383,blue,0.1,5,17.397877804687703
test,2383,blue,0.2,1,52.19363341406311
test,2383,blue,0.2,3,52.19363341406311
test,2383,blue,0.2,5,52.19363341406311
test,2383,red,0.0,1,0.0
test,2383,red,0.05,1,0.0
test,2383,red,0.05,3,0.0
test,2383,red,0.05,5,0.0
test,2383,red,0.1,1,0.0
test,2383,red,0.1,3,0.0
test,2383,red,0.1,5,0.0
test,2383,red,0.2,1,17.397877804687703
test,2383,red,0.2,3,17.397877804687703
test,2383,red,0.2,5,17.397877804687703
test,7117,blue,0.0,1,0.0
test,7117,blue,0.05,1,0.0
test,7117,blue,0.05,3,0.0
test,7117,blue,0.05,5,0.0
test,7117,blue,0.1,1,0.0
test,7117,blue,0.1,3,0.0
test,7117,blue,0.1,5,0.0
test,7117,blue,0.2,1,18.672293530720758
test,7117,blue,0.2,3,18.672293530720758
test,7117,blue,0.2,5,18.672293530720758
test,7117,red,0.0,1,0.0
test,7117,red,0.05,1,0.0
test,7117,red,0.05,3,0.0
test,7117,red,0.05,5,0.0
test,7117,red,0.1,1,0.0
test,7117,red,0.1,3,0.0
test,7117,red,0.1,5,0.0
test,7117,red,0.2,1,0.0
test,7117,red,0.2,3,0.0
test,7117,red,0.2,5,0.0
test,7309,blue,0.0,1,0.0
test,7309,blue,0.05,1,0.0
test,7309,blue,0.05,3,0.0
test,7309,blue,0.05,5,0.0
test,7309,blue,0.1,1,0.0
test,7309,blue,0.1,3,0.0
test,7309,blue,0.1,5,0.0
test,7309,blue,0.2,1,18.271397056548224
test,7309,blue,0.2,3,18.271397056548224
test,7309,blue,0.2,5,18.271397056548224
test,7309,red,0.0,1,0.0
test,7309,red,0.05,1,0.0
test,7309,red,0.05,3,0.0
test,7309,red,0.05,5,0.0
test,7309,red,0.1,1,0.0
test,7309,red,0.1,3,0.0
test,7309,red,0.1,5,0.0
test,7309,red,0.2,1,18.271397056548224
test,7309,red,0.2,3,18.271397056548224
test,7309,red,0.2,5,18.271397056548224
test,6661,blue,0.0,1,0.0
test,6661,blue,0.05,1,0.0
test,6661,blue,0.05,3,0.0
test,6661,blue,0.05,5,0.0
test,6661,blue,0.1,1,0.0
test,6661,blue,0.1,3,0.0
test,6661,blue,0.1,5,0.0
test,6661,blue,0.2,1,18.64904203690064
test,6661,blue,0.2,3,18.64904203690064
test,6661,blue,0.2,5,18.64904203690064
test,6661,red,0.0,1,0.0
test,6661,red,0.05,1,0.0
test,6661,red,0.05,3,0.0
test,6661,red,0.05,5,0.0
test,6661,red,0.1,1,0.0
test,6661,red,0.1,3,0.0
test,6661,red,0.1,5,0.0
test,6661,red,0.2,1,0.0
test,6661,red,0.2,3,0.0
test,6661,red,0.2,5,0.0
test,5387,blue,0.0,1,0.0
test,5387,blue,0.05,1,0.0
test,5387,blue,0.05,3,0.0
test,5387,blue,0.05,5,0.0
test,5387,blue,0.1,1,17.45740626036809
test,5387,blue,0.1,3,17.45740626036809
test,5387,blue,0.1,5,17.45740626036809
test,5387,blue,0.2,1,17.45740626036809
test,5387,blue,0.2,3,17.45740626036809
test,5387,blue,0.2,5,17.45740626036809
test,5387,red,0.0,1,0.0
test,5387,red,0.05,1,0.0
test,5387,red,0.05,3,0.0
test,5387,red,0.05,5,0.0
test,5387,red,0.1,1,0.0
test,5387,red,0.1,3,0.0
test,5387,red,0.1,5,0.0
test,5387,red,0.2,1,0.0
test,5387,red,0.2,3,0.0
test,5387,red,0.2,5,0.0
test,5138,blue,0.0,1,0.0
test,5138,blue,0.05,1,0.0
test,5138,blue,0.05,3,0.0
test,5138,blue,0.05,5,0.0
test,5138,blue,0.1,1,0.0
test,5138,blue,0.1,3,0.0
test,5138,blue,0.1,5,0.0
test,5138,blue,0.2,1,0.0
test,5138,blue,0.2,3,0.0
test,5138,blue,0.2,5,0.0
test,5138,red,0.0,1,0.0
test,5138,red,0.05,1,0.0
test,5138,red,0.05,3,0.0
test,5138,red,0.05,5,0.0
test,5138,red,0.1,1,0.0
test,5138,red,0.1,3,0.0
test,5138,red,0.1,5,0.0
test,5138,red,0.2,1,0.0
test,5138,red,0.2,3,0.0
test,5138,red,0.2,5,0.0
test,12378,blue,0.0,1,0.0
test,12378,blue,0.05,1,16.12765756045482
test,12378,blue,0.05,3,16.12765756045482
test,12378,blue,0.05,5,16.12765756045482
test,12378,blue,0.1,1,16.12765756045482
test,12378,blue,0.1,3,16.12765756045482
test,12378,blue,0.1,5,16.12765756045482
test,12378,blue,0.2,1,32.25531512090964
test,12378,blue,0.2,3,32.25531512090964
test,12378,blue,0.2,5,32.25531512090964
test,12378,red,0.0,1,0.0
test,12378,red,0.05,1,0.0
test,12378,red,0.05,3,0.0
test,12378,red,0.05,5,0.0
test,12378,red,0.1,1,0.0
test,12378,red,0.1,3,0.0
test,12378,red,0.1,5,0.0
test,12378,red,0.2,1,0.0
test,12378,red,0.2,3,0.0
test,12378,red,0.2,5,0.0
test,10688,blue,0.0,1,0.0
test,10688,blue,0.05,1,0.0
test,10688,blue,0.05,3,0.0
test,10688,blue,0.05,5,0.0
test,10688,blue,0.1,1,0.0
test,10688,blue,0.1,3,0.0
test,10688,blue,0.1,5,0.0
test,10688,blue,0.2,1,36.815269968753704
test,10688,blue,0.2,3,36.815269968753704
test,10688,blue,0.2,5,36.815269968753704
test,10688,red,0.0,1,0.0
test,10688,red,0.05,1,0.0
test,10688,red,0.05,3,0.0
test,10688,red,0.05,5,0.0
test,10688,red,0.1,1,0.0
test,10688,red,0.1,3,0.0
test,10688,red,0.1,5,0.0
test,10688,red,0.2,1,18.407634984376852
test,10688,red,0.2,3,18.407634984376852
test,10688,red,0.2,5,18.407634984376852
test,3552,blue,0.0,1,0.0
test,3552,blue,0.05,1,0.0
test,3552,blue,0.05,3,0.0
test,3552,blue,0.05,5,0.0
test,3552,blue,0.1,1,0.0
test,3552,blue,0.1,3,0.0
test,3552,blue,0.1,5,0.0
test,3552,blue,0.2,1,16.29241447348847
test,3552,blue,0.2,3,16.29241447348847
test,3552,blue,0.2,5,16.29241447348847
test,3552,red,0.0,1,0.0
test,3552,red,0.05,1,0.0
test,3552,red,0.05,3,0.0
test,3552,red,0.05,5,0.0
test,3552,red,0.1,1,0.0
test,3552,red,0.1,3,0.0
test,3552,red,0.1,5,0.0
test,3552,red,0.2,1,0.0
test,3552,red,0.2,3,0.0
test,3552,red,0.2,5,0.0
test,11055,blue,0.0,1,0.0
test,11055,blue,0.05,1,0.0
test,11055,blue,0.05,3,0.0
test,11055,blue,0.05,5,0.0
test,11055,blue,0.1,1,0.0
test,11055,blue,0.1,3,0.0
test,11055,blue,0.1,5,0.0
test,11055,blue,0.2,1,18.751707149373434
test,11055,blue,0.2,3,18.751707149373434
test,11055,blue,0.2,5,18.751707149373434
test,11055,red,0.0,1,0.0
test,11055,red,0.05,1,0.0
test,11055,red,0.05,3,0.0
test,11055,red,0.05,5,0.0
test,11055,red,0.1,1,0.0
test,11055,red,0.1,3,0.0
test,11055,red,0.1,5,0.0
test,11055,red,0.2,1,0.0
test,11055,red,0.2,3,0.0
test,11055,red,0.2,5,0.0
test,39,blue,0.0,1,0.0
test,39,blue,0.05,1,0.0
test,39,blue,0.05,3,0.0
test,39,blue,0.05,5,0.0
test,39,blue,0.1,1,0.0
test,39,blue,0.1,3,0.0
test,39,blue,0.1,5,0.0
test,39,blue,0.2,1,21.876209201483867
test,39,blue,0.2,3,21.876209201483867
test,39,blue,0.2,5,21.876209201483867
test,39,red,0.0,1,0.0
test,39,red,0.05,1,0.0
test,39,red,0.05,3,0.0
test,39,red,0.05,5,0.0
test,39,red,0.1,1,0.0
test,39,red,0.1,3,0.0
test,39,red,0.1,5,0.0
test,39,red,0.2,1,0.0
test,39,red,0.2,3,0.0
test,39,red,0.2,5,0.0
test,1782,blue,0.0,1,0.0
test,1782,blue,0.05,1,0.0
test,1782,blue,0.05,3,0.0
test,1782,blue,0.05,5,0.0
test,1782,blue,0.1,1,0.0
test,1782,blue,0.1,3,0.0
test,1782,blue,0.1,5,0.0
test,1782,blue,0.2,1,20.156708259243217
test,1782,blue,0.2,3,20.156708259243217
test,1782,blue,0.2,5,20.156708259243217
test,1782,red,0.0,1,0.0
test,1782,red,0.05,1,0.0
test,1782,red,0.05,3,0.0
test,1782,red,0.05,5,0.0
test,1782,red,0.1,1,0.0
test,1782,red,0.1,3,0.0
test,1782,red,0.1,5,0.0
test,1782,red,0.2,1,0.0
test,1782,red,0.2,3,0.0
test,1782,red,0.2,5,0.0
test,6656,blue,0.0,1,0.0
test,6656,blue,0.05,1,19.51851975367279
test,6656,blue,0.05,3,19.51851975367279
test,6656,blue,0.05,5,19.51851975367279
test,6656,blue,0.1,1,19.51851975367279
test,6656,blue,0.1,3,19.51851975367279
test,6656,blue,0.1,5,19.51851975367279
test,6656,blue,0.2,1,19.51851975367279
test,6656,blue,0.2,3,19.51851975367279
test,6656,blue,0.2,5,19.51851975367279
test,6656,red,0.0,1,0.0
test,6656,red,0.05,1,0.0
test,6656,red,0.05,3,0.0
test,6656,red,0.05,5,0.0
test,6656,red,0.1,1,0.0
test,6656,red,0.1,3,0.0
test,6656,red,0.1,5,0.0
test,6656,red,0.2,1,0.0
test,6656,red,0.2,3,0.0
test,6656,red,0.2,5,0.0
test,2335,blue,0.0,1,0.0
test,2335,blue,0.05,1,21.37429445148225
test,2335,blue,0.05,3,21.37429445148225
test,2335,blue,0.05,5,21.37429445148225
test,2335,blue,0.1,1,21.37429445148225
test,2335,blue,0.1,3,21.37429445148225
test,2335,blue,0.1,5,21.37429445148225
test,2335,blue,0.2,1,64.12288335444674
test,2335,blue,0.2,3,64.12288335444674
test,2335,blue,0.2,5,64.12288335444674
test,2335,red,0.0,1,0.0
test,2335,red,0.05,1,0.0
test,2335,red,0.05,3,0.0
test,2335,red,0.05,5,0.0
test,2335,red,0.1,1,0.0
test,2335,red,0.1,3,0.0
test,2335,red,0.1,5,0.0
test,2335,red,0.2,1,21.37429445148225
test,2335,red,0.2,3,21.37429445148225
test,2335,red,0.2,5,21.37429445148225
test,6219,blue,0.0,1,0.0
test,6219,blue,0.05,1,0.0
test,6219,blue,0.05,3,0.0
test,6219,blue,0.05,5,0.0
test,6219,blue,0.1,1,19.7621719096545
test,6219,blue,0.1,3,19.7621719096545
test,6219,blue,0.1,5,19.7621719096545
test,6219,blue,0.2,1,19.7621719096545
test,6219,blue,0.2,3,19.7621719096545
test,6219,blue,0.2,5,19.7621719096545
test,6219,red,0.0,1,0.0
test,6219,red,0.05,1,0.0
test,6219,red,0.05,3,0.0
test,6219,red,0.05,5,0.0
test,6219,red,0.1,1,0.0
test,6219,red,0.1,3,0.0
test,6219,red,0.1,5,0.0
test,6219,red,0.2,1,0.0
test,6219,red,0.2,3,0.0
test,6219,red,0.2,5,0.0
test,1106,blue,0.0,1,0.0
test,1106,blue,0.05,1,20.876133908280213
test,1106,blue,0.05,3,20.876133908280213
test,1106,blue,0.05,5,20.876133908280213
test,1106,blue,0.1,1,20.876133908280213
test,1106,blue,0.1,3,20.876133908280213
test,1106,blue,0.1,5,20.876133908280213
test,1106,blue,0.2,1,20.876133908280213
test,1106,blue,0.2,3,20.876133908280213
test,1106,blue,0.2,5,20.876133908280213
test,1106,red,0.0,1,0.0
test,1106,red,0.05,1,0.0
test,1106,red,0.05,3,0.0
test,1106,red,0.05,5,0.0
test,1106,red,0.1,1,0.0
test,1106,red,0.1,3,0.0
test,1106,red,0.1,5,0.0
test,1106,red,0.2,1,20.876133908280213
test,1106,red,0.2,3,20.876133908280213
test,1106,red,0.2,5,20.876133908280213
test,5282,blue,0.0,1,0.0
test,5282,blue,0.05,1,20.283830604137833
test,5282,blue,0.05,3,20.283830604137833
test,5282,blue,0.05,5,20.283830604137833
test,5282,blue,0.1,1,20.283830604137833
test,5282,blue,0.1,3,20.283830604137833
test,5282,blue,0.1,5,20.283830604137833
test,5282,blue,0.2,1,40.567661208275666
test,5282,blue,0.2,3,40.567661208275666
test,5282,blue,0.2,5,40.567661208275666
test,5282,red,0.0,1,0.0
test,5282,red,0.05,1,0.0
test,5282,red,0.05,3,0.0
test,5282,red,0.05,5,0.0
test,5282,red,0.1,1,0.0
test,5282,red,0.1,3,0.0
test,5282,red,0.1,5,0.0
test,5282,red,0.2,1,0.0
test,5282,red,0.2,3,0.0
test,5282,red,0.2,5,0.0
test,12454,blue,0.0,1,0.0
test,12454,blue,0.05,1,19.304945528799607
test,12454,blue,0.05,3,19.304945528799607
test,12454,blue,0.05,5,19.304945528799607
test,12454,blue,0.1,1,19.304945528799607
test,12454,blue,0.1,3,19.304945528799607
test,12454,blue,0.1,5,19.304945528799607
test,12454,blue,0.2,1,38.609891057599214
test,12454,blue,0.2,3,38.609891057599214
test,12454,blue,0.2,5,38.609891057599214
test,12454,red,0.0,1,0.0
test,12454,red,0.05,1,0.0
test,12454,red,0.05,3,0.0
test,12454,red,0.05,5,0.0
test,12454,red,0.1,1,0.0
test,12454,red,0.1,3,0.0
test,12454,red,0.1,5,0.0
test,12454,red,0.2,1,0.0
test,12454,red,0.2,3,0.0
test,12454,red,0.2,5,0.0
test,7492,blue,0.0,1,0.0
test,7492,blue,0.05,1,0.0
test,7492,blue,0.05,3,0.0
test,7492,blue,0.05,5,0.0
test,7492,blue,0.1,1,0.0
test,7492,blue,0.1,3,0.0
test,7492,blue,0.1,5,0.0
test,7492,blue,0.2,1,0.0
test,7492,blue,0.2,3,0.0
test,7492,blue,0.2,5,0.0
test,7492,red,0.0,1,0.0
test,7492,red,0.05,1,0.0
test,7492,red,0.05,3,0.0
test,7492,red,0.05,5,0.0
test,7492,red,0.1,1,0.0
test,7492,red,0.1,3,0.0
test,7492,red,0.1,5,0.0
test,7492,red,0.2,1,0.0
test,7492,red,0.2,3,0.0
test,7492,red,0.2,5,0.0
test,3049,blue,0.0,1,0.0
test,3049,blue,0.05,1,0.0
test,3049,blue,0.05,3,0.0
test,3049,blue,0.05,5,0.0
test,3049,blue,0.1,1,21.68746704717308
test,3049,blue,0.1,3,21.68746704717308
test,3049,blue,0.1,5,21.68746704717308
test,3049,blue,0.2,1,21.68746704717308
test,3049,blue,0.2,3,21.68746704717308
test,3049,blue,0.2,5,21.68746704717308
test,3049,red,0.0,1,0.0
test,3049,red,0.05,1,0.0
test,3049,red,0.05,3,0.0
test,3049,red,0.05,5,0.0
test,3049,red,0.1,1,0.0
test,3049,red,0.1,3,0.0
test,3049,red,0.1,5,0.0
test,3049,red,0.2,1,0.0
test,3049,red,0.2,3,0.0
test,3049,red,0.2,5,0.0
test,1086,blue,0.0,1,0.0
test,1086,blue,0.05,1,0.0
test,1086,blue,0.05,3,0.0
test,1086,blue,0.05,5,0.0
test,1086,blue,0.1,1,0.0
test,1086,blue,0.1,3,0.0
test,1086,blue,0.1,5,0.0
test,1086,blue,0.2,1,19.465040133277377
test,1086,blue,0.2,3,19.465040133277377
test,1086,blue,0.2,5,19.465040133277377
test,1086,red,0.0,1,0.0
test,1086,red,0.05,1,0.0
test,1086,red,0.05,3,0.0
test,1086,red,0.05,5,0.0
test,1086,red,0.1,1,0.0
test,1086,red,0.1,3,0.0
test,1086,red,0.1,5,0.0
test,1086,red,0.2,1,19.465040133277377
test,1086,red,0.2,3,19.465040133277377
test,1086,red,0.2,5,19.465040133277377
test,5256,blue,0.0,1,0.0
test,5256,blue,0.05,1,0.0
test,5256,blue,0.05,3,0.0
test,5256,blue,0.05,5,0.0
test,5256,blue,0.1,1,0.0
test,5256,blue,0.1,3,0.0
test,5256,blue,0.1,5,0.0
test,5256,blue,0.2,1,38.80069848410537
test,5256,blue,0.2,3,38.80069848410537
test,5256,blue,0.2,5,38.80069848410537
test,5256,red,0.0,1,0.0
test,5256,red,0.05,1,0.0
test,5256,red,0.05,3,0.0
test,5256,red,0.05,5,0.0
test,5256,red,0.1,1,0.0
test,5256,red,0.1,3,0.0
test,5256,red,0.1,5,0.0
test,5256,red,0.2,1,0.0
test,5256,red,0.2,3,0.0
test,5256,red,0.2,5,0.0
test,4623,blue,0.0,1,0.0
test,4623,blue,0.05,1,0.0
test,4623,blue,0.05,3,0.0
test,4623,blue,0.05,5,0.0
test,4623,blue,0.1,1,19.03577701343822
test,4623,blue,0.1,3,19.03577701343822
test,4623,blue,0.1,5,19.03577701343822
test,4623,blue,0.2,1,38.07155402687644
test,4623,blue,0.2,3,38.07155402687644
test,4623,blue,0.2,5,38.07155402687644
test,4623,red,0.0,1,0.0
test,4623,red,0.05,1,0.0
test,4623,red,0.05,3,0.0
test,4623,red,0.05,5,0.0
test,4623,red,0.1,1,0.0
test,4623,red,0.1,3,0.0
test,4623,red,0.1,5,0.0
test,4623,red,0.2,1,0.0
test,4623,red,0.2,3,0.0
test,4623,red,0.2,5,0.0
test,3444,blue,0.0,1,0.0
test,3444,blue,0.05,1,0.0
test,3444,blue,0.05,3,0.0
test,3444,blue,0.05,5,0.0
test,3444,blue,0.1,1,0.0
test,3444,blue,0.1,3,0.0
test,3444,blue,0.1,5,0.0
test,3444,blue,0.2,1,0.0
test,3444,blue,0.2,3,0.0
test,3444,blue,0.2,5,0.0
test,3444,red,0.0,1,0.0
test,3444,red,0.05,1,0.0
test,3444,red,0.05,3,0.0
test,3444,red,0.05,5,0.0
test,3444,red,0.1,1,0.0
test,3444,red,0.1,3,0.0
test,3444,red,0.1,5,0.0
test,3444,red,0.2,1,0.0
test,3444,red,0.2,3,0.0
test,3444,red,0.2,5,0.0
test,5604,blue,0.0,1,0.0
test,5604,blue,0.05,1,0.0
test,5604,blue,0.05,3,0.0
test,5604,blue,0.05,5,0.0
test,5604,blue,0.1,1,0.0
test,5604,blue,0.1,3,0.0
test,5604,blue,0.1,5,0.0
test,5604,blue,0.2,1,21.722678458171806
test,5604,blue,0.2,3,21.722678458171806
test,5604,blue,0.2,5,21.722678458171806
test,5604,red,0.0,1,0.0
test,5604,red,0.05,1,0.0
test,5604,red,0.05,3,0.0
test,5604,red,0.05,5,0.0
test,5604,red,0.1,1,0.0
test,5604,red,0.1,3,0.0
test,5604,red,0.1,5,0.0
test,5604,red,0.2,1,0.0
test,5604,red,0.2,3,0.0
test,5604,red,0.2,5,0.0
test,3911,blue,0.0,1,0.0
test,3911,blue,0.05,1,0.0
test,3911,blue,0.05,3,0.0
test,3911,blue,0.05,5,0.0
test,3911,blue,0.1,1,20.31054399116431
test,3911,blue,0.1,3,20.31054399116431
test,3911,blue,0.1,5,20.31054399116431
test,3911,blue,0.2,1,20.31054399116431
test,3911,blue,0.2,3,20.31054399116431
test,3911,blue,0.2,5,20.31054399116431
test,3911,red,0.0,1,0.0
test,3911,red,0.05,1,0.0
test,3911,red,0.05,3,0.0
test,3911,red,0.05,5,0.0
test,3911,red,0.1,1,0.0
test,3911,red,0.1,3,0.0
test,3911,red,0.1,5,0.0
test,3911,red,0.2,1,0.0
test,3911,red,0.2,3,0.0
test,3911,red,0.2,5,0.0
test,3448,blue,0.0,1,0.0
test,3448,blue,0.05,1,0.0
test,3448,blue,0.05,3,0.0
test,3448,blue,0.05,5,0.0
test,3448,blue,0.1,1,0.0
test,3448,blue,0.1,3,0.0
test,3448,blue,0.1,5,0.0
test,3448,blue,0.2,1,19.556774731158285
test,3448,blue,0.2,3,19.556774731158285
test,3448,blue,0.2,5,19.556774731158285
test,3448,red,0.0,1,0.0
test,3448,red,0.05,1,0.0
test,3448,red,0.05,3,0.0
test,3448,red,0.05,5,0.0
test,3448,red,0.1,1,0.0
test,3448,red,0.1,3,0.0
test,3448,red,0.1,5,0.0
test,3448,red,0.2,1,0.0
test,3448,red,0.2,3,0.0
test,3448,red,0.2,5,0.0
test,5019,blue,0.0,1,0.0
test,5019,blue,0.05,1,0.0
test,5019,blue,0.05,3,0.0
test,5019,blue,0.05,5,0.0
test,5019,blue,0.1,1,0.0
test,5019,blue,0.1,3,0.0
test,5019,blue,0.1,5,0.0
test,5019,blue,0.2,1,21.69080471568952
test,5019,blue,0.2,3,21.69080471568952
test,5019,blue,0.2,5,21.69080471568952
test,5019,red,0.0,1,0.0
test,5019,red,0.05,1,0.0
test,5019,red,0.05,3,0.0
test,5019,red,0.05,5,0.0
test,5019,red,0.1,1,0.0
test,5019,red,0.1,3,0.0
test,5019,red,0.1,5,0.0
test,5019,red,0.2,1,0.0
test,5019,red,0.2,3,0.0
test,5019,red,0.2,5,0.0
test,6169,blue,0.0,1,0.0
test,6169,blue,0.05,1,0.0
test,6169,blue,0.05,3,0.0
test,6169,blue,0.05,5,0.0
test,6169,blue,0.1,1,0.0
test,6169,blue,0.1,3,0.0
test,6169,blue,0.1,5,0.0
test,6169,blue,0.2,1,21.309918380523143
test,6169,blue,0.2,3,21.309918380523143
test,6169,blue,0.2,5,21.309918380523143
test,6169,red,0.0,1,0.0
test,6169,red,0.05,1,0.0
test,6169,red,0.05,3,0.0
test,6169,red,0.05,5,0.0
test,6169,red,0.1,1,0.0
test,6169,red,0.1,3,0.0
test,6169,red,0.1,5,0.0
test,6169,red,0.2,1,0.0
test,6169,red,0.2,3,0.0
test,6169,red,0.2,5,0.0
test,6874,blue,0.0,1,0.0
test,6874,blue,0.05,1,19.853310291504386
test,6874,blue,0.05,3,19.853310291504386
test,6874,blue,0.05,5,19.853310291504386
test,6874,blue,0.1,1,19.853310291504386
test,6874,blue,0.1,3,19.853310291504386
test,6874,blue,0.1,5,19.853310291504386
test,6874,blue,0.2,1,59.55993087451316
test,6874,blue,0.2,3,59.55993087451316
test,6874,blue,0.2,5,59.55993087451316
test,6874,red,0.0,1,0.0
test,6874,red,0.05,1,0.0
test,6874,red,0.05,3,0.0
test,6874,red,0.05,5,0.0
test,6874,red,0.1,1,0.0
test,6874,red,0.1,3,0.0
test,6874,red,0.1,5,0.0
test,6874,red,0.2,1,0.0
test,6874,red,0.2,3,0.0
test,6874,red,0.2,5,0.0
test,6494,blue,0.0,1,0.0
test,6494,blue,0.05,1,19.855442523809835
test,6494,blue,0.05,3,19.855442523809835
test,6494,blue,0.05,5,19.855442523809835
test,6494,blue,0.1,1,19.855442523809835
test,6494,blue,0.1,3,19.855442523809835
test,6494,blue,0.1,5,19.855442523809835
test,6494,blue,0.2,1,19.855442523809835
test,6494,blue,0.2,3,19.855442523809835
test,6494,blue,0.2,5,19.855442523809835
test,6494,red,0.0,1,0.0
test,6494,red,0.05,1,0.0
test,6494,red,0.05,3,0.0
test,6494,red,0.05,5,0.0
test,6494,red,0.1,1,0.0
test,6494,red,0.1,3,0.0
test,6494,red,0.1,5,0.0
test,6494,red,0.2,1,0.0
test,6494,red,0.2,3,0.0
test,6494,red,0.2,5,0.0
test,12195,blue,0.0,1,0.0
test,12195,blue,0.05,1,21.763157656078633
test,12195,blue,0.05,3,21.763157656078633
test,12195,blue,0.05,5,21.763157656078633
test,12195,blue,0.1,1,21.763157656078633
test,12195,blue,0.1,3,21.763157656078633
test,12195,blue,0.1,5,21.763157656078633
test,12195,blue,0.2,1,21.763157656078633
test,12195,blue,0.2,3,21.763157656078633
test,12195,blue,0.2,5,21.763157656078633
test,12195,red,0.0,1,0.0
test,12195,red,0.05,1,0.0
test,12195,red,0.05,3,0.0
test,12195,red,0.05,5,0.0
test,12195,red,0.1,1,0.0
test,12195,red,0.1,3,0.0
test,12195,red,0.1,5,0.0
test,12195,red,0.2,1,0.0
test,12195,red,0.2,3,0.0
test,12195,red,0.2,5,0.0
test,5471,blue,0.0,1,0.0
test,5471,blue,0.05,1,0.0
test,5471,blue,0.05,3,0.0
test,5471,blue,0.05,5,0.0
test,5471,blue,0.1,1,0.0
test,5471,blue,0.1,3,0.0
test,5471,blue,0.1,5,0.0
test,5471,blue,0.2,1,0.0
test,5471,blue,0.2,3,0.0
test,5471,blue,0.2,5,0.0
test,5471,red,0.0,1,0.0
test,5471,red,0.05,1,0.0
test,5471,red,0.05,3,0.0
test,5471,red,0.05,5,0.0
test,5471,red,0.1,1,0.0
test,5471,red,0.1,3,0.0
test,5471,red,0.1,5,0.0
test,5471,red,0.2,1,0.0
test,5471,red,0.2,3,0.0
test,5471,red,0.2,5,0.0
test,2411,blue,0.0,1,0.0
test,2411,blue,0.05,1,19.860407703406345
test,2411,blue,0.05,3,19.860407703406345
test,2411,blue,0.05,5,19.860407703406345
test,2411,blue,0.1,1,19.860407703406345
test,2411,blue,0.1,3,19.860407703406345
test,2411,blue,0.1,5,19.860407703406345
test,2411,blue,0.2,1,59.581223110219035
test,2411,blue,0.2,3,59.581223110219035
test,2411,blue,0.2,5,59.581223110219035
test,2411,red,0.0,1,0.0
test,2411,red,0.05,1,0.0
test,2411,red,0.05,3,0.0
test,2411,red,0.05,5,0.0
test,2411,red,0.1,1,0.0
test,2411,red,0.1,3,0.0
test,2411,red,0.1,5,0.0
test,2411,red,0.2,1,19.860407703406345
test,2411,red,0.2,3,19.860407703406345
test,2411,red,0.2,5,19.860407703406345
test,9530,blue,0.0,1,0.0
test,9530,blue,0.05,1,0.0
test,9530,blue,0.05,3,0.0
test,9530,blue,0.05,5,0.0
test,9530,blue,0.1,1,19.458196521678005
test,9530,blue,0.1,3,19.458196521678005
test,9530,blue,0.1,5,19.458196521678005
test,9530,blue,0.2,1,19.458196521678005
test,9530,blue,0.2,3,19.458196521678005
test,9530,blue,0.2,5,19.458196521678005
test,9530,red,0.0,1,0.0
test,9530,red,0.05,1,0.0
test,9530,red,0.05,3,0.0
test,9530,red,0.05,5,0.0
test,9530,red,0.1,1,0.0
test,9530,red,0.1,3,0.0
test,9530,red,0.1,5,0.0
test,9530,red,0.2,1,0.0
test,9530,red,0.2,3,0.0
test,9530,red,0.2,5,0.0
test,5235,blue,0.0,1,0.0
test,5235,blue,0.05,1,0.0
test,5235,blue,0.05,3,0.0
test,5235,blue,0.05,5,0.0
test,5235,blue,0.1,1,0.0
test,5235,blue,0.1,3,0.0
test,5235,blue,0.1,5,0.0
test,5235,blue,0.2,1,21.475439273508048
test,5235,blue,0.2,3,21.475439273508048
test,5235,blue,0.2,5,21.475439273508048
test,5235,red,0.0,1,0.0
test,5235,red,0.05,1,0.0
test,5235,red,0.05,3,0.0
test,5235,red,0.05,5,0.0
test,5235,red,0.1,1,0.0
test,5235,red,0.1,3,0.0
test,5235,red,0.1,5,0.0
test,5235,red,0.2,1,0.0
test,5235,red,0.2,3,0.0
test,5235,red,0.2,5,0.0
test,2855,blue,0.0,1,0.0
test,2855,blue,0.05,1,0.0
test,2855,blue,0.05,3,0.0
test,2855,blue,0.05,5,0.0
test,2855,blue,0.1,1,20.779353471456993
test,2855,blue,0.1,3,20.779353471456993
test,2855,blue,0.1,5,20.779353471456993
test,2855,blue,0.2,1,20.779353471456993
test,2855,blue,0.2,3,20.779353471456993
test,2855,blue,0.2,5,20.779353471456993
test,2855,red,0.0,1,0.0
test,2855,red,0.05,1,0.0
test,2855,red,0.05,3,0.0
test,2855,red,0.05,5,0.0
test,2855,red,0.1,1,0.0
test,2855,red,0.1,3,0.0
test,2855,red,0.1,5,0.0
test,2855,red,0.2,1,0.0
test,2855,red,0.2,3,0.0
test,2855,red,0.2,5,0.0
test,11052,blue,0.0,1,0.0
test,11052,blue,0.05,1,0.0
test,11052,blue,0.05,3,0.0
test,11052,blue,0.05,5,0.0
test,11052,blue,0.1,1,0.0
test,11052,blue,0.1,3,0.0
test,11052,blue,0.1,5,0.0
test,11052,blue,0.2,1,19.58169988797829
test,11052,blue,0.2,3,19.58169988797829
test,11052,blue,0.2,5,19.58169988797829
test,11052,red,0.0,1,0.0
test,11052,red,0.05,1,0.0
test,11052,red,0.05,3,0.0
test,11052,red,0.05,5,0.0
test,11052,red,0.1,1,0.0
test,11052,red,0.1,3,0.0
test,11052,red,0.1,5,0.0
test,11052,red,0.2,1,0.0
test,11052,red,0.2,3,0.0
test,11052,red,0.2,5,0.0
test,1680,blue,0.0,1,0.0
test,1680,blue,0.05,1,0.0
test,1680,blue,0.05,3,0.0
test,1680,blue,0.05,5,0.0
test,1680,blue,0.1,1,19.26271040980569
test,1680,blue,0.1,3,19.26271040980569
test,1680,blue,0.1,5,19.26271040980569
test,1680,blue,0.2,1,38.52542081961138
test,1680,blue,0.2,3,38.52542081961138
test,1680,blue,0.2,5,38.52542081961138
test,1680,red,0.0,1,0.0
test,1680,red,0.05,1,0.0
test,1680,red,0.05,3,0.0
test,1680,red,0.05,5,0.0
test,1680,red,0.1,1,0.0
test,1680,red,0.1,3,0.0
test,1680,red,0.1,5,0.0
test,1680,red,0.2,1,0.0
test,1680,red,0.2,3,0.0
test,1680,red,0.2,5,0.0
test,6183,blue,0.0,1,0.0
test,6183,blue,0.05,1,0.0
test,6183,blue,0.05,3,0.0
test,6183,blue,0.05,5,0.0
test,6183,blue,0.1,1,21.30495083560924
test,6183,blue,0.1,3,21.30495083560924
test,6183,blue,0.1,5,21.30495083560924
test,6183,blue,0.2,1,21.30495083560924
test,6183,blue,0.2,3,21.30495083560924
test,6183,blue,0.2,5,21.30495083560924
test,6183,red,0.0,1,0.0
test,6183,red,0.05,1,0.0
test,6183,red,0.05,3,0.0
test,6183,red,0.05,5,0.0
test,6183,red,0.1,1,0.0
test,6183,red,0.1,3,0.0
test,6183,red,0.1,5,0.0
test,6183,red,0.2,1,0.0
test,6183,red,0.2,3,0.0
test,6183,red,0.2,5,0.0
test,11793,blue,0.0,1,0.0
test,11793,blue,0.05,1,0.0
test,11793,blue,0.05,3,0.0
test,11793,blue,0.05,5,0.0
test,11793,blue,0.1,1,21.045108733521857
test,11793,blue,0.1,3,21.045108733521857
test,11793,blue,0.1,5,21.045108733521857
test,11793,blue,0.2,1,21.045108733521857
test,11793,blue,0.2,3,21.045108733521857
test,11793,blue,0.2,5,21.045108733521857
test,11793,red,0.0,1,0.0
test,11793,red,0.05,1,0.0
test,11793,red,0.05,3,0.0
test,11793,red,0.05,5,0.0
test,11793,red,0.1,1,0.0
test,11793,red,0.1,3,0.0
test,11793,red,0.1,5,0.0
test,11793,red,0.2,1,0.0
test,11793,red,0.2,3,0.0
test,11793,red,0.2,5,0.0
test,4166,blue,0.0,1,0.0
test,4166,blue,0.05,1,0.0
test,4166,blue,0.05,3,0.0
test,4166,blue,0.05,5,0.0
test,4166,blue,0.1,1,19.900171343132307
test,4166,blue,0.1,3,19.900171343132307
test,4166,blue,0.1,5,19.900171343132307
test,4166,blue,0.2,1,59.70051402939692
test,4166,blue,0.2,3,59.70051402939692
test,4166,blue,0.2,5,59.70051402939692
test,4166,red,0.0,1,0.0
test,4166,red,0.05,1,0.0
test,4166,red,0.05,3,0.0
test,4166,red,0.05,5,0.0
test,4166,red,0.1,1,0.0
test,4166,red,0.1,3,0.0
test,4166,red,0.1,5,0.0
test,4166,red,0.2,1,0.0
test,4166,red,0.2,3,0.0
test,4166,red,0.2,5,0.0
test,11251,blue,0.0,1,0.0
test,11251,blue,0.05,1,0.0
test,11251,blue,0.05,3,0.0
test,11251,blue,0.05,5,0.0
test,11251,blue,0.1,1,0.0
test,11251,blue,0.1,3,0.0
test,11251,blue,0.1,5,0.0
test,11251,blue,0.2,1,21.96285783723492
test,11251,blue,0.2,3,21.96285783723492
test,11251,blue,0.2,5,21.96285783723492
test,11251,red,0.0,1,0.0
test,11251,red,0.05,1,0.0
test,11251,red,0.05,3,0.0
test,11251,red,0.05,5,0.0
test,11251,red,0.1,1,0.0
test,11251,red,0.1,3,0.0
test,11251,red,0.1,5,0.0
test,11251,red,0.2,1,0.0
test,11251,red,0.2,3,0.0
test,11251,red,0.2,5,0.0
test,5336,blue,0.0,1,0.0
test,5336,blue,0.05,1,0.0
test,5336,blue,0.05,3,0.0
test,5336,blue,0.05,5,0.0
test,5336,blue,0.1,1,19.051633786755403
test,5336,blue,0.1,3,19.051633786755403
test,5336,blue,0.1,5,19.051633786755403
test,5336,blue,0.2,1,38.103267573510806
test,5336,blue,0.2,3,38.103267573510806
test,5336,blue,0.2,5,38.103267573510806
test,5336,red,0.0,1,0.0
test,5336,red,0.05,1,0.0
test,5336,red,0.05,3,0.0
test,5336,red,0.05,5,0.0
test,5336,red,0.1,1,0.0
test,5336,red,0.1,3,0.0
test,5336,red,0.1,5,0.0
test,5336,red,0.2,1,0.0
test,5336,red,0.2,3,0.0
test,5336,red,0.2,5,0.0
test,9631,blue,0.0,1,0.0
test,9631,blue,0.05,1,19.525367578640783
test,9631,blue,0.05,3,19.525367578640783
test,9631,blue,0.05,5,19.525367578640783
test,9631,blue,0.1,1,19.525367578640783
test,9631,blue,0.1,3,19.525367578640783
test,9631,blue,0.1,5,19.525367578640783
test,9631,blue,0.2,1,19.525367578640783
test,9631,blue,0.2,3,19.525367578640783
test,9631,blue,0.2,5,19.525367578640783
test,9631,red,0.0,1,0.0
test,9631,red,0.05,1,0.0
test,9631,red,0.05,3,0.0
test,9631,red,0.05,5,0.0
test,9631,red,0.1,1,0.0
test,9631,red,0.1,3,0.0
test,9631,red,0.1,5,0.0
test,9631,red,0.2,1,0.0
test,9631,red,0.2,3,0.0
test,9631,red,0.2,5,0.0
test,12152,blue,0.0,1,0.0
test,12152,blue,0.05,1,0.0
test,12152,blue,0.05,3,0.0
test,12152,blue,0.05,5,0.0
test,12152,blue,0.1,1,0.0
test,12152,blue,0.1,3,0.0
test,12152,blue,0.1,5,0.0
test,12152,blue,0.2,1,21.321042828030883
test,12152,blue,0.2,3,21.321042828030883
test,12152,blue,0.2,5,21.321042828030883
test,12152,red,0.0,1,0.0
test,12152,red,0.05,1,0.0
test,12152,red,0.05,3,0.0
test,12152,red,0.05,5,0.0
test,12152,red,0.1,1,0.0
test,12152,red,0.1,3,0.0
test,12152,red,0.1,5,0.0
test,12152,red,0.2,1,21.321042828030883
test,12152,red,0.2,3,21.321042828030883
test,12152,red,0.2,5,21.321042828030883
test,10392,blue,0.0,1,0.0
test,10392,blue,0.05,1,0.0
test,10392,blue,0.05,3,0.0
test,10392,blue,0.05,5,0.0
test,10392,blue,0.1,1,21.661596675842162
test,10392,blue,0.1,3,21.661596675842162
test,10392,blue,0.1,5,21.661596675842162
test,10392,blue,0.2,1,43.323193351684324
test,10392,blue,0.2,3,43.323193351684324
test,10392,blue,0.2,5,43.323193351684324
test,10392,red,0.0,1,0.0
test,10392,red,0.05,1,0.0
test,10392,red,0.05,3,0.0
test,10392,red,0.05,5,0.0
test,10392,red,0.1,1,21.661596675842162
test,10392,red,0.1,3,21.661596675842162
test,10392,red,0.1,5,21.661596675842162
test,10392,red,0.2,1,21.661596675842162
test,10392,red,0.2,3,21.661596675842162
test,10392,red,0.2,5,21.661596675842162
test,3295,blue,0.0,1,0.0
test,3295,blue,0.05,1,0.0
test,3295,blue,0.05,3,0.0
test,3295,blue,0.05,5,0.0
test,3295,blue,0.1,1,20.936068797681067
test,3295,blue,0.1,3,20.936068797681067
test,3295,blue,0.1,5,20.936068797681067
test,3295,blue,0.2,1,41.87213759536213
test,3295,blue,0.2,3,41.87213759536213
test,3295,blue,0.2,5,41.87213759536213
test,3295,red,0.0,1,0.0
test,3295,red,0.05,1,0.0
test,3295,red,0.05,3,0.0
test,3295,red,0.05,5,0.0
test,3295,red,0.1,1,0.0
test,3295,red,0.1,3,0.0
test,3295,red,0.1,5,0.0
test,3295,red,0.2,1,0.0
test,3295,red,0.2,3,0.0
test,3295,red,0.2,5,0.0
test,10432,blue,0.0,1,0.0
test,10432,blue,0.05,1,0.0
test,10432,blue,0.05,3,0.0
test,10432,blue,0.05,5,0.0
test,10432,blue,0.1,1,19.14281064747458
test,10432,blue,0.1,3,19.14281064747458
test,10432,blue,0.1,5,19.14281064747458
test,10432,blue,0.2,1,38.28562129494916
test,10432,blue,0.2,3,38.28562129494916
test,10432,blue,0.2,5,38.28562129494916
test,10432,red,0.0,1,0.0
test,10432,red,0.05,1,0.0
test,10432,red,0.05,3,0.0
test,10432,red,0.05,5,0.0
test,10432,red,0.1,1,0.0
test,10432,red,0.1,3,0.0
test,10432,red,0.1,5,0.0
test,10432,red,0.2,1,0.0
test,10432,red,0.2,3,0.0
test,10432,red,0.2,5,0.0
test,7027,blue,0.0,1,0.0
test,7027,blue,0.05,1,0.0
test,7027,blue,0.05,3,0.0
test,7027,blue,0.05,5,0.0
test,7027,blue,0.1,1,0.0
test,7027,blue,0.1,3,0.0
test,7027,blue,0.1,5,0.0
test,7027,blue,0.2,1,21.71264564673698
test,7027,blue,0.2,3,21.71264564673698
test,7027,blue,0.2,5,21.71264564673698
test,7027,red,0.0,1,0.0
test,7027,red,0.05,1,0.0
test,7027,red,0.05,3,0.0
test,7027,red,0.05,5,0.0
test,7027,red,0.1,1,0.0
test,7027,red,0.1,3,0.0
test,7027,red,0.1,5,0.0
test,7027,red,0.2,1,0.0
test,7027,red,0.2,3,0.0
test,7027,red,0.2,5,0.0
test,12531,blue,0.0,1,0.0
test,12531,blue,0.05,1,0.0
test,12531,blue,0.05,3,0.0
test,12531,blue,0.05,5,0.0
test,12531,blue,0.1,1,21.98111061879849
test,12531,blue,0.1,3,21.98111061879849
test,12531,blue,0.1,5,21.98111061879849
test,12531,blue,0.2,1,43.96222123759698
test,12531,blue,0.2,3,43.96222123759698
test,12531,blue,0.2,5,43.96222123759698
test,12531,red,0.0,1,0.0
test,12531,red,0.05,1,0.0
test,12531,red,0.05,3,0.0
test,12531,red,0.05,5,0.0
test,12531,red,0.1,1,0.0
test,12531,red,0.1,3,0.0
test,12531,red,0.1,5,0.0
test,12531,red,0.2,1,21.98111061879849
test,12531,red,0.2,3,21.98111061879849
test,12531,red,0.2,5,21.98111061879849
test,10082,blue,0.0,1,0.0
test,10082,blue,0.05,1,19.515059827554552
test,10082,blue,0.05,3,19.515059827554552
test,10082,blue,0.05,5,19.515059827554552
test,10082,blue,0.1,1,19.515059827554552
test,10082,blue,0.1,3,19.515059827554552
test,10082,blue,0.1,5,19.515059827554552
test,10082,blue,0.2,1,58.545179482663656
test,10082,blue,0.2,3,58.545179482663656
test,10082,blue,0.2,5,58.545179482663656
test,10082,red,0.0,1,0.0
test,10082,red,0.05,1,0.0
test,10082,red,0.05,3,0.0
test,10082,red,0.05,5,0.0
test,10082,red,0.1,1,0.0
test,10082,red,0.1,3,0.0
test,10082,red,0.1,5,0.0
test,10082,red,0.2,1,0.0
test,10082,red,0.2,3,0.0
test,10082,red,0.2,5,0.0
test,12587,blue,0.0,1,0.0
test,12587,blue,0.05,1,0.0
test,12587,blue,0.05,3,0.0
test,12587,blue,0.05,5,0.0
test,12587,blue,0.1,1,0.0
test,12587,blue,0.1,3,0.0
test,12587,blue,0.1,5,0.0
test,12587,blue,0.2,1,0.0
test,12587,blue,0.2,3,0.0
test,12587,blue,0.2,5,0.0
test,12587,red,0.0,1,0.0
test,12587,red,0.05,1,0.0
test,12587,red,0.05,3,0.0
test,12587,red,0.05,5,0.0
test,12587,red,0.1,1,0.0
test,12587,red,0.1,3,0.0
test,12587,red,0.1,5,0.0
test,12587,red,0.2,1,0.0
test,12587,red,0.2,3,0.0
test,12587,red,0.2,5,0.0
test,2562,blue,0.0,1,0.0
test,2562,blue,0.05,1,19.978043757048958
test,2562,blue,0.05,3,19.978043757048958
test,2562,blue,0.05,5,19.978043757048958
test,2562,blue,0.1,1,19.978043757048958
test,2562,blue,0.1,3,19.978043757048958
test,2562,blue,0.1,5,19.978043757048958
test,2562,blue,0.2,1,39.956087514097916
test,2562,blue,0.2,3,39.956087514097916
test,2562,blue,0.2,5,39.956087514097916
test,2562,red,0.0,1,0.0
test,2562,red,0.05,1,0.0
test,2562,red,0.05,3,0.0
test,2562,red,0.05,5,0.0
test,2562,red,0.1,1,0.0
test,2562,red,0.1,3,0.0
test,2562,red,0.1,5,0.0
test,2562,red,0.2,1,19.978043757048958
test,2562,red,0.2,3,19.978043757048958
test,2562,red,0.2,5,19.978043757048958
test,5698,blue,0.0,1,0.0
test,5698,blue,0.05,1,19.843371043611807
test,5698,blue,0.05,3,19.843371043611807
test,5698,blue,0.05,5,19.843371043611807
test,5698,blue,0.1,1,19.843371043611807
test,5698,blue,0.1,3,19.843371043611807
test,5698,blue,0.1,5,19.843371043611807
test,5698,blue,0.2,1,19.843371043611807
test,5698,blue,0.2,3,19.843371043611807
test,5698,blue,0.2,5,19.843371043611807
test,5698,red,0.0,1,0.0
test,5698,red,0.05,1,0.0
test,5698,red,0.05,3,0.0
test,5698,red,0.05,5,0.0
test,5698,red,0.1,1,0.0
test,5698,red,0.1,3,0.0
test,5698,red,0.1,5,0.0
test,5698,red,0.2,1,0.0
test,5698,red,0.2,3,0.0
test,5698,red,0.2,5,0.0
test,9176,blue,0.0,1,0.0
test,9176,blue,0.05,1,0.0
test,9176,blue,0.05,3,0.0
test,9176,blue,0.05,5,0.0
test,9176,blue,0.1,1,0.0
test,9176,blue,0.1,3,0.0
test,9176,blue,0.1,5,0.0
test,9176,blue,0.2,1,41.67452246746862
test,9176,blue,0.2,3,41.67452246746862
test,9176,blue,0.2,5,41.67452246746862
test,9176,red,0.0,1,0.0
test,9176,red,0.05,1,0.0
test,9176,red,0.05,3,0.0
test,9176,red,0.05,5,0.0
test,9176,red,0.1,1,0.0
test,9176,red,0.1,3,0.0
test,9176,red,0.1,5,0.0
test,9176,red,0.2,1,0.0
test,9176,red,0.2,3,0.0
test,9176,red,0.2,5,0.0
test,12079,blue,0.0,1,0.0
test,12079,blue,0.05,1,0.0
test,12079,blue,0.05,3,0.0
test,12079,blue,0.05,5,0.0
test,12079,blue,0.1,1,19.998524207810185
test,12079,blue,0.1,3,19.998524207810185
test,12079,blue,0.1,5,19.998524207810185
test,12079,blue,0.2,1,19.998524207810185
test,12079,blue,0.2,3,19.998524207810185
test,12079,blue,0.2,5,19.998524207810185
test,12079,red,0.0,1,0.0
test,12079,red,0.05,1,0.0
test,12079,red,0.05,3,0.0
test,12079,red,0.05,5,0.0
test,12079,red,0.1,1,0.0
test,12079,red,0.1,3,0.0
test,12079,red,0.1,5,0.0
test,12079,red,0.2,1,0.0
test,12079,red,0.2,3,0.0
test,12079,red,0.2,5,0.0
test,1490,blue,0.0,1,0.0
test,1490,blue,0.05,1,0.0
test,1490,blue,0.05,3,0.0
test,1490,blue,0.05,5,0.0
test,1490,blue,0.1,1,20.68185433464243
test,1490,blue,0.1,3,20.68185433464243
test,1490,blue,0.1,5,20.68185433464243
test,1490,blue,0.2,1,20.68185433464243
test,1490,blue,0.2,3,20.68185433464243
test,1490,blue,0.2,5,20.68185433464243
test,1490,red,0.0,1,0.0
test,1490,red,0.05,1,0.0
test,1490,red,0.05,3,0.0
test,1490,red,0.05,5,0.0
test,1490,red,0.1,1,0.0
test,1490,red,0.1,3,0.0
test,1490,red,0.1,5,0.0
test,1490,red,0.2,1,0.0
test,1490,red,0.2,3,0.0
test,1490,red,0.2,5,0.0
test,6975,blue,0.0,1,0.0
test,6975,blue,0.05,1,0.0
test,6975,blue,0.05,3,0.0
test,6975,blue,0.05,5,0.0
test,6975,blue,0.1,1,0.0
test,6975,blue,0.1,3,0.0
test,6975,blue,0.1,5,0.0
test,6975,blue,0.2,1,40.037583917279434
test,6975,blue,0.2,3,40.037583917279434
test,6975,blue,0.2,5,40.037583917279434
test,6975,red,0.0,1,0.0
test,6975,red,0.05,1,0.0
test,6975,red,0.05,3,0.0
test,6975,red,0.05,5,0.0
test,6975,red,0.1,1,0.0
test,6975,red,0.1,3,0.0
test,6975,red,0.1,5,0.0
test,6975,red,0.2,1,0.0
test,6975,red,0.2,3,0.0
test,6975,red,0.2,5,0.0
test,1985,blue,0.0,1,0.0
test,1985,blue,0.05,1,0.0
test,1985,blue,0.05,3,0.0
test,1985,blue,0.05,5,0.0
test,1985,blue,0.1,1,0.0
test,1985,blue,0.1,3,0.0
test,1985,blue,0.1,5,0.0
test,1985,blue,0.2,1,19.581712359925202
test,1985,blue,0.2,3,19.581712359925202
test,1985,blue,0.2,5,19.581712359925202
test,1985,red,0.0,1,0.0
test,1985,red,0.05,1,0.0
test,1985,red,0.05,3,0.0
test,1985,red,0.05,5,0.0
test,1985,red,0.1,1,0.0
test,1985,red,0.1,3,0.0
test,1985,red,0.1,5,0.0
test,1985,red,0.2,1,0.0
test,1985,red,0.2,3,0.0
test,1985,red,0.2,5,0.0
test,6235,blue,0.0,1,0.0
test,6235,blue,0.05,1,19.214040162487823
test,6235,blue,0.05,3,19.214040162487823
test,6235,blue,0.05,5,19.214040162487823
test,6235,blue,0.1,1,19.214040162487823
test,6235,blue,0.1,3,19.214040162487823
test,6235,blue,0.1,5,19.214040162487823
test,6235,blue,0.2,1,19.214040162487823
test,6235,blue,0.2,3,19.214040162487823
test,6235,blue,0.2,5,19.214040162487823
test,6235,red,0.0,1,0.0
test,6235,red,0.05,1,0.0
test,6235,red,0.05,3,0.0
test,6235,red,0.05,5,0.0
test,6235,red,0.1,1,0.0
test,6235,red,0.1,3,0.0
test,6235,red,0.1,5,0.0
test,6235,red,0.2,1,0.0
test,6235,red,0.2,3,0.0
test,6235,red,0.2,5,0.0
test,3164,blue,0.0,1,0.0
test,3164,blue,0.05,1,0.0
test,3164,blue,0.05,3,0.0
test,3164,blue,0.05,5,0.0
test,3164,blue,0.1,1,20.234454240720048
test,3164,blue,0.1,3,20.234454240720048
test,3164,blue,0.1,5,20.234454240720048
test,3164,blue,0.2,1,20.234454240720048
test,3164,blue,0.2,3,20.234454240720048
test,3164,blue,0.2,5,20.234454240720048
test,3164,red,0.0,1,0.0
test,3164,red,0.05,1,0.0
test,3164,red,0.05,3,0.0
test,3164,red,0.05,5,0.0
test,3164,red,0.1,1,20.234454240720048
test,3164,red,0.1,3,20.234454240720048
test,3164,red,0.1,5,20.234454240720048
test,3164,red,0.2,1,20.234454240720048
test,3164,red,0.2,3,20.234454240720048
test,3164,red,0.2,5,20.234454240720048
test,6097,blue,0.0,1,0.0
test,6097,blue,0.05,1,0.0
test,6097,blue,0.05,3,0.0
test,6097,blue,0.05,5,0.0
test,6097,blue,0.1,1,20.240508329893878
test,6097,blue,0.1,3,20.240508329893878
test,6097,blue,0.1,5,20.240508329893878
test,6097,blue,0.2,1,40.481016659787755
test,6097,blue,0.2,3,40.481016659787755
test,6097,blue,0.2,5,40.481016659787755
test,6097,red,0.0,1,0.0
test,6097,red,0.05,1,0.0
test,6097,red,0.05,3,0.0
test,6097,red,0.05,5,0.0
test,6097,red,0.1,1,0.0
test,6097,red,0.1,3,0.0
test,6097,red,0.1,5,0.0
test,6097,red,0.2,1,0.0
test,6097,red,0.2,3,0.0
test,6097,red,0.2,5,0.0
test,3380,blue,0.0,1,0.0
test,3380,blue,0.05,1,20.912676335060993
test,3380,blue,0.05,3,20.912676335060993
test,3380,blue,0.05,5,20.912676335060993
test,3380,blue,0.1,1,20.912676335060993
test,3380,blue,0.1,3,20.912676335060993
test,3380,blue,0.1,5,20.912676335060993
test,3380,blue,0.2,1,41.82535267012199
test,3380,blue,0.2,3,41.82535267012199
test,3380,blue,0.2,5,41.82535267012199
test,3380,red,0.0,1,0.0
test,3380,red,0.05,1,0.0
test,3380,red,0.05,3,0.0
test,3380,red,0.05,5,0.0
test,3380,red,0.1,1,0.0
test,3380,red,0.1,3,0.0
test,3380,red,0.1,5,0.0
test,3380,red,0.2,1,0.0
test,3380,red,0.2,3,0.0
test,3380,red,0.2,5,0.0
test,1780,blue,0.0,1,0.0
test,1780,blue,0.05,1,0.0
test,1780,blue,0.05,3,0.0
test,1780,blue,0.05,5,0.0
test,1780,blue,0.1,1,0.0
test,1780,blue,0.1,3,0.0
test,1780,blue,0.1,5,0.0
test,1780,blue,0.2,1,20.13641793613205
test,1780,blue,0.2,3,20.13641793613205
test,1780,blue,0.2,5,20.13641793613205
test,1780,red,0.0,1,0.0
test,1780,red,0.05,1,0.0
test,1780,red,0.05,3,0.0
test,1780,red,0.05,5,0.0
test,1780,red,0.1,1,0.0
test,1780,red,0.1,3,0.0
test,1780,red,0.1,5,0.0
test,1780,red,0.2,1,0.0
test,1780,red,0.2,3,0.0
test,1780,red,0.2,5,0.0
test,12480,blue,0.0,1,0.0
test,12480,blue,0.05,1,20.786490455953725
test,12480,blue,0.05,3,20.786490455953725
test,12480,blue,0.05,5,20.786490455953725
test,12480,blue,0.1,1,20.786490455953725
test,12480,blue,0.1,3,20.786490455953725
test,12480,blue,0.1,5,20.786490455953725
test,12480,blue,0.2,1,41.57298091190745
test,12480,blue,0.2,3,41.57298091190745
test,12480,blue,0.2,5,41.57298091190745
test,12480,red,0.0,1,0.0
test,12480,red,0.05,1,0.0
test,12480,red,0.05,3,0.0
test,12480,red,0.05,5,0.0
test,12480,red,0.1,1,0.0
test,12480,red,0.1,3,0.0
test,12480,red,0.1,5,0.0
test,12480,red,0.2,1,20.786490455953725
test,12480,red,0.2,3,20.786490455953725
test,12480,red,0.2,5,20.786490455953725
test,8566,blue,0.0,1,0.0
test,8566,blue,0.05,1,0.0
test,8566,blue,0.05,3,0.0
test,8566,blue,0.05,5,0.0
test,8566,blue,0.1,1,0.0
test,8566,blue,0.1,3,0.0
test,8566,blue,0.1,5,0.0
test,8566,blue,0.2,1,39.43619535757483
test,8566,blue,0.2,3,39.43619535757483
test,8566,blue,0.2,5,39.43619535757483
test,8566,red,0.0,1,0.0
test,8566,red,0.05,1,0.0
test,8566,red,0.05,3,0.0
test,8566,red,0.05,5,0.0
test,8566,red,0.1,1,0.0
test,8566,red,0.1,3,0.0
test,8566,red,0.1,5,0.0
test,8566,red,0.2,1,0.0
test,8566,red,0.2,3,0.0
test,8566,red,0.2,5,0.0
test,12403,blue,0.0,1,0.0
test,12403,blue,0.05,1,0.0
test,12403,blue,0.05,3,0.0
test,12403,blue,0.05,5,0.0
test,12403,blue,0.1,1,20.329850343826415
test,12403,blue,0.1,3,20.329850343826415
test,12403,blue,0.1,5,20.329850343826415
test,12403,blue,0.2,1,20.329850343826415
test,12403,blue,0.2,3,20.329850343826415
test,12403,blue,0.2,5,20.329850343826415
test,12403,red,0.0,1,0.0
test,12403,red,0.05,1,0.0
test,12403,red,0.05,3,0.0
test,12403,red,0.05,5,0.0
test,12403,red,0.1,1,0.0
test,12403,red,0.1,3,0.0
test,12403,red,0.1,5,0.0
test,12403,red,0.2,1,0.0
test,12403,red,0.2,3,0.0
test,12403,red,0.2,5,0.0
test,9386,blue,0.0,1,0.0
test,9386,blue,0.05,1,21.89018634339216
test,9386,blue,0.05,3,21.89018634339216
test,9386,blue,0.05,5,21.89018634339216
test,9386,blue,0.1,1,21.89018634339216
test,9386,blue,0.1,3,21.89018634339216
test,9386,blue,0.1,5,21.89018634339216
test,9386,blue,0.2,1,21.89018634339216
test,9386,blue,0.2,3,21.89018634339216
test,9386,blue,0.2,5,21.89018634339216
test,9386,red,0.0,1,0.0
test,9386,red,0.05,1,0.0
test,9386,red,0.05,3,0.0
test,9386,red,0.05,5,0.0
test,9386,red,0.1,1,0.0
test,9386,red,0.1,3,0.0
test,9386,red,0.1,5,0.0
test,9386,red,0.2,1,0.0
test,9386,red,0.2,3,0.0
test,9386,red,0.2,5,0.0
test,11813,blue,0.0,1,0.0
test,11813,blue,0.05,1,0.0
test,11813,blue,0.05,3,0.0
test,11813,blue,0.05,5,0.0
test,11813,blue,0.1,1,0.0
test,11813,blue,0.1,3,0.0
test,11813,blue,0.1,5,0.0
test,11813,blue,0.2,1,20.867696627620383
test,11813,blue,0.2,3,20.867696627620383
test,11813,blue,0.2,5,20.867696627620383
test,11813,red,0.0,1,0.0
test,11813,red,0.05,1,0.0
test,11813,red,0.05,3,0.0
test,11813,red,0.05,5,0.0
test,11813,red,0.1,1,0.0
test,11813,red,0.1,3,0.0
test,11813,red,0.1,5,0.0
test,11813,red,0.2,1,20.867696627620383
test,11813,red,0.2,3,20.867696627620383
test,11813,red,0.2,5,20.867696627620383
test,6200,blue,0.0,1,0.0
test,6200,blue,0.05,1,0.0
test,6200,blue,0.05,3,0.0
test,6200,blue,0.05,5,0.0
test,6200,blue,0.1,1,0.0
test,6200,blue,0.1,3,0.0
test,6200,blue,0.1,5,0.0
test,6200,blue,0.2,1,21.563689484093942
test,6200,blue,0.2,3,21.563689484093942
test,6200,blue,0.2,5,21.563689484093942
test,6200,red,0.0,1,0.0
test,6200,red,0.05,1,0.0
test,6200,red,0.05,3,0.0
test,6200,red,0.05,5,0.0
test,6200,red,0.1,1,0.0
test,6200,red,0.1,3,0.0
test,6200,red,0.1,5,0.0
test,6200,red,0.2,1,21.563689484093942
test,6200,red,0.2,3,21.563689484093942
test,6200,red,0.2,5,21.563689484093942
test,9866,blue,0.0,1,0.0
test,9866,blue,0.05,1,20.06208255631452
test,9866,blue,0.05,3,20.06208255631452
test,9866,blue,0.05,5,20.06208255631452
test,9866,blue,0.1,1,20.06208255631452
test,9866,blue,0.1,3,20.06208255631452
test,9866,blue,0.1,5,20.06208255631452
test,9866,blue,0.2,1,40.12416511262904
test,9866,blue,0.2,3,40.12416511262904
test,9866,blue,0.2,5,40.12416511262904
test,9866,red,0.0,1,0.0
test,9866,red,0.05,1,0.0
test,9866,red,0.05,3,0.0
test,9866,red,0.05,5,0.0
test,9866,red,0.1,1,0.0
test,9866,red,0.1,3,0.0
test,9866,red,0.1,5,0.0
test,9866,red,0.2,1,0.0
test,9866,red,0.2,3,0.0
test,9866,red,0.2,5,0.0
test,1381,blue,0.0,1,0.0
test,1381,blue,0.05,1,0.0
test,1381,blue,0.05,3,0.0
test,1381,blue,0.05,5,0.0
test,1381,blue,0.1,1,0.0
test,1381,blue,0.1,3,0.0
test,1381,blue,0.1,5,0.0
test,1381,blue,0.2,1,19.614720304759594
test,1381,blue,0.2,3,19.614720304759594
test,1381,blue,0.2,5,19.614720304759594
test,1381,red,0.0,1,0.0
test,1381,red,0.05,1,0.0
test,1381,red,0.05,3,0.0
test,1381,red,0.05,5,0.0
test,1381,red,0.1,1,0.0
test,1381,red,0.1,3,0.0
test,1381,red,0.1,5,0.0
test,1381,red,0.2,1,0.0
test,1381,red,0.2,3,0.0
test,1381,red,0.2,5,0.0
test,2293,blue,0.0,1,0.0
test,2293,blue,0.05,1,0.0
test,2293,blue,0.05,3,0.0
test,2293,blue,0.05,5,0.0
test,2293,blue,0.1,1,20.932524269936636
test,2293,blue,0.1,3,20.932524269936636
test,2293,blue,0.1,5,20.932524269936636
test,2293,blue,0.2,1,41.86504853987327
test,2293,blue,0.2,3,41.86504853987327
test,2293,blue,0.2,5,41.86504853987327
test,2293,red,0.0,1,0.0
test,2293,red,0.05,1,0.0
test,2293,red,0.05,3,0.0
test,2293,red,0.05,5,0.0
test,2293,red,0.1,1,0.0
test,2293,red,0.1,3,0.0
test,2293,red,0.1,5,0.0
test,2293,red,0.2,1,0.0
test,2293,red,0.2,3,0.0
test,2293,red,0.2,5,0.0
test,477,blue,0.0,1,0.0
test,477,blue,0.05,1,0.0
test,477,blue,0.05,3,0.0
test,477,blue,0.05,5,0.0
test,477,blue,0.1,1,20.094952508481924
test,477,blue,0.1,3,20.094952508481924
test,477,blue,0.1,5,20.094952508481924
test,477,blue,0.2,1,20.094952508481924
test,477,blue,0.2,3,20.094952508481924
test,477,blue,0.2,5,20.094952508481924
test,477,red,0.0,1,0.0
test,477,red,0.05,1,0.0
test,477,red,0.05,3,0.0
test,477,red,0.05,5,0.0
test,477,red,0.1,1,0.0
test,477,red,0.1,3,0.0
test,477,red,0.1,5,0.0
test,477,red,0.2,1,0.0
test,477,red,0.2,3,0.0
test,477,red,0.2,5,0.0
test,5233,blue,0.0,1,0.0
test,5233,blue,0.05,1,0.0
test,5233,blue,0.05,3,0.0
test,5233,blue,0.05,5,0.0
test,5233,blue,0.1,1,21.45719686853517
test,5233,blue,0.1,3,21.45719686853517
test,5233,blue,0.1,5,21.45719686853517
test,5233,blue,0.2,1,42.91439373707034
test,5233,blue,0.2,3,42.91439373707034
test,5233,blue,0.2,5,42.91439373707034
test,5233,red,0.0,1,0.0
test,5233,red,0.05,1,0.0
test,5233,red,0.05,3,0.0
test,5233,red,0.05,5,0.0
test,5233,red,0.1,1,0.0
test,5233,red,0.1,3,0.0
test,5233,red,0.1,5,0.0
test,5233,red,0.2,1,0.0
test,5233,red,0.2,3,0.0
test,5233,red,0.2,5,0.0
test,7082,blue,0.0,1,0.0
test,7082,blue,0.05,1,19.00204224545343
test,7082,blue,0.05,3,19.00204224545343
test,7082,blue,0.05,5,19.00204224545343
test,7082,blue,0.1,1,19.00204224545343
test,7082,blue,0.1,3,19.00204224545343
test,7082,blue,0.1,5,19.00204224545343
test,7082,blue,0.2,1,19.00204224545343
test,7082,blue,0.2,3,19.00204224545343
test,7082,blue,0.2,5,19.00204224545343
test,7082,red,0.0,1,0.0
test,7082,red,0.05,1,0.0
test,7082,red,0.05,3,0.0
test,7082,red,0.05,5,0.0
test,7082,red,0.1,1,0.0
test,7082,red,0.1,3,0.0
test,7082,red,0.1,5,0.0
test,7082,red,0.2,1,0.0
test,7082,red,0.2,3,0.0
test,7082,red,0.2,5,0.0
test,11610,blue,0.0,1,0.0
test,11610,blue,0.05,1,0.0
test,11610,blue,0.05,3,0.0
test,11610,blue,0.05,5,0.0
test,11610,blue,0.1,1,0.0
test,11610,blue,0.1,3,0.0
test,11610,blue,0.1,5,0.0
test,11610,blue,0.2,1,21.73762683382393
test,11610,blue,0.2,3,21.73762683382393
test,11610,blue,0.2,5,21.73762683382393
test,11610,red,0.0,1,0.0
test,11610,red,0.05,1,0.0
test,11610,red,0.05,3,0.0
test,11610,red,0.05,5,0.0
test,11610,red,0.1,1,0.0
test,11610,red,0.1,3,0.0
test,11610,red,0.1,5,0.0
test,11610,red,0.2,1,0.0
test,11610,red,0.2,3,0.0
test,11610,red,0.2,5,0.0
test,3550,blue,0.0,1,0.0
test,3550,blue,0.05,1,0.0
test,3550,blue,0.05,3,0.0
test,3550,blue,0.05,5,0.0
test,3550,blue,0.1,1,0.0
test,3550,blue,0.1,3,0.0
test,3550,blue,0.1,5,0.0
test,3550,blue,0.2,1,0.0
test,3550,blue,0.2,3,0.0
test,3550,blue,0.2,5,0.0
test,3550,red,0.0,1,0.0
test,3550,red,0.05,1,0.0
test,3550,red,0.05,3,0.0
test,3550,red,0.05,5,0.0
test,3550,red,0.1,1,0.0
test,3550,red,0.1,3,0.0
test,3550,red,0.1,5,0.0
test,3550,red,0.2,1,0.0
test,3550,red,0.2,3,0.0
test,3550,red,0.2,5,0.0
test,4295,blue,0.0,1,0.0
test,4295,blue,0.05,1,0.0
test,4295,blue,0.05,3,0.0
test,4295,blue,0.05,5,0.0
test,4295,blue,0.1,1,0.0
test,4295,blue,0.1,3,0.0
test,4295,blue,0.1,5,0.0
test,4295,blue,0.2,1,19.795452138919064
test,4295,blue,0.2,3,19.795452138919064
test,4295,blue,0.2,5,19.795452138919064
test,4295,red,0.0,1,0.0
test,4295,red,0.05,1,0.0
test,4295,red,0.05,3,0.0
test,4295,red,0.05,5,0.0
test,4295,red,0.1,1,0.0
test,4295,red,0.1,3,0.0
test,4295,red,0.1,5,0.0
test,4295,red,0.2,1,0.0
test,4295,red,0.2,3,0.0
test,4295,red,0.2,5,0.0
test,11018,blue,0.0,1,0.0
test,11018,blue,0.05,1,19.629256274550755
test,11018,blue,0.05,3,19.629256274550755
test,11018,blue,0.05,5,19.629256274550755
test,11018,blue,0.1,1,19.629256274550755
test,11018,blue,0.1,3,19.629256274550755
test,11018,blue,0.1,5,19.629256274550755
test,11018,blue,0.2,1,19.629256274550755
test,11018,blue,0.2,3,19.629256274550755
test,11018,blue,0.2,5,19.629256274550755
test,11018,red,0.0,1,0.0
test,11018,red,0.05,1,0.0
test,11018,red,0.05,3,0.0
test,11018,red,0.05,5,0.0
test,11018,red,0.1,1,0.0
test,11018,red,0.1,3,0.0
test,11018,red,0.1,5,0.0
test,11018,red,0.2,1,0.0
test,11018,red,0.2,3,0.0
test,11018,red,0.2,5,0.0
test,12672,blue,0.0,1,0.0
test,12672,blue,0.05,1,0.0
test,12672,blue,0.05,3,0.0
test,12672,blue,0.05,5,0.0
test,12672,blue,0.1,1,0.0
test,12672,blue,0.1,3,0.0
test,12672,blue,0.1,5,0.0
test,12672,blue,0.2,1,19.685256654240412
test,12672,blue,0.2,3,19.685256654240412
test,12672,blue,0.2,5,19.685256654240412
test,12672,red,0.0,1,0.0
test,12672,red,0.05,1,0.0
test,12672,red,0.05,3,0.0
test,12672,red,0.05,5,0.0
test,12672,red,0.1,1,0.0
test,12672,red,0.1,3,0.0
test,12672,red,0.1,5,0.0
test,12672,red,0.2,1,0.0
test,12672,red,0.2,3,0.0
test,12672,red,0.2,5,0.0
test,4275,blue,0.0,1,0.0
test,4275,blue,0.05,1,0.0
test,4275,blue,0.05,3,0.0
test,4275,blue,0.05,5,0.0
test,4275,blue,0.1,1,0.0
test,4275,blue,0.1,3,0.0
test,4275,blue,0.1,5,0.0
test,4275,blue,0.2,1,20.111630182127843
test,4275,blue,0.2,3,20.111630182127843
test,4275,blue,0.2,5,20.111630182127843
test,4275,red,0.0,1,0.0
test,4275,red,0.05,1,0.0
test,4275,red,0.05,3,0.0
test,4275,red,0.05,5,0.0
test,4275,red,0.1,1,0.0
test,4275,red,0.1,3,0.0
test,4275,red,0.1,5,0.0
test,4275,red,0.2,1,0.0
test,4275,red,0.2,3,0.0
test,4275,red,0.2,5,0.0
test,12853,blue,0.0,1,0.0
test,12853,blue,0.05,1,0.0
test,12853,blue,0.05,3,0.0
test,12853,blue,0.05,5,0.0
test,12853,blue,0.1,1,0.0
test,12853,blue,0.1,3,0.0
test,12853,blue,0.1,5,0.0
test,12853,blue,0.2,1,42.94545035454496
test,12853,blue,0.2,3,42.94545035454496
test,12853,blue,0.2,5,42.94545035454496
test,12853,red,0.0,1,0.0
test,12853,red,0.05,1,0.0
test,12853,red,0.05,3,0.0
test,12853,red,0.05,5,0.0
test,12853,red,0.1,1,21.47272517727248
test,12853,red,0.1,3,21.47272517727248
test,12853,red,0.1,5,21.47272517727248
test,12853,red,0.2,1,21.47272517727248
test,12853,red,0.2,3,21.47272517727248
test,12853,red,0.2,5,21.47272517727248
test,5328,blue,0.0,1,0.0
test,5328,blue,0.05,1,20.664890382566625
test,5328,blue,0.05,3,20.664890382566625
test,5328,blue,0.05,5,20.664890382566625
test,5328,blue,0.1,1,20.664890382566625
test,5328,blue,0.1,3,20.664890382566625
test,5328,blue,0.1,5,20.664890382566625
test,5328,blue,0.2,1,41.32978076513325
test,5328,blue,0.2,3,41.32978076513325
test,5328,blue,0.2,5,41.32978076513325
test,5328,red,0.0,1,0.0
test,5328,red,0.05,1,0.0
test,5328,red,0.05,3,0.0
test,5328,red,0.05,5,0.0
test,5328,red,0.1,1,0.0
test,5328,red,0.1,3,0.0
test,5328,red,0.1,5,0.0
test,5328,red,0.2,1,0.0
test,5328,red,0.2,3,0.0
test,5328,red,0.2,5,0.0
test,6084,blue,0.0,1,0.0
test,6084,blue,0.05,1,19.524393272004218
test,6084,blue,0.05,3,19.524393272004218
test,6084,blue,0.05,5,19.524393272004218
test,6084,blue,0.1,1,19.524393272004218
test,6084,blue,0.1,3,19.524393272004218
test,6084,blue,0.1,5,19.524393272004218
test,6084,blue,0.2,1,58.573179816012654
test,6084,blue,0.2,3,58.573179816012654
test,6084,blue,0.2,5,58.573179816012654
test,6084,red,0.0,1,0.0
test,6084,red,0.05,1,0.0
test,6084,red,0.05,3,0.0
test,6084,red,0.05,5,0.0
test,6084,red,0.1,1,0.0
test,6084,red,0.1,3,0.0
test,6084,red,0.1,5,0.0
test,6084,red,0.2,1,0.0
test,6084,red,0.2,3,0.0
test,6084,red,0.2,5,0.0
test,5838,blue,0.0,1,0.0
test,5838,blue,0.05,1,0.0
test,5838,blue,0.05,3,0.0
test,5838,blue,0.05,5,0.0
test,5838,blue,0.1,1,0.0
test,5838,blue,0.1,3,0.0
test,5838,blue,0.1,5,0.0
test,5838,blue,0.2,1,21.666063967926945
test,5838,blue,0.2,3,21.666063967926945
test,5838,blue,0.2,5,21.666063967926945
test,5838,red,0.0,1,0.0
test,5838,red,0.05,1,0.0
test,5838,red,0.05,3,0.0
test,5838,red,0.05,5,0.0
test,5838,red,0.1,1,0.0
test,5838,red,0.1,3,0.0
test,5838,red,0.1,5,0.0
test,5838,red,0.2,1,0.0
test,5838,red,0.2,3,0.0
test,5838,red,0.2,5,0.0
test,3813,blue,0.0,1,0.0
test,3813,blue,0.05,1,0.0
test,3813,blue,0.05,3,0.0
test,3813,blue,0.05,5,0.0
test,3813,blue,0.1,1,0.0
test,3813,blue,0.1,3,0.0
test,3813,blue,0.1,5,0.0
test,3813,blue,0.2,1,0.0
test,3813,blue,0.2,3,0.0
test,3813,blue,0.2,5,0.0
test,3813,red,0.0,1,0.0
test,3813,red,0.05,1,0.0
test,3813,red,0.05,3,0.0
test,3813,red,0.05,5,0.0
test,3813,red,0.1,1,0.0
test,3813,red,0.1,3,0.0
test,3813,red,0.1,5,0.0
test,3813,red,0.2,1,0.0
test,3813,red,0.2,3,0.0
test,3813,red,0.2,5,0.0
test,8893,blue,0.0,1,0.0
test,8893,blue,0.05,1,0.0
test,8893,blue,0.05,3,0.0
test,8893,blue,0.05,5,0.0
test,8893,blue,0.1,1,20.54975358164484
test,8893,blue,0.1,3,20.54975358164484
test,8893,blue,0.1,5,20.54975358164484
test,8893,blue,0.2,1,20.54975358164484
test,8893,blue,0.2,3,20.54975358164484
test,8893,blue,0.2,5,20.54975358164484
test,8893,red,0.0,1,0.0
test,8893,red,0.05,1,0.0
test,8893,red,0.05,3,0.0
test,8893,red,0.05,5,0.0
test,8893,red,0.1,1,0.0
test,8893,red,0.1,3,0.0
test,8893,red,0.1,5,0.0
test,8893,red,0.2,1,0.0
test,8893,red,0.2,3,0.0
test,8893,red,0.2,5,0.0
test,7129,blue,0.0,1,0.0
test,7129,blue,0.05,1,19.622849405679702
test,7129,blue,0.05,3,19.622849405679702
test,7129,blue,0.05,5,19.622849405679702
test,7129,blue,0.1,1,19.622849405679702
test,7129,blue,0.1,3,19.622849405679702
test,7129,blue,0.1,5,19.622849405679702
test,7129,blue,0.2,1,19.622849405679702
test,7129,blue,0.2,3,19.622849405679702
test,7129,blue,0.2,5,19.622849405679702
test,7129,red,0.0,1,0.0
test,7129,red,0.05,1,0.0
test,7129,red,0.05,3,0.0
test,7129,red,0.05,5,0.0
test,7129,red,0.1,1,0.0
test,7129,red,0.1,3,0.0
test,7129,red,0.1,5,0.0
test,7129,red,0.2,1,19.622849405679702
test,7129,red,0.2,3,19.622849405679702
test,7129,red,0.2,5,19.622849405679702
test,1539,blue,0.0,1,0.0
test,1539,blue,0.05,1,0.0
test,1539,blue,0.05,3,0.0
test,1539,blue,0.05,5,0.0
test,1539,blue,0.1,1,0.0
test,1539,blue,0.1,3,0.0
test,1539,blue,0.1,5,0.0
test,1539,blue,0.2,1,20.015033843829887
test,1539,blue,0.2,3,20.015033843829887
test,1539,blue,0.2,5,20.015033843829887
test,1539,red,0.0,1,0.0
test,1539,red,0.05,1,0.0
test,1539,red,0.05,3,0.0
test,1539,red,0.05,5,0.0
test,1539,red,0.1,1,0.0
test,1539,red,0.1,3,0.0
test,1539,red,0.1,5,0.0
test,1539,red,0.2,1,0.0
test,1539,red,0.2,3,0.0
test,1539,red,0.2,5,0.0
test,7958,blue,0.0,1,0.0
test,7958,blue,0.05,1,19.954448438911186
test,7958,blue,0.05,3,19.954448438911186
test,7958,blue,0.05,5,19.954448438911186
test,7958,blue,0.1,1,19.954448438911186
test,7958,blue,0.1,3,19.954448438911186
test,7958,blue,0.1,5,19.954448438911186
test,7958,blue,0.2,1,19.954448438911186
test,7958,blue,0.2,3,19.954448438911186
test,7958,blue,0.2,5,19.954448438911186
test,7958,red,0.0,1,0.0
test,7958,red,0.05,1,0.0
test,7958,red,0.05,3,0.0
test,7958,red,0.05,5,0.0
test,7958,red,0.1,1,0.0
test,7958,red,0.1,3,0.0
test,7958,red,0.1,5,0.0
test,7958,red,0.2,1,0.0
test,7958,red,0.2,3,0.0
test,7958,red,0.2,5,0.0
test,2458,blue,0.0,1,0.0
test,2458,blue,0.05,1,0.0
test,2458,blue,0.05,3,0.0
test,2458,blue,0.05,5,0.0
test,2458,blue,0.1,1,21.06843606195938
test,2458,blue,0.1,3,21.06843606195938
test,2458,blue,0.1,5,21.06843606195938
test,2458,blue,0.2,1,42.13687212391876
test,2458,blue,0.2,3,42.13687212391876
test,2458,blue,0.2,5,42.13687212391876
test,2458,red,0.0,1,0.0
test,2458,red,0.05,1,0.0
test,2458,red,0.05,3,0.0
test,2458,red,0.05,5,0.0
test,2458,red,0.1,1,0.0
test,2458,red,0.1,3,0.0
test,2458,red,0.1,5,0.0
test,2458,red,0.2,1,0.0
test,2458,red,0.2,3,0.0
test,2458,red,0.2,5,0.0
test,10712,blue,0.0,1,0.0
test,10712,blue,0.05,1,0.0
test,10712,blue,0.05,3,0.0
test,10712,blue,0.05,5,0.0
test,10712,blue,0.1,1,0.0
test,10712,blue,0.1,3,0.0
test,10712,blue,0.1,5,0.0
test,10712,blue,0.2,1,19.616620629562508
test,10712,blue,0.2,3,19.616620629562508
test,10712,blue,0.2,5,19.616620629562508
test,10712,red,0.0,1,0.0
test,10712,red,0.05,1,0.0
test,10712,red,0.05,3,0.0
test,10712,red,0.05,5,0.0
test,10712,red,0.1,1,0.0
test,10712,red,0.1,3,0.0
test,10712,red,0.1,5,0.0
test,10712,red,0.2,1,0.0
test,10712,red,0.2,3,0.0
test,10712,red,0.2,5,0.0
test,941,blue,0.0,1,0.0
test,941,blue,0.05,1,0.0
test,941,blue,0.05,3,0.0
test,941,blue,0.05,5,0.0
test,941,blue,0.1,1,19.969049419535942
test,941,blue,0.1,3,19.969049419535942
test,941,blue,0.1,5,19.969049419535942
test,941,blue,0.2,1,19.969049419535942
test,941,blue,0.2,3,19.969049419535942
test,941,blue,0.2,5,19.969049419535942
test,941,red,0.0,1,0.0
test,941,red,0.05,1,0.0
test,941,red,0.05,3,0.0
test,941,red,0.05,5,0.0
test,941,red,0.1,1,0.0
test,941,red,0.1,3,0.0
test,941,red,0.1,5,0.0
test,941,red,0.2,1,0.0
test,941,red,0.2,3,0.0
test,941,red,0.2,5,0.0
test,9981,blue,0.0,1,0.0
test,9981,blue,0.05,1,0.0
test,9981,blue,0.05,3,0.0
test,9981,blue,0.05,5,0.0
test,9981,blue,0.1,1,0.0
test,9981,blue,0.1,3,0.0
test,9981,blue,0.1,5,0.0
test,9981,blue,0.2,1,40.497082868674624
test,9981,blue,0.2,3,40.497082868674624
test,9981,blue,0.2,5,40.497082868674624
test,9981,red,0.0,1,0.0
test,9981,red,0.05,1,0.0
test,9981,red,0.05,3,0.0
test,9981,red,0.05,5,0.0
test,9981,red,0.1,1,0.0
test,9981,red,0.1,3,0.0
test,9981,red,0.1,5,0.0
test,9981,red,0.2,1,0.0
test,9981,red,0.2,3,0.0
test,9981,red,0.2,5,0.0
test,11731,blue,0.0,1,0.0
test,11731,blue,0.05,1,0.0
test,11731,blue,0.05,3,0.0
test,11731,blue,0.05,5,0.0
test,11731,blue,0.1,1,20.557558083957286
test,11731,blue,0.1,3,20.557558083957286
test,11731,blue,0.1,5,20.557558083957286
test,11731,blue,0.2,1,20.557558083957286
test,11731,blue,0.2,3,20.557558083957286
test,11731,blue,0.2,5,20.557558083957286
test,11731,red,0.0,1,0.0
test,11731,red,0.05,1,0.0
test,11731,red,0.05,3,0.0
test,11731,red,0.05,5,0.0
test,11731,red,0.1,1,0.0
test,11731,red,0.1,3,0.0
test,11731,red,0.1,5,0.0
test,11731,red,0.2,1,0.0
test,11731,red,0.2,3,0.0
test,11731,red,0.2,5,0.0
test,12295,blue,0.0,1,0.0
test,12295,blue,0.05,1,0.0
test,12295,blue,0.05,3,0.0
test,12295,blue,0.05,5,0.0
test,12295,blue,0.1,1,19.987467214655382
test,12295,blue,0.1,3,19.987467214655382
test,12295,blue,0.1,5,19.987467214655382
test,12295,blue,0.2,1,19.987467214655382
test,12295,blue,0.2,3,19.987467214655382
test,12295,blue,0.2,5,19.987467214655382
test,12295,red,0.0,1,0.0
test,12295,red,0.05,1,19.987467214655382
test,12295,red,0.05,3,19.987467214655382
test,12295,red,0.05,5,19.987467214655382
test,12295,red,0.1,1,19.987467214655382
test,12295,red,0.1,3,19.987467214655382
test,12295,red,0.1,5,19.987467214655382
test,12295,red,0.2,1,19.987467214655382
test,12295,red,0.2,3,19.987467214655382
test,12295,red,0.2,5,19.987467214655382
test,3615,blue,0.0,1,0.0
test,3615,blue,0.05,1,0.0
test,3615,blue,0.05,3,0.0
test,3615,blue,0.05,5,0.0
test,3615,blue,0.1,1,0.0
test,3615,blue,0.1,3,0.0
test,3615,blue,0.1,5,0.0
test,3615,blue,0.2,1,19.26803829823044
test,3615,blue,0.2,3,19.26803829823044
test,3615,blue,0.2,5,19.26803829823044
test,3615,red,0.0,1,0.0
test,3615,red,0.05,1,0.0
test,3615,red,0.05,3,0.0
test,3615,red,0.05,5,0.0
test,3615,red,0.1,1,0.0
test,3615,red,0.1,3,0.0
test,3615,red,0.1,5,0.0
test,3615,red,0.2,1,0.0
test,3615,red,0.2,3,0.0
test,3615,red,0.2,5,0.0
test,9985,blue,0.0,1,0.0
test,9985,blue,0.05,1,21.523985093787672
test,9985,blue,0.05,3,21.523985093787672
test,9985,blue,0.05,5,21.523985093787672
test,9985,blue,0.1,1,21.523985093787672
test,9985,blue,0.1,3,21.523985093787672
test,9985,blue,0.1,5,21.523985093787672
test,9985,blue,0.2,1,43.047970187575345
test,9985,blue,0.2,3,43.047970187575345
test,9985,blue,0.2,5,43.047970187575345
test,9985,red,0.0,1,0.0
test,9985,red,0.05,1,0.0
test,9985,red,0.05,3,0.0
test,9985,red,0.05,5,0.0
test,9985,red,0.1,1,0.0
test,9985,red,0.1,3,0.0
test,9985,red,0.1,5,0.0
test,9985,red,0.2,1,0.0
test,9985,red,0.2,3,0.0
test,9985,red,0.2,5,0.0
test,4651,blue,0.0,1,0.0
test,4651,blue,0.05,1,0.0
test,4651,blue,0.05,3,0.0
test,4651,blue,0.05,5,0.0
test,4651,blue,0.1,1,0.0
test,4651,blue,0.1,3,0.0
test,4651,blue,0.1,5,0.0
test,4651,blue,0.2,1,40.094062568984285
test,4651,blue,0.2,3,40.094062568984285
test,4651,blue,0.2,5,40.094062568984285
test,4651,red,0.0,1,0.0
test,4651,red,0.05,1,0.0
test,4651,red,0.05,3,0.0
test,4651,red,0.05,5,0.0
test,4651,red,0.1,1,0.0
test,4651,red,0.1,3,0.0
test,4651,red,0.1,5,0.0
test,4651,red,0.2,1,0.0
test,4651,red,0.2,3,0.0
test,4651,red,0.2,5,0.0
test,11618,blue,0.0,1,0.0
test,11618,blue,0.05,1,20.398372987853868
test,11618,blue,0.05,3,20.398372987853868
test,11618,blue,0.05,5,20.398372987853868
test,11618,blue,0.1,1,20.398372987853868
test,11618,blue,0.1,3,20.398372987853868
test,11618,blue,0.1,5,20.398372987853868
test,11618,blue,0.2,1,40.796745975707736
test,11618,blue,0.2,3,40.796745975707736
test,11618,blue,0.2,5,40.796745975707736
test,11618,red,0.0,1,0.0
test,11618,red,0.05,1,0.0
test,11618,red,0.05,3,0.0
test,11618,red,0.05,5,0.0
test,11618,red,0.1,1,0.0
test,11618,red,0.1,3,0.0
test,11618,red,0.1,5,0.0
test,11618,red,0.2,1,20.398372987853868
test,11618,red,0.2,3,20.398372987853868
test,11618,red,0.2,5,20.398372987853868
test,5757,blue,0.0,1,0.0
test,5757,blue,0.05,1,0.0
test,5757,blue,0.05,3,0.0
test,5757,blue,0.05,5,0.0
test,5757,blue,0.1,1,0.0
test,5757,blue,0.1,3,0.0
test,5757,blue,0.1,5,0.0
test,5757,blue,0.2,1,21.082234803262434
test,5757,blue,0.2,3,21.082234803262434
test,5757,blue,0.2,5,21.082234803262434
test,5757,red,0.0,1,0.0
test,5757,red,0.05,1,0.0
test,5757,red,0.05,3,0.0
test,5757,red,0.05,5,0.0
test,5757,red,0.1,1,0.0
test,5757,red,0.1,3,0.0
test,5757,red,0.1,5,0.0
test,5757,red,0.2,1,0.0
test,5757,red,0.2,3,0.0
test,5757,red,0.2,5,0.0
test,3947,blue,0.0,1,0.0
test,3947,blue,0.05,1,0.0
test,3947,blue,0.05,3,0.0
test,3947,blue,0.05,5,0.0
test,3947,blue,0.1,1,0.0
test,3947,blue,0.1,3,0.0
test,3947,blue,0.1,5,0.0
test,3947,blue,0.2,1,19.264285100818856
test,3947,blue,0.2,3,19.264285100818856
test,3947,blue,0.2,5,19.264285100818856
test,3947,red,0.0,1,0.0
test,3947,red,0.05,1,0.0
test,3947,red,0.05,3,0.0
test,3947,red,0.05,5,0.0
test,3947,red,0.1,1,0.0
test,3947,red,0.1,3,0.0
test,3947,red,0.1,5,0.0
test,3947,red,0.2,1,0.0
test,3947,red,0.2,3,0.0
test,3947,red,0.2,5,0.0
test,9603,blue,0.0,1,0.0
test,9603,blue,0.05,1,0.0
test,9603,blue,0.05,3,0.0
test,9603,blue,0.05,5,0.0
test,9603,blue,0.1,1,0.0
test,9603,blue,0.1,3,0.0
test,9603,blue,0.1,5,0.0
test,9603,blue,0.2,1,21.704142680035858
test,9603,blue,0.2,3,21.704142680035858
test,9603,blue,0.2,5,21.704142680035858
test,9603,red,0.0,1,0.0
test,9603,red,0.05,1,0.0
test,9603,red,0.05,3,0.0
test,9603,red,0.05,5,0.0
test,9603,red,0.1,1,0.0
test,9603,red,0.1,3,0.0
test,9603,red,0.1,5,0.0
test,9603,red,0.2,1,21.704142680035858
test,9603,red,0.2,3,21.704142680035858
test,9603,red,0.2,5,21.704142680035858
test,2724,blue,0.0,1,0.0
test,2724,blue,0.05,1,0.0
test,2724,blue,0.05,3,0.0
test,2724,blue,0.05,5,0.0
test,2724,blue,0.1,1,0.0
test,2724,blue,0.1,3,0.0
test,2724,blue,0.1,5,0.0
test,2724,blue,0.2,1,19.498930469719497
test,2724,blue,0.2,3,19.498930469719497
test,2724,blue,0.2,5,19.498930469719497
test,2724,red,0.0,1,0.0
test,2724,red,0.05,1,0.0
test,2724,red,0.05,3,0.0
test,2724,red,0.05,5,0.0
test,2724,red,0.1,1,0.0
test,2724,red,0.1,3,0.0
test,2724,red,0.1,5,0.0
test,2724,red,0.2,1,0.0
test,2724,red,0.2,3,0.0
test,2724,red,0.2,5,0.0
test,6139,blue,0.0,1,0.0
test,6139,blue,0.05,1,0.0
test,6139,blue,0.05,3,0.0
test,6139,blue,0.05,5,0.0
test,6139,blue,0.1,1,0.0
test,6139,blue,0.1,3,0.0
test,6139,blue,0.1,5,0.0
test,6139,blue,0.2,1,19.920298524836596
test,6139,blue,0.2,3,19.920298524836596
test,6139,blue,0.2,5,19.920298524836596
test,6139,red,0.0,1,0.0
test,6139,red,0.05,1,0.0
test,6139,red,0.05,3,0.0
test,6139,red,0.05,5,0.0
test,6139,red,0.1,1,0.0
test,6139,red,0.1,3,0.0
test,6139,red,0.1,5,0.0
test,6139,red,0.2,1,0.0
test,6139,red,0.2,3,0.0
test,6139,red,0.2,5,0.0
test,11828,blue,0.0,1,0.0
test,11828,blue,0.05,1,0.0
test,11828,blue,0.05,3,0.0
test,11828,blue,0.05,5,0.0
test,11828,blue,0.1,1,0.0
test,11828,blue,0.1,3,0.0
test,11828,blue,0.1,5,0.0
test,11828,blue,0.2,1,21.6047538767111
test,11828,blue,0.2,3,21.6047538767111
test,11828,blue,0.2,5,21.6047538767111
test,11828,red,0.0,1,0.0
test,11828,red,0.05,1,0.0
test,11828,red,0.05,3,0.0
test,11828,red,0.05,5,0.0
test,11828,red,0.1,1,0.0
test,11828,red,0.1,3,0.0
test,11828,red,0.1,5,0.0
test,11828,red,0.2,1,21.6047538767111
test,11828,red,0.2,3,21.6047538767111
test,11828,red,0.2,5,21.6047538767111
test,9580,blue,0.0,1,0.0
test,9580,blue,0.05,1,0.0
test,9580,blue,0.05,3,0.0
test,9580,blue,0.05,5,0.0
test,9580,blue,0.1,1,0.0
test,9580,blue,0.1,3,0.0
test,9580,blue,0.1,5,0.0
test,9580,blue,0.2,1,19.920272810007553
test,9580,blue,0.2,3,19.920272810007553
test,9580,blue,0.2,5,19.920272810007553
test,9580,red,0.0,1,0.0
test,9580,red,0.05,1,0.0
test,9580,red,0.05,3,0.0
test,9580,red,0.05,5,0.0
test,9580,red,0.1,1,0.0
test,9580,red,0.1,3,0.0
test,9580,red,0.1,5,0.0
test,9580,red,0.2,1,0.0
test,9580,red,0.2,3,0.0
test,9580,red,0.2,5,0.0
test,5416,blue,0.0,1,0.0
test,5416,blue,0.05,1,0.0
test,5416,blue,0.05,3,0.0
test,5416,blue,0.05,5,0.0
test,5416,blue,0.1,1,0.0
test,5416,blue,0.1,3,0.0
test,5416,blue,0.1,5,0.0
test,5416,blue,0.2,1,19.888206017770578
test,5416,blue,0.2,3,19.888206017770578
test,5416,blue,0.2,5,19.888206017770578
test,5416,red,0.0,1,0.0
test,5416,red,0.05,1,0.0
test,5416,red,0.05,3,0.0
test,5416,red,0.05,5,0.0
test,5416,red,0.1,1,0.0
test,5416,red,0.1,3,0.0
test,5416,red,0.1,5,0.0
test,5416,red,0.2,1,0.0
test,5416,red,0.2,3,0.0
test,5416,red,0.2,5,0.0
test,4588,blue,0.0,1,0.0
test,4588,blue,0.05,1,0.0
test,4588,blue,0.05,3,0.0
test,4588,blue,0.05,5,0.0
test,4588,blue,0.1,1,0.0
test,4588,blue,0.1,3,0.0
test,4588,blue,0.1,5,0.0
test,4588,blue,0.2,1,44.82591832083813
test,4588,blue,0.2,3,44.82591832083813
test,4588,blue,0.2,5,44.82591832083813
test,4588,red,0.0,1,0.0
test,4588,red,0.05,1,0.0
test,4588,red,0.05,3,0.0
test,4588,red,0.05,5,0.0
test,4588,red,0.1,1,0.0
test,4588,red,0.1,3,0.0
test,4588,red,0.1,5,0.0
test,4588,red,0.2,1,0.0
test,4588,red,0.2,3,0.0
test,4588,red,0.2,5,0.0
test,12012,blue,0.0,1,0.0
test,12012,blue,0.05,1,0.0
test,12012,blue,0.05,3,0.0
test,12012,blue,0.05,5,0.0
test,12012,blue,0.1,1,0.0
test,12012,blue,0.1,3,0.0
test,12012,blue,0.1,5,0.0
test,12012,blue,0.2,1,22.911508275437203
test,12012,blue,0.2,3,22.911508275437203
test,12012,blue,0.2,5,22.911508275437203
test,12012,red,0.0,1,0.0
test,12012,red,0.05,1,0.0
test,12012,red,0.05,3,0.0
test,12012,red,0.05,5,0.0
test,12012,red,0.1,1,0.0
test,12012,red,0.1,3,0.0
test,12012,red,0.1,5,0.0
test,12012,red,0.2,1,0.0
test,12012,red,0.2,3,0.0
test,12012,red,0.2,5,0.0
test,10170,blue,0.0,1,0.0
test,10170,blue,0.05,1,0.0
test,10170,blue,0.05,3,0.0
test,10170,blue,0.05,5,0.0
test,10170,blue,0.1,1,22.47671652508185
test,10170,blue,0.1,3,22.47671652508185
test,10170,blue,0.1,5,22.47671652508185
test,10170,blue,0.2,1,44.9534330501637
test,10170,blue,0.2,3,44.9534330501637
test,10170,blue,0.2,5,44.9534330501637
test,10170,red,0.0,1,0.0
test,10170,red,0.05,1,0.0
test,10170,red,0.05,3,0.0
test,10170,red,0.05,5,0.0
test,10170,red,0.1,1,0.0
test,10170,red,0.1,3,0.0
test,10170,red,0.1,5,0.0
test,10170,red,0.2,1,0.0
test,10170,red,0.2,3,0.0
test,10170,red,0.2,5,0.0
test,5726,blue,0.0,1,0.0
test,5726,blue,0.05,1,0.0
test,5726,blue,0.05,3,0.0
test,5726,blue,0.05,5,0.0
test,5726,blue,0.1,1,23.346303700291983
test,5726,blue,0.1,3,23.346303700291983
test,5726,blue,0.1,5,23.346303700291983
test,5726,blue,0.2,1,23.346303700291983
test,5726,blue,0.2,3,23.346303700291983
test,5726,blue,0.2,5,23.346303700291983
test,5726,red,0.0,1,0.0
test,5726,red,0.05,1,0.0
test,5726,red,0.05,3,0.0
test,5726,red,0.05,5,0.0
test,5726,red,0.1,1,0.0
test,5726,red,0.1,3,0.0
test,5726,red,0.1,5,0.0
test,5726,red,0.2,1,0.0
test,5726,red,0.2,3,0.0
test,5726,red,0.2,5,0.0
test,298,blue,0.0,1,0.0
test,298,blue,0.05,1,0.0
test,298,blue,0.05,3,0.0
test,298,blue,0.05,5,0.0
test,298,blue,0.1,1,0.0
test,298,blue,0.1,3,0.0
test,298,blue,0.1,5,0.0
test,298,blue,0.2,1,22.48842970532584
test,298,blue,0.2,3,22.48842970532584
test,298,blue,0.2,5,22.48842970532584
test,298,red,0.0,1,0.0
test,298,red,0.05,1,0.0
test,298,red,0.05,3,0.0
test,298,red,0.05,5,0.0
test,298,red,0.1,1,0.0
test,298,red,0.1,3,0.0
test,298,red,0.1,5,0.0
test,298,red,0.2,1,0.0
test,298,red,0.2,3,0.0
test,298,red,0.2,5,0.0
test,3202,blue,0.0,1,0.0
test,3202,blue,0.05,1,0.0
test,3202,blue,0.05,3,0.0
test,3202,blue,0.05,5,0.0
test,3202,blue,0.1,1,23.198437865771197
test,3202,blue,0.1,3,23.198437865771197
test,3202,blue,0.1,5,23.198437865771197
test,3202,blue,0.2,1,23.198437865771197
test,3202,blue,0.2,3,23.198437865771197
test,3202,blue,0.2,5,23.198437865771197
test,3202,red,0.0,1,0.0
test,3202,red,0.05,1,0.0
test,3202,red,0.05,3,0.0
test,3202,red,0.05,5,0.0
test,3202,red,0.1,1,0.0
test,3202,red,0.1,3,0.0
test,3202,red,0.1,5,0.0
test,3202,red,0.2,1,0.0
test,3202,red,0.2,3,0.0
test,3202,red,0.2,5,0.0
test,5932,blue,0.0,1,0.0
test,5932,blue,0.05,1,0.0
test,5932,blue,0.05,3,0.0
test,5932,blue,0.05,5,0.0
test,5932,blue,0.1,1,0.0
test,5932,blue,0.1,3,0.0
test,5932,blue,0.1,5,0.0
test,5932,blue,0.2,1,22.510625042902248
test,5932,blue,0.2,3,22.510625042902248
test,5932,blue,0.2,5,22.510625042902248
test,5932,red,0.0,1,0.0
test,5932,red,0.05,1,0.0
test,5932,red,0.05,3,0.0
test,5932,red,0.05,5,0.0
test,5932,red,0.1,1,0.0
test,5932,red,0.1,3,0.0
test,5932,red,0.1,5,0.0
test,5932,red,0.2,1,0.0
test,5932,red,0.2,3,0.0
test,5932,red,0.2,5,0.0
test,9384,blue,0.0,1,0.0
test,9384,blue,0.05,1,0.0
test,9384,blue,0.05,3,0.0
test,9384,blue,0.05,5,0.0
test,9384,blue,0.1,1,0.0
test,9384,blue,0.1,3,0.0
test,9384,blue,0.1,5,0.0
test,9384,blue,0.2,1,23.249760616582126
test,9384,blue,0.2,3,23.249760616582126
test,9384,blue,0.2,5,23.249760616582126
test,9384,red,0.0,1,0.0
test,9384,red,0.05,1,0.0
test,9384,red,0.05,3,0.0
test,9384,red,0.05,5,0.0
test,9384,red,0.1,1,0.0
test,9384,red,0.1,3,0.0
test,9384,red,0.1,5,0.0
test,9384,red,0.2,1,23.249760616582126
test,9384,red,0.2,3,23.249760616582126
test,9384,red,0.2,5,23.249760616582126
test,12132,blue,0.0,1,0.0
test,12132,blue,0.05,1,0.0
test,12132,blue,0.05,3,0.0
test,12132,blue,0.05,5,0.0
test,12132,blue,0.1,1,0.0
test,12132,blue,0.1,3,0.0
test,12132,blue,0.1,5,0.0
test,12132,blue,0.2,1,24.32644604457962
test,12132,blue,0.2,3,24.32644604457962
test,12132,blue,0.2,5,24.32644604457962
test,12132,red,0.0,1,0.0
test,12132,red,0.05,1,0.0
test,12132,red,0.05,3,0.0
test,12132,red,0.05,5,0.0
test,12132,red,0.1,1,0.0
test,12132,red,0.1,3,0.0
test,12132,red,0.1,5,0.0
test,12132,red,0.2,1,24.32644604457962
test,12132,red,0.2,3,24.32644604457962
test,12132,red,0.2,5,24.32644604457962
test,10777,blue,0.0,1,0.0
test,10777,blue,0.05,1,23.632117601045152
test,10777,blue,0.05,3,23.632117601045152
test,10777,blue,0.05,5,23.632117601045152
test,10777,blue,0.1,1,23.632117601045152
test,10777,blue,0.1,3,23.632117601045152
test,10777,blue,0.1,5,23.632117601045152
test,10777,blue,0.2,1,23.632117601045152
test,10777,blue,0.2,3,23.632117601045152
test,10777,blue,0.2,5,23.632117601045152
test,10777,red,0.0,1,0.0
test,10777,red,0.05,1,0.0
test,10777,red,0.05,3,0.0
test,10777,red,0.05,5,0.0
test,10777,red,0.1,1,0.0
test,10777,red,0.1,3,0.0
test,10777,red,0.1,5,0.0
test,10777,red,0.2,1,0.0
test,10777,red,0.2,3,0.0
test,10777,red,0.2,5,0.0
test,9420,blue,0.0,1,0.0
test,9420,blue,0.05,1,0.0
test,9420,blue,0.05,3,0.0
test,9420,blue,0.05,5,0.0
test,9420,blue,0.1,1,25.68283101013829
test,9420,blue,0.1,3,25.68283101013829
test,9420,blue,0.1,5,25.68283101013829
test,9420,blue,0.2,1,25.68283101013829
test,9420,blue,0.2,3,25.68283101013829
test,9420,blue,0.2,5,25.68283101013829
test,9420,red,0.0,1,0.0
test,9420,red,0.05,1,0.0
test,9420,red,0.05,3,0.0
test,9420,red,0.05,5,0.0
test,9420,red,0.1,1,0.0
test,9420,red,0.1,3,0.0
test,9420,red,0.1,5,0.0
test,9420,red,0.2,1,25.68283101013829
test,9420,red,0.2,3,25.68283101013829
test,9420,red,0.2,5,25.68283101013829
test,231,blue,0.0,1,0.0
test,231,blue,0.05,1,0.0
test,231,blue,0.05,3,0.0
test,231,blue,0.05,5,0.0
test,231,blue,0.1,1,23.47997823227218
test,231,blue,0.1,3,23.47997823227218
test,231,blue,0.1,5,23.47997823227218
test,231,blue,0.2,1,23.47997823227218
test,231,blue,0.2,3,23.47997823227218
test,231,blue,0.2,5,23.47997823227218
test,231,red,0.0,1,0.0
test,231,red,0.05,1,0.0
test,231,red,0.05,3,0.0
test,231,red,0.05,5,0.0
test,231,red,0.1,1,0.0
test,231,red,0.1,3,0.0
test,231,red,0.1,5,0.0
test,231,red,0.2,1,0.0
test,231,red,0.2,3,0.0
test,231,red,0.2,5,0.0
test,117,blue,0.0,1,0.0
test,117,blue,0.05,1,0.0
test,117,blue,0.05,3,0.0
test,117,blue,0.05,5,0.0
test,117,blue,0.1,1,0.0
test,117,blue,0.1,3,0.0
test,117,blue,0.1,5,0.0
test,117,blue,0.2,1,0.0
test,117,blue,0.2,3,0.0
test,117,blue,0.2,5,0.0
test,117,red,0.0,1,0.0
test,117,red,0.05,1,0.0
test,117,red,0.05,3,0.0
test,117,red,0.05,5,0.0
test,117,red,0.1,1,0.0
test,117,red,0.1,3,0.0
test,117,red,0.1,5,0.0
test,117,red,0.2,1,25.610555994848518
test,117,red,0.2,3,25.610555994848518
test,117,red,0.2,5,25.610555994848518
test,1224,blue,0.0,1,0.0
test,1224,blue,0.05,1,24.094580745720915
test,1224,blue,0.05,3,24.094580745720915
test,1224,blue,0.05,5,24.094580745720915
test,1224,blue,0.1,1,24.094580745720915
test,1224,blue,0.1,3,24.094580745720915
test,1224,blue,0.1,5,24.094580745720915
test,1224,blue,0.2,1,24.094580745720915
test,1224,blue,0.2,3,24.094580745720915
test,1224,blue,0.2,5,24.094580745720915
test,1224,red,0.0,1,0.0
test,1224,red,0.05,1,0.0
test,1224,red,0.05,3,0.0
test,1224,red,0.05,5,0.0
test,1224,red,0.1,1,0.0
test,1224,red,0.1,3,0.0
test,1224,red,0.1,5,0.0
test,1224,red,0.2,1,0.0
test,1224,red,0.2,3,0.0
test,1224,red,0.2,5,0.0
test,11549,blue,0.0,1,0.0
test,11549,blue,0.05,1,22.717701186190233
test,11549,blue,0.05,3,22.717701186190233
test,11549,blue,0.05,5,22.717701186190233
test,11549,blue,0.1,1,22.717701186190233
test,11549,blue,0.1,3,22.717701186190233
test,11549,blue,0.1,5,22.717701186190233
test,11549,blue,0.2,1,22.717701186190233
test,11549,blue,0.2,3,22.717701186190233
test,11549,blue,0.2,5,22.717701186190233
test,11549,red,0.0,1,0.0
test,11549,red,0.05,1,0.0
test,11549,red,0.05,3,0.0
test,11549,red,0.05,5,0.0
test,11549,red,0.1,1,0.0
test,11549,red,0.1,3,0.0
test,11549,red,0.1,5,0.0
test,11549,red,0.2,1,0.0
test,11549,red,0.2,3,0.0
test,11549,red,0.2,5,0.0
test,5000,blue,0.0,1,0.0
test,5000,blue,0.05,1,0.0
test,5000,blue,0.05,3,0.0
test,5000,blue,0.05,5,0.0
test,5000,blue,0.1,1,24.31537052077541
test,5000,blue,0.1,3,24.31537052077541
test,5000,blue,0.1,5,24.31537052077541
test,5000,blue,0.2,1,24.31537052077541
test,5000,blue,0.2,3,24.31537052077541
test,5000,blue,0.2,5,24.31537052077541
test,5000,red,0.0,1,0.0
test,5000,red,0.05,1,0.0
test,5000,red,0.05,3,0.0
test,5000,red,0.05,5,0.0
test,5000,red,0.1,1,0.0
test,5000,red,0.1,3,0.0
test,5000,red,0.1,5,0.0
test,5000,red,0.2,1,0.0
test,5000,red,0.2,3,0.0
test,5000,red,0.2,5,0.0
test,10089,blue,0.0,1,0.0
test,10089,blue,0.05,1,24.491783791217564
test,10089,blue,0.05,3,24.491783791217564
test,10089,blue,0.05,5,24.491783791217564
test,10089,blue,0.1,1,24.491783791217564
test,10089,blue,0.1,3,24.491783791217564
test,10089,blue,0.1,5,24.491783791217564
test,10089,blue,0.2,1,48.98356758243513
test,10089,blue,0.2,3,48.98356758243513
test,10089,blue,0.2,5,48.98356758243513
test,10089,red,0.0,1,0.0
test,10089,red,0.05,1,0.0
test,10089,red,0.05,3,0.0
test,10089,red,0.05,5,0.0
test,10089,red,0.1,1,0.0
test,10089,red,0.1,3,0.0
test,10089,red,0.1,5,0.0
test,10089,red,0.2,1,0.0
test,10089,red,0.2,3,0.0
test,10089,red,0.2,5,0.0
test,9471,blue,0.0,1,0.0
test,9471,blue,0.05,1,23.190823015332697
test,9471,blue,0.05,3,23.190823015332697
test,9471,blue,0.05,5,23.190823015332697
test,9471,blue,0.1,1,23.190823015332697
test,9471,blue,0.1,3,23.190823015332697
test,9471,blue,0.1,5,23.190823015332697
test,9471,blue,0.2,1,23.190823015332697
test,9471,blue,0.2,3,23.190823015332697
test,9471,blue,0.2,5,23.190823015332697
test,9471,red,0.0,1,0.0
test,9471,red,0.05,1,0.0
test,9471,red,0.05,3,0.0
test,9471,red,0.05,5,0.0
test,9471,red,0.1,1,0.0
test,9471,red,0.1,3,0.0
test,9471,red,0.1,5,0.0
test,9471,red,0.2,1,0.0
test,9471,red,0.2,3,0.0
test,9471,red,0.2,5,0.0
test,9253,blue,0.0,1,0.0
test,9253,blue,0.05,1,0.0
test,9253,blue,0.05,3,0.0
test,9253,blue,0.05,5,0.0
test,9253,blue,0.1,1,0.0
test,9253,blue,0.1,3,0.0
test,9253,blue,0.1,5,0.0
test,9253,blue,0.2,1,23.14987224689994
test,9253,blue,0.2,3,23.14987224689994
test,9253,blue,0.2,5,23.14987224689994
test,9253,red,0.0,1,0.0
test,9253,red,0.05,1,0.0
test,9253,red,0.05,3,0.0
test,9253,red,0.05,5,0.0
test,9253,red,0.1,1,0.0
test,9253,red,0.1,3,0.0
test,9253,red,0.1,5,0.0
test,9253,red,0.2,1,0.0
test,9253,red,0.2,3,0.0
test,9253,red,0.2,5,0.0
test,11474,blue,0.0,1,0.0
test,11474,blue,0.05,1,0.0
test,11474,blue,0.05,3,0.0
test,11474,blue,0.05,5,0.0
test,11474,blue,0.1,1,23.248630855794083
test,11474,blue,0.1,3,23.248630855794083
test,11474,blue,0.1,5,23.248630855794083
test,11474,blue,0.2,1,46.497261711588166
test,11474,blue,0.2,3,46.497261711588166
test,11474,blue,0.2,5,46.497261711588166
test,11474,red,0.0,1,0.0
test,11474,red,0.05,1,0.0
test,11474,red,0.05,3,0.0
test,11474,red,0.05,5,0.0
test,11474,red,0.1,1,0.0
test,11474,red,0.1,3,0.0
test,11474,red,0.1,5,0.0
test,11474,red,0.2,1,23.248630855794083
test,11474,red,0.2,3,23.248630855794083
test,11474,red,0.2,5,23.248630855794083
test,9008,blue,0.0,1,0.0
test,9008,blue,0.05,1,0.0
test,9008,blue,0.05,3,0.0
test,9008,blue,0.05,5,0.0
test,9008,blue,0.1,1,0.0
test,9008,blue,0.1,3,0.0
test,9008,blue,0.1,5,0.0
test,9008,blue,0.2,1,24.551429224005243
test,9008,blue,0.2,3,24.551429224005243
test,9008,blue,0.2,5,24.551429224005243
test,9008,red,0.0,1,0.0
test,9008,red,0.05,1,0.0
test,9008,red,0.05,3,0.0
test,9008,red,0.05,5,0.0
test,9008,red,0.1,1,0.0
test,9008,red,0.1,3,0.0
test,9008,red,0.1,5,0.0
test,9008,red,0.2,1,0.0
test,9008,red,0.2,3,0.0
test,9008,red,0.2,5,0.0
test,2043,blue,0.0,1,0.0
test,2043,blue,0.05,1,0.0
test,2043,blue,0.05,3,0.0
test,2043,blue,0.05,5,0.0
test,2043,blue,0.1,1,25.141021773065937
test,2043,blue,0.1,3,25.141021773065937
test,2043,blue,0.1,5,25.141021773065937
test,2043,blue,0.2,1,25.141021773065937
test,2043,blue,0.2,3,25.141021773065937
test,2043,blue,0.2,5,25.141021773065937
test,2043,red,0.0,1,0.0
test,2043,red,0.05,1,0.0
test,2043,red,0.05,3,0.0
test,2043,red,0.05,5,0.0
test,2043,red,0.1,1,0.0
test,2043,red,0.1,3,0.0
test,2043,red,0.1,5,0.0
test,2043,red,0.2,1,25.141021773065937
test,2043,red,0.2,3,25.141021773065937
test,2043,red,0.2,5,25.141021773065937
test,9782,blue,0.0,1,0.0
test,9782,blue,0.05,1,0.0
test,9782,blue,0.05,3,0.0
test,9782,blue,0.05,5,0.0
test,9782,blue,0.1,1,24.14459941118271
test,9782,blue,0.1,3,24.14459941118271
test,9782,blue,0.1,5,24.14459941118271
test,9782,blue,0.2,1,48.28919882236542
test,9782,blue,0.2,3,48.28919882236542
test,9782,blue,0.2,5,48.28919882236542
test,9782,red,0.0,1,0.0
test,9782,red,0.05,1,0.0
test,9782,red,0.05,3,0.0
test,9782,red,0.05,5,0.0
test,9782,red,0.1,1,0.0
test,9782,red,0.1,3,0.0
test,9782,red,0.1,5,0.0
test,9782,red,0.2,1,0.0
test,9782,red,0.2,3,0.0
test,9782,red,0.2,5,0.0
test,53,blue,0.0,1,0.0
test,53,blue,0.05,1,0.0
test,53,blue,0.05,3,0.0
test,53,blue,0.05,5,0.0
test,53,blue,0.1,1,0.0
test,53,blue,0.1,3,0.0
test,53,blue,0.1,5,0.0
test,53,blue,0.2,1,22.530591515791443
test,53,blue,0.2,3,22.530591515791443
test,53,blue,0.2,5,22.530591515791443
test,53,red,0.0,1,0.0
test,53,red,0.05,1,0.0
test,53,red,0.05,3,0.0
test,53,red,0.05,5,0.0
test,53,red,0.1,1,0.0
test,53,red,0.1,3,0.0
test,53,red,0.1,5,0.0
test,53,red,0.2,1,0.0
test,53,red,0.2,3,0.0
test,53,red,0.2,5,0.0
test,7097,blue,0.0,1,0.0
test,7097,blue,0.05,1,25.125204915794875
test,7097,blue,0.05,3,25.125204915794875
test,7097,blue,0.05,5,25.125204915794875
test,7097,blue,0.1,1,25.125204915794875
test,7097,blue,0.1,3,25.125204915794875
test,7097,blue,0.1,5,25.125204915794875
test,7097,blue,0.2,1,25.125204915794875
test,7097,blue,0.2,3,25.125204915794875
test,7097,blue,0.2,5,25.125204915794875
test,7097,red,0.0,1,0.0
test,7097,red,0.05,1,0.0
test,7097,red,0.05,3,0.0
test,7097,red,0.05,5,0.0
test,7097,red,0.1,1,0.0
test,7097,red,0.1,3,0.0
test,7097,red,0.1,5,0.0
test,7097,red,0.2,1,0.0
test,7097,red,0.2,3,0.0
test,7097,red,0.2,5,0.0
test,7205,blue,0.0,1,0.0
test,7205,blue,0.05,1,0.0
test,7205,blue,0.05,3,0.0
test,7205,blue,0.05,5,0.0
test,7205,blue,0.1,1,0.0
test,7205,blue,0.1,3,0.0
test,7205,blue,0.1,5,0.0
test,7205,blue,0.2,1,22.971527204269442
test,7205,blue,0.2,3,22.971527204269442
test,7205,blue,0.2,5,22.971527204269442
test,7205,red,0.0,1,0.0
test,7205,red,0.05,1,0.0
test,7205,red,0.05,3,0.0
test,7205,red,0.05,5,0.0
test,7205,red,0.1,1,0.0
test,7205,red,0.1,3,0.0
test,7205,red,0.1,5,0.0
test,7205,red,0.2,1,22.971527204269442
test,7205,red,0.2,3,22.971527204269442
test,7205,red,0.2,5,22.971527204269442
test,1333,blue,0.0,1,0.0
test,1333,blue,0.05,1,0.0
test,1333,blue,0.05,3,0.0
test,1333,blue,0.05,5,0.0
test,1333,blue,0.1,1,23.98232820118409
test,1333,blue,0.1,3,23.98232820118409
test,1333,blue,0.1,5,23.98232820118409
test,1333,blue,0.2,1,23.98232820118409
test,1333,blue,0.2,3,23.98232820118409
test,1333,blue,0.2,5,23.98232820118409
test,1333,red,0.0,1,0.0
test,1333,red,0.05,1,0.0
test,1333,red,0.05,3,0.0
test,1333,red,0.05,5,0.0
test,1333,red,0.1,1,0.0
test,1333,red,0.1,3,0.0
test,1333,red,0.1,5,0.0
test,1333,red,0.2,1,23.98232820118409
test,1333,red,0.2,3,23.98232820118409
test,1333,red,0.2,5,23.98232820118409
test,12473,blue,0.0,1,0.0
test,12473,blue,0.05,1,25.47591586634452
test,12473,blue,0.05,3,25.47591586634452
test,12473,blue,0.05,5,25.47591586634452
test,12473,blue,0.1,1,25.47591586634452
test,12473,blue,0.1,3,25.47591586634452
test,12473,blue,0.1,5,25.47591586634452
test,12473,blue,0.2,1,25.47591586634452
test,12473,blue,0.2,3,25.47591586634452
test,12473,blue,0.2,5,25.47591586634452
test,12473,red,0.0,1,0.0
test,12473,red,0.05,1,0.0
test,12473,red,0.05,3,0.0
test,12473,red,0.05,5,0.0
test,12473,red,0.1,1,0.0
test,12473,red,0.1,3,0.0
test,12473,red,0.1,5,0.0
test,12473,red,0.2,1,25.47591586634452
test,12473,red,0.2,3,25.47591586634452
test,12473,red,0.2,5,25.47591586634452
test,1765,blue,0.0,1,0.0
test,1765,blue,0.05,1,0.0
test,1765,blue,0.05,3,0.0
test,1765,blue,0.05,5,0.0
test,1765,blue,0.1,1,0.0
test,1765,blue,0.1,3,0.0
test,1765,blue,0.1,5,0.0
test,1765,blue,0.2,1,25.979359547134
test,1765,blue,0.2,3,25.979359547134
test,1765,blue,0.2,5,25.979359547134
test,1765,red,0.0,1,0.0
test,1765,red,0.05,1,0.0
test,1765,red,0.05,3,0.0
test,1765,red,0.05,5,0.0
test,1765,red,0.1,1,0.0
test,1765,red,0.1,3,0.0
test,1765,red,0.1,5,0.0
test,1765,red,0.2,1,0.0
test,1765,red,0.2,3,0.0
test,1765,red,0.2,5,0.0
test,7554,blue,0.0,1,0.0
test,7554,blue,0.05,1,0.0
test,7554,blue,0.05,3,0.0
test,7554,blue,0.05,5,0.0
test,7554,blue,0.1,1,24.283294606007452
test,7554,blue,0.1,3,24.283294606007452
test,7554,blue,0.1,5,24.283294606007452
test,7554,blue,0.2,1,24.283294606007452
test,7554,blue,0.2,3,24.283294606007452
test,7554,blue,0.2,5,24.283294606007452
test,7554,red,0.0,1,0.0
test,7554,red,0.05,1,0.0
test,7554,red,0.05,3,0.0
test,7554,red,0.05,5,0.0
test,7554,red,0.1,1,0.0
test,7554,red,0.1,3,0.0
test,7554,red,0.1,5,0.0
test,7554,red,0.2,1,24.283294606007452
test,7554,red,0.2,3,24.283294606007452
test,7554,red,0.2,5,24.283294606007452
test,12670,blue,0.0,1,0.0
test,12670,blue,0.05,1,0.0
test,12670,blue,0.05,3,0.0
test,12670,blue,0.05,5,0.0
test,12670,blue,0.1,1,24.305871601982663
test,12670,blue,0.1,3,24.305871601982663
test,12670,blue,0.1,5,24.305871601982663
test,12670,blue,0.2,1,24.305871601982663
test,12670,blue,0.2,3,24.305871601982663
test,12670,blue,0.2,5,24.305871601982663
test,12670,red,0.0,1,0.0
test,12670,red,0.05,1,0.0
test,12670,red,0.05,3,0.0
test,12670,red,0.05,5,0.0
test,12670,red,0.1,1,0.0
test,12670,red,0.1,3,0.0
test,12670,red,0.1,5,0.0
test,12670,red,0.2,1,0.0
test,12670,red,0.2,3,0.0
test,12670,red,0.2,5,0.0
test,6126,blue,0.0,1,0.0
test,6126,blue,0.05,1,22.732191832820163
test,6126,blue,0.05,3,22.732191832820163
test,6126,blue,0.05,5,22.732191832820163
test,6126,blue,0.1,1,22.732191832820163
test,6126,blue,0.1,3,22.732191832820163
test,6126,blue,0.1,5,22.732191832820163
test,6126,blue,0.2,1,22.732191832820163
test,6126,blue,0.2,3,22.732191832820163
test,6126,blue,0.2,5,22.732191832820163
test,6126,red,0.0,1,0.0
test,6126,red,0.05,1,0.0
test,6126,red,0.05,3,0.0
test,6126,red,0.05,5,0.0
test,6126,red,0.1,1,0.0
test,6126,red,0.1,3,0.0
test,6126,red,0.1,5,0.0
test,6126,red,0.2,1,0.0
test,6126,red,0.2,3,0.0
test,6126,red,0.2,5,0.0
test,11784,blue,0.0,1,0.0
test,11784,blue,0.05,1,22.02069147533198
test,11784,blue,0.05,3,22.02069147533198
test,11784,blue,0.05,5,22.02069147533198
test,11784,blue,0.1,1,22.02069147533198
test,11784,blue,0.1,3,22.02069147533198
test,11784,blue,0.1,5,22.02069147533198
test,11784,blue,0.2,1,22.02069147533198
test,11784,blue,0.2,3,22.02069147533198
test,11784,blue,0.2,5,22.02069147533198
test,11784,red,0.0,1,0.0
test,11784,red,0.05,1,0.0
test,11784,red,0.05,3,0.0
test,11784,red,0.05,5,0.0
test,11784,red,0.1,1,0.0
test,11784,red,0.1,3,0.0
test,11784,red,0.1,5,0.0
test,11784,red,0.2,1,0.0
test,11784,red,0.2,3,0.0
test,11784,red,0.2,5,0.0
test,1107,blue,0.0,1,0.0
test,1107,blue,0.05,1,0.0
test,1107,blue,0.05,3,0.0
test,1107,blue,0.05,5,0.0
test,1107,blue,0.1,1,0.0
test,1107,blue,0.1,3,0.0
test,1107,blue,0.1,5,0.0
test,1107,blue,0.2,1,24.337126569226996
test,1107,blue,0.2,3,24.337126569226996
test,1107,blue,0.2,5,24.337126569226996
test,1107,red,0.0,1,0.0
test,1107,red,0.05,1,0.0
test,1107,red,0.05,3,0.0
test,1107,red,0.05,5,0.0
test,1107,red,0.1,1,0.0
test,1107,red,0.1,3,0.0
test,1107,red,0.1,5,0.0
test,1107,red,0.2,1,24.337126569226996
test,1107,red,0.2,3,24.337126569226996
test,1107,red,0.2,5,24.337126569226996
test,2573,blue,0.0,1,0.0
test,2573,blue,0.05,1,24.455308310850175
test,2573,blue,0.05,3,24.455308310850175
test,2573,blue,0.05,5,24.455308310850175
test,2573,blue,0.1,1,24.455308310850175
test,2573,blue,0.1,3,24.455308310850175
test,2573,blue,0.1,5,24.455308310850175
test,2573,blue,0.2,1,24.455308310850175
test,2573,blue,0.2,3,24.455308310850175
test,2573,blue,0.2,5,24.455308310850175
test,2573,red,0.0,1,0.0
test,2573,red,0.05,1,0.0
test,2573,red,0.05,3,0.0
test,2573,red,0.05,5,0.0
test,2573,red,0.1,1,0.0
test,2573,red,0.1,3,0.0
test,2573,red,0.1,5,0.0
test,2573,red,0.2,1,24.455308310850175
test,2573,red,0.2,3,24.455308310850175
test,2573,red,0.2,5,24.455308310850175
test,11167,blue,0.0,1,0.0
test,11167,blue,0.05,1,0.0
test,11167,blue,0.05,3,0.0
test,11167,blue,0.05,5,0.0
test,11167,blue,0.1,1,22.20396543184414
test,11167,blue,0.1,3,22.20396543184414
test,11167,blue,0.1,5,22.20396543184414
test,11167,blue,0.2,1,22.20396543184414
test,11167,blue,0.2,3,22.20396543184414
test,11167,blue,0.2,5,22.20396543184414
test,11167,red,0.0,1,0.0
test,11167,red,0.05,1,0.0
test,11167,red,0.05,3,0.0
test,11167,red,0.05,5,0.0
test,11167,red,0.1,1,0.0
test,11167,red,0.1,3,0.0
test,11167,red,0.1,5,0.0
test,11167,red,0.2,1,0.0
test,11167,red,0.2,3,0.0
test,11167,red,0.2,5,0.0
test,3519,blue,0.0,1,0.0
test,3519,blue,0.05,1,0.0
test,3519,blue,0.05,3,0.0
test,3519,blue,0.05,5,0.0
test,3519,blue,0.1,1,0.0
test,3519,blue,0.1,3,0.0
test,3519,blue,0.1,5,0.0
test,3519,blue,0.2,1,0.0
test,3519,blue,0.2,3,0.0
test,3519,blue,0.2,5,0.0
test,3519,red,0.0,1,0.0
test,3519,red,0.05,1,0.0
test,3519,red,0.05,3,0.0
test,3519,red,0.05,5,0.0
test,3519,red,0.1,1,0.0
test,3519,red,0.1,3,0.0
test,3519,red,0.1,5,0.0
test,3519,red,0.2,1,0.0
test,3519,red,0.2,3,0.0
test,3519,red,0.2,5,0.0
test,9499,blue,0.0,1,0.0
test,9499,blue,0.05,1,0.0
test,9499,blue,0.05,3,0.0
test,9499,blue,0.05,5,0.0
test,9499,blue,0.1,1,0.0
test,9499,blue,0.1,3,0.0
test,9499,blue,0.1,5,0.0
test,9499,blue,0.2,1,24.559375240445853
test,9499,blue,0.2,3,24.559375240445853
test,9499,blue,0.2,5,24.559375240445853
test,9499,red,0.0,1,0.0
test,9499,red,0.05,1,0.0
test,9499,red,0.05,3,0.0
test,9499,red,0.05,5,0.0
test,9499,red,0.1,1,0.0
test,9499,red,0.1,3,0.0
test,9499,red,0.1,5,0.0
test,9499,red,0.2,1,0.0
test,9499,red,0.2,3,0.0
test,9499,red,0.2,5,0.0
test,546,blue,0.0,1,0.0
test,546,blue,0.05,1,23.488877905072727
test,546,blue,0.05,3,23.488877905072727
test,546,blue,0.05,5,23.488877905072727
test,546,blue,0.1,1,23.488877905072727
test,546,blue,0.1,3,23.488877905072727
test,546,blue,0.1,5,23.488877905072727
test,546,blue,0.2,1,46.97775581014545
test,546,blue,0.2,3,46.97775581014545
test,546,blue,0.2,5,46.97775581014545
test,546,red,0.0,1,0.0
test,546,red,0.05,1,0.0
test,546,red,0.05,3,0.0
test,546,red,0.05,5,0.0
test,546,red,0.1,1,0.0
test,546,red,0.1,3,0.0
test,546,red,0.1,5,0.0
test,546,red,0.2,1,0.0
test,546,red,0.2,3,0.0
test,546,red,0.2,5,0.0
test,6364,blue,0.0,1,0.0
test,6364,blue,0.05,1,0.0
test,6364,blue,0.05,3,0.0
test,6364,blue,0.05,5,0.0
test,6364,blue,0.1,1,23.81551468928776
test,6364,blue,0.1,3,23.81551468928776
test,6364,blue,0.1,5,23.81551468928776
test,6364,blue,0.2,1,23.81551468928776
test,6364,blue,0.2,3,23.81551468928776
test,6364,blue,0.2,5,23.81551468928776
test,6364,red,0.0,1,0.0
test,6364,red,0.05,1,0.0
test,6364,red,0.05,3,0.0
test,6364,red,0.05,5,0.0
test,6364,red,0.1,1,0.0
test,6364,red,0.1,3,0.0
test,6364,red,0.1,5,0.0
test,6364,red,0.2,1,23.81551468928776
test,6364,red,0.2,3,23.81551468928776
test,6364,red,0.2,5,23.81551468928776
test,9168,blue,0.0,1,0.0
test,9168,blue,0.05,1,0.0
test,9168,blue,0.05,3,0.0
test,9168,blue,0.05,5,0.0
test,9168,blue,0.1,1,0.0
test,9168,blue,0.1,3,0.0
test,9168,blue,0.1,5,0.0
test,9168,blue,0.2,1,47.209795497032445
test,9168,blue,0.2,3,47.209795497032445
test,9168,blue,0.2,5,47.209795497032445
test,9168,red,0.0,1,0.0
test,9168,red,0.05,1,0.0
test,9168,red,0.05,3,0.0
test,9168,red,0.05,5,0.0
test,9168,red,0.1,1,0.0
test,9168,red,0.1,3,0.0
test,9168,red,0.1,5,0.0
test,9168,red,0.2,1,0.0
test,9168,red,0.2,3,0.0
test,9168,red,0.2,5,0.0
test,8407,blue,0.0,1,0.0
test,8407,blue,0.05,1,22.89960633558021
test,8407,blue,0.05,3,22.89960633558021
test,8407,blue,0.05,5,22.89960633558021
test,8407,blue,0.1,1,22.89960633558021
test,8407,blue,0.1,3,22.89960633558021
test,8407,blue,0.1,5,22.89960633558021
test,8407,blue,0.2,1,45.79921267116042
test,8407,blue,0.2,3,45.79921267116042
test,8407,blue,0.2,5,45.79921267116042
test,8407,red,0.0,1,0.0
test,8407,red,0.05,1,0.0
test,8407,red,0.05,3,0.0
test,8407,red,0.05,5,0.0
test,8407,red,0.1,1,0.0
test,8407,red,0.1,3,0.0
test,8407,red,0.1,5,0.0
test,8407,red,0.2,1,0.0
test,8407,red,0.2,3,0.0
test,8407,red,0.2,5,0.0
test,12704,blue,0.0,1,0.0
test,12704,blue,0.05,1,0.0
test,12704,blue,0.05,3,0.0
test,12704,blue,0.05,5,0.0
test,12704,blue,0.1,1,0.0
test,12704,blue,0.1,3,0.0
test,12704,blue,0.1,5,0.0
test,12704,blue,0.2,1,24.00182241685294
test,12704,blue,0.2,3,24.00182241685294
test,12704,blue,0.2,5,24.00182241685294
test,12704,red,0.0,1,0.0
test,12704,red,0.05,1,0.0
test,12704,red,0.05,3,0.0
test,12704,red,0.05,5,0.0
test,12704,red,0.1,1,0.0
test,12704,red,0.1,3,0.0
test,12704,red,0.1,5,0.0
test,12704,red,0.2,1,0.0
test,12704,red,0.2,3,0.0
test,12704,red,0.2,5,0.0
test,10057,blue,0.0,1,0.0
test,10057,blue,0.05,1,23.34016984343996
test,10057,blue,0.05,3,23.34016984343996
test,10057,blue,0.05,5,23.34016984343996
test,10057,blue,0.1,1,23.34016984343996
test,10057,blue,0.1,3,23.34016984343996
test,10057,blue,0.1,5,23.34016984343996
test,10057,blue,0.2,1,46.68033968687992
test,10057,blue,0.2,3,46.68033968687992
test,10057,blue,0.2,5,46.68033968687992
test,10057,red,0.0,1,0.0
test,10057,red,0.05,1,0.0
test,10057,red,0.05,3,0.0
test,10057,red,0.05,5,0.0
test,10057,red,0.1,1,0.0
test,10057,red,0.1,3,0.0
test,10057,red,0.1,5,0.0
test,10057,red,0.2,1,0.0
test,10057,red,0.2,3,0.0
test,10057,red,0.2,5,0.0
test,4105,blue,0.0,1,0.0
test,4105,blue,0.05,1,0.0
test,4105,blue,0.05,3,0.0
test,4105,blue,0.05,5,0.0
test,4105,blue,0.1,1,23.436994260567666
test,4105,blue,0.1,3,23.436994260567666
test,4105,blue,0.1,5,23.436994260567666
test,4105,blue,0.2,1,46.87398852113533
test,4105,blue,0.2,3,46.87398852113533
test,4105,blue,0.2,5,46.87398852113533
test,4105,red,0.0,1,0.0
test,4105,red,0.05,1,0.0
test,4105,red,0.05,3,0.0
test,4105,red,0.05,5,0.0
test,4105,red,0.1,1,0.0
test,4105,red,0.1,3,0.0
test,4105,red,0.1,5,0.0
test,4105,red,0.2,1,0.0
test,4105,red,0.2,3,0.0
test,4105,red,0.2,5,0.0
test,6888,blue,0.0,1,0.0
test,6888,blue,0.05,1,24.58252925654491
test,6888,blue,0.05,3,24.58252925654491
test,6888,blue,0.05,5,24.58252925654491
test,6888,blue,0.1,1,24.58252925654491
test,6888,blue,0.1,3,24.58252925654491
test,6888,blue,0.1,5,24.58252925654491
test,6888,blue,0.2,1,73.74758776963472
test,6888,blue,0.2,3,73.74758776963472
test,6888,blue,0.2,5,73.74758776963472
test,6888,red,0.0,1,0.0
test,6888,red,0.05,1,0.0
test,6888,red,0.05,3,0.0
test,6888,red,0.05,5,0.0
test,6888,red,0.1,1,0.0
test,6888,red,0.1,3,0.0
test,6888,red,0.1,5,0.0
test,6888,red,0.2,1,24.58252925654491
test,6888,red,0.2,3,24.58252925654491
test,6888,red,0.2,5,24.58252925654491
test,11593,blue,0.0,1,0.0
test,11593,blue,0.05,1,0.0
test,11593,blue,0.05,3,0.0
test,11593,blue,0.05,5,0.0
test,11593,blue,0.1,1,0.0
test,11593,blue,0.1,3,0.0
test,11593,blue,0.1,5,0.0
test,11593,blue,0.2,1,23.44223589054679
test,11593,blue,0.2,3,23.44223589054679
test,11593,blue,0.2,5,23.44223589054679
test,11593,red,0.0,1,0.0
test,11593,red,0.05,1,0.0
test,11593,red,0.05,3,0.0
test,11593,red,0.05,5,0.0
test,11593,red,0.1,1,0.0
test,11593,red,0.1,3,0.0
test,11593,red,0.1,5,0.0
test,11593,red,0.2,1,0.0
test,11593,red,0.2,3,0.0
test,11593,red,0.2,5,0.0
test,841,blue,0.0,1,0.0
test,841,blue,0.05,1,25.828495552268325
test,841,blue,0.05,3,25.828495552268325
test,841,blue,0.05,5,25.828495552268325
test,841,blue,0.1,1,25.828495552268325
test,841,blue,0.1,3,25.828495552268325
test,841,blue,0.1,5,25.828495552268325
test,841,blue,0.2,1,25.828495552268325
test,841,blue,0.2,3,25.828495552268325
test,841,blue,0.2,5,25.828495552268325
test,841,red,0.0,1,0.0
test,841,red,0.05,1,0.0
test,841,red,0.05,3,0.0
test,841,red,0.05,5,0.0
test,841,red,0.1,1,0.0
test,841,red,0.1,3,0.0
test,841,red,0.1,5,0.0
test,841,red,0.2,1,0.0
test,841,red,0.2,3,0.0
test,841,red,0.2,5,0.0
test,12724,blue,0.0,1,0.0
test,12724,blue,0.05,1,0.0
test,12724,blue,0.05,3,0.0
test,12724,blue,0.05,5,0.0
test,12724,blue,0.1,1,0.0
test,12724,blue,0.1,3,0.0
test,12724,blue,0.1,5,0.0
test,12724,blue,0.2,1,0.0
test,12724,blue,0.2,3,0.0
test,12724,blue,0.2,5,0.0
test,12724,red,0.0,1,0.0
test,12724,red,0.05,1,0.0
test,12724,red,0.05,3,0.0
test,12724,red,0.05,5,0.0
test,12724,red,0.1,1,0.0
test,12724,red,0.1,3,0.0
test,12724,red,0.1,5,0.0
test,12724,red,0.2,1,0.0
test,12724,red,0.2,3,0.0
test,12724,red,0.2,5,0.0
test,8444,blue,0.0,1,0.0
test,8444,blue,0.05,1,0.0
test,8444,blue,0.05,3,0.0
test,8444,blue,0.05,5,0.0
test,8444,blue,0.1,1,0.0
test,8444,blue,0.1,3,0.0
test,8444,blue,0.1,5,0.0
test,8444,blue,0.2,1,45.42100585189458
test,8444,blue,0.2,3,45.42100585189458
test,8444,blue,0.2,5,45.42100585189458
test,8444,red,0.0,1,0.0
test,8444,red,0.05,1,0.0
test,8444,red,0.05,3,0.0
test,8444,red,0.05,5,0.0
test,8444,red,0.1,1,0.0
test,8444,red,0.1,3,0.0
test,8444,red,0.1,5,0.0
test,8444,red,0.2,1,22.71050292594729
test,8444,red,0.2,3,22.71050292594729
test,8444,red,0.2,5,22.71050292594729
test,6440,blue,0.0,1,0.0
test,6440,blue,0.05,1,22.453335233441848
test,6440,blue,0.05,3,22.453335233441848
test,6440,blue,0.05,5,22.453335233441848
test,6440,blue,0.1,1,22.453335233441848
test,6440,blue,0.1,3,22.453335233441848
test,6440,blue,0.1,5,22.453335233441848
test,6440,blue,0.2,1,22.453335233441848
test,6440,blue,0.2,3,22.453335233441848
test,6440,blue,0.2,5,22.453335233441848
test,6440,red,0.0,1,0.0
test,6440,red,0.05,1,0.0
test,6440,red,0.05,3,0.0
test,6440,red,0.05,5,0.0
test,6440,red,0.1,1,22.453335233441848
test,6440,red,0.1,3,22.453335233441848
test,6440,red,0.1,5,22.453335233441848
test,6440,red,0.2,1,22.453335233441848
test,6440,red,0.2,3,22.453335233441848
test,6440,red,0.2,5,22.453335233441848
test,10544,blue,0.0,1,0.0
test,10544,blue,0.05,1,0.0
test,10544,blue,0.05,3,0.0
test,10544,blue,0.05,5,0.0
test,10544,blue,0.1,1,22.535926517244775
test,10544,blue,0.1,3,22.535926517244775
test,10544,blue,0.1,5,22.535926517244775
test,10544,blue,0.2,1,45.07185303448955
test,10544,blue,0.2,3,45.07185303448955
test,10544,blue,0.2,5,45.07185303448955
test,10544,red,0.0,1,0.0
test,10544,red,0.05,1,0.0
test,10544,red,0.05,3,0.0
test,10544,red,0.05,5,0.0
test,10544,red,0.1,1,0.0
test,10544,red,0.1,3,0.0
test,10544,red,0.1,5,0.0
test,10544,red,0.2,1,0.0
test,10544,red,0.2,3,0.0
test,10544,red,0.2,5,0.0
test,7656,blue,0.0,1,0.0
test,7656,blue,0.05,1,25.64235094748227
test,7656,blue,0.05,3,25.64235094748227
test,7656,blue,0.05,5,25.64235094748227
test,7656,blue,0.1,1,25.64235094748227
test,7656,blue,0.1,3,25.64235094748227
test,7656,blue,0.1,5,25.64235094748227
test,7656,blue,0.2,1,25.64235094748227
test,7656,blue,0.2,3,25.64235094748227
test,7656,blue,0.2,5,25.64235094748227
test,7656,red,0.0,1,0.0
test,7656,red,0.05,1,0.0
test,7656,red,0.05,3,0.0
test,7656,red,0.05,5,0.0
test,7656,red,0.1,1,0.0
test,7656,red,0.1,3,0.0
test,7656,red,0.1,5,0.0
test,7656,red,0.2,1,0.0
test,7656,red,0.2,3,0.0
test,7656,red,0.2,5,0.0
test,3517,blue,0.0,1,0.0
test,3517,blue,0.05,1,0.0
test,3517,blue,0.05,3,0.0
test,3517,blue,0.05,5,0.0
test,3517,blue,0.1,1,0.0
test,3517,blue,0.1,3,0.0
test,3517,blue,0.1,5,0.0
test,3517,blue,0.2,1,22.633811905670626
test,3517,blue,0.2,3,22.633811905670626
test,3517,blue,0.2,5,22.633811905670626
test,3517,red,0.0,1,0.0
test,3517,red,0.05,1,0.0
test,3517,red,0.05,3,0.0
test,3517,red,0.05,5,0.0
test,3517,red,0.1,1,0.0
test,3517,red,0.1,3,0.0
test,3517,red,0.1,5,0.0
test,3517,red,0.2,1,0.0
test,3517,red,0.2,3,0.0
test,3517,red,0.2,5,0.0
test,2190,blue,0.0,1,0.0
test,2190,blue,0.05,1,0.0
test,2190,blue,0.05,3,0.0
test,2190,blue,0.05,5,0.0
test,2190,blue,0.1,1,23.68175976487947
test,2190,blue,0.1,3,23.68175976487947
test,2190,blue,0.1,5,23.68175976487947
test,2190,blue,0.2,1,47.36351952975894
test,2190,blue,0.2,3,47.36351952975894
test,2190,blue,0.2,5,47.36351952975894
test,2190,red,0.0,1,0.0
test,2190,red,0.05,1,0.0
test,2190,red,0.05,3,0.0
test,2190,red,0.05,5,0.0
test,2190,red,0.1,1,0.0
test,2190,red,0.1,3,0.0
test,2190,red,0.1,5,0.0
test,2190,red,0.2,1,0.0
test,2190,red,0.2,3,0.0
test,2190,red,0.2,5,0.0
test,8323,blue,0.0,1,0.0
test,8323,blue,0.05,1,0.0
test,8323,blue,0.05,3,0.0
test,8323,blue,0.05,5,0.0
test,8323,blue,0.1,1,0.0
test,8323,blue,0.1,3,0.0
test,8323,blue,0.1,5,0.0
test,8323,blue,0.2,1,24.05532185897811
test,8323,blue,0.2,3,24.05532185897811
test,8323,blue,0.2,5,24.05532185897811
test,8323,red,0.0,1,0.0
test,8323,red,0.05,1,0.0
test,8323,red,0.05,3,0.0
test,8323,red,0.05,5,0.0
test,8323,red,0.1,1,0.0
test,8323,red,0.1,3,0.0
test,8323,red,0.1,5,0.0
test,8323,red,0.2,1,0.0
test,8323,red,0.2,3,0.0
test,8323,red,0.2,5,0.0
test,2354,blue,0.0,1,0.0
test,2354,blue,0.05,1,23.32738202370085
test,2354,blue,0.05,3,23.32738202370085
test,2354,blue,0.05,5,23.32738202370085
test,2354,blue,0.1,1,23.32738202370085
test,2354,blue,0.1,3,23.32738202370085
test,2354,blue,0.1,5,23.32738202370085
test,2354,blue,0.2,1,69.98214607110255
test,2354,blue,0.2,3,69.98214607110255
test,2354,blue,0.2,5,69.98214607110255
test,2354,red,0.0,1,0.0
test,2354,red,0.05,1,0.0
test,2354,red,0.05,3,0.0
test,2354,red,0.05,5,0.0
test,2354,red,0.1,1,0.0
test,2354,red,0.1,3,0.0
test,2354,red,0.1,5,0.0
test,2354,red,0.2,1,0.0
test,2354,red,0.2,3,0.0
test,2354,red,0.2,5,0.0
test,8312,blue,0.0,1,0.0
test,8312,blue,0.05,1,24.428483340526306
test,8312,blue,0.05,3,24.428483340526306
test,8312,blue,0.05,5,24.428483340526306
test,8312,blue,0.1,1,24.428483340526306
test,8312,blue,0.1,3,24.428483340526306
test,8312,blue,0.1,5,24.428483340526306
test,8312,blue,0.2,1,24.428483340526306
test,8312,blue,0.2,3,24.428483340526306
test,8312,blue,0.2,5,24.428483340526306
test,8312,red,0.0,1,0.0
test,8312,red,0.05,1,0.0
test,8312,red,0.05,3,0.0
test,8312,red,0.05,5,0.0
test,8312,red,0.1,1,0.0
test,8312,red,0.1,3,0.0
test,8312,red,0.1,5,0.0
test,8312,red,0.2,1,0.0
test,8312,red,0.2,3,0.0
test,8312,red,0.2,5,0.0
test,8982,blue,0.0,1,0.0
test,8982,blue,0.05,1,0.0
test,8982,blue,0.05,3,0.0
test,8982,blue,0.05,5,0.0
test,8982,blue,0.1,1,0.0
test,8982,blue,0.1,3,0.0
test,8982,blue,0.1,5,0.0
test,8982,blue,0.2,1,45.10953296141814
test,8982,blue,0.2,3,45.10953296141814
test,8982,blue,0.2,5,45.10953296141814
test,8982,red,0.0,1,0.0
test,8982,red,0.05,1,0.0
test,8982,red,0.05,3,0.0
test,8982,red,0.05,5,0.0
test,8982,red,0.1,1,22.55476648070907
test,8982,red,0.1,3,22.55476648070907
test,8982,red,0.1,5,22.55476648070907
test,8982,red,0.2,1,22.55476648070907
test,8982,red,0.2,3,22.55476648070907
test,8982,red,0.2,5,22.55476648070907
test,5139,blue,0.0,1,0.0
test,5139,blue,0.05,1,0.0
test,5139,blue,0.05,3,0.0
test,5139,blue,0.05,5,0.0
test,5139,blue,0.1,1,0.0
test,5139,blue,0.1,3,0.0
test,5139,blue,0.1,5,0.0
test,5139,blue,0.2,1,23.413778100353674
test,5139,blue,0.2,3,23.413778100353674
test,5139,blue,0.2,5,23.413778100353674
test,5139,red,0.0,1,0.0
test,5139,red,0.05,1,0.0
test,5139,red,0.05,3,0.0
test,5139,red,0.05,5,0.0
test,5139,red,0.1,1,23.413778100353674
test,5139,red,0.1,3,23.413778100353674
test,5139,red,0.1,5,23.413778100353674
test,5139,red,0.2,1,23.413778100353674
test,5139,red,0.2,3,23.413778100353674
test,5139,red,0.2,5,23.413778100353674
test,8274,blue,0.0,1,0.0
test,8274,blue,0.05,1,0.0
test,8274,blue,0.05,3,0.0
test,8274,blue,0.05,5,0.0
test,8274,blue,0.1,1,0.0
test,8274,blue,0.1,3,0.0
test,8274,blue,0.1,5,0.0
test,8274,blue,0.2,1,23.405564365380833
test,8274,blue,0.2,3,23.405564365380833
test,8274,blue,0.2,5,23.405564365380833
test,8274,red,0.0,1,0.0
test,8274,red,0.05,1,0.0
test,8274,red,0.05,3,0.0
test,8274,red,0.05,5,0.0
test,8274,red,0.1,1,0.0
test,8274,red,0.1,3,0.0
test,8274,red,0.1,5,0.0
test,8274,red,0.2,1,0.0
test,8274,red,0.2,3,0.0
test,8274,red,0.2,5,0.0
test,4209,blue,0.0,1,0.0
test,4209,blue,0.05,1,0.0
test,4209,blue,0.05,3,0.0
test,4209,blue,0.05,5,0.0
test,4209,blue,0.1,1,23.511570719430832
test,4209,blue,0.1,3,23.511570719430832
test,4209,blue,0.1,5,23.511570719430832
test,4209,blue,0.2,1,23.511570719430832
test,4209,blue,0.2,3,23.511570719430832
test,4209,blue,0.2,5,23.511570719430832
test,4209,red,0.0,1,0.0
test,4209,red,0.05,1,0.0
test,4209,red,0.05,3,0.0
test,4209,red,0.05,5,0.0
test,4209,red,0.1,1,0.0
test,4209,red,0.1,3,0.0
test,4209,red,0.1,5,0.0
test,4209,red,0.2,1,0.0
test,4209,red,0.2,3,0.0
test,4209,red,0.2,5,0.0
test,10188,blue,0.0,1,0.0
test,10188,blue,0.05,1,0.0
test,10188,blue,0.05,3,0.0
test,10188,blue,0.05,5,0.0
test,10188,blue,0.1,1,0.0
test,10188,blue,0.1,3,0.0
test,10188,blue,0.1,5,0.0
test,10188,blue,0.2,1,24.333656326430688
test,10188,blue,0.2,3,24.333656326430688
test,10188,blue,0.2,5,24.333656326430688
test,10188,red,0.0,1,0.0
test,10188,red,0.05,1,0.0
test,10188,red,0.05,3,0.0
test,10188,red,0.05,5,0.0
test,10188,red,0.1,1,0.0
test,10188,red,0.1,3,0.0
test,10188,red,0.1,5,0.0
test,10188,red,0.2,1,0.0
test,10188,red,0.2,3,0.0
test,10188,red,0.2,5,0.0
test,714,blue,0.0,1,0.0
test,714,blue,0.05,1,0.0
test,714,blue,0.05,3,0.0
test,714,blue,0.05,5,0.0
test,714,blue,0.1,1,0.0
test,714,blue,0.1,3,0.0
test,714,blue,0.1,5,0.0
test,714,blue,0.2,1,49.798927611436895
test,714,blue,0.2,3,49.798927611436895
test,714,blue,0.2,5,49.798927611436895
test,714,red,0.0,1,0.0
test,714,red,0.05,1,24.899463805718447
test,714,red,0.05,3,24.899463805718447
test,714,red,0.05,5,24.899463805718447
test,714,red,0.1,1,24.899463805718447
test,714,red,0.1,3,24.899463805718447
test,714,red,0.1,5,24.899463805718447
test,714,red,0.2,1,24.899463805718447
test,714,red,0.2,3,24.899463805718447
test,714,red,0.2,5,24.899463805718447
test,2762,blue,0.0,1,0.0
test,2762,blue,0.05,1,0.0
test,2762,blue,0.05,3,0.0
test,2762,blue,0.05,5,0.0
test,2762,blue,0.1,1,0.0
test,2762,blue,0.1,3,0.0
test,2762,blue,0.1,5,0.0
test,2762,blue,0.2,1,24.689439081696403
test,2762,blue,0.2,3,24.689439081696403
test,2762,blue,0.2,5,24.689439081696403
test,2762,red,0.0,1,0.0
test,2762,red,0.05,1,0.0
test,2762,red,0.05,3,0.0
test,2762,red,0.05,5,0.0
test,2762,red,0.1,1,0.0
test,2762,red,0.1,3,0.0
test,2762,red,0.1,5,0.0
test,2762,red,0.2,1,24.689439081696403
test,2762,red,0.2,3,24.689439081696403
test,2762,red,0.2,5,24.689439081696403
test,11426,blue,0.0,1,0.0
test,11426,blue,0.05,1,0.0
test,11426,blue,0.05,3,0.0
test,11426,blue,0.05,5,0.0
test,11426,blue,0.1,1,22.804256753390337
test,11426,blue,0.1,3,22.804256753390337
test,11426,blue,0.1,5,22.804256753390337
test,11426,blue,0.2,1,45.608513506780675
test,11426,blue,0.2,3,45.608513506780675
test,11426,blue,0.2,5,45.608513506780675
test,11426,red,0.0,1,0.0
test,11426,red,0.05,1,0.0
test,11426,red,0.05,3,0.0
test,11426,red,0.05,5,0.0
test,11426,red,0.1,1,0.0
test,11426,red,0.1,3,0.0
test,11426,red,0.1,5,0.0
test,11426,red,0.2,1,0.0
test,11426,red,0.2,3,0.0
test,11426,red,0.2,5,0.0
test,10760,blue,0.0,1,0.0
test,10760,blue,0.05,1,24.092017289289878
test,10760,blue,0.05,3,24.092017289289878
test,10760,blue,0.05,5,24.092017289289878
test,10760,blue,0.1,1,24.092017289289878
test,10760,blue,0.1,3,24.092017289289878
test,10760,blue,0.1,5,24.092017289289878
test,10760,blue,0.2,1,24.092017289289878
test,10760,blue,0.2,3,24.092017289289878
test,10760,blue,0.2,5,24.092017289289878
test,10760,red,0.0,1,0.0
test,10760,red,0.05,1,0.0
test,10760,red,0.05,3,0.0
test,10760,red,0.05,5,0.0
test,10760,red,0.1,1,0.0
test,10760,red,0.1,3,0.0
test,10760,red,0.1,5,0.0
test,10760,red,0.2,1,0.0
test,10760,red,0.2,3,0.0
test,10760,red,0.2,5,0.0
test,7274,blue,0.0,1,0.0
test,7274,blue,0.05,1,22.434303243528852
test,7274,blue,0.05,3,22.434303243528852
test,7274,blue,0.05,5,22.434303243528852
test,7274,blue,0.1,1,22.434303243528852
test,7274,blue,0.1,3,22.434303243528852
test,7274,blue,0.1,5,22.434303243528852
test,7274,blue,0.2,1,22.434303243528852
test,7274,blue,0.2,3,22.434303243528852
test,7274,blue,0.2,5,22.434303243528852
test,7274,red,0.0,1,0.0
test,7274,red,0.05,1,0.0
test,7274,red,0.05,3,0.0
test,7274,red,0.05,5,0.0
test,7274,red,0.1,1,0.0
test,7274,red,0.1,3,0.0
test,7274,red,0.1,5,0.0
test,7274,red,0.2,1,0.0
test,7274,red,0.2,3,0.0
test,7274,red,0.2,5,0.0
test,6902,blue,0.0,1,0.0
test,6902,blue,0.05,1,0.0
test,6902,blue,0.05,3,0.0
test,6902,blue,0.05,5,0.0
test,6902,blue,0.1,1,23.10695071136989
test,6902,blue,0.1,3,23.10695071136989
test,6902,blue,0.1,5,23.10695071136989
test,6902,blue,0.2,1,46.21390142273978
test,6902,blue,0.2,3,46.21390142273978
test,6902,blue,0.2,5,46.21390142273978
test,6902,red,0.0,1,0.0
test,6902,red,0.05,1,0.0
test,6902,red,0.05,3,0.0
test,6902,red,0.05,5,0.0
test,6902,red,0.1,1,0.0
test,6902,red,0.1,3,0.0
test,6902,red,0.1,5,0.0
test,6902,red,0.2,1,0.0
test,6902,red,0.2,3,0.0
test,6902,red,0.2,5,0.0
test,5427,blue,0.0,1,0.0
test,5427,blue,0.05,1,26.019546022111186
test,5427,blue,0.05,3,26.019546022111186
test,5427,blue,0.05,5,26.019546022111186
test,5427,blue,0.1,1,26.019546022111186
test,5427,blue,0.1,3,26.019546022111186
test,5427,blue,0.1,5,26.019546022111186
test,5427,blue,0.2,1,26.019546022111186
test,5427,blue,0.2,3,26.019546022111186
test,5427,blue,0.2,5,26.019546022111186
test,5427,red,0.0,1,0.0
test,5427,red,0.05,1,0.0
test,5427,red,0.05,3,0.0
test,5427,red,0.05,5,0.0
test,5427,red,0.1,1,0.0
test,5427,red,0.1,3,0.0
test,5427,red,0.1,5,0.0
test,5427,red,0.2,1,26.019546022111186
test,5427,red,0.2,3,26.019546022111186
test,5427,red,0.2,5,26.019546022111186
test,1912,blue,0.0,1,0.0
test,1912,blue,0.05,1,0.0
test,1912,blue,0.05,3,0.0
test,1912,blue,0.05,5,0.0
test,1912,blue,0.1,1,0.0
test,1912,blue,0.1,3,0.0
test,1912,blue,0.1,5,0.0
test,1912,blue,0.2,1,22.00217635184179
test,1912,blue,0.2,3,22.00217635184179
test,1912,blue,0.2,5,22.00217635184179
test,1912,red,0.0,1,0.0
test,1912,red,0.05,1,0.0
test,1912,red,0.05,3,0.0
test,1912,red,0.05,5,0.0
test,1912,red,0.1,1,22.00217635184179
test,1912,red,0.1,3,22.00217635184179
test,1912,red,0.1,5,22.00217635184179
test,1912,red,0.2,1,22.00217635184179
test,1912,red,0.2,3,22.00217635184179
test,1912,red,0.2,5,22.00217635184179
test,2263,blue,0.0,1,0.0
test,2263,blue,0.05,1,0.0
test,2263,blue,0.05,3,0.0
test,2263,blue,0.05,5,0.0
test,2263,blue,0.1,1,0.0
test,2263,blue,0.1,3,0.0
test,2263,blue,0.1,5,0.0
test,2263,blue,0.2,1,49.48424807085115
test,2263,blue,0.2,3,49.48424807085115
test,2263,blue,0.2,5,49.48424807085115
test,2263,red,0.0,1,0.0
test,2263,red,0.05,1,0.0
test,2263,red,0.05,3,0.0
test,2263,red,0.05,5,0.0
test,2263,red,0.1,1,0.0
test,2263,red,0.1,3,0.0
test,2263,red,0.1,5,0.0
test,2263,red,0.2,1,0.0
test,2263,red,0.2,3,0.0
test,2263,red,0.2,5,0.0
test,3866,blue,0.0,1,0.0
test,3866,blue,0.05,1,0.0
test,3866,blue,0.05,3,0.0
test,3866,blue,0.05,5,0.0
test,3866,blue,0.1,1,0.0
test,3866,blue,0.1,3,0.0
test,3866,blue,0.1,5,0.0
test,3866,blue,0.2,1,22.23086155650879
test,3866,blue,0.2,3,22.23086155650879
test,3866,blue,0.2,5,22.23086155650879
test,3866,red,0.0,1,0.0
test,3866,red,0.05,1,0.0
test,3866,red,0.05,3,0.0
test,3866,red,0.05,5,0.0
test,3866,red,0.1,1,0.0
test,3866,red,0.1,3,0.0
test,3866,red,0.1,5,0.0
test,3866,red,0.2,1,0.0
test,3866,red,0.2,3,0.0
test,3866,red,0.2,5,0.0
test,11841,blue,0.0,1,0.0
test,11841,blue,0.05,1,23.642280290061947
test,11841,blue,0.05,3,23.642280290061947
test,11841,blue,0.05,5,23.642280290061947
test,11841,blue,0.1,1,23.642280290061947
test,11841,blue,0.1,3,23.642280290061947
test,11841,blue,0.1,5,23.642280290061947
test,11841,blue,0.2,1,23.642280290061947
test,11841,blue,0.2,3,23.642280290061947
test,11841,blue,0.2,5,23.642280290061947
test,11841,red,0.0,1,0.0
test,11841,red,0.05,1,23.642280290061947
test,11841,red,0.05,3,23.642280290061947
test,11841,red,0.05,5,23.642280290061947
test,11841,red,0.1,1,23.642280290061947
test,11841,red,0.1,3,23.642280290061947
test,11841,red,0.1,5,23.642280290061947
test,11841,red,0.2,1,23.642280290061947
test,11841,red,0.2,3,23.642280290061947
test,11841,red,0.2,5,23.642280290061947
test,711,blue,0.0,1,0.0
test,711,blue,0.05,1,0.0
test,711,blue,0.05,3,0.0
test,711,blue,0.05,5,0.0
test,711,blue,0.1,1,0.0
test,711,blue,0.1,3,0.0
test,711,blue,0.1,5,0.0
test,711,blue,0.2,1,46.59541726802139
test,711,blue,0.2,3,46.59541726802139
test,711,blue,0.2,5,46.59541726802139
test,711,red,0.0,1,0.0
test,711,red,0.05,1,0.0
test,711,red,0.05,3,0.0
test,711,red,0.05,5,0.0
test,711,red,0.1,1,0.0
test,711,red,0.1,3,0.0
test,711,red,0.1,5,0.0
test,711,red,0.2,1,23.297708634010696
test,711,red,0.2,3,23.297708634010696
test,711,red,0.2,5,23.297708634010696
test,4334,blue,0.0,1,0.0
test,4334,blue,0.05,1,0.0
test,4334,blue,0.05,3,0.0
test,4334,blue,0.05,5,0.0
test,4334,blue,0.1,1,0.0
test,4334,blue,0.1,3,0.0
test,4334,blue,0.1,5,0.0
test,4334,blue,0.2,1,22.682347068247076
test,4334,blue,0.2,3,22.682347068247076
test,4334,blue,0.2,5,22.682347068247076
test,4334,red,0.0,1,0.0
test,4334,red,0.05,1,0.0
test,4334,red,0.05,3,0.0
test,4334,red,0.05,5,0.0
test,4334,red,0.1,1,0.0
test,4334,red,0.1,3,0.0
test,4334,red,0.1,5,0.0
test,4334,red,0.2,1,0.0
test,4334,red,0.2,3,0.0
test,4334,red,0.2,5,0.0
test,4558,blue,0.0,1,0.0
test,4558,blue,0.05,1,0.0
test,4558,blue,0.05,3,0.0
test,4558,blue,0.05,5,0.0
test,4558,blue,0.1,1,22.633993775555382
test,4558,blue,0.1,3,22.633993775555382
test,4558,blue,0.1,5,22.633993775555382
test,4558,blue,0.2,1,22.633993775555382
test,4558,blue,0.2,3,22.633993775555382
test,4558,blue,0.2,5,22.633993775555382
test,4558,red,0.0,1,0.0
test,4558,red,0.05,1,0.0
test,4558,red,0.05,3,0.0
test,4558,red,0.05,5,0.0
test,4558,red,0.1,1,0.0
test,4558,red,0.1,3,0.0
test,4558,red,0.1,5,0.0
test,4558,red,0.2,1,0.0
test,4558,red,0.2,3,0.0
test,4558,red,0.2,5,0.0
test,1492,blue,0.0,1,0.0
test,1492,blue,0.05,1,0.0
test,1492,blue,0.05,3,0.0
test,1492,blue,0.05,5,0.0
test,1492,blue,0.1,1,25.50936721433832
test,1492,blue,0.1,3,25.50936721433832
test,1492,blue,0.1,5,25.50936721433832
test,1492,blue,0.2,1,25.50936721433832
test,1492,blue,0.2,3,25.50936721433832
test,1492,blue,0.2,5,25.50936721433832
test,1492,red,0.0,1,0.0
test,1492,red,0.05,1,0.0
test,1492,red,0.05,3,0.0
test,1492,red,0.05,5,0.0
test,1492,red,0.1,1,0.0
test,1492,red,0.1,3,0.0
test,1492,red,0.1,5,0.0
test,1492,red,0.2,1,0.0
test,1492,red,0.2,3,0.0
test,1492,red,0.2,5,0.0
test,3609,blue,0.0,1,0.0
test,3609,blue,0.05,1,0.0
test,3609,blue,0.05,3,0.0
test,3609,blue,0.05,5,0.0
test,3609,blue,0.1,1,0.0
test,3609,blue,0.1,3,0.0
test,3609,blue,0.1,5,0.0
test,3609,blue,0.2,1,25.205296849333905
test,3609,blue,0.2,3,25.205296849333905
test,3609,blue,0.2,5,25.205296849333905
test,3609,red,0.0,1,0.0
test,3609,red,0.05,1,0.0
test,3609,red,0.05,3,0.0
test,3609,red,0.05,5,0.0
test,3609,red,0.1,1,0.0
test,3609,red,0.1,3,0.0
test,3609,red,0.1,5,0.0
test,3609,red,0.2,1,0.0
test,3609,red,0.2,3,0.0
test,3609,red,0.2,5,0.0
test,10410,blue,0.0,1,0.0
test,10410,blue,0.05,1,0.0
test,10410,blue,0.05,3,0.0
test,10410,blue,0.05,5,0.0
test,10410,blue,0.1,1,24.124234456424194
test,10410,blue,0.1,3,24.124234456424194
test,10410,blue,0.1,5,24.124234456424194
test,10410,blue,0.2,1,24.124234456424194
test,10410,blue,0.2,3,24.124234456424194
test,10410,blue,0.2,5,24.124234456424194
test,10410,red,0.0,1,0.0
test,10410,red,0.05,1,0.0
test,10410,red,0.05,3,0.0
test,10410,red,0.05,5,0.0
test,10410,red,0.1,1,0.0
test,10410,red,0.1,3,0.0
test,10410,red,0.1,5,0.0
test,10410,red,0.2,1,0.0
test,10410,red,0.2,3,0.0
test,10410,red,0.2,5,0.0
test,3255,blue,0.0,1,0.0
test,3255,blue,0.05,1,26.42785337204259
test,3255,blue,0.05,3,26.42785337204259
test,3255,blue,0.05,5,26.42785337204259
test,3255,blue,0.1,1,26.42785337204259
test,3255,blue,0.1,3,26.42785337204259
test,3255,blue,0.1,5,26.42785337204259
test,3255,blue,0.2,1,26.42785337204259
test,3255,blue,0.2,3,26.42785337204259
test,3255,blue,0.2,5,26.42785337204259
test,3255,red,0.0,1,0.0
test,3255,red,0.05,1,0.0
test,3255,red,0.05,3,0.0
test,3255,red,0.05,5,0.0
test,3255,red,0.1,1,0.0
test,3255,red,0.1,3,0.0
test,3255,red,0.1,5,0.0
test,3255,red,0.2,1,26.42785337204259
test,3255,red,0.2,3,26.42785337204259
test,3255,red,0.2,5,26.42785337204259
test,1166,blue,0.0,1,0.0
test,1166,blue,0.05,1,0.0
test,1166,blue,0.05,3,0.0
test,1166,blue,0.05,5,0.0
test,1166,blue,0.1,1,0.0
test,1166,blue,0.1,3,0.0
test,1166,blue,0.1,5,0.0
test,1166,blue,0.2,1,22.368357146564776
test,1166,blue,0.2,3,22.368357146564776
test,1166,blue,0.2,5,22.368357146564776
test,1166,red,0.0,1,0.0
test,1166,red,0.05,1,0.0
test,1166,red,0.05,3,0.0
test,1166,red,0.05,5,0.0
test,1166,red,0.1,1,0.0
test,1166,red,0.1,3,0.0
test,1166,red,0.1,5,0.0
test,1166,red,0.2,1,0.0
test,1166,red,0.2,3,0.0
test,1166,red,0.2,5,0.0
test,7919,blue,0.0,1,0.0
test,7919,blue,0.05,1,0.0
test,7919,blue,0.05,3,0.0
test,7919,blue,0.05,5,0.0
test,7919,blue,0.1,1,0.0
test,7919,blue,0.1,3,0.0
test,7919,blue,0.1,5,0.0
test,7919,blue,0.2,1,24.16911589798648
test,7919,blue,0.2,3,24.16911589798648
test,7919,blue,0.2,5,24.16911589798648
test,7919,red,0.0,1,0.0
test,7919,red,0.05,1,0.0
test,7919,red,0.05,3,0.0
test,7919,red,0.05,5,0.0
test,7919,red,0.1,1,0.0
test,7919,red,0.1,3,0.0
test,7919,red,0.1,5,0.0
test,7919,red,0.2,1,0.0
test,7919,red,0.2,3,0.0
test,7919,red,0.2,5,0.0
test,7042,blue,0.0,1,0.0
test,7042,blue,0.05,1,0.0
test,7042,blue,0.05,3,0.0
test,7042,blue,0.05,5,0.0
test,7042,blue,0.1,1,0.0
test,7042,blue,0.1,3,0.0
test,7042,blue,0.1,5,0.0
test,7042,blue,0.2,1,0.0
test,7042,blue,0.2,3,0.0
test,7042,blue,0.2,5,0.0
test,7042,red,0.0,1,0.0
test,7042,red,0.05,1,0.0
test,7042,red,0.05,3,0.0
test,7042,red,0.05,5,0.0
test,7042,red,0.1,1,0.0
test,7042,red,0.1,3,0.0
test,7042,red,0.1,5,0.0
test,7042,red,0.2,1,0.0
test,7042,red,0.2,3,0.0
test,7042,red,0.2,5,0.0
test,3931,blue,0.0,1,0.0
test,3931,blue,0.05,1,23.770984898440737
test,3931,blue,0.05,3,23.770984898440737
test,3931,blue,0.05,5,23.770984898440737
test,3931,blue,0.1,1,23.770984898440737
test,3931,blue,0.1,3,23.770984898440737
test,3931,blue,0.1,5,23.770984898440737
test,3931,blue,0.2,1,23.770984898440737
test,3931,blue,0.2,3,23.770984898440737
test,3931,blue,0.2,5,23.770984898440737
test,3931,red,0.0,1,0.0
test,3931,red,0.05,1,0.0
test,3931,red,0.05,3,0.0
test,3931,red,0.05,5,0.0
test,3931,red,0.1,1,0.0
test,3931,red,0.1,3,0.0
test,3931,red,0.1,5,0.0
test,3931,red,0.2,1,0.0
test,3931,red,0.2,3,0.0
test,3931,red,0.2,5,0.0
test,10973,blue,0.0,1,0.0
test,10973,blue,0.05,1,0.0
test,10973,blue,0.05,3,0.0
test,10973,blue,0.05,5,0.0
test,10973,blue,0.1,1,24.613922742226496
test,10973,blue,0.1,3,24.613922742226496
test,10973,blue,0.1,5,24.613922742226496
test,10973,blue,0.2,1,24.613922742226496
test,10973,blue,0.2,3,24.613922742226496
test,10973,blue,0.2,5,24.613922742226496
test,10973,red,0.0,1,0.0
test,10973,red,0.05,1,0.0
test,10973,red,0.05,3,0.0
test,10973,red,0.05,5,0.0
test,10973,red,0.1,1,0.0
test,10973,red,0.1,3,0.0
test,10973,red,0.1,5,0.0
test,10973,red,0.2,1,0.0
test,10973,red,0.2,3,0.0
test,10973,red,0.2,5,0.0
test,6000,blue,0.0,1,0.0
test,6000,blue,0.05,1,0.0
test,6000,blue,0.05,3,0.0
test,6000,blue,0.05,5,0.0
test,6000,blue,0.1,1,23.366359823945515
test,6000,blue,0.1,3,23.366359823945515
test,6000,blue,0.1,5,23.366359823945515
test,6000,blue,0.2,1,46.73271964789103
test,6000,blue,0.2,3,46.73271964789103
test,6000,blue,0.2,5,46.73271964789103
test,6000,red,0.0,1,0.0
test,6000,red,0.05,1,0.0
test,6000,red,0.05,3,0.0
test,6000,red,0.05,5,0.0
test,6000,red,0.1,1,0.0
test,6000,red,0.1,3,0.0
test,6000,red,0.1,5,0.0
test,6000,red,0.2,1,0.0
test,6000,red,0.2,3,0.0
test,6000,red,0.2,5,0.0
test,2035,blue,0.0,1,0.0
test,2035,blue,0.05,1,0.0
test,2035,blue,0.05,3,0.0
test,2035,blue,0.05,5,0.0
test,2035,blue,0.1,1,0.0
test,2035,blue,0.1,3,0.0
test,2035,blue,0.1,5,0.0
test,2035,blue,0.2,1,24.353948326758086
test,2035,blue,0.2,3,24.353948326758086
test,2035,blue,0.2,5,24.353948326758086
test,2035,red,0.0,1,0.0
test,2035,red,0.05,1,0.0
test,2035,red,0.05,3,0.0
test,2035,red,0.05,5,0.0
test,2035,red,0.1,1,0.0
test,2035,red,0.1,3,0.0
test,2035,red,0.1,5,0.0
test,2035,red,0.2,1,0.0
test,2035,red,0.2,3,0.0
test,2035,red,0.2,5,0.0
test,11651,blue,0.0,1,0.0
test,11651,blue,0.05,1,0.0
test,11651,blue,0.05,3,0.0
test,11651,blue,0.05,5,0.0
test,11651,blue,0.1,1,22.91056346660115
test,11651,blue,0.1,3,22.91056346660115
test,11651,blue,0.1,5,22.91056346660115
test,11651,blue,0.2,1,22.91056346660115
test,11651,blue,0.2,3,22.91056346660115
test,11651,blue,0.2,5,22.91056346660115
test,11651,red,0.0,1,0.0
test,11651,red,0.05,1,0.0
test,11651,red,0.05,3,0.0
test,11651,red,0.05,5,0.0
test,11651,red,0.1,1,0.0
test,11651,red,0.1,3,0.0
test,11651,red,0.1,5,0.0
test,11651,red,0.2,1,0.0
test,11651,red,0.2,3,0.0
test,11651,red,0.2,5,0.0
test,440,blue,0.0,1,0.0
test,440,blue,0.05,1,26.205230444860035
test,440,blue,0.05,3,26.205230444860035
test,440,blue,0.05,5,26.205230444860035
test,440,blue,0.1,1,26.205230444860035
test,440,blue,0.1,3,26.205230444860035
test,440,blue,0.1,5,26.205230444860035
test,440,blue,0.2,1,52.41046088972007
test,440,blue,0.2,3,52.41046088972007
test,440,blue,0.2,5,52.41046088972007
test,440,red,0.0,1,0.0
test,440,red,0.05,1,0.0
test,440,red,0.05,3,0.0
test,440,red,0.05,5,0.0
test,440,red,0.1,1,0.0
test,440,red,0.1,3,0.0
test,440,red,0.1,5,0.0
test,440,red,0.2,1,0.0
test,440,red,0.2,3,0.0
test,440,red,0.2,5,0.0
test,2272,blue,0.0,1,0.0
test,2272,blue,0.05,1,22.888713230128282
test,2272,blue,0.05,3,22.888713230128282
test,2272,blue,0.05,5,22.888713230128282
test,2272,blue,0.1,1,22.888713230128282
test,2272,blue,0.1,3,22.888713230128282
test,2272,blue,0.1,5,22.888713230128282
test,2272,blue,0.2,1,45.777426460256564
test,2272,blue,0.2,3,45.777426460256564
test,2272,blue,0.2,5,45.777426460256564
test,2272,red,0.0,1,0.0
test,2272,red,0.05,1,0.0
test,2272,red,0.05,3,0.0
test,2272,red,0.05,5,0.0
test,2272,red,0.1,1,0.0
test,2272,red,0.1,3,0.0
test,2272,red,0.1,5,0.0
test,2272,red,0.2,1,0.0
test,2272,red,0.2,3,0.0
test,2272,red,0.2,5,0.0
test,5889,blue,0.0,1,0.0
test,5889,blue,0.05,1,0.0
test,5889,blue,0.05,3,0.0
test,5889,blue,0.05,5,0.0
test,5889,blue,0.1,1,0.0
test,5889,blue,0.1,3,0.0
test,5889,blue,0.1,5,0.0
test,5889,blue,0.2,1,0.0
test,5889,blue,0.2,3,0.0
test,5889,blue,0.2,5,0.0
test,5889,red,0.0,1,0.0
test,5889,red,0.05,1,0.0
test,5889,red,0.05,3,0.0
test,5889,red,0.05,5,0.0
test,5889,red,0.1,1,0.0
test,5889,red,0.1,3,0.0
test,5889,red,0.1,5,0.0
test,5889,red,0.2,1,0.0
test,5889,red,0.2,3,0.0
test,5889,red,0.2,5,0.0
test,3447,blue,0.0,1,0.0
test,3447,blue,0.05,1,0.0
test,3447,blue,0.05,3,0.0
test,3447,blue,0.05,5,0.0
test,3447,blue,0.1,1,24.285636455390627
test,3447,blue,0.1,3,24.285636455390627
test,3447,blue,0.1,5,24.285636455390627
test,3447,blue,0.2,1,24.285636455390627
test,3447,blue,0.2,3,24.285636455390627
test,3447,blue,0.2,5,24.285636455390627
test,3447,red,0.0,1,0.0
test,3447,red,0.05,1,24.285636455390627
test,3447,red,0.05,3,24.285636455390627
test,3447,red,0.05,5,24.285636455390627
test,3447,red,0.1,1,24.285636455390627
test,3447,red,0.1,3,24.285636455390627
test,3447,red,0.1,5,24.285636455390627
test,3447,red,0.2,1,24.285636455390627
test,3447,red,0.2,3,24.285636455390627
test,3447,red,0.2,5,24.285636455390627
test,8710,blue,0.0,1,0.0
test,8710,blue,0.05,1,23.947655932049482
test,8710,blue,0.05,3,23.947655932049482
test,8710,blue,0.05,5,23.947655932049482
test,8710,blue,0.1,1,23.947655932049482
test,8710,blue,0.1,3,23.947655932049482
test,8710,blue,0.1,5,23.947655932049482
test,8710,blue,0.2,1,23.947655932049482
test,8710,blue,0.2,3,23.947655932049482
test,8710,blue,0.2,5,23.947655932049482
test,8710,red,0.0,1,0.0
test,8710,red,0.05,1,0.0
test,8710,red,0.05,3,0.0
test,8710,red,0.05,5,0.0
test,8710,red,0.1,1,0.0
test,8710,red,0.1,3,0.0
test,8710,red,0.1,5,0.0
test,8710,red,0.2,1,0.0
test,8710,red,0.2,3,0.0
test,8710,red,0.2,5,0.0
test,7767,blue,0.0,1,0.0
test,7767,blue,0.05,1,0.0
test,7767,blue,0.05,3,0.0
test,7767,blue,0.05,5,0.0
test,7767,blue,0.1,1,23.370290676353285
test,7767,blue,0.1,3,23.370290676353285
test,7767,blue,0.1,5,23.370290676353285
test,7767,blue,0.2,1,23.370290676353285
test,7767,blue,0.2,3,23.370290676353285
test,7767,blue,0.2,5,23.370290676353285
test,7767,red,0.0,1,0.0
test,7767,red,0.05,1,0.0
test,7767,red,0.05,3,0.0
test,7767,red,0.05,5,0.0
test,7767,red,0.1,1,0.0
test,7767,red,0.1,3,0.0
test,7767,red,0.1,5,0.0
test,7767,red,0.2,1,0.0
test,7767,red,0.2,3,0.0
test,7767,red,0.2,5,0.0
test,4600,blue,0.0,1,0.0
test,4600,blue,0.05,1,0.0
test,4600,blue,0.05,3,0.0
test,4600,blue,0.05,5,0.0
test,4600,blue,0.1,1,22.108929813438685
test,4600,blue,0.1,3,22.108929813438685
test,4600,blue,0.1,5,22.108929813438685
test,4600,blue,0.2,1,44.21785962687737
test,4600,blue,0.2,3,44.21785962687737
test,4600,blue,0.2,5,44.21785962687737
test,4600,red,0.0,1,0.0
test,4600,red,0.05,1,0.0
test,4600,red,0.05,3,0.0
test,4600,red,0.05,5,0.0
test,4600,red,0.1,1,0.0
test,4600,red,0.1,3,0.0
test,4600,red,0.1,5,0.0
test,4600,red,0.2,1,0.0
test,4600,red,0.2,3,0.0
test,4600,red,0.2,5,0.0
test,9391,blue,0.0,1,0.0
test,9391,blue,0.05,1,24.088877252682437
test,9391,blue,0.05,3,24.088877252682437
test,9391,blue,0.05,5,24.088877252682437
test,9391,blue,0.1,1,24.088877252682437
test,9391,blue,0.1,3,24.088877252682437
test,9391,blue,0.1,5,24.088877252682437
test,9391,blue,0.2,1,24.088877252682437
test,9391,blue,0.2,3,24.088877252682437
test,9391,blue,0.2,5,24.088877252682437
test,9391,red,0.0,1,0.0
test,9391,red,0.05,1,0.0
test,9391,red,0.05,3,0.0
test,9391,red,0.05,5,0.0
test,9391,red,0.1,1,0.0
test,9391,red,0.1,3,0.0
test,9391,red,0.1,5,0.0
test,9391,red,0.2,1,0.0
test,9391,red,0.2,3,0.0
test,9391,red,0.2,5,0.0
test,11356,blue,0.0,1,0.0
test,11356,blue,0.05,1,0.0
test,11356,blue,0.05,3,0.0
test,11356,blue,0.05,5,0.0
test,11356,blue,0.1,1,22.094263696987035
test,11356,blue,0.1,3,22.094263696987035
test,11356,blue,0.1,5,22.094263696987035
test,11356,blue,0.2,1,44.18852739397407
test,11356,blue,0.2,3,44.18852739397407
test,11356,blue,0.2,5,44.18852739397407
test,11356,red,0.0,1,0.0
test,11356,red,0.05,1,0.0
test,11356,red,0.05,3,0.0
test,11356,red,0.05,5,0.0
test,11356,red,0.1,1,0.0
test,11356,red,0.1,3,0.0
test,11356,red,0.1,5,0.0
test,11356,red,0.2,1,0.0
test,11356,red,0.2,3,0.0
test,11356,red,0.2,5,0.0
test,7517,blue,0.0,1,0.0
test,7517,blue,0.05,1,0.0
test,7517,blue,0.05,3,0.0
test,7517,blue,0.05,5,0.0
test,7517,blue,0.1,1,0.0
test,7517,blue,0.1,3,0.0
test,7517,blue,0.1,5,0.0
test,7517,blue,0.2,1,0.0
test,7517,blue,0.2,3,0.0
test,7517,blue,0.2,5,0.0
test,7517,red,0.0,1,0.0
test,7517,red,0.05,1,0.0
test,7517,red,0.05,3,0.0
test,7517,red,0.05,5,0.0
test,7517,red,0.1,1,0.0
test,7517,red,0.1,3,0.0
test,7517,red,0.1,5,0.0
test,7517,red,0.2,1,24.402267617478373
test,7517,red,0.2,3,24.402267617478373
test,7517,red,0.2,5,24.402267617478373
test,11636,blue,0.0,1,0.0
test,11636,blue,0.05,1,0.0
test,11636,blue,0.05,3,0.0
test,11636,blue,0.05,5,0.0
test,11636,blue,0.1,1,0.0
test,11636,blue,0.1,3,0.0
test,11636,blue,0.1,5,0.0
test,11636,blue,0.2,1,50.842661782608936
test,11636,blue,0.2,3,50.842661782608936
test,11636,blue,0.2,5,50.842661782608936
test,11636,red,0.0,1,0.0
test,11636,red,0.05,1,0.0
test,11636,red,0.05,3,0.0
test,11636,red,0.05,5,0.0
test,11636,red,0.1,1,0.0
test,11636,red,0.1,3,0.0
test,11636,red,0.1,5,0.0
test,11636,red,0.2,1,0.0
test,11636,red,0.2,3,0.0
test,11636,red,0.2,5,0.0
