row,targetid,z,zbin,side,method,n_held_bins,true_mean,mean_sigma,predicted_mean,signed_mean_error,absolute_mean_error,fractional_mean_error,negative,pixel_rmse
616,39627574971727955,0.4158203458099331,0,blue,constant,22,0.10360115021467209,0.04961040345105258,0.19710920751094818,0.09350805729627609,0.09350805729627609,,False,0.2963915169239044
616,39627574971727955,0.4158203458099331,0,blue,powerlaw,22,0.10360115021467209,0.04961040345105258,0.12773029553653448,0.02412914532186239,0.02412914532186239,,False,0.27984689257653034
616,39627574971727955,0.4158203458099331,0,red,constant,22,1.0866622924804688,0.011378796263174578,1.1277413368225098,0.041079044342041016,0.041079044342041016,0.03780295371091967,False,0.070992112159729
616,39627574971727955,0.4158203458099331,0,red,powerlaw,22,1.0866622924804688,0.011378796263174578,1.182242775675744,0.09558048319527535,0.09558048319527535,0.0879578539318767,False,0.11515829537381088
10496,2402794023682048,0.0705990407429481,0,blue,constant,29,1.014679193496704,0.15138114731887292,0.6288256049156189,-0.3858535885810852,0.3858535885810852,0.3802715095116795,False,0.8015400171279907
10496,2402794023682048,0.0705990407429481,0,blue,powerlaw,29,1.014679193496704,0.15138114731887292,0.6445933148072783,-0.3700858786894258,0.3700858786894258,0.3647319084311429,False,0.7905082024000888
10496,2402794023682048,0.0705990407429481,0,red,constant,29,0.7463250756263733,0.023091710846999597,0.6550763845443726,-0.09124869108200073,0.09124869108200073,0.12226400272752169,False,0.18217597901821136
10496,2402794023682048,0.0705990407429481,0,red,powerlaw,29,0.7463250756263733,0.023091710846999597,0.6541796367918138,-0.0921454388345595,0.0921454388345595,0.12346555387707424,False,0.18190325383909658
2275,39627847664405713,0.3316881116625737,0,blue,constant,23,1.6706931591033936,1.1007857115372368,1.8138355016708374,0.14314234256744385,0.14314234256744385,,False,4.776819705963135
2275,39627847664405713,0.3316881116625737,0,blue,powerlaw,23,1.6706931591033936,1.1007857115372368,3.448939945387255,1.7782467862838613,1.7782467862838613,,False,4.9064191037447555
2275,39627847664405713,0.3316881116625737,0,red,constant,23,0.5369275808334351,0.21317803341409433,1.009185552597046,0.47225797176361084,0.47225797176361084,,False,1.0579397678375244
2275,39627847664405713,0.3316881116625737,0,red,powerlaw,23,0.5369275808334351,0.21317803341409433,0.8244521998079418,0.28752461897450676,0.28752461897450676,,False,0.9904189679648455
2261,39627847664405229,0.3739905296441744,0,blue,constant,22,0.10915473103523254,0.02301271124319597,0.10408972948789597,-0.005065001547336578,0.005065001547336578,0.04640203406027098,False,0.11386182904243469
2261,39627847664405229,0.3739905296441744,0,blue,powerlaw,22,0.10915473103523254,0.02301271124319597,0.08324476975519433,-0.02590996128003821,0.02590996128003821,0.2373691092846456,False,0.11957508877336422
2261,39627847664405229,0.3739905296441744,0,red,constant,22,1.0132997035980225,0.005452804606069218,1.030874490737915,0.017574787139892578,0.017574787139892578,0.01734411554398769,False,0.05605069547891617
2261,39627847664405229,0.3739905296441744,0,red,powerlaw,22,1.0132997035980225,0.005452804606069218,1.0111037964753764,-0.002195907122646057,0.002195907122646057,0.002167085527459284,False,0.04918248479115404
11900,39627793792766468,0.1051468718031301,0,blue,constant,28,2.1163337230682373,0.8207556179591587,1.6967331171035767,-0.41960060596466064,0.41960060596466064,,False,4.913428783416748
11900,39627793792766468,0.1051468718031301,0,blue,powerlaw,28,2.1163337230682373,0.8207556179591587,1.235135784962153,-0.8811979381060844,0.8811979381060844,,False,4.981610461305462
11900,39627793792766468,0.1051468718031301,0,red,constant,28,0.1658327877521515,0.1043001753943307,0.400684118270874,0.23485133051872253,0.23485133051872253,,False,0.7031694650650024
11900,39627793792766468,0.1051468718031301,0,red,powerlaw,28,0.1658327877521515,0.1043001753943307,0.266252628062306,0.1004198403101545,0.1004198403101545,,False,0.6620119463410649
12253,39627787765550319,0.0931222397295957,0,blue,constant,28,0.6392574310302734,0.35823542731148855,0.991035521030426,0.3517780900001526,0.3517780900001526,,False,1.8255356550216675
12253,39627787765550319,0.0931222397295957,0,blue,powerlaw,28,0.6392574310302734,0.35823542731148855,0.4360135925930829,-0.20324383843719052,0.20324383843719052,,False,1.8052073583247759
12253,39627787765550319,0.0931222397295957,0,red,constant,28,1.8493953943252563,0.057212650775909424,1.620445966720581,-0.2289494276046753,0.2289494276046753,0.12379690590081006,False,0.42394956946372986
12253,39627787765550319,0.0931222397295957,0,red,powerlaw,28,1.8493953943252563,0.057212650775909424,1.7111973706187276,-0.13819802370652878,0.13819802370652878,0.07472605594811148,False,0.38298716230800073
7470,39627835572227638,0.368003520963086,0,blue,constant,22,0.2552173435688019,0.03590015389702537,0.3073676824569702,0.052150338888168335,0.052150338888168335,0.20433697083015664,False,0.179035484790802
7470,39627835572227638,0.368003520963086,0,blue,powerlaw,22,0.2552173435688019,0.03590015389702537,0.2664975820491882,0.01128023848038634,0.01128023848038634,0.044198557678919635,False,0.17464674253514426
7470,39627835572227638,0.368003520963086,0,red,constant,22,1.0625665187835693,0.0067177265882492065,1.093847632408142,0.031281113624572754,0.031281113624572754,0.02943920504890697,False,0.057634443044662476
7470,39627835572227638,0.368003520963086,0,red,powerlaw,22,1.0625665187835693,0.0067177265882492065,1.0903133318752731,0.027746813091703793,0.027746813091703793,0.02611301278668978,False,0.05632190276693047
1215,39627841624609199,0.0451061333812131,0,blue,constant,29,1.0410895347595215,0.20825062126948915,0.965394914150238,-0.07569462060928345,0.07569462060928345,0.07270711891918878,False,1.1965166330337524
1215,39627841624609199,0.0451061333812131,0,blue,powerlaw,29,1.0410895347595215,0.20825062126948915,0.8533451119854771,-0.18774442277404435,0.18774442277404435,0.18033455961826658,False,1.2080553927857929
1215,39627841624609199,0.0451061333812131,0,red,constant,29,0.5626511573791504,0.04103111398631129,0.5261291265487671,-0.0365220308303833,0.0365220308303833,0.06491061175543342,False,0.21073263883590698
1215,39627841624609199,0.0451061333812131,0,red,powerlaw,29,0.5626511573791504,0.04103111398631129,0.5979805614271491,0.03532940404799867,0.03532940404799867,0.06279095596739608,False,0.21019933950011227
5890,39627829498875562,0.0923651088291834,0,blue,constant,28,0.48134034872055054,0.40732124873570036,0.5176265835762024,0.036286234855651855,0.036286234855651855,,False,1.8361074924468994
5890,39627829498875562,0.0923651088291834,0,blue,powerlaw,28,0.48134034872055054,0.40732124873570036,0.9160679477091795,0.434727598988629,0.434727598988629,,False,1.8928051299003965
5890,39627829498875562,0.0923651088291834,0,red,constant,28,0.2081904411315918,0.10114118031093053,0.11988949030637741,-0.08830095082521439,0.08830095082521439,,False,0.5383407473564148
5890,39627829498875562,0.0923651088291834,0,red,powerlaw,28,0.2081904411315918,0.10114118031093053,0.4276183760816323,0.21942793495004048,0.21942793495004048,,False,0.5741981750186623
9533,39627841591054435,0.4335234889511798,0,blue,constant,21,0.1542828381061554,0.05141424565088181,0.1185869574546814,-0.035695880651474,0.035695880651474,0.23136650251995752,False,0.20790235698223114
9533,39627841591054435,0.4335234889511798,0,blue,powerlaw,21,0.1542828381061554,0.05141424565088181,0.1258399642066934,-0.028442873899461985,0.028442873899461985,0.1843553971951933,False,0.2072152827179525
9533,39627841591054435,0.4335234889511798,0,red,constant,21,1.0689481496810913,0.008045054617382232,1.1635204553604126,0.09457230567932129,0.09457230567932129,0.08847230401917612,False,0.10370945930480957
9533,39627841591054435,0.4335234889511798,0,red,powerlaw,21,1.0689481496810913,0.008045054617382232,1.1636257876863167,0.09467763800522544,0.09467763800522544,0.08857084231210977,False,0.10595900219882694
3338,39627811404646657,0.0851557155756855,0,blue,constant,28,1.4757404327392578,0.8255147933959961,1.6764204502105713,0.20068001747131348,0.20068001747131348,,False,4.369411468505859
3338,39627811404646657,0.0851557155756855,0,blue,powerlaw,28,1.4757404327392578,0.8255147933959961,2.6287856713813698,1.153045238642112,1.153045238642112,,False,4.474196476015448
3338,39627811404646657,0.0851557155756855,0,red,constant,28,0.4925471246242523,0.11061349085399083,0.7363969683647156,0.24384984374046326,0.24384984374046326,0.49507921485987383,False,0.6495410799980164
3338,39627811404646657,0.0851557155756855,0,red,powerlaw,28,0.4925471246242523,0.11061349085399083,1.0117390564099709,0.5191919317857185,0.5191919317857185,1.054095955147018,False,0.8672249863287598
2975,39627823484242836,0.2483291227476399,0,blue,constant,25,2.2816262245178223,0.44171489715576173,1.559597134590149,-0.7220290899276733,0.7220290899276733,0.31645371278122486,False,2.718177080154419
2975,39627823484242836,0.2483291227476399,0,blue,powerlaw,25,2.2816262245178223,0.44171489715576173,2.324491425024119,0.04286520050629683,0.04286520050629683,0.0187871265002468,False,2.63095942754404
2975,39627823484242836,0.2483291227476399,0,red,constant,25,0.655127763748169,0.08139275550842286,0.15351679921150208,-0.5016109645366669,0.5016109645366669,0.7656689157345591,False,0.824236273765564
2975,39627823484242836,0.2483291227476399,0,red,powerlaw,25,0.655127763748169,0.08139275550842286,0.3045174531412718,-0.3506103106068971,0.3506103106068971,0.5351785254847964,False,0.7481055438196372
7351,39627835568034061,0.2143582598526386,0,blue,constant,25,0.8055875897407532,0.41244632720947266,0.6583131551742554,-0.1472744345664978,0.1472744345664978,,False,1.5464400053024292
7351,39627835568034061,0.2143582598526386,0,blue,powerlaw,25,0.8055875897407532,0.41244632720947266,0.6514209812424987,-0.15416660849825448,0.15416660849825448,,False,1.5465618895790239
7351,39627835568034061,0.2143582598526386,0,red,constant,25,0.9267117381095886,0.09784344673156738,1.1909496784210205,0.2642379403114319,0.2642379403114319,0.28513498798499554,False,0.5873330235481262
7351,39627835568034061,0.2143582598526386,0,red,powerlaw,25,0.9267117381095886,0.09784344673156738,0.9208484140212545,-0.005863324088334121,0.005863324088334121,0.006327020417691905,False,0.5227702029253729
5812,39627835551253449,0.5456582463541787,0,blue,constant,20,0.2778177857398987,0.07557425498962403,0.21675296127796173,-0.06106482446193695,0.06106482446193695,0.2198017103163714,False,0.3173469007015228
5812,39627835551253449,0.5456582463541787,0,blue,powerlaw,20,0.2778177857398987,0.07557425498962403,0.13337099157911567,-0.14444679416078302,0.14444679416078302,0.5199335736410282,False,0.34264275934663707
5812,39627835551253449,0.5456582463541787,0,red,constant,20,1.1165130138397217,0.020551396906375884,1.1058297157287598,-0.010683298110961914,0.010683298110961914,0.009568449250960122,False,0.08010613173246384
5812,39627835551253449,0.5456582463541787,0,red,powerlaw,20,1.1165130138397217,0.020551396906375884,1.1259749629159195,0.009461949076197795,0.009461949076197795,0.008474553327110688,False,0.08202458595998928
9204,39627853679036621,0.2198216984398181,0,blue,constant,25,0.7415612936019897,0.5628989791870117,1.2216089963912964,0.48004770278930664,0.48004770278930664,,False,2.9857065677642822
9204,39627853679036621,0.2198216984398181,0,blue,powerlaw,25,0.7415612936019897,0.5628989791870117,1.4106254807581065,0.6690641871561167,0.6690641871561167,,False,3.0267195560371385
9204,39627853679036621,0.2198216984398181,0,red,constant,25,0.5267945528030396,0.07838586807250976,0.4565296471118927,-0.07026490569114685,0.07026490569114685,0.1333819898426661,False,0.3389861583709717
9204,39627853679036621,0.2198216984398181,0,red,powerlaw,25,0.5267945528030396,0.07838586807250976,0.5234777771992039,-0.0033167756038356977,0.0033167756038356977,0.0062961463557042316,False,0.33360813693579866
4110,2851346470404097,0.183903877544252,0,blue,constant,26,0.17858943343162537,0.016205423153363742,0.24207618832588196,0.06348675489425659,0.06348675489425659,0.35548998434200807,False,0.10666382312774658
4110,2851346470404097,0.183903877544252,0,blue,powerlaw,26,0.17858943343162537,0.016205423153363742,0.2010370162861972,0.022447582854571824,0.022447582854571824,0.12569379063048594,False,0.08119095005525423
4110,2851346470404097,0.183903877544252,0,red,constant,26,1.0478603839874268,0.003127290365787653,1.036592960357666,-0.011267423629760742,0.011267423629760742,0.010752790927055354,False,0.03110620565712452
4110,2851346470404097,0.183903877544252,0,red,powerlaw,26,1.0478603839874268,0.003127290365787653,0.9784458446538717,-0.06941453933355501,0.06941453933355501,0.0662440725828489,False,0.07506181563330527
12928,39627787761354325,0.5610406289310123,0,blue,constant,20,0.2689891755580902,0.14225828647613525,0.5755077600479126,0.3065185844898224,0.3065185844898224,,False,0.8194798827171326
12928,39627787761354325,0.5610406289310123,0,blue,powerlaw,20,0.2689891755580902,0.14225828647613525,0.5132642601880002,0.24427508462991,0.24427508462991,,False,0.7979661270231521
12928,39627787761354325,0.5610406289310123,0,red,constant,20,1.1099663972854614,0.02736632227897644,1.1328628063201904,0.022896409034729004,0.022896409034729004,0.020628019992969662,False,0.11443901062011719
12928,39627787761354325,0.5610406289310123,0,red,powerlaw,20,1.1099663972854614,0.02736632227897644,1.1483158423969395,0.03834944511147809,0.03834944511147809,0.034550095575204484,False,0.12053929503175682
3045,39627805356463318,0.5480306883658168,0,blue,constant,20,0.8828381299972534,0.19988973140716554,0.4567030370235443,-0.4261350929737091,0.4261350929737091,0.48268768474582635,False,0.9900273084640503
3045,39627805356463318,0.5480306883658168,0,blue,powerlaw,20,0.8828381299972534,0.19988973140716554,0.5179776068550725,-0.36486052314218087,0.36486052314218087,0.4132813374783846,False,0.9792013471664529
3045,39627805356463318,0.5480306883658168,0,red,constant,20,1.0613267421722412,0.03323179185390472,1.0833086967468262,0.02198195457458496,0.02198195457458496,0.020711769242329654,False,0.19263216853141785
3045,39627805356463318,0.5480306883658168,0,red,powerlaw,20,1.0613267421722412,0.03323179185390472,1.019687113032737,-0.04163962913950425,0.04163962913950425,0.03923356256366394,False,0.1937175153237004
12615,39627787757163721,0.3759539712555434,0,blue,constant,22,0.0625845268368721,0.02578978646885265,0.1282416135072708,0.06565708667039871,0.06565708667039871,,False,0.11242321878671646
12615,39627787757163721,0.3759539712555434,0,blue,powerlaw,22,0.0625845268368721,0.02578978646885265,0.09497508272673144,0.03239055588985934,0.03239055588985934,,False,0.09750902576907339
12615,39627787757163721,0.3759539712555434,0,red,constant,22,1.0633937120437622,0.006316163323142312,1.1024442911148071,0.03905057907104492,0.03905057907104492,0.036722597311575844,False,0.07344991713762283
12615,39627787757163721,0.3759539712555434,0,red,powerlaw,22,1.0633937120437622,0.006316163323142312,1.0845997996838936,0.021206087640131432,0.021206087640131432,0.019941896778169713,False,0.06369442416392306
2561,39627817436059180,0.5979975481846802,0,blue,constant,19,0.012714244425296783,0.12441838415045488,0.12078547477722168,0.1080712303519249,0.1080712303519249,,False,0.5418919920921326
2561,39627817436059180,0.5979975481846802,0,blue,powerlaw,19,0.012714244425296783,0.12441838415045488,0.026630668323879936,0.013916423898583153,0.013916423898583153,,False,0.5314013382702262
2561,39627817436059180,0.5979975481846802,0,red,constant,19,1.1177512407302856,0.022114273748899762,1.0712493658065796,-0.046501874923706055,0.046501874923706055,0.04160306267548756,False,0.08307993412017822
2561,39627817436059180,0.5979975481846802,0,red,powerlaw,19,1.1177512407302856,0.022114273748899762,1.152894877169368,0.03514363643908225,0.03514363643908225,0.03144137546751553,False,0.07724678119812839
6925,39627841586860921,0.1265416126887426,0,blue,constant,27,1.7471603155136108,0.6298847198486328,0.572105348110199,-1.1750549674034119,1.1750549674034119,,False,4.038633346557617
6925,39627841586860921,0.1265416126887426,0,blue,powerlaw,27,1.7471603155136108,0.6298847198486328,0.527762865880725,-1.2193974496328859,1.2193974496328859,,False,4.056880218750571
6925,39627841586860921,0.1265416126887426,0,red,constant,27,0.3564176857471466,0.08734200618885181,0.31247425079345703,-0.043943434953689575,0.043943434953689575,0.12329195971735354,False,0.5242497324943542
6925,39627841586860921,0.1265416126887426,0,red,powerlaw,27,0.3564176857471466,0.08734200618885181,0.5265136727570345,0.17009598700988793,0.17009598700988793,0.4772377853621975,False,0.5519011662432267
3618,2402739686473735,0.0643342258731362,0,blue,constant,29,0.4582410752773285,0.1083398358575229,0.8413105607032776,0.3830694854259491,0.3830694854259491,0.8359562380873748,False,0.5523490309715271
3618,2402739686473735,0.0643342258731362,0,blue,powerlaw,29,0.4582410752773285,0.1083398358575229,0.8280548084992488,0.36981373322192035,0.36981373322192035,0.8070287740969276,False,0.5405200607603785
3618,2402739686473735,0.0643342258731362,0,red,constant,29,0.6484631299972534,0.014754299459786251,0.6628546714782715,0.014391541481018066,0.014391541481018066,0.022193307244899214,False,0.0852709487080574
3618,2402739686473735,0.0643342258731362,0,red,powerlaw,29,0.6484631299972534,0.014754299459786251,0.6922180983916693,0.04375496839441584,0.04375496839441584,0.06747487462332849,False,0.09525355770072705
7808,2715025152147456,0.2266819361222974,0,blue,constant,25,0.8157636523246765,0.11166716575622558,1.0079090595245361,0.19214540719985962,0.19214540719985962,0.235540535119828,False,0.39580345153808594
7808,2715025152147456,0.2266819361222974,0,blue,powerlaw,25,0.8157636523246765,0.11166716575622558,1.0480593945093928,0.23229574218471627,0.23229574218471627,0.28475863262937073,False,0.42679895828016173
7808,2715025152147456,0.2266819361222974,0,red,constant,25,0.6917176246643066,0.017444292306900023,0.7080322504043579,0.01631462574005127,0.01631462574005127,0.023585673052596894,False,0.10274986922740936
7808,2715025152147456,0.2266819361222974,0,red,powerlaw,25,0.6917176246643066,0.017444292306900023,0.7040326613433971,0.012315036679090507,0.012315036679090507,0.01780356064379167,False,0.10052151944399398
1482,2842580605730816,0.0464169173430912,0,blue,constant,29,0.4676579236984253,0.12114616098075077,0.38914018869400024,-0.07851773500442505,0.07851773500442505,0.1678956583980776,False,0.7155306339263916
1482,2842580605730816,0.0464169173430912,0,blue,powerlaw,29,0.4676579236984253,0.12114616098075077,0.22457152141329048,-0.2430864022851348,0.2430864022851348,0.5197953246738783,False,0.7513964837695005
1482,2842580605730816,0.0464169173430912,0,red,constant,29,0.8512672781944275,0.016803906909350692,0.8886758089065552,0.037408530712127686,0.037408530712127686,0.0439445185670389,False,0.12008803337812424
1482,2842580605730816,0.0464169173430912,0,red,powerlaw,29,0.8512672781944275,0.016803906909350692,0.9072897946459161,0.05602251645148859,0.05602251645148859,0.06581072465314845,False,0.12759192272240982
9322,39627847647627092,0.4082686322869648,0,blue,constant,22,3.7511062622070312,0.6876392797990278,1.7761149406433105,-1.9749913215637207,1.9749913215637207,0.5265090305390866,False,5.1612348556518555
9322,39627847647627092,0.4082686322869648,0,blue,powerlaw,22,3.7511062622070312,0.6876392797990278,2.59836373632066,-1.1527425258863713,1.1527425258863713,0.30730735023436373,False,4.7194768308041395
9322,39627847647627092,0.4082686322869648,0,red,constant,22,0.5288401246070862,0.14000685648484665,0.9206193685531616,0.39177924394607544,0.39177924394607544,0.7408273799896646,False,0.8428770899772644
9322,39627847647627092,0.4082686322869648,0,red,powerlaw,22,0.5288401246070862,0.14000685648484665,0.9782776599541883,0.44943753534710207,0.44943753534710207,0.8498552103644215,False,0.8779068496741979
12226,39627793796961309,0.4478410317895243,0,blue,constant,21,1.0689783096313477,0.18224052020481654,1.0282515287399292,-0.04072678089141846,0.04072678089141846,0.03809879070929294,False,0.6739594340324402
12226,39627793796961309,0.4478410317895243,0,blue,powerlaw,21,1.0689783096313477,0.18224052020481654,1.1386823237051602,0.06970401407381255,0.06970401407381255,0.0652062005803008,False,0.675802815182877
12226,39627793796961309,0.4478410317895243,0,red,constant,21,1.0958547592163086,0.03833087569191342,1.1697783470153809,0.07392358779907227,0.07392358779907227,0.06745746840752702,False,0.5304348468780518
12226,39627793796961309,0.4478410317895243,0,red,powerlaw,21,1.0958547592163086,0.03833087569191342,1.109888806087031,0.014034046870722516,0.014034046870722516,0.012806484392839474,False,0.5213277886803593
12905,39627793796959006,0.5232407110910429,0,blue,constant,20,0.07818438112735748,0.0525493323802948,0.08469118177890778,0.006506800651550293,0.006506800651550293,,False,0.16307681798934937
12905,39627793796959006,0.5232407110910429,0,blue,powerlaw,20,0.07818438112735748,0.0525493323802948,0.07240078796491758,-0.005783593162439898,0.005783593162439898,,False,0.16411048535188522
12905,39627793796959006,0.5232407110910429,0,red,constant,20,1.0635509490966797,0.011943568289279938,1.0721932649612427,0.008642315864562988,0.008642315864562988,0.008125906776636592,False,0.057795632630586624
12905,39627793796959006,0.5232407110910429,0,red,powerlaw,20,1.0635509490966797,0.011943568289279938,1.0378209286439426,-0.02573002045273709,0.02573002045273709,0.024192560285514034,False,0.06520631192728739
1510,39627847651824976,0.1711271424129847,0,blue,constant,26,1.3183144330978394,0.7251973518958459,0.9012070298194885,-0.41710740327835083,0.41710740327835083,,False,3.916435718536377
1510,39627847651824976,0.1711271424129847,0,blue,powerlaw,26,1.3183144330978394,0.7251973518958459,0.49713270151811983,-0.8211817315797195,0.8211817315797195,,False,3.9763424550919333
1510,39627847651824976,0.1711271424129847,0,red,constant,26,0.6092681884765625,0.1162795195212731,0.6809755563735962,0.07170736789703369,0.07170736789703369,0.11769425887199779,False,0.6962129473686218
1510,39627847651824976,0.1711271424129847,0,red,powerlaw,26,0.6092681884765625,0.1162795195212731,0.5703066134557968,-0.03896157502076569,0.03896157502076569,0.06394815248468283,False,0.6931871601714199
6829,39627829507264460,0.0167632735241637,0,blue,constant,30,1.042662262916565,0.17475015322367352,1.244571328163147,0.20190906524658203,0.20190906524658203,0.19364761958661109,False,0.9349049925804138
6829,39627829507264460,0.0167632735241637,0,blue,powerlaw,30,1.042662262916565,0.17475015322367352,1.1740015608318308,0.13133929791526588,0.13133929791526588,0.1259653318111656,False,0.9186928638620546
6829,39627829507264460,0.0167632735241637,0,red,constant,30,0.34905827045440674,0.028965804974238077,0.3699394762516022,0.020881205797195435,0.020881205797195435,0.05982154718755731,False,0.21980972588062286
6829,39627829507264460,0.0167632735241637,0,red,powerlaw,30,0.34905827045440674,0.028965804974238077,0.3950554896907571,0.04599721923635036,0.04599721923635036,0.13177518806951868,False,0.21727662704276743
5922,39627835547060165,0.3760721376667936,0,blue,constant,22,0.05170688405632973,0.02774400602687489,0.08855866640806198,0.036851782351732254,0.036851782351732254,,False,0.12835021317005157
5922,39627835547060165,0.3760721376667936,0,blue,powerlaw,22,0.05170688405632973,0.02774400602687489,0.07274276209657521,0.02103587804024548,0.02103587804024548,,False,0.12665069281461294
5922,39627835547060165,0.3760721376667936,0,red,constant,22,1.0928875207901,0.008883131498640234,1.0642277002334595,-0.028659820556640625,0.028659820556640625,0.026223943463020864,False,0.06869044154882431
5922,39627835547060165,0.3760721376667936,0,red,powerlaw,22,1.0928875207901,0.008883131498640234,1.0307318395904164,-0.06215568119968373,0.06215568119968373,0.05687289864445377,False,0.08561169015985275
4168,2842562456977408,0.0281936156448863,0,blue,constant,30,0.6189547181129456,0.08330326875050863,1.1456665992736816,0.5267118811607361,0.5267118811607361,0.8509699752617813,False,0.7384309768676758
4168,2842562456977408,0.0281936156448863,0,blue,powerlaw,30,0.6189547181129456,0.08330326875050863,1.0894135526445987,0.47045883453165316,0.47045883453165316,0.760086030147693,False,0.695995824245579
4168,2842562456977408,0.0281936156448863,0,red,constant,30,0.5883731245994568,0.01427877147992452,0.6388996243476868,0.05052649974822998,0.05052649974822998,0.08587492806138383,False,0.10154800862073898
4168,2842562456977408,0.0281936156448863,0,red,powerlaw,30,0.5883731245994568,0.01427877147992452,0.6215761814904596,0.03320305689100278,0.03320305689100278,0.05643197403621422,False,0.09237837076319798
12854,39627787752966787,0.1695809213128639,0,blue,constant,26,-1.485140085220337,1.172903721149151,0.08305183798074722,1.5681919232010841,1.5681919232010841,,False,4.2912163734436035
12854,39627787752966787,0.1695809213128639,0,blue,powerlaw,26,-1.485140085220337,1.172903721149151,2.341783269848604e-09,1.4851400875621201,1.4851400875621201,,False,4.261567204475661
12854,39627787752966787,0.1695809213128639,0,red,constant,26,0.6572922468185425,0.17520612936753494,0.8970882892608643,0.23979604244232178,0.23979604244232178,0.3648240848769997,False,0.8753696084022522
12854,39627787752966787,0.1695809213128639,0,red,powerlaw,26,0.6572922468185425,0.17520612936753494,0.7779324607823929,0.12064021396385038,0.12064021396385038,0.18354120948144292,False,0.8507498240102714
6370,39627829511459693,0.5736303520624962,0,blue,constant,20,0.21912772953510284,0.09808180928230285,0.15924444794654846,-0.05988328158855438,0.05988328158855438,,False,0.5182659029960632
6370,39627829511459693,0.5736303520624962,0,blue,powerlaw,20,0.21912772953510284,0.09808180928230285,0.15919847637869022,-0.05992925315641262,0.05992925315641262,,False,0.5189501781053959
6370,39627829511459693,0.5736303520624962,0,red,constant,20,1.1218886375427246,0.016069169342517852,1.1482183933258057,0.026329755783081055,0.026329755783081055,0.02346913490518202,False,0.10383415967226028
6370,39627829511459693,0.5736303520624962,0,red,powerlaw,20,1.1218886375427246,0.016069169342517852,1.1804353117918314,0.058546674249106756,0.058546674249106756,0.05218581621197419,False,0.11870941448468372
974,39627835580616763,0.4723174633084611,0,blue,constant,21,0.03902222588658333,0.13474608602977933,0.19681866466999054,0.1577964387834072,0.1577964387834072,,False,0.6777549982070923
974,39627835580616763,0.4723174633084611,0,blue,powerlaw,21,0.03902222588658333,0.13474608602977933,0.02751515230922229,-0.011507073577361037,0.011507073577361037,,False,0.6601350363672032
974,39627835580616763,0.4723174633084611,0,red,constant,21,1.398828148841858,0.03558552548998878,1.2539087533950806,-0.14491939544677734,0.14491939544677734,0.10360057135450236,False,0.3881508409976959
974,39627835580616763,0.4723174633084611,0,red,powerlaw,21,1.398828148841858,0.03558552548998878,1.2520601742673683,-0.14676797457448965,0.14676797457448965,0.10492209117753623,False,0.38824849034726183
2663,39627823480046220,0.0681721820471413,0,blue,constant,29,0.8845003843307495,0.13383794653004613,0.7540992498397827,-0.1304011344909668,0.1304011344909668,0.1474291439563747,False,1.0537421703338623
2663,39627823480046220,0.0681721820471413,0,blue,powerlaw,29,0.8845003843307495,0.13383794653004613,0.5574886250611317,-0.3270117592696178,0.3270117592696178,0.3697135298782812,False,1.1165934397947106
2663,39627823480046220,0.0681721820471413,0,red,constant,29,0.6045945286750793,0.025599389240659517,0.6374390125274658,0.032844483852386475,0.032844483852386475,0.05432481157969216,False,0.1200927272439003
2663,39627823480046220,0.0681721820471413,0,red,powerlaw,29,0.6045945286750793,0.025599389240659517,0.6372109567094367,0.03261642803435738,0.03261642803435738,0.05394760701165073,False,0.12031214069142471
542,39627580936033060,0.3031609031710275,0,blue,constant,24,0.6986106038093567,0.1432498892148336,0.783619225025177,0.08500862121582031,0.08500862121582031,0.12168240898762288,False,0.7530047297477722
542,39627580936033060,0.3031609031710275,0,blue,powerlaw,24,0.6986106038093567,0.1432498892148336,0.7451362119072243,0.046525608097867655,0.046525608097867655,0.0665973402696361,False,0.7402641811202297
542,39627580936033060,0.3031609031710275,0,red,constant,24,0.8289604187011719,0.022038171688715618,0.8422488570213318,0.013288438320159912,0.013288438320159912,0.016030244653876775,False,0.1185038834810257
542,39627580936033060,0.3031609031710275,0,red,powerlaw,24,0.8289604187011719,0.022038171688715618,0.8215748236059509,-0.007385595095220965,0.007385595095220965,0.008909466518067087,False,0.11839532649016654
1627,39627853704204742,0.5326220280668471,0,blue,constant,20,-0.02734864130616188,0.1833438277244568,0.13750623166561127,0.16485487297177315,0.16485487297177315,,False,0.6265588998794556
1627,39627853704204742,0.5326220280668471,0,blue,powerlaw,20,-0.02734864130616188,0.1833438277244568,0.055688165911224906,0.0830368072173868,0.0830368072173868,,False,0.6074933502810727
1627,39627853704204742,0.5326220280668471,0,red,constant,20,1.1534684896469116,0.019347572326660158,1.1901695728302002,0.036701083183288574,0.036701083183288574,0.03181801974887337,False,0.12068173289299011
1627,39627853704204742,0.5326220280668471,0,red,powerlaw,20,1.1534684896469116,0.019347572326660158,1.1460907052044151,-0.007377784442496482,0.007377784442496482,0.006396173375100084,False,0.11620049794058052
2769,39627829515653030,0.3229768187582894,0,blue,constant,23,0.0755811259150505,0.026505115239516548,0.15343566238880157,0.07785453647375107,0.07785453647375107,,False,0.14304320514202118
2769,39627829515653030,0.3229768187582894,0,blue,powerlaw,23,0.0755811259150505,0.026505115239516548,0.13131017123960115,0.05572904532455064,0.05572904532455064,,False,0.12912219737811606
2769,39627829515653030,0.3229768187582894,0,red,constant,23,1.049314260482788,0.00543480528437573,0.9816163182258606,-0.06769794225692749,0.06769794225692749,0.0645163654078043,False,0.08345050364732742
2769,39627829515653030,0.3229768187582894,0,red,powerlaw,23,1.049314260482788,0.00543480528437573,1.0082722721833857,-0.04104198829940242,0.04104198829940242,0.03911315212710352,False,0.06784478977551611
3859,39627817436056733,0.130754402825237,0,blue,constant,27,1.3212603330612183,0.21820331502843787,0.7423722743988037,-0.5788880586624146,0.5788880586624146,0.4381332309592562,False,1.3233673572540283
3859,39627817436056733,0.130754402825237,0,blue,powerlaw,27,1.3212603330612183,0.21820331502843787,0.5875158963165128,-0.7337444367447055,0.7337444367447055,0.555336763228711,False,1.4154274311817276
3859,39627817436056733,0.130754402825237,0,red,constant,27,0.542028546333313,0.02149699131647746,0.5326404571533203,-0.009388089179992676,0.009388089179992676,0.01732028551540457,False,0.136992409825325
3859,39627817436056733,0.130754402825237,0,red,powerlaw,27,0.542028546333313,0.02149699131647746,0.5145849383826985,-0.027443607950614513,0.027443607950614513,0.05063129633349319,False,0.13632231445934326
6577,39627823467466867,0.3094879998868189,0,blue,constant,23,-0.25871211290359497,0.1640929761140243,0.32356786727905273,0.5822799801826477,0.5822799801826477,,False,1.0573054552078247
6577,39627823467466867,0.3094879998868189,0,blue,powerlaw,23,-0.25871211290359497,0.1640929761140243,0.030176377663111383,0.28888849056670635,0.28888849056670635,,False,0.9246465268513651
6577,39627823467466867,0.3094879998868189,0,red,constant,23,0.7339187264442444,0.019510537385940552,0.7758844494819641,0.04196572303771973,0.04196572303771973,0.057180340990941936,False,0.13914306461811066
6577,39627823467466867,0.3094879998868189,0,red,powerlaw,23,0.7339187264442444,0.019510537385940552,0.76707510555059,0.03315637910634561,0.03315637910634561,0.0451771809488833,False,0.13321738985217227
6873,2842568492580864,0.0323794601806772,0,blue,constant,30,0.43538644909858704,0.008010107775529225,0.473363995552063,0.03797754645347595,0.03797754645347595,0.08722721281772479,False,0.0871829241514206
6873,2842568492580864,0.0323794601806772,0,blue,powerlaw,30,0.43538644909858704,0.008010107775529225,0.3686309647737663,-0.06675548432482076,0.06675548432482076,0.15332467159469387,False,0.10431262643843053
6873,2842568492580864,0.0323794601806772,0,red,constant,30,0.829555094242096,0.0019365859528382618,0.8622105121612549,0.032655417919158936,0.032655417919158936,0.03936497786080599,False,0.036058686673641205
6873,2842568492580864,0.0323794601806772,0,red,powerlaw,30,0.829555094242096,0.0019365859528382618,0.8588636362500909,0.02930854200799493,0.02930854200799493,0.035330434604553915,False,0.0333593295751118
8092,39627829524040288,0.5315879475232077,0,blue,constant,20,0.03617710620164871,0.08106727600097656,0.0972527489066124,0.061075642704963684,0.061075642704963684,,False,0.2502342164516449
8092,39627829524040288,0.5315879475232077,0,blue,powerlaw,20,0.03617710620164871,0.08106727600097656,0.0229985607301488,-0.013178545471499912,0.013178545471499912,,False,0.24180056325163943
8092,39627829524040288,0.5315879475232077,0,red,constant,20,1.2145508527755737,0.013275209069252013,1.2081036567687988,-0.006447196006774902,0.006447196006774902,0.005308296471935559,False,0.06860719621181488
8092,39627829524040288,0.5315879475232077,0,red,powerlaw,20,1.2145508527755737,0.013275209069252013,1.2190160616581678,0.004465208882594052,0.004465208882594052,0.003676428098823408,False,0.06838201434365929
5325,39627865767018542,0.1244513715613633,0,blue,constant,27,2.4780986309051514,0.7436485996952763,1.09286630153656,-1.3852323293685913,1.3852323293685913,0.5589899901855887,False,3.7881181240081787
5325,39627865767018542,0.1244513715613633,0,blue,powerlaw,27,2.4780986309051514,0.7436485996952763,1.0611715619819226,-1.4169270689232287,1.4169270689232287,0.5717799329099671,False,3.8071587025533953
5325,39627865767018542,0.1244513715613633,0,red,constant,27,0.22343578934669495,0.10966841379801433,0.5910297632217407,0.3675939738750458,0.3675939738750458,,False,0.8485713005065918
5325,39627865767018542,0.1244513715613633,0,red,powerlaw,27,0.22343578934669495,0.10966841379801433,0.850498842413068,0.627063053066373,0.627063053066373,,False,1.0158699984652226
6489,39627823471657401,0.3551855495922,0,blue,constant,23,0.09433797001838684,0.030179477256277332,0.13460871577262878,0.04027074575424194,0.04027074575424194,0.4268773829497605,False,0.14911776781082153
6489,39627823471657401,0.3551855495922,0,blue,powerlaw,23,0.09433797001838684,0.030179477256277332,0.11462509679737376,0.02028712677898692,0.02028712677898692,0.21504731101414284,False,0.1503359791163625
6489,39627823471657401,0.3551855495922,0,red,constant,23,1.030178427696228,0.00691986796648606,1.0767308473587036,0.046552419662475586,0.046552419662475586,0.04518869587143272,False,0.07117274403572083
6489,39627823471657401,0.3551855495922,0,red,powerlaw,23,1.030178427696228,0.00691986796648606,1.0653047255440806,0.035126297847852594,0.035126297847852594,0.034097295093244176,False,0.0641011389422084
506,39627574954954299,0.5259665970561116,0,blue,constant,20,0.03074747882783413,0.06772299408912659,0.06829269230365753,0.0375452134758234,0.0375452134758234,,False,0.22048352658748627
506,39627574954954299,0.5259665970561116,0,blue,powerlaw,20,0.03074747882783413,0.06772299408912659,0.03530314387732801,0.004555665049493882,0.004555665049493882,,False,0.21689830851154018
506,39627574954954299,0.5259665970561116,0,red,constant,20,1.1665098667144775,0.012033075839281083,1.1944128274917603,0.027902960777282715,0.027902960777282715,0.0239200383755626,False,0.07131291925907135
506,39627574954954299,0.5259665970561116,0,red,powerlaw,20,1.1665098667144775,0.012033075839281083,1.2162995881710184,0.049789721456540814,0.049789721456540814,0.04268264065076071,False,0.08227292824304394
611,39627568994848893,0.2921581104373164,0,blue,constant,24,0.41795802116394043,0.14151150981585184,0.4392634332180023,0.02130541205406189,0.02130541205406189,,False,0.758301854133606
611,39627568994848893,0.2921581104373164,0,blue,powerlaw,24,0.41795802116394043,0.14151150981585184,0.4456654904926154,0.02770746932867496,0.02770746932867496,,False,0.7568339105775331
611,39627568994848893,0.2921581104373164,0,red,constant,24,1.0913769006729126,0.02733205258846283,1.0496888160705566,-0.04168808460235596,0.04168808460235596,0.0381976974010099,False,0.15643949806690216
611,39627568994848893,0.2921581104373164,0,red,powerlaw,24,1.0913769006729126,0.02733205258846283,1.0708246589547141,-0.020552241718198472,0.020552241718198472,0.018831479487541408,False,0.15186175856071177
3752,39627811404646085,0.2194465798369882,0,blue,constant,25,1.3253921270370483,0.20244659423828126,0.6530126929283142,-0.6723794341087341,0.6723794341087341,0.507306042032902,False,1.2177271842956543
3752,39627811404646085,0.2194465798369882,0,blue,powerlaw,25,1.3253921270370483,0.20244659423828126,0.7331498579713146,-0.5922422690657337,0.5922422690657337,0.4468430564694149,False,1.177363041849193
3752,39627811404646085,0.2194465798369882,0,red,constant,25,0.6408045291900635,0.03210921049118042,0.6758792996406555,0.03507477045059204,0.03507477045059204,0.054735522070863546,False,0.15052875876426697
3752,39627811404646085,0.2194465798369882,0,red,powerlaw,25,0.6408045291900635,0.03210921049118042,0.6909748358490567,0.05017030665899325,0.05017030665899325,0.07829268423306145,False,0.15442697151850907
9025,39627835555450600,0.1242178958762002,0,blue,constant,27,0.9100756049156189,0.6219854708071109,1.7422460317611694,0.8321704268455505,0.8321704268455505,,False,3.161163091659546
9025,39627835555450600,0.1242178958762002,0,blue,powerlaw,27,0.9100756049156189,0.6219854708071109,1.4788141019802377,0.5687384970646188,0.5687384970646188,,False,3.1034835593941885
9025,39627835555450600,0.1242178958762002,0,red,constant,27,-0.43520891666412354,0.09575704292014793,-0.13292425870895386,0.3022846579551697,0.3022846579551697,,True,0.9543097019195557
9025,39627835555450600,0.1242178958762002,0,red,powerlaw,27,-0.43520891666412354,0.09575704292014793,0.17180749024373262,0.6070164069078562,0.6070164069078562,,False,1.0839962434845178
806,39627841612025438,0.1193565291569476,0,blue,constant,27,0.04766025021672249,0.5876946979098849,1.5240492820739746,1.4763890318572521,1.4763890318572521,,False,3.119124174118042
806,39627841612025438,0.1193565291569476,0,blue,powerlaw,27,0.04766025021672249,0.5876946979098849,0.9536609942126374,0.9060007439959149,0.9060007439959149,,False,2.8820170432443715
806,39627841612025438,0.1193565291569476,0,red,constant,27,0.36769506335258484,0.11378546997352883,0.44574007391929626,0.07804501056671143,0.07804501056671143,0.21225471415120314,False,0.5646392703056335
806,39627841612025438,0.1193565291569476,0,red,powerlaw,27,0.36769506335258484,0.11378546997352883,0.9134924537596907,0.5457973904071058,0.5457973904071058,1.4843750836103493,False,0.8066814144599136
3272,39627823475856084,0.1243946961063919,0,blue,constant,27,1.7329195737838745,0.20917219585842556,1.216907262802124,-0.5160123109817505,0.5160123109817505,0.29777049021093593,False,0.8350294232368469
3272,39627823475856084,0.1243946961063919,0,blue,powerlaw,27,1.7329195737838745,0.20917219585842556,1.1587712067300053,-0.5741483670538692,0.5741483670538692,0.33131853072684814,False,0.8801786951933834
3272,39627823475856084,0.1243946961063919,0,red,constant,27,0.5067650675773621,0.026026791996426053,0.5691893100738525,0.06242424249649048,0.06242424249649048,0.12318181834220623,False,0.1416480988264084
3272,39627823475856084,0.1243946961063919,0,red,powerlaw,27,0.5067650675773621,0.026026791996426053,0.5302096372444557,0.02344456966709363,0.02344456966709363,0.04626319209248694,False,0.13201317354688405
6536,39627823471658492,0.5106211990053792,0,blue,constant,20,0.7563983201980591,0.06198715567588806,0.5738651156425476,-0.18253320455551147,0.18253320455551147,0.24131889201937423,False,0.34385284781455994
6536,39627823471658492,0.5106211990053792,0,blue,powerlaw,20,0.7563983201980591,0.06198715567588806,0.673766391776283,-0.08263192842177614,0.08263192842177614,0.10924393433361854,False,0.27932929231781484
6536,39627823471658492,0.5106211990053792,0,red,constant,20,1.2923563718795776,0.008014124631881715,1.2275408506393433,-0.06481552124023438,0.06481552124023438,0.050152978428053836,False,0.07294438034296036
6536,39627823471658492,0.5106211990053792,0,red,powerlaw,20,1.2923563718795776,0.008014124631881715,1.2606408926397286,-0.031715479239849076,0.031715479239849076,0.02454081546696188,False,0.04461444388718882
1644,39627847651822643,0.3295183285466317,0,blue,constant,23,1.974774718284607,0.8258103909699813,1.3222981691360474,-0.6524765491485596,0.6524765491485596,,False,4.086568832397461
1644,39627847651822643,0.3295183285466317,0,blue,powerlaw,23,1.974774718284607,0.8258103909699813,1.2586428449992961,-0.7161318732853108,0.7161318732853108,,False,4.090531572485348
1644,39627847651822643,0.3295183285466317,0,red,constant,23,0.670735239982605,0.09206926304361095,0.5368183255195618,-0.1339169144630432,0.1339169144630432,0.1996568936299161,False,0.5434226989746094
1644,39627847651822643,0.3295183285466317,0,red,powerlaw,23,0.670735239982605,0.09206926304361095,0.5076303309586538,-0.16310490902395114,0.16310490902395114,0.24317331087029384,False,0.5499986978779996
899,39627841616221866,0.5612730943237612,0,blue,constant,20,0.0719153955578804,0.06333219408988952,0.06648234277963638,-0.0054330527782440186,0.0054330527782440186,,False,0.36337965726852417
899,39627841616221866,0.5612730943237612,0,blue,powerlaw,20,0.0719153955578804,0.06333219408988952,0.08984309890004542,0.01792770334216502,0.01792770334216502,,False,0.3658697018869148
899,39627841616221866,0.5612730943237612,0,red,constant,20,1.1348391771316528,0.016292528808116914,1.1858932971954346,0.05105412006378174,0.05105412006378174,0.04498797811406448,False,0.1152324303984642
899,39627841616221866,0.5612730943237612,0,red,powerlaw,20,1.1348391771316528,0.016292528808116914,1.2014535599527987,0.06661438282114585,0.06661438282114585,0.05869940354854167,False,0.12457848717769579
2064,39627847656019121,0.0723708703316156,0,blue,constant,28,1.5913026332855225,0.5103498186383929,2.1469614505767822,0.5556588172912598,0.5556588172912598,0.3491848788963574,False,3.0334551334381104
2064,39627847656019121,0.0723708703316156,0,blue,powerlaw,28,1.5913026332855225,0.5103498186383929,1.8663636919430981,0.2750610586575757,0.2750610586575757,0.1728527640840159,False,2.942113999793344
2064,39627847656019121,0.0723708703316156,0,red,constant,28,0.4074423015117645,0.1212098343031747,0.30466777086257935,-0.10277453064918518,0.10277453064918518,0.25224315263253944,False,0.5985555052757263
2064,39627847656019121,0.0723708703316156,0,red,powerlaw,28,0.4074423015117645,0.1212098343031747,0.4185677083800489,0.011125406868284393,0.011125406868284393,0.02730547816710474,False,0.5888575708669956
2963,39627805360652764,0.0925521251668854,0,blue,constant,28,1.2898238897323608,0.2382002898624965,0.8337569236755371,-0.45606696605682373,0.45606696605682373,0.3535885555286605,False,1.299635648727417
2963,39627805360652764,0.0925521251668854,0,blue,powerlaw,28,1.2898238897323608,0.2382002898624965,0.6048124895910316,-0.6850114001413292,0.6850114001413292,0.5310890933206932,False,1.4103177507164852
2963,39627805360652764,0.0925521251668854,0,red,constant,28,0.5365992784500122,0.042933293751307895,0.3900375962257385,-0.14656168222427368,0.14656168222427368,0.27313059877311574,False,0.270374059677124
2963,39627805360652764,0.0925521251668854,0,red,powerlaw,28,0.5365992784500122,0.042933293751307895,0.352809414440847,-0.1837898640091652,0.1837898640091652,0.3425085932654426,False,0.2991396314812143
2615,39627805356458724,0.3036570472055792,0,blue,constant,24,1.3913949728012085,0.1746788223584493,1.2563339471817017,-0.13506102561950684,0.13506102561950684,0.09706878942332019,False,0.8380022644996643
2615,39627805356458724,0.3036570472055792,0,blue,powerlaw,24,1.3913949728012085,0.1746788223584493,1.5946826237410123,0.20328765093980383,0.20328765093980383,0.14610348241415413,False,0.8672232176755091
2615,39627805356458724,0.3036570472055792,0,red,constant,24,0.6130792498588562,0.025413915514945984,0.6843366026878357,0.07125735282897949,0.07125735282897949,0.11622861619502607,False,0.1673901230096817
2615,39627805356458724,0.3036570472055792,0,red,powerlaw,24,0.6130792498588562,0.025413915514945984,0.7037485751417857,0.09066932528292948,0.09066932528292948,0.14789168823411245,False,0.176010640221266
12709,39627781725751590,0.5761660668318359,0,blue,constant,20,-0.10056152194738388,0.06650276780128479,-0.008826659992337227,0.09173486195504665,0.09173486195504665,,True,0.29300031065940857
12709,39627781725751590,0.5761660668318359,0,blue,powerlaw,20,-0.10056152194738388,0.06650276780128479,0.005388628793347338,0.10595015074073122,0.10595015074073122,,False,0.29690516668648625
12709,39627781725751590,0.5761660668318359,0,red,constant,20,1.1808912754058838,0.01349048912525177,1.1753252744674683,-0.005566000938415527,0.005566000938415527,0.004713389838960779,False,0.06525082886219025
12709,39627781725751590,0.5761660668318359,0,red,powerlaw,20,1.1808912754058838,0.01349048912525177,1.198407855172415,0.017516579766531315,0.017516579766531315,0.014833355221894324,False,0.0705408368157045
12927,39627775681759686,0.5623968568519109,0,blue,constant,20,0.27067703008651733,0.09444413781166076,0.38622379302978516,0.11554676294326782,0.11554676294326782,,False,0.43890902400016785
12927,39627775681759686,0.5623968568519109,0,blue,powerlaw,20,0.27067703008651733,0.09444413781166076,0.42223654300383046,0.15155951291731312,0.15155951291731312,,False,0.4504675831500515
12927,39627775681759686,0.5623968568519109,0,red,constant,20,0.963475227355957,0.020274344086647033,1.0396435260772705,0.07616829872131348,0.07616829872131348,0.0790557936090795,False,0.13861221075057983
12927,39627775681759686,0.5623968568519109,0,red,powerlaw,20,0.963475227355957,0.020274344086647033,1.0679536400286311,0.1044784126726741,0.1044784126726741,0.10843912713707421,False,0.15680712134646074
6614,39627829503068829,0.5675563664809766,0,blue,constant,20,-0.017254440113902092,0.06531698703765869,0.05468606948852539,0.07194050960242748,0.07194050960242748,,False,0.3086783289909363
6614,39627829503068829,0.5675563664809766,0,blue,powerlaw,20,-0.017254440113902092,0.06531698703765869,0.0573951272412093,0.07464956735511138,0.07464956735511138,,False,0.305664178817346
6614,39627829503068829,0.5675563664809766,0,red,constant,20,1.159406065940857,0.009111996740102768,1.2020862102508545,0.04268014430999756,0.04268014430999756,0.036812076082561,False,0.07905749976634979
6614,39627829503068829,0.5675563664809766,0,red,powerlaw,20,1.159406065940857,0.009111996740102768,1.2241822898946135,0.0647762239537566,0.0647762239537566,0.05587017858250617,False,0.09517045794294335
6250,39627829507262695,0.4115783257331982,0,blue,constant,22,0.2525794208049774,0.08860320936549794,0.25737372040748596,0.004794299602508545,0.004794299602508545,,False,0.45666149258613586
6250,39627829507262695,0.4115783257331982,0,blue,powerlaw,22,0.2525794208049774,0.08860320936549794,0.3613584130147574,0.10877899220977999,0.10877899220977999,,False,0.46738545242299584
6250,39627829507262695,0.4115783257331982,0,red,constant,22,0.9818451404571533,0.009230179542844946,1.0084831714630127,0.026638031005859375,0.026638031005859375,0.027130582928237074,False,0.05784202367067337
6250,39627829507262695,0.4115783257331982,0,red,powerlaw,22,0.9818451404571533,0.009230179542844946,1.0295245788094822,0.04767943835232891,0.04767943835232891,0.04856105753105735,False,0.07110827018692449
10350,39627859714640012,0.3315897320719759,0,blue,constant,23,0.053088944405317307,0.25534571772036346,-0.049214404076337814,-0.10230334848165512,0.10230334848165512,,True,1.35220468044281
10350,39627859714640012,0.3315897320719759,0,blue,powerlaw,23,0.053088944405317307,0.25534571772036346,0.10475126915515966,0.05166232474984235,0.05166232474984235,,False,1.3449204007336937
10350,39627859714640012,0.3315897320719759,0,red,constant,23,0.8539196252822876,0.05831249382184899,0.8569654226303101,0.003045797348022461,0.003045797348022461,0.003566843128843169,False,0.3093201220035553
10350,39627859714640012,0.3315897320719759,0,red,powerlaw,23,0.8539196252822876,0.05831249382184899,0.8597920972271085,0.005872471944820878,0.005872471944820878,0.006877078089029239,False,0.3129759832806378
1090,39627841620413378,0.0471658435833079,0,blue,constant,29,2.623518943786621,0.6574971429232893,1.348762035369873,-1.274756908416748,1.274756908416748,0.48589582760048405,False,3.472541093826294
1090,39627841620413378,0.0471658435833079,0,blue,powerlaw,29,2.623518943786621,0.6574971429232893,1.3393320210607889,-1.2841869227258322,1.2841869227258322,0.48949024201529806,False,3.5113636993247628
1090,39627841620413378,0.0471658435833079,0,red,constant,29,0.06306431442499161,0.11265534368054621,-0.0027513308450579643,-0.06581564527004957,0.06581564527004957,,True,0.5173214077949524
1090,39627841620413378,0.0471658435833079,0,red,powerlaw,29,0.06306431442499161,0.11265534368054621,0.04791243581749097,-0.01515187860750064,0.01515187860750064,,False,0.5094570768174999
1262,39627853700008528,0.3323940889430451,0,blue,constant,23,1.5727611780166626,0.11114025115966797,1.170972228050232,-0.40178894996643066,0.40178894996643066,0.2554672353199285,False,0.6397979259490967
1262,39627853700008528,0.3323940889430451,0,blue,powerlaw,23,1.5727611780166626,0.11114025115966797,1.2355567031038026,-0.33720447491286,0.33720447491286,0.2144028474419067,False,0.5986274177032285
1262,39627853700008528,0.3323940889430451,0,red,constant,23,0.6707755327224731,0.01823649069537287,0.6985342502593994,0.02775871753692627,0.02775871753692627,0.04138302037383819,False,0.07884272933006287
1262,39627853700008528,0.3323940889430451,0,red,powerlaw,23,0.6707755327224731,0.01823649069537287,0.6761599504856035,0.005384417763130367,0.005384417763130367,0.008027152900578616,False,0.07321336699074554
9016,39627841599441303,0.3712666833589805,0,blue,constant,22,0.18054503202438354,0.032076307318427345,0.12399221211671829,-0.05655281990766525,0.05655281990766525,0.31323387452736723,False,0.19834567606449127
9016,39627841599441303,0.3712666833589805,0,blue,powerlaw,22,0.18054503202438354,0.032076307318427345,0.07966127723846593,-0.10088375478591761,0.10088375478591761,0.5587733633805706,False,0.22198347521310977
9016,39627841599441303,0.3712666833589805,0,red,constant,22,0.9903888702392578,0.005865091627294367,1.0395532846450806,0.049164414405822754,0.049164414405822754,0.049641525549399226,False,0.07607370615005493
9016,39627841599441303,0.3712666833589805,0,red,powerlaw,22,0.9903888702392578,0.005865091627294367,0.9963722710271091,0.005983400787851312,0.005983400787851312,0.006041466102507638,False,0.05196120878519176
9082,39627847630852661,0.3734156211768329,0,blue,constant,22,0.19265581667423248,0.039546310901641846,0.21900014579296112,0.026344329118728638,0.026344329118728638,0.13674297290112478,False,0.15774951875209808
9082,39627847630852661,0.3734156211768329,0,blue,powerlaw,22,0.19265581667423248,0.039546310901641846,0.1679455929217102,-0.02471022375252227,0.02471022375252227,0.12826097949747103,False,0.1628254584881014
9082,39627847630852661,0.3734156211768329,0,red,constant,22,1.158519983291626,0.009261644699356773,1.152710199356079,-0.005809783935546875,0.005809783935546875,0.005014832734295978,False,0.06131010875105858
9082,39627847630852661,0.3734156211768329,0,red,powerlaw,22,1.158519983291626,0.009261644699356773,1.1323868847162328,-0.026133098575393143,0.026133098575393143,0.022557313600360094,False,0.0638514773632885
7198,39627823492629302,0.3698602647880401,0,blue,constant,22,-0.002303321147337556,0.12479119951074774,0.04304394870996475,0.04534726985730231,0.04534726985730231,,False,0.7000788450241089
7198,39627823492629302,0.3698602647880401,0,blue,powerlaw,22,-0.002303321147337556,0.12479119951074774,0.1003061433303821,0.10260946447771965,0.10260946447771965,,False,0.7040706756083919
7198,39627823492629302,0.3698602647880401,0,red,constant,22,1.2795706987380981,0.023918330669403076,1.1972891092300415,-0.08228158950805664,0.08228158950805664,0.06430405884505018,False,0.14754709601402283
7198,39627823492629302,0.3698602647880401,0,red,powerlaw,22,1.2795706987380981,0.023918330669403076,1.19426813828439,-0.0853025604537081,0.0853025604537081,0.06666498423090866,False,0.14831857465404216
9191,39627853679035520,0.4924159382057153,0,blue,constant,21,0.030753443017601967,0.05422170956929525,0.1015147939324379,0.07076135091483593,0.07076135091483593,,False,0.3013963997364044
9191,39627853679035520,0.4924159382057153,0,blue,powerlaw,21,0.030753443017601967,0.05422170956929525,0.04334093434273251,0.01258749132513054,0.01258749132513054,,False,0.29320154142314697
9191,39627853679035520,0.4924159382057153,0,red,constant,21,1.1374876499176025,0.008711275600251697,1.1125620603561401,-0.024925589561462402,0.024925589561462402,0.021912844120345363,False,0.05503632873296738
9191,39627853679035520,0.4924159382057153,0,red,powerlaw,21,1.1374876499176025,0.008711275600251697,1.095774343366021,-0.041713306551581564,0.041713306551581564,0.03667143687635044,False,0.0627285011929378
7972,39627823484242623,0.1839508275394066,0,blue,constant,26,1.5711039304733276,0.6477085993840144,0.3409354090690613,-1.2301685214042664,1.2301685214042664,,False,2.7372868061065674
7972,39627823484242623,0.1839508275394066,0,blue,powerlaw,26,1.5711039304733276,0.6477085993840144,0.635052133800872,-0.9360517966724556,0.9360517966724556,,False,2.632213022407473
7972,39627823484242623,0.1839508275394066,0,red,constant,26,0.6544837951660156,0.0843646893134484,0.7310382127761841,0.07655441761016846,0.07655441761016846,0.11696915672411683,False,0.5066328644752502
7972,39627823484242623,0.1839508275394066,0,red,powerlaw,26,0.6544837951660156,0.0843646893134484,0.6684249868038111,0.013941191637795503,0.013941191637795503,0.021301049377791235,False,0.4980853909591341
8185,39627841607829529,0.457905872213739,0,blue,constant,21,0.8182857036590576,0.3220376287187849,1.308521032333374,0.4902353286743164,0.4902353286743164,,False,1.9953845739364624
8185,39627841607829529,0.457905872213739,0,blue,powerlaw,21,0.8182857036590576,0.3220376287187849,1.6086162919030476,0.7903305882439899,0.7903305882439899,,False,2.156134096165612
8185,39627841607829529,0.457905872213739,0,red,constant,21,0.637048602104187,0.07740938095819383,0.2738771438598633,-0.36317145824432373,0.36317145824432373,0.5700843813874791,False,0.6394399404525757
8185,39627841607829529,0.457905872213739,0,red,powerlaw,21,0.637048602104187,0.07740938095819383,0.43355834979223495,-0.20349025231195206,0.20349025231195206,0.31942657379644,False,0.5648131728286516
4124,2402739686473730,0.0391537235520369,0,blue,constant,29,0.6728469729423523,0.09462754479770003,0.7743725776672363,0.10152560472488403,0.10152560472488403,0.1508895912556665,False,0.5695633888244629
4124,2402739686473730,0.0391537235520369,0,blue,powerlaw,29,0.6728469729423523,0.09462754479770003,0.6016646760654558,-0.07118229687689648,0.07118229687689648,0.1057926983985929,False,0.5786736921889524
4124,2402739686473730,0.0391537235520369,0,red,constant,29,0.555450439453125,0.011676154259977669,0.633131742477417,0.07768130302429199,0.07768130302429199,0.1398528068512719,False,0.10460676997900009
4124,2402739686473730,0.0391537235520369,0,red,powerlaw,29,0.555450439453125,0.011676154259977669,0.6310265861878527,0.07557614673472768,0.07557614673472768,0.13606280842830376,False,0.10113527566345548
12766,39627799840949763,0.5616482501062317,0,blue,constant,20,0.06508316099643707,0.05034981369972229,0.07936988025903702,0.014286719262599945,0.014286719262599945,,False,0.17652030289173126
12766,39627799840949763,0.5616482501062317,0,blue,powerlaw,20,0.06508316099643707,0.05034981369972229,0.07117705084034581,0.00609388984390874,0.00609388984390874,,False,0.17537868054202468
12766,39627799840949763,0.5616482501062317,0,red,constant,20,1.1066055297851562,0.012421505898237229,1.187910795211792,0.08130526542663574,0.08130526542663574,0.07347267227412183,False,0.10258418321609497
12766,39627799840949763,0.5616482501062317,0,red,powerlaw,20,1.1066055297851562,0.012421505898237229,1.1754068953586079,0.06880136557345162,0.06880136557345162,0.062173343365462104,False,0.09389339677521273
11323,39627847626658021,0.5386532716069896,0,blue,constant,20,0.11334051936864853,0.053927022218704226,0.0715283453464508,-0.04181217402219772,0.04181217402219772,,False,0.23397456109523773
11323,39627847626658021,0.5386532716069896,0,blue,powerlaw,20,0.11334051936864853,0.053927022218704226,0.056501978285447715,-0.056838541083200814,0.056838541083200814,,False,0.23926831409218188
11323,39627847626658021,0.5386532716069896,0,red,constant,20,1.0657075643539429,0.011910058557987213,1.1057605743408203,0.04005300998687744,0.04005300998687744,0.03758349037445232,False,0.07020875811576843
11323,39627847626658021,0.5386532716069896,0,red,powerlaw,20,1.0657075643539429,0.011910058557987213,1.101164096378821,0.035456532024878085,0.035456532024878085,0.03327041414627912,False,0.06904074214424705
3336,39627811400453679,0.4992804659680818,0,blue,constant,21,0.18970219790935516,0.06898703461601621,0.24464114010334015,0.054938942193984985,0.054938942193984985,,False,0.3086344301700592
3336,39627811400453679,0.4992804659680818,0,blue,powerlaw,21,0.18970219790935516,0.06898703461601621,0.2197793038075837,0.03007710589822854,0.03007710589822854,,False,0.30521696122155
3336,39627811400453679,0.4992804659680818,0,red,constant,21,1.1429671049118042,0.010755149381501334,1.0911123752593994,-0.051854729652404785,0.051854729652404785,0.04536852323182661,False,0.07079173624515533
3336,39627811400453679,0.4992804659680818,0,red,powerlaw,21,1.1429671049118042,0.010755149381501334,1.0575746292266317,-0.0853924756851725,0.0853924756851725,0.07471122774943004,False,0.09975047876721264
9288,39627847630848910,0.3777074668560684,0,blue,constant,22,0.5051136612892151,0.18131490187211471,0.48965853452682495,-0.015455126762390137,0.015455126762390137,,False,0.7377365827560425
9288,39627847630848910,0.3777074668560684,0,blue,powerlaw,22,0.5051136612892151,0.18131490187211471,0.4145427599798435,-0.09057090130937157,0.09057090130937157,,False,0.7440106963072008
9288,39627847630848910,0.3777074668560684,0,red,constant,22,1.105194330215454,0.033389638770710335,1.1212878227233887,0.01609349250793457,0.01609349250793457,0.014561685730687014,False,0.13261687755584717
9288,39627847630848910,0.3777074668560684,0,red,powerlaw,22,1.105194330215454,0.033389638770710335,1.1762608569958939,0.07106652678043979,0.07106652678043979,0.0643022904094935,False,0.14995046708045418
13,39627568982264829,0.4833061210876013,0,blue,constant,21,0.11427260935306549,0.06314066478184291,0.07655847072601318,-0.03771413862705231,0.03771413862705231,,False,0.28967127203941345
13,39627568982264829,0.4833061210876013,0,blue,powerlaw,21,0.11427260935306549,0.06314066478184291,0.028858801563327503,-0.08541380778973799,0.08541380778973799,,False,0.300114507614797
13,39627568982264829,0.4833061210876013,0,red,constant,21,1.1958850622177124,0.01223554497673398,1.2142584323883057,0.01837337017059326,0.01837337017059326,0.015363826132689303,False,0.06114015728235245
13,39627568982264829,0.4833061210876013,0,red,powerlaw,21,1.1958850622177124,0.01223554497673398,1.1148126935295288,-0.08107236868818357,0.08107236868818357,0.06779277645448525,False,0.09833967396536633
7683,39627829524037891,0.1244965370028075,0,blue,constant,27,1.1813385486602783,0.27877526813083225,1.412247657775879,0.23090910911560059,0.23090910911560059,0.19546395855571452,False,2.142057180404663
7683,39627829524037891,0.1244965370028075,0,blue,powerlaw,27,1.1813385486602783,0.27877526813083225,1.1532302656401607,-0.028108283020117586,0.028108283020117586,0.023793588257992913,False,2.1293456329825835
7683,39627829524037891,0.1244965370028075,0,red,constant,27,0.23435832560062408,0.03461637099583944,0.21264353394508362,-0.021714791655540466,0.021714791655540466,0.09265636968470746,False,0.2321276068687439
7683,39627829524037891,0.1244965370028075,0,red,powerlaw,27,0.23435832560062408,0.03461637099583944,0.30473116814639956,0.07037284254577547,0.07037284254577547,0.3002788245965693,False,0.24050672131717982
3233,39627811400454313,0.549950735046926,0,blue,constant,20,0.08045933395624161,0.05224416851997375,0.1660943180322647,0.0856349840760231,0.0856349840760231,,False,0.18538318574428558
3233,39627811400454313,0.549950735046926,0,blue,powerlaw,20,0.08045933395624161,0.05224416851997375,0.10336975613184385,0.02291042217560224,0.02291042217560224,,False,0.16378563727549472
3233,39627811400454313,0.549950735046926,0,red,constant,20,0.9864603877067566,0.008010606467723846,1.0439051389694214,0.057444751262664795,0.057444751262664795,0.05823320629853948,False,0.06745485216379166
3233,39627811400454313,0.549950735046926,0,red,powerlaw,20,0.9864603877067566,0.008010606467723846,1.0292216584540717,0.04276127074731506,0.04276127074731506,0.04334818841202839,False,0.05488926428759321
10956,39627865733469343,0.3486988676699505,0,blue,constant,23,0.45502278208732605,0.11447272093399712,0.24435462057590485,-0.2106681615114212,0.2106681615114212,0.462983766538069,False,0.6999973058700562
10956,39627865733469343,0.3486988676699505,0,blue,powerlaw,23,0.45502278208732605,0.11447272093399712,0.2973221959564613,-0.15770058613086474,0.15770058613086474,0.3465773414848479,False,0.6871978298085066
10956,39627865733469343,0.3486988676699505,0,red,constant,23,1.178517460823059,0.019441464672917904,1.1616405248641968,-0.016876935958862305,0.016876935958862305,0.014320480196428913,False,0.11097043007612228
10956,39627865733469343,0.3486988676699505,0,red,powerlaw,23,1.178517460823059,0.019441464672917904,1.1074450457740224,-0.07107241504903672,0.07107241504903672,0.06030662880412548,False,0.12969166417891606
2959,39627805360654445,0.1739586142755505,0,blue,constant,26,0.8013513088226318,0.16278829941382775,0.8727604150772095,0.07140910625457764,0.07140910625457764,0.08911086244994587,False,0.8277930617332458
2959,39627805360654445,0.1739586142755505,0,blue,powerlaw,26,0.8013513088226318,0.16278829941382775,0.8592229283957145,0.05787161957308262,0.05787161957308262,0.07221753921898406,False,0.8241239987707469
2959,39627805360654445,0.1739586142755505,0,red,constant,26,0.5518164038658142,0.028188666472068198,0.5865240693092346,0.03470766544342041,0.03470766544342041,0.06289712520373046,False,0.12399321049451828
2959,39627805360654445,0.1739586142755505,0,red,powerlaw,26,0.5518164038658142,0.028188666472068198,0.6138942563218437,0.06207785245602948,0.06207785245602948,0.11249729442824795,False,0.1344523567397102
10848,39627859702057174,0.2168722440527853,0,blue,constant,25,1.7162796258926392,0.5033385467529297,1.2082213163375854,-0.5080583095550537,0.5080583095550537,0.29602303837337224,False,1.9695829153060913
10848,39627859702057174,0.2168722440527853,0,blue,powerlaw,25,1.7162796258926392,0.5033385467529297,0.8218729148175453,-0.8944067110750938,0.8944067110750938,0.5211311126588197,False,2.1459968965779788
10848,39627859702057174,0.2168722440527853,0,red,constant,25,0.3652118742465973,0.05501025199890137,0.5382620096206665,0.1730501353740692,0.1730501353740692,0.473834909478389,False,0.40988263487815857
10848,39627859702057174,0.2168722440527853,0,red,powerlaw,25,0.3652118742465973,0.05501025199890137,0.5727308454111256,0.20751897116452833,0.20751897116452833,0.5682152903506308,False,0.4268782371875876
5525,39627823463269366,0.2214983275064155,0,blue,constant,25,1.1399798393249512,0.10735565185546875,1.047098159790039,-0.09288167953491211,0.09288167953491211,0.08147659838433002,False,0.4873720109462738
5525,39627823463269366,0.2214983275064155,0,blue,powerlaw,25,1.1399798393249512,0.10735565185546875,1.1946962950086961,0.05471645568374495,0.05471645568374495,0.04799773978121031,False,0.48365066748906843
5525,39627823463269366,0.2214983275064155,0,red,constant,25,0.5654374957084656,0.01799349665641785,0.5838085412979126,0.01837104558944702,0.01837104558944702,0.032489967023550496,False,0.10143102705478668
5525,39627823463269366,0.2214983275064155,0,red,powerlaw,25,0.5654374957084656,0.01799349665641785,0.5802618804335534,0.014824384725087847,0.014824384725087847,0.026217548071363072,False,0.09241270977601304
12556,39627787765549822,0.1597898112552769,0,blue,constant,26,0.5579692125320435,0.22410996143634504,0.8614889979362488,0.3035197854042053,0.3035197854042053,,False,1.2389287948608398
12556,39627787765549822,0.1597898112552769,0,blue,powerlaw,26,0.5579692125320435,0.22410996143634504,0.47501740542009857,-0.08295180711194489,0.08295180711194489,,False,1.190666097435122
12556,39627787765549822,0.1597898112552769,0,red,constant,26,0.8094609975814819,0.03369190830450792,0.7585645914077759,-0.050896406173706055,0.050896406173706055,0.06287690985208058,False,0.17602384090423584
12556,39627787765549822,0.1597898112552769,0,red,powerlaw,26,0.8094609975814819,0.03369190830450792,0.7996386462210281,-0.00982235136045384,0.00982235136045384,0.012134434382633863,False,0.1728222392624802
47,39627569003233862,0.3643113216749744,0,blue,constant,22,0.1277250349521637,0.033470465378327804,0.12159672379493713,-0.0061283111572265625,0.0061283111572265625,0.04798050092154425,False,0.14438506960868835
47,39627569003233862,0.3643113216749744,0,blue,powerlaw,22,0.1277250349521637,0.033470465378327804,0.08646983488439276,-0.041255200067770934,0.041255200067770934,0.3230001078740911,False,0.1476075529167504
47,39627569003233862,0.3643113216749744,0,red,constant,22,1.0153967142105103,0.005931287326596,1.0885049104690552,0.07310819625854492,0.07310819625854492,0.07199963840279698,False,0.09276282042264938
47,39627569003233862,0.3643113216749744,0,red,powerlaw,22,1.0153967142105103,0.005931287326596,1.0544093684463305,0.03901265423582023,0.03901265423582023,0.038421095607102974,False,0.06629205443191052
9592,39627841607829708,0.3614834821513839,0,blue,constant,23,0.10003587603569031,0.022418307221454124,0.1360667198896408,0.0360308438539505,0.0360308438539505,0.3601792205138044,False,0.0673721432685852
9592,39627841607829708,0.3614834821513839,0,blue,powerlaw,23,0.10003587603569031,0.022418307221454124,0.08902355678147156,-0.01101231925421875,0.01101231925421875,0.11008369887508986,False,0.06158664023872134
9592,39627841607829708,0.3614834821513839,0,red,constant,23,1.046216607093811,0.0073634658170783004,1.0757900476455688,0.029573440551757812,0.029573440551757812,0.028267034141148988,False,0.061809103935956955
9592,39627841607829708,0.3614834821513839,0,red,powerlaw,23,1.046216607093811,0.0073634658170783004,1.0652230159180298,0.01900640882421878,0.01900640882421878,0.018166800923773267,False,0.05424953689891871
5442,39627829503069728,0.374648216633829,0,blue,constant,22,-0.010311916470527649,0.042173615910790184,0.11704187840223312,0.12735379487276077,0.12735379487276077,,False,0.2255692481994629
5442,39627829503069728,0.374648216633829,0,blue,powerlaw,22,-0.010311916470527649,0.042173615910790184,0.06620003530149636,0.07651195177202401,0.07651195177202401,,False,0.19986723635248851
5442,39627829503069728,0.374648216633829,0,red,constant,22,1.1332619190216064,0.009339293973012404,1.1286760568618774,-0.004585862159729004,0.004585862159729004,0.004046603951616211,False,0.05526440590620041
5442,39627829503069728,0.374648216633829,0,red,powerlaw,22,1.1332619190216064,0.009339293973012404,1.1128388569577088,-0.020423062063897657,0.020423062063897657,0.018021484461005943,False,0.05736820543555483
405,39627568999041670,0.5437485529055509,0,blue,constant,20,0.029389340430498123,0.06184483170509338,0.003651359351351857,-0.025737981079146266,0.025737981079146266,,False,0.2810300588607788
405,39627568999041670,0.5437485529055509,0,blue,powerlaw,20,0.029389340430498123,0.06184483170509338,0.018511817916362517,-0.010877522514135606,0.010877522514135606,,False,0.279734780476329
405,39627568999041670,0.5437485529055509,0,red,constant,20,1.0827512741088867,0.010398869961500167,1.1419174671173096,0.05916619300842285,0.05916619300842285,0.05464430698279909,False,0.07803916931152344
405,39627568999041670,0.5437485529055509,0,red,powerlaw,20,1.0827512741088867,0.010398869961500167,1.1624773695736446,0.07972609546475784,0.07972609546475784,0.07363288076513516,False,0.09406169340007603
5343,39627865767021217,0.1731308645737805,0,blue,constant,26,0.5686158537864685,0.11890770838810848,0.8532390594482422,0.2846232056617737,0.2846232056617737,0.5005544670737545,False,0.8370121717453003
5343,39627865767021217,0.1731308645737805,0,blue,powerlaw,26,0.5686158537864685,0.11890770838810848,0.7550518400837445,0.18643598629727598,0.18643598629727598,0.32787686986878845,False,0.80942106717366
5343,39627865767021217,0.1731308645737805,0,red,constant,26,0.6551863551139832,0.017790614412381098,0.6939070820808411,0.03872072696685791,0.03872072696685791,0.0590987993944435,False,0.11580835282802582
5343,39627865767021217,0.1731308645737805,0,red,powerlaw,26,0.6551863551139832,0.017790614412381098,0.6882215268594335,0.03303517174545034,0.03303517174545034,0.05042103134108035,False,0.1124180314058433
11334,39627853670645815,0.1073857583721663,0,blue,constant,28,0.7750639915466309,0.30906353678022114,0.9393616914749146,0.1642976999282837,0.1642976999282837,,False,1.55305814743042
11334,39627853670645815,0.1073857583721663,0,blue,powerlaw,28,0.7750639915466309,0.30906353678022114,0.5533691691507777,-0.22169482239585314,0.22169482239585314,,False,1.5438021713386492
11334,39627853670645815,0.1073857583721663,0,red,constant,28,0.4975138306617737,0.0625758809702737,0.6861519813537598,0.18863815069198608,0.18863815069198608,0.3791616213785794,False,0.37722358107566833
11334,39627853670645815,0.1073857583721663,0,red,powerlaw,28,0.4975138306617737,0.0625758809702737,0.6421103586155346,0.14459652795376088,0.14459652795376088,0.29063820750756647,False,0.3586491664043558
12338,39627793801152633,0.5619271323161094,0,blue,constant,20,-0.3353710472583771,0.24495306015014648,0.1727745682001114,0.5081456154584885,0.5081456154584885,,False,0.8476229906082153
12338,39627793801152633,0.5619271323161094,0,blue,powerlaw,20,-0.3353710472583771,0.24495306015014648,3.472629249909891e-06,0.335374519887627,0.335374519887627,,False,0.756787134967348
12338,39627793801152633,0.5619271323161094,0,red,constant,20,1.051330327987671,0.036207133531570436,1.0246206521987915,-0.026709675788879395,0.026709675788879395,0.025405598105405956,False,0.17535315454006195
12338,39627793801152633,0.5619271323161094,0,red,powerlaw,20,1.051330327987671,0.036207133531570436,1.086414151355973,0.03508382336830218,0.03508382336830218,0.03337088490109039,False,0.17564178567612435
7855,39627829536621045,0.3092706760169366,0,blue,constant,23,0.3154767155647278,0.0742480236551036,0.2529498040676117,-0.06252691149711609,0.06252691149711609,0.1981981820280716,False,0.3576641380786896
7855,39627829536621045,0.3092706760169366,0,blue,powerlaw,23,0.3154767155647278,0.0742480236551036,0.24325177504317388,-0.0722249405215539,0.0722249405215539,0.22893905305266557,False,0.36355066716352935
7855,39627829536621045,0.3092706760169366,0,red,constant,23,1.148521065711975,0.01080089807510376,1.097302794456482,-0.051218271255493164,0.051218271255493164,0.04459497764957637,False,0.06784065067768097
7855,39627829536621045,0.3092706760169366,0,red,powerlaw,23,1.148521065711975,0.01080089807510376,1.102225660150143,-0.04629540556183209,0.04629540556183209,0.040308712607838235,False,0.06407333926505901
5511,2842568484192257,0.1004049592786162,0,blue,constant,28,0.41169604659080505,0.013282721596104758,0.43898287415504456,0.027286827564239502,0.027286827564239502,0.06627906143427352,False,0.08114452660083771
5511,2842568484192257,0.1004049592786162,0,blue,powerlaw,28,0.41169604659080505,0.013282721596104758,0.3289091237696028,-0.08278692282120226,0.08278692282120226,0.20108748555335593,False,0.112147208952688
5511,2842568484192257,0.1004049592786162,0,red,constant,28,0.867195725440979,0.0029071037258420673,0.8478392362594604,-0.019356489181518555,0.019356489181518555,0.022320784816686635,False,0.04568387567996979
5511,2842568484192257,0.1004049592786162,0,red,powerlaw,28,0.867195725440979,0.0029071037258420673,0.7977448002006194,-0.06945092524035956,0.06945092524035956,0.08008679379161257,False,0.08572020347101961
12159,39627787765551489,0.08269151185868,0,blue,constant,28,0.8842806220054626,0.08989156144005912,0.8570841550827026,-0.02719646692276001,0.02719646692276001,0.03075547088330519,False,0.48893898725509644
12159,39627787765551489,0.08269151185868,0,blue,powerlaw,28,0.8842806220054626,0.08989156144005912,0.6972562904655629,-0.18702433153989972,0.18702433153989972,0.21149884650389228,False,0.530313136173273
12159,39627787765551489,0.08269151185868,0,red,constant,28,0.8280507922172546,0.015101798943110875,0.8024025559425354,-0.02564823627471924,0.02564823627471924,0.030974230706357374,False,0.12002766132354736
12159,39627787765551489,0.08269151185868,0,red,powerlaw,28,0.8280507922172546,0.015101798943110875,0.7980143957094731,-0.03003639650778156,0.03003639650778156,0.03627361605120106,False,0.12079364163301558
5806,39627835547062997,0.3422893682414323,0,blue,constant,23,0.3980110287666321,0.11454779168833858,0.02545914612710476,-0.3725518826395273,0.3725518826395273,0.9360340686890052,False,0.640373706817627
5806,39627835547062997,0.3422893682414323,0,blue,powerlaw,23,0.3980110287666321,0.11454779168833858,0.0639699278819003,-0.33404110088473177,0.33404110088473177,0.839275991722812,False,0.6249513713723244
5806,39627835547062997,0.3422893682414323,0,red,constant,23,1.206969976425171,0.02766549587249756,1.2784191370010376,0.0714491605758667,0.0714491605758667,0.05919713163660154,False,0.13555856049060822
5806,39627835547062997,0.3422893682414323,0,red,powerlaw,23,1.206969976425171,0.02766549587249756,1.2992263315365664,0.09225635511139552,0.09225635511139552,0.07643632974586687,False,0.14994836247362384
12807,39627781721559341,0.5809858040208472,0,blue,constant,19,0.6362059712409973,0.5967124637804533,1.0718262195587158,0.4356202483177185,0.4356202483177185,,False,1.9642751216888428
12807,39627781721559341,0.5809858040208472,0,blue,powerlaw,19,0.6362059712409973,0.5967124637804533,1.2210337566625444,0.5848277854215471,0.5848277854215471,,False,2.011635659970763
12807,39627781721559341,0.5809858040208472,0,red,constant,19,0.9459570646286011,0.0824528556121023,0.952541172504425,0.006584107875823975,0.006584107875823975,0.006960260800429677,False,0.3515017330646515
12807,39627781721559341,0.5809858040208472,0,red,powerlaw,19,0.9459570646286011,0.0824528556121023,0.9673395983980931,0.021382533769492063,0.021382533769492063,0.022604127152311308,False,0.34796328836392443
6267,39627823471657835,0.5318597998109581,0,blue,constant,20,0.06960974633693695,0.08353946805000305,0.130402609705925,0.06079286336898804,0.06079286336898804,,False,0.3033517897129059
6267,39627823471657835,0.5318597998109581,0,blue,powerlaw,20,0.06960974633693695,0.08353946805000305,0.1609602382201619,0.09135049188322494,0.09135049188322494,,False,0.31007698380629367
6267,39627823471657835,0.5318597998109581,0,red,constant,20,1.0847032070159912,0.009478187561035157,1.1016981601715088,0.016994953155517578,0.016994953155517578,0.015667837105663714,False,0.06823849678039551
6267,39627823471657835,0.5318597998109581,0,red,powerlaw,20,1.0847032070159912,0.009478187561035157,1.1184212656352646,0.03371805861927335,0.03371805861927335,0.031085054788425884,False,0.07622338459381744
5468,39627835538669989,0.0990002467916213,0,blue,constant,28,0.7354580163955688,0.3539128984723772,1.0418773889541626,0.30641937255859375,0.30641937255859375,,False,1.6079306602478027
5468,39627835538669989,0.0990002467916213,0,blue,powerlaw,28,0.7354580163955688,0.3539128984723772,0.8102711395567184,0.07481312316114952,0.07481312316114952,,False,1.5785330270185989
5468,39627835538669989,0.0990002467916213,0,red,constant,28,0.6140202283859253,0.055339302335466654,0.49589043855667114,-0.11812978982925415,0.11812978982925415,0.19238745625658274,False,0.2653141915798187
5468,39627835538669989,0.0990002467916213,0,red,powerlaw,28,0.6140202283859253,0.055339302335466654,0.5435790966190934,-0.07044113176683187,0.07044113176683187,0.11472119078552255,False,0.24757651493256105
10446,39627853658066375,0.0916000392227032,0,blue,constant,28,-0.3225153982639313,0.9463942391531808,2.123997926712036,2.4465133249759674,2.4465133249759674,,False,5.457709312438965
10446,39627853658066375,0.0916000392227032,0,blue,powerlaw,28,-0.3225153982639313,0.9463942391531808,1.4182419096147985,1.7407573078787297,1.7407573078787297,,False,5.192014986368593
10446,39627853658066375,0.0916000392227032,0,red,constant,28,0.9331879615783691,0.16923698357173375,0.7741636037826538,-0.15902435779571533,0.15902435779571533,0.1704097827481034,False,1.1180306673049927
10446,39627853658066375,0.0916000392227032,0,red,powerlaw,28,0.9331879615783691,0.16923698357173375,0.9082200166672664,-0.02496794491110277,0.02496794491110277,0.02675553686834178,False,1.0918356224103287
8010,39627823492630976,0.1239329394193373,0,blue,constant,27,1.100395917892456,1.002690279925311,0.1656430959701538,-0.9347528219223022,0.9347528219223022,,False,5.659039497375488
8010,39627823492630976,0.1239329394193373,0,blue,powerlaw,27,1.100395917892456,1.002690279925311,0.4678663173934939,-0.6325296004989622,0.6325296004989622,,False,5.627266792465328
8010,39627823492630976,0.1239329394193373,0,red,constant,27,0.7894635200500488,0.11486190336721915,1.0143284797668457,0.22486495971679688,0.22486495971679688,0.2848326160815402,False,0.624254584312439
8010,39627823492630976,0.1239329394193373,0,red,powerlaw,27,0.7894635200500488,0.11486190336721915,0.8519162406725193,0.062452720622470426,0.062452720622470426,0.07910779793664333,False,0.5869200248260648
13061,39627775681758281,0.1620964111461955,0,blue,constant,26,1.1204371452331543,0.4638221447284405,1.5202745199203491,0.3998373746871948,0.3998373746871948,,False,2.7336947917938232
13061,39627775681758281,0.1620964111461955,0,blue,powerlaw,26,1.1204371452331543,0.4638221447284405,2.04068460853376,0.9202474633006057,0.9202474633006057,,False,2.8480655264185497
13061,39627775681758281,0.1620964111461955,0,red,constant,26,0.6441843509674072,0.05853476891150841,0.709078848361969,0.06489449739456177,0.06489449739456177,0.10073901562046038,False,0.28547853231430054
13061,39627775681758281,0.1620964111461955,0,red,powerlaw,26,0.6441843509674072,0.05853476891150841,0.5585143640655096,-0.08566998690189764,0.08566998690189764,0.13298986039204816,False,0.29759196261410037
1159,2402788034215939,0.0231609530550036,0,blue,constant,30,0.9895741939544678,0.14835158983866373,0.8849490284919739,-0.1046251654624939,0.1046251654624939,0.10572745944838968,False,0.8722983598709106
1159,2402788034215939,0.0231609530550036,0,blue,powerlaw,30,0.9895741939544678,0.14835158983866373,1.0057945203014138,0.016220326346946035,0.016220326346946035,0.016391218006734282,False,0.8651230465085527
1159,2402788034215939,0.0231609530550036,0,red,constant,30,0.6092934012413025,0.02913555105527242,0.6916249990463257,0.0823315978050232,0.0823315978050232,0.13512635724806885,False,0.19191797077655792
1159,2402788034215939,0.0231609530550036,0,red,powerlaw,30,0.6092934012413025,0.02913555105527242,0.7205862921027416,0.11129289086143912,0.11129289086143912,0.1826589466334349,False,0.21062894381752362
148,39627568999041863,0.8143800031154593,1,blue,constant,17,0.15461310744285583,0.20177999664755428,0.07725531607866287,-0.07735779136419296,0.07735779136419296,,False,1.2332227230072021
148,39627568999041863,0.8143800031154593,1,blue,powerlaw,17,0.15461310744285583,0.20177999664755428,0.0767892860524332,-0.07782382139042264,0.07782382139042264,,False,1.2339437388358718
148,39627568999041863,0.8143800031154593,1,red,constant,17,1.2345607280731201,0.03695516375934377,1.1436772346496582,-0.09088349342346191,0.09088349342346191,0.07361605740149471,False,0.18171817064285278
148,39627568999041863,0.8143800031154593,1,red,powerlaw,17,1.2345607280731201,0.03695516375934377,1.1458242641312582,-0.08873646394186196,0.08873646394186196,0.07187695341675109,False,0.18264443147157347
2520,39627811404645362,0.8712057088794326,1,blue,constant,17,0.1431908756494522,0.2986503769369686,0.0336451381444931,-0.1095457375049591,0.1095457375049591,,False,1.150810956954956
2520,39627811404645362,0.8712057088794326,1,blue,powerlaw,17,0.1431908756494522,0.2986503769369686,0.0310494362899946,-0.11214143935945761,0.11214143935945761,,False,1.149911008904799
2520,39627811404645362,0.8712057088794326,1,red,constant,17,1.4509302377700806,0.04819573023739983,1.306012749671936,-0.14491748809814453,0.14491748809814453,0.09987901852598144,False,0.3599912226200104
2520,39627811404645362,0.8712057088794326,1,red,powerlaw,17,1.4509302377700806,0.04819573023739983,1.2539834002274608,-0.19694683754261977,0.19694683754261977,0.1357383231914067,False,0.382466379622718
5128,39627859731419187,0.8834152116433805,1,blue,constant,16,2.9755051136016846,0.5833072662353516,1.0679000616073608,-1.9076050519943237,1.9076050519943237,0.6411029318263457,False,2.5730271339416504
5128,39627859731419187,0.8834152116433805,1,blue,powerlaw,16,2.9755051136016846,0.5833072662353516,0.7941136429987705,-2.181391470602914,2.181391470602914,0.7331163574988652,False,2.788565535068694
5128,39627859731419187,0.8834152116433805,1,red,constant,16,0.7506757974624634,0.1224975734949112,0.5931206345558167,-0.15755516290664673,0.15755516290664673,0.20988443138733945,False,0.567280650138855
5128,39627859731419187,0.8834152116433805,1,red,powerlaw,16,0.7506757974624634,0.1224975734949112,0.8308569054069956,0.08018110794453226,0.08018110794453226,0.10681189964505498,False,0.5522131295815429
11079,39627847626655486,0.7457403048966792,1,blue,constant,18,4.632862567901611,0.25980748070610893,2.8688578605651855,-1.7640047073364258,1.7640047073364258,0.38075912710171467,False,2.568173408508301
11079,39627847626655486,0.7457403048966792,1,blue,powerlaw,18,4.632862567901611,0.25980748070610893,4.212914848502662,-0.4199477193989489,0.4199477193989489,0.09064540837203341,False,1.5134814385754927
11079,39627847626655486,0.7457403048966792,1,red,constant,18,1.1674437522888184,0.023170433110660978,1.198920726776123,0.03147697448730469,0.03147697448730469,0.026962304972374788,False,0.11579669266939163
11079,39627847626655486,0.7457403048966792,1,red,powerlaw,18,1.1674437522888184,0.023170433110660978,1.2051516273699354,0.03770787508111706,0.03770787508111706,0.032299521931732744,False,0.11508900398213665
7298,39627841607832276,0.8935296806133989,1,blue,constant,16,-0.0680723488330841,0.24890156090259552,0.15229110419750214,0.22036345303058624,0.22036345303058624,,False,1.1462732553482056
7298,39627841607832276,0.8935296806133989,1,blue,powerlaw,16,-0.0680723488330841,0.24890156090259552,0.2691304661533027,0.3372028149863868,0.3372028149863868,,False,1.1652618869613065
7298,39627841607832276,0.8935296806133989,1,red,constant,16,1.3268649578094482,0.051037952303886414,1.503496527671814,0.17663156986236572,0.17663156986236572,0.13311947747415895,False,0.3020726442337036
7298,39627841607832276,0.8935296806133989,1,red,powerlaw,16,1.3268649578094482,0.051037952303886414,1.4431469600223406,0.11628200221289231,0.11628200221289231,0.0876366517394995,False,0.2802893551987894
4472,39627853691620632,0.8578278607972507,1,blue,constant,17,0.17185565829277039,0.15772438049316406,0.33145058155059814,0.15959492325782776,0.15959492325782776,,False,0.8010442852973938
4472,39627853691620632,0.8578278607972507,1,blue,powerlaw,17,0.17185565829277039,0.15772438049316406,0.35353214184899057,0.18167648355622018,0.18167648355622018,,False,0.8037388676481364
4472,39627853691620632,0.8578278607972507,1,red,constant,17,1.1616909503936768,0.03192069249994615,1.1356139183044434,-0.0260770320892334,0.0260770320892334,0.02244747803225664,False,0.13678373396396637
4472,39627853691620632,0.8578278607972507,1,red,powerlaw,17,1.1616909503936768,0.03192069249994615,1.16729941146297,0.005608461069293247,0.005608461069293247,0.004827842609424337,False,0.13404880832301308
2489,39627811400451701,0.8427356327672872,1,blue,constant,17,1.276946783065796,0.8318112878238454,2.2485768795013428,0.9716300964355469,0.9716300964355469,,False,3.965102434158325
2489,39627811400451701,0.8427356327672872,1,blue,powerlaw,17,1.276946783065796,0.8318112878238454,2.5759445188266326,1.2989977357608367,1.2989977357608367,,False,4.165921176321364
2489,39627811400451701,0.8427356327672872,1,red,constant,17,1.002992868423462,0.12250165378346163,1.2950127124786377,0.2920198440551758,0.2920198440551758,0.2911484749778754,False,0.4090331494808197
2489,39627811400451701,0.8427356327672872,1,red,powerlaw,17,1.002992868423462,0.12250165378346163,1.1425179180298126,0.1395250496063507,0.1395250496063507,0.1391087155242299,False,0.3135247978776041
10325,39627847626655697,0.8190501185495827,1,blue,constant,17,1.7292604446411133,0.3775505739099839,1.6816357374191284,-0.04762470722198486,0.04762470722198486,0.027540505751791938,False,1.6750770807266235
10325,39627847626655697,0.8190501185495827,1,blue,powerlaw,17,1.7292604446411133,0.3775505739099839,1.3404189747647504,-0.3888414698763629,0.3888414698763629,0.22485998050864003,False,1.7053032162269188
10325,39627847626655697,0.8190501185495827,1,red,constant,17,1.021180272102356,0.0734943431966445,0.888078510761261,-0.13310176134109497,0.13310176134109497,0.13034110134841478,False,0.2663632035255432
10325,39627847626655697,0.8190501185495827,1,red,powerlaw,17,1.021180272102356,0.0734943431966445,0.8234229848957781,-0.19775728720657781,0.19775728720657781,0.19365560871974621,False,0.30355512950688573
10569,39627865737661575,0.8740072316166054,1,blue,constant,17,1.0262093544006348,0.5534035738776711,0.8949751257896423,-0.13123422861099243,0.13123422861099243,,False,2.8441214561462402
10569,39627865737661575,0.8740072316166054,1,blue,powerlaw,17,1.0262093544006348,0.5534035738776711,0.8844225388483297,-0.1417868155523051,0.1417868155523051,,False,2.846347774407619
10569,39627865737661575,0.8740072316166054,1,red,constant,17,0.7423728108406067,0.08732893887688131,0.9402924180030823,0.19791960716247559,0.19791960716247559,0.2666040623691032,False,0.3524722754955292
10569,39627865737661575,0.8740072316166054,1,red,powerlaw,17,0.7423728108406067,0.08732893887688131,0.8320498460733149,0.0896770352327082,0.0896770352327082,0.12079784432186401,False,0.30439385385212875
1768,39627841624605687,0.8318282655922781,1,blue,constant,17,-0.05922485888004303,0.17193355279810288,0.2544991075992584,0.31372396647930145,0.31372396647930145,,False,0.6978952288627625
1768,39627841624605687,0.8318282655922781,1,blue,powerlaw,17,-0.05922485888004303,0.17193355279810288,0.5903358597024875,0.6495607185825305,0.6495607185825305,,False,0.9990718252276444
1768,39627841624605687,0.8318282655922781,1,red,constant,17,1.1964353322982788,0.025482447708354276,1.1049888134002686,-0.09144651889801025,0.09144651889801025,0.07643247940726317,False,0.16419391334056854
1768,39627841624605687,0.8318282655922781,1,red,powerlaw,17,1.1964353322982788,0.025482447708354276,1.1084524765572223,-0.08798285574105646,0.08798285574105646,0.07353749372483576,False,0.16279356812376589
943,39627835584808388,0.6934652827372013,1,blue,constant,18,0.09966978430747986,0.09297439787122938,0.03945852816104889,-0.06021125614643097,0.06021125614643097,,False,0.33553361892700195
943,39627835584808388,0.6934652827372013,1,blue,powerlaw,18,0.09966978430747986,0.09297439787122938,0.09189469289527669,-0.007775091412203172,0.007775091412203172,,False,0.33004610475968715
943,39627835584808388,0.6934652827372013,1,red,constant,18,1.2911206483840942,0.024180448717541166,1.2077438831329346,-0.08337676525115967,0.08337676525115967,0.06457705200169334,False,0.13901345431804657
943,39627835584808388,0.6934652827372013,1,red,powerlaw,18,1.2911206483840942,0.024180448717541166,1.3176565615207316,0.02653591313663739,0.02653591313663739,0.020552620833574686,False,0.11139987057472493
8148,39627829536624262,0.6666369810145285,1,blue,constant,19,0.04578898474574089,0.49320050289756373,0.6410265564918518,0.5952375717461109,0.5952375717461109,,False,2.349296808242798
8148,39627829536624262,0.6666369810145285,1,blue,powerlaw,19,0.04578898474574089,0.49320050289756373,0.39292126475617495,0.34713228001043406,0.34713228001043406,,False,2.2879909361196593
8148,39627829536624262,0.6666369810145285,1,red,constant,19,1.0835171937942505,0.07128174053995233,1.0754601955413818,-0.008056998252868652,0.008056998252868652,0.007435967143866661,False,0.38409751653671265
8148,39627829536624262,0.6666369810145285,1,red,powerlaw,19,1.0835171937942505,0.07128174053995233,0.8770712749967097,-0.20644591879754082,0.20644591879754082,0.19053312672834513,False,0.4364380799012559
7183,39627829532430906,0.7284561374867603,1,blue,constant,18,-0.29003041982650757,0.1874896420372857,0.009400474838912487,0.29943089466542006,0.29943089466542006,,False,0.8706875443458557
7183,39627829532430906,0.7284561374867603,1,blue,powerlaw,18,-0.29003041982650757,0.1874896420372857,6.322313145815823e-05,0.29009364295796575,0.29009364295796575,,False,0.8675061749115799
7183,39627829532430906,0.7284561374867603,1,red,constant,18,1.4242339134216309,0.03061488601896498,1.3322054147720337,-0.09202849864959717,0.09202849864959717,0.06461614049654567,False,0.18809080123901367
7183,39627829532430906,0.7284561374867603,1,red,powerlaw,18,1.4242339134216309,0.03061488601896498,1.424440702580393,0.00020678915876204407,0.00020678915876204407,0.00014519325569579112,False,0.16469696205185022
12088,39627787752969500,0.837776776551214,1,blue,constant,17,-0.05068814009428024,0.17037774534786448,0.09082803130149841,0.14151617139577866,0.14151617139577866,,False,0.6808611750602722
12088,39627787752969500,0.837776776551214,1,blue,powerlaw,17,-0.05068814009428024,0.17037774534786448,0.06585186950855093,0.11654000960283117,0.11654000960283117,,False,0.6743936618005306
12088,39627787752969500,0.837776776551214,1,red,constant,17,1.17521333694458,0.029935528250301584,0.9955679774284363,-0.1796453595161438,0.1796453595161438,0.15286191355111842,False,0.2222677767276764
12088,39627787752969500,0.837776776551214,1,red,powerlaw,17,1.17521333694458,0.029935528250301584,1.1104029324066373,-0.06481040453794273,0.06481040453794273,0.05514777828036087,False,0.1498430264960201
8692,39627841599444508,0.7968577550936287,1,blue,constant,17,0.004838135559111834,0.15923932019401998,0.14905308187007904,0.1442149463109672,0.1442149463109672,,False,0.6356130242347717
8692,39627841599444508,0.7968577550936287,1,blue,powerlaw,17,0.004838135559111834,0.15923932019401998,0.11633324673153916,0.11149511117242733,0.11149511117242733,,False,0.6258860709847722
8692,39627841599444508,0.7968577550936287,1,red,constant,17,1.1659525632858276,0.02896257007823271,1.1108100414276123,-0.05514252185821533,0.05514252185821533,0.04729396683413561,False,0.10413128137588501
8692,39627841599444508,0.7968577550936287,1,red,powerlaw,17,1.1659525632858276,0.02896257007823271,1.0948764063805432,-0.07107615690528446,0.07107615690528446,0.06095973296287568,False,0.11277589681285163
8353,39627835568032548,0.8271270684709324,1,blue,constant,17,-0.09799127280712128,0.2082219404332778,0.27540504932403564,0.3733963221311569,0.3733963221311569,,False,0.8304356336593628
8353,39627835568032548,0.8271270684709324,1,blue,powerlaw,17,-0.09799127280712128,0.2082219404332778,0.24200700488127663,0.3399982776883979,0.3399982776883979,,False,0.8171735519217647
8353,39627835568032548,0.8271270684709324,1,red,constant,17,1.2677215337753296,0.03899163708967321,1.106857419013977,-0.16086411476135254,0.16086411476135254,0.1268923107129783,False,0.20993058383464813
8353,39627835568032548,0.8271270684709324,1,red,powerlaw,17,1.2677215337753296,0.03899163708967321,1.1375969798840315,-0.13012455389129807,0.13012455389129807,0.10264442973038528,False,0.18908955138626835
10065,39627835559641966,0.7965976769986721,1,blue,constant,17,3.155427932739258,0.9552404740277458,1.254847764968872,-1.9005801677703857,1.9005801677703857,0.6023208922158693,False,4.751998424530029
10065,39627835559641966,0.7965976769986721,1,blue,powerlaw,17,3.155427932739258,0.9552404740277458,0.9632497050101463,-2.1921782277291113,2.1921782277291113,0.6947324655981162,False,4.883326703433961
10065,39627835559641966,0.7965976769986721,1,red,constant,17,0.7018488645553589,0.12991777588339412,0.6630594730377197,-0.03878939151763916,0.03878939151763916,0.05526744214684074,False,0.6541446447372437
10065,39627835559641966,0.7965976769986721,1,red,powerlaw,17,0.7018488645553589,0.12991777588339412,0.6744724684322295,-0.027376396123129365,0.027376396123129365,0.03900611300478927,False,0.6461083707976301
10408,39627865741856648,0.8289707088973828,1,blue,constant,17,1.2134852409362793,0.2960173101986156,1.0470703840255737,-0.16641485691070557,0.16641485691070557,0.1371379323759275,False,1.119340181350708
10408,39627865741856648,0.8289707088973828,1,blue,powerlaw,17,1.2134852409362793,0.2960173101986156,1.0898054719776902,-0.12367976895858912,0.12367976895858912,0.10192111513705968,False,1.1057417523509454
10408,39627865741856648,0.8289707088973828,1,red,constant,17,0.8495851159095764,0.046289619277505314,1.180477499961853,0.3308923840522766,0.3308923840522766,0.3894752601662743,False,0.37229785323143005
10408,39627865741856648,0.8289707088973828,1,red,powerlaw,17,0.8495851159095764,0.046289619277505314,1.1988276329335865,0.3492425170240101,0.3492425170240101,0.41107419431437037,False,0.3887166777946517
5390,39627835542864160,0.8188062433979824,1,blue,constant,17,0.3883916735649109,0.18189005290760712,0.2917218506336212,-0.09666982293128967,0.09666982293128967,,False,0.713731050491333
5390,39627835542864160,0.8188062433979824,1,blue,powerlaw,17,0.3883916735649109,0.18189005290760712,0.24512107578210784,-0.14327059778280304,0.14327059778280304,,False,0.7281065617640655
5390,39627835542864160,0.8188062433979824,1,red,constant,17,1.003420114517212,0.027273207902908325,0.9918850064277649,-0.011535108089447021,0.011535108089447021,0.011495791167189282,False,0.11875483393669128
5390,39627835542864160,0.8188062433979824,1,red,powerlaw,17,1.003420114517212,0.027273207902908325,1.0139053428642544,0.010485228347042463,0.010485228347042463,0.010449489894955267,False,0.11871581226900056
12683,39627793796959335,0.759350296441386,1,blue,constant,18,1.2840722799301147,0.5017722447713217,1.3740830421447754,0.09001076221466064,0.09001076221466064,,False,2.0150859355926514
12683,39627793796959335,0.759350296441386,1,blue,powerlaw,18,1.2840722799301147,0.5017722447713217,1.2652302346996858,-0.018842045230428983,0.018842045230428983,,False,1.994578815363629
12683,39627793796959335,0.759350296441386,1,red,constant,18,1.0529608726501465,0.08583993381924099,0.942656934261322,-0.11030393838882446,0.11030393838882446,0.10475597076195794,False,0.2881758213043213
12683,39627793796959335,0.759350296441386,1,red,powerlaw,18,1.0529608726501465,0.08583993381924099,0.8722211875847711,-0.1807396850653754,0.1807396850653754,0.17164900402279945,False,0.32370530261132907
1940,39627841628803314,0.6247357382225986,1,blue,constant,19,0.0597413070499897,0.11164343984503496,0.0930028185248375,0.033261511474847794,0.033261511474847794,,False,0.473669171333313
1940,39627841628803314,0.6247357382225986,1,blue,powerlaw,19,0.0597413070499897,0.11164343984503496,0.13340495317719622,0.07366364612720652,0.07366364612720652,,False,0.4756580890005261
1940,39627841628803314,0.6247357382225986,1,red,constant,19,1.2541030645370483,0.01792764663696289,1.3104053735733032,0.05630230903625488,0.05630230903625488,0.04489448325926774,False,0.10852383077144623
1940,39627841628803314,0.6247357382225986,1,red,powerlaw,19,1.2541030645370483,0.01792764663696289,1.3267988225525382,0.07269575801548989,0.07269575801548989,0.0579663347225178,False,0.1175515586720811
12862,39627787752967339,0.8455974444382643,1,blue,constant,17,1.7025597095489502,0.5170850192799288,2.003296136856079,0.3007364273071289,0.3007364273071289,0.176637815179358,False,1.8397586345672607
12862,39627787752967339,0.8455974444382643,1,blue,powerlaw,17,1.7025597095489502,0.5170850192799288,2.288740802917567,0.5861810933686167,0.5861810933686167,0.3442940004282789,False,1.935111497784369
12862,39627787752967339,0.8455974444382643,1,red,constant,17,0.8473736047744751,0.06892294743481804,0.6814597845077515,-0.16591382026672363,0.16591382026672363,0.1957977205472206,False,0.3532952070236206
12862,39627787752967339,0.8455974444382643,1,red,powerlaw,17,0.8473736047744751,0.06892294743481804,0.7033716150220434,-0.14400198975243172,0.14400198975243172,0.16993919676168961,False,0.3473087259685414
6810,39627829515651198,0.746342125710592,1,blue,constant,18,1.5545018911361694,0.6778922610812717,1.6006323099136353,0.04613041877746582,0.04613041877746582,,False,4.595947742462158
6810,39627829515651198,0.746342125710592,1,blue,powerlaw,18,1.5545018911361694,0.6778922610812717,2.2406937519002934,0.686191860764124,0.686191860764124,,False,4.6276547993389
6810,39627829515651198,0.746342125710592,1,red,constant,18,0.45709964632987976,0.12292771869235569,0.8828714489936829,0.4257718026638031,0.4257718026638031,0.9314638636944647,False,0.6185131072998047
6810,39627829515651198,0.746342125710592,1,red,powerlaw,18,0.45709964632987976,0.12292771869235569,0.7821697703183079,0.32507012398842816,0.32507012398842816,0.7111581174880881,False,0.5515772226841874
9321,39627847647626933,0.7396926739092715,1,blue,constant,18,0.29429125785827637,0.1909944216410319,0.269082248210907,-0.025209009647369385,0.025209009647369385,,False,0.6179972290992737
9321,39627847647626933,0.7396926739092715,1,blue,powerlaw,18,0.29429125785827637,0.1909944216410319,0.23259914664485892,-0.061692111213417444,0.061692111213417444,,False,0.6167166833154745
9321,39627847647626933,0.7396926739092715,1,red,constant,18,1.2674975395202637,0.038726376162634954,1.383002519607544,0.11550498008728027,0.11550498008728027,0.0911283663169854,False,0.19809213280677795
9321,39627847647626933,0.7396926739092715,1,red,powerlaw,18,1.2674975395202637,0.038726376162634954,1.3835268768799045,0.11602933735964083,0.11602933735964083,0.0915420612205345,False,0.20405840415301088
6473,39627835542868318,0.7494048941710721,1,blue,constant,18,3.4930760860443115,0.9139270782470703,2.528964042663574,-0.9641120433807373,0.9641120433807373,0.2760065969454829,False,3.178403615951538
6473,39627835542868318,0.7494048941710721,1,blue,powerlaw,18,3.4930760860443115,0.9139270782470703,2.606885214810755,-0.8861908712335564,0.8861908712335564,0.25369927519589525,False,3.108422375724914
6473,39627835542868318,0.7494048941710721,1,red,constant,18,0.5568148493766785,0.10809948709275988,0.9245544075965881,0.36773955821990967,0.36773955821990967,0.6604341795689761,False,0.5275633335113525
6473,39627835542868318,0.7494048941710721,1,red,powerlaw,18,0.5568148493766785,0.10809948709275988,0.8288369131277569,0.2720220637510784,0.2720220637510784,0.4885323443790896,False,0.46578704217013334
2849,39627823480049765,0.8520494397243463,1,blue,constant,17,1.368647575378418,0.23202004152185776,1.5208306312561035,0.15218305587768555,0.15218305587768555,0.1111922883694938,False,0.8455142974853516
2849,39627823480049765,0.8520494397243463,1,blue,powerlaw,17,1.368647575378418,0.23202004152185776,1.508371280754799,0.13972370537638112,0.13972370537638112,0.1020888853273633,False,0.8546649164918392
2849,39627823480049765,0.8520494397243463,1,red,constant,17,0.7618951201438904,0.03774755842545453,0.8152452111244202,0.053350090980529785,0.053350090980529785,0.07002288053827431,False,0.1689210683107376
2849,39627823480049765,0.8520494397243463,1,red,powerlaw,17,0.7618951201438904,0.03774755842545453,0.7989166023132075,0.03702148216931711,0.03702148216931711,0.04859131026108329,False,0.15605915999039252
8875,39627847630852038,0.7019484197985806,1,blue,constant,18,0.07533489167690277,0.04193997714254591,0.04966936260461807,-0.0256655290722847,0.0256655290722847,,False,0.2015770524740219
8875,39627847630852038,0.7019484197985806,1,blue,powerlaw,18,0.07533489167690277,0.04193997714254591,0.024815337442740653,-0.050519554234162115,0.050519554234162115,,False,0.2056973967614501
8875,39627847630852038,0.7019484197985806,1,red,constant,18,1.1835333108901978,0.011406728790866004,1.1304129362106323,-0.05312037467956543,0.05312037467956543,0.044882872489335174,False,0.06685920804738998
8875,39627847630852038,0.7019484197985806,1,red,powerlaw,18,1.1835333108901978,0.011406728790866004,1.2284530500205921,0.044919739130394376,0.044919739130394376,0.03795392889838299,False,0.0603434339838566
8494,39627829536625290,0.843183103806451,1,blue,constant,17,0.6700274348258972,0.13392151103300207,0.5421141386032104,-0.12791329622268677,0.12791329622268677,0.19090755030937548,False,0.39101576805114746
8494,39627829536625290,0.843183103806451,1,blue,powerlaw,17,0.6700274348258972,0.13392151103300207,0.5183120619359053,-0.15171537288999193,0.15171537288999193,0.226431583252131,False,0.39740278730832174
8494,39627829536625290,0.843183103806451,1,red,constant,17,1.1335513591766357,0.024659058626960304,1.1180837154388428,-0.015467643737792969,0.015467643737792969,0.013645295921155277,False,0.12531962990760803
8494,39627829536625290,0.843183103806451,1,red,powerlaw,17,1.1335513591766357,0.024659058626960304,1.1091618350382912,-0.0243895241383445,0.0243895241383445,0.02151602919523649,False,0.12741269479706646
7429,39627835576421923,0.7760036846166825,1,blue,constant,17,2.048675537109375,0.4609789567835191,1.4819918870925903,-0.5666836500167847,0.5666836500167847,0.27660976067316145,False,1.9510189294815063
7429,39627835576421923,0.7760036846166825,1,blue,powerlaw,17,2.048675537109375,0.4609789567835191,1.785735867372997,-0.26293966973637795,0.26293966973637795,0.1283461753574598,False,1.8568419808086063
7429,39627835576421923,0.7760036846166825,1,red,constant,17,0.8337131142616272,0.09804296493530273,0.8715007901191711,0.037787675857543945,0.037787675857543945,0.04532455494718991,False,0.3205321729183197
7429,39627835576421923,0.7760036846166825,1,red,powerlaw,17,0.8337131142616272,0.09804296493530273,0.8136596623777892,-0.020053451883838003,0.020053451883838003,0.024053180333618977,False,0.3205399525973212
2267,39627853704202152,0.7716205893672567,1,blue,constant,17,0.016712041571736336,0.15938875254462748,0.15846896171569824,0.1417569201439619,0.1417569201439619,,False,0.6193920373916626
2267,39627853704202152,0.7716205893672567,1,blue,powerlaw,17,0.016712041571736336,0.15938875254462748,0.009544875409934438,-0.007167166161801897,0.007167166161801897,,False,0.6033192812421553
2267,39627853704202152,0.7716205893672567,1,red,constant,17,1.3028664588928223,0.04103001776863547,1.3584647178649902,0.05559825897216797,0.05559825897216797,0.042673797143734475,False,0.14000333845615387
2267,39627853704202152,0.7716205893672567,1,red,powerlaw,17,1.3028664588928223,0.04103001776863547,1.1890708395457332,-0.11379561934708904,0.11379561934708904,0.087342504345221,False,0.17152544618204707
10745,39627847626656271,0.7456497615070881,1,blue,constant,18,1.1581807136535645,0.8094629711574979,-0.3065447211265564,-1.4647254347801208,1.4647254347801208,,True,3.678487539291382
10745,39627847626656271,0.7456497615070881,1,blue,powerlaw,18,1.1581807136535645,0.8094629711574979,2.2308988431480503e-08,-1.158180691344576,1.158180691344576,,False,3.5675246875172113
10745,39627847626656271,0.7456497615070881,1,red,constant,18,1.1320266723632812,0.11950490209791395,1.5916544198989868,0.45962774753570557,0.45962774753570557,0.4060220123401875,False,0.6383042335510254
10745,39627847626656271,0.7456497615070881,1,red,powerlaw,18,1.1320266723632812,0.11950490209791395,0.8497307928036858,-0.28229587955959545,0.28229587955959545,0.24937210973153046,False,0.5260274725298718
5733,39627823467464830,0.8976094190604658,1,blue,constant,16,0.9128907918930054,0.2050628364086151,0.7807693481445312,-0.13212144374847412,0.13212144374847412,0.14472864106176603,False,0.6713401079177856
5733,39627823467464830,0.8976094190604658,1,blue,powerlaw,16,0.9128907918930054,0.2050628364086151,0.9164347320474455,0.0035439401544401505,0.0035439401544401505,0.003882107461168822,False,0.6605447745509843
5733,39627823467464830,0.8976094190604658,1,red,constant,16,0.9391317367553711,0.04038581624627113,1.1861255168914795,0.2469937801361084,0.2469937801361084,0.26300227164024204,False,0.29325881600379944
5733,39627823467464830,0.8976094190604658,1,red,powerlaw,16,0.9391317367553711,0.04038581624627113,1.1220557977599186,0.1829240610045475,0.1829240610045475,0.19477998010858014,False,0.24198553885915577
7353,39627835572227845,0.8298888148684127,1,blue,constant,17,0.06556608527898788,0.15375475322498994,0.14007991552352905,0.07451383024454117,0.07451383024454117,,False,0.5390075445175171
7353,39627835572227845,0.8298888148684127,1,blue,powerlaw,17,0.06556608527898788,0.15375475322498994,0.1523483012755474,0.08678221599655953,0.08678221599655953,,False,0.5382388421316329
7353,39627835572227845,0.8298888148684127,1,red,constant,17,1.2701842784881592,0.036747259252211624,1.131679654121399,-0.13850462436676025,0.13850462436676025,0.10904293708596033,False,0.22020070254802704
7353,39627835572227845,0.8298888148684127,1,red,powerlaw,17,1.2701842784881592,0.036747259252211624,1.0619893662532567,-0.2081949122349025,0.2081949122349025,0.16390921834011923,False,0.2749512826084761
7011,39627835568034420,0.6705588043975417,1,blue,constant,18,0.2585056722164154,0.09396495421727498,0.11625378578901291,-0.1422518864274025,0.1422518864274025,,False,0.2945871949195862
7011,39627835568034420,0.6705588043975417,1,blue,powerlaw,18,0.2585056722164154,0.09396495421727498,0.026310884917288398,-0.23219478729912701,0.23219478729912701,,False,0.3470981486219598
7011,39627835568034420,0.6705588043975417,1,red,constant,18,1.3040704727172852,0.022576075461175706,1.2979069948196411,-0.006163477897644043,0.006163477897644043,0.004726338051962203,False,0.08625095337629318
7011,39627835568034420,0.6705588043975417,1,red,powerlaw,18,1.3040704727172852,0.022576075461175706,1.3524867274599577,0.048416254742672526,0.048416254742672526,0.03712702323654934,False,0.10169023544508704
499,39627574963339409,0.7135272875189397,1,blue,constant,18,-0.012127116322517395,0.22633441289265951,0.08845718204975128,0.10058429837226868,0.10058429837226868,,False,0.9121485948562622
499,39627574963339409,0.7135272875189397,1,blue,powerlaw,18,-0.012127116322517395,0.22633441289265951,0.11704531068243032,0.12917242700494772,0.12917242700494772,,False,0.9148642894901153
499,39627574963339409,0.7135272875189397,1,red,constant,18,1.259723424911499,0.030616929133733112,1.3800246715545654,0.1203012466430664,0.1203012466430664,0.09549814210330977,False,0.18296100199222565
499,39627574963339409,0.7135272875189397,1,red,powerlaw,18,1.259723424911499,0.030616929133733112,1.5056802762529538,0.24595685134145473,0.24595685134145473,0.195246707711841,False,0.2915775194332325
4425,39627859727225282,0.7323683789997016,1,blue,constant,18,0.08476055413484573,0.28872643576727974,0.3427562117576599,0.2579956576228142,0.2579956576228142,,False,1.4298359155654907
4425,39627859727225282,0.7323683789997016,1,blue,powerlaw,18,0.08476055413484573,0.28872643576727974,0.25216173029579164,0.1674011761609459,0.1674011761609459,,False,1.406196529424606
4425,39627859727225282,0.7323683789997016,1,red,constant,18,1.2634124755859375,0.05568705664740668,1.175361156463623,-0.08805131912231445,0.08805131912231445,0.0696932481068612,False,0.268088698387146
4425,39627859727225282,0.7323683789997016,1,red,powerlaw,18,1.2634124755859375,0.05568705664740668,1.1076028059722987,-0.15580966961363885,0.15580966961363885,0.12332446657326097,False,0.2978380208537067
9615,39627841591051972,0.82574146035671,1,blue,constant,17,0.09680815786123276,0.1705041352440329,-0.09038219600915909,-0.18719035387039185,0.18719035387039185,,True,0.7156845927238464
9615,39627841591051972,0.82574146035671,1,blue,powerlaw,17,0.09680815786123276,0.1705041352440329,0.00015621808989210793,-0.09665193977134065,0.09665193977134065,,False,0.6974589166841847
9615,39627841591051972,0.82574146035671,1,red,constant,17,1.2489805221557617,0.01631698362967547,1.1548908948898315,-0.09408962726593018,0.09408962726593018,0.07533314218826237,False,0.11854972690343857
9615,39627841591051972,0.82574146035671,1,red,powerlaw,17,1.2489805221557617,0.01631698362967547,1.135950079802875,-0.11303044235288673,0.11303044235288673,0.09049816257966478,False,0.13614703392304833
7081,39627823488439028,0.7369400496320044,1,blue,constant,18,0.3273632228374481,0.10102026992373997,-0.03990743309259415,-0.36727065593004227,0.36727065593004227,1.1219056702420422,True,0.5367472171783447
7081,39627823488439028,0.7369400496320044,1,blue,powerlaw,18,0.3273632228374481,0.10102026992373997,0.06587102993643189,-0.2614921929010162,0.2614921929010162,0.7987830478772501,False,0.4707983433823919
7081,39627823488439028,0.7369400496320044,1,red,constant,18,1.2421287298202515,0.01986475123299493,1.2099051475524902,-0.03222358226776123,0.03222358226776123,0.025942224420188967,False,0.14699004590511322
7081,39627823488439028,0.7369400496320044,1,red,powerlaw,18,1.2421287298202515,0.01986475123299493,1.2858532235140074,0.04372449369375597,0.04372449369375597,0.03520125784393003,False,0.14400310423337753
3149,39627817436056703,0.6882051545813045,1,blue,constant,18,0.020575620234012604,0.20560534795125326,0.11757593601942062,0.09700031578540802,0.09700031578540802,,False,1.0400081872940063
3149,39627817436056703,0.6882051545813045,1,blue,powerlaw,18,0.020575620234012604,0.20560534795125326,0.21205665000835458,0.19148102977434198,0.19148102977434198,,False,1.046836328453657
3149,39627817436056703,0.6882051545813045,1,red,constant,18,1.2132171392440796,0.027500483724806044,1.0986591577529907,-0.11455798149108887,0.11455798149108887,0.09442496135726093,False,0.15756750106811523
3149,39627817436056703,0.6882051545813045,1,red,powerlaw,18,1.2132171392440796,0.027500483724806044,1.2586006859740224,0.045383546729942825,0.045383546729942825,0.03740760434543482,False,0.1131036105770089
5215,39627853695816620,0.6087691545825343,1,blue,constant,19,0.01551323477178812,0.06761805634749563,0.11877135187387466,0.10325811710208654,0.10325811710208654,,False,0.29503586888313293
5215,39627853695816620,0.6087691545825343,1,blue,powerlaw,19,0.01551323477178812,0.06761805634749563,0.07948402550710892,0.0639707907353208,0.0639707907353208,,False,0.2820972291652093
5215,39627853695816620,0.6087691545825343,1,red,constant,19,1.1358652114868164,0.012276987496175264,1.085776686668396,-0.05008852481842041,0.05008852481842041,0.04409724350379206,False,0.09140732139348984
5215,39627853695816620,0.6087691545825343,1,red,powerlaw,19,1.1358652114868164,0.012276987496175264,1.1172525134623856,-0.018612698024430774,0.018612698024430774,0.016386361547306535,False,0.07865076094700939
8980,39627841586860179,0.8578147171237703,1,blue,constant,17,1.8869160413742065,0.3759792552274816,1.4763563871383667,-0.41055965423583984,0.41055965423583984,0.21758236468053804,False,1.5431374311447144
8980,39627841586860179,0.8578147171237703,1,blue,powerlaw,17,1.8869160413742065,0.3759792552274816,1.5491668744115206,-0.337749166962686,0.337749166962686,0.1789953339506878,False,1.5335084608929341
8980,39627841586860179,0.8578147171237703,1,red,constant,17,0.9765067100524902,0.08576895208919749,1.0760788917541504,0.09957218170166016,0.09957218170166016,0.10196773936792287,False,0.426765501499176
8980,39627841586860179,0.8578147171237703,1,red,powerlaw,17,0.9765067100524902,0.08576895208919749,0.9148475766205668,-0.06165913343192342,0.06165913343192342,0.06314255989967447,False,0.4177162407111769
2586,39627805356463621,0.8989732268823344,1,blue,constant,16,0.7709395885467529,0.1714358776807785,0.19396443665027618,-0.5769751518964767,0.5769751518964767,0.7484051415547285,False,1.0981907844543457
2586,39627805356463621,0.8989732268823344,1,blue,powerlaw,16,0.7709395885467529,0.1714358776807785,0.0500238205231685,-0.7209157680235845,0.7209157680235845,0.9351131771330293,False,1.184522316031122
2586,39627805356463621,0.8989732268823344,1,red,constant,16,0.9595996141433716,0.020891832187771797,1.0011472702026367,0.04154765605926514,0.04154765605926514,0.043296866158449285,False,0.15426111221313477
2586,39627805356463621,0.8989732268823344,1,red,powerlaw,16,0.9595996141433716,0.020891832187771797,0.9843884362102391,0.0247888220668675,0.0247888220668675,0.025832463562416415,False,0.14642230493938674
8315,39627823488434276,0.8060242867885473,1,blue,constant,17,0.18967115879058838,0.7146414027494543,1.9882497787475586,1.7985786199569702,1.7985786199569702,,False,3.0363354682922363
8315,39627823488434276,0.8060242867885473,1,blue,powerlaw,17,0.18967115879058838,0.7146414027494543,3.1699691899662032,2.980298031175615,2.980298031175615,,False,3.9458306175461226
8315,39627823488434276,0.8060242867885473,1,red,constant,17,0.7743211388587952,0.12274578038383932,0.5606998801231384,-0.21362125873565674,0.21362125873565674,0.2758819926451893,False,0.49972906708717346
8315,39627823488434276,0.8060242867885473,1,red,powerlaw,17,0.7743211388587952,0.12274578038383932,0.6981364338092125,-0.07618470504958264,0.07618470504958264,0.0983890290814799,False,0.45274442384277563
9208,39627853679034669,0.7370153443154648,1,blue,constant,18,-0.14417852461338043,0.2595040268368191,0.3148941695690155,0.45907269418239594,0.45907269418239594,,False,0.9000827074050903
9208,39627853679034669,0.7370153443154648,1,blue,powerlaw,18,-0.14417852461338043,0.2595040268368191,0.37981131687273817,0.5239898414861186,0.5239898414861186,,False,0.9425379977682672
9208,39627853679034669,0.7370153443154648,1,red,constant,18,1.152008295059204,0.04060427016682095,1.1134624481201172,-0.038545846939086914,0.038545846939086914,0.03345969565011332,False,0.13071879744529724
9208,39627853679034669,0.7370153443154648,1,red,powerlaw,18,1.152008295059204,0.04060427016682095,1.2178311144011984,0.0658228193419943,0.0658228193419943,0.05713745258979366,False,0.13883700882901268
34,39627563030545742,0.8667849968146216,1,blue,constant,17,0.35906028747558594,1.7496803508085363,2.928844690322876,2.56978440284729,2.56978440284729,,False,7.267504692077637
34,39627563030545742,0.8667849968146216,1,blue,powerlaw,17,0.35906028747558594,1.7496803508085363,3.7100396683875556,3.3509793809119697,3.3509793809119697,,False,7.694161391344903
34,39627563030545742,0.8667849968146216,1,red,constant,17,0.7344455718994141,0.18299344006706686,0.49784576892852783,-0.23659980297088623,0.23659980297088623,0.3221474974095013,False,0.7442641258239746
34,39627563030545742,0.8667849968146216,1,red,powerlaw,17,0.7344455718994141,0.18299344006706686,0.5859581507039562,-0.14848742119545788,0.14848742119545788,0.2021762086623268,False,0.7177972866807172
5639,39627829507262361,0.8027260694238524,1,blue,constant,17,0.21244016289710999,0.09656121450311997,0.10604234039783478,-0.10639782249927521,0.10639782249927521,,False,0.26319411396980286
5639,39627829507262361,0.8027260694238524,1,blue,powerlaw,17,0.21244016289710999,0.09656121450311997,0.05448257553856085,-0.15795758735854915,0.15795758735854915,,False,0.2871554163111637
5639,39627829507262361,0.8027260694238524,1,red,constant,17,1.1917994022369385,0.018502389683442956,1.1663273572921753,-0.025472044944763184,0.025472044944763184,0.021372761973997997,False,0.08711472898721695
5639,39627829507262361,0.8027260694238524,1,red,powerlaw,17,1.1917994022369385,0.018502389683442956,1.1486154993558961,-0.043183902881042346,0.043183902881042346,0.036234204178982356,False,0.09287671910403025
11440,39627847622461149,0.8835806585984486,1,blue,constant,16,2.0091288089752197,0.5022599697113037,1.6332011222839355,-0.3759276866912842,0.3759276866912842,0.18710979854150347,False,2.445005178451538
11440,39627847622461149,0.8835806585984486,1,blue,powerlaw,16,2.0091288089752197,0.5022599697113037,1.56490935722712,-0.44421945174809974,0.44421945174809974,0.2211005336062446,False,2.425203043919557
11440,39627847622461149,0.8835806585984486,1,red,constant,16,1.1118097305297852,0.08108754456043243,1.110397458076477,-0.0014122724533081055,0.0014122724533081055,0.0012702465309735577,False,0.5147687196731567
11440,39627847622461149,0.8835806585984486,1,red,powerlaw,16,1.1118097305297852,0.08108754456043243,1.033189867492598,-0.07861986303718727,0.07861986303718727,0.0707134151449856,False,0.5144970081467137
11318,39627853670647866,0.8065238979954202,1,blue,constant,17,0.5831772089004517,0.16774352859048283,0.5708571672439575,-0.01232004165649414,0.01232004165649414,0.0211257255401371,False,0.45187991857528687
11318,39627853670647866,0.8065238979954202,1,blue,powerlaw,17,0.5831772089004517,0.16774352859048283,0.498328573157601,-0.08484863574285068,0.08484863574285068,0.14549374435058612,False,0.45994853138592806
11318,39627853670647866,0.8065238979954202,1,red,constant,17,1.0021185874938965,0.035523859893574435,0.9876907467842102,-0.01442784070968628,0.01442784070968628,0.014397338687996497,False,0.14555837213993073
11318,39627853670647866,0.8065238979954202,1,red,powerlaw,17,1.0021185874938965,0.035523859893574435,0.9711484869839414,-0.03097010050995508,0.03097010050995508,0.030904626355055715,False,0.14919105606328936
12872,39627787765550971,0.8589817493121125,1,blue,constant,17,2.211172342300415,0.6329226774327895,3.527876377105713,1.3167040348052979,1.3167040348052979,0.595477796830369,False,2.6750690937042236
12872,39627787765550971,0.8589817493121125,1,blue,powerlaw,17,2.211172342300415,0.6329226774327895,4.162613018669578,1.9514406763691632,1.9514406763691632,0.8825366702710122,False,3.1666640772581944
12872,39627787765550971,0.8589817493121125,1,red,constant,17,0.6384144425392151,0.11297455254723043,1.0242685079574585,0.3858540654182434,0.3858540654182434,0.6043943239810745,False,0.6014201641082764
12872,39627787765550971,0.8589817493121125,1,red,powerlaw,17,0.6384144425392151,0.11297455254723043,0.9969376212408197,0.35852317870160466,0.35852317870160466,0.5615837531425867,False,0.5867174459397438
6815,39627835555447572,0.8954858114948787,1,blue,constant,16,1.0513043403625488,0.5886895656585693,1.2082394361495972,0.15693509578704834,0.15693509578704834,,False,2.1117770671844482
6815,39627835555447572,0.8954858114948787,1,blue,powerlaw,16,1.0513043403625488,0.5886895656585693,1.4297269644332782,0.37842262407072935,0.37842262407072935,,False,2.154483268193051
6815,39627835555447572,0.8954858114948787,1,red,constant,16,0.6028171181678772,0.08389215916395187,1.080532431602478,0.47771531343460083,0.47771531343460083,0.7924713798548152,False,0.6138487458229065
6815,39627835555447572,0.8954858114948787,1,red,powerlaw,16,0.6028171181678772,0.08389215916395187,0.9661248860181048,0.36330776785022756,0.36330776785022756,0.6026832299560724,False,0.5276565766789337
1302,39627847656018516,0.6611347016505661,1,blue,constant,19,-0.017791856080293655,0.08735803553932592,0.052002232521772385,0.06979408860206604,0.06979408860206604,,False,0.37348389625549316
1302,39627847656018516,0.6611347016505661,1,blue,powerlaw,19,-0.017791856080293655,0.08735803553932592,1.5564012179233276e-10,0.017791856235933778,0.017791856235933778,,False,0.36733577924202854
1302,39627847656018516,0.6611347016505661,1,red,constant,19,1.1811532974243164,0.015763870979610243,1.1594566106796265,-0.02169668674468994,0.02169668674468994,0.018369069274922104,False,0.08027157932519913
1302,39627847656018516,0.6611347016505661,1,red,powerlaw,19,1.1811532974243164,0.015763870979610243,1.1859653182272394,0.004812020802922978,0.004812020802922978,0.004074001921186961,False,0.07772203277692084
4949,39627865771215608,0.8570035574572558,1,blue,constant,17,3.017385482788086,0.45358408198637123,2.3723363876342773,-0.6450490951538086,0.6450490951538086,0.2137774900931049,False,1.6509764194488525
4949,39627865771215608,0.8570035574572558,1,blue,powerlaw,17,3.017385482788086,0.45358408198637123,2.2618302111936703,-0.7555552715944156,0.7555552715944156,0.2504006451626052,False,1.6887974258559428
4949,39627865771215608,0.8570035574572558,1,red,constant,17,0.6138238906860352,0.0651074998519,0.6467471718788147,0.03292328119277954,0.03292328119277954,0.05363636328325883,False,0.2975923418998718
4949,39627865771215608,0.8570035574572558,1,red,powerlaw,17,0.6138238906860352,0.0651074998519,0.687684742795052,0.07386085210901683,0.07386085210901683,0.12032906054938146,False,0.292924948023968
4975,39627853687427098,0.7983455233498902,1,blue,constant,17,0.04612736403942108,0.21732206905589385,0.1514723151922226,0.10534495115280151,0.10534495115280151,,False,0.6746672987937927
4975,39627853687427098,0.7983455233498902,1,blue,powerlaw,17,0.04612736403942108,0.21732206905589385,8.91301192798006e-07,-0.046126472738228286,0.046126472738228286,,False,0.6679867128861329
4975,39627853687427098,0.7983455233498902,1,red,constant,17,1.2551127672195435,0.033199184081133676,1.1626758575439453,-0.09243690967559814,0.09243690967559814,0.07364829048817184,False,0.15238213539123535
4975,39627853687427098,0.7983455233498902,1,red,powerlaw,17,1.2551127672195435,0.033199184081133676,1.119902477853852,-0.13521028936569146,0.13521028936569146,0.10772760256851134,False,0.1813076091476549
10522,39627859702057885,0.8750615798643713,1,blue,constant,16,-0.1827678680419922,0.2603165805339813,0.24449823796749115,0.42726610600948334,0.42726610600948334,,False,0.9024152159690857
10522,39627859702057885,0.8750615798643713,1,blue,powerlaw,16,-0.1827678680419922,0.2603165805339813,0.19112036048020795,0.37388822852220016,0.37388822852220016,,False,0.878722585738396
10522,39627859702057885,0.8750615798643713,1,red,constant,16,1.1629984378814697,0.035637665539979935,1.270814299583435,0.10781586170196533,0.10781586170196533,0.092705078691562,False,0.16700315475463867
10522,39627859702057885,0.8750615798643713,1,red,powerlaw,16,1.1629984378814697,0.035637665539979935,1.2714301508775365,0.1084317129960668,0.1084317129960668,0.0932346161991302,False,0.167589336613278
12889,39627787757161618,0.8156905484071798,1,blue,constant,17,0.5658006072044373,0.19388827155618107,0.08712667226791382,-0.47867393493652344,0.47867393493652344,,False,0.797029435634613
12889,39627787757161618,0.8156905484071798,1,blue,powerlaw,17,0.5658006072044373,0.19388827155618107,0.12362460122885768,-0.4421760059755796,0.4421760059755796,,False,0.7762160854156281
12889,39627787757161618,0.8156905484071798,1,red,constant,17,1.3025373220443726,0.039175731294295364,1.1167852878570557,-0.1857520341873169,0.1857520341873169,0.1426078401314239,False,0.23448452353477478
12889,39627787757161618,0.8156905484071798,1,red,powerlaw,17,1.3025373220443726,0.039175731294295364,1.0942083595988141,-0.20832896244555843,0.20832896244555843,0.15994087763917558,False,0.2532202090031008
2410,39627847656018682,0.7259537310262374,1,blue,constant,18,0.5354418754577637,0.13823586040072972,0.531836748123169,-0.0036051273345947266,0.0036051273345947266,0.006732994746652204,False,0.5574604868888855
2410,39627847656018682,0.7259537310262374,1,blue,powerlaw,18,0.5354418754577637,0.13823586040072972,0.5368907818360206,0.0014489063782568978,0.0014489063782568978,0.0027060012387305136,False,0.5575042819278161
2410,39627847656018682,0.7259537310262374,1,red,constant,18,0.9500216245651245,0.022451061341497634,1.0291271209716797,0.07910549640655518,0.07910549640655518,0.0832670482029985,False,0.11640644818544388
2410,39627847656018682,0.7259537310262374,1,red,powerlaw,18,0.9500216245651245,0.022451061341497634,1.026644581758288,0.07662295719316359,0.07662295719316359,0.08065390851312253,False,0.11501755389283633
392,39627574967539289,0.7102297437287542,1,blue,constant,18,0.49114173650741577,0.948597272237142,1.1380633115768433,0.6469215750694275,0.6469215750694275,,False,3.4139671325683594
392,39627574967539289,0.7102297437287542,1,blue,powerlaw,18,0.49114173650741577,0.948597272237142,1.6874107560295877,1.196269019522172,1.196269019522172,,False,3.5592064785794517
392,39627574967539289,0.7102297437287542,1,red,constant,18,0.8850541710853577,0.15230419900682238,0.8708897233009338,-0.014164447784423828,0.014164447784423828,0.016004046133191726,False,0.5013036727905273
392,39627574967539289,0.7102297437287542,1,red,powerlaw,18,0.8850541710853577,0.15230419900682238,0.8998155343467571,0.01476136326139943,0.01476136326139943,0.016678485615515836,False,0.5004175418678435
2007,39627841620414404,0.7984777618103563,1,blue,constant,17,3.1769917011260986,1.274063783533433,4.505079746246338,1.3280880451202393,1.3280880451202393,,False,4.371404647827148
2007,39627841620414404,0.7984777618103563,1,blue,powerlaw,17,3.1769917011260986,1.274063783533433,4.693272577936985,1.5162808768108862,1.5162808768108862,,False,4.487693627577248
2007,39627841620414404,0.7984777618103563,1,red,constant,17,0.3366222083568573,0.23171654869528377,0.34437263011932373,0.007750421762466431,0.007750421762466431,,False,0.9338018298149109
2007,39627841620414404,0.7984777618103563,1,red,powerlaw,17,0.3366222083568573,0.23171654869528377,0.9776328076227792,0.6410105992659219,0.6410105992659219,,False,1.1329797182736576
2407,39627847656018731,0.8575860799832449,1,blue,constant,17,1.3822906017303467,0.16346538768095129,1.2757248878479004,-0.10656571388244629,0.10656571388244629,0.07709356755305122,False,0.6297788023948669
2407,39627847656018731,0.8575860799832449,1,blue,powerlaw,17,1.3822906017303467,0.16346538768095129,1.2276804005232664,-0.15461020120708024,0.15461020120708024,0.11185072155850566,False,0.6499339411281744
2407,39627847656018731,0.8575860799832449,1,red,constant,17,0.7768321633338928,0.023435093024197745,0.8926379680633545,0.11580580472946167,0.11580580472946167,0.14907442069914242,False,0.16300910711288452
2407,39627847656018731,0.8575860799832449,1,red,powerlaw,17,0.7768321633338928,0.023435093024197745,1.0772049406890933,0.3003727773552005,0.3003727773552005,0.3866636727116257,False,0.32150866511087844
7995,39627823496824786,0.7290467932538722,1,blue,constant,18,2.7918100357055664,0.4860474268595378,1.647119402885437,-1.1446906328201294,1.1446906328201294,0.41001737875436606,False,2.232602119445801
7995,39627823496824786,0.7290467932538722,1,blue,powerlaw,18,2.7918100357055664,0.4860474268595378,2.073038580542649,-0.7187714551629174,0.7187714551629174,0.257457150010303,False,2.0312604258089593
7995,39627823496824786,0.7290467932538722,1,red,constant,18,0.6441031098365784,0.05920874410205417,0.8979346752166748,0.25383156538009644,0.25383156538009644,0.3940852970644692,False,0.4179120361804962
7995,39627823496824786,0.7290467932538722,1,red,powerlaw,18,0.6441031098365784,0.05920874410205417,0.7870592383436759,0.1429561285070975,0.1429561285070975,0.22194603057167084,False,0.3583211851499314
2918,39627817440253315,0.7848627059322232,1,blue,constant,17,2.4737160205841064,0.7730685402365292,1.4934430122375488,-0.9802730083465576,0.9802730083465576,0.39627548198321105,False,2.8214337825775146
2918,39627817440253315,0.7848627059322232,1,blue,powerlaw,17,2.4737160205841064,0.7730685402365292,1.5129304776959165,-0.96078554288819,0.96078554288819,0.3883976717187304,False,2.8164970480896674
2918,39627817440253315,0.7848627059322232,1,red,constant,17,0.7673102021217346,0.14318661128773408,0.7386239767074585,-0.028686225414276123,0.028686225414276123,0.0373854346455373,False,0.8262052536010742
2918,39627817440253315,0.7848627059322232,1,red,powerlaw,17,0.7673102021217346,0.14318661128773408,0.6468942180917702,-0.12041598402996445,0.12041598402996445,0.15693259870257834,False,0.8331605103904025
6967,39627835551254103,0.8302450401977396,1,blue,constant,17,1.2184228897094727,0.589634053847369,1.190222144126892,-0.028200745582580566,0.028200745582580566,,False,2.123154640197754
6967,39627835551254103,0.8302450401977396,1,blue,powerlaw,17,1.2184228897094727,0.589634053847369,1.5840164714752922,0.3655935817658196,0.3655935817658196,,False,2.175216881104791
6967,39627835551254103,0.8302450401977396,1,red,constant,17,0.8604260087013245,0.1064980520921595,1.1481091976165771,0.2876831889152527,0.2876831889152527,0.33434971282360987,False,0.44818028807640076
6967,39627835551254103,0.8302450401977396,1,red,powerlaw,17,0.8604260087013245,0.1064980520921595,0.9273994970714048,0.06697348837008033,0.06697348837008033,0.07783759171943919,False,0.35107773022786365
435,39627568986458454,0.841018216146867,1,blue,constant,17,2.3448493480682373,0.715368439169491,1.968340277671814,-0.37650907039642334,0.37650907039642334,0.16056855452424,False,3.3229546546936035
435,39627568986458454,0.841018216146867,1,blue,powerlaw,17,2.3448493480682373,0.715368439169491,2.2991862460715033,-0.04566310199673396,0.04566310199673396,0.019473789236972815,False,3.3227700302392362
435,39627568986458454,0.841018216146867,1,red,constant,17,0.938281238079071,0.103866927763995,0.9087899923324585,-0.02949124574661255,0.02949124574661255,0.03143113658223576,False,0.34741052985191345
435,39627568986458454,0.841018216146867,1,red,powerlaw,17,0.938281238079071,0.103866927763995,0.7542301262657445,-0.18405111181332656,0.18405111181332656,0.1961577236587738,False,0.39554803926352783
2645,39627811404648629,0.8581469834031085,1,blue,constant,17,1.4898616075515747,0.6060120638679055,1.9389561414718628,0.4490945339202881,0.4490945339202881,,False,2.369454860687256
2645,39627811404648629,0.8581469834031085,1,blue,powerlaw,17,1.4898616075515747,0.6060120638679055,2.568269936326601,1.0784083287750263,1.0784083287750263,,False,2.55263784874223
2645,39627811404648629,0.8581469834031085,1,red,constant,17,0.24533729255199432,0.11893063433030072,0.6667935848236084,0.4214562922716141,0.4214562922716141,,False,0.7294045686721802
2645,39627811404648629,0.8581469834031085,1,red,powerlaw,17,0.24533729255199432,0.11893063433030072,0.8909540911126688,0.6456167985606744,0.6456167985606744,,False,0.8750591391857799
11645,39627781721556429,0.6704920818162825,1,blue,constant,18,0.07675079256296158,0.4293985101911757,-0.22145050764083862,-0.2982013002038002,0.2982013002038002,,True,1.5741806030273438
11645,39627781721556429,0.6704920818162825,1,blue,powerlaw,18,0.07675079256296158,0.4293985101911757,0.3744181107301808,0.2976673181672192,0.2976673181672192,,False,1.5750198887175653
11645,39627781721556429,0.6704920818162825,1,red,constant,18,1.35758376121521,0.05233817630343967,1.2202385663986206,-0.13734519481658936,0.13734519481658936,0.10116885509417699,False,0.32647988200187683
11645,39627781721556429,0.6704920818162825,1,red,powerlaw,18,1.35758376121521,0.05233817630343967,1.3268439498826563,-0.030739811332553657,0.030739811332553657,0.022643031104789896,False,0.289690536877886
1533,39627847660213350,0.8993677525012757,1,blue,constant,16,0.395368754863739,0.2143571525812149,0.6173133254051208,0.22194457054138184,0.22194457054138184,,False,0.6623309850692749
1533,39627847660213350,0.8993677525012757,1,blue,powerlaw,16,0.395368754863739,0.2143571525812149,0.643395126042577,0.24802637117883797,0.24802637117883797,,False,0.6686124640123439
1533,39627847660213350,0.8993677525012757,1,red,constant,16,1.0572962760925293,0.031078284606337547,1.1170654296875,0.0597691535949707,0.0597691535949707,0.0565301845343301,False,0.12531502544879913
1533,39627847660213350,0.8993677525012757,1,red,powerlaw,16,1.0572962760925293,0.031078284606337547,1.0122859423230262,-0.04501033376950314,0.04501033376950314,0.04257116457068091,False,0.12237745848793176
8648,39627847643431334,0.6666866089513617,1,blue,constant,18,0.4848769009113312,0.15774505668216282,0.17715191841125488,-0.3077249825000763,0.3077249825000763,0.634645581015932,False,0.7236196994781494
8648,39627847643431334,0.6666866089513617,1,blue,powerlaw,18,0.4848769009113312,0.15774505668216282,0.12250456506268866,-0.36237233584864253,0.36237233584864253,0.7473491419524418,False,0.7514483125170862
8648,39627847643431334,0.6666866089513617,1,red,constant,18,1.134152889251709,0.017986171775394015,1.1873347759246826,0.05318188667297363,0.05318188667297363,0.04689128527288941,False,0.10336382687091827
8648,39627847643431334,0.6666866089513617,1,red,powerlaw,18,1.134152889251709,0.017986171775394015,1.1615255380791563,0.027372648827447277,0.027372648827447277,0.024134884358939644,False,0.09385421406979264
6062,39627835538674065,0.8958419045159042,1,blue,constant,16,2.9953725337982178,1.0039974451065063,1.955417275428772,-1.0399552583694458,1.0399552583694458,,False,4.0211920738220215
6062,39627835538674065,0.8958419045159042,1,blue,powerlaw,16,2.9953725337982178,1.0039974451065063,2.362165570254632,-0.6332069635435857,0.6332069635435857,,False,3.9153631772096538
6062,39627835538674065,0.8958419045159042,1,red,constant,16,0.5559862852096558,0.12407606095075607,0.869629442691803,0.3136431574821472,0.3136431574821472,0.5641203134424011,False,0.618791937828064
6062,39627835538674065,0.8958419045159042,1,red,powerlaw,16,0.5559862852096558,0.12407606095075607,0.6529076655314756,0.09692138032181985,0.09692138032181985,0.17432332937002568,False,0.5310207039382921
7321,39627829536623748,0.8438940763373044,1,blue,constant,17,-0.11278751492500305,0.1229095318738152,0.05979372560977936,0.1725812405347824,0.1725812405347824,,False,0.28703004121780396
7321,39627829536623748,0.8438940763373044,1,blue,powerlaw,17,-0.11278751492500305,0.1229095318738152,0.030054068897439862,0.1428415838224429,0.1428415838224429,,False,0.27018389381515456
7321,39627829536623748,0.8438940763373044,1,red,constant,17,1.268276333808899,0.026877957231858197,1.1951522827148438,-0.07312405109405518,0.07312405109405518,0.05765624505067312,False,0.17956393957138062
7321,39627829536623748,0.8438940763373044,1,red,powerlaw,17,1.268276333808899,0.026877957231858197,1.226196247259646,-0.04208008654925299,0.04208008654925299,0.03317895747756934,False,0.16924161573526894
5141,39627847651820700,0.879598439748917,1,blue,constant,16,-0.2737003266811371,0.1495620459318161,0.13179194927215576,0.40549227595329285,0.40549227595329285,,False,0.6204442381858826
5141,39627847651820700,0.879598439748917,1,blue,powerlaw,16,-0.2737003266811371,0.1495620459318161,0.06899605562652458,0.34269638230766164,0.34269638230766164,,False,0.5799347842581514
5141,39627847651820700,0.879598439748917,1,red,constant,16,1.2642138004302979,0.044215891510248184,1.3044651746749878,0.04025137424468994,0.04025137424468994,0.03183905620314354,False,0.21865615248680115
5141,39627847651820700,0.879598439748917,1,red,powerlaw,16,1.2642138004302979,0.044215891510248184,1.2482478895107292,-0.01596591091956867,0.01596591091956867,0.012629122474485239,False,0.21820030599589785
10301,39627847626656046,0.8745550320838793,1,blue,constant,17,0.14594121277332306,0.13455937890445485,0.08777997642755508,-0.058161236345767975,0.058161236345767975,,False,0.8908658027648926
10301,39627847626656046,0.8745550320838793,1,blue,powerlaw,17,0.14594121277332306,0.13455937890445485,0.15232005491275488,0.006378842139431823,0.006378842139431823,,False,0.8979289856536431
10301,39627847626656046,0.8745550320838793,1,red,constant,17,1.2203887701034546,0.028003086062038645,1.2639206647872925,0.04353189468383789,0.04353189468383789,0.03567051397903933,False,0.14033566415309906
10301,39627847626656046,0.8745550320838793,1,red,powerlaw,17,1.2203887701034546,0.028003086062038645,1.4010569625487257,0.1806681924452711,0.1806681924452711,0.14804150683061065,False,0.2299766651806478
9710,39627841595248014,0.6768254807472949,1,blue,constant,18,0.11999375373125076,0.2406324545542399,-0.14370518922805786,-0.2636989429593086,0.2636989429593086,,True,0.6078049540519714
9710,39627841595248014,0.6768254807472949,1,blue,powerlaw,18,0.11999375373125076,0.2406324545542399,0.014828363558617127,-0.10516539017263364,0.10516539017263364,,False,0.5577914966654144
9710,39627841595248014,0.6768254807472949,1,red,constant,18,1.1409753561019897,0.04028556081983778,1.129494071006775,-0.011481285095214844,0.011481285095214844,0.01006269332094895,False,0.14306846261024475
9710,39627841595248014,0.6768254807472949,1,red,powerlaw,18,1.1409753561019897,0.04028556081983778,1.1235920181131067,-0.01738333798888303,0.01738333798888303,0.015235506968591496,False,0.1430178478198414
6117,39627829498871870,0.7511977026488003,1,blue,constant,18,0.026313165202736855,0.12338186634911431,-0.19461983442306519,-0.22093299962580204,0.22093299962580204,,True,0.5788676142692566
6117,39627829498871870,0.7511977026488003,1,blue,powerlaw,18,0.026313165202736855,0.12338186634911431,0.00030921631005438404,-0.026003948892682472,0.026003948892682472,,False,0.5357534605725415
6117,39627829498871870,0.7511977026488003,1,red,constant,18,1.2508810758590698,0.01614358855618371,1.3156516551971436,0.06477057933807373,0.06477057933807373,0.05177996580817335,False,0.09159841388463974
6117,39627829498871870,0.7511977026488003,1,red,powerlaw,18,1.2508810758590698,0.01614358855618371,1.3028524543694857,0.05197137851041589,0.05197137851041589,0.04154781738521659,False,0.08590474453385648
5880,39627829498876275,0.6176700419872422,1,blue,constant,19,0.170237734913826,0.09371352195739746,0.19034194946289062,0.020104214549064636,0.020104214549064636,,False,0.29843902587890625
5880,39627829498876275,0.6176700419872422,1,blue,powerlaw,19,0.170237734913826,0.09371352195739746,0.21272748109270542,0.042489746178879434,0.042489746178879434,,False,0.2969867381615832
5880,39627829498876275,0.6176700419872422,1,red,constant,19,1.228675365447998,0.025559779844785992,1.2759689092636108,0.04729354381561279,0.04729354381561279,0.038491488594604224,False,0.09570261090993881
5880,39627829498876275,0.6176700419872422,1,red,powerlaw,19,1.228675365447998,0.025559779844785992,1.3076634922573105,0.07898812680931244,0.07898812680931244,0.0642872226713131,False,0.11403932294947973
11652,39627781721559241,0.8234961808297308,1,blue,constant,17,2.360380172729492,0.4460359741659725,1.6934285163879395,-0.6669516563415527,0.6669516563415527,0.28256111623336694,False,1.739700198173523
11652,39627781721559241,0.8234961808297308,1,blue,powerlaw,17,2.360380172729492,0.4460359741659725,1.6143250552512651,-0.7460551174782271,0.7460551174782271,0.3160741333526392,False,1.7537512067593684
11652,39627781721559241,0.8234961808297308,1,red,constant,17,0.7621387243270874,0.0730218957452213,0.9719738960266113,0.20983517169952393,0.20983517169952393,0.2753241175152109,False,0.356381356716156
11652,39627781721559241,0.8234961808297308,1,red,powerlaw,17,0.7621387243270874,0.0730218957452213,0.7683847424048134,0.006246018077725957,0.006246018077725957,0.008195382124482302,False,0.2830309492452826
6690,39627823471659299,0.7298313831034561,1,blue,constant,18,3.599163055419922,0.37223633130391437,3.255383253097534,-0.3437798023223877,0.3437798023223877,0.09551659567206748,False,1.2372933626174927
6690,39627823471659299,0.7298313831034561,1,blue,powerlaw,18,3.599163055419922,0.37223633130391437,3.9316442811801724,0.3324812257602505,0.3324812257602505,0.09237737236149175,False,1.253812998076968
6690,39627823471659299,0.7298313831034561,1,red,constant,18,0.9009945392608643,0.05165604088041517,0.7758592367172241,-0.12513530254364014,0.12513530254364014,0.13888575023584002,False,0.22563114762306213
6690,39627823471659299,0.7298313831034561,1,red,powerlaw,18,0.9009945392608643,0.05165604088041517,0.6954424547175121,-0.20555208454335216,0.20555208454335216,0.22813910138898058,False,0.2802475922628541
1365,39627847660210992,0.8760565601362776,1,blue,constant,16,4.349511623382568,0.6536522507667542,3.212977409362793,-1.1365342140197754,1.1365342140197754,0.2613015695624018,False,1.903606653213501
1365,39627847660210992,0.8760565601362776,1,blue,powerlaw,16,4.349511623382568,0.6536522507667542,4.043058415161578,-0.3064532082209901,0.3064532082209901,0.07045692361724619,False,1.5389770088752963
1365,39627847660210992,0.8760565601362776,1,red,constant,16,0.38940295577049255,0.12396429479122162,1.0723482370376587,0.6829452812671661,0.6829452812671661,1.7538266496099286,False,0.871208906173706
1365,39627847660210992,0.8760565601362776,1,red,powerlaw,16,0.38940295577049255,0.12396429479122162,0.923511558454015,0.5341086026835224,0.5341086026835224,1.371609010072119,False,0.7593335134664193
12070,39627787765549590,0.7056575834229982,1,blue,constant,18,1.0566356182098389,1.2773141860961914,1.461372971534729,0.40473735332489014,0.40473735332489014,,False,4.42764949798584
12070,39627787765549590,0.7056575834229982,1,blue,powerlaw,18,1.0566356182098389,1.2773141860961914,1.6801750537811966,0.6235394355713577,0.6235394355713577,,False,4.452259982554809
12070,39627787765549590,0.7056575834229982,1,red,constant,18,1.1204304695129395,0.17745917373233372,0.1957147717475891,-0.9247156977653503,0.9247156977653503,0.8253218052587699,False,1.4648280143737793
12070,39627787765549590,0.7056575834229982,1,red,powerlaw,18,1.1204304695129395,0.17745917373233372,0.3355811943610288,-0.7848492751519107,0.7848492751519107,0.7004890499747756,False,1.3886606969435795
1303,39627847656018117,0.8199668765695958,1,blue,constant,17,2.9491565227508545,0.7719313677619485,0.45618537068367004,-2.4929711520671844,2.4929711520671844,0.8453166635393911,False,4.598235607147217
1303,39627847656018117,0.8199668765695958,1,blue,powerlaw,17,2.9491565227508545,0.7719313677619485,0.46642625014816774,-2.4827302726026867,2.4827302726026867,0.8418441861088118,False,4.599338159038413
1303,39627847656018117,0.8199668765695958,1,red,constant,17,0.8177071809768677,0.12702654389774098,0.6790828704833984,-0.13862431049346924,0.13862431049346924,0.169528058109827,False,0.45728257298469543
1303,39627847656018117,0.8199668765695958,1,red,powerlaw,17,0.8177071809768677,0.12702654389774098,0.6702542048173756,-0.14745297615949204,0.14745297615949204,0.1803249128659216,False,0.46575715799696826
12926,39627787761354079,0.6923397802733819,1,blue,constant,18,-0.056328289210796356,0.11643580595652263,-0.025757811963558197,0.03057047724723816,0.03057047724723816,,True,0.3148568868637085
12926,39627787761354079,0.6923397802733819,1,blue,powerlaw,18,-0.056328289210796356,0.11643580595652263,0.04432606714621921,0.10065435635701556,0.10065435635701556,,False,0.32897219283953955
12926,39627787761354079,0.6923397802733819,1,red,constant,18,1.1897826194763184,0.022574308845731948,1.1831943988800049,-0.0065882205963134766,0.0065882205963134766,0.00553733134815272,False,0.101615309715271
12926,39627787761354079,0.6923397802733819,1,red,powerlaw,18,1.1897826194763184,0.022574308845731948,1.265985471508574,0.07620285203225574,0.07620285203225574,0.06404770987980674,False,0.1258754772136014
12750,39627793801153076,0.6898674016142236,1,blue,constant,18,-2.285337448120117,3.095479965209961,5.250903129577637,7.536240577697754,7.536240577697754,,False,18.85285758972168
12750,39627793801153076,0.6898674016142236,1,blue,powerlaw,18,-2.285337448120117,3.095479965209961,6.475348270866326,8.760685718986444,8.760685718986444,,False,19.35953255797572
12750,39627793801153076,0.6898674016142236,1,red,constant,18,-0.5107067823410034,0.526546319325765,-0.49735069274902344,0.01335608959197998,0.01335608959197998,,True,2.0491461753845215
12750,39627793801153076,0.6898674016142236,1,red,powerlaw,18,-0.5107067823410034,0.526546319325765,0.4642904395809041,0.9749972219219075,0.9749972219219075,,False,2.2613713542880522
3053,39627811392061733,0.6712688338591942,1,blue,constant,18,0.32696333527565,0.11614216698540582,0.3694349527359009,0.042471617460250854,0.042471617460250854,,False,0.47844672203063965
3053,39627811392061733,0.6712688338591942,1,blue,powerlaw,18,0.32696333527565,0.11614216698540582,0.330743845277196,0.0037805100015460003,0.0037805100015460003,,False,0.47732447574317927
3053,39627811392061733,0.6712688338591942,1,red,constant,18,1.1560415029525757,0.019301356540785894,1.1254839897155762,-0.03055751323699951,0.03055751323699951,0.02643288598112993,False,0.11475691199302673
3053,39627811392061733,0.6712688338591942,1,red,powerlaw,18,1.1560415029525757,0.019301356540785894,1.1462561058099945,-0.009785397142581198,0.009785397142581198,0.008464572524073666,False,0.11146663174366707
6273,39627823471657163,0.6762210513290233,1,blue,constant,18,-0.2714827358722687,0.18953680992126465,0.1538086235523224,0.42529135942459106,0.42529135942459106,,False,0.614059329032898
6273,39627823471657163,0.6762210513290233,1,blue,powerlaw,18,-0.2714827358722687,0.18953680992126465,0.041262530721173044,0.3127452665934417,0.3127452665934417,,False,0.541508955840574
6273,39627823471657163,0.6762210513290233,1,red,constant,18,1.202268123626709,0.02155345016055637,1.1317219734191895,-0.07054615020751953,0.07054615020751953,0.0586775518881039,False,0.1318185031414032
6273,39627823471657163,0.6762210513290233,1,red,powerlaw,18,1.202268123626709,0.02155345016055637,1.2362599187824264,0.033991795155717375,0.033991795155717375,0.02827305697266532,False,0.11982725918065175
7936,39627823488434987,0.6816057635438638,1,blue,constant,18,2.3512065410614014,0.3878243764241536,2.541339874267578,0.19013333320617676,0.19013333320617676,0.08086628285762815,False,1.506413459777832
7936,39627823488434987,0.6816057635438638,1,blue,powerlaw,18,2.3512065410614014,0.3878243764241536,3.39969376953755,1.0484872284761488,1.0484872284761488,0.44593582493302864,False,1.718744504907968
7936,39627823488434987,0.6816057635438638,1,red,constant,18,0.6752538084983826,0.04800829622480604,0.7375818490982056,0.062328040599823,0.062328040599823,0.09230313078637348,False,0.2346266657114029
7936,39627823488434987,0.6816057635438638,1,red,powerlaw,18,0.6752538084983826,0.04800829622480604,0.8212191841198176,0.14596537562143508,0.14596537562143508,0.21616372064014017,False,0.27032140113405484
3362,39627811392062310,0.7859042597820358,1,blue,constant,17,0.6408456563949585,0.29616350286147175,-0.0480838268995285,-0.688929483294487,0.688929483294487,,True,1.8721880912780762
3362,39627811392062310,0.7859042597820358,1,blue,powerlaw,17,0.6408456563949585,0.29616350286147175,0.08617843950908204,-0.5546672168858765,0.5546672168858765,,False,1.8270723183960946
3362,39627811392062310,0.7859042597820358,1,red,constant,17,1.0356533527374268,0.02752022708163542,1.0140658617019653,-0.021587491035461426,0.021587491035461426,0.02084432110261761,False,0.10497140139341354
3362,39627811392062310,0.7859042597820358,1,red,powerlaw,17,1.0356533527374268,0.02752022708163542,0.9239125496618966,-0.11174080307553014,0.11174080307553014,0.1078940195386595,False,0.1518907868898327
505,39627568990652583,0.8043804624625088,1,blue,constant,17,0.2706935703754425,0.22427435482249541,0.23825372755527496,-0.03243984282016754,0.03243984282016754,,False,1.0739312171936035
505,39627568990652583,0.8043804624625088,1,blue,powerlaw,17,0.2706935703754425,0.22427435482249541,0.12667618230678163,-0.14401738806866088,0.14401738806866088,,False,1.0836602819030805
505,39627568990652583,0.8043804624625088,1,red,constant,17,1.3698225021362305,0.03723398026298074,1.2639200687408447,-0.10590243339538574,0.10590243339538574,0.0773110627327493,False,0.2021661400794983
505,39627568990652583,0.8043804624625088,1,red,powerlaw,17,1.3698225021362305,0.03723398026298074,1.2336458411334015,-0.136176661002829,0.136176661002829,0.09941190248405342,False,0.21973333287541563
11312,39627853662261123,0.847789026514961,1,blue,constant,17,1.4446001052856445,0.341703779557172,1.6279120445251465,0.18331193923950195,0.18331193923950195,0.1268945908066753,False,1.7261302471160889
11312,39627853662261123,0.847789026514961,1,blue,powerlaw,17,1.4446001052856445,0.341703779557172,1.8287803875210908,0.3841802822354463,0.3841802822354463,0.26594230529941804,False,1.7772123838826839
11312,39627853662261123,0.847789026514961,1,red,constant,17,0.7316101789474487,0.05343990816789515,0.8641355037689209,0.13252532482147217,0.13252532482147217,0.18114199150718951,False,0.25129076838493347
11312,39627853662261123,0.847789026514961,1,red,powerlaw,17,0.7316101789474487,0.05343990816789515,0.787674216690295,0.056064037742846295,0.056064037742846295,0.0766310247671846,False,0.2206365615354951
5982,39627841586856683,0.6792224771234546,1,blue,constant,18,0.34142541885375977,0.12407092253367107,0.37034863233566284,0.028923213481903076,0.028923213481903076,,False,0.37493765354156494
5982,39627841586856683,0.6792224771234546,1,blue,powerlaw,18,0.34142541885375977,0.12407092253367107,0.3456551209726418,0.004229702118882017,0.004229702118882017,,False,0.37448190862736247
5982,39627841586856683,0.6792224771234546,1,red,constant,18,1.096635341644287,0.026997256610128615,1.114502191543579,0.017866849899291992,0.017866849899291992,0.01629242576890014,False,0.1303899884223938
5982,39627841586856683,0.6792224771234546,1,red,powerlaw,18,1.096635341644287,0.026997256610128615,1.171303331976203,0.07466799033191585,0.07466799033191585,0.06808825823537586,False,0.1495833593465654
3720,39627811396257290,0.6286389886772166,1,blue,constant,19,0.06745552271604538,0.07612573473077071,0.19264085590839386,0.12518533319234848,0.12518533319234848,,False,0.34213167428970337
3720,39627811396257290,0.6286389886772166,1,blue,powerlaw,19,0.06745552271604538,0.07612573473077071,0.08345003301284674,0.015994510296801365,0.015994510296801365,,False,0.31956472238479455
3720,39627811396257290,0.6286389886772166,1,red,constant,19,1.2251100540161133,0.013845178641771016,1.2797443866729736,0.05463433265686035,0.05463433265686035,0.0445954487743856,False,0.12429588288068771
3720,39627811396257290,0.6286389886772166,1,red,powerlaw,19,1.2251100540161133,0.013845178641771016,1.2741346710039805,0.0490246169878672,0.0490246169878672,0.040016500417375894,False,0.11618523077664965
1408,39627841628803655,0.6036013006603506,1,blue,constant,19,-0.04597087576985359,0.07895741337224056,0.12879356741905212,0.17476444318890572,0.17476444318890572,,False,0.4256751537322998
1408,39627841628803655,0.6036013006603506,1,blue,powerlaw,19,-0.04597087576985359,0.07895741337224056,0.13606061690445392,0.18203149267430752,0.18203149267430752,,False,0.42913167061013613
1408,39627841628803655,0.6036013006603506,1,red,constant,19,1.1924543380737305,0.014065893072831003,1.185590386390686,-0.006863951683044434,0.006863951683044434,0.005756154733884686,False,0.07152813673019409
1408,39627841628803655,0.6036013006603506,1,red,powerlaw,19,1.1924543380737305,0.014065893072831003,1.2298827267999795,0.037428388726248984,0.037428388726248984,0.03138769136159137,False,0.08112632709328944
2383,39627835584807017,0.7397877804687701,1,blue,constant,18,2.820918083190918,0.5727425151401095,2.5488247871398926,-0.2720932960510254,0.2720932960510254,0.09645558219941061,False,2.238790512084961
2383,39627835584807017,0.7397877804687701,1,blue,powerlaw,18,2.820918083190918,0.5727425151401095,2.849740400292796,0.028822317101877992,0.028822317101877992,0.010217353447312888,False,2.20671592145024
2383,39627835584807017,0.7397877804687701,1,red,constant,18,0.6581278443336487,0.08139422867033216,0.714285671710968,0.056157827377319336,0.056157827377319336,0.08532966331819446,False,0.3639794588088989
2383,39627835584807017,0.7397877804687701,1,red,powerlaw,18,0.6581278443336487,0.08139422867033216,0.6967157358501844,0.038587891516535744,0.038587891516535744,0.058632820125709466,False,0.36271399066459087
7117,39627841607832463,0.8672293530720755,1,blue,constant,17,2.139647960662842,0.634097323698156,1.2045373916625977,-0.9351105690002441,0.9351105690002441,0.43703945050407084,False,1.621002435684204
7117,39627841607832463,0.8672293530720755,1,blue,powerlaw,17,2.139647960662842,0.634097323698156,1.6748008458391106,-0.4648471148237312,0.4648471148237312,0.21725401718875575,False,1.4043004997412813
7117,39627841607832463,0.8672293530720755,1,red,constant,17,0.6456957459449768,0.11852568738600787,1.1712435483932495,0.5255478024482727,0.5255478024482727,0.8139248334045203,False,0.6821106672286987
7117,39627841607832463,0.8672293530720755,1,red,powerlaw,17,0.6456957459449768,0.11852568738600787,1.1667881774857483,0.5210924315407715,0.5210924315407715,0.8070247245909168,False,0.6812261109109088
7309,39627829536620564,0.8271397056548224,1,blue,constant,17,1.910321593284607,0.5774012172923368,2.5288209915161133,0.6184993982315063,0.6184993982315063,0.32376716067374733,False,1.9812740087509155
7309,39627829536620564,0.8271397056548224,1,blue,powerlaw,17,1.910321593284607,0.5774012172923368,2.711091021143907,0.8007694278593003,0.8007694278593003,0.4191804304962377,False,2.034672627232658
7309,39627829536620564,0.8271397056548224,1,red,constant,17,0.6409887671470642,0.1267407220952651,1.1280066967010498,0.4870179295539856,0.4870179295539856,0.7597916757911726,False,0.7375727295875549
7309,39627829536620564,0.8271397056548224,1,red,powerlaw,17,0.6409887671470642,0.1267407220952651,0.7990031356843302,0.15801436853726603,0.15801436853726603,0.24651659535402165,False,0.5698246842811711
6661,39627835551252971,0.8649042036900639,1,blue,constant,17,3.3871657848358154,0.6030985327327952,5.621535778045654,2.234369993209839,2.234369993209839,0.6596577006100528,False,4.54481315612793
6661,39627835551252971,0.8649042036900639,1,blue,powerlaw,17,3.3871657848358154,0.6030985327327952,6.724587809456457,3.3374220246206416,3.3374220246206416,0.9853140462040936,False,5.352143349330523
6661,39627835551252971,0.8649042036900639,1,red,constant,17,0.8704732656478882,0.06353079571443446,0.8902122974395752,0.01973903179168701,0.01973903179168701,0.02267620680687461,False,0.2284124195575714
6661,39627835551252971,0.8649042036900639,1,red,powerlaw,17,0.8704732656478882,0.06353079571443446,0.9477716565523124,0.07729839090442425,0.07729839090442425,0.08880041921435865,False,0.2402408595805517
5387,39627835542864766,0.7457406260368086,1,blue,constant,18,-0.33121249079704285,0.3444545269012451,0.17237988114356995,0.5035923719406128,0.5035923719406128,,False,2.390909194946289
5387,39627835542864766,0.7457406260368086,1,blue,powerlaw,18,-0.33121249079704285,0.3444545269012451,0.3292458846463813,0.6604583754434241,0.6604583754434241,,False,2.448936654306818
5387,39627835542864766,0.7457406260368086,1,red,constant,18,1.2169568538665771,0.0437048077583313,1.2857037782669067,0.06874692440032959,0.06874692440032959,0.05649084779127819,False,0.1836269497871399
5387,39627835542864766,0.7457406260368086,1,red,powerlaw,18,1.2169568538665771,0.0437048077583313,1.2146709693644808,-0.0022858845020963248,0.0022858845020963248,0.0018783611718307814,False,0.1702871909255765
5138,39627847647631192,0.8891692601841168,1,blue,constant,16,0.08260589838027954,0.14619971811771393,0.14536386728286743,0.06275796890258789,0.06275796890258789,,False,0.3766438663005829
5138,39627847647631192,0.8891692601841168,1,blue,powerlaw,16,0.08260589838027954,0.14619971811771393,0.08471774939643846,0.0021118510161589193,0.0021118510161589193,,False,0.3675737375997382
5138,39627847647631192,0.8891692601841168,1,red,constant,16,1.1264781951904297,0.036507122218608856,1.235396146774292,0.1089179515838623,0.1089179515838623,0.09668891244312977,False,0.1564466655254364
5138,39627847647631192,0.8891692601841168,1,red,powerlaw,16,1.1264781951904297,0.036507122218608856,1.1188727313793034,-0.007605463811126256,0.007605463811126256,0.006751541080509385,False,0.11342201191214932
12378,39627787761356923,0.612765756045482,1,blue,constant,19,0.36651864647865295,0.23142955177708677,0.21656891703605652,-0.14994972944259644,0.14994972944259644,,False,1.1190394163131714
12378,39627787761356923,0.612765756045482,1,blue,powerlaw,19,0.36651864647865295,0.23142955177708677,0.41873927969506947,0.05222063321641651,0.05222063321641651,,False,1.1077366864382272
12378,39627787761356923,0.612765756045482,1,red,constant,19,1.2236255407333374,0.039416874709882234,1.3491359949111938,0.12551045417785645,0.12551045417785645,0.10257260084865188,False,0.2640647292137146
12378,39627787761356923,0.612765756045482,1,red,powerlaw,19,1.2236255407333374,0.039416874709882234,1.4182395850099963,0.19461404427665885,0.19461404427665885,0.15904705957675883,False,0.31249073490165963
10688,39627853670646219,0.840763498437685,1,blue,constant,17,2.0326647758483887,0.7159878786872415,1.665955662727356,-0.3667091131210327,0.3667091131210327,,False,2.2480854988098145
10688,39627853670646219,0.840763498437685,1,blue,powerlaw,17,2.0326647758483887,0.7159878786872415,2.409305515701455,0.37664073985306645,0.37664073985306645,,False,2.2410365572642625
10688,39627853670646219,0.840763498437685,1,red,constant,17,1.2051985263824463,0.13032060510971966,1.2943205833435059,0.08912205696105957,0.08912205696105957,0.07394803014617894,False,0.5446257591247559
10688,39627853670646219,0.840763498437685,1,red,powerlaw,17,1.2051985263824463,0.13032060510971966,1.1823552924764147,-0.0228432339060316,0.0228432339060316,0.018953917886539752,False,0.5299515229067171
3552,39627817431864410,0.6292414473488471,1,blue,constant,19,0.1550285965204239,0.07478670070045873,0.15172234177589417,-0.003306254744529724,0.003306254744529724,,False,0.338846355676651
3552,39627817431864410,0.6292414473488471,1,blue,powerlaw,19,0.1550285965204239,0.07478670070045873,0.09657008192349985,-0.05845851459692404,0.05845851459692404,,False,0.34551370377161256
3552,39627817431864410,0.6292414473488471,1,red,constant,19,1.105299949645996,0.0093229530673278,1.1591410636901855,0.05384111404418945,0.05384111404418945,0.04871176739077353,False,0.07966578751802444
3552,39627817431864410,0.6292414473488471,1,red,powerlaw,19,1.105299949645996,0.0093229530673278,1.1398990757597296,0.0345991261137335,0.0345991261137335,0.031302929240895075,False,0.06763712736266514
11055,39627853666455233,0.8751707149373432,1,blue,constant,16,3.2360010147094727,0.5174387097358704,2.320319890975952,-0.9156811237335205,0.9156811237335205,0.2829668839939255,False,2.648620128631592
11055,39627853666455233,0.8751707149373432,1,blue,powerlaw,16,3.2360010147094727,0.5174387097358704,2.3655850785538926,-0.8704159361555801,0.8704159361555801,0.2689788823300866,False,2.590947549604546
11055,39627853666455233,0.8751707149373432,1,red,constant,16,0.7440445423126221,0.05080375447869301,0.9800512194633484,0.23600667715072632,0.23600667715072632,0.3171942857307653,False,0.28448426723480225
11055,39627853666455233,0.8751707149373432,1,red,powerlaw,16,0.7440445423126221,0.05080375447869301,0.8715665483904095,0.1275220060777874,0.1275220060777874,0.17139028488996969,False,0.20987508808346195
39,39627563030545148,1.187620920148387,2,blue,constant,14,4.584777355194092,1.6023236683436803,2.4245965480804443,-2.1601808071136475,2.1601808071136475,,False,7.338589668273926
39,39627563030545148,1.187620920148387,2,blue,powerlaw,14,4.584777355194092,1.6023236683436803,2.211279864173463,-2.373497491020629,2.373497491020629,,False,7.367519872626143
39,39627563030545148,1.187620920148387,2,red,constant,14,0.8682271838188171,0.1599027259009225,1.4229705333709717,0.5547433495521545,0.5547433495521545,0.638938010570191,False,0.8899444341659546
39,39627563030545148,1.187620920148387,2,red,powerlaw,14,0.8682271838188171,0.1599027259009225,1.4681654002294195,0.5999382164106024,0.5999382164106024,0.690992205256497,False,0.8981522074337528
1782,39627847664402774,1.015670825924322,2,blue,constant,15,2.985506296157837,0.5442760467529297,2.2679097652435303,-0.7175965309143066,0.7175965309143066,0.24036007957437883,False,2.8488729000091553
1782,39627847664402774,1.015670825924322,2,blue,powerlaw,15,2.985506296157837,0.5442760467529297,2.446212794311821,-0.5392935018460161,0.5392935018460161,0.18063720131491723,False,2.803723279571539
1782,39627847664402774,1.015670825924322,2,red,constant,15,1.0978721380233765,0.07042364279429118,1.1315290927886963,0.033656954765319824,0.033656954765319824,0.030656534217104965,False,0.9860094785690308
1782,39627847664402774,1.015670825924322,2,red,powerlaw,15,1.0978721380233765,0.07042364279429118,0.7738225305664123,-0.3240496074569642,0.3240496074569642,0.29516151857208744,False,1.0444290243545422
6656,39627835551254721,0.9518519753672792,2,blue,constant,16,0.528023362159729,0.16383904218673706,0.7852285504341125,0.25720518827438354,0.25720518827438354,0.487109485501473,False,0.8569568395614624
6656,39627835551254721,0.9518519753672792,2,blue,powerlaw,16,0.528023362159729,0.16383904218673706,0.9622352817340492,0.43421191957432015,0.43421191957432015,0.8223346743566423,False,0.9330690543062702
6656,39627835551254721,0.9518519753672792,2,red,constant,16,1.2327051162719727,0.020608892664313316,1.2925090789794922,0.05980396270751953,0.05980396270751953,0.048514411044534786,False,0.10121296346187592
6656,39627835551254721,0.9518519753672792,2,red,powerlaw,16,1.2327051162719727,0.020608892664313316,1.3222968879861197,0.089591771714147,0.089591771714147,0.07267899721637912,False,0.12057032151677863
2335,39627835584807031,1.137429445148225,2,blue,constant,15,4.986304759979248,0.9425087610880534,3.8274950981140137,-1.1588096618652344,1.1588096618652344,0.2323984829740044,False,4.7208051681518555
2335,39627835584807031,1.137429445148225,2,blue,powerlaw,15,4.986304759979248,0.9425087610880534,5.0576712495206,0.07136648954135172,0.07136648954135172,0.0143125005342932,False,4.4999024147781865
2335,39627835584807031,1.137429445148225,2,red,constant,15,0.8602085113525391,0.15976600646972655,0.8207504749298096,-0.03945803642272949,0.03945803642272949,0.045870316210529116,False,0.6726672053337097
2335,39627835584807031,1.137429445148225,2,red,powerlaw,15,0.8602085113525391,0.15976600646972655,0.748105003363572,-0.11210350798896707,0.11210350798896707,0.13032131920283188,False,0.6732028082795656
6219,39627841582666273,0.97621719096545,2,blue,constant,16,3.5648906230926514,0.9180734157562256,2.4170315265655518,-1.1478590965270996,1.1478590965270996,0.32198999012522206,False,3.2157890796661377
6219,39627841582666273,0.97621719096545,2,blue,powerlaw,16,3.5648906230926514,0.9180734157562256,1.7654820065282126,-1.7994086165644387,1.7994086165644387,0.5047584363201014,False,3.4824302141152184
6219,39627841582666273,0.97621719096545,2,red,constant,16,1.70534086227417,0.13578028976917267,0.8650022745132446,-0.8403385877609253,0.8403385877609253,0.49276869296398934,False,1.2328615188598633
6219,39627841582666273,0.97621719096545,2,red,powerlaw,16,1.70534086227417,0.13578028976917267,0.8109206111015261,-0.8944202511726438,0.8944202511726438,0.5244818035849343,False,1.2718091922056984
1106,39627835580615684,1.0876133908280212,2,blue,constant,15,0.49206504225730896,0.14745869636535644,0.3449064791202545,-0.14715856313705444,0.14715856313705444,0.2990632345308993,False,0.5562958717346191
1106,39627835580615684,1.0876133908280212,2,blue,powerlaw,15,0.49206504225730896,0.14745869636535644,0.5186371274999945,0.026572085242685506,0.026572085242685506,0.054001164400519476,False,0.5560479177322325
1106,39627835580615684,1.0876133908280212,2,red,constant,15,1.3197191953659058,0.030713075399398805,1.2026183605194092,-0.11710083484649658,0.11710083484649658,0.0887316296206703,False,0.1484186053276062
1106,39627835580615684,1.0876133908280212,2,red,powerlaw,15,1.3197191953659058,0.030713075399398805,1.2794828578273987,-0.04023633753850708,0.04023633753850708,0.030488559748008473,False,0.09405876430127755
5282,39627853683230660,1.0283830604137831,2,blue,constant,15,2.7148232460021973,0.49294970830281576,2.679279088973999,-0.03554415702819824,0.03554415702819824,0.01309262291036441,False,1.2676665782928467
5282,39627853683230660,1.0283830604137831,2,blue,powerlaw,15,2.7148232460021973,0.49294970830281576,2.930320235285059,0.21549698928286176,0.21549698928286176,0.07937790778836117,False,1.315206242139724
5282,39627853683230660,1.0283830604137831,2,red,constant,15,0.9884936809539795,0.07041811943054199,1.0231897830963135,0.034696102142333984,0.034696102142333984,0.03509997363751413,False,0.21152175962924957
5282,39627853683230660,1.0283830604137831,2,red,powerlaw,15,0.9884936809539795,0.07041811943054199,0.9728105178843512,-0.015683163069628248,0.015683163069628248,0.015865719095434862,False,0.20833662315806464
12454,39627787752967519,0.930494552879961,2,blue,constant,16,3.269399404525757,0.2466481328010559,2.368412494659424,-0.900986909866333,0.900986909866333,0.27558178074514755,False,1.2979741096496582
12454,39627787752967519,0.930494552879961,2,blue,powerlaw,16,3.269399404525757,0.2466481328010559,2.7670071706271973,-0.5023922338985596,0.5023922338985596,0.15366499217046078,False,1.009199089065188
12454,39627787752967519,0.930494552879961,2,red,constant,16,1.378875732421875,0.041231077164411545,0.8300573825836182,-0.5488183498382568,0.5488183498382568,0.3980187169399996,False,1.748719573020935
12454,39627787752967519,0.930494552879961,2,red,powerlaw,16,1.378875732421875,0.041231077164411545,0.8921754049192361,-0.4867003275026389,0.4867003275026389,0.3529689558375157,False,1.729909775340825
7492,39627829532426536,1.1211715576197272,2,blue,constant,15,4.47291898727417,0.6798935572306315,3.379879951477051,-1.0930390357971191,1.0930390357971191,0.24436817185978707,False,2.3207972049713135
7492,39627829532426536,1.1211715576197272,2,blue,powerlaw,15,4.47291898727417,0.6798935572306315,3.8208040893217867,-0.6521148979523832,0.6521148979523832,0.1457917972151306,False,2.1399150033516956
7492,39627829532426536,1.1211715576197272,2,red,constant,15,1.0069843530654907,0.10557645956675211,0.9389007091522217,-0.06808364391326904,0.06808364391326904,0.06761142187165754,False,0.2629159688949585
7492,39627829532426536,1.1211715576197272,2,red,powerlaw,15,1.0069843530654907,0.10557645956675211,0.8942966898316871,-0.11268766323380364,0.11268766323380364,0.11190607171874778,False,0.2809163154556917
3049,39627805356462519,1.168746704717308,2,blue,constant,14,1.6316155195236206,0.7470907483782087,2.2827816009521484,0.6511660814285278,0.6511660814285278,,False,2.3032033443450928
3049,39627805356462519,1.168746704717308,2,blue,powerlaw,14,1.6316155195236206,0.7470907483782087,2.3964945322570617,0.764879012733441,0.764879012733441,,False,2.34892122564999
3049,39627805356462519,1.168746704717308,2,red,constant,14,0.7751868367195129,0.09305953979492188,0.9931203126907349,0.21793347597122192,0.21793347597122192,0.28113670878815133,False,0.35630175471305847
3049,39627805356462519,1.168746704717308,2,red,powerlaw,14,0.7751868367195129,0.09305953979492188,0.985959179816063,0.21077234309655002,0.21077234309655002,0.2718987644172473,False,0.35205419038894736
1086,39627835584808392,0.9465040133277376,2,blue,constant,16,-0.03879578039050102,0.1758594810962677,0.05575054511427879,0.09454632550477982,0.09454632550477982,,False,0.4791984558105469
1086,39627835584808392,0.9465040133277376,2,blue,powerlaw,16,-0.03879578039050102,0.1758594810962677,0.18050334254223854,0.21929912293273957,0.21929912293273957,,False,0.5181411944345564
1086,39627835584808392,0.9465040133277376,2,red,constant,16,1.2104220390319824,0.034107424318790436,1.2217718362808228,0.011349797248840332,0.011349797248840332,0.009376727193365686,False,0.13947997987270355
1086,39627835584808392,0.9465040133277376,2,red,powerlaw,16,1.2104220390319824,0.034107424318790436,1.2904764057332285,0.0800543667012461,0.0800543667012461,0.06613756534478539,False,0.1661737673429556
5256,39627853679038363,0.9400349242052684,2,blue,constant,16,4.290487289428711,0.6879136562347412,3.6218347549438477,-0.6686525344848633,0.6686525344848633,0.15584535960107598,False,3.144927740097046
5256,39627853679038363,0.9400349242052684,2,blue,powerlaw,16,4.290487289428711,0.6879136562347412,3.892920269948393,-0.3975670194803178,0.3975670194803178,0.09266243963940396,False,3.105830898314832
5256,39627853679038363,0.9400349242052684,2,red,constant,16,1.4244840145111084,0.10691742599010468,0.5720766186714172,-0.8524073958396912,0.8524073958396912,0.59839730537955,False,2.335785388946533
5256,39627853679038363,0.9400349242052684,2,red,powerlaw,16,1.4244840145111084,0.10691742599010468,0.6602574610609073,-0.7642265534502011,0.7642265534502011,0.5364935974465732,False,2.307795936431019
4623,39627865771213426,0.903577701343822,2,blue,constant,16,1.2581491470336914,0.5665652751922607,2.000779151916504,0.7426300048828125,0.7426300048828125,,False,2.256575584411621
4623,39627865771213426,0.903577701343822,2,blue,powerlaw,16,1.2581491470336914,0.5665652751922607,2.2131216279775487,0.9549724809438573,0.9549724809438573,,False,2.3855236305977474
4623,39627865771213426,0.903577701343822,2,red,constant,16,0.8187706470489502,0.0521971695125103,0.8019781708717346,-0.016792476177215576,0.016792476177215576,0.020509377366836206,False,0.4702065885066986
4623,39627865771213426,0.903577701343822,2,red,powerlaw,16,0.8187706470489502,0.0521971695125103,0.7469494440828542,-0.07182120296609595,0.07182120296609595,0.08771834118010599,False,0.46876230953000303
3444,39627823480047130,0.9720678957513924,2,blue,constant,16,-0.3530403673648834,0.5288304686546326,0.21891404688358307,0.5719544142484665,0.5719544142484665,,False,2.23732852935791
3444,39627823480047130,0.9720678957513924,2,blue,powerlaw,16,-0.3530403673648834,0.5288304686546326,7.633975999313483e-05,0.3531167071248766,0.3531167071248766,,False,2.1915914185640437
3444,39627823480047130,0.9720678957513924,2,red,constant,16,0.9758574366569519,0.052736539393663406,1.0758596658706665,0.1000022292137146,0.1000022292137146,0.1024762690299289,False,0.40432047843933105
3444,39627823480047130,0.9720678957513924,2,red,powerlaw,16,0.9758574366569519,0.052736539393663406,0.8678699327069763,-0.10798750394997558,0.10798750394997558,0.11065909823868768,False,0.40118182851833617
5604,39627823467465130,1.1722678458171802,2,blue,constant,14,4.59317684173584,0.8341699327741351,3.381995677947998,-1.2111811637878418,1.2111811637878418,0.26369138518300894,False,2.7156078815460205
5604,39627823467465130,1.1722678458171802,2,blue,powerlaw,14,4.59317684173584,0.8341699327741351,3.9746354589452997,-0.6185413827905402,0.6185413827905402,0.1346652663512043,False,2.4391543578577055
5604,39627823467465130,1.1722678458171802,2,red,constant,14,0.7640470862388611,0.1300810490335737,1.0182245969772339,0.2541775107383728,0.2541775107383728,0.3326725738718546,False,0.5694540143013
5604,39627823467465130,1.1722678458171802,2,red,powerlaw,14,0.7640470862388611,0.1300810490335737,0.910715163895336,0.14666807765647494,0.14666807765647494,0.19196209277947912,False,0.5296359413824245
3911,39627823484242731,1.0310543991164305,2,blue,constant,15,1.7341196537017822,0.4668789227803548,1.712493658065796,-0.021625995635986328,0.021625995635986328,0.012470878575086703,False,2.022740602493286
3911,39627823484242731,1.0310543991164305,2,blue,powerlaw,15,1.7341196537017822,0.4668789227803548,2.1603111785913156,0.4261915248895334,0.4261915248895334,0.24576823403145964,False,2.104573860446627
3911,39627823484242731,1.0310543991164305,2,red,constant,15,1.0478509664535522,0.06169703801472982,0.7621272206306458,-0.2857237458229065,0.2857237458229065,0.27267593863079354,False,0.3534157872200012
3911,39627823484242731,1.0310543991164305,2,red,powerlaw,15,1.0478509664535522,0.06169703801472982,0.9818393391060467,-0.06601162734750554,0.06601162734750554,0.06299715270666939,False,0.21799030863702712
3448,39627811396258086,0.9556774731158286,2,blue,constant,16,-0.11867476999759674,0.47478681802749634,0.7716756463050842,0.890350416302681,0.890350416302681,,False,2.2047765254974365
3448,39627811396258086,0.9556774731158286,2,blue,powerlaw,16,-0.11867476999759674,0.47478681802749634,0.7097160890202516,0.8283908590178484,0.8283908590178484,,False,2.186084440064539
3448,39627811396258086,0.9556774731158286,2,red,constant,16,0.8502151966094971,0.047387171536684036,0.782467782497406,-0.06774741411209106,0.06774741411209106,0.07968266667339678,False,0.31177160143852234
3448,39627811396258086,0.9556774731158286,2,red,powerlaw,16,0.8502151966094971,0.047387171536684036,0.7840801373686233,-0.06613505924087382,0.06613505924087382,0.07778625870792283,False,0.3137815934072998
5019,39627859735610583,1.169080471568952,2,blue,constant,14,3.9422523975372314,0.3258818898882185,2.746828556060791,-1.1954238414764404,1.1954238414764404,0.3032337153813984,False,1.571620225906372
5019,39627859735610583,1.169080471568952,2,blue,powerlaw,14,3.9422523975372314,0.3258818898882185,2.8982342977793283,-1.0440180997579032,1.0440180997579032,0.264827817825696,False,1.4529445789717355
5019,39627859735610583,1.169080471568952,2,red,constant,14,0.8074056506156921,0.05755164793559483,0.9145238995552063,0.10711824893951416,0.10711824893951416,0.13266967955677605,False,0.20578782260417938
5019,39627859735610583,1.169080471568952,2,red,powerlaw,14,0.8074056506156921,0.05755164793559483,0.9639031285843204,0.15649747796862823,0.15649747796862823,0.19382757335088022,False,0.23101956921069336
6169,39627829507261172,1.1309918380523147,2,blue,constant,15,7.341940402984619,1.7437268575032552,4.632390022277832,-2.709550380706787,2.709550380706787,0.36905099088046406,False,5.211822986602783
6169,39627829507261172,1.1309918380523147,2,blue,powerlaw,15,7.341940402984619,1.7437268575032552,5.690649491011709,-1.65129091197291,1.65129091197291,0.22491205612369627,False,4.701663846925896
6169,39627829507261172,1.1309918380523147,2,red,constant,15,-0.19397427141666412,0.23438817660013836,0.6562961339950562,0.8502704054117203,0.8502704054117203,,False,1.4663363695144653
6169,39627829507261172,1.1309918380523147,2,red,powerlaw,15,-0.19397427141666412,0.23438817660013836,0.8016311450884007,0.9956054165050648,0.9956054165050648,,False,1.54467091674968
6874,39627829515650745,0.9853310291504384,2,blue,constant,16,2.342979907989502,0.45746269822120667,1.6306297779083252,-0.7123501300811768,0.7123501300811768,0.3040359533823064,False,1.7566813230514526
6874,39627829515650745,0.9853310291504384,2,blue,powerlaw,16,2.342979907989502,0.45746269822120667,1.7384488238413378,-0.6045310841481641,0.6045310841481641,0.2580180402259228,False,1.712745349280738
6874,39627829515650745,0.9853310291504384,2,red,constant,16,1.0842792987823486,0.06872675567865372,0.8331676125526428,-0.2511116862297058,0.2511116862297058,0.23159317577279726,False,0.43317726254463196
6874,39627829515650745,0.9853310291504384,2,red,powerlaw,16,1.0842792987823486,0.06872675567865372,0.9351483229351651,-0.1491309758471835,0.1491309758471835,0.13753926319045134,False,0.3831777141383616
6494,39627823471657785,0.9855442523809836,2,blue,constant,16,0.12712177634239197,0.12946097552776337,0.10620821267366409,-0.020913563668727875,0.020913563668727875,,False,0.4224720299243927
6494,39627823471657785,0.9855442523809836,2,blue,powerlaw,16,0.12712177634239197,0.12946097552776337,0.23273315769924224,0.10561138135685028,0.10561138135685028,,False,0.4430891182016598
6494,39627823471657785,0.9855442523809836,2,red,constant,16,1.3767876625061035,0.027285955846309662,1.2844418287277222,-0.09234583377838135,0.09234583377838135,0.06707340303317975,False,0.20256319642066956
6494,39627823471657785,0.9855442523809836,2,red,powerlaw,16,1.3767876625061035,0.027285955846309662,1.476290053954748,0.09950239144864459,0.09950239144864459,0.07227141421904155,False,0.19161204716219038
12195,39627787765548684,1.1763157656078629,2,blue,constant,14,1.665344476699829,0.975780759538923,2.3941476345062256,0.7288031578063965,0.7288031578063965,,False,2.3521482944488525
12195,39627787765548684,1.1763157656078629,2,blue,powerlaw,14,1.665344476699829,0.975780759538923,2.723202445720204,1.0578579690203749,1.0578579690203749,,False,2.5436109140587653
12195,39627787765548684,1.1763157656078629,2,red,constant,14,0.19199593365192413,0.15932961872645787,0.699745774269104,0.5077498406171799,0.5077498406171799,,False,0.905848503112793
12195,39627787765548684,1.1763157656078629,2,red,powerlaw,14,0.19199593365192413,0.15932961872645787,0.6422909766791951,0.45029504302727097,0.45029504302727097,,False,0.8687546485573794
5471,39627835538673110,1.186473349652791,2,blue,constant,14,2.3813316822052,0.921623774937221,2.2016794681549072,-0.17965221405029297,0.17965221405029297,,False,2.8331310749053955
5471,39627835538673110,1.186473349652791,2,blue,powerlaw,14,2.3813316822052,0.921623774937221,1.4820556358296761,-0.899276046375524,0.899276046375524,,False,2.961339616997982
5471,39627835538673110,1.186473349652791,2,red,constant,14,0.6652105450630188,0.14715846947261266,0.7696222066879272,0.10441166162490845,0.10441166162490845,0.156960322411932,False,0.4105161428451538
5471,39627835538673110,1.186473349652791,2,red,powerlaw,14,0.6652105450630188,0.14715846947261266,0.943849828681269,0.2786392836182502,0.2786392836182502,0.4188738222600685,False,0.4829312032402336
2411,39627841616220404,0.9860407703406344,2,blue,constant,16,0.06285955011844635,0.2829609513282776,0.28979960083961487,0.22694005072116852,0.22694005072116852,,False,1.0721544027328491
2411,39627841616220404,0.9860407703406344,2,blue,powerlaw,16,0.06285955011844635,0.2829609513282776,0.40691808640905824,0.3440585362906119,0.3440585362906119,,False,1.0893231015003408
2411,39627841616220404,0.9860407703406344,2,red,constant,16,1.1132087707519531,0.04848530516028404,1.1463383436203003,0.03312957286834717,0.03312957286834717,0.02976043105191196,False,0.15148892998695374
2411,39627841616220404,0.9860407703406344,2,red,powerlaw,16,1.1132087707519531,0.04848530516028404,1.3313992341362328,0.21819046338427972,0.21819046338427972,0.19600138726619615,False,0.26725746394328637
9530,39627841595244763,0.9458196521678004,2,blue,constant,16,-0.07989722490310669,0.23856627941131592,0.10529789328575134,0.18519511818885803,0.18519511818885803,,False,0.9583198428153992
9530,39627841595244763,0.9458196521678004,2,blue,powerlaw,16,-0.07989722490310669,0.23856627941131592,0.1217089789151606,0.20160620381826727,0.20160620381826727,,False,0.9638741971640492
9530,39627841595244763,0.9458196521678004,2,red,constant,16,1.2406381368637085,0.03359592705965042,1.3720639944076538,0.1314258575439453,0.1314258575439453,0.10593407830923646,False,0.22536851465702057
9530,39627841595244763,0.9458196521678004,2,red,powerlaw,16,1.2406381368637085,0.03359592705965042,1.4376844043755281,0.19704626751181964,0.19704626751181964,0.15882654390259676,False,0.2742920611925354
5235,39627853683231385,1.1475439273508046,2,blue,constant,14,1.3815652132034302,0.9359655380249023,3.0691866874694824,1.6876214742660522,1.6876214742660522,,False,3.8530094623565674
5235,39627853683231385,1.1475439273508046,2,blue,powerlaw,14,1.3815652132034302,0.9359655380249023,3.2556157040603884,1.8740504908569582,1.8740504908569582,,False,3.968621824729975
5235,39627853683231385,1.1475439273508046,2,red,constant,14,0.7200914621353149,0.16525135721479142,0.8316583633422852,0.11156690120697021,0.11156690120697021,0.15493434802870262,False,0.6917435526847839
5235,39627853683231385,1.1475439273508046,2,red,powerlaw,14,0.7200914621353149,0.16525135721479142,0.7245803527021384,0.004488890566823445,0.004488890566823445,0.006233778350200632,False,0.6732505137810875
2855,39627811404646966,1.0779353471456994,2,blue,constant,15,6.307648181915283,1.1305072784423829,2.407703399658203,-3.89994478225708,3.89994478225708,0.6182882541608214,False,4.8193206787109375
2855,39627811404646966,1.0779353471456994,2,blue,powerlaw,15,6.307648181915283,1.1305072784423829,2.909699782971437,-3.3979483989438464,3.3979483989438464,0.5387029049410422,False,4.34395689524466
2855,39627811404646966,1.0779353471456994,2,red,constant,15,0.8802902698516846,0.16406612396240233,0.8497982025146484,-0.030492067337036133,0.030492067337036133,0.034638650887477807,False,0.5384835600852966
2855,39627811404646966,1.0779353471456994,2,red,powerlaw,15,0.8802902698516846,0.16406612396240233,0.8274756995549339,-0.05281457029675063,0.05281457029675063,0.059996767095527564,False,0.5372253082428876
11052,39627853666454292,0.9581699887978288,2,blue,constant,16,1.3914589881896973,0.47056224942207336,1.1755468845367432,-0.2159121036529541,0.2159121036529541,,False,1.8115530014038086
11052,39627853666454292,0.9581699887978288,2,blue,powerlaw,16,1.3914589881896973,0.47056224942207336,0.864305889735296,-0.5271530984544013,0.5271530984544013,,False,1.8642228466736632
11052,39627853666454292,0.9581699887978288,2,red,constant,16,0.9136471748352051,0.045228034257888794,1.0701794624328613,0.15653228759765625,0.15653228759765625,0.17132684466067555,False,0.3872198164463043
11052,39627853666454292,0.9581699887978288,2,red,powerlaw,16,0.9136471748352051,0.045228034257888794,0.8111826754734257,-0.10246449936177937,0.10246449936177937,0.11214887123167752,False,0.36788484690113626
1680,39627835584811400,0.9262710409805688,2,blue,constant,16,-2.1713035106658936,1.1904654502868652,-0.894527792930603,1.2767757177352905,1.2767757177352905,,True,4.411215305328369
1680,39627835584811400,0.9262710409805688,2,blue,powerlaw,16,-2.1713035106658936,1.1904654502868652,0.29523852911813725,2.4665420397840307,2.4665420397840307,,False,4.872560187504933
1680,39627835584811400,0.9262710409805688,2,red,constant,16,0.8124107122421265,0.15125614404678345,0.7407657504081726,-0.07164496183395386,0.07164496183395386,0.08818810578731166,False,0.9629876017570496
1680,39627835584811400,0.9262710409805688,2,red,powerlaw,16,0.8124107122421265,0.15125614404678345,0.6069356812968111,-0.20547503094531538,0.20547503094531538,0.2529201398369508,False,0.978929960081658
6183,39627835547059128,1.1304950835609242,2,blue,constant,15,2.7825748920440674,0.6315067927042644,2.6582982540130615,-0.12427663803100586,0.12427663803100586,0.044662459359615936,False,2.6495022773742676
6183,39627835547059128,1.1304950835609242,2,blue,powerlaw,15,2.7825748920440674,0.6315067927042644,2.70580794502573,-0.0767669470183372,0.0767669470183372,0.02758845673402326,False,2.609049388504599
6183,39627835547059128,1.1304950835609242,2,red,constant,15,0.801383376121521,0.08399665355682373,0.7185004949569702,-0.08288288116455078,0.08288288116455078,0.10342475728119234,False,0.37488672137260437
6183,39627835547059128,1.1304950835609242,2,red,powerlaw,15,0.801383376121521,0.08399665355682373,0.8947277059090232,0.09334432978750218,0.09334432978750218,0.11647899440997081,False,0.3754693673403834
11793,39627787757161272,1.1045108733521858,2,blue,constant,15,4.209640026092529,0.6169890721638998,2.5993189811706543,-1.610321044921875,1.610321044921875,0.3825317687357241,False,2.133193016052246
11793,39627787757161272,1.1045108733521858,2,blue,powerlaw,15,4.209640026092529,0.6169890721638998,3.233976795847495,-0.9756632302450341,0.9756632302450341,0.2317688030799783,False,1.6956449028907394
11793,39627787757161272,1.1045108733521858,2,red,constant,15,0.7921568155288696,0.08020431995391845,0.8156116008758545,0.023454785346984863,0.023454785346984863,0.02960876544541965,False,0.27731338143348694
11793,39627787757161272,1.1045108733521858,2,red,powerlaw,15,0.7921568155288696,0.08020431995391845,0.7647874813262202,-0.02736933420264942,0.02736933420264942,0.034550399196372206,False,0.2845419531189131
4166,39627829519843367,0.9900171343132308,2,blue,constant,16,1.7191333770751953,0.8268035054206848,1.7023437023162842,-0.016789674758911133,0.016789674758911133,,False,2.9791066646575928
4166,39627829519843367,0.9900171343132308,2,blue,powerlaw,16,1.7191333770751953,0.8268035054206848,2.4733010308050547,0.7541676537298594,0.7541676537298594,,False,3.0794570570932707
4166,39627829519843367,0.9900171343132308,2,red,constant,16,1.0914369821548462,0.1313195824623108,1.070867896080017,-0.0205690860748291,0.0205690860748291,0.018845876043359956,False,0.7937042713165283
4166,39627829519843367,0.9900171343132308,2,red,powerlaw,16,1.0914369821548462,0.1313195824623108,1.144677173885647,0.053240191730800746,0.053240191730800746,0.04877990447573762,False,0.7899181271492709
11251,39627859706251459,1.1962857837234917,2,blue,constant,14,2.4544451236724854,0.63202851159232,2.017202854156494,-0.4372422695159912,0.4372422695159912,0.1781430211247761,False,1.8825572729110718
11251,39627859706251459,1.1962857837234917,2,blue,powerlaw,14,2.4544451236724854,0.63202851159232,2.4221978985048325,-0.03224722516765288,0.03224722516765288,0.013138295436568036,False,1.8341607518130718
11251,39627859706251459,1.1962857837234917,2,red,constant,14,0.9857378005981445,0.1086762547492981,1.105806589126587,0.12006878852844238,0.12006878852844238,0.12180601013330805,False,0.579020619392395
11251,39627859706251459,1.1962857837234917,2,red,powerlaw,14,0.9857378005981445,0.1086762547492981,1.042076967256275,0.056339166658130546,0.056339166658130546,0.05715431286488558,False,0.5692257023209247
5336,39627865767019915,0.9051633786755404,2,blue,constant,16,1.4056682586669922,0.7640448808670044,1.7706259489059448,0.36495769023895264,0.36495769023895264,,False,2.8481945991516113
5336,39627865767019915,0.9051633786755404,2,blue,powerlaw,16,1.4056682586669922,0.7640448808670044,1.9925220244191773,0.5868537657521851,0.5868537657521851,,False,2.891523463882937
5336,39627865767019915,0.9051633786755404,2,red,constant,16,0.963920533657074,0.09755294770002365,1.1543042659759521,0.19038373231887817,0.19038373231887817,0.1975097797705069,False,0.8202087879180908
5336,39627865767019915,0.9051633786755404,2,red,powerlaw,16,0.963920533657074,0.09755294770002365,1.12991104012809,0.1659905064710161,0.1659905064710161,0.17220351748422155,False,0.8164857776985106
9631,39627859718833399,0.9525367578640784,2,blue,constant,16,1.9315968751907349,0.34731656312942505,1.3477625846862793,-0.5838342905044556,0.5838342905044556,0.30225472923629837,False,1.302247166633606
9631,39627859718833399,0.9525367578640784,2,blue,powerlaw,16,1.9315968751907349,0.34731656312942505,1.128427488510821,-0.8031693866799139,0.8031693866799139,0.41580590494618874,False,1.4195770571461153
9631,39627859718833399,0.9525367578640784,2,red,constant,16,0.8099961280822754,0.07299774140119553,0.9816224575042725,0.17162632942199707,0.17162632942199707,0.21188537015397205,False,0.505936324596405
9631,39627859718833399,0.9525367578640784,2,red,powerlaw,16,0.8099961280822754,0.07299774140119553,0.9022491741086549,0.09225304602637951,0.09225304602637951,0.11389319384130304,False,0.4814674788666912
12152,39627787769742381,1.1321042828030887,2,blue,constant,15,0.8165199160575867,0.5129506111145019,0.7109412550926208,-0.10557866096496582,0.10557866096496582,,False,1.6525508165359497
12152,39627787769742381,1.1321042828030887,2,blue,powerlaw,15,0.8165199160575867,0.5129506111145019,0.8239745703439849,0.0074546542863982435,0.0074546542863982435,,False,1.6442742030160062
12152,39627787769742381,1.1321042828030887,2,red,constant,15,1.1073920726776123,0.08950469493865967,1.1149005889892578,0.007508516311645508,0.007508516311645508,0.006780359456150281,False,0.760703980922699
12152,39627787769742381,1.1321042828030887,2,red,powerlaw,15,1.1073920726776123,0.08950469493865967,0.8664644557677551,-0.2409276169098572,0.2409276169098572,0.21756306808961315,False,0.7897441775080821
10392,39627859702058943,1.1661596675842163,2,blue,constant,14,1.7797517776489258,1.1906999860491072,3.1496939659118652,1.3699421882629395,1.3699421882629395,,False,3.3982183933258057
10392,39627859702058943,1.1661596675842163,2,blue,powerlaw,14,1.7797517776489258,1.1906999860491072,4.88944608867998,3.1096943110310544,3.1096943110310544,,False,4.7278080203731
10392,39627859702058943,1.1661596675842163,2,red,constant,14,0.6947280168533325,0.18710262434823172,0.826980710029602,0.13225269317626953,0.13225269317626953,0.19036614325025855,False,1.5084748268127441
10392,39627859702058943,1.1661596675842163,2,red,powerlaw,14,0.6947280168533325,0.18710262434823172,0.8105292684967209,0.11580125164338839,0.11580125164338839,0.16668573720100274,False,1.4988186469100313
3295,39627817440250458,1.0936068797681069,2,blue,constant,15,2.9074220657348633,0.6186793009440105,2.4017815589904785,-0.5056405067443848,0.5056405067443848,0.17391369237496035,False,2.029444456100464
3295,39627817440250458,1.0936068797681069,2,blue,powerlaw,15,2.9074220657348633,0.6186793009440105,2.8855719221738028,-0.02185014356106052,0.02185014356106052,0.0075152981118817375,False,1.9808759322945815
3295,39627817440250458,1.0936068797681069,2,red,constant,15,0.8187904357910156,0.07382537523905436,0.8780470490455627,0.05925661325454712,0.05925661325454712,0.07237091527247823,False,0.4766799807548523
3295,39627817440250458,1.0936068797681069,2,red,powerlaw,15,0.8187904357910156,0.07382537523905436,0.8617215851479466,0.04293114935693099,0.04293114935693099,0.052432402090110075,False,0.47199574436364833
10432,39627865741856906,0.914281064747458,2,blue,constant,16,4.666101455688477,1.4929994344711304,2.836354970932007,-1.8297464847564697,1.8297464847564697,0.39213602664507285,False,8.899396896362305
10432,39627865741856906,0.914281064747458,2,blue,powerlaw,16,4.666101455688477,1.4929994344711304,4.163747884790055,-0.5023535708984213,0.5023535708984213,0.1076602332094598,False,8.524180852176015
10432,39627865741856906,0.914281064747458,2,red,constant,16,1.0335123538970947,0.197226420044899,0.46313607692718506,-0.5703762769699097,0.5703762769699097,0.5518814311403007,False,1.8269473314285278
10432,39627865741856906,0.914281064747458,2,red,powerlaw,16,1.0335123538970947,0.197226420044899,0.7494220088232324,-0.2840903450738623,0.2840903450738623,0.2748785188707563,False,1.7589558969537498
7027,39627829532426764,1.1712645646736977,2,blue,constant,14,4.806354999542236,1.1839359828404017,4.660910606384277,-0.14544439315795898,0.14544439315795898,0.030260851138089323,False,4.993319988250732
7027,39627829532426764,1.1712645646736977,2,blue,powerlaw,14,4.806354999542236,1.1839359828404017,6.6432720492062245,1.8369170496639882,1.8369170496639882,0.38218505496138727,False,5.455301333580394
7027,39627829532426764,1.1712645646736977,2,red,constant,14,0.8871421813964844,0.1602043424333845,1.1576215028762817,0.27047932147979736,0.27047932147979736,0.30488835628808175,False,0.5989835262298584
7027,39627829532426764,1.1712645646736977,2,red,powerlaw,14,0.8871421813964844,0.1602043424333845,1.109443320352792,0.22230113895630765,0.22230113895630765,0.25058118486303393,False,0.5790866937082709
12531,39627787748774685,1.1981110618798487,2,blue,constant,14,2.02801775932312,1.1639268057686942,2.4773805141448975,0.44936275482177734,0.44936275482177734,,False,2.967301607131958
12531,39627787748774685,1.1981110618798487,2,blue,powerlaw,14,2.02801775932312,1.1639268057686942,2.2832979009875243,0.25528014166440416,0.25528014166440416,,False,2.9454200597339577
12531,39627787748774685,1.1981110618798487,2,red,constant,14,1.1506456136703491,0.1646434579576765,1.1518933773040771,0.0012477636337280273,0.0012477636337280273,0.0010844030680722708,False,0.4964744746685028
12531,39627787748774685,1.1981110618798487,2,red,powerlaw,14,1.1506456136703491,0.1646434579576765,1.2164348718163505,0.06578925814600134,0.06578925814600134,0.0571759517999166,False,0.4991882226720959
10082,39627835555446951,0.9515059827554552,2,blue,constant,16,2.5719974040985107,0.4881340563297272,1.924333095550537,-0.6476643085479736,0.6476643085479736,0.2518137489236623,False,1.9574337005615234
10082,39627835555446951,0.9515059827554552,2,blue,powerlaw,16,2.5719974040985107,0.4881340563297272,2.3111742989169426,-0.26082310518156815,0.26082310518156815,0.10140877466125868,False,1.8175171270983577
10082,39627835555446951,0.9515059827554552,2,red,constant,16,0.9289146661758423,0.07739435881376266,0.9829640984535217,0.05404943227767944,0.05404943227767944,0.058185573170235594,False,1.1238608360290527
10082,39627835555446951,0.9515059827554552,2,red,powerlaw,16,0.9289146661758423,0.07739435881376266,0.9406773250282576,0.011762658852415342,0.011762658852415342,0.012662798081162696,False,1.1235080045515848
12587,39627781717360771,1.0990866572964344,2,blue,constant,15,1.6248153448104858,0.8707679748535156,0.4132345914840698,-1.211580753326416,1.211580753326416,,False,3.898130178451538
12587,39627781717360771,1.0990866572964344,2,blue,powerlaw,15,1.6248153448104858,0.8707679748535156,1.1255417460207886,-0.49927359878969724,0.49927359878969724,,False,3.7390089552866828
12587,39627781717360771,1.0990866572964344,2,red,constant,15,0.8360140323638916,0.12003615697224936,1.504915475845337,0.6689014434814453,0.6689014434814453,0.8001079139665598,False,0.8432549834251404
12587,39627781717360771,1.0990866572964344,2,red,powerlaw,15,0.8360140323638916,0.12003615697224936,0.8146758949585575,-0.02133813740533408,0.02133813740533408,0.025523659387628836,False,0.5076825661675435
2562,39627823480048193,0.997804375704896,2,blue,constant,16,1.7862451076507568,0.7622841596603394,2.1014671325683594,0.31522202491760254,0.31522202491760254,,False,1.3421710729599
2562,39627823480048193,0.997804375704896,2,blue,powerlaw,16,1.7862451076507568,0.7622841596603394,2.301398674265031,0.5151535666142744,0.5151535666142744,,False,1.3915554535959884
2562,39627823480048193,0.997804375704896,2,red,constant,16,0.8361881971359253,0.13402077555656433,1.0183180570602417,0.1821298599243164,0.1821298599243164,0.21780965164079033,False,0.7803521156311035
2562,39627823480048193,0.997804375704896,2,red,powerlaw,16,0.8361881971359253,0.13402077555656433,0.948715586955068,0.11252738981914268,0.11252738981914268,0.13457184663041943,False,0.763357295878553
5698,39627829511459498,0.9843371043611808,2,blue,constant,16,3.0637705326080322,1.0100232362747192,2.3187270164489746,-0.7450435161590576,0.7450435161590576,0.24317862850023558,False,4.15076208114624
5698,39627829511459498,0.9843371043611808,2,blue,powerlaw,16,3.0637705326080322,1.0100232362747192,1.1561293646325812,-1.907641167975451,1.907641167975451,0.6226449231991187,False,4.515671642239816
5698,39627829511459498,0.9843371043611808,2,red,constant,16,1.1697157621383667,0.12838760018348694,1.0661914348602295,-0.10352432727813721,0.10352432727813721,0.08850383198127001,False,0.42604467272758484
5698,39627829511459498,0.9843371043611808,2,red,powerlaw,16,1.1697157621383667,0.12838760018348694,0.8176619320720534,-0.3520538300663133,0.3520538300663133,0.3009738275414199,False,0.5502675515254362
9176,39627847643436457,1.0837261233734312,2,blue,constant,15,3.9531567096710205,0.9227291742960612,2.4799180030822754,-1.4732387065887451,1.4732387065887451,0.37267399569174864,False,3.397508382797241
9176,39627847643436457,1.0837261233734312,2,blue,powerlaw,15,3.9531567096710205,0.9227291742960612,3.401789363647817,-0.5513673460232034,0.5513673460232034,0.13947520589667892,False,2.921740819272051
9176,39627847643436457,1.0837261233734312,2,red,constant,15,0.6406503915786743,0.11558419068654378,0.6001123189926147,-0.04053807258605957,0.04053807258605957,0.06327643457169625,False,0.4741944670677185
9176,39627847643436457,1.0837261233734312,2,red,powerlaw,15,0.6406503915786743,0.11558419068654378,0.7752310251260095,0.13458063354733518,0.13458063354733518,0.21006876030420432,False,0.4855507957180506
12079,39627787752966852,0.9998524207810188,2,blue,constant,16,2.237853527069092,0.27160578966140747,2.325375556945801,0.08752202987670898,0.08752202987670898,0.03910981161994827,False,1.3130254745483398
12079,39627787752966852,0.9998524207810188,2,blue,powerlaw,16,2.237853527069092,0.27160578966140747,2.552842648972235,0.3149891219031433,0.3149891219031433,0.14075502176216304,False,1.3973771846393432
12079,39627787752966852,0.9998524207810188,2,red,constant,16,1.0839500427246094,0.0354858934879303,0.9325938820838928,-0.15135616064071655,0.15135616064071655,0.13963388963966342,False,0.6815016269683838
12079,39627787752966852,0.9998524207810188,2,red,powerlaw,16,1.0839500427246094,0.0354858934879303,0.7680719013131012,-0.31587814141150816,0.31587814141150816,0.2914139295732846,False,0.7382885886646774
1490,39627847664403376,1.068185433464243,2,blue,constant,15,2.5208544731140137,1.9501792907714843,3.313903570175171,0.7930490970611572,0.7930490970611572,,False,6.550872325897217
1490,39627847664403376,1.068185433464243,2,blue,powerlaw,15,2.5208544731140137,1.9501792907714843,3.2089738497522755,0.6881193766382618,0.6881193766382618,,False,6.577056417381415
1490,39627847664403376,1.068185433464243,2,red,constant,15,0.5962584614753723,0.21138564745585123,0.8793764114379883,0.28311794996261597,0.28311794996261597,,False,0.7905324101448059
1490,39627847664403376,1.068185433464243,2,red,powerlaw,15,0.5962584614753723,0.21138564745585123,0.9177880877823613,0.321529626306989,0.321529626306989,,False,0.8046164512696085
6975,39627835551253363,1.0018791958639717,2,blue,constant,15,5.389678478240967,0.8084489822387695,4.705112934112549,-0.684565544128418,0.684565544128418,0.12701417104788784,False,3.5883026123046875
6975,39627835551253363,1.0018791958639717,2,blue,powerlaw,15,5.389678478240967,0.8084489822387695,5.894202143447971,0.504523665207004,0.504523665207004,0.09360923239555947,False,3.455070473345436
6975,39627835551253363,1.0018791958639717,2,red,constant,15,1.3003231287002563,0.13156774044036865,0.7758379578590393,-0.524485170841217,0.524485170841217,0.40334987455423366,False,1.9650357961654663
6975,39627835551253363,1.0018791958639717,2,red,powerlaw,15,1.3003231287002563,0.13156774044036865,0.7831749260164833,-0.517148202683773,0.517148202683773,0.3977074553774113,False,1.9634947783292267
1985,39627853708394865,0.9581712359925204,2,blue,constant,16,2.8006863594055176,0.6883330941200256,1.578095555305481,-1.2225908041000366,1.2225908041000366,0.43653256638117366,False,4.168037414550781
1985,39627853708394865,0.9581712359925204,2,blue,powerlaw,16,2.8006863594055176,0.6883330941200256,1.9442095393312933,-0.8564768200742243,0.8564768200742243,0.3058096159885689,False,4.038570469689543
1985,39627853708394865,0.9581712359925204,2,red,constant,16,1.4632781744003296,0.09706658869981766,1.0559347867965698,-0.40734338760375977,0.40734338760375977,0.27837727284540026,False,1.5072853565216064
1985,39627853708394865,0.9581712359925204,2,red,powerlaw,16,1.4632781744003296,0.09706658869981766,0.9796803270204338,-0.48359784737989575,0.48359784737989575,0.3304893463459745,False,1.5283322443434708
6235,39627829507262601,0.9214040162487822,2,blue,constant,16,2.1588692665100098,0.4430631995201111,0.6014803051948547,-1.557388961315155,1.557388961315155,0.7213910473758343,False,2.2552781105041504
6235,39627829507262601,0.9214040162487822,2,blue,powerlaw,16,2.1588692665100098,0.4430631995201111,1.2804261595034285,-0.8784431070065812,0.8784431070065812,0.40689963057682366,False,1.8517222591935396
6235,39627829507262601,0.9214040162487822,2,red,constant,16,0.9661571383476257,0.05028148740530014,1.0079630613327026,0.041805922985076904,0.041805922985076904,0.043270314243680545,False,0.5740925073623657
6235,39627829507262601,0.9214040162487822,2,red,powerlaw,16,0.9661571383476257,0.05028148740530014,0.9833138337902766,0.01715669544265086,0.01715669544265086,0.017757665665021294,False,0.572453938643463
3164,39627823480047092,1.0234454240720046,2,blue,constant,15,5.408320903778076,0.6766381581624349,3.105626106262207,-2.302694797515869,2.302694797515869,0.4257688917658865,False,4.0419416427612305
3164,39627823480047092,1.0234454240720046,2,blue,powerlaw,15,5.408320903778076,0.6766381581624349,3.8165792106261565,-1.5917416931519197,1.5917416931519197,0.2943134702010713,False,3.5880683723544644
3164,39627823480047092,1.0234454240720046,2,red,constant,15,0.7455825805664062,0.0875379244486491,0.696766197681427,-0.04881638288497925,0.04881638288497925,0.06547414620107445,False,0.29895710945129395
3164,39627823480047092,1.0234454240720046,2,red,powerlaw,15,0.7455825805664062,0.0875379244486491,0.8090279768741365,0.06344539630773027,0.06344539630773027,0.0850950625208168,False,0.3040676067038735
6097,39627835538672106,1.0240508329893874,2,blue,constant,15,1.6861976385116577,1.0518479029337564,2.1680283546447754,0.4818307161331177,0.4818307161331177,,False,4.808067321777344
6097,39627835538672106,1.0240508329893874,2,blue,powerlaw,15,1.6861976385116577,1.0518479029337564,2.196528600245528,0.5103309617338705,0.5103309617338705,,False,4.806356897203726
6097,39627835538672106,1.0240508329893874,2,red,constant,15,0.9303101897239685,0.1298540989557902,1.0484265089035034,0.11811631917953491,0.11811631917953491,0.1269644474329375,False,0.5717493295669556
6097,39627835538672106,1.0240508329893874,2,red,powerlaw,15,0.9303101897239685,0.1298540989557902,0.6121956341027239,-0.3181145556212446,0.3181145556212446,0.34194461066328,False,0.6440286596969564
3380,39627811392063168,1.0912676335060991,2,blue,constant,15,2.182459831237793,0.7888329188028972,1.9262675046920776,-0.25619232654571533,0.25619232654571533,,False,3.662818193435669
3380,39627811392063168,1.0912676335060991,2,blue,powerlaw,15,2.182459831237793,0.7888329188028972,3.0971780074456707,0.9147181762078778,0.9147181762078778,,False,3.732109901512634
3380,39627811392063168,1.0912676335060991,2,red,constant,15,0.8907429575920105,0.09364991982777914,1.0743635892868042,0.1836206316947937,0.1836206316947937,0.20614323147856756,False,0.4050247073173523
3380,39627811392063168,1.0912676335060991,2,red,powerlaw,15,0.8907429575920105,0.09364991982777914,0.9467437269790397,0.05600076938702925,0.05600076938702925,0.06286973016145858,False,0.36238509492175996
1780,39627853695815137,1.0136417936132052,2,blue,constant,15,2.9601759910583496,0.45439949035644533,2.3485968112945557,-0.611579179763794,0.611579179763794,0.20660230392083428,False,1.674689531326294
1780,39627853695815137,1.0136417936132052,2,blue,powerlaw,15,2.9601759910583496,0.45439949035644533,2.7662431797579994,-0.19393281130035023,0.19393281130035023,0.06551394642958831,False,1.5720362118420883
1780,39627853695815137,1.0136417936132052,2,red,constant,15,0.7511295080184937,0.06482708851496378,0.9468281269073486,0.19569861888885498,0.19569861888885498,0.2605391171558616,False,0.32421988248825073
1780,39627853695815137,1.0136417936132052,2,red,powerlaw,15,0.7511295080184937,0.06482708851496378,0.7492518538009564,-0.0018776542175372724,0.0018776542175372724,0.0024997742699399347,False,0.2502187805260209
12480,39627793801153627,1.0786490455953726,2,blue,constant,15,2.5972440242767334,0.8836768468221029,1.1078612804412842,-1.4893827438354492,1.4893827438354492,,False,3.170241594314575
12480,39627793801153627,1.0786490455953726,2,blue,powerlaw,15,2.5972440242767334,0.8836768468221029,1.3106530089779047,-1.2865910152988287,1.2865910152988287,,False,3.075559830264271
12480,39627793801153627,1.0786490455953726,2,red,constant,15,0.6833369135856628,0.13482351303100587,0.903039813041687,0.21970289945602417,0.21970289945602417,0.32151475368596827,False,0.5948544144630432
12480,39627793801153627,1.0786490455953726,2,red,powerlaw,15,0.6833369135856628,0.13482351303100587,0.8648549554308057,0.18151804184514286,0.18151804184514286,0.26563476703265765,False,0.5815169538371787
8566,39627823492630330,0.9718097678787416,2,blue,constant,16,0.2447347342967987,0.23344048857688904,0.23711653053760529,-0.00761820375919342,0.00761820375919342,,False,0.6411410570144653
8566,39627823492630330,0.9718097678787416,2,blue,powerlaw,16,0.2447347342967987,0.23344048857688904,0.3757953394700133,0.1310606051732146,0.1310606051732146,,False,0.6529684455271766
8566,39627823492630330,0.9718097678787416,2,red,constant,16,0.9294333457946777,0.047774411737918854,1.169196605682373,0.2397632598876953,0.2397632598876953,0.2579671376893569,False,0.35803911089897156
8566,39627823492630330,0.9718097678787416,2,red,powerlaw,16,0.9294333457946777,0.047774411737918854,1.2378087807366231,0.3083754349419454,0.3083754349419454,0.33178864986631224,False,0.41019454346030376
12403,39627787757163659,1.0329850343826417,2,blue,constant,15,3.4438564777374268,0.7455698649088541,1.7249586582183838,-1.718897819519043,1.718897819519043,0.4991200506265983,False,2.3732383251190186
12403,39627787757163659,1.0329850343826417,2,blue,powerlaw,15,3.4438564777374268,0.7455698649088541,1.9088085053399955,-1.5350479723974313,1.5350479723974313,0.44573517576026855,False,2.229810302778903
12403,39627787757163659,1.0329850343826417,2,red,constant,15,0.666085958480835,0.09355974197387695,1.0441685914993286,0.37808263301849365,0.37808263301849365,0.5676183804877071,False,0.5882779359817505
12403,39627787757163659,1.0329850343826417,2,red,powerlaw,15,0.666085958480835,0.09355974197387695,0.7841198633901,0.11803390490926502,0.11803390490926502,0.1772052141415336,False,0.46148166037007254
9386,39627853679035209,1.189018634339216,2,blue,constant,14,1.143635869026184,1.0030723299298967,1.6502989530563354,0.5066630840301514,0.5066630840301514,,False,4.160691738128662
9386,39627853679035209,1.189018634339216,2,blue,powerlaw,14,1.143635869026184,1.0030723299298967,1.5894507108121338,0.44581484178594977,0.44581484178594977,,False,4.1475467592834905
9386,39627853679035209,1.189018634339216,2,red,constant,14,0.8689594268798828,0.13248024668012345,1.0501831769943237,0.18122375011444092,0.18122375011444092,0.2085526026976305,False,0.5565016865730286
9386,39627853679035209,1.189018634339216,2,red,powerlaw,14,0.8689594268798828,0.13248024668012345,0.9151067219916287,0.04614729511174587,0.04614729511174587,0.0531063864252489,False,0.5298151767396201
11813,39627793792766234,1.0867696627620382,2,blue,constant,15,3.4644696712493896,1.5941823323567708,2.515105724334717,-0.9493639469146729,0.9493639469146729,,False,4.192351341247559
11813,39627793792766234,1.0867696627620382,2,blue,powerlaw,15,3.4644696712493896,1.5941823323567708,2.626174735937516,-0.8382949353118736,0.8382949353118736,,False,4.169104144699597
11813,39627793792766234,1.0867696627620382,2,red,constant,15,0.5982476472854614,0.18391165733337403,1.0203487873077393,0.42210114002227783,0.42210114002227783,0.7055625574752439,False,0.8471076488494873
11813,39627793792766234,1.0867696627620382,2,red,powerlaw,15,0.5982476472854614,0.18391165733337403,0.9269290124638719,0.3286813651784105,0.3286813651784105,0.5494068663199875,False,0.8021797947323208
6200,39627823467465693,1.1563689484093942,2,blue,constant,14,0.40218111872673035,0.8711638450622559,1.5588136911392212,1.1566325724124908,1.1566325724124908,,False,2.802438735961914
6200,39627823467465693,1.1563689484093942,2,blue,powerlaw,14,0.40218111872673035,0.8711638450622559,1.4490513020021207,1.0468701832753904,1.0468701832753904,,False,2.76213810448887
6200,39627823467465693,1.1563689484093942,2,red,constant,14,1.0603883266448975,0.1455296277999878,1.0023154020309448,-0.05807292461395264,0.05807292461395264,0.05476571474310475,False,0.6852148175239563
6200,39627823467465693,1.1563689484093942,2,red,powerlaw,14,1.0603883266448975,0.1455296277999878,1.0900300905250302,0.029641763880132732,0.029641763880132732,0.027953687470249903,False,0.6834041798641476
9866,39627847639239192,1.0062082556314522,2,blue,constant,15,2.066742420196533,0.3459527015686035,1.8644753694534302,-0.20226705074310303,0.20226705074310303,0.09786756625620951,False,1.5391123294830322
9866,39627847639239192,1.0062082556314522,2,blue,powerlaw,15,2.066742420196533,0.3459527015686035,1.5940217320784307,-0.4727206881181025,0.4727206881181025,0.22872743284242938,False,1.5977441349519201
9866,39627847639239192,1.0062082556314522,2,red,constant,15,0.9400321245193481,0.05596216917037964,0.9661960601806641,0.026163935661315918,0.026163935661315918,0.027833022913651927,False,0.40594711899757385
9866,39627847639239192,1.0062082556314522,2,red,powerlaw,15,0.9400321245193481,0.05596216917037964,0.9710395030140386,0.031007378494690485,0.031007378494690485,0.03298544558841008,False,0.40718397353710395
1381,39627847656014425,0.9614720304759592,2,blue,constant,16,0.17601832747459412,0.254751592874527,0.22286581993103027,0.04684749245643616,0.04684749245643616,,False,1.1341263055801392
1381,39627847656014425,0.9614720304759592,2,blue,powerlaw,16,0.17601832747459412,0.254751592874527,0.15951444299045792,-0.0165038844841362,0.0165038844841362,,False,1.1345080608766343
1381,39627847656014425,0.9614720304759592,2,red,constant,16,1.1946237087249756,0.050409361720085144,1.3070858716964722,0.11246216297149658,0.11246216297149658,0.09414024026990699,False,0.27078989148139954
1381,39627847656014425,0.9614720304759592,2,red,powerlaw,16,1.1946237087249756,0.050409361720085144,1.3409680409972944,0.1463443322723188,0.1463443322723188,0.12250245094207314,False,0.29484496284742484
2293,39627835584807452,1.0932524269936637,2,blue,constant,15,0.163889542222023,0.8384298324584961,1.0194653272628784,0.8555757850408554,0.8555757850408554,,False,2.1218252182006836
2293,39627835584807452,1.0932524269936637,2,blue,powerlaw,15,0.163889542222023,0.8384298324584961,1.2078326106259094,1.0439430684038864,1.0439430684038864,,False,2.200606055660572
2293,39627835584807452,1.0932524269936637,2,red,constant,15,1.294504165649414,0.11098565260569254,1.2509230375289917,-0.04358112812042236,0.04358112812042236,0.03366627105333339,False,0.5595760941505432
2293,39627835584807452,1.0932524269936637,2,red,powerlaw,15,1.294504165649414,0.11098565260569254,1.061740304638295,-0.23276386101111912,0.23276386101111912,0.17980927924967197,False,0.5998430605745827
477,39627568982262493,1.0094952508481922,2,blue,constant,15,2.22841215133667,0.6669108708699544,1.6611731052398682,-0.5672390460968018,0.5672390460968018,0.25454853392203697,False,1.9917635917663574
477,39627568982262493,1.0094952508481922,2,blue,powerlaw,15,2.22841215133667,0.6669108708699544,1.7712154380326186,-0.4571967133040513,0.4571967133040513,0.20516703475603051,False,1.9416542169312265
477,39627568982262493,1.0094952508481922,2,red,constant,15,1.042099118232727,0.08669301668802896,1.253105878829956,0.211006760597229,0.211006760597229,0.20248242888360823,False,0.4543122947216034
477,39627568982262493,1.0094952508481922,2,red,powerlaw,15,1.042099118232727,0.08669301668802896,1.2523878333570337,0.2102887151243067,0.2102887151243067,0.20179339128597545,False,0.45071240412487634
5233,39627853695812949,1.145719686853517,2,blue,constant,14,3.6910312175750732,0.9879754611424038,1.4972089529037476,-2.1938222646713257,2.1938222646713257,0.5943656759729653,False,2.7577133178710938
5233,39627853695812949,1.145719686853517,2,blue,powerlaw,14,3.6910312175750732,0.9879754611424038,2.518042982608617,-1.1729882349664562,1.1729882349664562,0.3177941788682795,False,1.9741048065952378
5233,39627853695812949,1.145719686853517,2,red,constant,14,0.9494479298591614,0.1463475227355957,0.9853261113166809,0.03587818145751953,0.03587818145751953,0.03778846667540958,False,0.3924260437488556
5233,39627853695812949,1.145719686853517,2,red,powerlaw,14,0.9494479298591614,0.1463475227355957,0.7764759569795691,-0.17297197287959232,0.17297197287959232,0.18218163149320946,False,0.4378654934215847
7082,39627823492630790,0.9002042245453433,2,blue,constant,16,1.8254189491271973,0.3048698306083679,1.5600911378860474,-0.2653278112411499,0.2653278112411499,0.145351734936253,False,1.2513777017593384
7082,39627823492630790,0.9002042245453433,2,blue,powerlaw,16,1.8254189491271973,0.3048698306083679,1.4367562159701583,-0.3886627331570389,0.3886627331570389,0.21291700370639488,False,1.2842676513481839
7082,39627823492630790,0.9002042245453433,2,red,constant,16,0.7894641160964966,0.0507158488035202,1.024514079093933,0.23504996299743652,0.23504996299743652,0.2977335615450649,False,0.31156477332115173
7082,39627823492630790,0.9002042245453433,2,red,powerlaw,16,0.7894641160964966,0.0507158488035202,0.9177446489525244,0.1282805328560278,0.1282805328560278,0.16249064427438525,False,0.24306010301284756
11610,39627787761355818,1.1737626833823935,2,blue,constant,14,3.402100086212158,1.1055981772286552,2.2783830165863037,-1.1237170696258545,1.1237170696258545,0.33030100266009,False,3.47886061668396
11610,39627787761355818,1.1737626833823935,2,blue,powerlaw,14,3.402100086212158,1.1055981772286552,2.5120992988722506,-0.8900007873399076,0.8900007873399076,0.26160335227845094,False,3.402332122894971
11610,39627787761355818,1.1737626833823935,2,red,constant,14,0.524540901184082,0.1739999396460397,0.9112346768379211,0.3866937756538391,0.3866937756538391,0.7372042385654366,False,0.587390661239624
11610,39627787761355818,1.1737626833823935,2,red,powerlaw,14,0.524540901184082,0.1739999396460397,0.8799128208822171,0.3553719196981351,0.3553719196981351,0.6774913431839724,False,0.5618411397910988
3550,39627823475851414,0.9802129904899328,2,blue,constant,16,-0.8267260789871216,0.9266616702079773,0.17198218405246735,0.9987082630395889,0.9987082630395889,,False,5.381092071533203
3550,39627823475851414,0.9802129904899328,2,blue,powerlaw,16,-0.8267260789871216,0.9266616702079773,9.900106642963185e-06,0.8267359790937645,0.8267359790937645,,False,5.351837243844488
3550,39627823475851414,0.9802129904899328,2,red,constant,16,1.2530255317687988,0.10880366712808609,0.9294033646583557,-0.3236221671104431,0.3236221671104431,0.25827260411335023,False,1.156592845916748
3550,39627823475851414,0.9802129904899328,2,red,powerlaw,16,1.2530255317687988,0.10880366712808609,0.9628875590511041,-0.2901379727176947,0.2901379727176947,0.23154992884153722,False,1.1539080809826678
4295,39627859723028549,0.9795452138919064,2,blue,constant,16,0.9463993906974792,0.5441983342170715,1.2418516874313354,0.2954522967338562,0.2954522967338562,,False,1.9734753370285034
4295,39627859723028549,0.9795452138919064,2,blue,powerlaw,16,0.9463993906974792,0.5441983342170715,1.379280703915732,0.43288131321825274,0.43288131321825274,,False,2.000156923973356
4295,39627859723028549,0.9795452138919064,2,red,constant,16,0.898572564125061,0.10566263645887375,0.6900131702423096,-0.20855939388275146,0.20855939388275146,0.23210078096010586,False,0.39246129989624023
4295,39627859723028549,0.9795452138919064,2,red,powerlaw,16,0.898572564125061,0.10566263645887375,0.7619930481472758,-0.13657951597778528,0.13657951597778528,0.15199608960993882,False,0.36873757937755147
11018,39627865741854922,0.9629256274550756,2,blue,constant,16,2.444693088531494,0.7688816785812378,1.2814522981643677,-1.1632407903671265,1.1632407903671265,0.4758228326590783,False,4.270213603973389
11018,39627865741854922,0.9629256274550756,2,blue,powerlaw,16,2.444693088531494,0.7688816785812378,1.3123937753417738,-1.1322993131897203,1.1322993131897203,0.46316624303539167,False,4.264101554829073
11018,39627865741854922,0.9629256274550756,2,red,constant,16,0.9906065464019775,0.13161829113960266,0.9182555675506592,-0.07235097885131836,0.07235097885131836,0.07303704898186601,False,0.7998994588851929
11018,39627865741854922,0.9629256274550756,2,red,powerlaw,16,0.9906065464019775,0.13161829113960266,0.8872637813079126,-0.10334276509406493,0.10334276509406493,0.10432271568305337,False,0.7991874144167214
12672,39627787757159594,0.9685256654240412,2,blue,constant,16,2.0285048484802246,0.5749472975730896,1.0408341884613037,-0.9876706600189209,0.9876706600189209,0.4868958833196249,False,1.7720783948898315
12672,39627787757159594,0.9685256654240412,2,blue,powerlaw,16,2.0285048484802246,0.5749472975730896,1.3582445900086246,-0.6702602584716,0.6702602584716,0.33042083136935335,False,1.6163767382567291
12672,39627787757159594,0.9685256654240412,2,red,constant,16,0.9736449718475342,0.0930287316441536,0.7218193411827087,-0.25182563066482544,0.25182563066482544,0.2586421518584697,False,0.4725585877895355
12672,39627787757159594,0.9685256654240412,2,red,powerlaw,16,0.9736449718475342,0.0930287316441536,0.8680461911585395,-0.10559878068899464,0.10559878068899464,0.10845717252420696,False,0.4109940311178443
4275,39627853683232410,1.0111630182127844,2,blue,constant,15,-0.35043248534202576,0.45810715357462567,-0.012175187468528748,0.338257297873497,0.338257297873497,,True,1.3379136323928833
4275,39627853683232410,1.0111630182127844,2,blue,powerlaw,15,-0.35043248534202576,0.45810715357462567,2.350474093756507e-07,0.3504327203894351,0.3504327203894351,,False,1.3410437081620787
4275,39627853683232410,1.0111630182127844,2,red,constant,15,1.1045783758163452,0.04401563405990601,1.2051527500152588,0.10057437419891357,0.10057437419891357,0.09105227514940575,False,0.2490495890378952
4275,39627853683232410,1.0111630182127844,2,red,powerlaw,15,1.1045783758163452,0.04401563405990601,1.2352722404896634,0.13069386467331823,0.13069386467331823,0.11832013692711316,False,0.2632411653566867
12853,39627793801151080,1.1472725177272476,2,blue,constant,14,1.2738525867462158,1.1354244095938546,2.0540127754211426,0.7801601886749268,0.7801601886749268,,False,3.9408280849456787
12853,39627793801151080,1.1472725177272476,2,blue,powerlaw,14,1.2738525867462158,1.1354244095938546,2.3634388334276863,1.0895862466814705,1.0895862466814705,,False,4.039224138446608
12853,39627793801151080,1.1472725177272476,2,red,constant,14,0.7438179850578308,0.23776073115212576,1.037949800491333,0.2941318154335022,0.2941318154335022,0.39543520235079266,False,0.8563729524612427
12853,39627793801151080,1.1472725177272476,2,red,powerlaw,14,0.7438179850578308,0.23776073115212576,0.7851315373838613,0.04131355232603051,0.04131355232603051,0.05554255631882636,False,0.8009552221053418
5328,39627865771213290,1.0664890382566623,2,blue,constant,15,2.359032154083252,0.9393173853556315,3.2992100715637207,0.9401779174804688,0.9401779174804688,,False,5.296009540557861
5328,39627865771213290,1.0664890382566623,2,blue,powerlaw,15,2.359032154083252,0.9393173853556315,5.817361830539263,3.458329676456011,3.458329676456011,,False,6.583567045893963
5328,39627865771213290,1.0664890382566623,2,red,constant,15,0.8545037508010864,0.1371168613433838,1.2036134004592896,0.3491096496582031,0.3491096496582031,0.40855250703220114,False,0.5032340884208679
5328,39627865771213290,1.0664890382566623,2,red,powerlaw,15,0.8545037508010864,0.1371168613433838,1.0066523703037462,0.1521486195026598,0.1521486195026598,0.17805494634754077,False,0.3919865162972972
6084,39627829498872893,0.952439327200422,2,blue,constant,16,1.049988031387329,0.7070706486701965,1.3346987962722778,0.28471076488494873,0.28471076488494873,,False,2.759007215499878
6084,39627829498872893,0.952439327200422,2,blue,powerlaw,16,1.049988031387329,0.7070706486701965,1.1769755002974276,0.1269874689100985,0.1269874689100985,,False,2.7473684899016853
6084,39627829498872893,0.952439327200422,2,red,constant,16,0.6530882120132446,0.10264661908149719,0.6683356165885925,0.0152474045753479,0.0152474045753479,0.023346623465068272,False,0.7520216703414917
6084,39627829498872893,0.952439327200422,2,red,powerlaw,16,0.6530882120132446,0.10264661908149719,0.838176631247221,0.18508841923397634,0.18508841923397634,0.283404930343809,False,0.770745175014691
5838,39627829498872497,1.1666063967926943,2,blue,constant,14,2.70751953125,0.8137591225760323,1.6934778690338135,-1.0140416622161865,1.0140416622161865,0.3745279214100541,False,3.6893978118896484
5838,39627829498872497,1.1666063967926943,2,blue,powerlaw,14,2.70751953125,0.8137591225760323,2.5950123713341755,-0.1125071599158245,0.1125071599158245,0.04155359125475357,False,3.6309520299273808
5838,39627829498872497,1.1666063967926943,2,red,constant,14,0.7373390793800354,0.15287068911961146,1.0781089067459106,0.34076982736587524,0.34076982736587524,0.4621616253574937,False,0.6868172883987427
5838,39627829498872497,1.1666063967926943,2,red,powerlaw,14,0.7373390793800354,0.15287068911961146,1.091898553514461,0.35455947413442557,0.35455947413442557,0.48086353219273814,False,0.6946881034669715
3813,39627811392066865,0.9369611777673008,2,blue,constant,16,4.177842140197754,0.8183066844940186,3.8139700889587402,-0.36387205123901367,0.36387205123901367,0.08709569175387516,False,3.5248355865478516
3813,39627811392066865,0.9369611777673008,2,blue,powerlaw,16,4.177842140197754,0.8183066844940186,6.031708806985853,1.8538666667880994,1.8538666667880994,0.4437378446999791,False,4.19061611476955
3813,39627811392066865,0.9369611777673008,2,red,constant,16,1.034862756729126,0.08798185735940933,0.7550716400146484,-0.27979111671447754,0.27979111671447754,0.27036543241618705,False,0.9321017265319824
3813,39627811392066865,0.9369611777673008,2,red,powerlaw,16,1.034862756729126,0.08798185735940933,0.6980293822493906,-0.3368333744797354,0.3368333744797354,0.3254860340557227,False,0.9512686884416132
8893,39627847626656157,1.054975358164484,2,blue,constant,15,4.092301845550537,1.1143863677978516,2.564283847808838,-1.5280179977416992,1.5280179977416992,0.37338839005804936,False,4.937628269195557
8893,39627847626656157,1.054975358164484,2,blue,powerlaw,15,4.092301845550537,1.1143863677978516,4.9330333254368215,0.8407314798862844,0.8407314798862844,0.20544219649887063,False,4.818913123972622
8893,39627847626656157,1.054975358164484,2,red,constant,15,0.7760637402534485,0.20973876317342122,0.9797801375389099,0.20371639728546143,0.20371639728546143,0.262499568938669,False,0.8944040536880493
8893,39627847626656157,1.054975358164484,2,red,powerlaw,15,0.7760637402534485,0.20973876317342122,1.0492973184237433,0.2732335781702948,0.2732335781702948,0.35207620714383797,False,0.9122107036167891
7129,39627835568034526,0.9622849405679702,2,blue,constant,16,1.0287811756134033,0.4448899030685425,1.5002673864364624,0.4714862108230591,0.4714862108230591,,False,1.5143139362335205
7129,39627835568034526,0.9622849405679702,2,blue,powerlaw,16,1.0287811756134033,0.4448899030685425,1.4200789422467186,0.3912977666333153,0.3912977666333153,,False,1.5102366004093994
7129,39627835568034526,0.9622849405679702,2,red,constant,16,0.5962566137313843,0.0801411047577858,0.7900366187095642,0.19378000497817993,0.19378000497817993,0.3249943070073492,False,0.4990951716899872
7129,39627835568034526,0.9622849405679702,2,red,powerlaw,16,0.5962566137313843,0.0801411047577858,0.8214663312399131,0.2252097175085288,0.2252097175085288,0.37770602844832607,False,0.5025030906024082
1539,39627847664403132,1.0015033843829886,2,blue,constant,15,3.1139204502105713,0.9060730616251628,3.3228604793548584,0.2089400291442871,0.2089400291442871,0.06709870482727266,False,3.074193000793457
1539,39627847664403132,1.0015033843829886,2,blue,powerlaw,15,3.1139204502105713,0.9060730616251628,3.5838557560876643,0.469935305877093,0.469935305877093,0.15091435808686596,False,3.0823234903931453
1539,39627847664403132,1.0015033843829886,2,red,constant,15,0.7092558741569519,0.12823518911997478,0.8052899837493896,0.09603410959243774,0.09603410959243774,0.1354012185046581,False,0.46317058801651
1539,39627847664403132,1.0015033843829886,2,red,powerlaw,15,0.7092558741569519,0.12823518911997478,0.7290317766369042,0.019775902479952312,0.019775902479952312,0.027882606546556544,False,0.45242632940025396
7958,39627829524041854,0.9954448438911186,2,blue,constant,16,1.1480233669281006,0.2284238487482071,0.9593057632446289,-0.18871760368347168,0.18871760368347168,0.16438481055350404,False,0.7688277959823608
7958,39627829524041854,0.9954448438911186,2,blue,powerlaw,16,1.1480233669281006,0.2284238487482071,0.8036535144090261,-0.3443698525190745,0.3443698525190745,0.29996763344682165,False,0.8212399852137148
7958,39627829524041854,0.9954448438911186,2,red,constant,16,0.8457458019256592,0.032721299678087234,0.8655406832695007,0.019794881343841553,0.019794881343841553,0.023405237482433897,False,0.3657294511795044
7958,39627829524041854,0.9954448438911186,2,red,powerlaw,16,0.8457458019256592,0.032721299678087234,0.8606346589425138,0.014888857016854606,0.014888857016854606,0.01760441137627229,False,0.3659036638917359
2458,39627841624606483,1.106843606195938,2,blue,constant,15,3.2269680500030518,0.9110958099365234,2.2530274391174316,-0.9739406108856201,0.9739406108856201,0.30181290790427845,False,3.4162046909332275
2458,39627841624606483,1.106843606195938,2,blue,powerlaw,15,3.2269680500030518,0.9110958099365234,2.299129011508043,-0.9278390384950086,0.9278390384950086,0.28752656491102574,False,3.3821557478072837
2458,39627841624606483,1.106843606195938,2,red,constant,15,0.6611413955688477,0.1432207743326823,0.6266193389892578,-0.034522056579589844,0.034522056579589844,0.0522158449175414,False,0.673527717590332
2458,39627841624606483,1.106843606195938,2,red,powerlaw,15,0.6611413955688477,0.1432207743326823,0.5749869259504151,-0.08615446961843254,0.08615446961843254,0.13031171576286646,False,0.6692768589680256
10712,39627853670648244,0.9616620629562508,2,blue,constant,16,1.8623452186584473,0.9742760062217712,1.62018620967865,-0.24215900897979736,0.24215900897979736,,False,3.7774863243103027
10712,39627853670648244,0.9616620629562508,2,blue,powerlaw,16,1.8623452186584473,0.9742760062217712,1.4214401617429977,-0.44090505691544957,0.44090505691544957,,False,3.8000265066240386
10712,39627853670648244,0.9616620629562508,2,red,constant,16,1.6464864015579224,0.1533094346523285,0.6080152988433838,-1.0384711027145386,1.0384711027145386,0.630719513827704,False,3.566178798675537
10712,39627853670648244,0.9616620629562508,2,red,powerlaw,16,1.6464864015579224,0.1533094346523285,1.0418871101461256,-0.6045992914117968,0.6045992914117968,0.3672057606061725,False,3.4676028973211324
941,39627841620416018,0.996904941953594,2,blue,constant,16,0.47544658184051514,0.1343185156583786,0.307074636220932,-0.16837194561958313,0.16837194561958313,0.3541343066718317,False,0.6438792943954468
941,39627841620416018,0.996904941953594,2,blue,powerlaw,16,0.47544658184051514,0.1343185156583786,0.429508393886179,-0.04593818795433613,0.04593818795433613,0.0966211341272104,False,0.6095845603479805
941,39627841620416018,0.996904941953594,2,red,constant,16,1.0566211938858032,0.027460161596536636,1.181181788444519,0.12456059455871582,0.12456059455871582,0.1178857619736312,False,0.22218017280101776
941,39627841620416018,0.996904941953594,2,red,powerlaw,16,1.0566211938858032,0.027460161596536636,1.2659156538053304,0.20929445991952722,0.20929445991952722,0.19807899096726542,False,0.28612441300720765
9981,39627853674840731,1.0248541434337308,2,blue,constant,15,3.722667694091797,0.5769521713256835,2.7639286518096924,-0.9587390422821045,0.9587390422821045,0.25754086076597926,False,2.4146368503570557
9981,39627853674840731,1.0248541434337308,2,blue,powerlaw,15,3.722667694091797,0.5769521713256835,3.5379700133972296,-0.18469768069456727,0.18469768069456727,0.049614334630968766,False,2.206105720960402
9981,39627853674840731,1.0248541434337308,2,red,constant,15,0.7802969217300415,0.08879930973052978,0.9613359570503235,0.18103903532028198,0.18103903532028198,0.23201300720101503,False,0.29312220215797424
9981,39627853674840731,1.0248541434337308,2,red,powerlaw,15,0.7802969217300415,0.08879930973052978,0.6935324361847204,-0.08676448554532112,0.08676448554532112,0.11119419176093961,False,0.24342784517752578
11731,39627793801152053,1.0557558083957284,2,blue,constant,15,5.03861665725708,1.2808099110921225,1.0148621797561646,-4.0237544775009155,4.0237544775009155,0.7985831729638597,False,5.73496150970459
11731,39627793801152053,1.0557558083957284,2,blue,powerlaw,15,5.03861665725708,1.2808099110921225,1.353666830662855,-3.684949826594225,3.684949826594225,0.7313415719544413,False,5.513889584514489
11731,39627793801152053,1.0557558083957284,2,red,constant,15,0.9127070307731628,0.14529318809509278,1.2683742046356201,0.3556671738624573,0.3556671738624573,0.3896838326764813,False,0.621543824672699
11731,39627793801152053,1.0557558083957284,2,red,powerlaw,15,0.9127070307731628,0.14529318809509278,0.8897318199671936,-0.022975210805969204,0.022975210805969204,0.02517260197558321,False,0.5088816090095056
12295,39627787752964760,0.998746721465538,2,blue,constant,16,1.166944980621338,1.442750096321106,3.6420867443084717,2.475141763687134,2.475141763687134,,False,4.910678863525391
12295,39627787752964760,0.998746721465538,2,blue,powerlaw,16,1.166944980621338,1.442750096321106,4.964893960893341,3.797948980272003,3.797948980272003,,False,5.863691703811234
12295,39627787752964760,0.998746721465538,2,red,constant,16,0.8189717531204224,0.1482275128364563,1.1746071577072144,0.355635404586792,0.355635404586792,0.4342462401563428,False,0.8979305624961853
12295,39627787752964760,0.998746721465538,2,red,powerlaw,16,0.8189717531204224,0.1482275128364563,0.8046872596534467,-0.01428449346697569,0.01428449346697569,0.017441985529475623,False,0.8234178803279301
3615,39627805356461092,0.9268038298230442,2,blue,constant,16,1.6055716276168823,1.1742656230926514,2.614687919616699,1.009116291999817,1.009116291999817,,False,4.044478893280029
3615,39627805356461092,0.9268038298230442,2,blue,powerlaw,16,1.6055716276168823,1.1742656230926514,3.0908367433731714,1.485265115756289,1.485265115756289,,False,4.24172633144062
3615,39627805356461092,0.9268038298230442,2,red,constant,16,1.1895451545715332,0.1580430418252945,0.7415769696235657,-0.44796818494796753,0.44796818494796753,0.3765877934321231,False,1.374815821647644
3615,39627805356461092,0.9268038298230442,2,red,powerlaw,16,1.1895451545715332,0.1580430418252945,0.5979741016900301,-0.5915710528815031,0.5915710528815031,0.49730861464824627,False,1.428899657198016
9985,39627835563836870,1.1523985093787672,2,blue,constant,14,2.0837769508361816,0.8061795234680176,2.080812454223633,-0.002964496612548828,0.002964496612548828,,False,3.241429328918457
9985,39627835563836870,1.1523985093787672,2,blue,powerlaw,14,2.0837769508361816,0.8061795234680176,2.1233346839666054,0.03955773313042377,0.03955773313042377,,False,3.2336828401802262
9985,39627835563836870,1.1523985093787672,2,red,constant,14,1.0990020036697388,0.13562016827719553,1.1109678745269775,0.01196587085723877,0.01196587085723877,0.010887942712827515,False,0.4758608043193817
9985,39627835563836870,1.1523985093787672,2,red,powerlaw,14,1.0990020036697388,0.13562016827719553,0.9649467344661151,-0.13405526920362365,0.13405526920362365,0.12197909444750077,False,0.49276977620253704
4651,39627847651821207,1.004703128449214,2,blue,constant,15,2.7481446266174316,0.6449699401855469,1.3720327615737915,-1.3761118650436401,1.3761118650436401,0.5007421558949882,False,4.049529552459717
4651,39627847651821207,1.004703128449214,2,blue,powerlaw,15,2.7481446266174316,0.6449699401855469,1.4884048650728878,-1.2597397615445438,1.2597397615445438,0.4583964575019842,False,4.007966744892986
4651,39627847651821207,1.004703128449214,2,red,constant,15,0.9923427104949951,0.07467589378356934,1.054154396057129,0.06181168556213379,0.06181168556213379,0.06228864777099155,False,0.4595130681991577
4651,39627847651821207,1.004703128449214,2,red,powerlaw,15,0.9923427104949951,0.07467589378356934,1.0925472719640459,0.10020456146905077,0.10020456146905077,0.10097777754528701,False,0.46869168804990086
11618,39627787761353940,1.0398372987853868,2,blue,constant,15,3.3534905910491943,0.6469706217447917,1.832385778427124,-1.5211048126220703,1.5211048126220703,0.4535885136168424,False,2.6160800457000732
11618,39627787761353940,1.0398372987853868,2,blue,powerlaw,15,3.3534905910491943,0.6469706217447917,2.6009577927340013,-0.752532798315193,0.752532798315193,0.22440283575680195,False,2.1986231033616215
11618,39627787761353940,1.0398372987853868,2,red,constant,15,0.8017358779907227,0.11314490636189779,0.8281862735748291,0.026450395584106445,0.026450395584106445,0.03299140815600685,False,0.40423065423965454
11618,39627787761353940,1.0398372987853868,2,red,powerlaw,15,0.8017358779907227,0.11314490636189779,0.7368454114036387,-0.06489046658708397,0.06489046658708397,0.08093746128676414,False,0.40480303997168127
5757,39627835538672709,1.1082234803262432,2,blue,constant,15,1.6951630115509033,0.4023026466369629,1.9004454612731934,0.20528244972229004,0.20528244972229004,0.12109894347828962,False,1.6962542533874512
5757,39627835538672709,1.1082234803262432,2,blue,powerlaw,15,1.6951630115509033,0.4023026466369629,2.572284959726474,0.8771219481755708,0.8771219481755708,0.5174263136930368,False,1.914531847737255
5757,39627835538672709,1.1082234803262432,2,red,constant,15,0.837738573551178,0.0740376631418864,0.9479883909225464,0.11024981737136841,0.11024981737136841,0.13160408372270466,False,0.38709673285484314
5757,39627835538672709,1.1082234803262432,2,red,powerlaw,15,0.837738573551178,0.0740376631418864,0.8972756881546786,0.05953711460350064,0.05953711460350064,0.07106884711196061,False,0.36859873467229376
3947,39627823475853387,0.9264285100818856,2,blue,constant,16,-0.5815622806549072,0.854337751865387,1.7666137218475342,2.3481760025024414,2.3481760025024414,,False,4.983492851257324
3947,39627823475853387,0.9264285100818856,2,blue,powerlaw,16,-0.5815622806549072,0.854337751865387,1.3672510468688996,1.9488133275238069,1.9488133275238069,,False,4.8122310694661286
3947,39627823475853387,0.9264285100818856,2,red,constant,16,1.953704833984375,0.14209617674350739,0.5010092258453369,-1.452695608139038,1.452695608139038,0.7435594071681845,False,2.8109264373779297
3947,39627823475853387,0.9264285100818856,2,red,powerlaw,16,1.953704833984375,0.14209617674350739,0.6051344571377937,-1.3485703768465813,1.3485703768465813,0.6902631110843465,False,2.759762574589753
9603,39627841603637919,1.1704142680035854,2,blue,constant,14,3.3993561267852783,0.8677276202610561,2.0204317569732666,-1.3789243698120117,1.3789243698120117,0.4056428095152362,False,2.692233085632324
9603,39627841603637919,1.1704142680035854,2,blue,powerlaw,14,3.3993561267852783,0.8677276202610561,2.3537212277738484,-1.04563489901143,1.04563489901143,0.30759792737581504,False,2.5347297570204743
9603,39627841603637919,1.1704142680035854,2,red,constant,14,1.2166287899017334,0.2233248267854963,1.1432898044586182,-0.07333898544311523,0.07333898544311523,0.060280494799928905,False,1.2382161617279053
9603,39627841603637919,1.1704142680035854,2,red,powerlaw,14,1.2166287899017334,0.2233248267854963,0.5443120100114308,-0.6723167798903026,0.6723167798903026,0.5526063376690316,False,1.4186893859683367
2724,39627823475855007,0.9498930469719497,2,blue,constant,16,1.413581371307373,0.8118985295295715,1.616465449333191,0.20288407802581787,0.20288407802581787,,False,2.824422597885132
2724,39627823475855007,0.9498930469719497,2,blue,powerlaw,16,1.413581371307373,0.8118985295295715,0.8025287163188639,-0.6110526549885091,0.6110526549885091,,False,2.8826227296366786
2724,39627823475855007,0.9498930469719497,2,red,constant,16,1.1768625974655151,0.10661513358354568,0.864510715007782,-0.31235188245773315,0.31235188245773315,0.2654106631737745,False,0.7956506013870239
2724,39627823475855007,0.9498930469719497,2,red,powerlaw,16,1.1768625974655151,0.10661513358354568,0.8893497199083092,-0.2875128775572059,0.2875128775572059,0.2443045417335822,False,0.7885681818677133
6139,39627835547063428,0.9920298524836598,2,blue,constant,16,0.09764942526817322,0.5751419067382812,1.0882377624511719,0.9905883371829987,0.9905883371829987,,False,2.249382495880127
6139,39627835547063428,0.9920298524836598,2,blue,powerlaw,16,0.09764942526817322,0.5751419067382812,1.031102858614697,0.9334534333465239,0.9334534333465239,,False,2.214864544042014
6139,39627835547063428,0.9920298524836598,2,red,constant,16,1.2102704048156738,0.08348079770803452,0.9588747620582581,-0.25139564275741577,0.25139564275741577,0.20771857409477326,False,0.7935132384300232
6139,39627835547063428,0.9920298524836598,2,red,powerlaw,16,1.2102704048156738,0.08348079770803452,0.8394608552290275,-0.37080954958664636,0.37080954958664636,0.3063857036503518,False,0.8412389239783427
11828,39627793805345815,1.16047538767111,2,blue,constant,14,0.7874159216880798,0.34517383575439453,0.07439850270748138,-0.7130174189805984,0.7130174189805984,,False,1.5083178281784058
11828,39627793805345815,1.16047538767111,2,blue,powerlaw,14,0.7874159216880798,0.34517383575439453,0.12948657342667075,-0.657929348261409,0.657929348261409,,False,1.4881476993261267
11828,39627793805345815,1.16047538767111,2,red,constant,14,1.4437668323516846,0.060279356581824164,1.2606619596481323,-0.18310487270355225,0.18310487270355225,0.12682440723846056,False,0.2641335725784302
11828,39627793805345815,1.16047538767111,2,red,powerlaw,14,1.4437668323516846,0.060279356581824164,1.4112721295468786,-0.03249470280480593,0.03249470280480593,0.022506891055169082,False,0.2004677703478577
9580,39627853674841145,0.9920272810007554,2,blue,constant,16,0.8973689079284668,0.6947518587112427,2.3607492446899414,1.4633803367614746,1.4633803367614746,,False,3.7077043056488037
9580,39627853674841145,0.9920272810007554,2,blue,powerlaw,16,0.8973689079284668,0.6947518587112427,2.4756153248814945,1.5782464169530277,1.5782464169530277,,False,3.7937390868062817
9580,39627853674841145,0.9920272810007554,2,red,constant,16,1.2211230993270874,0.10016760975122452,1.0279278755187988,-0.19319522380828857,0.19319522380828857,0.15821109592861754,False,0.5868377685546875
9580,39627853674841145,0.9920272810007554,2,red,powerlaw,16,1.2211230993270874,0.10016760975122452,0.811017582161961,-0.41010551716512644,0.41010551716512644,0.3358428952749476,False,0.6880641820806674
5416,39627823463269614,0.988820601777058,2,blue,constant,16,2.313242197036743,0.338670939207077,1.4776238203048706,-0.8356183767318726,0.8356183767318726,0.36123254962333706,False,1.511055827140808
5416,39627823463269614,0.988820601777058,2,blue,powerlaw,16,2.313242197036743,0.338670939207077,1.769566242926759,-0.5436759541099843,0.5436759541099843,0.23502768313946185,False,1.3792602199801591
5416,39627823463269614,0.988820601777058,2,red,constant,16,0.8902284502983093,0.04914545267820358,1.056931734085083,0.16670328378677368,0.16670328378677368,0.18725899372336682,False,0.33192721009254456
5416,39627823463269614,0.988820601777058,2,red,powerlaw,16,0.8902284502983093,0.04914545267820358,1.0254422305491,0.13521378025079067,0.13521378025079067,0.1518866086626208,False,0.3206177100470647
4588,39627865771215611,1.2412959160419066,3,blue,constant,14,1.604737639427185,1.0594487190246582,2.578077554702759,0.9733399152755737,0.9733399152755737,,False,3.9646594524383545
4588,39627865771215611,1.2412959160419066,3,blue,powerlaw,14,1.604737639427185,1.0594487190246582,2.503925550901143,0.899187911473958,0.899187911473958,,False,4.0027834117669245
4588,39627865771215611,1.2412959160419066,3,red,constant,14,1.052617073059082,0.13950764281409128,0.9920700192451477,-0.060547053813934326,0.060547053813934326,0.05752049378980185,False,0.5232933759689331
4588,39627865771215611,1.2412959160419066,3,red,powerlaw,14,1.052617073059082,0.13950764281409128,1.196479411777909,0.14386233871882692,0.14386233871882692,0.13667110519188028,False,0.5406416492056602
12012,39627787748774797,1.2911508275437202,3,blue,constant,14,2.3184168338775635,0.44125332151140484,3.4295756816864014,1.111158847808838,1.111158847808838,0.4792748359881511,False,1.656016230583191
12012,39627787748774797,1.2911508275437202,3,blue,powerlaw,14,2.3184168338775635,0.44125332151140484,3.7830315505830696,1.4646147167055061,1.4646147167055061,0.6317305392645596,False,1.9621270286569354
12012,39627787748774797,1.2911508275437202,3,red,constant,14,0.9361738562583923,0.06810660447393145,0.990136981010437,0.05396312475204468,0.05396312475204468,0.057642204374002914,False,0.19717618823051453
12012,39627787748774797,1.2911508275437202,3,red,powerlaw,14,0.9361738562583923,0.06810660447393145,1.0002804596173225,0.06410660335893015,0.06410660335893015,0.06847724162597867,False,0.19960799605841123
10170,39627841595247566,1.2476716525081852,3,blue,constant,14,7.685485363006592,2.1302648271833147,5.049656867980957,-2.6358284950256348,2.6358284950256348,0.3429618782065429,False,5.963841438293457
10170,39627841595247566,1.2476716525081852,3,blue,powerlaw,14,7.685485363006592,2.1302648271833147,7.610704805499771,-0.07478055750682078,0.07478055750682078,0.009730102130799756,False,5.219044817476242
10170,39627841595247566,1.2476716525081852,3,red,constant,14,1.0089524984359741,0.27529329913003103,0.696599006652832,-0.3123534917831421,0.3123534917831421,0.3095819597724732,False,1.0349315404891968
10170,39627841595247566,1.2476716525081852,3,red,powerlaw,14,1.0089524984359741,0.27529329913003103,0.93161967450662,-0.07733282392935414,0.07733282392935414,0.07664664496022507,False,0.9990084019063784
5726,39627823467467428,1.3346303700291982,3,blue,constant,13,0.5285544395446777,0.8753637900719275,1.411968469619751,0.8834140300750732,0.8834140300750732,,False,3.071131706237793
5726,39627823467467428,1.3346303700291982,3,blue,powerlaw,13,0.5285544395446777,0.8753637900719275,2.0634624264722916,1.5349079869276139,1.5349079869276139,,False,3.3569400459751892
5726,39627823467467428,1.3346303700291982,3,red,constant,13,1.1782169342041016,0.12645554542541504,1.3319684267044067,0.15375149250030518,0.15375149250030518,0.13049506252782386,False,0.5929940938949585
5726,39627823467467428,1.3346303700291982,3,red,powerlaw,13,1.1782169342041016,0.12645554542541504,1.5258286848490294,0.3476117506449279,0.3476117506449279,0.29503204423024476,False,0.6816632136079711
298,39627574963343594,1.248842970532584,3,blue,constant,14,1.914048433303833,0.8046533039637974,2.046079397201538,0.13203096389770508,0.13203096389770508,,False,2.7572059631347656
298,39627574963343594,1.248842970532584,3,blue,powerlaw,14,1.914048433303833,0.8046533039637974,3.154190698518139,1.2401422652143061,1.2401422652143061,,False,3.0667839038417175
298,39627574963343594,1.248842970532584,3,red,constant,14,1.0722509622573853,0.11417699711663383,0.8468409776687622,-0.22540998458862305,0.22540998458862305,0.21022129382292426,False,0.5681038498878479
298,39627574963343594,1.248842970532584,3,red,powerlaw,14,1.0722509622573853,0.11417699711663383,0.8342426629613103,-0.23800829929607492,0.23800829929607492,0.22197070245103956,False,0.5801354743143036
3202,39627823471662128,1.3198437865771198,3,blue,constant,13,2.1182093620300293,1.3909573188194861,3.1776087284088135,1.0593993663787842,1.0593993663787842,,False,5.232607841491699
3202,39627823471662128,1.3198437865771198,3,blue,powerlaw,13,2.1182093620300293,1.3909573188194861,3.0679725135795812,0.9497631515495519,0.9497631515495519,,False,5.212287280583796
3202,39627823471662128,1.3198437865771198,3,red,constant,13,0.9069718718528748,0.11558115482330322,1.0476911067962646,0.1407192349433899,0.1407192349433899,0.1551528104790187,False,0.4562978148460388
3202,39627823471662128,1.3198437865771198,3,red,powerlaw,13,0.9069718718528748,0.11558115482330322,1.12015166446251,0.21317979260963527,0.21317979260963527,0.2350456494026933,False,0.4782092737943697
5932,39627823463273097,1.2510625042902248,3,blue,constant,14,2.3175435066223145,0.7753344944545201,1.7302491664886475,-0.587294340133667,0.587294340133667,,False,2.6612026691436768
5932,39627823463273097,1.2510625042902248,3,blue,powerlaw,14,2.3175435066223145,0.7753344944545201,2.4635507795100713,0.14600727288775683,0.14600727288775683,,False,2.612828572984185
5932,39627823463273097,1.2510625042902248,3,red,constant,14,1.0849491357803345,0.16462341376713344,0.8320568799972534,-0.25289225578308105,0.25289225578308105,0.23309134727425893,False,0.6839514970779419
5932,39627823463273097,1.2510625042902248,3,red,powerlaw,14,1.0849491357803345,0.16462341376713344,0.8894636714040196,-0.19548546437631487,0.19548546437631487,0.18017938162208377,False,0.6703766511052475
9384,39627853674843204,1.3249760616582127,3,blue,constant,13,3.4313082695007324,1.2273481075580304,2.7515957355499268,-0.6797125339508057,0.6797125339508057,,False,4.0460052490234375
9384,39627853674843204,1.3249760616582127,3,blue,powerlaw,13,3.4313082695007324,1.2273481075580304,2.978565546730018,-0.4527427227707146,0.4527427227707146,,False,4.0240834733450335
9384,39627853674843204,1.3249760616582127,3,red,constant,13,1.1117031574249268,0.16939931649428147,1.231752634048462,0.12004947662353516,0.12004947662353516,0.107986988992286,False,0.7099947929382324
9384,39627853674843204,1.3249760616582127,3,red,powerlaw,13,1.1117031574249268,0.16939931649428147,1.2719223595387386,0.1602192021138118,0.1602192021138118,0.14412048849886566,False,0.6936333029001697
12132,39627787761353074,1.4326446044579615,3,blue,constant,13,2.121753215789795,0.47001901039710414,1.4420292377471924,-0.6797239780426025,0.6797239780426025,0.32035958422694516,False,1.3104596138000488
12132,39627787761353074,1.4326446044579615,3,blue,powerlaw,13,2.121753215789795,0.47001901039710414,2.2105999749222267,0.08884675913243179,0.08884675913243179,0.041874219146339195,False,1.1255501887814496
12132,39627787761353074,1.4326446044579615,3,red,constant,13,1.3024699687957764,0.08041619337522067,1.0262682437896729,-0.2762017250061035,0.2762017250061035,0.21205995656197058,False,0.6413097977638245
12132,39627787761353074,1.4326446044579615,3,red,powerlaw,13,1.3024699687957764,0.08041619337522067,1.1484282425633332,-0.15404172623244317,0.15404172623244317,0.1182689274401201,False,0.5776898238782442
10777,39627847626657080,1.3632117601045148,3,blue,constant,13,8.440117835998535,3.068555685190054,5.669228553771973,-2.7708892822265625,2.7708892822265625,,False,8.907278060913086
10777,39627847626657080,1.3632117601045148,3,blue,powerlaw,13,8.440117835998535,3.068555685190054,5.681405096988971,-2.758712739009564,2.758712739009564,,False,8.922250133303622
10777,39627847626657080,1.3632117601045148,3,red,constant,13,0.5749970078468323,0.5749962880061223,0.41873699426651,-0.15626001358032227,0.15626001358032227,,False,1.8283848762512207
10777,39627847626657080,1.3632117601045148,3,red,powerlaw,13,0.5749970078468323,0.5749962880061223,0.9069652201552469,0.33196821230841467,0.33196821230841467,,False,1.8501472180017648
9420,39627835559645950,1.568283101013829,3,blue,constant,12,16.60797691345215,6.069733301798503,2.586446523666382,-14.021530389785767,14.021530389785767,,False,26.64032554626465
9420,39627835559645950,1.568283101013829,3,blue,powerlaw,12,16.60797691345215,6.069733301798503,3.6927172834082147,-12.915259630043934,12.915259630043934,,False,26.125378711419614
9420,39627835559645950,1.568283101013829,3,red,constant,12,1.7877378463745117,0.7413546244303385,1.248916745185852,-0.5388211011886597,0.5388211011886597,,False,5.2801055908203125
9420,39627835559645950,1.568283101013829,3,red,powerlaw,12,1.7877378463745117,0.7413546244303385,1.3721435904307964,-0.41559425594371535,0.41559425594371535,,False,5.269333034654481
231,39627563030545557,1.347997823227218,3,blue,constant,13,1.9719090461730957,0.6969918471116286,1.9849566221237183,0.013047575950622559,0.013047575950622559,,False,2.8420779705047607
231,39627563030545557,1.347997823227218,3,blue,powerlaw,13,1.9719090461730957,0.6969918471116286,2.939166724966471,0.9672576787933753,0.9672576787933753,,False,2.987566875186926
231,39627563030545557,1.347997823227218,3,red,constant,13,1.018607258796692,0.08448233054234432,1.0356428623199463,0.017035603523254395,0.017035603523254395,0.01672440813290395,False,0.29329580068588257
231,39627563030545557,1.347997823227218,3,red,powerlaw,13,1.018607258796692,0.08448233054234432,1.2544154259123368,0.2358081671156449,0.2358081671156449,0.23150057598667756,False,0.38974494368295276
117,39627563022156824,1.5610555994848516,3,blue,constant,12,4.299394130706787,1.7070121765136719,4.348397731781006,0.04900360107421875,0.04900360107421875,,False,4.911895275115967
117,39627563022156824,1.5610555994848516,3,blue,powerlaw,12,4.299394130706787,1.7070121765136719,5.389575474114236,1.0901813434074485,1.0901813434074485,,False,4.917616035150947
117,39627563022156824,1.5610555994848516,3,red,constant,12,1.2924233675003052,0.34808921813964844,1.487301230430603,0.19487786293029785,0.19487786293029785,0.1507848494779338,False,3.0979061126708984
117,39627563022156824,1.5610555994848516,3,red,powerlaw,12,1.2924233675003052,0.34808921813964844,1.4193484648990486,0.12692509739874347,0.12692509739874347,0.09820705860822615,False,3.1157195328134266
1224,39627841624607359,1.4094580745720913,3,blue,constant,13,8.197622299194336,1.6475207989032452,7.651673316955566,-0.5459489822387695,0.5459489822387695,0.06659845529751053,False,5.622953414916992
1224,39627841624607359,1.4094580745720913,3,blue,powerlaw,13,8.197622299194336,1.6475207989032452,9.52140710758673,1.3237848083923947,1.3237848083923947,0.16148399622198945,False,5.531975416744669
1224,39627841624607359,1.4094580745720913,3,red,constant,13,0.45623084902763367,0.3416146498460036,0.981690526008606,0.5254596769809723,0.5254596769809723,,False,1.4775762557983398
1224,39627841624607359,1.4094580745720913,3,red,powerlaw,13,0.45623084902763367,0.3416146498460036,1.3054804678418366,0.8492496188142029,0.8492496188142029,,False,1.6219943467841842
11549,39627793801153520,1.271770118619023,3,blue,constant,14,4.526974201202393,2.068180629185268,6.5847601890563965,2.057785987854004,2.057785987854004,,False,7.166330814361572
11549,39627793801153520,1.271770118619023,3,blue,powerlaw,14,4.526974201202393,2.068180629185268,8.073600851146546,3.5466266499441534,3.5466266499441534,,False,7.763632579739455
11549,39627793801153520,1.271770118619023,3,red,constant,14,0.8549759984016418,0.2665689502443586,0.7021087408065796,-0.15286725759506226,0.15286725759506226,0.17879713334742042,False,0.6709396839141846
11549,39627793801153520,1.271770118619023,3,red,powerlaw,14,0.8549759984016418,0.2665689502443586,0.5685929696246111,-0.2863830287770307,0.2863830287770307,0.3349603138712867,False,0.7326700221750017
5000,39627859727225731,1.4315370520775408,3,blue,constant,13,3.2086896896362305,0.9472995171180139,2.8533692359924316,-0.35532045364379883,0.35532045364379883,0.11073693252153702,False,4.960818290710449
5000,39627859727225731,1.4315370520775408,3,blue,powerlaw,13,3.2086896896362305,0.9472995171180139,3.9508782333522365,0.7421885437160061,0.7421885437160061,0.23130580252531308,False,5.045683441250829
5000,39627859727225731,1.4315370520775408,3,red,constant,13,0.7535136342048645,0.15520042639512283,1.1885651350021362,0.43505150079727173,0.43505150079727173,0.5773638074330987,False,0.6215600967407227
5000,39627859727225731,1.4315370520775408,3,red,powerlaw,13,0.7535136342048645,0.15520042639512283,1.118371091209046,0.3648574570041816,0.3648574570041816,0.48420816882655704,False,0.5811758415287469
10089,39627835551257004,1.4491783791217565,3,blue,constant,13,3.6827661991119385,1.2024242694561298,4.719002723693848,1.0362365245819092,1.0362365245819092,0.28137450724723906,False,3.4296042919158936
10089,39627835551257004,1.4491783791217565,3,blue,powerlaw,13,3.6827661991119385,1.2024242694561298,6.71918938392828,3.036423184816342,3.036423184816342,0.8244952355510768,False,4.498297924198338
10089,39627835551257004,1.4491783791217565,3,red,constant,13,0.8021821975708008,0.20764422416687012,1.3805205821990967,0.5783383846282959,0.5783383846282959,0.7209563941703551,False,0.898739218711853
10089,39627835551257004,1.4491783791217565,3,red,powerlaw,13,0.8021821975708008,0.20764422416687012,1.1476996394643553,0.3455174418935545,0.3455174418935545,0.4307219020066312,False,0.769862401083074
9471,39627835551257210,1.3190823015332698,3,blue,constant,13,0.7696463465690613,1.094144160930927,3.2834551334381104,2.513808786869049,2.513808786869049,,False,4.973928928375244
9471,39627835551257210,1.3190823015332698,3,blue,powerlaw,13,0.7696463465690613,1.094144160930927,4.147962417505261,3.3783160709362,3.3783160709362,,False,5.640078322606383
9471,39627835551257210,1.3190823015332698,3,red,constant,13,0.9257190227508545,0.15562901130089393,0.9863892793655396,0.06067025661468506,0.06067025661468506,0.06553852208243288,False,0.5234781503677368
9471,39627835551257210,1.3190823015332698,3,red,powerlaw,13,0.9257190227508545,0.15562901130089393,1.3053193175868443,0.3796002948359898,0.3796002948359898,0.41005994854461836,False,0.6584430923127929
9253,39627853679039174,1.3149872246899943,3,blue,constant,13,5.237760066986084,1.3339333167442908,2.984886407852173,-2.252873659133911,2.252873659133911,0.4301215844791954,False,5.5574421882629395
9253,39627853679039174,1.3149872246899943,3,blue,powerlaw,13,5.237760066986084,1.3339333167442908,4.740870288194425,-0.4968897787916591,0.4968897787916591,0.09486684621611158,False,5.047961343255993
9253,39627853679039174,1.3149872246899943,3,red,constant,13,0.8420174717903137,0.26441383361816406,1.1356523036956787,0.293634831905365,0.293634831905365,0.34872771853656787,False,1.0359772443771362
9253,39627853679039174,1.3149872246899943,3,red,powerlaw,13,0.8420174717903137,0.26441383361816406,1.2094191342572012,0.36740166246688744,0.36740166246688744,0.4363349630806484,False,1.0607888679581363
11474,39627853666451686,1.324863085579408,3,blue,constant,13,3.5868911743164062,0.9256589596088116,2.623197317123413,-0.9636938571929932,0.9636938571929932,0.2686710609157678,False,2.3791723251342773
11474,39627853666451686,1.324863085579408,3,blue,powerlaw,13,3.5868911743164062,0.9256589596088116,2.8507076578403816,-0.7361835164760246,0.7361835164760246,0.20524278008415667,False,2.2948110239918367
11474,39627853666451686,1.324863085579408,3,red,constant,13,1.186557650566101,0.17133606397188628,0.9471244812011719,-0.2394331693649292,0.2394331693649292,0.20178806251065573,False,0.9288376569747925
11474,39627853666451686,1.324863085579408,3,red,powerlaw,13,1.186557650566101,0.17133606397188628,1.3989443110701834,0.21238666050408228,0.21238666050408228,0.1789939666250128,False,0.9143838825066676
9008,39627841599439369,1.4551429224005246,3,blue,constant,13,1.603005290031433,1.1795155451847956,1.7076624631881714,0.10465717315673828,0.10465717315673828,,False,3.854112148284912
9008,39627841599439369,1.4551429224005246,3,blue,powerlaw,13,1.603005290031433,1.1795155451847956,1.8972203082268326,0.2942150181953995,0.2942150181953995,,False,3.8683995454708375
9008,39627841599439369,1.4551429224005246,3,red,constant,13,0.8574416637420654,0.17716189531179574,1.1475001573562622,0.2900584936141968,0.2900584936141968,0.3382836475992049,False,0.8596615791320801
9008,39627841599439369,1.4551429224005246,3,red,powerlaw,13,0.8574416637420654,0.17716189531179574,0.9658337883239986,0.10839212458193315,0.10839212458193315,0.12641340999093267,False,0.8155900941174472
2043,39627847664404619,1.5141021773065937,3,blue,constant,12,4.906039237976074,1.0907336076100667,4.639021873474121,-0.2670173645019531,0.2670173645019531,0.0544262594630425,False,2.299565315246582
2043,39627847664404619,1.5141021773065937,3,blue,powerlaw,12,4.906039237976074,1.0907336076100667,4.531160764681905,-0.374878473294169,0.374878473294169,0.07641163372529823,False,2.3688781289557808
2043,39627847664404619,1.5141021773065937,3,red,constant,12,0.6718832850456238,0.2022982438405355,0.8736578822135925,0.20177459716796875,0.20177459716796875,0.3003119762895536,False,1.248311996459961
2043,39627847664404619,1.5141021773065937,3,red,powerlaw,12,0.6718832850456238,0.2022982438405355,0.8789402680369932,0.20705698299136943,0.20705698299136943,0.3081740349848253,False,1.2467328704264762
9782,39627853674843632,1.4144599411182714,3,blue,constant,13,2.348329544067383,0.8176510150615985,1.5367867946624756,-0.8115427494049072,0.8115427494049072,,False,2.600831985473633
9782,39627853674843632,1.4144599411182714,3,blue,powerlaw,13,2.348329544067383,0.8176510150615985,1.8784034352447199,-0.46992610882266295,0.46992610882266295,,False,2.479499728188486
9782,39627853674843632,1.4144599411182714,3,red,constant,13,1.0985356569290161,0.13767136977269098,1.1497803926467896,0.05124473571777344,0.05124473571777344,0.04664822247193084,False,0.47865551710128784
9782,39627853674843632,1.4144599411182714,3,red,powerlaw,13,1.0985356569290161,0.13767136977269098,0.9493935651448926,-0.14914209178412352,0.14914209178412352,0.1357644522901095,False,0.4958183352740561
53,39627568999042896,1.253059151579144,3,blue,constant,14,1.5416719913482666,0.5896051951817104,1.9678666591644287,0.4261946678161621,0.4261946678161621,,False,2.0972862243652344
53,39627568999042896,1.253059151579144,3,blue,powerlaw,14,1.5416719913482666,0.5896051951817104,2.349306668556962,0.8076346772086955,0.8076346772086955,,False,2.206645821696611
53,39627568999042896,1.253059151579144,3,red,constant,14,1.270462155342102,0.07526297228676933,1.0506840944290161,-0.21977806091308594,0.21977806091308594,0.17299063965735012,False,0.3513603210449219
53,39627568999042896,1.253059151579144,3,red,powerlaw,14,1.270462155342102,0.07526297228676933,1.1661789798648454,-0.10428317547725663,0.10428317547725663,0.08208286648977428,False,0.2863119119373499
7097,39627829524042026,1.5125204915794874,3,blue,constant,12,3.6747236251831055,0.45181437333424884,3.013298273086548,-0.6614253520965576,0.6614253520965576,0.1799932238614543,False,1.77437424659729
7097,39627829524042026,1.5125204915794874,3,blue,powerlaw,12,3.6747236251831055,0.45181437333424884,3.7321163732525857,0.05739274806948025,0.05739274806948025,0.015618248859904522,False,1.5677198999837396
7097,39627829524042026,1.5125204915794874,3,red,constant,12,1.2248960733413696,0.071609561642011,0.9381582736968994,-0.2867377996444702,0.2867377996444702,0.23409153305739963,False,0.4456031322479248
7097,39627829524042026,1.5125204915794874,3,red,powerlaw,12,1.2248960733413696,0.071609561642011,0.8028309824515749,-0.4220650908897947,0.4220650908897947,0.34457216418242875,False,0.538913064830682
7205,39627829536620690,1.2971527204269442,3,blue,constant,14,3.57041597366333,0.48306567328316824,2.302335500717163,-1.268080472946167,1.268080472946167,0.3551632309232268,False,2.6285440921783447
7205,39627829536620690,1.2971527204269442,3,blue,powerlaw,14,3.57041597366333,0.48306567328316824,2.3139899924461225,-1.2564259812172076,1.2564259812172076,0.351899047753835,False,2.6185068658619928
7205,39627829536620690,1.2971527204269442,3,red,constant,14,1.0501691102981567,0.09890153578349523,1.1687638759613037,0.11859476566314697,0.11859476566314697,0.11292920778204604,False,0.32094722986221313
7205,39627829536620690,1.2971527204269442,3,red,powerlaw,14,1.0501691102981567,0.09890153578349523,1.359623685641025,0.30945457534286835,0.30945457534286835,0.2946711842009999,False,0.4484054636679453
1333,39627853700009719,1.3982328201184089,3,blue,constant,13,2.3098537921905518,0.9136637907761794,2.475076913833618,0.1652231216430664,0.1652231216430664,,False,2.5320804119110107
1333,39627853700009719,1.3982328201184089,3,blue,powerlaw,13,2.3098537921905518,0.9136637907761794,1.993744965716616,-0.3161088264739358,0.3161088264739358,,False,2.527895371533085
1333,39627853700009719,1.3982328201184089,3,red,constant,13,0.9477034211158752,0.1402566249553974,1.2925431728363037,0.34483975172042847,0.34483975172042847,0.3638688476131027,False,0.5185458064079285
1333,39627853700009719,1.3982328201184089,3,red,powerlaw,13,0.9477034211158752,0.1402566249553974,1.1479073720831006,0.20020395096722532,0.20020395096722532,0.21125169172808808,False,0.44769066264965957
12473,39627799836758514,1.5475915866344516,3,blue,constant,12,2.530104398727417,1.4376219113667805,2.716907262802124,0.18680286407470703,0.18680286407470703,,False,3.2037792205810547
12473,39627799836758514,1.5475915866344516,3,blue,powerlaw,12,2.530104398727417,1.4376219113667805,3.3311756770346856,0.8010712783072687,0.8010712783072687,,False,3.2811590099165393
12473,39627799836758514,1.5475915866344516,3,red,constant,12,0.7771472930908203,0.21109672387441,1.1955994367599487,0.4184521436691284,0.4184521436691284,0.5384463761108752,False,0.7921051979064941
12473,39627799836758514,1.5475915866344516,3,red,powerlaw,12,0.7771472930908203,0.21109672387441,0.8548078502968758,0.07766055720605547,0.07766055720605547,0.09993029364766734,False,0.6768165364881011
1765,39627835580613720,1.5979359547134,3,blue,constant,12,2.8521060943603516,0.3288163940111796,2.234332323074341,-0.6177737712860107,0.6177737712860107,0.21660266162874292,False,1.1184767484664917
1765,39627835580613720,1.5979359547134,3,blue,powerlaw,12,2.8521060943603516,0.3288163940111796,2.680069247411595,-0.17203684694875676,0.17203684694875676,0.060319231212659315,False,0.9558407819975125
1765,39627835580613720,1.5979359547134,3,red,constant,12,1.389013648033142,0.05320554474989573,0.9064352512359619,-0.4825783967971802,0.4825783967971802,0.3474252376717221,False,1.6203525066375732
1765,39627835580613720,1.5979359547134,3,red,powerlaw,12,1.389013648033142,0.05320554474989573,0.8146524452856907,-0.5743612027474514,0.5743612027474514,0.41350292242322667,False,1.6504603841131138
7554,39627835576420327,1.4283294606007453,3,blue,constant,13,3.0670416355133057,0.5865159768324631,2.2524526119232178,-0.8145890235900879,0.8145890235900879,0.2655943806428819,False,1.7272144556045532
7554,39627835576420327,1.4283294606007453,3,blue,powerlaw,13,3.0670416355133057,0.5865159768324631,2.5331074665932976,-0.5339341689200081,0.5339341689200081,0.17408768199869837,False,1.569186150896783
7554,39627835576420327,1.4283294606007453,3,red,constant,13,1.1616765260696411,0.0966574870623075,1.0255411863327026,-0.13613533973693848,0.13613533973693848,0.11718868091234662,False,0.5023747682571411
7554,39627835576420327,1.4283294606007453,3,red,powerlaw,13,1.1616765260696411,0.0966574870623075,1.0326058321126657,-0.12907069395697546,0.12907069395697546,0.11110725839805584,False,0.4992562277166605
12670,39627793796959352,1.4305871601982665,3,blue,constant,13,2.013437032699585,0.8177698575533353,2.187859058380127,0.174422025680542,0.174422025680542,,False,2.5560085773468018
12670,39627793796959352,1.4305871601982665,3,blue,powerlaw,13,2.013437032699585,0.8177698575533353,2.8220699554879585,0.8086329227883735,0.8086329227883735,,False,2.6142855157969045
12670,39627793796959352,1.4305871601982665,3,red,constant,13,0.9795995950698853,0.11360543507796067,0.9946088194847107,0.01500922441482544,0.01500922441482544,0.015321795242018932,False,0.5131774544715881
12670,39627793796959352,1.4305871601982665,3,red,powerlaw,13,0.9795995950698853,0.11360543507796067,1.0737512538767784,0.09415165880689313,0.09415165880689313,0.09611239049172565,False,0.5226806683641608
6126,39627829498874494,1.273219183282016,3,blue,constant,14,0.7932382225990295,0.3892816816057478,2.002739191055298,1.2095009684562683,1.2095009684562683,,False,2.0743985176086426
6126,39627829498874494,1.273219183282016,3,blue,powerlaw,14,0.7932382225990295,0.3892816816057478,2.9584717116535164,2.165233489054487,2.165233489054487,,False,2.7708878523084453
6126,39627829498874494,1.273219183282016,3,red,constant,14,1.0148903131484985,0.046720228024891446,1.097057580947876,0.08216726779937744,0.08216726779937744,0.08096172239980257,False,0.19063498079776764
6126,39627829498874494,1.273219183282016,3,red,powerlaw,14,1.0148903131484985,0.046720228024891446,1.3117027405314858,0.2968124273829873,0.2968124273829873,0.2924576415181113,False,0.3601177304353304
11784,39627787757161092,1.2020691475331982,3,blue,constant,14,1.5307214260101318,0.9052047729492188,2.879390239715576,1.3486688137054443,1.3486688137054443,,False,3.8536388874053955
11784,39627787757161092,1.2020691475331982,3,blue,powerlaw,14,1.5307214260101318,0.9052047729492188,3.477678561902777,1.946957135892645,1.946957135892645,,False,4.2361060887006134
11784,39627787757161092,1.2020691475331982,3,red,constant,14,0.9418864846229553,0.14360524926866805,0.8951491117477417,-0.04673737287521362,0.04673737287521362,0.0496210250791771,False,0.4649953246116638
11784,39627787757161092,1.2020691475331982,3,red,powerlaw,14,0.9418864846229553,0.14360524926866805,0.9859717042990903,0.04408521967613499,0.04408521967613499,0.04680523650764843,False,0.46247996615257414
1107,39627841616221893,1.4337126569226997,3,blue,constant,13,2.3371922969818115,1.459863075843224,5.374823570251465,3.0376312732696533,3.0376312732696533,,False,6.4421610832214355
1107,39627841616221893,1.4337126569226997,3,blue,powerlaw,13,2.3371922969818115,1.459863075843224,6.277982275775274,3.940789978793463,3.940789978793463,,False,6.830753620792888
1107,39627841616221893,1.4337126569226997,3,red,constant,13,1.1207211017608643,0.26775264739990234,0.48383891582489014,-0.6368821859359741,0.6368821859359741,0.5682789276790738,False,1.141496181488037
1107,39627841616221893,1.4337126569226997,3,red,powerlaw,13,1.1207211017608643,0.26775264739990234,1.0746435878552212,-0.046077513905643075,0.046077513905643075,0.041114166435562434,False,0.9513210544876246
2573,39627805360653639,1.4455308310850172,3,blue,constant,13,-0.513744056224823,1.5779379331148589,3.050614833831787,3.56435889005661,3.56435889005661,,False,6.070017337799072
2573,39627805360653639,1.4455308310850172,3,blue,powerlaw,13,-0.513744056224823,1.5779379331148589,4.631352406709989,5.145096462934812,5.145096462934812,,False,7.158508132265966
2573,39627805360653639,1.4455308310850172,3,red,constant,13,0.859932541847229,0.2947251246525691,0.82744300365448,-0.03248953819274902,0.03248953819274902,,False,1.0892901420593262
2573,39627805360653639,1.4455308310850172,3,red,powerlaw,13,0.859932541847229,0.2947251246525691,0.5845458315778365,-0.27538671026939254,0.27538671026939254,,False,1.1290034783767886
11167,39627859706250480,1.2203965431844137,3,blue,constant,14,1.2876701354980469,0.8775918143136161,1.622545838356018,0.3348757028579712,0.3348757028579712,,False,2.943499803543091
11167,39627859706250480,1.2203965431844137,3,blue,powerlaw,14,1.2876701354980469,0.8775918143136161,1.860637946178954,0.5729678106809071,0.5729678106809071,,False,3.0070124526417605
11167,39627859706250480,1.2203965431844137,3,red,constant,14,1.155518889427185,0.1531771421432495,1.057007074356079,-0.09851181507110596,0.09851181507110596,0.08525331430967807,False,0.8957820534706116
11167,39627859706250480,1.2203965431844137,3,red,powerlaw,14,1.155518889427185,0.1531771421432495,1.1917939572875107,0.03627506786032564,0.03627506786032564,0.0313928817540213,False,0.8899243539804842
3519,39627817440252824,1.343629467398889,3,blue,constant,13,2.9992878437042236,1.289616951575646,2.4708104133605957,-0.5284774303436279,0.5284774303436279,,False,5.672910213470459
3519,39627817440252824,1.343629467398889,3,blue,powerlaw,13,2.9992878437042236,1.289616951575646,2.475026283206143,-0.5242615604980805,0.5242615604980805,,False,5.658763676835867
3519,39627817440252824,1.343629467398889,3,red,constant,13,1.289763331413269,0.15796347764822152,0.9443713426589966,-0.34539198875427246,0.34539198875427246,0.26779485843794787,False,0.7005789279937744
3519,39627817440252824,1.343629467398889,3,red,powerlaw,13,1.289763331413269,0.15796347764822152,0.9416793237986287,-0.3480840076146403,0.3480840076146403,0.2698820776934512,False,0.7022168192608234
9499,39627841599441088,1.4559375240445849,3,blue,constant,13,6.169430732727051,1.0468747799213116,2.5040011405944824,-3.6654295921325684,3.6654295921325684,0.5941276838863789,False,4.8462629318237305
9499,39627841599441088,1.4559375240445849,3,blue,powerlaw,13,6.169430732727051,1.0468747799213116,3.3994463982353973,-2.7699843344916535,2.7699843344916535,0.4489854014889389,False,4.09560155228228
9499,39627841599441088,1.4559375240445849,3,red,constant,13,0.9668144583702087,0.15665105672983023,1.0363023281097412,0.06948786973953247,0.06948786973953247,0.07187301465957645,False,0.5189690589904785
9499,39627841599441088,1.4559375240445849,3,red,powerlaw,13,0.9668144583702087,0.15665105672983023,0.8832192126245906,-0.08359524574561816,0.08359524574561816,0.08646462102618681,False,0.52033676187923
546,39627580940225006,1.3488877905072727,3,blue,constant,13,3.5784449577331543,0.6950272780198318,1.8064312934875488,-1.7720136642456055,1.7720136642456055,0.495190979650593,False,3.3022854328155518
546,39627580940225006,1.3488877905072727,3,blue,powerlaw,13,3.5784449577331543,0.6950272780198318,2.419025181313329,-1.159419776419825,1.159419776419825,0.3240010088500244,False,2.9731796316012256
546,39627580940225006,1.3488877905072727,3,red,constant,13,0.7421554327011108,0.11313887742849496,1.255460500717163,0.5133050680160522,0.5133050680160522,0.6916409223710098,False,0.8044634461402893
546,39627580940225006,1.3488877905072727,3,red,powerlaw,13,0.7421554327011108,0.11313887742849496,1.1943137257651517,0.4521582930640409,0.4521582930640409,0.609250128936453,False,0.7806828345330378
6364,39627829515652610,1.3815514689287756,3,blue,constant,13,2.6254148483276367,0.8131943482619065,2.002254009246826,-0.6231608390808105,0.6231608390808105,0.23735709405230104,False,2.7218616008758545
6364,39627829515652610,1.3815514689287756,3,blue,powerlaw,13,2.6254148483276367,0.8131943482619065,2.336970085337398,-0.2884447629902387,0.2884447629902387,0.10986635623470141,False,2.695203679324764
6364,39627829515652610,1.3815514689287756,3,red,constant,13,1.36530601978302,0.12223718716548039,1.1584779024124146,-0.20682811737060547,0.20682811737060547,0.1514884680604246,False,0.5277166962623596
6364,39627829515652610,1.3815514689287756,3,red,powerlaw,13,1.36530601978302,0.12223718716548039,1.3053858090685369,-0.05992021071448317,0.05992021071448317,0.04388775105818835,False,0.47803401437662796
9168,39627847647626161,1.3604897748516225,3,blue,constant,13,1.3935545682907104,1.1985215407151442,2.9801251888275146,1.5865706205368042,1.5865706205368042,,False,3.8020668029785156
9168,39627847647626161,1.3604897748516225,3,blue,powerlaw,13,1.3935545682907104,1.1985215407151442,2.6239806555960095,1.230426087305299,1.230426087305299,,False,3.6514361405219953
9168,39627847647626161,1.3604897748516225,3,red,constant,13,0.47565335035324097,0.15740024126493013,0.8241702318191528,0.34851688146591187,0.34851688146591187,0.7327119239401719,False,1.6178710460662842
9168,39627847647626161,1.3604897748516225,3,red,powerlaw,13,0.47565335035324097,0.15740024126493013,1.2294279040401908,0.7537745536869498,0.7537745536869498,1.584714063565754,False,1.7615977652048471
8407,39627829528237054,1.2899606335580207,3,blue,constant,14,4.303238868713379,0.7002694266183036,2.977038860321045,-1.326200008392334,1.326200008392334,0.30818647275995936,False,3.200814962387085
8407,39627829528237054,1.2899606335580207,3,blue,powerlaw,14,4.303238868713379,0.7002694266183036,3.0392268393176556,-1.2640120293957233,1.2640120293957233,0.2937350372496633,False,3.130917945091239
8407,39627829528237054,1.2899606335580207,3,red,constant,14,0.8686009645462036,0.13887964827673777,1.315280795097351,0.44667983055114746,0.44667983055114746,0.5142520544914582,False,0.5472614169120789
8407,39627829528237054,1.2899606335580207,3,red,powerlaw,14,0.8686009645462036,0.13887964827673777,1.166547654830397,0.2979466902841934,0.2979466902841934,0.34301906450202274,False,0.4327330469191479
12704,39627775677566419,1.4001822416852938,3,blue,constant,13,3.8402979373931885,1.1382482235248272,2.94761323928833,-0.8926846981048584,0.8926846981048584,0.2324519380157303,False,2.865917205810547
12704,39627775677566419,1.4001822416852938,3,blue,powerlaw,13,3.8402979373931885,1.1382482235248272,3.204728112055699,-0.6355698253374893,0.6355698253374893,0.16550013454657034,False,2.803706907450745
12704,39627775677566419,1.4001822416852938,3,red,constant,13,1.502751111984253,0.17186357424809381,0.8996744155883789,-0.603076696395874,0.603076696395874,0.4013150890965327,False,0.975872278213501
12704,39627775677566419,1.4001822416852938,3,red,powerlaw,13,1.502751111984253,0.17186357424809381,1.0195939465337904,-0.4831571654504625,0.4831571654504625,0.3215150942809786,False,0.8981140798901434
10057,39627835555448716,1.3340169843439955,3,blue,constant,13,2.1221330165863037,0.9265137452345628,1.1094495058059692,-1.0126835107803345,1.0126835107803345,,False,2.8868825435638428
10057,39627835555448716,1.3340169843439955,3,blue,powerlaw,13,2.1221330165863037,0.9265137452345628,1.1277808283160407,-0.9943521882702631,0.9943521882702631,,False,2.87689427345345
10057,39627835555448716,1.3340169843439955,3,red,constant,13,0.6224887371063232,0.13946424080775335,1.096407175064087,0.47391843795776367,0.47391843795776367,0.7613285344901216,False,0.693771243095398
10057,39627835555448716,1.3340169843439955,3,red,powerlaw,13,0.6224887371063232,0.13946424080775335,1.2241455016042324,0.6016567644979092,0.6016567644979092,0.9665343782680266,False,0.7929589808428048
4105,39627811392066024,1.3436994260567665,3,blue,constant,13,1.5080811977386475,1.1747696216289814,0.7025555372238159,-0.8055256605148315,0.8055256605148315,,False,3.0055055618286133
4105,39627811392066024,1.3436994260567665,3,blue,powerlaw,13,1.5080811977386475,1.1747696216289814,0.9360794320889178,-0.5720017656497297,0.5720017656497297,,False,2.9547502043827687
4105,39627811392066024,1.3436994260567665,3,red,constant,13,1.4599286317825317,0.15390979326688325,0.8231161832809448,-0.6368124485015869,0.6368124485015869,0.43619423212767383,False,0.9613628387451172
4105,39627811392066024,1.3436994260567665,3,red,powerlaw,13,1.4599286317825317,0.15390979326688325,1.4398976166887907,-0.020031015093741056,0.020031015093741056,0.013720544044186428,False,0.7245884356183029
6888,39627841586858028,1.4582529256544905,3,blue,constant,13,1.6871706247329712,0.6259441375732422,1.937183141708374,0.25001251697540283,0.25001251697540283,,False,2.8190994262695312
6888,39627841586858028,1.4582529256544905,3,blue,powerlaw,13,1.6871706247329712,0.6259441375732422,2.3314781259993094,0.6443075012663382,0.6443075012663382,,False,2.910284866035689
6888,39627841586858028,1.4582529256544905,3,red,constant,13,1.408637523651123,0.10685409949376033,1.1005133390426636,-0.3081241846084595,0.3081241846084595,0.21873915711816047,False,0.7687081694602966
6888,39627841586858028,1.4582529256544905,3,red,powerlaw,13,1.408637523651123,0.10685409949376033,0.8984553804184656,-0.5101821432326574,0.5101821432326574,0.36218128132089583,False,0.8670721607819768
11593,39627793801152533,1.3442235890546792,3,blue,constant,13,-1.0356431007385254,2.155662830059345,2.443610906600952,3.4792540073394775,3.4792540073394775,,False,9.25294303894043
11593,39627793801152533,1.3442235890546792,3,blue,powerlaw,13,-1.0356431007385254,2.155662830059345,3.21559626882537,4.251239369563896,4.251239369563896,,False,9.779136813103797
11593,39627793801152533,1.3442235890546792,3,red,constant,13,0.7048681974411011,0.295172067788931,1.0809671878814697,0.37609899044036865,0.37609899044036865,,False,1.553358793258667
11593,39627793801152533,1.3442235890546792,3,red,powerlaw,13,0.7048681974411011,0.295172067788931,1.2500006444621534,0.5451324470210523,0.5451324470210523,,False,1.6109783417012777
841,39627835580615712,1.5828495552268325,3,blue,constant,12,2.471308708190918,0.639430046081543,1.2616757154464722,-1.2096329927444458,1.2096329927444458,0.4894706147941907,False,2.320502758026123
841,39627835580615712,1.5828495552268325,3,blue,powerlaw,12,2.471308708190918,0.639430046081543,1.7459423778558667,-0.7253663303350513,0.7253663303350513,0.29351506265926774,False,2.1092359808233128
841,39627835580615712,1.5828495552268325,3,red,constant,12,1.0512025356292725,0.1424183746178945,0.7916507720947266,-0.2595517635345459,0.2595517635345459,0.2469093773438937,False,1.1016117334365845
841,39627835580615712,1.5828495552268325,3,red,powerlaw,12,1.0512025356292725,0.1424183746178945,0.7468019233025354,-0.3044006123267371,0.3044006123267371,0.28957370440941366,False,1.1137657122267288
12724,39627793801151030,1.4911110656398394,3,blue,constant,13,5.6262617111206055,1.709752889779898,2.921600580215454,-2.7046611309051514,2.7046611309051514,0.4807208177961656,False,6.127809524536133
12724,39627793801151030,1.4911110656398394,3,blue,powerlaw,13,5.6262617111206055,1.709752889779898,4.055863994238597,-1.5703977168820087,1.5703977168820087,0.27911920872397994,False,5.755204815650681
12724,39627793801151030,1.4911110656398394,3,red,constant,13,0.7088101506233215,0.25916521365825945,1.0389463901519775,0.330136239528656,0.330136239528656,,False,1.2688177824020386
12724,39627793801151030,1.4911110656398394,3,red,powerlaw,13,0.7088101506233215,0.25916521365825945,1.1071145743025241,0.3983044236792026,0.3983044236792026,,False,1.283160290627979
8444,39627829532429975,1.271050292594729,3,blue,constant,14,3.582660436630249,1.313972336905343,4.089061260223389,0.5064008235931396,0.5064008235931396,,False,4.738117694854736
8444,39627829532429975,1.271050292594729,3,blue,powerlaw,14,3.582660436630249,1.313972336905343,4.31631392024024,0.7336534836099906,0.7336534836099906,,False,4.79924889193833
8444,39627829532429975,1.271050292594729,3,red,constant,14,0.619806170463562,0.33353897503444124,0.348390132188797,-0.271416038274765,0.271416038274765,,False,0.9171510338783264
8444,39627829532429975,1.271050292594729,3,red,powerlaw,14,0.619806170463562,0.33353897503444124,0.611504863951647,-0.008301306511914963,0.008301306511914963,,False,0.8596605758124424
6440,39627841582665687,1.245333523344185,3,blue,constant,14,0.9278375506401062,0.8350942475455148,1.1328001022338867,0.20496255159378052,0.20496255159378052,,False,4.7071452140808105
6440,39627841582665687,1.245333523344185,3,blue,powerlaw,14,0.9278375506401062,0.8350942475455148,2.0463049618373974,1.1184674111972912,1.1184674111972912,,False,4.820876106112304
6440,39627841582665687,1.245333523344185,3,red,constant,14,0.7739075422286987,0.1552903652191162,0.9515257477760315,0.17761820554733276,0.17761820554733276,0.22950830151600268,False,0.6435214877128601
6440,39627841582665687,1.245333523344185,3,red,powerlaw,14,0.7739075422286987,0.1552903652191162,1.0221281219932727,0.248220579764574,0.248220579764574,0.32073673691013327,False,0.6663229892437412
10544,39627859710445195,1.253592651724477,3,blue,constant,14,2.736225128173828,0.9379587173461914,1.5228983163833618,-1.2133268117904663,1.2133268117904663,,False,2.899656295776367
10544,39627859710445195,1.253592651724477,3,blue,powerlaw,14,2.736225128173828,0.9379587173461914,2.343013227014445,-0.3932119011593831,0.3932119011593831,,False,2.630516210304689
10544,39627859710445195,1.253592651724477,3,red,constant,14,0.7837308049201965,0.13938680716923305,1.053928256034851,0.27019745111465454,0.27019745111465454,0.3447579824837527,False,0.5507522225379944
10544,39627859710445195,1.253592651724477,3,red,powerlaw,14,0.7837308049201965,0.13938680716923305,1.104410588039812,0.32067978311961554,0.32067978311961554,0.4091708289458761,False,0.5771121920610774
7656,39627829532429519,1.564235094748227,3,blue,constant,12,2.815420150756836,0.5898422400156657,2.054137945175171,-0.761282205581665,0.761282205581665,0.2703973704873209,False,1.9152350425720215
7656,39627829532429519,1.564235094748227,3,blue,powerlaw,12,2.815420150756836,0.5898422400156657,1.9738714394562304,-0.8415487113006055,0.8415487113006055,0.29890697169102165,False,1.937770925818354
7656,39627829532429519,1.564235094748227,3,red,constant,12,1.4173694849014282,0.08492957552274068,0.8343951106071472,-0.582974374294281,0.582974374294281,0.41130727061957617,False,1.355421543121338
7656,39627829532429519,1.564235094748227,3,red,powerlaw,12,1.4173694849014282,0.08492957552274068,0.7701646258677596,-0.6472048590336686,0.6472048590336686,0.4566239543944174,False,1.3834087173162388
3517,39627805356463699,1.2633811905670624,3,blue,constant,14,7.193119525909424,1.1918903078351701,5.981585502624512,-1.211534023284912,1.211534023284912,0.16842956924613847,False,4.46294641494751
3517,39627805356463699,1.2633811905670624,3,blue,powerlaw,14,7.193119525909424,1.1918903078351701,8.471366045768601,1.2782465198591773,1.2782465198591773,0.17770405666901093,False,4.663945587959625
3517,39627805356463699,1.2633811905670624,3,red,constant,14,1.0989123582839966,0.13390920843396867,1.069113850593567,-0.029798507690429688,0.029798507690429688,0.02711636416298153,False,0.5984995365142822
3517,39627805356463699,1.2633811905670624,3,red,powerlaw,14,1.0989123582839966,0.13390920843396867,1.0817530880918296,-0.01715927019216701,0.01715927019216701,0.015614775885278074,False,0.5981643420169943
2190,39627847660210834,1.3681759764879469,3,blue,constant,13,2.343583822250366,0.39911581919743466,2.25435209274292,-0.08923172950744629,0.08923172950744629,0.03807490419598639,False,1.0520658493041992
2190,39627847660210834,1.3681759764879469,3,blue,powerlaw,13,2.343583822250366,0.39911581919743466,3.2201008399320097,0.8765170176816435,0.8765170176816435,0.37400711225254596,False,1.3679158612989868
2190,39627847660210834,1.3681759764879469,3,red,constant,13,1.0358917713165283,0.05463637755467342,1.010151982307434,-0.02573978900909424,0.02573978900909424,0.024847951998287626,False,0.2230353206396103
2190,39627847660210834,1.3681759764879469,3,red,powerlaw,13,1.0358917713165283,0.05463637755467342,1.0940734744574105,0.058181703140882224,0.058181703140882224,0.05616581263787658,False,0.23140319692777436
8323,39627835568032657,1.4055321858978111,3,blue,constant,13,3.1923367977142334,1.1436491012573242,1.6036039590835571,-1.5887328386306763,1.5887328386306763,,False,4.972925662994385
8323,39627835568032657,1.4055321858978111,3,blue,powerlaw,13,3.1923367977142334,1.1436491012573242,1.357979508146653,-1.8343572895675804,1.8343572895675804,,False,5.08318593015085
8323,39627835568032657,1.4055321858978111,3,red,constant,13,0.6896599531173706,0.19689176632807806,0.8333161473274231,0.1436561942100525,0.1436561942100525,0.20830003766451,False,0.883087158203125
8323,39627835568032657,1.4055321858978111,3,red,powerlaw,13,0.6896599531173706,0.19689176632807806,0.8339182753597318,0.14425832224236124,0.14425832224236124,0.2091731172591523,False,0.8841230707958323
2354,39627847656016465,1.3327382023700851,3,blue,constant,13,2.681668996810913,0.7711769984318659,1.4440019130706787,-1.2376670837402344,1.2376670837402344,0.46152865443575974,False,3.4604501724243164
2354,39627847656016465,1.3327382023700851,3,blue,powerlaw,13,2.681668996810913,0.7711769984318659,1.7136987775061228,-0.9679702193047903,0.9679702193047903,0.3609581273661728,False,3.369564171791964
2354,39627847656016465,1.3327382023700851,3,red,constant,13,0.9691016674041748,0.12307410973768967,1.0713059902191162,0.1022043228149414,0.1022043228149414,0.1054629521881897,False,0.4929769039154053
2354,39627847656016465,1.3327382023700851,3,red,powerlaw,13,0.9691016674041748,0.12307410973768967,1.2331069421090228,0.264005274704848,0.264005274704848,0.2724226813188854,False,0.5527641820906481
8312,39627823484242125,1.4428483340526306,3,blue,constant,13,4.753513336181641,1.348312231210562,3.6206753253936768,-1.1328380107879639,1.1328380107879639,0.23831594247675758,False,5.723845481872559
8312,39627823484242125,1.4428483340526306,3,blue,powerlaw,13,4.753513336181641,1.348312231210562,3.8692747264739342,-0.8842386097077064,0.8842386097077064,0.1860179086860393,False,5.6944888616371285
8312,39627823484242125,1.4428483340526306,3,red,constant,13,1.1365206241607666,0.25549426445594203,0.9615613222122192,-0.17495930194854736,0.17495930194854736,0.1539429186142059,False,0.6442871689796448
8312,39627823484242125,1.4428483340526306,3,red,powerlaw,13,1.1365206241607666,0.25549426445594203,1.1440397506755473,0.007519126514780705,0.007519126514780705,0.006615917348911291,False,0.61895359467016
8982,39627847626658244,1.2554766480709072,3,blue,constant,14,3.338326930999756,0.8387481144496373,2.1698155403137207,-1.1685113906860352,1.1685113906860352,0.35002904593771816,False,3.4477405548095703
8982,39627847626658244,1.2554766480709072,3,blue,powerlaw,14,3.338326930999756,0.8387481144496373,2.645451337368243,-0.6928755936315127,0.6928755936315127,0.20755174911044788,False,3.3293274029982194
8982,39627847626658244,1.2554766480709072,3,red,constant,14,0.584769606590271,0.21641060284205846,1.3724615573883057,0.7876919507980347,0.7876919507980347,,False,1.3685969114303589
8982,39627847626658244,1.2554766480709072,3,red,powerlaw,14,0.584769606590271,0.21641060284205846,1.187160243701589,0.6023906371113179,0.6023906371113179,,False,1.2709933504759043
5139,39627847651819567,1.341377810035367,3,blue,constant,13,1.522592306137085,0.6806742594792292,1.3869688510894775,-0.13562345504760742,0.13562345504760742,,False,1.7705755233764648
5139,39627847651819567,1.341377810035367,3,blue,powerlaw,13,1.522592306137085,0.6806742594792292,1.8565485985106636,0.3339562923735786,0.3339562923735786,,False,1.7351293594415798
5139,39627847651819567,1.341377810035367,3,red,constant,13,1.1295578479766846,0.18822415058429426,1.2164266109466553,0.0868687629699707,0.0868687629699707,0.07690510328937468,False,0.5882906317710876
5139,39627847651819567,1.341377810035367,3,red,powerlaw,13,1.1295578479766846,0.18822415058429426,1.216734970199017,0.08717712222233254,0.08717712222233254,0.07717809440082078,False,0.5724760787534611
8274,39627835572225327,1.340556436538083,3,blue,constant,13,5.126171588897705,1.0967629506037786,3.275214672088623,-1.850956916809082,1.850956916809082,0.36107978141385205,False,5.279573440551758
8274,39627835572225327,1.340556436538083,3,blue,powerlaw,13,5.126171588897705,1.0967629506037786,3.7296067189109796,-1.3965648699867255,1.3965648699867255,0.2724381823291703,False,5.212333467897095
8274,39627835572225327,1.340556436538083,3,red,constant,13,0.821510910987854,0.17685695794912484,1.7144240140914917,0.8929131031036377,0.8929131031036377,1.0869156954104526,False,1.1829731464385986
8274,39627835572225327,1.340556436538083,3,red,powerlaw,13,0.821510910987854,0.17685695794912484,1.4623929781269358,0.6408820671390818,0.6408820671390818,0.7801260562302589,False,0.991659424374559
4209,39627865758635194,1.3511570719430834,3,blue,constant,13,2.522671699523926,2.747581775371845,2.7949397563934326,0.27226805686950684,0.27226805686950684,,False,6.100610256195068
4209,39627865758635194,1.3511570719430834,3,blue,powerlaw,13,2.522671699523926,2.747581775371845,3.418534759251612,0.8958630597276862,0.8958630597276862,,False,6.139355631006932
4209,39627865758635194,1.3511570719430834,3,red,constant,13,-0.17102469503879547,0.3384420688335712,0.7800551652908325,0.951079860329628,0.951079860329628,,False,1.6696709394454956
4209,39627865758635194,1.3511570719430834,3,red,powerlaw,13,-0.17102469503879547,0.3384420688335712,1.1085527242604043,1.2795774192991998,1.2795774192991998,,False,1.8772557726040033
10188,39627853658067023,1.433365632643069,3,blue,constant,13,2.0748605728149414,1.6700819455660307,5.487320423126221,3.4124598503112793,3.4124598503112793,,False,6.701594352722168
10188,39627853658067023,1.433365632643069,3,blue,powerlaw,13,2.0748605728149414,1.6700819455660307,5.37747483152711,3.3026142587121683,3.3026142587121683,,False,6.622386543719022
10188,39627853658067023,1.433365632643069,3,red,constant,13,1.5881900787353516,0.30428211505596453,0.47121477127075195,-1.1169753074645996,1.1169753074645996,0.7033007713749401,False,1.599509358406067
10188,39627853658067023,1.433365632643069,3,red,powerlaw,13,1.5881900787353516,0.30428211505596453,1.0903997669570242,-0.49779031177832733,0.49779031177832733,0.3134324527292786,False,1.2467151280150137
714,39627563034739324,1.4899463805718451,3,blue,constant,13,2.1729822158813477,0.9300685295691857,1.5392730236053467,-0.633709192276001,0.633709192276001,,False,3.5591185092926025
714,39627563034739324,1.4899463805718451,3,blue,powerlaw,13,2.1729822158813477,0.9300685295691857,1.2512648692582231,-0.9217173466231245,0.9217173466231245,,False,3.616855046159088
714,39627563034739324,1.4899463805718451,3,red,constant,13,0.8465307950973511,0.12833461394676796,0.7656763792037964,-0.08085441589355469,0.08085441589355469,0.09551266931081512,False,0.5447466969490051
714,39627563034739324,1.4899463805718451,3,red,powerlaw,13,0.8465307950973511,0.12833461394676796,0.7592739213965249,-0.08725687370082613,0.08725687370082613,0.10307584107532862,False,0.5439593885757635
2762,39627817431860151,1.4689439081696405,3,blue,constant,13,4.114004611968994,1.2721931750957782,3.5316340923309326,-0.5823705196380615,0.5823705196380615,0.14155806192918546,False,4.130656719207764
2762,39627817431860151,1.4689439081696405,3,blue,powerlaw,13,4.114004611968994,1.2721931750957782,3.4782881016340967,-0.6357165103348974,0.6357165103348974,0.15452498728012815,False,4.112613794263504
2762,39627817431860151,1.4689439081696405,3,red,constant,13,1.2850232124328613,0.22244601983290452,1.3107959032058716,0.025772690773010254,0.025772690773010254,0.020056206396627096,False,1.1529972553253174
2762,39627817431860151,1.4689439081696405,3,red,powerlaw,13,1.2850232124328613,0.22244601983290452,1.4371366381205073,0.15211342568764596,0.15211342568764596,0.11837406843387542,False,1.159764963523991
11426,39627853670648707,1.2804256753390335,3,blue,constant,14,4.180807590484619,0.9307494163513184,3.8030083179473877,-0.37779927253723145,0.37779927253723145,0.09036514222684876,False,3.782660961151123
11426,39627853670648707,1.2804256753390335,3,blue,powerlaw,14,4.180807590484619,0.9307494163513184,4.604570575138228,0.4237629846536093,0.4237629846536093,0.10135912152907489,False,3.74479557970205
11426,39627853670648707,1.2804256753390335,3,red,constant,14,0.6286336183547974,0.1554023027420044,1.3520152568817139,0.7233816385269165,0.7233816385269165,1.1507205746012836,False,1.1437114477157593
11426,39627853670648707,1.2804256753390335,3,red,powerlaw,14,0.6286336183547974,0.1554023027420044,1.142084560435573,0.5134509420807756,0.5134509420807756,0.8167729613706194,False,1.0239492997460748
10760,39627853666453386,1.409201728928988,3,blue,constant,13,2.3179640769958496,0.676608892587515,2.533033847808838,0.21506977081298828,0.21506977081298828,0.09278391021992244,False,2.2516424655914307
10760,39627853666453386,1.409201728928988,3,blue,powerlaw,13,2.3179640769958496,0.676608892587515,2.5517602781888806,0.23379620119303102,0.23379620119303102,0.10086273705157582,False,2.244365698613293
10760,39627853666453386,1.409201728928988,3,red,constant,13,0.8052910566329956,0.12030471288240872,1.051972508430481,0.24668145179748535,0.24668145179748535,0.3063258305995422,False,0.6756880879402161
10760,39627853666453386,1.409201728928988,3,red,powerlaw,13,0.8052910566329956,0.12030471288240872,1.1123835049254764,0.30709244829248084,0.30709244829248084,0.38134342330394905,False,0.7026356095540794
7274,39627829540815815,1.2434303243528848,3,blue,constant,14,0.2386416345834732,0.15806751591818674,0.004910406656563282,-0.23373122792690992,0.23373122792690992,,False,0.7689206004142761
7274,39627829540815815,1.2434303243528848,3,blue,powerlaw,14,0.2386416345834732,0.15806751591818674,0.10230788077372685,-0.13633375380974636,0.13633375380974636,,False,0.7482979603042855
7274,39627829540815815,1.2434303243528848,3,red,constant,14,1.1347272396087646,0.026523747614451816,1.2906264066696167,0.15589916706085205,0.15589916706085205,0.1373891113379842,False,0.201175719499588
7274,39627829540815815,1.2434303243528848,3,red,powerlaw,14,1.1347272396087646,0.026523747614451816,1.5247605051941253,0.39003326558536067,0.39003326558536067,0.3437242466478885,False,0.422810936214668
6902,39627829507265330,1.3106950711369891,3,blue,constant,13,5.427950382232666,1.6977588947002704,5.020622730255127,-0.40732765197753906,0.40732765197753906,0.0750426262758124,False,7.750357627868652
6902,39627829507265330,1.3106950711369891,3,blue,powerlaw,13,5.427950382232666,1.6977588947002704,5.7656611456699824,0.33771076343731643,0.33771076343731643,0.062216995303189686,False,7.81309982067336
6902,39627829507265330,1.3106950711369891,3,red,constant,13,0.9680642485618591,0.21783938774695763,0.9107758402824402,-0.057288408279418945,0.057288408279418945,0.059178312146663505,False,0.7947322726249695
6902,39627829507265330,1.3106950711369891,3,red,powerlaw,13,0.9680642485618591,0.21783938774695763,0.9891117194200267,0.021047470858167605,0.021047470858167605,0.021741811960761276,False,0.7919198734190517
5427,39627829503067911,1.6019546022111184,3,blue,constant,12,5.821153163909912,0.8792353471120199,3.0661957263946533,-2.754957437515259,2.754957437515259,0.4732666122917865,False,5.178032398223877
5427,39627829503067911,1.6019546022111184,3,blue,powerlaw,12,5.821153163909912,0.8792353471120199,4.1172643914739675,-1.7038887724359446,1.7038887724359446,0.2927063975914161,False,4.642612065369942
5427,39627829503067911,1.6019546022111184,3,red,constant,12,1.2443708181381226,0.16691352923711142,0.9872799515724182,-0.25709086656570435,0.25709086656570435,0.20660309838378724,False,2.0713720321655273
5427,39627829503067911,1.6019546022111184,3,red,powerlaw,12,1.2443708181381226,0.16691352923711142,0.9671394926413477,-0.27723132549677487,0.27723132549677487,0.22278835332347272,False,2.073997599792797
1912,39627835580615706,1.200217635184179,3,blue,constant,14,2.5531158447265625,1.2479369299752372,2.75929594039917,0.20618009567260742,0.20618009567260742,,False,3.4183475971221924
1912,39627835580615706,1.200217635184179,3,blue,powerlaw,14,2.5531158447265625,1.2479369299752372,2.869195764953684,0.3160799202271214,0.3160799202271214,,False,3.4690771144927437
1912,39627835580615706,1.200217635184179,3,red,constant,14,0.7114518880844116,0.2137206792831421,0.784692108631134,0.07324022054672241,0.07324022054672241,0.10294472721679344,False,0.7227171063423157
1912,39627835580615706,1.200217635184179,3,red,powerlaw,14,0.7114518880844116,0.2137206792831421,1.0815184271161689,0.37006653903175724,0.37006653903175724,0.5201568022093013,False,0.8071662217807958
2263,39627853704203458,1.4742124035425577,3,blue,constant,13,2.642232656478882,0.5622881009028509,1.6392176151275635,-1.0030150413513184,1.0030150413513184,0.37960890343697673,False,2.5757691860198975
2263,39627853704203458,1.4742124035425577,3,blue,powerlaw,13,2.642232656478882,0.5622881009028509,1.7585564021674425,-0.8836762543114394,0.8836762543114394,0.3344430143744619,False,2.5253757289303493
2263,39627853704203458,1.4742124035425577,3,red,constant,13,1.1501141786575317,0.10556732691251315,1.0436484813690186,-0.10646569728851318,0.10646569728851318,0.09256967635403385,False,0.49175021052360535
2263,39627853704203458,1.4742124035425577,3,red,powerlaw,13,1.1501141786575317,0.10556732691251315,0.9079253989860473,-0.24218877967148444,0.24218877967148444,0.21057803143873835,False,0.5387975782811012
3866,39627811400452167,1.2230861556508787,3,blue,constant,14,2.1576650142669678,0.5111800602504185,2.220449686050415,0.06278467178344727,0.06278467178344727,0.02909843343072296,False,2.1659257411956787
3866,39627811400452167,1.2230861556508787,3,blue,powerlaw,14,2.1576650142669678,0.5111800602504185,2.630738729101624,0.4730737148346562,0.4730737148346562,0.21925262341771595,False,2.14405939591149
3866,39627811400452167,1.2230861556508787,3,red,constant,14,0.9251970648765564,0.05472889116832188,1.0618332624435425,0.13663619756698608,0.13663619756698608,0.1476833452613867,False,0.3008849024772644
3866,39627811400452167,1.2230861556508787,3,red,powerlaw,14,0.9251970648765564,0.05472889116832188,0.9691627706592204,0.04396570578266401,0.04396570578266401,0.04752036885085676,False,0.26632421906891546
11841,39627781713170627,1.3642280290061946,3,blue,constant,13,1.902950406074524,0.8234189840463492,1.7401316165924072,-0.1628187894821167,0.1628187894821167,,False,2.3096718788146973
11841,39627781713170627,1.3642280290061946,3,blue,powerlaw,13,1.902950406074524,0.8234189840463492,2.1153661308221876,0.21241572474766368,0.21241572474766368,,False,2.283485583464625
11841,39627781713170627,1.3642280290061946,3,red,constant,13,1.1689989566802979,0.08769420477060172,1.2043029069900513,0.03530395030975342,0.03530395030975342,0.03020015553308015,False,0.38595327734947205
11841,39627781713170627,1.3642280290061946,3,red,powerlaw,13,1.1689989566802979,0.08769420477060172,1.2084439139075562,0.03944495722725838,0.03944495722725838,0.033742508495707695,False,0.39619937022991186
711,39627574959149530,1.3297708634010696,3,blue,constant,13,1.0689291954040527,0.6034774780273438,1.421455979347229,0.35252678394317627,0.35252678394317627,,False,2.0108444690704346
711,39627574959149530,1.3297708634010696,3,blue,powerlaw,13,1.0689291954040527,0.6034774780273438,2.0459293113984267,0.977000115994374,0.977000115994374,,False,2.1709483599971167
711,39627574959149530,1.3297708634010696,3,red,constant,13,1.1039189100265503,0.1029285742686345,1.106758952140808,0.0028400421142578125,0.0028400421142578125,0.002572690881968411,False,0.3721190392971039
711,39627574959149530,1.3297708634010696,3,red,powerlaw,13,1.1039189100265503,0.1029285742686345,1.2367193104895426,0.13280040046299235,0.13280040046299235,0.12029905390405748,False,0.38354126437649083
4334,39627865767023256,1.268234706824708,3,blue,constant,14,1.1264082193374634,1.053494930267334,1.796881079673767,0.6704728603363037,0.6704728603363037,,False,3.25929594039917
4334,39627865767023256,1.268234706824708,3,blue,powerlaw,14,1.1264082193374634,1.053494930267334,1.5155999481715696,0.38919172883410624,0.38919172883410624,,False,3.2557222344572025
4334,39627865767023256,1.268234706824708,3,red,constant,14,0.8465293049812317,0.17366572788783483,0.8926464915275574,0.046117186546325684,0.046117186546325684,0.05447795637429013,False,0.8893347382545471
4334,39627865767023256,1.268234706824708,3,red,powerlaw,14,0.8465293049812317,0.17366572788783483,0.9879021906129575,0.1413728856317258,0.1413728856317258,0.1670029434301275,False,0.9023992639140254
4558,39627853691621149,1.263399377555538,3,blue,constant,14,2.631276845932007,0.6864915575299945,2.8574137687683105,0.2261369228363037,0.2261369228363037,0.08594189668256108,False,1.529673457145691
4558,39627853691621149,1.263399377555538,3,blue,powerlaw,14,2.631276845932007,0.6864915575299945,3.433797667555255,0.802520821623248,0.802520821623248,0.30499292496111047,False,1.6829969141202146
4558,39627853691621149,1.263399377555538,3,red,constant,14,1.074927806854248,0.11746725014277867,1.1328582763671875,0.05793046951293945,0.05793046951293945,0.05389242807149223,False,0.49848923087120056
4558,39627853691621149,1.263399377555538,3,red,powerlaw,14,1.074927806854248,0.11746725014277867,1.3117554881652278,0.23682768131097975,0.23682768131097975,0.22031961569963532,False,0.5654359760701199
1492,39627853700009315,1.5509367214338317,3,blue,constant,12,4.99270486831665,1.2188191413879395,2.492150068283081,-2.5005548000335693,2.5005548000335693,0.5008417012393246,False,6.256453990936279
1492,39627853700009315,1.5509367214338317,3,blue,powerlaw,12,4.99270486831665,1.2188191413879395,2.2980092323105334,-2.694695636006117,2.694695636006117,0.5397266025289145,False,6.345814503942682
1492,39627853700009315,1.5509367214338317,3,red,constant,12,0.8529501557350159,0.12719576557477316,1.0678654909133911,0.21491533517837524,0.21491533517837524,0.2519670507512546,False,0.42457127571105957
1492,39627853700009315,1.5509367214338317,3,red,powerlaw,12,0.8529501557350159,0.12719576557477316,0.8820863933268398,0.029136237591823932,0.029136237591823932,0.034159367222011065,False,0.36821861970205483
3609,39627817444442240,1.5205296849333905,3,blue,constant,12,1.8424807786941528,1.977595329284668,3.857235908508301,2.014755129814148,2.014755129814148,,False,7.443306922912598
3609,39627817444442240,1.5205296849333905,3,blue,powerlaw,12,1.8424807786941528,1.977595329284668,4.3360858948463,2.493605116152147,2.493605116152147,,False,7.636680264949009
3609,39627817444442240,1.5205296849333905,3,red,constant,12,1.3585883378982544,0.2727760275204976,1.572106957435608,0.21351861953735352,0.21351861953735352,0.15716211716322276,False,0.8294603228569031
3609,39627817444442240,1.5205296849333905,3,red,powerlaw,12,1.3585883378982544,0.2727760275204976,1.3377278979961893,-0.020860439902065098,0.020860439902065098,0.015354496516830362,False,0.8157909559321029
10410,39627859706253658,1.4124234456424192,3,blue,constant,13,3.9065513610839844,1.1451514317439153,4.253746032714844,0.3471946716308594,0.3471946716308594,0.08887497937170863,False,3.617189884185791
10410,39627859706253658,1.4124234456424192,3,blue,powerlaw,13,3.9065513610839844,1.1451514317439153,5.239425765250223,1.3328744041662386,1.3328744041662386,0.3411895252277944,False,4.017081857394663
10410,39627859706253658,1.4124234456424192,3,red,constant,13,1.141075611114502,0.1514829947398259,1.0356751680374146,-0.1054004430770874,0.1054004430770874,0.09236937679716206,False,0.6029742956161499
10410,39627859706253658,1.4124234456424192,3,red,powerlaw,13,1.141075611114502,0.1514829947398259,1.2277551294896918,0.08667951837518983,0.08667951837518983,0.07596299275078619,False,0.5928632908693132
3255,39627823475854952,1.6427853372042591,3,blue,constant,12,8.274659156799316,0.5116348663965861,6.863724231719971,-1.4109349250793457,1.4109349250793457,0.17051275446433048,False,2.125776529312134
3255,39627823475854952,1.6427853372042591,3,blue,powerlaw,12,8.274659156799316,0.5116348663965861,8.901384853297357,0.6267256964980401,0.6267256964980401,0.07574036399832342,False,2.145479666887715
3255,39627823475854952,1.6427853372042591,3,red,constant,12,0.9804706573486328,0.07894712686538696,1.1179178953170776,0.13744723796844482,0.13744723796844482,0.14018495804874634,False,0.25047945976257324
3255,39627823475854952,1.6427853372042591,3,red,powerlaw,12,0.9804706573486328,0.07894712686538696,1.0772868985084127,0.09681624115977994,0.09681624115977994,0.09874465944915505,False,0.22846446792885478
1166,39627847660212771,1.2368357146564777,3,blue,constant,14,2.178213119506836,1.0239592960902624,3.328124523162842,1.1499114036560059,1.1499114036560059,,False,3.2095062732696533
1166,39627847660212771,1.2368357146564777,3,blue,powerlaw,14,2.178213119506836,1.0239592960902624,4.538601357137286,2.36038823763045,2.36038823763045,,False,3.8125129411238436
1166,39627847660212771,1.2368357146564777,3,red,constant,14,0.9565218687057495,0.1819560698100499,1.2186020612716675,0.26208019256591797,0.26208019256591797,0.2739928914751666,False,0.8860678672790527
1166,39627847660212771,1.2368357146564777,3,red,powerlaw,14,0.9565218687057495,0.1819560698100499,0.9021743705528947,-0.05434749815285478,0.05434749815285478,0.05681783128115125,False,0.8536825650766507
7919,39627817448640669,1.4169115897986482,3,blue,constant,13,4.00429105758667,1.1174078721266527,3.77520751953125,-0.22908353805541992,0.22908353805541992,0.05720951218603109,False,2.9459028244018555
7919,39627817448640669,1.4169115897986482,3,blue,powerlaw,13,4.00429105758667,1.1174078721266527,4.397786054938424,0.39349499735175364,0.39349499735175364,0.09826833057158127,False,3.121272923441172
7919,39627817448640669,1.4169115897986482,3,red,constant,13,1.3573534488677979,0.13367010079897368,0.9639370441436768,-0.3934164047241211,0.3934164047241211,0.2898407964795606,False,0.5724454522132874
7919,39627817448640669,1.4169115897986482,3,red,powerlaw,13,1.3573534488677979,0.13367010079897368,1.2423489442554114,-0.11500450461238643,0.11500450461238643,0.08472701396111273,False,0.41935461923660394
7042,39627835572224790,1.5987934094786056,3,blue,constant,12,1.8400988578796387,0.8938359419504801,1.0474759340286255,-0.7926229238510132,0.7926229238510132,,False,2.5984160900115967
7042,39627835572224790,1.5987934094786056,3,blue,powerlaw,12,1.8400988578796387,0.8938359419504801,1.4015100423075035,-0.43858881557213514,0.43858881557213514,,False,2.510785006417918
7042,39627835572224790,1.5987934094786056,3,red,constant,12,1.0619655847549438,0.14875838160514832,0.6426704525947571,-0.41929513216018677,0.41929513216018677,0.39482930349098094,False,1.1309645175933838
7042,39627835572224790,1.5987934094786056,3,red,powerlaw,12,1.0619655847549438,0.14875838160514832,0.5109632198253119,-0.551002364929632,0.551002364929632,0.5188514325130222,False,1.1897299868505302
3931,39627823484241904,1.377098489844074,3,blue,constant,13,1.5348702669143677,0.41039459521953875,1.9293627738952637,0.394492506980896,0.394492506980896,0.257020098365685,False,1.4890122413635254
3931,39627823484241904,1.377098489844074,3,blue,powerlaw,13,1.5348702669143677,0.41039459521953875,1.8289090360311917,0.29403876911682403,0.29403876911682403,0.1915723924393597,False,1.4796070342462682
3931,39627823484241904,1.377098489844074,3,red,constant,13,1.1366883516311646,0.07352173328399658,0.9897383451461792,-0.14695000648498535,0.14695000648498535,0.1292790642871548,False,0.3042651116847992
3931,39627823484241904,1.377098489844074,3,red,powerlaw,13,1.1366883516311646,0.07352173328399658,1.0441931831293265,-0.09249516850183803,0.09249516850183803,0.08137249613678728,False,0.2838175076569534
10973,39627865737659347,1.4613922742226495,3,blue,constant,13,2.5014920234680176,0.9953443087064303,3.1680309772491455,0.6665389537811279,0.6665389537811279,,False,5.37395715713501
10973,39627865737659347,1.4613922742226495,3,blue,powerlaw,13,2.5014920234680176,0.9953443087064303,3.5589881877115648,1.0574961642435472,1.0574961642435472,,False,5.390667558497921
10973,39627865737659347,1.4613922742226495,3,red,constant,13,0.8772119879722595,0.13033243326040414,1.2756119966506958,0.3984000086784363,0.3984000086784363,0.45416616979821195,False,0.6701610088348389
10973,39627865737659347,1.4613922742226495,3,red,powerlaw,13,0.8772119879722595,0.13033243326040414,1.0562531600636613,0.1790411720914018,0.1790411720914018,0.20410251404027063,False,0.5678791173071943
6000,39627823463272205,1.336635982394552,3,blue,constant,13,3.4356229305267334,1.6123247880202074,1.5863744020462036,-1.8492485284805298,1.8492485284805298,,False,7.111576557159424
6000,39627823463272205,1.336635982394552,3,blue,powerlaw,13,3.4356229305267334,1.6123247880202074,2.584831908686606,-0.8507910218401276,0.8507910218401276,,False,6.85750619170335
6000,39627823463272205,1.336635982394552,3,red,constant,13,1.2406255006790161,0.16280537385206956,1.577074646949768,0.33644914627075195,0.33644914627075195,0.2711931570700485,False,1.1098713874816895
6000,39627823463272205,1.336635982394552,3,red,powerlaw,13,1.2406255006790161,0.16280537385206956,2.0332928334604947,0.7926673327814786,0.7926673327814786,0.6389255519474957,False,1.3472633801726346
2035,39627853700006381,1.435394832675809,3,blue,constant,13,3.6485495567321777,0.696476569542518,4.555617332458496,0.9070677757263184,0.9070677757263184,0.24861051264950704,False,2.2059783935546875
2035,39627853700006381,1.435394832675809,3,blue,powerlaw,13,3.6485495567321777,0.696476569542518,4.799184206750142,1.150634650017964,1.150634650017964,0.3153676912226265,False,2.1193545682164197
2035,39627853700006381,1.435394832675809,3,red,constant,13,0.9271959662437439,0.14667372520153338,1.1021164655685425,0.17492049932479858,0.17492049932479858,0.18865537134877375,False,0.6146140694618225
2035,39627853700006381,1.435394832675809,3,red,powerlaw,13,0.9271959662437439,0.14667372520153338,0.8772357688787645,-0.049960197364979364,0.049960197364979364,0.05388310474146917,False,0.5927955277357955
11651,39627781721558391,1.291056346660115,3,blue,constant,14,2.530142307281494,2.2985027858189175,3.0768275260925293,0.5466852188110352,0.5466852188110352,,False,6.232657432556152
11651,39627781721558391,1.291056346660115,3,blue,powerlaw,14,2.530142307281494,2.2985027858189175,3.6612381909857947,1.1310958837043006,1.1310958837043006,,False,6.2706751641459615
11651,39627781721558391,1.291056346660115,3,red,constant,14,0.7252742052078247,0.22603441987718856,1.1057355403900146,0.38046133518218994,0.38046133518218994,0.5245758534500343,False,0.6017630100250244
11651,39627781721558391,1.291056346660115,3,red,powerlaw,14,0.7252742052078247,0.22603441987718856,1.3600763365526063,0.6348021313447816,0.6348021313447816,0.8752581117411743,False,0.790674498740678
440,39627574959145128,1.6205230444860037,3,blue,constant,12,1.1784520149230957,0.24311858415603638,0.4786062240600586,-0.6998457908630371,0.6998457908630371,0.5938687210006665,False,1.3590000867843628
440,39627574959145128,1.6205230444860037,3,blue,powerlaw,12,1.1784520149230957,0.24311858415603638,0.6541566342324577,-0.524295380690638,0.524295380690638,0.4449017643920383,False,1.2602114984878334
440,39627574959145128,1.6205230444860037,3,red,constant,12,0.9976827502250671,0.03564032663901647,0.9578065872192383,-0.03987616300582886,0.03987616300582886,0.03996878065380322,False,0.09306640923023224
440,39627574959145128,1.6205230444860037,3,red,powerlaw,12,0.9976827502250671,0.03564032663901647,0.9845064883995621,-0.01317626182550502,0.01317626182550502,0.013206865431453624,False,0.08190666599323175
2272,39627847664406158,1.2888713230128286,3,blue,constant,14,1.9155504703521729,0.5143272876739502,2.62648344039917,0.7109329700469971,0.7109329700469971,0.3711376865556001,False,1.6906064748764038
2272,39627847664406158,1.2888713230128286,3,blue,powerlaw,14,1.9155504703521729,0.5143272876739502,3.1524840676696457,1.2369335973174729,1.2369335973174729,0.6457327104986502,False,1.9990474589126324
2272,39627847664406158,1.2888713230128286,3,red,constant,14,0.8535647392272949,0.09462545599256243,1.0072612762451172,0.15369653701782227,0.15369653701782227,0.18006429970028853,False,0.33765318989753723
2272,39627847664406158,1.2888713230128286,3,red,powerlaw,14,0.8535647392272949,0.09462545599256243,0.9584067840976955,0.10484204487040061,0.10484204487040061,0.12282846285954922,False,0.31847831045149866
5889,39627829503067786,1.4874467676761167,3,blue,constant,13,4.075814247131348,0.2892343264359694,3.5862879753112793,-0.48952627182006836,0.48952627182006836,0.12010514761918022,False,1.4549285173416138
5889,39627829503067786,1.4874467676761167,3,blue,powerlaw,13,4.075814247131348,0.2892343264359694,3.785352144914039,-0.2904621022173086,0.2904621022173086,0.07126480369456055,False,1.3485357582378303
5889,39627829503067786,1.4874467676761167,3,red,constant,13,0.9732017517089844,0.07488679885864258,0.9719793796539307,-0.001222372055053711,0.001222372055053711,0.0012560314990259448,False,0.34668833017349243
5889,39627829503067786,1.4874467676761167,3,red,powerlaw,13,0.9732017517089844,0.07488679885864258,0.9232037603534224,-0.04999799135556193,0.04999799135556193,0.05137474451496136,False,0.3482118870129321
3447,39627811396257255,1.4285636455390625,3,blue,constant,13,5.140228271484375,1.282734357393705,4.036136150360107,-1.1040921211242676,1.1040921211242676,0.21479437542672247,False,4.398706436157227
3447,39627811396257255,1.4285636455390625,3,blue,powerlaw,13,5.140228271484375,1.282734357393705,6.253590947125567,1.1133626756411923,1.1133626756411923,0.21659790515872943,False,4.247417745066525
3447,39627811396257255,1.4285636455390625,3,red,constant,13,1.374875783920288,0.10376134285560021,1.097126841545105,-0.2777489423751831,0.2777489423751831,0.2020174808688654,False,0.5087299942970276
3447,39627811396257255,1.4285636455390625,3,red,powerlaw,13,1.374875783920288,0.10376134285560021,0.8289604673933363,-0.5459153165269518,0.5459153165269518,0.39706519156977355,False,0.6916281204234052
8710,39627835559642678,1.3947655932049483,3,blue,constant,13,5.529524803161621,2.0373815389779897,3.2534244060516357,-2.2761003971099854,2.2761003971099854,,False,5.1362996101379395
8710,39627835559642678,1.3947655932049483,3,blue,powerlaw,13,5.529524803161621,2.0373815389779897,3.5838265210602454,-1.9456982821013757,1.9456982821013757,,False,4.991061193662075
8710,39627835559642678,1.3947655932049483,3,red,constant,13,0.9720227718353271,0.3182626504164476,1.3881856203079224,0.4161628484725952,0.4161628484725952,0.4281410482666124,False,0.7471969127655029
8710,39627835559642678,1.3947655932049483,3,red,powerlaw,13,0.9720227718353271,0.3182626504164476,1.4032613748483271,0.431238603013,0.431238603013,0.44365072044429144,False,0.7488679914422955
7767,39627835563839462,1.3370290676353285,3,blue,constant,13,1.5057722330093384,0.5349867527301495,1.8759630918502808,0.3701908588409424,0.3701908588409424,,False,2.8860785961151123
7767,39627835563839462,1.3370290676353285,3,blue,powerlaw,13,1.5057722330093384,0.5349867527301495,2.0486752868946927,0.5429030538853543,0.5429030538853543,,False,2.9775049422210444
7767,39627835563839462,1.3370290676353285,3,red,constant,13,1.009547472000122,0.06679069537382859,1.0067503452301025,-0.0027971267700195312,0.0027971267700195312,0.002770673839119071,False,0.2230517864227295
7767,39627835563839462,1.3370290676353285,3,red,powerlaw,13,1.009547472000122,0.06679069537382859,1.1948975951993517,0.1853501231992296,0.1853501231992296,0.18359723375069498,False,0.29978293225400676
4600,39627865771216908,1.2108929813438685,3,blue,constant,14,6.431185245513916,1.1762584958757674,2.8456966876983643,-3.5854885578155518,3.5854885578155518,0.5575159820371549,False,6.087574005126953
4600,39627865771216908,1.2108929813438685,3,blue,powerlaw,14,6.431185245513916,1.1762584958757674,2.683774746628313,-3.747410498885603,3.747410498885603,0.5826936024739165,False,6.181451891841388
4600,39627865771216908,1.2108929813438685,3,red,constant,14,0.9612053632736206,0.1695855004446847,1.201583743095398,0.24037837982177734,0.24037837982177734,0.25008014832866704,False,0.7159499526023865
4600,39627865771216908,1.2108929813438685,3,red,powerlaw,14,0.9612053632736206,0.1695855004446847,0.845783890067211,-0.11542147320640961,0.11542147320640961,0.12007993048781321,False,0.6826490161226783
9391,39627853679034570,1.408887725268244,3,blue,constant,13,3.865880012512207,0.8054941617525541,2.8659820556640625,-0.9998979568481445,0.9998979568481445,0.25864691961775865,False,2.8738062381744385
9391,39627853679034570,1.408887725268244,3,blue,powerlaw,13,3.865880012512207,0.8054941617525541,4.230715427157145,0.3648354146449382,0.3648354146449382,0.09437318630276194,False,2.8078676399712674
9391,39627853679034570,1.408887725268244,3,red,constant,13,0.9411029815673828,0.11311653027167687,0.9910199046134949,0.04991692304611206,0.04991692304611206,0.05304087227837352,False,1.1079142093658447
9391,39627853679034570,1.408887725268244,3,red,powerlaw,13,0.9411029815673828,0.11311653027167687,1.1390567804399792,0.19795379887259634,0.19795379887259634,0.21034233527016286,False,1.1257524222126483
11356,39627865733469299,1.209426369698703,3,blue,constant,14,6.317414283752441,2.4562604086739674,4.485622882843018,-1.8317914009094238,1.8317914009094238,,False,8.28037166595459
11356,39627865733469299,1.209426369698703,3,blue,powerlaw,14,6.317414283752441,2.4562604086739674,7.778061662845244,1.4606473790928023,1.4606473790928023,,False,7.789260092597805
11356,39627865733469299,1.209426369698703,3,red,constant,14,0.8314035534858704,0.379652738571167,0.9791280627250671,0.14772450923919678,0.14772450923919678,,False,1.2986118793487549
11356,39627865733469299,1.209426369698703,3,red,powerlaw,14,0.8314035534858704,0.379652738571167,0.8761370848393719,0.044733531353501554,0.044733531353501554,,False,1.2901318626242944
7517,39627829536620856,1.440226761747837,3,blue,constant,13,2.1059441566467285,0.5270882753225473,2.177591562271118,0.07164740562438965,0.07164740562438965,0.03402151258297039,False,3.101588010787964
7517,39627829536620856,1.440226761747837,3,blue,powerlaw,13,2.1059441566467285,0.5270882753225473,2.3066229342559144,0.20067877760918584,0.20067877760918584,0.0952915949721689,False,3.0928928246896805
7517,39627829536620856,1.440226761747837,3,red,constant,13,0.9123595356941223,0.10425085287827712,0.9561675190925598,0.0438079833984375,0.0438079833984375,0.048016140221637985,False,0.2707012891769409
7517,39627829536620856,1.440226761747837,3,red,powerlaw,13,0.9123595356941223,0.10425085287827712,0.9063998359846865,-0.005959699709435773,0.005959699709435773,0.0065321832855088635,False,0.26773045082349095
11636,39627781721559370,1.542133089130447,3,blue,constant,12,3.3509883880615234,1.0875914096832275,2.021456003189087,-1.3295323848724365,1.3295323848724365,0.3967582787243089,False,3.225177526473999
11636,39627781721559370,1.542133089130447,3,blue,powerlaw,12,3.3509883880615234,1.0875914096832275,1.8674982748266251,-1.4834901132348983,1.4834901132348983,0.44270225421254483,False,3.3160197179829614
11636,39627781721559370,1.542133089130447,3,red,constant,12,1.0566128492355347,0.12569440404574075,0.5541430115699768,-0.5024698376655579,0.5024698376655579,0.47554772595193934,False,0.6175826787948608
11636,39627781721559370,1.542133089130447,3,red,powerlaw,12,1.0566128492355347,0.12569440404574075,0.7100270125659124,-0.3465858366696223,0.3465858366696223,0.32801592079859626,False,0.500523402872174
