row,targetid,z,zbin,side,method,n_held_bins,true_mean,mean_sigma,predicted_mean,signed_mean_error,absolute_mean_error,fractional_mean_error,negative,pixel_rmse
616,39627574971727955,0.4158203458099331,0,blue,constant,8,-0.04649901017546654,0.1130131408572197,0.22378557920455933,0.27028458938002586,0.27028458938002586,,False,0.4785213768482208
616,39627574971727955,0.4158203458099331,0,blue,powerlaw,8,-0.04649901017546654,0.1130131408572197,0.13587026602912006,0.1823692762045866,0.1823692762045866,,False,0.43497576931629395
616,39627574971727955,0.4158203458099331,0,blue,regularized,8,-0.04649901017546654,0.1130131408572197,0.19403369753759994,0.24053270771306648,0.24053270771306648,,False,0.46236884461687566
616,39627574971727955,0.4158203458099331,0,red,constant,8,1.0497510433197021,0.02110443264245987,1.0996932983398438,0.0499422550201416,0.0499422550201416,0.04757533258762541,False,0.0622200146317482
616,39627574971727955,0.4158203458099331,0,red,powerlaw,8,1.0497510433197021,0.02110443264245987,1.1164449971939234,0.06669395387422128,0.06669395387422128,0.06353311511204625,False,0.07637588649402179
616,39627574971727955,0.4158203458099331,0,red,regularized,8,1.0497510433197021,0.02110443264245987,1.093963643903999,0.04421260058429688,0.04421260058429688,0.0421172247130903,False,0.05772222657142932
10496,2402794023682048,0.0705990407429481,0,blue,constant,10,0.7622243165969849,0.3741210222244263,1.197749376296997,0.4355250597000122,0.4355250597000122,,False,1.0703200101852417
10496,2402794023682048,0.0705990407429481,0,blue,powerlaw,10,0.7622243165969849,0.3741210222244263,0.9578483276702252,0.19562401107324034,0.19562401107324034,,False,0.9981743480446902
10496,2402794023682048,0.0705990407429481,0,blue,regularized,10,0.7622243165969849,0.3741210222244263,0.6120385760929301,-0.15018574050405475,0.15018574050405475,,False,1.1202892493190304
10496,2402794023682048,0.0705990407429481,0,red,constant,10,0.7490453720092773,0.04482752680778503,0.7805265784263611,0.03148120641708374,0.03148120641708374,0.04202843725292228,False,0.18395237624645233
10496,2402794023682048,0.0705990407429481,0,red,powerlaw,10,0.7490453720092773,0.04482752680778503,0.7632794844786304,0.014234112469353022,0.014234112469353022,0.01900300435896255,False,0.1803016831196398
10496,2402794023682048,0.0705990407429481,0,red,regularized,10,0.7490453720092773,0.04482752680778503,1.3005510276467553,0.551505655637478,0.551505655637478,0.7362780363465716,False,0.5945530249850087
2275,39627847664405713,0.3316881116625737,0,blue,constant,8,3.66372013092041,2.6358258724212646,0.27539631724357605,-3.388323813676834,3.388323813676834,,False,7.761416912078857
2275,39627847664405713,0.3316881116625737,0,blue,powerlaw,8,3.66372013092041,2.6358258724212646,1.1947575626612084,-2.468962568259202,2.468962568259202,,False,7.409434067349409
2275,39627847664405713,0.3316881116625737,0,blue,regularized,8,3.66372013092041,2.6358258724212646,0.4448408724693648,-3.2188792584510453,3.2188792584510453,,False,7.689014914490668
2275,39627847664405713,0.3316881116625737,0,red,constant,8,0.1988440603017807,0.41535964608192444,0.5735051035881042,0.37466104328632355,0.37466104328632355,,False,1.088255524635315
2275,39627847664405713,0.3316881116625737,0,red,powerlaw,8,0.1988440603017807,0.41535964608192444,0.5986311169328483,0.3997870566310676,0.3997870566310676,,False,1.0984766807116924
2275,39627847664405713,0.3316881116625737,0,red,regularized,8,0.1988440603017807,0.41535964608192444,0.610706552441818,0.41186249214003734,0.41186249214003734,,False,1.1016169567735086
2261,39627847664405229,0.3739905296441744,0,blue,constant,8,0.1312282383441925,0.05489831417798996,0.08783864229917526,-0.04338959604501724,0.04338959604501724,,False,0.1768728345632553
2261,39627847664405229,0.3739905296441744,0,blue,powerlaw,8,0.1312282383441925,0.05489831417798996,0.06063622946570372,-0.0705920088784888,0.0705920088784888,,False,0.18623161579452935
2261,39627847664405229,0.3739905296441744,0,blue,regularized,8,0.1312282383441925,0.05489831417798996,0.06390780893591146,-0.06732042940828105,0.06732042940828105,,False,0.18434839850685605
2261,39627847664405229,0.3739905296441744,0,red,constant,8,0.9616200923919678,0.009496143087744713,1.031065821647644,0.06944572925567627,0.06944572925567627,0.07221742744885302,False,0.08236311376094818
2261,39627847664405229,0.3739905296441744,0,red,powerlaw,8,0.9616200923919678,0.009496143087744713,1.0303290658455166,0.06870897345354887,0.06870897345354887,0.0714512664587111,False,0.08161511125981662
2261,39627847664405229,0.3739905296441744,0,red,regularized,8,0.9616200923919678,0.009496143087744713,0.9843862508622983,0.022766158470330478,0.022766158470330478,0.023674794911679863,False,0.049032010813738515
11900,39627793792766468,0.1051468718031301,0,blue,constant,10,2.3751227855682373,1.8398544311523437,3.128309726715088,0.7531869411468506,0.7531869411468506,,False,6.88410758972168
11900,39627793792766468,0.1051468718031301,0,blue,powerlaw,10,2.3751227855682373,1.8398544311523437,2.3665534547465197,-0.008569330821717625,0.008569330821717625,,False,6.857998404350968
11900,39627793792766468,0.1051468718031301,0,blue,regularized,10,2.3751227855682373,1.8398544311523437,2.8880864826909693,0.512963697122732,0.512963697122732,,False,6.861980559005248
11900,39627793792766468,0.1051468718031301,0,red,constant,10,-0.28752559423446655,0.19367798566818237,0.4020553231239319,0.6895809173583984,0.6895809173583984,,False,0.9665240049362183
11900,39627793792766468,0.1051468718031301,0,red,powerlaw,10,-0.28752559423446655,0.19367798566818237,0.37627169811366407,0.6637972923481306,0.6637972923481306,,False,0.9488687216078228
11900,39627793792766468,0.1051468718031301,0,red,regularized,10,-0.28752559423446655,0.19367798566818237,0.4132681362111712,0.7007937304456378,0.7007937304456378,,False,0.9745556570635607
12253,39627787765550319,0.0931222397295957,0,blue,constant,10,0.6771858930587769,0.8210721015930176,0.9329355359077454,0.2557496428489685,0.2557496428489685,,False,2.5724568367004395
12253,39627787765550319,0.0931222397295957,0,blue,powerlaw,10,0.6771858930587769,0.8210721015930176,0.6332648189532081,-0.04392107410556878,0.04392107410556878,,False,2.5609356183185317
12253,39627787765550319,0.0931222397295957,0,blue,regularized,10,0.6771858930587769,0.8210721015930176,0.6618845455131284,-0.015301347545648492,0.015301347545648492,,False,2.5597580261779354
12253,39627787765550319,0.0931222397295957,0,red,constant,10,1.9547115564346313,0.11400825977325439,1.8020918369293213,-0.15261971950531006,0.15261971950531006,0.07807787241186953,False,0.49663403630256653
12253,39627787765550319,0.0931222397295957,0,red,powerlaw,10,1.9547115564346313,0.11400825977325439,1.7795477413286087,-0.17516381510602264,0.17516381510602264,0.08961108073946172,False,0.5026781393867081
12253,39627787765550319,0.0931222397295957,0,red,regularized,10,1.9547115564346313,0.11400825977325439,1.7566753495549121,-0.19803620687971923,0.19803620687971923,0.10131224027801561,False,0.5124166868148682
7470,39627835572227638,0.368003520963086,0,blue,constant,8,0.2997090220451355,0.08028997480869293,0.23515211045742035,-0.06455691158771515,0.06455691158771515,0.215398626131425,False,0.24474714696407318
7470,39627835572227638,0.368003520963086,0,blue,powerlaw,8,0.2997090220451355,0.08028997480869293,0.23623456508117902,-0.06347445696395648,0.06347445696395648,0.21178694098303577,False,0.24609856924723233
7470,39627835572227638,0.368003520963086,0,blue,regularized,8,0.2997090220451355,0.08028997480869293,0.24738789342671125,-0.05232112861842425,0.05232112861842425,0.17457308512569503,False,0.24180792675831034
7470,39627835572227638,0.368003520963086,0,red,constant,8,1.021817684173584,0.012455285526812077,1.0844154357910156,0.06259775161743164,0.06259775161743164,0.06126117465666966,False,0.07442314922809601
7470,39627835572227638,0.368003520963086,0,red,powerlaw,8,1.021817684173584,0.012455285526812077,1.0967584780363249,0.07494079386274088,0.07494079386274088,0.07334067028146102,False,0.0850012113420752
7470,39627835572227638,0.368003520963086,0,red,regularized,8,1.021817684173584,0.012455285526812077,1.069829722339528,0.048012038165944126,0.048012038165944126,0.04698689297472362,False,0.062420655442243865
1215,39627841624609199,0.0451061333812131,0,blue,constant,10,1.272275686264038,0.4561717987060547,0.8331559896469116,-0.43911969661712646,0.43911969661712646,,False,1.2874491214752197
1215,39627841624609199,0.0451061333812131,0,blue,powerlaw,10,1.272275686264038,0.4561717987060547,0.7496270000050335,-0.5226486862590046,0.5226486862590046,,False,1.3188760287895707
1215,39627841624609199,0.0451061333812131,0,blue,regularized,10,1.272275686264038,0.4561717987060547,0.7225006747584859,-0.5497750115055522,0.5497750115055522,,False,1.3292674696863167
1215,39627841624609199,0.0451061333812131,0,red,constant,10,0.5197553038597107,0.07479490637779236,0.5322064757347107,0.012451171875,0.012451171875,0.02395583418300383,False,0.21201176941394806
1215,39627841624609199,0.0451061333812131,0,red,powerlaw,10,0.5197553038597107,0.07479490637779236,0.48360245161748255,-0.03615285224222814,0.03615285224222814,0.06955744746375173,False,0.21804986661088174
1215,39627841624609199,0.0451061333812131,0,red,regularized,10,0.5197553038597107,0.07479490637779236,0.5813616756247982,0.06160637176508754,0.06160637176508754,0.11852956825567282,False,0.22178379744741164
5890,39627829498875562,0.0923651088291834,0,blue,constant,10,0.9459172487258911,0.8864606857299805,0.4645479619503021,-0.481369286775589,0.481369286775589,,False,2.3458311557769775
5890,39627829498875562,0.0923651088291834,0,blue,powerlaw,10,0.9459172487258911,0.8864606857299805,0.2715902976944992,-0.6743269510313918,0.6743269510313918,,False,2.4058260469252057
5890,39627829498875562,0.0923651088291834,0,blue,regularized,10,0.9459172487258911,0.8864606857299805,0.7143466331477764,-0.23157061557811476,0.23157061557811476,,False,2.303246054063873
5890,39627829498875562,0.0923651088291834,0,red,constant,10,0.1586277037858963,0.19469536542892457,0.09655661880970001,-0.06207108497619629,0.06207108497619629,,False,0.6107993125915527
5890,39627829498875562,0.0923651088291834,0,red,powerlaw,10,0.1586277037858963,0.19469536542892457,0.1538349380448183,-0.004792765741078009,0.004792765741078009,,False,0.6102377282877752
5890,39627829498875562,0.0923651088291834,0,red,regularized,10,0.1586277037858963,0.19469536542892457,0.14258475440479182,-0.016042949381104482,0.016042949381104482,,False,0.607895143284603
9533,39627841591054435,0.4335234889511798,0,blue,constant,7,0.24475014209747314,0.12936734301703318,0.0441284142434597,-0.20062172785401344,0.20062172785401344,,False,0.30799025297164917
9533,39627841591054435,0.4335234889511798,0,blue,powerlaw,7,0.24475014209747314,0.12936734301703318,0.08406739859584003,-0.1606827435016331,0.1606827435016331,,False,0.28404768004650555
9533,39627841591054435,0.4335234889511798,0,blue,regularized,7,0.24475014209747314,0.12936734301703318,0.03386477489727827,-0.21088536720019488,0.21088536720019488,,False,0.3147835920730241
9533,39627841591054435,0.4335234889511798,0,red,constant,7,1.0620299577713013,0.014500842562743596,1.064745545387268,0.002715587615966797,0.002715587615966797,0.002556978356491498,False,0.03706222027540207
9533,39627841591054435,0.4335234889511798,0,red,powerlaw,7,1.0620299577713013,0.014500842562743596,1.0994951090079788,0.037465151236677485,0.037465151236677485,0.03527692506461788,False,0.0527218769158352
9533,39627841591054435,0.4335234889511798,0,red,regularized,7,1.0620299577713013,0.014500842562743596,1.0418359164449393,-0.020194041326361933,0.020194041326361933,0.01901456844846418,False,0.04211921816749536
3338,39627811404646657,0.0851557155756855,0,blue,constant,10,2.0553805828094482,1.897282028198242,2.0284647941589355,-0.026915788650512695,0.026915788650512695,,False,5.822678089141846
3338,39627811404646657,0.0851557155756855,0,blue,powerlaw,10,2.0553805828094482,1.897282028198242,0.6512698947545452,-1.404110688054903,1.404110688054903,,False,5.986253300249099
3338,39627811404646657,0.0851557155756855,0,blue,regularized,10,2.0553805828094482,1.897282028198242,1.6906058591264803,-0.3647747236829679,0.3647747236829679,,False,5.835207746681666
3338,39627811404646657,0.0851557155756855,0,red,constant,10,0.10805126279592514,0.21027932167053223,0.6747645735740662,0.566713310778141,0.566713310778141,,False,0.7434390187263489
3338,39627811404646657,0.0851557155756855,0,red,powerlaw,10,0.10805126279592514,0.21027932167053223,1.0232365117496451,0.91518524895372,0.91518524895372,,False,1.0411476061050364
3338,39627811404646657,0.0851557155756855,0,red,regularized,10,0.10805126279592514,0.21027932167053223,0.441450393370745,0.33339913057481985,0.33339913057481985,,False,0.5852436012507839
2975,39627823484242836,0.2483291227476399,0,blue,constant,9,2.3860366344451904,0.9592581854926215,1.9964308738708496,-0.3896057605743408,0.3896057605743408,,False,4.023681163787842
2975,39627823484242836,0.2483291227476399,0,blue,powerlaw,9,2.3860366344451904,0.9592581854926215,2.5752774084834726,0.1892407740382822,0.1892407740382822,,False,4.024119398471552
2975,39627823484242836,0.2483291227476399,0,blue,regularized,9,2.3860366344451904,0.9592581854926215,2.2618777578643314,-0.124158876580859,0.124158876580859,,False,4.006698281311692
2975,39627823484242836,0.2483291227476399,0,red,constant,9,0.8414369225502014,0.15164952807956272,0.4573802351951599,-0.3840566873550415,0.3840566873550415,0.4564295635982483,False,0.9682731032371521
2975,39627823484242836,0.2483291227476399,0,red,powerlaw,9,0.8414369225502014,0.15164952807956272,0.2632942065904136,-0.5781427159597878,0.5781427159597878,0.6870897870841827,False,1.0629281270698507
2975,39627823484242836,0.2483291227476399,0,red,regularized,9,0.8414369225502014,0.15164952807956272,0.5734905444017477,-0.2679463781484537,0.2679463781484537,0.3184390546309401,False,0.9280387265514095
7351,39627835568034061,0.2143582598526386,0,blue,constant,9,0.4635878801345825,0.8821032842000326,1.3899664878845215,0.926378607749939,0.926378607749939,,False,1.8892792463302612
7351,39627835568034061,0.2143582598526386,0,blue,powerlaw,9,0.4635878801345825,0.8821032842000326,0.5128090434667615,0.04922116333217896,0.04922116333217896,,False,1.6469852261486022
7351,39627835568034061,0.2143582598526386,0,blue,regularized,9,0.4635878801345825,0.8821032842000326,0.7916876708931225,0.32809979075854,0.32809979075854,,False,1.679036335190347
7351,39627835568034061,0.2143582598526386,0,red,constant,9,0.6664671897888184,0.18901154730055067,1.0977599620819092,0.4312927722930908,0.4312927722930908,0.6471327904825344,False,0.7277534604072571
7351,39627835568034061,0.2143582598526386,0,red,powerlaw,9,0.6664671897888184,0.18901154730055067,1.1868137860850327,0.5203465962962144,0.5203465962962144,0.7807535078524949,False,0.7920746437705334
7351,39627835568034061,0.2143582598526386,0,red,regularized,9,0.6664671897888184,0.18901154730055067,1.2088831100358424,0.542415920247024,0.542415920247024,0.8138674019630252,False,0.7986404601393685
5812,39627835551253449,0.5456582463541787,0,blue,constant,7,0.16980372369289398,0.1685539824622018,0.26113054156303406,0.09132681787014008,0.09132681787014008,,False,0.32902002334594727
5812,39627835551253449,0.5456582463541787,0,blue,powerlaw,7,0.16980372369289398,0.1685539824622018,0.18828889585587555,0.018485172162981567,0.018485172162981567,,False,0.31784994926498716
5812,39627835551253449,0.5456582463541787,0,blue,regularized,7,0.16980372369289398,0.1685539824622018,0.35670892484069855,0.18690520114780457,0.18690520114780457,,False,0.3672153847326483
5812,39627835551253449,0.5456582463541787,0,red,constant,7,1.1382262706756592,0.04319781916482108,1.1152634620666504,-0.02296280860900879,0.02296280860900879,0.020174203671628404,False,0.07128880172967911
5812,39627835551253449,0.5456582463541787,0,red,powerlaw,7,1.1382262706756592,0.04319781916482108,1.097531802469885,-0.04069446820577416,0.04069446820577416,0.03575252939964005,False,0.07746447380489153
5812,39627835551253449,0.5456582463541787,0,red,regularized,7,1.1382262706756592,0.04319781916482108,1.2876043357848883,0.14937806510922913,0.14937806510922913,0.13123758338538194,False,0.18140958838901547
9204,39627853679036621,0.2198216984398181,0,blue,constant,9,1.0088822841644287,1.3169815275404189,0.16142864525318146,-0.8474536389112473,0.8474536389112473,,False,4.332946300506592
9204,39627853679036621,0.2198216984398181,0,blue,powerlaw,9,1.0088822841644287,1.3169815275404189,0.8822324173241408,-0.1266498668402879,0.1266498668402879,,False,4.245196910605709
9204,39627853679036621,0.2198216984398181,0,blue,regularized,9,1.0088822841644287,1.3169815275404189,0.369168141470359,-0.6397141426940698,0.6397141426940698,,False,4.297147932695959
9204,39627853679036621,0.2198216984398181,0,red,constant,9,0.6178334355354309,0.1443023549185859,0.41766631603240967,-0.20016711950302124,0.20016711950302124,0.3239823356752311,False,0.42194628715515137
9204,39627853679036621,0.2198216984398181,0,red,powerlaw,9,0.6178334355354309,0.1443023549185859,0.40116024323807925,-0.21667319229735166,0.21667319229735166,0.3506983918887085,False,0.4316635805593616
9204,39627853679036621,0.2198216984398181,0,red,regularized,9,0.6178334355354309,0.1443023549185859,0.44516892358511434,-0.17266451195031657,0.17266451195031657,0.2794677368030121,False,0.40961546459065695
4110,2851346470404097,0.183903877544252,0,blue,constant,9,0.12729647755622864,0.040317399634255305,0.17188286781311035,0.044586390256881714,0.044586390256881714,0.35025627662939285,False,0.11278928816318512
4110,2851346470404097,0.183903877544252,0,blue,powerlaw,9,0.12729647755622864,0.040317399634255305,0.19265444838619344,0.0653579708299648,0.0653579708299648,0.513431102609224,False,0.12214720150275778
4110,2851346470404097,0.183903877544252,0,blue,regularized,9,0.12729647755622864,0.040317399634255305,0.15440084883574567,0.027104371279517037,0.027104371279517037,0.21292318373495178,False,0.10708932019715356
4110,2851346470404097,0.183903877544252,0,red,constant,9,1.040246605873108,0.005706109520461824,1.0513228178024292,0.011076211929321289,0.011076211929321289,0.0106476789895649,False,0.0354706235229969
4110,2851346470404097,0.183903877544252,0,red,powerlaw,9,1.040246605873108,0.005706109520461824,1.0557024337821859,0.015455827909077957,0.015455827909077957,0.014857849880803457,False,0.03784812593859212
4110,2851346470404097,0.183903877544252,0,red,regularized,9,1.040246605873108,0.005706109520461824,1.0582524696716098,0.018005863798501887,0.018005863798501887,0.017309226193907228,False,0.03820594410176916
12928,39627787761354325,0.5610406289310123,0,blue,constant,7,0.28616243600845337,0.3404911586216518,0.2410421371459961,-0.045120298862457275,0.045120298862457275,,False,1.1193639039993286
12928,39627787761354325,0.5610406289310123,0,blue,powerlaw,7,0.28616243600845337,0.3404911586216518,0.4654485957728283,0.17928615976437495,0.17928615976437495,,False,1.1328279671744972
12928,39627787761354325,0.5610406289310123,0,blue,regularized,7,0.28616243600845337,0.3404911586216518,0.3476542015582997,0.06149176554984631,0.06149176554984631,,False,1.120143276730707
12928,39627787761354325,0.5610406289310123,0,red,constant,7,1.0726416110992432,0.04905196598597935,1.1339977979660034,0.061356186866760254,0.061356186866760254,0.057201013117403145,False,0.13217346370220184
12928,39627787761354325,0.5610406289310123,0,red,powerlaw,7,1.0726416110992432,0.04905196598597935,1.1449264350035073,0.07228482390426416,0.07228482390426416,0.06738953920516534,False,0.13696230492372946
12928,39627787761354325,0.5610406289310123,0,red,regularized,7,1.0726416110992432,0.04905196598597935,1.1384169821341266,0.0657753710348834,0.0657753710348834,0.061320920570549935,False,0.13428201085718008
3045,39627805356463318,0.5480306883658168,0,blue,constant,7,1.648349404335022,0.47485106331961496,0.7121028304100037,-0.9362465739250183,0.9362465739250183,0.5679903614262654,False,1.2481366395950317
3045,39627805356463318,0.5480306883658168,0,blue,powerlaw,7,1.648349404335022,0.47485106331961496,0.528118692122497,-1.120230712212525,1.120230712212525,0.6796075572729977,False,1.3920672598884192
3045,39627805356463318,0.5480306883658168,0,blue,regularized,7,1.648349404335022,0.47485106331961496,0.8676511163861583,-0.7806982879488636,0.7806982879488636,0.4736242728002279,False,1.1345303201224268
3045,39627805356463318,0.5480306883658168,0,red,constant,7,1.0402384996414185,0.0701896037374224,1.1069588661193848,0.06672036647796631,0.06672036647796631,0.06413948964681229,False,0.2340947836637497
3045,39627805356463318,0.5480306883658168,0,red,powerlaw,7,1.0402384996414185,0.0701896037374224,1.0887467580818428,0.04850825844042439,0.04850825844042439,0.04663186226730285,False,0.23070855553233333
3045,39627805356463318,0.5480306883658168,0,red,regularized,7,1.0402384996414185,0.0701896037374224,1.0615467489287165,0.02130824928729802,0.02130824928729802,0.020484003711305827,False,0.22539476112517523
12615,39627787757163721,0.3759539712555434,0,blue,constant,8,0.06590956449508667,0.05690905824303627,0.07809313386678696,0.012183569371700287,0.012183569371700287,,False,0.12353949248790741
12615,39627787757163721,0.3759539712555434,0,blue,powerlaw,8,0.06590956449508667,0.05690905824303627,0.059533355943592686,-0.006376208551493984,0.006376208551493984,,False,0.12317435616299088
12615,39627787757163721,0.3759539712555434,0,blue,regularized,8,0.06590956449508667,0.05690905824303627,0.04677336573192405,-0.019136198763162617,0.019136198763162617,,False,0.12442254898403403
12615,39627787757163721,0.3759539712555434,0,red,constant,8,0.9906295537948608,0.01165443379431963,1.1056405305862427,0.11501097679138184,0.11501097679138184,0.11609887505455774,False,0.11730650812387466
12615,39627787757163721,0.3759539712555434,0,red,powerlaw,8,0.9906295537948608,0.01165443379431963,1.0980608036852482,0.10743124989038733,0.10743124989038733,0.10844745089508419,False,0.10986521620936086
12615,39627787757163721,0.3759539712555434,0,red,regularized,8,0.9906295537948608,0.01165443379431963,1.109467352221636,0.11883779842677522,0.11883779842677522,0.11996189490969306,False,0.12106078467936555
2561,39627817436059180,0.5979975481846802,0,blue,constant,7,0.11321921646595001,0.2776210308074951,-0.019297635182738304,-0.13251685164868832,0.13251685164868832,,True,0.6500639915466309
2561,39627817436059180,0.5979975481846802,0,blue,powerlaw,7,0.11321921646595001,0.2776210308074951,0.04536630317399932,-0.0678529132919507,0.0678529132919507,,False,0.6400623877300274
2561,39627817436059180,0.5979975481846802,0,blue,regularized,7,0.11321921646595001,0.2776210308074951,-0.09046060943906334,-0.20367982590501335,0.20367982590501335,,True,0.6682125539419317
2561,39627817436059180,0.5979975481846802,0,red,constant,7,1.1366946697235107,0.04322957566806248,1.1004446744918823,-0.03624999523162842,0.03624999523162842,0.03189070574285868,False,0.05983180180191994
2561,39627817436059180,0.5979975481846802,0,red,powerlaw,7,1.1366946697235107,0.04322957566806248,1.1172232792100403,-0.019471390513470466,0.019471390513470466,0.017129833571056227,False,0.050580712915194656
2561,39627817436059180,0.5979975481846802,0,red,regularized,7,1.1366946697235107,0.04322957566806248,1.1117898363035008,-0.02490483342000993,0.02490483342000993,0.02190987085922359,False,0.05378554738104843
6925,39627841586860921,0.1265416126887426,0,blue,constant,9,2.298584461212158,1.6085983912150066,1.0498058795928955,-1.2487785816192627,1.2487785816192627,,False,6.3204026222229
6925,39627841586860921,0.1265416126887426,0,blue,powerlaw,9,2.298584461212158,1.6085983912150066,0.7171445088637506,-1.5814399523484077,1.5814399523484077,,False,6.397352377713268
6925,39627841586860921,0.1265416126887426,0,blue,regularized,9,2.298584461212158,1.6085983912150066,0.5076040484363658,-1.7909804127757925,1.7909804127757925,,False,6.449468932505746
6925,39627841586860921,0.1265416126887426,0,red,constant,9,0.40103113651275635,0.16239150365193686,0.277384877204895,-0.12364625930786133,0.12364625930786133,,False,0.5687701106071472
6925,39627841586860921,0.1265416126887426,0,red,powerlaw,9,0.40103113651275635,0.16239150365193686,0.36628545298849624,-0.03474568352426011,0.03474568352426011,,False,0.5539657669355285
6925,39627841586860921,0.1265416126887426,0,red,regularized,9,0.40103113651275635,0.16239150365193686,0.28599986726195875,-0.1150312692507976,0.1150312692507976,,False,0.5669596111330326
3618,2402739686473735,0.0643342258731362,0,blue,constant,10,0.46708860993385315,0.26452183723449707,0.3949986398220062,-0.07208997011184692,0.07208997011184692,,False,0.5085411071777344
3618,2402739686473735,0.0643342258731362,0,blue,powerlaw,10,0.46708860993385315,0.26452183723449707,0.5319297490222923,0.06484113908843914,0.06484113908843914,,False,0.49763175340268934
3618,2402739686473735,0.0643342258731362,0,blue,regularized,10,0.46708860993385315,0.26452183723449707,0.34377901967253627,-0.12330959026131688,0.12330959026131688,,False,0.5181519075622697
3618,2402739686473735,0.0643342258731362,0,red,constant,10,0.5977417230606079,0.026467999815940856,0.6827720403671265,0.08503031730651855,0.08503031730651855,0.1422526051404595,False,0.11502793431282043
3618,2402739686473735,0.0643342258731362,0,red,powerlaw,10,0.5977417230606079,0.026467999815940856,0.6556428280198934,0.057901104959285465,0.057901104959285465,0.09686642696249362,False,0.09614709712240703
3618,2402739686473735,0.0643342258731362,0,red,regularized,10,0.5977417230606079,0.026467999815940856,0.7744137410328437,0.17667201797223575,0.17667201797223575,0.29556581238402546,False,0.19443525382826685
7808,2715025152147456,0.2266819361222974,0,blue,constant,9,0.75251704454422,0.25425778494940865,0.8201132416725159,0.0675961971282959,0.0675961971282959,,False,0.20205877721309662
7808,2715025152147456,0.2266819361222974,0,blue,powerlaw,9,0.75251704454422,0.25425778494940865,0.9427246018940834,0.1902075573498634,0.1902075573498634,,False,0.26798492921562134
7808,2715025152147456,0.2266819361222974,0,blue,regularized,9,0.75251704454422,0.25425778494940865,0.5520611719805258,-0.20045587256369413,0.20045587256369413,,False,0.27669100821567155
7808,2715025152147456,0.2266819361222974,0,red,constant,9,0.6412842273712158,0.03246126903427972,0.7073031067848206,0.06601887941360474,0.06601887941360474,0.10294792323870589,False,0.1382974535226822
7808,2715025152147456,0.2266819361222974,0,red,powerlaw,9,0.6412842273712158,0.03246126903427972,0.7198757351974557,0.07859150782623991,0.07859150782623991,0.1225533148513665,False,0.14464096353651498
7808,2715025152147456,0.2266819361222974,0,red,regularized,9,0.6412842273712158,0.03246126903427972,0.7069316401904436,0.06564741281922781,0.06564741281922781,0.10236866901955932,False,0.13812051469317674
1482,2842580605730816,0.0464169173430912,0,blue,constant,10,0.6655288934707642,0.2904950141906738,0.11903097480535507,-0.5464979186654091,0.5464979186654091,,False,1.2193931341171265
1482,2842580605730816,0.0464169173430912,0,blue,powerlaw,10,0.6655288934707642,0.2904950141906738,0.23597881239815469,-0.4295500810726095,0.4295500810726095,,False,1.16704751123796
1482,2842580605730816,0.0464169173430912,0,blue,regularized,10,0.6655288934707642,0.2904950141906738,-0.15418414666809974,-0.8197130401388639,0.8197130401388639,,True,1.3638420508209947
1482,2842580605730816,0.0464169173430912,0,red,constant,10,0.7851909399032593,0.032974150776863095,0.8679285049438477,0.08273756504058838,0.08273756504058838,0.10537254167856572,False,0.1375950425863266
1482,2842580605730816,0.0464169173430912,0,red,powerlaw,10,0.7851909399032593,0.032974150776863095,0.8669426336964324,0.08175169379317315,0.08175169379317315,0.10411696014124348,False,0.13617484922739956
1482,2842580605730816,0.0464169173430912,0,red,regularized,10,0.7851909399032593,0.032974150776863095,0.8577565228763927,0.07256558297313342,0.07256558297313342,0.09241775380402885,False,0.13172947411204672
9322,39627847647627092,0.4082686322869648,0,blue,constant,8,7.09550666809082,1.532267689704895,1.776289463043213,-5.319217205047607,5.319217205047607,0.7496599543720593,False,8.047303199768066
9322,39627847647627092,0.4082686322869648,0,blue,powerlaw,8,7.09550666809082,1.532267689704895,2.0471716079126487,-5.048335060178172,5.048335060178172,0.7114833790349352,False,7.846406192359372
9322,39627847647627092,0.4082686322869648,0,blue,regularized,8,7.09550666809082,1.532267689704895,2.471531172616416,-4.623975495474404,4.623975495474404,0.6516765767085907,False,7.605666657237998
9322,39627847647627092,0.4082686322869648,0,red,constant,8,0.3718685209751129,0.2848135530948639,0.6266977787017822,0.2548292577266693,0.2548292577266693,,False,1.1424123048782349
9322,39627847647627092,0.4082686322869648,0,red,powerlaw,8,0.3718685209751129,0.2848135530948639,0.764520045558869,0.3926515245837561,0.3926515245837561,,False,1.1808309502734877
9322,39627847647627092,0.4082686322869648,0,red,regularized,8,0.3718685209751129,0.2848135530948639,0.3637707651088349,-0.008097755866278034,0.008097755866278034,,False,1.1136576878994302
12226,39627793796961309,0.4478410317895243,0,blue,constant,7,0.914362370967865,0.44871439252580914,1.1575857400894165,0.2432233691215515,0.2432233691215515,,False,0.7643820643424988
12226,39627793796961309,0.4478410317895243,0,blue,powerlaw,7,0.914362370967865,0.44871439252580914,0.9534295118314977,0.03906714086363272,0.03906714086363272,,False,0.7297839810326072
12226,39627793796961309,0.4478410317895243,0,blue,regularized,7,0.914362370967865,0.44871439252580914,0.9376031225527724,0.02324075158490746,0.02324075158490746,,False,0.7250258746988276
12226,39627793796961309,0.4478410317895243,0,red,constant,7,1.2220803499221802,0.09161506380353655,0.8797240853309631,-0.34235626459121704,0.34235626459121704,0.2801421891883113,False,0.730950117111206
12226,39627793796961309,0.4478410317895243,0,red,powerlaw,7,1.2220803499221802,0.09161506380353655,0.9817386192340484,-0.2403417306881318,0.2403417306881318,0.19666606267209544,False,0.6884240424931972
12226,39627793796961309,0.4478410317895243,0,red,regularized,7,1.2220803499221802,0.09161506380353655,0.9137947396708134,-0.3082856102513668,0.3082856102513668,0.2522629631275864,False,0.7178953638674245
12905,39627793796959006,0.5232407110910429,0,blue,constant,7,0.11283773928880692,0.12430897780827113,0.053326819092035294,-0.05951092019677162,0.05951092019677162,,False,0.19708257913589478
12905,39627793796959006,0.5232407110910429,0,blue,powerlaw,7,0.11283773928880692,0.12430897780827113,0.06712873642538411,-0.045709002863422804,0.045709002863422804,,False,0.19367548434422147
12905,39627793796959006,0.5232407110910429,0,blue,regularized,7,0.11283773928880692,0.12430897780827113,0.06437902940881801,-0.048458709879988904,0.048458709879988904,,False,0.1940315523341673
12905,39627793796959006,0.5232407110910429,0,red,constant,7,1.0772886276245117,0.021016367844172885,1.0640314817428589,-0.013257145881652832,0.013257145881652832,0.012306029732148628,False,0.05808981880545616
12905,39627793796959006,0.5232407110910429,0,red,powerlaw,7,1.0772886276245117,0.021016367844172885,1.0467894165236644,-0.0304992111008473,0.0304992111008473,0.028311086108928817,False,0.06383664700125143
12905,39627793796959006,0.5232407110910429,0,red,regularized,7,1.0772886276245117,0.021016367844172885,1.0032673233741574,-0.07402130425035436,0.07402130425035436,0.0687107450614938,False,0.09294192695645581
1510,39627847651824976,0.1711271424129847,0,blue,constant,9,1.4237619638442993,1.679329342312283,1.1300610303878784,-0.2937009334564209,0.2937009334564209,,False,5.393797397613525
1510,39627847651824976,0.1711271424129847,0,blue,powerlaw,9,1.4237619638442993,1.679329342312283,1.2219370658264175,-0.20182489801788184,0.20182489801788184,,False,5.384461098439328
1510,39627847651824976,0.1711271424129847,0,blue,regularized,9,1.4237619638442993,1.679329342312283,0.37641859915513454,-1.0473433646891648,1.0473433646891648,,False,5.486685662912063
1510,39627847651824976,0.1711271424129847,0,red,constant,9,0.6308936476707458,0.22297316127353245,0.6035575270652771,-0.02733612060546875,0.02733612060546875,,False,0.96148681640625
1510,39627847651824976,0.1711271424129847,0,red,powerlaw,9,0.6308936476707458,0.22297316127353245,0.5175822491320575,-0.11331139853868832,0.11331139853868832,,False,0.9651262816620375
1510,39627847651824976,0.1711271424129847,0,red,regularized,9,0.6308936476707458,0.22297316127353245,0.621229231634421,-0.009664416036324841,0.009664416036324841,,False,0.9611467169587741
6829,39627829507264460,0.0167632735241637,0,blue,constant,10,0.8267033696174622,0.43993406295776366,1.2441486120224,0.41744524240493774,0.41744524240493774,,False,1.152530550956726
6829,39627829507264460,0.0167632735241637,0,blue,powerlaw,10,0.8267033696174622,0.43993406295776366,1.1187907954780716,0.29208742586060943,0.29208742586060943,,False,1.1091679716801117
6829,39627829507264460,0.0167632735241637,0,blue,regularized,10,0.8267033696174622,0.43993406295776366,1.1665092382041822,0.33980586858672,0.33980586858672,,False,1.1263846500640418
6829,39627829507264460,0.0167632735241637,0,red,constant,10,0.2615140974521637,0.05428978204727173,0.3460251986980438,0.08451110124588013,0.08451110124588013,0.3231607858591216,False,0.24765978753566742
6829,39627829507264460,0.0167632735241637,0,red,powerlaw,10,0.2615140974521637,0.05428978204727173,0.3229431158335791,0.0614290183814154,0.0614290183814154,0.23489754082053657,False,0.23842720757079164
6829,39627829507264460,0.0167632735241637,0,red,regularized,10,0.2615140974521637,0.05428978204727173,0.35352374810429227,0.09200965065212857,0.09200965065212857,0.3518343811998855,False,0.2503178404751903
5922,39627835547060165,0.3760721376667936,0,blue,constant,8,0.03100202977657318,0.05917366221547127,0.10764064639806747,0.0766386166214943,0.0766386166214943,,False,0.15153850615024567
5922,39627835547060165,0.3760721376667936,0,blue,powerlaw,8,0.03100202977657318,0.05917366221547127,0.037620541914323444,0.006618512137750263,0.006618512137750263,,False,0.1302787784845033
5922,39627835547060165,0.3760721376667936,0,blue,regularized,8,0.03100202977657318,0.05917366221547127,0.037469974031832914,0.006467944255259733,0.006467944255259733,,False,0.13065832380657974
5922,39627835547060165,0.3760721376667936,0,red,constant,8,1.039501667022705,0.017107119783759117,1.1245944499969482,0.08509278297424316,0.08509278297424316,0.0818592078047957,False,0.10380861163139343
5922,39627835547060165,0.3760721376667936,0,red,powerlaw,8,1.039501667022705,0.017107119783759117,1.0983402944753915,0.05883862745268642,0.05883862745268642,0.05660272543978638,False,0.08410056215648586
5922,39627835547060165,0.3760721376667936,0,red,regularized,8,1.039501667022705,0.017107119783759117,1.1292203500947187,0.08971868307201358,0.08971868307201358,0.08630932101242501,False,0.10763795247653295
4168,2842562456977408,0.0281936156448863,0,blue,constant,10,0.4480600357055664,0.20809462070465087,0.5863428711891174,0.13828283548355103,0.13828283548355103,,False,0.7928957939147949
4168,2842562456977408,0.0281936156448863,0,blue,powerlaw,10,0.4480600357055664,0.20809462070465087,0.645159821257623,0.19709978555205654,0.19709978555205654,,False,0.8127150569899061
4168,2842562456977408,0.0281936156448863,0,blue,regularized,10,0.4480600357055664,0.20809462070465087,0.3364851632069987,-0.11157487249856768,0.11157487249856768,,False,0.7981999243926549
4168,2842562456977408,0.0281936156448863,0,red,constant,10,0.5480617880821228,0.026687878370285033,0.5793861150741577,0.03132432699203491,0.03132432699203491,0.05715473633301581,False,0.10916870087385178
4168,2842562456977408,0.0281936156448863,0,red,powerlaw,10,0.5480617880821228,0.026687878370285033,0.5951390968195402,0.047077308737417445,0.047077308737417445,0.08589781254803204,False,0.11415229848104143
4168,2842562456977408,0.0281936156448863,0,red,regularized,10,0.5480617880821228,0.026687878370285033,0.5786439042359497,0.030582116153826888,0.030582116153826888,0.05580048968720366,False,0.10895807081329344
12854,39627787752966787,0.1695809213128639,0,blue,constant,9,-2.5486373901367188,2.8416366577148438,-0.40524083375930786,2.143396556377411,2.143396556377411,,True,6.055379390716553
12854,39627787752966787,0.1695809213128639,0,blue,powerlaw,9,-2.5486373901367188,2.8416366577148438,0.051931571686857164,2.600568961823576,2.600568961823576,,False,6.230498106681428
12854,39627787752966787,0.1695809213128639,0,blue,regularized,9,-2.5486373901367188,2.8416366577148438,-1.0522980359316043,1.4963393542051144,1.4963393542051144,,True,5.857687664937452
12854,39627787752966787,0.1695809213128639,0,red,constant,9,0.9207086563110352,0.33118971188863117,0.7335174083709717,-0.18719124794006348,0.18719124794006348,,False,1.0890653133392334
12854,39627787752966787,0.1695809213128639,0,red,powerlaw,9,0.9207086563110352,0.33118971188863117,0.5623380512908102,-0.358370605020225,0.358370605020225,,False,1.1321183437383595
12854,39627787752966787,0.1695809213128639,0,red,regularized,9,0.9207086563110352,0.33118971188863117,0.6396236108565685,-0.28108504545446666,0.28108504545446666,,False,1.10906791078362
6370,39627829511459693,0.5736303520624962,0,blue,constant,7,0.16964371502399445,0.22768044471740723,0.21712197363376617,0.04747825860977173,0.04747825860977173,,False,0.790804922580719
6370,39627829511459693,0.5736303520624962,0,blue,powerlaw,7,0.16964371502399445,0.22768044471740723,0.14712836672025034,-0.022515348303744104,0.022515348303744104,,False,0.7915584376290183
6370,39627829511459693,0.5736303520624962,0,blue,regularized,7,0.16964371502399445,0.22768044471740723,0.6981506368770543,0.5285069218530598,0.5285069218530598,,False,0.9482588006484886
6370,39627829511459693,0.5736303520624962,0,red,constant,7,1.0538322925567627,0.028956666588783264,1.1608468294143677,0.10701453685760498,0.10701453685760498,0.10154797647922792,False,0.1401471495628357
6370,39627829511459693,0.5736303520624962,0,red,powerlaw,7,1.0538322925567627,0.028956666588783264,1.1547285454954979,0.10089625293873516,0.10089625293873516,0.09574222924403371,False,0.1354883878352747
6370,39627829511459693,0.5736303520624962,0,red,regularized,7,1.0538322925567627,0.028956666588783264,0.9987943117487735,-0.05503798080798916,0.05503798080798916,0.052226508142446816,False,0.10555036909708322
974,39627835580616763,0.4723174633084611,0,blue,constant,7,-0.02131587266921997,0.3000805377960205,0.23755761981010437,0.25887349247932434,0.25887349247932434,,False,0.975326418876648
974,39627835580616763,0.4723174633084611,0,blue,powerlaw,7,-0.02131587266921997,0.3000805377960205,0.2677224316588795,0.28903830432809946,0.28903830432809946,,False,0.9857907641749136
974,39627835580616763,0.4723174633084611,0,blue,regularized,7,-0.02131587266921997,0.3000805377960205,0.759094987991436,0.780410860660656,0.780410860660656,,False,1.2384894051270403
974,39627835580616763,0.4723174633084611,0,red,constant,7,1.2730634212493896,0.0667111873626709,1.581857442855835,0.3087940216064453,0.3087940216064453,0.2425598100237564,False,0.3429705798625946
974,39627835580616763,0.4723174633084611,0,red,powerlaw,7,1.2730634212493896,0.0667111873626709,1.3591037752182138,0.08604035396882415,0.08604035396882415,0.06758528485908721,False,0.1748934823691976
974,39627835580616763,0.4723174633084611,0,red,regularized,7,1.2730634212493896,0.0667111873626709,1.4726054166778921,0.19954199542850248,0.19954199542850248,0.1567415983350391,False,0.24918300387213915
2663,39627823480046220,0.0681721820471413,0,blue,constant,10,1.3574374914169312,0.3261694431304932,0.7195453643798828,-0.6378921270370483,0.6378921270370483,0.4699237578676265,False,1.7060656547546387
2663,39627823480046220,0.0681721820471413,0,blue,powerlaw,10,1.3574374914169312,0.3261694431304932,0.5052396073839607,-0.8521978840329705,0.8521978840329705,0.6277989884774897,False,1.7967950932116443
2663,39627823480046220,0.0681721820471413,0,blue,regularized,10,1.3574374914169312,0.3261694431304932,0.55726455375608,-0.8001729376608512,0.8001729376608512,0.5894731379679283,False,1.7731414245011672
2663,39627823480046220,0.0681721820471413,0,red,constant,10,0.6096135377883911,0.05114112496376037,0.5744372606277466,-0.03517627716064453,0.03517627716064453,0.0577025852940538,False,0.08214305341243744
2663,39627823480046220,0.0681721820471413,0,red,powerlaw,10,0.6096135377883911,0.05114112496376037,0.6317674071599179,0.022153869371526747,0.022153869371526747,0.03634084218650799,False,0.07800644750780564
2663,39627823480046220,0.0681721820471413,0,red,regularized,10,0.6096135377883911,0.05114112496376037,0.5907244304032524,-0.018889107385138715,0.018889107385138715,0.030985380432439636,False,0.07659573946947583
542,39627580936033060,0.3031609031710275,0,blue,constant,8,0.2582172751426697,0.3416755497455597,0.8181107044219971,0.5598934292793274,0.5598934292793274,,False,1.0633796453475952
542,39627580936033060,0.3031609031710275,0,blue,powerlaw,8,0.2582172751426697,0.3416755497455597,0.7038230913372292,0.4456058161945595,0.4456058161945595,,False,1.0023225784320784
542,39627580936033060,0.3031609031710275,0,blue,regularized,8,0.2582172751426697,0.3416755497455597,0.8653060406958307,0.607088765553161,0.607088765553161,,False,1.0873850029167864
542,39627580936033060,0.3031609031710275,0,red,constant,8,0.815762996673584,0.04127079248428345,0.8088171482086182,-0.00694584846496582,0.00694584846496582,0.008514542205626793,False,0.15008333325386047
542,39627580936033060,0.3031609031710275,0,red,powerlaw,8,0.815762996673584,0.04127079248428345,0.8544432411095726,0.03868024443598861,0.03868024443598861,0.04741603209965892,False,0.15454547567939247
542,39627580936033060,0.3031609031710275,0,red,regularized,8,0.815762996673584,0.04127079248428345,0.8537180378965675,0.03795504122298354,0.03795504122298354,0.04652704446971957,False,0.15465233846370108
1627,39627853704204742,0.5326220280668471,0,blue,constant,7,-0.28983888030052185,0.4270138740539551,0.07091260701417923,0.3607514873147011,0.3607514873147011,,False,0.93074631690979
1627,39627853704204742,0.5326220280668471,0,blue,powerlaw,7,-0.28983888030052185,0.4270138740539551,0.02553783251345912,0.31537671281398094,0.31537671281398094,,False,0.9133442077803949
1627,39627853704204742,0.5326220280668471,0,blue,regularized,7,-0.28983888030052185,0.4270138740539551,0.09057124476282212,0.380410125063344,0.380410125063344,,False,0.9386068177449924
1627,39627853704204742,0.5326220280668471,0,red,constant,7,1.1986684799194336,0.037104981286185126,1.1394721269607544,-0.0591963529586792,0.0591963529586792,0.049385091833446706,False,0.17884260416030884
1627,39627853704204742,0.5326220280668471,0,red,powerlaw,7,1.1986684799194336,0.037104981286185126,1.137105561338312,-0.061562918581121506,0.061562918581121506,0.05135942056744443,False,0.17944274006207497
1627,39627853704204742,0.5326220280668471,0,red,regularized,7,1.1986684799194336,0.037104981286185126,1.1230993431156582,-0.07556913680377542,0.07556913680377542,0.06304423455670968,False,0.1849085398460333
2769,39627829515653030,0.3229768187582894,0,blue,constant,8,0.006168485153466463,0.06493745744228363,0.1155083179473877,0.10933983279392123,0.10933983279392123,,False,0.19235669076442719
2769,39627829515653030,0.3229768187582894,0,blue,powerlaw,8,0.006168485153466463,0.06493745744228363,0.10323446129953048,0.09706597614606402,0.09706597614606402,,False,0.18570372948908093
2769,39627829515653030,0.3229768187582894,0,blue,regularized,8,0.006168485153466463,0.06493745744228363,0.08630632018487694,0.08013783503141048,0.08013783503141048,,False,0.1775291356162346
2769,39627829515653030,0.3229768187582894,0,red,constant,8,1.078002691268921,0.010862363502383232,1.0491920709609985,-0.028810620307922363,0.028810620307922363,0.026725926142178065,False,0.05033642798662186
2769,39627829515653030,0.3229768187582894,0,red,powerlaw,8,1.078002691268921,0.010862363502383232,0.9963552292539293,-0.08164746201499162,0.08164746201499162,0.07573957159502459,False,0.09100660094743601
2769,39627829515653030,0.3229768187582894,0,red,regularized,8,1.078002691268921,0.010862363502383232,1.1193290808640823,0.04132638959516144,0.04132638959516144,0.03833607274812644,False,0.06173993930985787
3859,39627817436056733,0.130754402825237,0,blue,constant,9,1.7773282527923584,0.5527799924214681,1.206761360168457,-0.5705668926239014,0.5705668926239014,0.32102505079041216,False,1.7431855201721191
3859,39627817436056733,0.130754402825237,0,blue,powerlaw,9,1.7773282527923584,0.5527799924214681,0.9617533001523767,-0.8155749526399817,0.8155749526399817,0.45887694147585445,False,1.8365770253642832
3859,39627817436056733,0.130754402825237,0,blue,regularized,9,1.7773282527923584,0.5527799924214681,1.26865552097365,-0.5086727318187083,0.5086727318187083,0.28620077974877917,False,1.7108316472309133
3859,39627817436056733,0.130754402825237,0,red,constant,9,0.5292422771453857,0.0413340065214369,0.5095176100730896,-0.019724667072296143,0.019724667072296143,0.03726963608932865,False,0.18421460688114166
3859,39627817436056733,0.130754402825237,0,red,powerlaw,9,0.5292422771453857,0.0413340065214369,0.4838865472577461,-0.04535572988763964,0.04535572988763964,0.08569937030026831,False,0.18681375419682833
3859,39627817436056733,0.130754402825237,0,red,regularized,9,0.5292422771453857,0.0413340065214369,0.506161419241856,-0.02308085790352976,0.02308085790352976,0.04361113784791105,False,0.1846041257571281
6577,39627823467466867,0.3094879998868189,0,blue,constant,8,-0.5935331583023071,0.38043782114982605,-0.1689804047346115,0.4245527535676956,0.4245527535676956,,True,1.185651183128357
6577,39627823467466867,0.3094879998868189,0,blue,powerlaw,8,-0.5935331583023071,0.38043782114982605,0.00784022776520742,0.6013733860675146,0.6013733860675146,,False,1.2600863970017648
6577,39627823467466867,0.3094879998868189,0,blue,regularized,8,-0.5935331583023071,0.38043782114982605,0.07913583392390243,0.6726689922262096,0.6726689922262096,,False,1.295379170248983
6577,39627823467466867,0.3094879998868189,0,red,constant,8,0.6730817556381226,0.03653036803007126,0.7783191204071045,0.10523736476898193,0.10523736476898193,0.1563515336546457,False,0.17649000883102417
6577,39627823467466867,0.3094879998868189,0,red,powerlaw,8,0.6730817556381226,0.03653036803007126,0.7812757296351143,0.10819397399699171,0.10819397399699171,0.16074417868363886,False,0.1777823572456221
6577,39627823467466867,0.3094879998868189,0,red,regularized,8,0.6730817556381226,0.03653036803007126,0.7729435194782325,0.09986176384010992,0.09986176384010992,0.1483649839021931,False,0.173198496524845
6873,2842568492580864,0.0323794601806772,0,blue,constant,10,0.40765833854675293,0.020122888684272765,0.43858423829078674,0.030925899744033813,0.030925899744033813,0.075862301392584,False,0.1033269390463829
6873,2842568492580864,0.0323794601806772,0,blue,powerlaw,10,0.40765833854675293,0.020122888684272765,0.30766607703650783,-0.0999922615102451,0.0999922615102451,0.24528447490293964,False,0.14772915265612743
6873,2842568492580864,0.0323794601806772,0,blue,regularized,10,0.40765833854675293,0.020122888684272765,0.38540096104323884,-0.022257377503514086,0.022257377503514086,0.0545981166063195,False,0.10217801662617985
6873,2842568492580864,0.0323794601806772,0,red,constant,10,0.8320733308792114,0.003846578299999237,0.826306939125061,-0.005766391754150391,0.005766391754150391,0.006930148509936408,False,0.017290638759732246
6873,2842568492580864,0.0323794601806772,0,red,powerlaw,10,0.8320733308792114,0.003846578299999237,0.8100956262134472,-0.02197770466576421,0.02197770466576421,0.026413182408504113,False,0.028908649219040194
6873,2842568492580864,0.0323794601806772,0,red,regularized,10,0.8320733308792114,0.003846578299999237,0.8131522413722723,-0.01892108950693916,0.01892108950693916,0.022739689886402396,False,0.024974415925881985
8092,39627829524040288,0.5315879475232077,0,blue,constant,7,-0.059338025748729706,0.19077789783477783,0.13422250747680664,0.19356053322553635,0.19356053322553635,,False,0.3657553791999817
8092,39627829524040288,0.5315879475232077,0,blue,powerlaw,7,-0.059338025748729706,0.19077789783477783,0.002401071458690615,0.061739097207420324,0.061739097207420324,,False,0.3164400971906024
8092,39627829524040288,0.5315879475232077,0,blue,regularized,7,-0.059338025748729706,0.19077789783477783,0.09365087701832189,0.1529889027670516,0.1529889027670516,,False,0.3460013149154608
8092,39627829524040288,0.5315879475232077,0,red,constant,7,1.2326500415802002,0.02485846621649606,1.218220829963684,-0.014429211616516113,0.014429211616516113,0.011705846046959551,False,0.0686294361948967
8092,39627829524040288,0.5315879475232077,0,red,powerlaw,7,1.2326500415802002,0.02485846621649606,1.2036164131309948,-0.02903362844920543,0.02903362844920543,0.023553829124108628,False,0.07320117948627426
8092,39627829524040288,0.5315879475232077,0,red,regularized,7,1.2326500415802002,0.02485846621649606,1.2993689979394065,0.06671895635920633,0.06671895635920633,0.0541264382498018,False,0.0956024074408785
5325,39627865767018542,0.1244513715613633,0,blue,constant,9,4.227533340454102,1.8706559075249567,1.420702338218689,-2.8068310022354126,2.8068310022354126,,False,5.11203670501709
5325,39627865767018542,0.1244513715613633,0,blue,powerlaw,9,4.227533340454102,1.8706559075249567,1.7102812814294535,-2.5172520590246483,2.5172520590246483,,False,4.9740118224231
5325,39627865767018542,0.1244513715613633,0,blue,regularized,9,4.227533340454102,1.8706559075249567,5.8939647856926936,1.666431445238592,1.666431445238592,,False,4.5860235182148354
5325,39627865767018542,0.1244513715613633,0,red,constant,9,-0.2078796774148941,0.2116714186138577,0.25889596343040466,0.46677564084529877,0.46677564084529877,,False,1.0974814891815186
5325,39627865767018542,0.1244513715613633,0,red,powerlaw,9,-0.2078796774148941,0.2116714186138577,0.5965214060883035,0.8044010835031976,0.8044010835031976,,False,1.2791009269899778
5325,39627865767018542,0.1244513715613633,0,red,regularized,9,-0.2078796774148941,0.2116714186138577,-0.32589264444416033,-0.11801296702926622,0.11801296702926622,,True,1.0000310456353734
6489,39627823471657401,0.3551855495922,0,blue,constant,8,0.18784567713737488,0.07002906501293182,0.034340180456638336,-0.15350549668073654,0.15350549668073654,,False,0.19250930845737457
6489,39627823471657401,0.3551855495922,0,blue,powerlaw,8,0.18784567713737488,0.07002906501293182,0.07887209893037718,-0.1089735782069977,0.1089735782069977,,False,0.16031249128775119
6489,39627823471657401,0.3551855495922,0,blue,regularized,8,0.18784567713737488,0.07002906501293182,-0.013008465356132991,-0.20085414249350786,0.20085414249350786,,True,0.2351367791208483
6489,39627823471657401,0.3551855495922,0,red,constant,8,1.0271146297454834,0.013386834412813187,1.0163722038269043,-0.010742425918579102,0.010742425918579102,0.010458838388117448,False,0.0627729594707489
6489,39627823471657401,0.3551855495922,0,red,powerlaw,8,1.0271146297454834,0.013386834412813187,1.0397485126505759,0.012633882905092486,0.012633882905092486,0.01230036311353401,False,0.0641329924154577
6489,39627823471657401,0.3551855495922,0,red,regularized,8,1.0271146297454834,0.013386834412813187,0.9848607294216029,-0.042253900323880544,0.042253900323880544,0.04113844657665032,False,0.07490283638505635
506,39627574954954299,0.5259665970561116,0,blue,constant,7,0.07588129490613937,0.1661529541015625,-0.018990712240338326,-0.0948720071464777,0.0948720071464777,,True,0.2677329182624817
506,39627574954954299,0.5259665970561116,0,blue,powerlaw,7,0.07588129490613937,0.1661529541015625,0.005504035639419424,-0.07037725926671995,0.07037725926671995,,False,0.2595592581268401
506,39627574954954299,0.5259665970561116,0,blue,regularized,7,0.07588129490613937,0.1661529541015625,0.0004713251791898954,-0.07540996972694948,0.07540996972694948,,False,0.2614706143608154
506,39627574954954299,0.5259665970561116,0,red,constant,7,1.1559079885482788,0.022939581956182207,1.181031346321106,0.02512335777282715,0.02512335777282715,0.02173473842358329,False,0.09484580904245377
506,39627574954954299,0.5259665970561116,0,red,powerlaw,7,1.1559079885482788,0.022939581956182207,1.178755540011855,0.0228475514635762,0.0228475514635762,0.019765891134873773,False,0.0934978799722353
506,39627574954954299,0.5259665970561116,0,red,regularized,7,1.1559079885482788,0.022939581956182207,1.1676253706149602,0.011717382066681381,0.011717382066681381,0.010136950503644677,False,0.09191794518217199
611,39627568994848893,0.2921581104373164,0,blue,constant,8,0.20403558015823364,0.3496011793613434,0.5651840567588806,0.361148476600647,0.361148476600647,,False,1.2237266302108765
611,39627568994848893,0.2921581104373164,0,blue,powerlaw,8,0.20403558015823364,0.3496011793613434,0.49117747727939304,0.2871418971211594,0.2871418971211594,,False,1.2038646294733852
611,39627568994848893,0.2921581104373164,0,blue,regularized,8,0.20403558015823364,0.3496011793613434,0.5557651620669961,0.35172958190876247,0.35172958190876247,,False,1.2204058107691986
611,39627568994848893,0.2921581104373164,0,red,constant,8,1.0351892709732056,0.05119682848453522,1.1659976243972778,0.13080835342407227,0.13080835342407227,0.1263617746937198,False,0.22203849256038666
611,39627568994848893,0.2921581104373164,0,red,powerlaw,8,1.0351892709732056,0.05119682848453522,1.1101471370066,0.0749578660333945,0.0749578660333945,0.07240981734956049,False,0.1944482080853972
611,39627568994848893,0.2921581104373164,0,red,regularized,8,1.0351892709732056,0.05119682848453522,1.2310020660776797,0.19581279510447414,0.19581279510447414,0.18915651523357266,False,0.26578178753214066
3752,39627811404646085,0.2194465798369882,0,blue,constant,9,1.325448751449585,0.4761117829216851,1.482399344444275,0.15695059299468994,0.15695059299468994,,False,1.4518542289733887
3752,39627811404646085,0.2194465798369882,0,blue,powerlaw,9,1.325448751449585,0.4761117829216851,0.9351440026409085,-0.3903047488086765,0.3903047488086765,,False,1.493527886993937
3752,39627811404646085,0.2194465798369882,0,blue,regularized,9,1.325448751449585,0.4761117829216851,1.2808210501797777,-0.04462770126980731,0.04462770126980731,,False,1.444035741121364
3752,39627811404646085,0.2194465798369882,0,red,constant,9,0.6439855098724365,0.05723749266730414,0.6198062300682068,-0.024179279804229736,0.024179279804229736,0.03754631033393791,False,0.21612095832824707
3752,39627811404646085,0.2194465798369882,0,red,powerlaw,9,0.6439855098724365,0.05723749266730414,0.6100670084617039,-0.033918501410732604,0.033918501410732604,0.052669665529355356,False,0.21594476344172925
3752,39627811404646085,0.2194465798369882,0,red,regularized,9,0.6439855098724365,0.05723749266730414,0.6198367960909239,-0.02414871378151262,0.02414871378151262,0.037498846497797916,False,0.2157193443284826
9025,39627835555450600,0.1242178958762002,0,blue,constant,9,1.8079571723937988,1.5205087661743164,-0.20627139508724213,-2.014228567481041,2.014228567481041,,True,4.7280778884887695
9025,39627835555450600,0.1242178958762002,0,blue,powerlaw,9,1.8079571723937988,1.5205087661743164,0.9985065513864367,-0.8094506210073621,0.8094506210073621,,False,4.355232565568493
9025,39627835555450600,0.1242178958762002,0,blue,regularized,9,1.8079571723937988,1.5205087661743164,-2.0608010086394946,-3.8687581810332934,3.8687581810332934,,True,5.813026627045662
9025,39627835555450600,0.1242178958762002,0,red,constant,9,-0.759585976600647,0.18694534566667345,-0.19367261230945587,0.5659133642911911,0.5659133642911911,,True,1.313529372215271
9025,39627835555450600,0.1242178958762002,0,red,powerlaw,9,-0.759585976600647,0.18694534566667345,0.02336835624649144,0.7829543328471384,0.7829543328471384,,False,1.4192006437820899
9025,39627835555450600,0.1242178958762002,0,red,regularized,9,-0.759585976600647,0.18694534566667345,-0.14377586686685465,0.6158101097337924,0.6158101097337924,,True,1.3359051251365444
806,39627841612025438,0.1193565291569476,0,blue,constant,9,-2.7800912857055664,1.405710220336914,1.5650794506072998,4.345170736312866,4.345170736312866,,False,4.874353408813477
806,39627841612025438,0.1193565291569476,0,blue,powerlaw,9,-2.7800912857055664,1.405710220336914,1.6665422201816815,4.446633505887248,4.446633505887248,,False,4.9702406705267155
806,39627841612025438,0.1193565291569476,0,blue,regularized,9,-2.7800912857055664,1.405710220336914,1.4608660563882792,4.240957342093846,4.240957342093846,,False,4.781687087488407
806,39627841612025438,0.1193565291569476,0,red,constant,9,0.20445077121257782,0.22170257568359375,0.3131725490093231,0.1087217777967453,0.1087217777967453,,False,0.6420514583587646
806,39627841612025438,0.1193565291569476,0,red,powerlaw,9,0.20445077121257782,0.22170257568359375,0.5317849079050853,0.32733413669250744,0.32733413669250744,,False,0.7124063650505936
806,39627841612025438,0.1193565291569476,0,red,regularized,9,0.20445077121257782,0.22170257568359375,0.21775719070395255,0.013306419491374732,0.013306419491374732,,False,0.632919183461167
3272,39627823475856084,0.1243946961063919,0,blue,constant,9,2.1530399322509766,0.5207077132331001,1.4890815019607544,-0.6639584302902222,0.6639584302902222,0.3083818466831973,False,1.0305967330932617
3272,39627823475856084,0.1243946961063919,0,blue,powerlaw,9,2.1530399322509766,0.5207077132331001,1.5174943114011716,-0.6355456208498049,0.6355456208498049,0.2951852454428701,False,1.0028347993876428
3272,39627823475856084,0.1243946961063919,0,blue,regularized,9,2.1530399322509766,0.5207077132331001,1.6954264701784298,-0.4576134620725467,0.4576134620725467,0.21254295158107797,False,0.8937989141232139
3272,39627823475856084,0.1243946961063919,0,red,constant,9,0.5505033135414124,0.05279916856024,0.49963510036468506,-0.050868213176727295,0.050868213176727295,0.09240310080876682,False,0.1469884067773819
3272,39627823475856084,0.1243946961063919,0,red,powerlaw,9,0.5505033135414124,0.05279916856024,0.4827910109193784,-0.06771230262203393,0.06771230262203393,0.12300071762772447,False,0.1548956320688269
3272,39627823475856084,0.1243946961063919,0,red,regularized,9,0.5505033135414124,0.05279916856024,0.48515594551333346,-0.06534736802807889,0.06534736802807889,0.11870476783817405,False,0.1526050449521621
6536,39627823471658492,0.5106211990053792,0,blue,constant,7,1.0054222345352173,0.1389421054295131,0.622889518737793,-0.3825327157974243,0.3825327157974243,0.3804697197434271,False,0.4915938079357147
6536,39627823471658492,0.5106211990053792,0,blue,powerlaw,7,1.0054222345352173,0.1389421054295131,0.6542508720722263,-0.35117136246299097,0.35117136246299097,0.34927749795122554,False,0.46542473135622753
6536,39627823471658492,0.5106211990053792,0,blue,regularized,7,1.0054222345352173,0.1389421054295131,0.6083319592353499,-0.3970902752998674,0.3970902752998674,0.3949487704371614,False,0.5030048433705542
6536,39627823471658492,0.5106211990053792,0,red,constant,7,1.3186861276626587,0.014768077858856745,1.281143069267273,-0.03754305839538574,0.03754305839538574,0.028470048791618036,False,0.04463696479797363
6536,39627823471658492,0.5106211990053792,0,red,powerlaw,7,1.3186861276626587,0.014768077858856745,1.2768085459490572,-0.04187758171360145,0.04187758171360145,0.03175705032085878,False,0.04827523617375553
6536,39627823471658492,0.5106211990053792,0,red,regularized,7,1.3186861276626587,0.014768077858856745,1.2788891267243314,-0.039797000938327276,0.039797000938327276,0.030179282320097322,False,0.0465861061696532
1644,39627847651822643,0.3295183285466317,0,blue,constant,8,2.19840407371521,1.9662033319473267,2.0105035305023193,-0.18790054321289062,0.18790054321289062,,False,5.10862398147583
1644,39627847651822643,0.3295183285466317,0,blue,powerlaw,8,2.19840407371521,1.9662033319473267,1.5248545067066483,-0.6735495670085616,0.6735495670085616,,False,5.155015279201962
1644,39627847651822643,0.3295183285466317,0,blue,regularized,8,2.19840407371521,1.9662033319473267,1.732938238637475,-0.465465835077735,0.465465835077735,,False,5.126342895850698
1644,39627847651822643,0.3295183285466317,0,red,constant,8,0.7345219254493713,0.17603416740894318,0.6401296854019165,-0.09439224004745483,0.09439224004745483,0.12850840359830898,False,0.4735001027584076
1644,39627847651822643,0.3295183285466317,0,red,powerlaw,8,0.7345219254493713,0.17603416740894318,0.49524536909329414,-0.2392765563560772,0.2392765563560772,0.3257582218661353,False,0.5226207591500148
1644,39627847651822643,0.3295183285466317,0,red,regularized,8,0.7345219254493713,0.17603416740894318,0.6093608410711925,-0.12516108437817886,0.12516108437817886,0.1703980235873924,False,0.4805806434317839
899,39627841616221866,0.5612730943237612,0,blue,constant,7,0.338935911655426,0.13824463742119925,-0.060204681009054184,-0.3991405926644802,0.3991405926644802,,True,0.5631261467933655
899,39627841616221866,0.5612730943237612,0,blue,powerlaw,7,0.338935911655426,0.13824463742119925,0.019371512575152048,-0.31956439908027395,0.31956439908027395,,False,0.510426251822013
899,39627841616221866,0.5612730943237612,0,blue,regularized,7,0.338935911655426,0.13824463742119925,-0.14939177250275065,-0.4883276841581767,0.4883276841581767,,True,0.6295578900410898
899,39627841616221866,0.5612730943237612,0,red,constant,7,1.0639760494232178,0.02975222042628697,1.1521168947219849,0.08814084529876709,0.08814084529876709,0.08284100506449212,False,0.12118431180715561
899,39627841616221866,0.5612730943237612,0,red,powerlaw,7,1.0639760494232178,0.02975222042628697,1.1189228282034867,0.05494677878026888,0.05494677878026888,0.0516428718579291,False,0.09989384138508926
899,39627841616221866,0.5612730943237612,0,red,regularized,7,1.0639760494232178,0.02975222042628697,1.1235161654448385,0.05954011602162068,0.05954011602162068,0.05596001531603782,False,0.10250930234556788
2064,39627847656019121,0.0723708703316156,0,blue,constant,10,2.7047648429870605,1.1500517845153808,1.4882738590240479,-1.2164909839630127,1.2164909839630127,,False,4.007998466491699
2064,39627847656019121,0.0723708703316156,0,blue,powerlaw,10,2.7047648429870605,1.1500517845153808,1.0221170537541622,-1.6826477892328984,1.6826477892328984,,False,4.173503013404507
2064,39627847656019121,0.0723708703316156,0,blue,regularized,10,2.7047648429870605,1.1500517845153808,3.4004598538273987,0.6956950108403381,0.6956950108403381,,False,3.8801917222087834
2064,39627847656019121,0.0723708703316156,0,red,constant,10,0.37228652834892273,0.23440883159637452,0.46676310896873474,0.09447658061981201,0.09447658061981201,,False,0.4108157753944397
2064,39627847656019121,0.0723708703316156,0,red,powerlaw,10,0.37228652834892273,0.23440883159637452,0.48646758730721834,0.11418105895829561,0.11418105895829561,,False,0.41562244923421937
2064,39627847656019121,0.0723708703316156,0,red,regularized,10,0.37228652834892273,0.23440883159637452,0.5047912543657203,0.13250472601679752,0.13250472601679752,,False,0.42119030890042103
2963,39627805360652764,0.0925521251668854,0,blue,constant,10,1.7353919744491577,0.5217753410339355,0.8897262811660767,-0.845665693283081,0.845665693283081,0.48730529225335933,False,1.6827831268310547
2963,39627805360652764,0.0925521251668854,0,blue,powerlaw,10,1.7353919744491577,0.5217753410339355,1.0474737423423481,-0.6879182321068096,0.6879182321068096,0.3964051016918908,False,1.6079617947978857
2963,39627805360652764,0.0925521251668854,0,blue,regularized,10,1.7353919744491577,0.5217753410339355,0.24567003417607042,-1.4897219402730872,1.4897219402730872,0.8584354210500195,False,2.082277565577184
2963,39627805360652764,0.0925521251668854,0,red,constant,10,0.5836295485496521,0.07983876466751098,0.5843340158462524,0.0007044672966003418,0.0007044672966003418,0.0012070452881472115,False,0.24843895435333252
2963,39627805360652764,0.0925521251668854,0,red,powerlaw,10,0.5836295485496521,0.07983876466751098,0.5010952800191788,-0.0825342685304733,0.0825342685304733,0.1414155070379404,False,0.26186405708522614
2963,39627805360652764,0.0925521251668854,0,red,regularized,10,0.5836295485496521,0.07983876466751098,0.7207180459189965,0.13708849736934436,0.13708849736934436,0.23488957629033,False,0.2837510819528145
2615,39627805356458724,0.3036570472055792,0,blue,constant,8,1.2126820087432861,0.44724979996681213,1.6014128923416138,0.38873088359832764,0.38873088359832764,,False,1.2062612771987915
2615,39627805356458724,0.3036570472055792,0,blue,powerlaw,8,1.2126820087432861,0.44724979996681213,1.5866917232971147,0.3740097145538286,0.3740097145538286,,False,1.1948497142491858
2615,39627805356458724,0.3036570472055792,0,blue,regularized,8,1.2126820087432861,0.44724979996681213,1.5587506096133883,0.34606860087010216,0.34606860087010216,,False,1.1924581305579565
2615,39627805356458724,0.3036570472055792,0,red,constant,8,0.5845019817352295,0.05428136885166168,0.6363536715507507,0.05185168981552124,0.05185168981552124,0.08871088796241117,False,0.19224394857883453
2615,39627805356458724,0.3036570472055792,0,red,powerlaw,8,0.5845019817352295,0.05428136885166168,0.6236830022547974,0.039181020519567955,0.039181020519567955,0.0670331696793397,False,0.18683448946264142
2615,39627805356458724,0.3036570472055792,0,red,regularized,8,0.5845019817352295,0.05428136885166168,0.5132443460965881,-0.0712576356386414,0.0712576356386414,0.12191170922482865,False,0.18910457435601416
12709,39627781725751590,0.5761660668318359,0,blue,constant,7,-0.33425721526145935,0.1517564058303833,0.023554133251309395,0.35781134851276875,0.35781134851276875,,False,0.4540707468986511
12709,39627781725751590,0.5761660668318359,0,blue,powerlaw,7,-0.33425721526145935,0.1517564058303833,0.009330076327051035,0.34358729158851037,0.34358729158851037,,False,0.44280227072187556
12709,39627781725751590,0.5761660668318359,0,blue,regularized,7,-0.33425721526145935,0.1517564058303833,-0.000778008284128124,0.33347920697733124,0.33347920697733124,,True,0.4351547525126527
12709,39627781725751590,0.5761660668318359,0,red,constant,7,1.1230748891830444,0.024588084646633694,1.2105244398117065,0.08744955062866211,0.08744955062866211,0.07786617924676004,False,0.09140703082084656
12709,39627781725751590,0.5761660668318359,0,red,powerlaw,7,1.1230748891830444,0.024588084646633694,1.2035352936185955,0.08046040443555103,0.08046040443555103,0.07164295561276429,False,0.08478414871646123
12709,39627781725751590,0.5761660668318359,0,red,regularized,7,1.1230748891830444,0.024588084646633694,1.197685693341034,0.0746108041579896,0.0746108041579896,0.06643439798770993,False,0.0792123381053887
12927,39627775681759686,0.5623968568519109,0,blue,constant,7,0.1581544578075409,0.22371644633156912,0.2812327444553375,0.12307828664779663,0.12307828664779663,,False,0.6208184361457825
12927,39627775681759686,0.5623968568519109,0,blue,powerlaw,7,0.1581544578075409,0.22371644633156912,0.38073730912697223,0.22258285131943134,0.22258285131943134,,False,0.648328601822156
12927,39627775681759686,0.5623968568519109,0,blue,regularized,7,0.1581544578075409,0.22371644633156912,0.22628776769199635,0.06813330988445546,0.06813330988445546,,False,0.6122984411388129
12927,39627775681759686,0.5623968568519109,0,red,constant,7,0.9348717331886292,0.03938711541039603,0.9848994612693787,0.05002772808074951,0.05002772808074951,0.05351293263527887,False,0.17617465555667877
12927,39627775681759686,0.5623968568519109,0,red,powerlaw,7,0.9348717331886292,0.03938711541039603,0.9757610137553182,0.04088928056668906,0.04088928056668906,0.04373785099612037,False,0.1723406393137589
12927,39627775681759686,0.5623968568519109,0,red,regularized,7,0.9348717331886292,0.03938711541039603,0.9473098907409243,0.01243815755229516,0.01243815755229516,0.01330466748617108,False,0.1657099966316109
6614,39627829503068829,0.5675563664809766,0,blue,constant,7,-0.2995770275592804,0.14861937931605748,0.17881567776203156,0.47839270532131195,0.47839270532131195,,False,0.5708599090576172
6614,39627829503068829,0.5675563664809766,0,blue,powerlaw,7,-0.2995770275592804,0.14861937931605748,0.05437133242534449,0.35394835998462487,0.35394835998462487,,False,0.47102195993219054
6614,39627829503068829,0.5675563664809766,0,blue,regularized,7,-0.2995770275592804,0.14861937931605748,0.2938120590350256,0.593389086594306,0.593389086594306,,False,0.6704093812551228
6614,39627829503068829,0.5675563664809766,0,red,constant,7,1.1230852603912354,0.01792470259325845,1.1704436540603638,0.04735839366912842,0.04735839366912842,0.042168119678314325,False,0.0965590626001358
6614,39627829503068829,0.5675563664809766,0,red,powerlaw,7,1.1230852603912354,0.01792470259325845,1.1743704585790884,0.05128519818785304,0.05128519818785304,0.04566456349893458,False,0.0987898690589698
6614,39627829503068829,0.5675563664809766,0,red,regularized,7,1.1230852603912354,0.01792470259325845,1.1308380667394111,0.007752806348175767,0.007752806348175767,0.006903132488333982,False,0.08478298205482113
6250,39627829507262695,0.4115783257331982,0,blue,constant,8,0.05788655951619148,0.2049974501132965,0.35388079285621643,0.29599423334002495,0.29599423334002495,,False,0.6918290853500366
6250,39627829507262695,0.4115783257331982,0,blue,powerlaw,8,0.05788655951619148,0.2049974501132965,0.3326564080469787,0.27476984853078723,0.27476984853078723,,False,0.6820519641359979
6250,39627829507262695,0.4115783257331982,0,blue,regularized,8,0.05788655951619148,0.2049974501132965,0.204450651354974,0.14656409183878252,0.14656409183878252,,False,0.6422585037385327
6250,39627829507262695,0.4115783257331982,0,red,constant,8,0.9669462442398071,0.016734689474105835,0.9821773767471313,0.015231132507324219,0.015231132507324219,0.015751788269572953,False,0.04229861870408058
6250,39627829507262695,0.4115783257331982,0,red,powerlaw,8,0.9669462442398071,0.016734689474105835,0.9910112064710674,0.024064962231260312,0.024064962231260312,0.024887590571469338,False,0.045817388254140556
6250,39627829507262695,0.4115783257331982,0,red,regularized,8,0.9669462442398071,0.016734689474105835,1.0152524629666932,0.04830621872688612,0.04830621872688612,0.04995750178942311,False,0.06237528679498174
10350,39627859714640012,0.3315897320719759,0,blue,constant,8,-0.1912526786327362,0.5728055238723755,0.17534957826137543,0.36660225689411163,0.36660225689411163,,False,1.2834289073944092
10350,39627859714640012,0.3315897320719759,0,blue,powerlaw,8,-0.1912526786327362,0.5728055238723755,0.028023895652382814,0.219276574285119,0.219276574285119,,False,1.2485053918656641
10350,39627859714640012,0.3315897320719759,0,blue,regularized,8,-0.1912526786327362,0.5728055238723755,0.022687195187825387,0.2139398738205616,0.2139398738205616,,False,1.2484242334781037
10350,39627859714640012,0.3315897320719759,0,red,constant,8,0.9417155981063843,0.1092924103140831,0.786443293094635,-0.15527230501174927,0.15527230501174927,0.16488237565988406,False,0.2268645167350769
10350,39627859714640012,0.3315897320719759,0,red,powerlaw,8,0.9417155981063843,0.1092924103140831,0.7736810350988494,-0.16803456300753483,0.16803456300753483,0.1784345118052852,False,0.23545993486493713
10350,39627859714640012,0.3315897320719759,0,red,regularized,8,0.9417155981063843,0.1092924103140831,0.7550980240693069,-0.18661757403707735,0.18661757403707735,0.19816765742473708,False,0.2493674824606454
1090,39627841620413378,0.0471658435833079,0,blue,constant,10,4.485445499420166,1.454072856903076,1.7733551263809204,-2.7120903730392456,2.7120903730392456,0.6046423645967469,False,4.190690994262695
1090,39627841620413378,0.0471658435833079,0,blue,powerlaw,10,4.485445499420166,1.454072856903076,1.5961075609318818,-2.8893379384882842,2.8893379384882842,0.6441585209009427,False,4.308535455465417
1090,39627841620413378,0.0471658435833079,0,blue,regularized,10,4.485445499420166,1.454072856903076,1.1104805215277607,-3.3749649778924056,3.3749649778924056,0.7524258132951761,False,4.647240515493938
1090,39627841620413378,0.0471658435833079,0,red,constant,10,-0.20362916588783264,0.22467193603515626,0.3238925635814667,0.5275217294692993,0.5275217294692993,,False,0.7131471633911133
1090,39627841620413378,0.0471658435833079,0,red,powerlaw,10,-0.20362916588783264,0.22467193603515626,0.0053367107691809895,0.20896587665701363,0.20896587665701363,,False,0.5231805433006671
1090,39627841620413378,0.0471658435833079,0,red,regularized,10,-0.20362916588783264,0.22467193603515626,0.2717251293063752,0.47535429519420785,0.47535429519420785,,False,0.6754712458312777
1262,39627853700008528,0.3323940889430451,0,blue,constant,8,1.7495630979537964,0.2604371905326843,1.4705737829208374,-0.278989315032959,0.278989315032959,0.15946227681599554,False,0.6638622283935547
1262,39627853700008528,0.3323940889430451,0,blue,powerlaw,8,1.7495630979537964,0.2604371905326843,1.448981286203407,-0.30058181175038934,0.30058181175038934,0.1718039275645075,False,0.6722637049227966
1262,39627853700008528,0.3323940889430451,0,blue,regularized,8,1.7495630979537964,0.2604371905326843,1.556774953102297,-0.19278814485149942,0.19278814485149942,0.11019216459067696,False,0.6323287017632958
1262,39627853700008528,0.3323940889430451,0,red,constant,8,0.6696381568908691,0.03312290087342262,0.6390294432640076,-0.030608713626861572,0.030608713626861572,0.045709333185220316,False,0.06611032783985138
1262,39627853700008528,0.3323940889430451,0,red,powerlaw,8,0.6696381568908691,0.03312290087342262,0.6660658207216883,-0.0035723361691808453,0.0035723361691808453,0.005334726123981953,False,0.05787376015153385
1262,39627853700008528,0.3323940889430451,0,red,regularized,8,0.6696381568908691,0.03312290087342262,0.6587984527197054,-0.010839704171163755,0.010839704171163755,0.016187405182363737,False,0.059591796683998624
9016,39627841599441303,0.3712666833589805,0,blue,constant,8,0.34535542130470276,0.07351834326982498,0.0804915651679039,-0.26486385613679886,0.26486385613679886,0.7669312244648762,False,0.3339988887310028
9016,39627841599441303,0.3712666833589805,0,blue,powerlaw,8,0.34535542130470276,0.07351834326982498,0.0786658642337412,-0.26668955707096154,0.26668955707096154,0.7722176651041035,False,0.33689928416974124
9016,39627841599441303,0.3712666833589805,0,blue,regularized,8,0.34535542130470276,0.07351834326982498,0.07027847691008376,-0.275076944394619,0.275076944394619,0.7965039128542362,False,0.34381144862507323
9016,39627841599441303,0.3712666833589805,0,red,constant,8,0.9336864352226257,0.010316443629562855,1.0245047807693481,0.09081834554672241,0.09081834554672241,0.09726857124690681,False,0.09604333341121674
9016,39627841599441303,0.3712666833589805,0,red,powerlaw,8,0.9336864352226257,0.010316443629562855,1.022011349618002,0.08832491439537637,0.08832491439537637,0.09459804819196758,False,0.09350357760648081
9016,39627841599441303,0.3712666833589805,0,red,regularized,8,0.9336864352226257,0.010316443629562855,0.9481805031181085,0.014494067895482798,0.014494067895482798,0.015523485560788801,False,0.03444455844355485
9082,39627847630852661,0.3734156211768329,0,blue,constant,8,0.2924625873565674,0.09262984991073608,0.12407220155000687,-0.16839038580656052,0.16839038580656052,0.5757672710501623,False,0.23771575093269348
9082,39627847630852661,0.3734156211768329,0,blue,powerlaw,8,0.2924625873565674,0.09262984991073608,0.13520154801691603,-0.15726103933965135,0.15726103933965135,0.5377133559579719,False,0.23086794396423235
9082,39627847630852661,0.3734156211768329,0,blue,regularized,8,0.2924625873565674,0.09262984991073608,0.123135048802913,-0.1693275385536544,0.1693275385536544,0.5789716219230873,False,0.23864603968680848
9082,39627847630852661,0.3734156211768329,0,red,constant,8,1.1106077432632446,0.016611404716968536,1.1918646097183228,0.08125686645507812,0.08125686645507812,0.07316432552174094,False,0.10297752916812897
9082,39627847630852661,0.3734156211768329,0,red,powerlaw,8,1.1106077432632446,0.016611404716968536,1.184292105227256,0.07368436196401129,0.07368436196401129,0.06634598255861977,False,0.09797754330045591
9082,39627847630852661,0.3734156211768329,0,red,regularized,8,1.1106077432632446,0.016611404716968536,1.197497184577302,0.08688944131405729,0.08688944131405729,0.07823594049394458,False,0.10747775901882112
7198,39627823492629302,0.3698602647880401,0,blue,constant,8,-0.009011328220367432,0.2911830246448517,-0.07012447714805603,-0.0611131489276886,0.0611131489276886,,True,0.9146662354469299
7198,39627823492629302,0.3698602647880401,0,blue,powerlaw,8,-0.009011328220367432,0.2911830246448517,0.07231854552055482,0.08132987374092225,0.08132987374092225,,False,0.9147926443236044
7198,39627823492629302,0.3698602647880401,0,blue,regularized,8,-0.009011328220367432,0.2911830246448517,0.3458384889453451,0.3548498171657125,0.3548498171657125,,False,0.9794080711060009
7198,39627823492629302,0.3698602647880401,0,red,constant,8,1.2654478549957275,0.041754499077796936,1.2981247901916504,0.03267693519592285,0.03267693519592285,0.025822427267090494,False,0.09607476741075516
7198,39627823492629302,0.3698602647880401,0,red,powerlaw,8,1.2654478549957275,0.041754499077796936,1.2354883138188644,-0.02995954117686317,0.02995954117686317,0.02367504995056815,False,0.09514959612150792
7198,39627823492629302,0.3698602647880401,0,red,regularized,8,1.2654478549957275,0.041754499077796936,1.2814966794138358,0.016048824418108287,0.016048824418108287,0.012682327726702317,False,0.09176131553923839
9191,39627853679035520,0.4924159382057153,0,blue,constant,7,0.03117208741605282,0.13951651539121354,0.005390122067183256,-0.025781965348869562,0.025781965348869562,,False,0.43070003390312195
9191,39627853679035520,0.4924159382057153,0,blue,powerlaw,7,0.03117208741605282,0.13951651539121354,0.013355773393420771,-0.01781631402263205,0.01781631402263205,,False,0.42957768620476233
9191,39627853679035520,0.4924159382057153,0,blue,regularized,7,0.03117208741605282,0.13951651539121354,0.009271583515618366,-0.02190050390043445,0.02190050390043445,,False,0.43048510128651096
9191,39627853679035520,0.4924159382057153,0,red,constant,7,1.099206805229187,0.01643030984061105,1.162354588508606,0.06314778327941895,0.06314778327941895,0.05744850102729531,False,0.08220354467630386
9191,39627853679035520,0.4924159382057153,0,red,powerlaw,7,1.099206805229187,0.01643030984061105,1.126252404201638,0.027045598972450957,0.027045598972450957,0.024604650229409643,False,0.058867592935278074
9191,39627853679035520,0.4924159382057153,0,red,regularized,7,1.099206805229187,0.01643030984061105,1.1706603623973246,0.07145355716813762,0.07145355716813762,0.06500465319921249,False,0.08874331550672714
7972,39627823484242623,0.1839508275394066,0,blue,constant,9,2.905730724334717,1.5356161329481337,0.8352445960044861,-2.0704861283302307,2.0704861283302307,,False,3.780291795730591
7972,39627823484242623,0.1839508275394066,0,blue,powerlaw,9,2.905730724334717,1.5356161329481337,0.6977702627967067,-2.20796046153801,2.20796046153801,,False,3.8561945549278334
7972,39627823484242623,0.1839508275394066,0,blue,regularized,9,2.905730724334717,1.5356161329481337,1.2779621898982052,-1.6277685344365116,1.6277685344365116,,False,3.5571508317210667
7972,39627823484242623,0.1839508275394066,0,red,constant,9,0.441680371761322,0.1655344698164198,0.9014517664909363,0.45977139472961426,0.45977139472961426,,False,0.7503232955932617
7972,39627823484242623,0.1839508275394066,0,red,powerlaw,9,0.441680371761322,0.1655344698164198,0.8784797577392359,0.4367993859779139,0.4367993859779139,,False,0.7421556037255074
7972,39627823484242623,0.1839508275394066,0,red,regularized,9,0.441680371761322,0.1655344698164198,0.8720641456700726,0.4303837739087506,0.4303837739087506,,False,0.7326838153154808
8185,39627841607829529,0.457905872213739,0,blue,constant,7,0.029128704220056534,0.7847846576145717,1.3454457521438599,1.3163170479238033,1.3163170479238033,,False,2.4960403442382812
8185,39627841607829529,0.457905872213739,0,blue,powerlaw,7,0.029128704220056534,0.7847846576145717,1.7241980243339354,1.695069320113879,1.695069320113879,,False,2.7356798326305607
8185,39627841607829529,0.457905872213739,0,blue,regularized,7,0.029128704220056534,0.7847846576145717,1.6656992908709132,1.6365705866508566,1.6365705866508566,,False,2.684175863577016
8185,39627841607829529,0.457905872213739,0,red,constant,7,0.8729788064956665,0.16921678611210414,0.5546138882637024,-0.3183649182319641,0.3183649182319641,0.3646880266314283,False,0.8682464957237244
8185,39627841607829529,0.457905872213739,0,red,powerlaw,7,0.8729788064956665,0.16921678611210414,0.419799339007458,-0.45317946748820853,0.45317946748820853,0.5191185216825285,False,0.9266834882369779
8185,39627841607829529,0.457905872213739,0,red,regularized,7,0.8729788064956665,0.16921678611210414,0.476540892589909,-0.3964379139057575,0.3964379139057575,0.45412089154506347,False,0.8998103669846945
4124,2402739686473730,0.0391537235520369,0,blue,constant,10,0.7444277405738831,0.2386885404586792,0.6968766450881958,-0.047551095485687256,0.047551095485687256,0.06387603912910322,False,0.9088921546936035
4124,2402739686473730,0.0391537235520369,0,blue,powerlaw,10,0.7444277405738831,0.2386885404586792,0.4665906181144945,-0.2778371224593886,0.2778371224593886,0.3732224194724428,False,0.9527945939342297
4124,2402739686473730,0.0391537235520369,0,blue,regularized,10,0.7444277405738831,0.2386885404586792,0.5619060500815865,-0.1825216904922966,0.1825216904922966,0.24518389165829543,False,0.9258295320289712
4124,2402739686473730,0.0391537235520369,0,red,constant,10,0.512184202671051,0.02180611789226532,0.5721443891525269,0.05996018648147583,0.05996018648147583,0.11706762170481291,False,0.091108538210392
4124,2402739686473730,0.0391537235520369,0,red,powerlaw,10,0.512184202671051,0.02180611789226532,0.5458516450880669,0.033667442417015914,0.033667442417015914,0.06573307462713515,False,0.07301139343876378
4124,2402739686473730,0.0391537235520369,0,red,regularized,10,0.512184202671051,0.02180611789226532,0.5613432161903863,0.04915901351933527,0.04915901351933527,0.09597916777395714,False,0.08439287256638904
12766,39627799840949763,0.5616482501062317,0,blue,constant,7,0.013015219010412693,0.11558623824800764,0.09662854671478271,0.08361332770437002,0.08361332770437002,,False,0.24497076869010925
12766,39627799840949763,0.5616482501062317,0,blue,powerlaw,7,0.013015219010412693,0.11558623824800764,0.09470607652879126,0.08169085751837857,0.08169085751837857,,False,0.2445746227132379
12766,39627799840949763,0.5616482501062317,0,blue,regularized,7,0.013015219010412693,0.11558623824800764,0.0912600130402218,0.0782447940298091,0.0782447940298091,,False,0.24319075240877333
12766,39627799840949763,0.5616482501062317,0,red,constant,7,1.0666999816894531,0.022943715964044844,1.1143670082092285,0.04766702651977539,0.04766702651977539,0.0446864416780806,False,0.06335809826850891
12766,39627799840949763,0.5616482501062317,0,red,powerlaw,7,1.0666999816894531,0.022943715964044844,1.1096474794457447,0.042947497756291586,0.042947497756291586,0.04026202164949022,False,0.059692176360749576
12766,39627799840949763,0.5616482501062317,0,red,regularized,7,1.0666999816894531,0.022943715964044844,1.0552369571025582,-0.011463024586894965,0.011463024586894965,0.010746249914375812,False,0.04297309899162746
11323,39627847626658021,0.5386532716069896,0,blue,constant,7,0.17084293067455292,0.13080361911228724,0.07608576864004135,-0.09475716203451157,0.09475716203451157,,False,0.35323017835617065
11323,39627847626658021,0.5386532716069896,0,blue,powerlaw,7,0.17084293067455292,0.13080361911228724,0.04061770819773513,-0.13022522247681778,0.13022522247681778,,False,0.36480273364998367
11323,39627847626658021,0.5386532716069896,0,blue,regularized,7,0.17084293067455292,0.13080361911228724,0.11775636922203961,-0.05308656145251331,0.05308656145251331,,False,0.3443991937917545
11323,39627847626658021,0.5386532716069896,0,red,constant,7,1.0972899198532104,0.02161000669002533,1.046366810798645,-0.05092310905456543,0.05092310905456543,0.04640807149798446,False,0.07012689113616943
11323,39627847626658021,0.5386532716069896,0,red,powerlaw,7,1.0972899198532104,0.02161000669002533,1.0398964878488486,-0.057393432004361866,0.057393432004361866,0.05230471087535339,False,0.075193695805094
11323,39627847626658021,0.5386532716069896,0,red,regularized,7,1.0972899198532104,0.02161000669002533,1.018708843248755,-0.07858107660445546,0.07858107660445546,0.0716137778928723,False,0.09274134102195773
3336,39627811400453679,0.4992804659680818,0,blue,constant,7,0.20170603692531586,0.1725985492978777,0.1852482706308365,-0.01645776629447937,0.01645776629447937,,False,0.4669698178768158
3336,39627811400453679,0.4992804659680818,0,blue,powerlaw,7,0.20170603692531586,0.1725985492978777,0.17478805930945604,-0.026917977615859817,0.026917977615859817,,False,0.46780187457084854
3336,39627811400453679,0.4992804659680818,0,blue,regularized,7,0.20170603692531586,0.1725985492978777,-0.029230115768190155,-0.230936152693506,0.230936152693506,,True,0.5206932036944858
3336,39627811400453679,0.4992804659680818,0,red,constant,7,1.1682411432266235,0.02056570989745004,1.1196368932724,-0.04860424995422363,0.04860424995422363,0.041604638080098025,False,0.07135938853025436
3336,39627811400453679,0.4992804659680818,0,red,powerlaw,7,1.1682411432266235,0.02056570989745004,1.1060660948577794,-0.06217504836884413,0.06217504836884413,0.053221074030246666,False,0.08117368964040246
3336,39627811400453679,0.4992804659680818,0,red,regularized,7,1.1682411432266235,0.02056570989745004,1.1554859626716871,-0.012755180554936407,0.012755180554936407,0.010918277128733231,False,0.05378178915035902
9288,39627847630848910,0.3777074668560684,0,blue,constant,8,0.6474301218986511,0.40690985321998596,0.5799376964569092,-0.06749242544174194,0.06749242544174194,,False,0.8648203015327454
9288,39627847630848910,0.3777074668560684,0,blue,powerlaw,8,0.6474301218986511,0.40690985321998596,0.5007114298585802,-0.14671869204007093,0.14671869204007093,,False,0.8745564247052129
9288,39627847630848910,0.3777074668560684,0,blue,regularized,8,0.6474301218986511,0.40690985321998596,0.5332286997118872,-0.11420142218676388,0.11420142218676388,,False,0.8697131114051861
9288,39627847630848910,0.3777074668560684,0,red,constant,8,1.0282886028289795,0.06399077922105789,1.183760404586792,0.1554718017578125,0.1554718017578125,0.15119471452867003,False,0.17314188182353973
9288,39627847630848910,0.3777074668560684,0,red,powerlaw,8,1.0282886028289795,0.06399077922105789,1.0853845603574215,0.05709595752844199,0.05709595752844199,0.05552522645039754,False,0.0942720729865249
9288,39627847630848910,0.3777074668560684,0,red,regularized,8,1.0282886028289795,0.06399077922105789,1.1240282498175782,0.09573964698859871,0.09573964698859871,0.09310581360641777,False,0.12236301163232934
13,39627568982264829,0.4833061210876013,0,blue,constant,7,0.1607629507780075,0.15541057927267893,0.1057659313082695,-0.05499701946973801,0.05499701946973801,,False,0.37746769189834595
13,39627568982264829,0.4833061210876013,0,blue,powerlaw,7,0.1607629507780075,0.15541057927267893,0.02405325302135635,-0.13670969775665115,0.13670969775665115,,False,0.39756424399860635
13,39627568982264829,0.4833061210876013,0,blue,regularized,7,0.1607629507780075,0.15541057927267893,0.09267514703592854,-0.06808780374207897,0.06808780374207897,,False,0.37959601410460275
13,39627568982264829,0.4833061210876013,0,red,constant,7,1.1568926572799683,0.022342532873153687,1.2048197984695435,0.047927141189575195,0.047927141189575195,0.04142747461312378,False,0.07640670984983444
13,39627568982264829,0.4833061210876013,0,red,powerlaw,7,1.1568926572799683,0.022342532873153687,1.199536475461823,0.0426438181818547,0.0426438181818547,0.036860652467201965,False,0.07261991765443475
13,39627568982264829,0.4833061210876013,0,red,regularized,7,1.1568926572799683,0.022342532873153687,1.2181302421217934,0.06123758484182518,0.06123758484182518,0.05293281486097778,False,0.08538744828567246
7683,39627829524037891,0.1244965370028075,0,blue,constant,9,0.6533660888671875,0.7084574699401855,1.5466967821121216,0.8933306932449341,0.8933306932449341,,False,3.5012738704681396
7683,39627829524037891,0.1244965370028075,0,blue,powerlaw,9,0.6533660888671875,0.7084574699401855,1.9094267038140258,1.2560606149468383,1.2560606149468383,,False,3.5864515945977247
7683,39627829524037891,0.1244965370028075,0,blue,regularized,9,0.6533660888671875,0.7084574699401855,1.6312319049047803,0.9778658160375928,0.9778658160375928,,False,3.523790747807835
7683,39627829524037891,0.1244965370028075,0,red,constant,9,0.2405320554971695,0.06935759385426839,0.25414717197418213,0.013615116477012634,0.013615116477012634,0.05660416632980901,False,0.29061076045036316
7683,39627829524037891,0.1244965370028075,0,red,powerlaw,9,0.2405320554971695,0.06935759385426839,0.17913192393222757,-0.06140013156494192,0.06140013156494192,0.25526797847393135,False,0.29535793667321003
7683,39627829524037891,0.1244965370028075,0,red,regularized,9,0.2405320554971695,0.06935759385426839,0.22057638814345146,-0.019955667353718037,0.019955667353718037,0.08296468972699096,False,0.29095917898740115
3233,39627811400454313,0.549950735046926,0,blue,constant,7,0.051379721611738205,0.1246966975075858,0.10230671614408493,0.050926994532346725,0.050926994532346725,,False,0.19990025460720062
3233,39627811400454313,0.549950735046926,0,blue,powerlaw,7,0.051379721611738205,0.1246966975075858,0.07489954628419124,0.023519824672453032,0.023519824672453032,,False,0.1926229851718386
3233,39627811400454313,0.549950735046926,0,blue,regularized,7,0.051379721611738205,0.1246966975075858,0.11772540857857162,0.06634568696683342,0.06634568696683342,,False,0.20446995708962695
3233,39627811400454313,0.549950735046926,0,red,constant,7,0.9766241312026978,0.015401556023529597,0.9856019616127014,0.008977830410003662,0.008977830410003662,0.009192718184167331,False,0.029235120862722397
3233,39627811400454313,0.549950735046926,0,red,powerlaw,7,0.9766241312026978,0.015401556023529597,0.9817335448935348,0.005109413690837061,0.005109413690837061,0.005231709444394842,False,0.02973478564047656
3233,39627811400454313,0.549950735046926,0,red,regularized,7,0.9766241312026978,0.015401556023529597,0.9397034296541433,-0.036920701548554424,0.036920701548554424,0.03780441253595397,False,0.04623023116517458
10956,39627865733469343,0.3486988676699505,0,blue,constant,8,0.7929180860519409,0.2704378068447113,0.28987348079681396,-0.503044605255127,0.503044605255127,,False,0.9972999095916748
10956,39627865733469343,0.3486988676699505,0,blue,powerlaw,8,0.7929180860519409,0.2704378068447113,0.20267204940351452,-0.5902460366484263,0.5902460366484263,,False,1.0457526861138569
10956,39627865733469343,0.3486988676699505,0,blue,regularized,8,0.7929180860519409,0.2704378068447113,0.15610888569441692,-0.636809200357524,0.636809200357524,,False,1.0710178284408773
10956,39627865733469343,0.3486988676699505,0,red,constant,8,1.1427087783813477,0.03580811619758606,1.1599944829940796,0.017285704612731934,0.017285704612731934,0.015126955301084861,False,0.10851568728685379
10956,39627865733469343,0.3486988676699505,0,red,powerlaw,8,1.1427087783813477,0.03580811619758606,1.1463420122882604,0.003633233906912725,0.003633233906912725,0.0031794924268099332,False,0.10698075103593371
10956,39627865733469343,0.3486988676699505,0,red,regularized,8,1.1427087783813477,0.03580811619758606,1.179781675249823,0.03707289686847526,0.03707289686847526,0.03244299647456038,False,0.11336338976050035
2959,39627805360654445,0.1739586142755505,0,blue,constant,9,0.5246031284332275,0.38168443573845756,0.866543173789978,0.3419400453567505,0.3419400453567505,,False,0.8405535817146301
2959,39627805360654445,0.1739586142755505,0,blue,powerlaw,9,0.5246031284332275,0.38168443573845756,0.9883959633217396,0.4637928348885121,0.4637928348885121,,False,0.8976873058295024
2959,39627805360654445,0.1739586142755505,0,blue,regularized,9,0.5246031284332275,0.38168443573845756,1.041865988469725,0.5172628600364975,0.5172628600364975,,False,0.9258338391086417
2959,39627805360654445,0.1739586142755505,0,red,constant,9,0.5396576523780823,0.05223259992069668,0.5488114953041077,0.00915384292602539,0.00915384292602539,0.01696231469281981,False,0.14575637876987457
2959,39627805360654445,0.1739586142755505,0,red,powerlaw,9,0.5396576523780823,0.05223259992069668,0.5155820004174572,-0.02407565196062511,0.02407565196062511,0.044612824175719816,False,0.1445603043428236
2959,39627805360654445,0.1739586142755505,0,red,regularized,9,0.5396576523780823,0.05223259992069668,0.5629780030574639,0.023320350679381652,0.023320350679381652,0.043213230789218,False,0.14734926970268902
10848,39627859702057174,0.2168722440527853,0,blue,constant,9,2.4115099906921387,1.1135327021280925,1.485826849937439,-0.9256831407546997,0.9256831407546997,,False,2.565187692642212
10848,39627859702057174,0.2168722440527853,0,blue,powerlaw,9,2.4115099906921387,1.1135327021280925,0.809560958170499,-1.6019490325216397,1.6019490325216397,,False,2.8920885272102117
10848,39627859702057174,0.2168722440527853,0,blue,regularized,9,2.4115099906921387,1.1135327021280925,1.6329510780191996,-0.7785589126729391,0.7785589126729391,,False,2.5028244024737774
10848,39627859702057174,0.2168722440527853,0,red,constant,9,0.14107802510261536,0.1001411345269945,0.4156607687473297,0.27458274364471436,0.27458274364471436,,False,0.45744454860687256
10848,39627859702057174,0.2168722440527853,0,red,powerlaw,9,0.14107802510261536,0.1001411345269945,0.5188885757205371,0.3778105506179218,0.3778105506179218,,False,0.5251504693398
10848,39627859702057174,0.2168722440527853,0,red,regularized,9,0.14107802510261536,0.1001411345269945,0.2956935206640793,0.15461549556146392,0.15461549556146392,,False,0.39719742666655566
5525,39627823463269366,0.2214983275064155,0,blue,constant,9,1.110065221786499,0.24039414193895128,1.0877426862716675,-0.022322535514831543,0.022322535514831543,0.020109210771333288,False,0.6345025897026062
5525,39627823463269366,0.2214983275064155,0,blue,powerlaw,9,1.110065221786499,0.24039414193895128,1.2103548241312745,0.10028960234477546,0.10028960234477546,0.09034568453858323,False,0.6416943062408317
5525,39627823463269366,0.2214983275064155,0,blue,regularized,9,1.110065221786499,0.24039414193895128,1.1846041170057287,0.07453889521922963,0.07453889521922963,0.06714821233591069,False,0.638475737569284
5525,39627823463269366,0.2214983275064155,0,red,constant,9,0.48233985900878906,0.032839321427875094,0.6128191351890564,0.13047927618026733,0.13047927618026733,0.27051315321193425,False,0.17181366682052612
5525,39627823463269366,0.2214983275064155,0,red,powerlaw,9,0.48233985900878906,0.032839321427875094,0.5839562242677658,0.10161636525897677,0.10161636525897677,0.210673788120681,False,0.14970265238260821
5525,39627823463269366,0.2214983275064155,0,red,regularized,9,0.48233985900878906,0.032839321427875094,0.6241804762432388,0.14184061723444974,0.14184061723444974,0.29406779179712195,False,0.1805930566139763
12556,39627787765549822,0.1597898112552769,0,blue,constant,9,0.06461285799741745,0.510206487443712,0.8238717913627625,0.759258933365345,0.759258933365345,,False,1.8907139301300049
12556,39627787765549822,0.1597898112552769,0,blue,powerlaw,9,0.06461285799741745,0.510206487443712,0.872545372799348,0.8079325148019305,0.8079325148019305,,False,1.9086986262859251
12556,39627787765549822,0.1597898112552769,0,blue,regularized,9,0.06461285799741745,0.510206487443712,0.9524280937543106,0.8878152357568931,0.8878152357568931,,False,1.9459037179281842
12556,39627787765549822,0.1597898112552769,0,red,constant,9,0.6994116306304932,0.06243044137954712,0.8451963067054749,0.1457846760749817,0.1457846760749817,0.208439021729682,False,0.23409424722194672
12556,39627787765549822,0.1597898112552769,0,red,powerlaw,9,0.6994116306304932,0.06243044137954712,0.8783803221675831,0.17896869153708994,0.17896869153708994,0.2558846374569957,False,0.2575166350145437
12556,39627787765549822,0.1597898112552769,0,red,regularized,9,0.6994116306304932,0.06243044137954712,0.8677327509450877,0.16832112031459456,0.16832112031459456,0.24066102555780983,False,0.24875477827600823
47,39627569003233862,0.3643113216749744,0,blue,constant,8,0.058999039232730865,0.0742124691605568,0.2004784196615219,0.14147938042879105,0.14147938042879105,,False,0.21894267201423645
47,39627569003233862,0.3643113216749744,0,blue,powerlaw,8,0.058999039232730865,0.0742124691605568,0.06672657401549165,0.007727534782760781,0.007727534782760781,,False,0.16428273634145046
47,39627569003233862,0.3643113216749744,0,blue,regularized,8,0.058999039232730865,0.0742124691605568,0.3105070238122501,0.25150798457951923,0.25150798457951923,,False,0.30294960389655834
47,39627569003233862,0.3643113216749744,0,red,constant,8,0.9654242992401123,0.010352110490202904,1.0371378660202026,0.07171356678009033,0.07171356678009033,0.07428191608242743,False,0.07370740920305252
47,39627569003233862,0.3643113216749744,0,red,powerlaw,8,0.9654242992401123,0.010352110490202904,1.0497493079791402,0.08432500873902793,0.08432500873902793,0.08734502415715073,False,0.0862151734798071
47,39627569003233862,0.3643113216749744,0,red,regularized,8,0.9654242992401123,0.010352110490202904,0.9656423207104097,0.0002180214702973693,0.0002180214702973693,0.0002258296900844266,False,0.018835336532067218
9592,39627841607829708,0.3614834821513839,0,blue,constant,8,0.11597087234258652,0.05097910016775131,0.09844949841499329,-0.01752137392759323,0.01752137392759323,,False,0.05957649275660515
9592,39627841607829708,0.3614834821513839,0,blue,powerlaw,8,0.11597087234258652,0.05097910016775131,0.07558188880786641,-0.040388983534720105,0.040388983534720105,,False,0.07042764509307278
9592,39627841607829708,0.3614834821513839,0,blue,regularized,8,0.11597087234258652,0.05097910016775131,0.09176696950066442,-0.0242039028419221,0.0242039028419221,,False,0.0618730202194369
9592,39627841607829708,0.3614834821513839,0,red,constant,8,0.9997714757919312,0.014864463359117508,1.0527806282043457,0.05300915241241455,0.05300915241241455,0.05302126905593636,False,0.0629187673330307
9592,39627841607829708,0.3614834821513839,0,red,powerlaw,8,0.9997714757919312,0.014864463359117508,1.0580215321951587,0.05825005640322756,0.05825005640322756,0.05826337099394337,False,0.06706808852246181
9592,39627841607829708,0.3614834821513839,0,red,regularized,8,0.9997714757919312,0.014864463359117508,1.0483130973892412,0.048541621597310014,0.048541621597310014,0.04855271706852769,False,0.059203802365535706
5442,39627829503069728,0.374648216633829,0,blue,constant,8,0.036039143800735474,0.09753356128931046,-0.07612213492393494,-0.11216127872467041,0.11216127872467041,,True,0.2433682680130005
5442,39627829503069728,0.374648216633829,0,blue,powerlaw,8,0.036039143800735474,0.09753356128931046,0.04402777298253994,0.007988629181804464,0.007988629181804464,,False,0.21427884222727414
5442,39627829503069728,0.374648216633829,0,blue,regularized,8,0.036039143800735474,0.09753356128931046,-0.37854793705130857,-0.41458708085204404,0.41458708085204404,,True,0.46622012187241924
5442,39627829503069728,0.374648216633829,0,red,constant,8,1.0901386737823486,0.017301058396697044,1.1431149244308472,0.052976250648498535,0.052976250648498535,0.048595882269447395,False,0.07069007307291031
5442,39627829503069728,0.374648216633829,0,red,powerlaw,8,1.0901386737823486,0.017301058396697044,1.1517814336194092,0.06164275983706058,0.06164275983706058,0.05654579671335268,False,0.07712839406449544
5442,39627829503069728,0.374648216633829,0,red,regularized,8,1.0901386737823486,0.017301058396697044,1.1656516337254,0.0755129599430513,0.0755129599430513,0.06926913222980273,False,0.08871683718760037
405,39627568999041670,0.5437485529055509,0,blue,constant,7,-0.031163152307271957,0.1460305963243757,0.10413409024477005,0.135297242552042,0.135297242552042,,False,0.3700883686542511
405,39627568999041670,0.5437485529055509,0,blue,powerlaw,7,-0.031163152307271957,0.1460305963243757,0.005127239796948372,0.03629039210422033,0.03629039210422033,,False,0.3464753042347877
405,39627568999041670,0.5437485529055509,0,blue,regularized,7,-0.031163152307271957,0.1460305963243757,0.024508958848174018,0.05567211115544597,0.05567211115544597,,False,0.3489396944549829
405,39627568999041670,0.5437485529055509,0,red,constant,7,1.103468894958496,0.01835510560444423,1.0800377130508423,-0.02343118190765381,0.02343118190765381,0.021234111822005738,False,0.05590197816491127
405,39627568999041670,0.5437485529055509,0,red,powerlaw,7,1.103468894958496,0.01835510560444423,1.069559972460604,-0.033908922497892124,0.033908922497892124,0.030729386802667884,False,0.06081403433310345
405,39627568999041670,0.5437485529055509,0,red,regularized,7,1.103468894958496,0.01835510560444423,1.1650134608930371,0.06154456593454105,0.06154456593454105,0.05577372068730209,False,0.08306453305140189
5343,39627865767021217,0.1731308645737805,0,blue,constant,9,0.41460609436035156,0.29236933920118546,0.6434119939804077,0.22880589962005615,0.22880589962005615,,False,1.2167680263519287
5343,39627865767021217,0.1731308645737805,0,blue,powerlaw,9,0.41460609436035156,0.29236933920118546,0.7551336248586722,0.34052753049832063,0.34052753049832063,,False,1.2426433142018356
5343,39627865767021217,0.1731308645737805,0,blue,regularized,9,0.41460609436035156,0.29236933920118546,0.690728763995026,0.27612266963467447,0.27612266963467447,,False,1.226546418359993
5343,39627865767021217,0.1731308645737805,0,red,constant,9,0.6200191378593445,0.03460239701800876,0.6630614995956421,0.04304236173629761,0.04304236173629761,0.06942102123638329,False,0.1361089050769806
5343,39627865767021217,0.1731308645737805,0,red,powerlaw,9,0.6200191378593445,0.03460239701800876,0.6573913761754326,0.03737223831608816,0.03737223831608816,0.060275943167041886,False,0.13259356907608333
5343,39627865767021217,0.1731308645737805,0,red,regularized,9,0.6200191378593445,0.03460239701800876,0.7365640166759893,0.11654487881664477,0.11654487881664477,0.18796980883368114,False,0.1739753574623712
11334,39627853670645815,0.1073857583721663,0,blue,constant,10,0.37510067224502563,0.7417875766754151,0.5963999032974243,0.22129923105239868,0.22129923105239868,,False,1.8472932577133179
11334,39627853670645815,0.1073857583721663,0,blue,powerlaw,10,0.37510067224502563,0.7417875766754151,0.8734520720451512,0.49835139980012555,0.49835139980012555,,False,1.900292425681788
11334,39627853670645815,0.1073857583721663,0,blue,regularized,10,0.37510067224502563,0.7417875766754151,1.0848982213538445,0.7097975491088189,0.7097975491088189,,False,1.9665532014741296
11334,39627853670645815,0.1073857583721663,0,red,constant,10,0.2817111313343048,0.132294225692749,0.6470137238502502,0.36530259251594543,0.36530259251594543,,False,0.4657059907913208
11334,39627853670645815,0.1073857583721663,0,red,powerlaw,10,0.2817111313343048,0.132294225692749,0.641362562608626,0.3596514312743212,0.3596514312743212,,False,0.4620998507867638
11334,39627853670645815,0.1073857583721663,0,red,regularized,10,0.2817111313343048,0.132294225692749,0.6542809797888341,0.37256984845452934,0.37256984845452934,,False,0.47142799543880287
12338,39627793801152633,0.5619271323161094,0,blue,constant,7,-0.7690792083740234,0.5752460615975517,-0.21858273446559906,0.5504964739084244,0.5504964739084244,,True,0.929161012172699
12338,39627793801152633,0.5619271323161094,0,blue,powerlaw,7,-0.7690792083740234,0.5752460615975517,1.734659065352128e-08,0.769079225720614,0.769079225720614,,False,1.0732086255545552
12338,39627793801152633,0.5619271323161094,0,blue,regularized,7,-0.7690792083740234,0.5752460615975517,-0.2112765568093013,0.5578026515647221,0.5578026515647221,,True,0.9335082744618367
12338,39627793801152633,0.5619271323161094,0,red,constant,7,1.0548409223556519,0.07108168091092791,1.0846692323684692,0.029828310012817383,0.029828310012817383,0.02827754344816784,False,0.16625052690505981
12338,39627793801152633,0.5619271323161094,0,red,powerlaw,7,1.0548409223556519,0.07108168091092791,0.9891068071996535,-0.06573411515599836,0.06573411515599836,0.06231661453672286,False,0.17755274100266394
12338,39627793801152633,0.5619271323161094,0,red,regularized,7,1.0548409223556519,0.07108168091092791,0.9808984724894678,-0.07394244986618403,0.07394244986618403,0.0700981999267312,False,0.17949095847219027
7855,39627829536621045,0.3092706760169366,0,blue,constant,8,0.4126008152961731,0.17778058350086212,0.2904752492904663,-0.12212556600570679,0.12212556600570679,,False,0.4796323776245117
7855,39627829536621045,0.3092706760169366,0,blue,powerlaw,8,0.4126008152961731,0.17778058350086212,0.16436497402914862,-0.24823584126702447,0.24823584126702447,,False,0.5261397213187273
7855,39627829536621045,0.3092706760169366,0,blue,regularized,8,0.4126008152961731,0.17778058350086212,0.29580063683386826,-0.11680017846230484,0.11680017846230484,,False,0.4783041300813999
7855,39627829536621045,0.3092706760169366,0,red,constant,8,1.1399519443511963,0.020184457302093506,1.1635080575942993,0.023556113243103027,0.023556113243103027,0.02066412830806652,False,0.049526747316122055
7855,39627829536621045,0.3092706760169366,0,red,powerlaw,8,1.1399519443511963,0.020184457302093506,1.1375749178226786,-0.0023770265285176784,0.0023770265285176784,0.0020851988895642117,False,0.04356954970022013
7855,39627829536621045,0.3092706760169366,0,red,regularized,8,1.1399519443511963,0.020184457302093506,1.1237600925763624,-0.016191851774833843,0.016191851774833843,0.014203977505428473,False,0.045369750254644584
5511,2842568484192257,0.1004049592786162,0,blue,constant,10,0.3888583779335022,0.031029397249221803,0.4214443564414978,0.032585978507995605,0.032585978507995605,0.08379909076709686,False,0.11087902635335922
5511,2842568484192257,0.1004049592786162,0,blue,powerlaw,10,0.3888583779335022,0.031029397249221803,0.37345762571052504,-0.015400752222977154,0.015400752222977154,0.039605041570200665,False,0.1047441324225853
5511,2842568484192257,0.1004049592786162,0,blue,regularized,10,0.3888583779335022,0.031029397249221803,0.42087350276096985,0.032015124827467656,0.032015124827467656,0.08233106612645102,False,0.11071259513532922
5511,2842568484192257,0.1004049592786162,0,red,constant,10,0.8766352534294128,0.005427912995219231,0.8943012952804565,0.0176660418510437,0.0176660418510437,0.020152100639272523,False,0.026366038247942924
5511,2842568484192257,0.1004049592786162,0,red,powerlaw,10,0.8766352534294128,0.005427912995219231,0.8579200812800151,-0.018715172149397774,0.018715172149397774,0.0213488700986912,False,0.027095636035902093
5511,2842568484192257,0.1004049592786162,0,red,regularized,10,0.8766352534294128,0.005427912995219231,0.8965583073732526,0.019923053943839752,0.019923053943839752,0.022726731403854006,False,0.027928565043942442
12159,39627787765551489,0.08269151185868,0,blue,constant,10,0.9060696363449097,0.20621604919433595,0.911834716796875,0.005765080451965332,0.005765080451965332,0.00636273440882723,False,0.751214861869812
12159,39627787765551489,0.08269151185868,0,blue,powerlaw,10,0.9060696363449097,0.20621604919433595,0.7179626846532547,-0.18810695169165492,0.18810695169165492,0.20760760999615824,False,0.773427641837905
12159,39627787765551489,0.08269151185868,0,blue,regularized,10,0.9060696363449097,0.20621604919433595,0.9222707524924523,0.016201116147542605,0.016201116147542605,0.017880652322594105,False,0.7513674601734603
12159,39627787765551489,0.08269151185868,0,red,constant,10,0.8294159770011902,0.028533393144607545,0.8063680529594421,-0.023047924041748047,0.023047924041748047,0.0277881360871289,False,0.14990441501140594
12159,39627787765551489,0.08269151185868,0,red,powerlaw,10,0.8294159770011902,0.028533393144607545,0.8599484141804868,0.030532437179296656,0.030532437179296656,0.03681197134601718,False,0.15125254583562
12159,39627787765551489,0.08269151185868,0,red,regularized,10,0.8294159770011902,0.028533393144607545,0.8335650975610738,0.00414912055988359,0.00414912055988359,0.005002460375654948,False,0.148180119030502
5806,39627835547062997,0.3422893682414323,0,blue,constant,8,0.7267816066741943,0.2674751877784729,0.30720895528793335,-0.419572651386261,0.419572651386261,,False,0.7064049243927002
5806,39627835547062997,0.3422893682414323,0,blue,powerlaw,8,0.7267816066741943,0.2674751877784729,0.04066109351975142,-0.6861205131544429,0.6861205131544429,,False,0.8905770647469496
5806,39627835547062997,0.3422893682414323,0,blue,regularized,8,0.7267816066741943,0.2674751877784729,0.48264388908719036,-0.24413771758700398,0.24413771758700398,,False,0.6187830255508437
5806,39627835547062997,0.3422893682414323,0,red,constant,8,1.1617501974105835,0.05825328081846237,1.2172741889953613,0.05552399158477783,0.05552399158477783,0.04779339974164399,False,0.14604473114013672
5806,39627835547062997,0.3422893682414323,0,red,powerlaw,8,1.1617501974105835,0.05825328081846237,1.264938994327002,0.10318879691641847,0.10318879691641847,0.08882184582056901,False,0.17002214641560903
5806,39627835547062997,0.3422893682414323,0,red,regularized,8,1.1617501974105835,0.05825328081846237,1.2317884963375434,0.0700382989269599,0.0700382989269599,0.060286883602918895,False,0.15215621737113344
12807,39627781721559341,0.5809858040208472,0,blue,constant,7,-0.035702843219041824,1.3906416211809431,0.7764191031455994,0.8121219463646412,0.8121219463646412,,False,2.3992061614990234
12807,39627781721559341,0.5809858040208472,0,blue,powerlaw,7,-0.035702843219041824,1.3906416211809431,1.1436508915385732,1.179353734757615,1.179353734757615,,False,2.550467356480419
12807,39627781721559341,0.5809858040208472,0,blue,regularized,7,-0.035702843219041824,1.3906416211809431,1.173873525132365,1.209576368351407,1.209576368351407,,False,2.5652858999383135
12807,39627781721559341,0.5809858040208472,0,red,constant,7,1.0374664068222046,0.14970476286751883,0.8314963579177856,-0.20597004890441895,0.20597004890441895,0.19853177659536209,False,0.32943737506866455
12807,39627781721559341,0.5809858040208472,0,red,powerlaw,7,1.0374664068222046,0.14970476286751883,0.9766714725373147,-0.06079493428488991,0.06079493428488991,0.05859942441038346,False,0.26636418121926353
12807,39627781721559341,0.5809858040208472,0,red,regularized,7,1.0374664068222046,0.14970476286751883,0.8952093690653287,-0.14225703775687593,0.14225703775687593,0.13711965690784547,False,0.2938408248733771
6267,39627823471657835,0.5318597998109581,0,blue,constant,7,-0.03261410444974899,0.19593574319567,0.08309129625558853,0.11570540070533752,0.11570540070533752,,False,0.3274526298046112
6267,39627823471657835,0.5318597998109581,0,blue,powerlaw,7,-0.03261410444974899,0.19593574319567,0.05714861031207138,0.08976271476182038,0.08976271476182038,,False,0.31842890685003006
6267,39627823471657835,0.5318597998109581,0,blue,regularized,7,-0.03261410444974899,0.19593574319567,0.05857211828513773,0.09118622273488672,0.09118622273488672,,False,0.3196171769004616
6267,39627823471657835,0.5318597998109581,0,red,constant,7,1.1112024784088135,0.01706887994493757,1.083685040473938,-0.02751743793487549,0.02751743793487549,0.024763657811742,False,0.06766954064369202
6267,39627823471657835,0.5318597998109581,0,red,powerlaw,7,1.1112024784088135,0.01706887994493757,1.0869200219055377,-0.024282456503275762,0.024282456503275762,0.02185241391654114,False,0.0674794761982647
6267,39627823471657835,0.5318597998109581,0,red,regularized,7,1.1112024784088135,0.01706887994493757,1.1053022772418486,-0.00590020116696488,0.00590020116696488,0.005309744426968588,False,0.06172251570867677
5468,39627835538669989,0.0990002467916213,0,blue,constant,10,0.7845243811607361,0.8034106254577636,0.541115403175354,-0.24340897798538208,0.24340897798538208,,False,1.6430760622024536
5468,39627835538669989,0.0990002467916213,0,blue,powerlaw,10,0.7845243811607361,0.8034106254577636,0.6426797377648777,-0.14184464339585834,0.14184464339585834,,False,1.632078868431291
5468,39627835538669989,0.0990002467916213,0,blue,regularized,10,0.7845243811607361,0.8034106254577636,-0.22168411386477344,-1.0062084950255095,1.0062084950255095,,True,1.931209022541223
5468,39627835538669989,0.0990002467916213,0,red,constant,10,0.7039116024971008,0.1014911413192749,0.5463687777519226,-0.15754282474517822,0.15754282474517822,0.2238105241997728,False,0.2917051911354065
5468,39627835538669989,0.0990002467916213,0,red,powerlaw,10,0.7039116024971008,0.1014911413192749,0.5692494465433088,-0.13466215595379205,0.13466215595379205,0.19130549272960262,False,0.2790938649637675
5468,39627835538669989,0.0990002467916213,0,red,regularized,10,0.7039116024971008,0.1014911413192749,0.5507510080752993,-0.15316059442180152,0.15316059442180152,0.21758498350996044,False,0.2893619783815348
10446,39627853658066375,0.0916000392227032,0,blue,constant,10,-1.007903814315796,2.224910354614258,0.7785916924476624,1.7864955067634583,1.7864955067634583,,False,7.015125751495361
10446,39627853658066375,0.0916000392227032,0,blue,powerlaw,10,-1.007903814315796,2.224910354614258,1.207116434163783,2.215020248479579,2.215020248479579,,False,7.142653332943573
10446,39627853658066375,0.0916000392227032,0,blue,regularized,10,-1.007903814315796,2.224910354614258,1.8984709896526408,2.9063748039684367,2.9063748039684367,,False,7.38020582653421
10446,39627853658066375,0.0916000392227032,0,red,constant,10,0.9648887515068054,0.3308419704437256,0.7538933157920837,-0.21099543571472168,0.21099543571472168,,False,1.1810294389724731
10446,39627853658066375,0.0916000392227032,0,red,powerlaw,10,0.9648887515068054,0.3308419704437256,1.0277618216219833,0.06287307011517784,0.06287307011517784,,False,1.144790952381062
10446,39627853658066375,0.0916000392227032,0,red,regularized,10,0.9648887515068054,0.3308419704437256,1.02486148431386,0.05997273280705451,0.05997273280705451,,False,1.163575594880565
8010,39627823492630976,0.1239329394193373,0,blue,constant,9,0.8751308917999268,2.518402523464627,2.3732128143310547,1.498081922531128,1.498081922531128,,False,8.826485633850098
8010,39627823492630976,0.1239329394193373,0,blue,powerlaw,9,0.8751308917999268,2.518402523464627,0.4878141205095095,-0.38731677129041725,0.38731677129041725,,False,8.713247394665386
8010,39627823492630976,0.1239329394193373,0,blue,regularized,9,0.8751308917999268,2.518402523464627,1.103496302447088,0.22836541064716132,0.22836541064716132,,False,8.701422328768391
8010,39627823492630976,0.1239329394193373,0,red,constant,9,0.6029584407806396,0.22471117973327637,0.9448821544647217,0.34192371368408203,0.34192371368408203,,False,0.7140097618103027
8010,39627823492630976,0.1239329394193373,0,red,powerlaw,9,0.6029584407806396,0.22471117973327637,1.0170331321267176,0.414074691346078,0.414074691346078,,False,0.7535014130482995
8010,39627823492630976,0.1239329394193373,0,red,regularized,9,0.6029584407806396,0.22471117973327637,1.2613222047464345,0.6583637639657949,0.6583637639657949,,False,0.9090329345873153
13061,39627775681758281,0.1620964111461955,0,blue,constant,9,1.7801289558410645,1.1535506778293185,0.3408547341823578,-1.4392742216587067,1.4392742216587067,,False,4.33012056350708
13061,39627775681758281,0.1620964111461955,0,blue,powerlaw,9,1.7801289558410645,1.1535506778293185,1.134628328646915,-0.6455006271941495,0.6455006271941495,,False,4.134135426461416
13061,39627775681758281,0.1620964111461955,0,blue,regularized,9,1.7801289558410645,1.1535506778293185,-1.4638642548940972,-3.2439932107351614,3.2439932107351614,,True,5.289328731878494
13061,39627775681758281,0.1620964111461955,0,red,constant,9,0.8090701103210449,0.10874711142645942,0.48899582028388977,-0.32007429003715515,0.32007429003715515,0.39560760675010886,False,0.3898610770702362
13061,39627775681758281,0.1620964111461955,0,red,powerlaw,9,0.8090701103210449,0.10874711142645942,0.6169528323387865,-0.19211727798225842,0.19211727798225842,0.23745442518699014,False,0.2941396497046805
13061,39627775681758281,0.1620964111461955,0,red,regularized,9,0.8090701103210449,0.10874711142645942,0.5466588183955432,-0.2624112919255017,0.2624112919255017,0.3243369005701805,False,0.34409849556026817
1159,2402788034215939,0.0231609530550036,0,blue,constant,10,0.8857534527778625,0.3387894153594971,0.7370549440383911,-0.14869850873947144,0.14869850873947144,,False,0.7688584923744202
1159,2402788034215939,0.0231609530550036,0,blue,powerlaw,10,0.8857534527778625,0.3387894153594971,0.7965285588952012,-0.0892248938826613,0.0892248938826613,,False,0.7631830770574598
1159,2402788034215939,0.0231609530550036,0,blue,regularized,10,0.8857534527778625,0.3387894153594971,0.49185336876914665,-0.3939000840087159,0.3939000840087159,,False,0.8514075302854986
1159,2402788034215939,0.0231609530550036,0,red,constant,10,0.5775914788246155,0.05813169479370117,0.6470812559127808,0.06948977708816528,0.06948977708816528,0.12030956071162144,False,0.23605568706989288
1159,2402788034215939,0.0231609530550036,0,red,powerlaw,10,0.5775914788246155,0.05813169479370117,0.6657254556455163,0.08813397682090085,0.08813397682090085,0.15258877606756135,False,0.24392721946507975
1159,2402788034215939,0.0231609530550036,0,red,regularized,10,0.5775914788246155,0.05813169479370117,0.6637789965018421,0.08618751767722665,0.08618751767722665,0.1492188178617457,False,0.24309153706979872
148,39627568999041863,0.8143800031154593,1,blue,constant,6,0.41875743865966797,0.4372170766194661,0.1746266931295395,-0.24413074553012848,0.24413074553012848,,False,1.8012686967849731
148,39627568999041863,0.8143800031154593,1,blue,powerlaw,6,0.41875743865966797,0.4372170766194661,0.05629895329623316,-0.36245848536343483,0.36245848536343483,,False,1.8197193483671545
148,39627568999041863,0.8143800031154593,1,blue,regularized,6,0.41875743865966797,0.4372170766194661,0.13539943133773477,-0.28335800732193317,0.28335800732193317,,False,1.8150507997301382
148,39627568999041863,0.8143800031154593,1,red,constant,6,1.2974416017532349,0.06634240349133809,1.2129130363464355,-0.08452856540679932,0.08452856540679932,0.06515018887368475,False,0.20292018353939056
148,39627568999041863,0.8143800031154593,1,red,powerlaw,6,1.2974416017532349,0.06634240349133809,1.193041346233441,-0.10440025551979382,0.10440025551979382,0.08046624632562852,False,0.21198187627610074
148,39627568999041863,0.8143800031154593,1,red,regularized,6,1.2974416017532349,0.06634240349133809,1.2093568882224572,-0.08808471353077763,0.08808471353077763,0.06789108150359031,False,0.2044270888878898
2520,39627811404645362,0.8712057088794326,1,blue,constant,6,-0.26890793442726135,0.6913088957468668,0.31061509251594543,0.5795230269432068,0.5795230269432068,,False,1.6594334840774536
2520,39627811404645362,0.8712057088794326,1,blue,powerlaw,6,-0.26890793442726135,0.6913088957468668,0.013999731583684033,0.2829076660109454,0.2829076660109454,,False,1.5802180535708792
2520,39627811404645362,0.8712057088794326,1,blue,regularized,6,-0.26890793442726135,0.6913088957468668,0.4355325800273199,0.7044405144545813,0.7044405144545813,,False,1.707242327329442
2520,39627811404645362,0.8712057088794326,1,red,constant,6,1.6231846809387207,0.09414984782536824,1.3677500486373901,-0.25543463230133057,0.25543463230133057,0.1573663399494428,False,0.4679090678691864
2520,39627811404645362,0.8712057088794326,1,red,powerlaw,6,1.6231846809387207,0.09414984782536824,1.2901236588294,-0.33306102210932065,0.33306102210932065,0.20518985055767325,False,0.5135053328594437
2520,39627811404645362,0.8712057088794326,1,red,regularized,6,1.6231846809387207,0.09414984782536824,1.669859344711363,0.04667466377264229,0.04667466377264229,0.02875499277485134,False,0.39480444279783866
5128,39627859731419187,0.8834152116433805,1,blue,constant,6,3.101158857345581,1.334653377532959,2.658958673477173,-0.4422001838684082,0.4422001838684082,,False,2.1682169437408447
5128,39627859731419187,0.8834152116433805,1,blue,powerlaw,6,3.101158857345581,1.334653377532959,1.7980539977946073,-1.3031048595509738,1.3031048595509738,,False,2.488545554754732
5128,39627859731419187,0.8834152116433805,1,blue,regularized,6,3.101158857345581,1.334653377532959,3.932804465139648,0.831645607794067,0.831645607794067,,False,2.279749623204034
5128,39627859731419187,0.8834152116433805,1,red,constant,6,0.8228011131286621,0.24030049641927084,0.7414022088050842,-0.08139890432357788,0.08139890432357788,0.09892901580317802,False,0.35666874051094055
5128,39627859731419187,0.8834152116433805,1,red,powerlaw,6,0.8228011131286621,0.24030049641927084,0.8290667867733063,0.006265673644644143,0.006265673644644143,0.0076150524648893785,False,0.34772135076628075
5128,39627859731419187,0.8834152116433805,1,red,regularized,6,0.8228011131286621,0.24030049641927084,0.5890225041022283,-0.23377860902643377,0.23377860902643377,0.2841252950394072,False,0.427689326777618
11079,39627847626655486,0.7457403048966792,1,blue,constant,6,6.76188850402832,0.6533120075861613,3.559257745742798,-3.2026307582855225,3.2026307582855225,0.4736296311862567,False,3.5255849361419678
11079,39627847626655486,0.7457403048966792,1,blue,powerlaw,6,6.76188850402832,0.6533120075861613,4.040470685736857,-2.7214178182914637,2.7214178182914637,0.4024641661379375,False,3.0473892840451344
11079,39627847626655486,0.7457403048966792,1,blue,regularized,6,6.76188850402832,0.6533120075861613,3.6859399809820705,-3.0759485230462498,3.0759485230462498,0.45489488938094547,False,3.4109185094970136
11079,39627847626655486,0.7457403048966792,1,red,constant,6,1.1631191968917847,0.047716930508613586,1.17998206615448,0.016862869262695312,0.016862869262695312,0.014497971753675919,False,0.13234029710292816
11079,39627847626655486,0.7457403048966792,1,red,powerlaw,6,1.1631191968917847,0.047716930508613586,1.2495690590468953,0.08644986215511063,0.08644986215511063,0.07432588369801778,False,0.15682983773016734
11079,39627847626655486,0.7457403048966792,1,red,regularized,6,1.1631191968917847,0.047716930508613586,1.2399696174569579,0.07685042056517322,0.07685042056517322,0.06607269553330508,False,0.15210392049771623
7298,39627841607832276,0.8935296806133989,1,blue,constant,6,0.21690602600574493,0.5518050193786621,-0.19665789604187012,-0.41356392204761505,0.41356392204761505,,True,1.6683518886566162
7298,39627841607832276,0.8935296806133989,1,blue,powerlaw,6,0.21690602600574493,0.5518050193786621,0.07082398416639256,-0.14608204183935236,0.14608204183935236,,False,1.6225643965874466
7298,39627841607832276,0.8935296806133989,1,blue,regularized,6,0.21690602600574493,0.5518050193786621,0.3470829096325508,0.13017688362680585,0.13017688362680585,,False,1.6214344760805648
7298,39627841607832276,0.8935296806133989,1,red,constant,6,1.113036036491394,0.09560731053352356,1.4566413164138794,0.34360527992248535,0.34360527992248535,0.30870993270409003,False,0.42743098735809326
7298,39627841607832276,0.8935296806133989,1,red,powerlaw,6,1.113036036491394,0.09560731053352356,1.5140596499317367,0.40102361344034265,0.40102361344034265,0.3602970616337662,False,0.47336014247787345
7298,39627841607832276,0.8935296806133989,1,red,regularized,6,1.113036036491394,0.09560731053352356,1.446355270883705,0.33331923439231104,0.33331923439231104,0.29946850188519325,False,0.4192067355470619
4472,39627853691620632,0.8578278607972507,1,blue,constant,6,0.4001806676387787,0.3791617155075073,0.01138435397297144,-0.38879631366580725,0.38879631366580725,,False,1.2041488885879517
4472,39627853691620632,0.8578278607972507,1,blue,powerlaw,6,0.4001806676387787,0.3791617155075073,0.2703193989457114,-0.1298612686930673,0.1298612686930673,,False,1.1468435536640873
4472,39627853691620632,0.8578278607972507,1,blue,regularized,6,0.4001806676387787,0.3791617155075073,0.05029109387689279,-0.3498895737618859,0.3498895737618859,,False,1.1921553905752331
4472,39627853691620632,0.8578278607972507,1,red,constant,6,1.1291784048080444,0.06329951683680217,1.2036455869674683,0.07446718215942383,0.07446718215942383,0.06594811045122931,False,0.130147323012352
4472,39627853691620632,0.8578278607972507,1,red,powerlaw,6,1.1291784048080444,0.06329951683680217,1.1765328395624424,0.047354434754397934,0.047354434754397934,0.04193707084085441,False,0.11621519185233961
4472,39627853691620632,0.8578278607972507,1,red,regularized,6,1.1291784048080444,0.06329951683680217,1.215626559337192,0.08644815452914756,0.08644815452914756,0.07655845538760846,False,0.1361445134274273
2489,39627811400451701,0.8427356327672872,1,blue,constant,6,-2.0357158184051514,1.9263960520426433,3.208815813064575,5.244531631469727,5.244531631469727,,False,6.534280300140381
2489,39627811400451701,0.8427356327672872,1,blue,powerlaw,6,-2.0357158184051514,1.9263960520426433,3.7982460630852857,5.833961881490437,5.833961881490437,,False,7.02376759203523
2489,39627811400451701,0.8427356327672872,1,blue,regularized,6,-2.0357158184051514,1.9263960520426433,3.8389124817764997,5.8746283001816515,5.8746283001816515,,False,7.058264404451421
2489,39627811400451701,0.8427356327672872,1,red,constant,6,1.0855802297592163,0.23326190312703451,0.9444934725761414,-0.14108675718307495,0.14108675718307495,0.1299643760225518,False,0.35514792799949646
2489,39627811400451701,0.8427356327672872,1,red,powerlaw,6,1.0855802297592163,0.23326190312703451,0.9975073929624517,-0.08807283679676459,0.08807283679676459,0.081129735400855,False,0.33758370271551474
2489,39627811400451701,0.8427356327672872,1,red,regularized,6,1.0855802297592163,0.23326190312703451,1.020742265760328,-0.0648379639988883,0.0648379639988883,0.059726551959471005,False,0.3323079142158491
10325,39627847626655697,0.8190501185495827,1,blue,constant,6,2.505528211593628,0.8542485237121582,1.3103541135787964,-1.1951740980148315,1.1951740980148315,,False,2.789703845977783
10325,39627847626655697,0.8190501185495827,1,blue,powerlaw,6,2.505528211593628,0.8542485237121582,1.8830904379035973,-0.6224377736900306,0.6224377736900306,,False,2.563217888042371
10325,39627847626655697,0.8190501185495827,1,blue,regularized,6,2.505528211593628,0.8542485237121582,1.335032765775895,-1.170495445817733,1.170495445817733,,False,2.7792204774169442
10325,39627847626655697,0.8190501185495827,1,red,constant,6,0.995737612247467,0.13281717896461487,1.0578066110610962,0.06206899881362915,0.06206899881362915,0.06233469344753783,False,0.2930326759815216
10325,39627847626655697,0.8190501185495827,1,red,powerlaw,6,0.995737612247467,0.13281717896461487,0.9191616652211166,-0.0765759470263504,0.0765759470263504,0.0769037405883582,False,0.29743262093998746
10325,39627847626655697,0.8190501185495827,1,red,regularized,6,0.995737612247467,0.13281717896461487,1.0972466670338858,0.1015090547864188,0.1015090547864188,0.10194357784407077,False,0.30384154993570656
10569,39627865737661575,0.8740072316166054,1,blue,constant,6,0.8338639140129089,1.3553473154703777,0.8814257979393005,0.0475618839263916,0.0475618839263916,,False,4.3532891273498535
10569,39627865737661575,0.8740072316166054,1,blue,powerlaw,6,0.8338639140129089,1.3553473154703777,0.9827287524518983,0.14886483843898934,0.14886483843898934,,False,4.355758376619712
10569,39627865737661575,0.8740072316166054,1,blue,regularized,6,0.8338639140129089,1.3553473154703777,0.9088226442960573,0.07495873028314837,0.07495873028314837,,False,4.353674772136553
10569,39627865737661575,0.8740072316166054,1,red,constant,6,0.7151610255241394,0.16954185565312704,0.784541130065918,0.06938010454177856,0.06938010454177856,0.09701326283955433,False,0.3700752854347229
10569,39627865737661575,0.8740072316166054,1,red,powerlaw,6,0.7151610255241394,0.16954185565312704,0.7257509547558415,0.0105899292317021,0.0105899292317021,0.014807754972302597,False,0.3640002820913208
10569,39627865737661575,0.8740072316166054,1,red,regularized,6,0.7151610255241394,0.16954185565312704,0.6975194273688862,-0.017641598155253235,0.017641598155253235,0.02466800835843055,False,0.3639556493377591
1768,39627841624605687,0.8318282655922781,1,blue,constant,6,-0.3029772937297821,0.3915973901748657,-0.04126282408833504,0.26171446964144707,0.26171446964144707,,True,0.8243231773376465
1768,39627841624605687,0.8318282655922781,1,blue,powerlaw,6,-0.3029772937297821,0.3915973901748657,0.2763511440747633,0.5793284378045453,0.5793284378045453,,False,0.984078290223904
1768,39627841624605687,0.8318282655922781,1,blue,regularized,6,-0.3029772937297821,0.3915973901748657,0.24729261358087343,0.5502699073106555,0.5502699073106555,,False,0.9559347621782479
1768,39627841624605687,0.8318282655922781,1,red,constant,6,1.1701816320419312,0.04712731142838796,1.2185002565383911,0.04831862449645996,0.04831862449645996,0.04129155950956557,False,0.16816289722919464
1768,39627841624605687,0.8318282655922781,1,red,powerlaw,6,1.1701816320419312,0.04712731142838796,1.137214581147416,-0.03296705089451524,0.03296705089451524,0.028172593033261632,False,0.16167199399092855
1768,39627841624605687,0.8318282655922781,1,red,regularized,6,1.1701816320419312,0.04712731142838796,1.0177264707901506,-0.1524551612517806,0.1524551612517806,0.13028333130280895,False,0.1852382727845585
943,39627835584808388,0.6934652827372013,1,blue,constant,6,0.024364957585930824,0.20547819137573242,0.165150448679924,0.1407854910939932,0.1407854910939932,,False,0.4837658703327179
943,39627835584808388,0.6934652827372013,1,blue,powerlaw,6,0.024364957585930824,0.20547819137573242,0.06461181648870941,0.040246858902778584,0.040246858902778584,,False,0.4636768542520511
943,39627835584808388,0.6934652827372013,1,blue,regularized,6,0.024364957585930824,0.20547819137573242,0.2198951986999669,0.19553024111403608,0.19553024111403608,,False,0.5042311420608144
943,39627835584808388,0.6934652827372013,1,red,constant,6,1.3315377235412598,0.045515552163124084,1.2475119829177856,-0.08402574062347412,0.08402574062347412,0.06310428847633805,False,0.14020968973636627
943,39627835584808388,0.6934652827372013,1,red,powerlaw,6,1.3315377235412598,0.045515552163124084,1.2625522757626018,-0.068985447778658,0.068985447778658,0.05180885720247518,False,0.13192172010292577
943,39627835584808388,0.6934652827372013,1,red,regularized,6,1.3315377235412598,0.045515552163124084,1.2398254961264594,-0.09171222741480034,0.09171222741480034,0.0688769276253693,False,0.14494676463597556
8148,39627829536624262,0.6666369810145285,1,blue,constant,7,-1.1221925020217896,1.1144990239824568,0.7813038229942322,1.9034963250160217,1.9034963250160217,,False,3.2464168071746826
8148,39627829536624262,0.6666369810145285,1,blue,powerlaw,7,-1.1221925020217896,1.1144990239824568,0.18177759366840135,1.303970095690191,1.303970095690191,,False,2.9478309909201745
8148,39627829536624262,0.6666369810145285,1,blue,regularized,7,-1.1221925020217896,1.1144990239824568,0.8379036278198316,1.960096129841621,1.960096129841621,,False,3.2777324584208207
8148,39627829536624262,0.6666369810145285,1,red,constant,7,1.241404414176941,0.12471275670187813,0.9701184630393982,-0.2712859511375427,0.2712859511375427,0.2185314858231812,False,0.5297623872756958
8148,39627829536624262,0.6666369810145285,1,red,powerlaw,7,1.241404414176941,0.12471275670187813,1.08145990279589,-0.15994451138105092,0.15994451138105092,0.12884158422063866,False,0.4813960493109473
8148,39627829536624262,0.6666369810145285,1,red,regularized,7,1.241404414176941,0.12471275670187813,0.5534690417376351,-0.6879353724393058,0.6879353724393058,0.5541589546347887,False,0.8256538070156203
7183,39627829532430906,0.7284561374867603,1,blue,constant,6,-0.6475908160209656,0.45212264855702716,-0.25965699553489685,0.3879338204860687,0.3879338204860687,,True,1.1961572170257568
7183,39627829532430906,0.7284561374867603,1,blue,powerlaw,6,-0.6475908160209656,0.45212264855702716,4.126450214447201e-09,0.6475908201474158,0.6475908201474158,,False,1.3037151739479154
7183,39627829532430906,0.7284561374867603,1,blue,regularized,6,-0.6475908160209656,0.45212264855702716,-0.438049268100241,0.2095415479207246,0.2095415479207246,,True,1.1507419578264069
7183,39627829532430906,0.7284561374867603,1,red,constant,6,1.4467500448226929,0.0574695219596227,1.3777953386306763,-0.0689547061920166,0.0689547061920166,0.047661796478787995,False,0.20505155622959137
7183,39627829532430906,0.7284561374867603,1,red,powerlaw,6,1.4467500448226929,0.0574695219596227,1.4839767752717397,0.037226730449046785,0.037226730449046785,0.0257312799693807,False,0.18820284275386698
7183,39627829532430906,0.7284561374867603,1,red,regularized,6,1.4467500448226929,0.0574695219596227,1.3638757846758407,-0.08287426014685217,0.08287426014685217,0.05728305345033452,False,0.21014172425626504
12088,39627787752969500,0.837776776551214,1,blue,constant,6,-0.5631393790245056,0.40249188741048175,0.2124665230512619,0.7756059020757675,0.7756059020757675,,False,0.9571473002433777
12088,39627787752969500,0.837776776551214,1,blue,powerlaw,6,-0.5631393790245056,0.40249188741048175,0.21476082652754128,0.7779002055520469,0.7779002055520469,,False,0.9635805384086653
12088,39627787752969500,0.837776776551214,1,blue,regularized,6,-0.5631393790245056,0.40249188741048175,0.29615250261658815,0.8592918816410937,0.8592918816410937,,False,1.0338244888076642
12088,39627787752969500,0.837776776551214,1,red,constant,6,1.2473994493484497,0.06545003255208333,1.1411117315292358,-0.10628771781921387,0.10628771781921387,0.08520744327306766,False,0.18338903784751892
12088,39627787752969500,0.837776776551214,1,red,powerlaw,6,1.2473994493484497,0.06545003255208333,1.0747140003835973,-0.17268544896485238,0.17268544896485238,0.13843636780106858,False,0.22589260778374512
12088,39627787752969500,0.837776776551214,1,red,regularized,6,1.2473994493484497,0.06545003255208333,1.120975985216723,-0.12642346413172678,0.12642346413172678,0.10134962316823304,False,0.19574817531724997
8692,39627841599444508,0.7968577550936287,1,blue,constant,6,-0.35817602276802063,0.3572473128636678,0.18414287269115448,0.5423188954591751,0.5423188954591751,,False,1.009107232093811
8692,39627841599444508,0.7968577550936287,1,blue,powerlaw,6,-0.35817602276802063,0.3572473128636678,0.06846122851738055,0.4266372512854012,0.4266372512854012,,False,0.9528593772139338
8692,39627841599444508,0.7968577550936287,1,blue,regularized,6,-0.35817602276802063,0.3572473128636678,0.17588327041586538,0.534059293183886,0.534059293183886,,False,1.0046924601869391
8692,39627841599444508,0.7968577550936287,1,red,constant,6,1.135724663734436,0.05623342593510946,1.1925629377365112,0.056838274002075195,0.056838274002075195,0.05004582168285601,False,0.10460631549358368
8692,39627841599444508,0.7968577550936287,1,red,powerlaw,6,1.135724663734436,0.05623342593510946,1.1477807668115207,0.012056103077084712,0.012056103077084712,0.01061533966995346,False,0.0891674597587735
8692,39627841599444508,0.7968577550936287,1,red,regularized,6,1.135724663734436,0.05623342593510946,1.2544792255284918,0.11875456179405575,0.11875456179405575,0.10456280961934261,False,0.1476974663435129
8353,39627835568032548,0.8271270684709324,1,blue,constant,6,-0.2574010491371155,0.5150794188181559,-0.004102871287614107,0.25329817784950137,0.25329817784950137,,True,1.106803059577942
8353,39627835568032548,0.8271270684709324,1,blue,powerlaw,6,-0.2574010491371155,0.5150794188181559,0.12500723896000535,0.3824082880971208,0.3824082880971208,,False,1.1422447367030215
8353,39627835568032548,0.8271270684709324,1,blue,regularized,6,-0.2574010491371155,0.5150794188181559,0.15252871222262995,0.40992976135974546,0.40992976135974546,,False,1.1527771931536546
8353,39627835568032548,0.8271270684709324,1,red,constant,6,1.3118256330490112,0.08033140003681183,1.2416462898254395,-0.07017934322357178,0.07017934322357178,0.053497462967282784,False,0.2043919712305069
8353,39627835568032548,0.8271270684709324,1,red,powerlaw,6,1.3118256330490112,0.08033140003681183,1.2081195957171758,-0.10370603733183548,0.10370603733183548,0.07905474227607268,False,0.2174584295236336
8353,39627835568032548,0.8271270684709324,1,red,regularized,6,1.3118256330490112,0.08033140003681183,1.2263074227099466,-0.0855182103390646,0.0855182103390646,0.06519022664643231,False,0.2101530432041643
10065,39627835559641966,0.7965976769986721,1,blue,constant,6,5.299665927886963,2.36519193649292,1.9743350744247437,-3.3253308534622192,3.3253308534622192,,False,6.714394569396973
10065,39627835559641966,0.7965976769986721,1,blue,powerlaw,6,5.299665927886963,2.36519193649292,1.7035350650782402,-3.5961308628087227,3.5961308628087227,,False,6.84464182470327
10065,39627835559641966,0.7965976769986721,1,blue,regularized,6,5.299665927886963,2.36519193649292,2.354479005144969,-2.945186922741994,2.945186922741994,,False,6.53447735345727
10065,39627835559641966,0.7965976769986721,1,red,constant,6,0.5982997417449951,0.25611478090286255,0.6868612766265869,0.0885615348815918,0.0885615348815918,,False,0.7737351655960083
10065,39627835559641966,0.7965976769986721,1,red,powerlaw,6,0.5982997417449951,0.25611478090286255,0.5911764806959479,-0.007123261049047258,0.007123261049047258,,False,0.7713184826816798
10065,39627835559641966,0.7965976769986721,1,red,regularized,6,0.5982997417449951,0.25611478090286255,0.5521922426617979,-0.04610749908319722,0.04610749908319722,,False,0.7701194039505421
10408,39627865741856648,0.8289707088973828,1,blue,constant,6,1.7424135208129883,0.7160290082295736,0.9666056036949158,-0.7758079171180725,0.7758079171180725,,False,1.4695405960083008
10408,39627865741856648,0.8289707088973828,1,blue,powerlaw,6,1.7424135208129883,0.7160290082295736,0.8983207417756188,-0.8440927790373695,0.8440927790373695,,False,1.5089656897704848
10408,39627865741856648,0.8289707088973828,1,blue,regularized,6,1.7424135208129883,0.7160290082295736,1.2131030063642896,-0.5293105144486987,0.5293105144486987,,False,1.3450393364874467
10408,39627865741856648,0.8289707088973828,1,red,constant,6,0.8255643844604492,0.08355563879013062,0.8767667412757874,0.051202356815338135,0.051202356815338135,0.062021034069682686,False,0.15637090802192688
10408,39627865741856648,0.8289707088973828,1,red,powerlaw,6,0.8255643844604492,0.08355563879013062,0.8526953641059288,0.027130979645479614,0.027130979645479614,0.03286355389859892,False,0.14733862252168786
10408,39627865741856648,0.8289707088973828,1,red,regularized,6,0.8255643844604492,0.08355563879013062,0.7697419127757369,-0.05582247168471233,0.05582247168471233,0.06761734485578047,False,0.15794407673563007
5390,39627835542864160,0.8188062433979824,1,blue,constant,6,0.669215202331543,0.43014752864837646,0.23220206797122955,-0.4370131343603134,0.4370131343603134,,False,1.0140907764434814
5390,39627835542864160,0.8188062433979824,1,blue,powerlaw,6,0.669215202331543,0.43014752864837646,0.2211969683734399,-0.44801823395810303,0.44801823395810303,,False,1.0203716378288747
5390,39627835542864160,0.8188062433979824,1,blue,regularized,6,0.669215202331543,0.43014752864837646,0.1961514840479556,-0.4730637182835874,0.4730637182835874,,False,1.0302289105414864
5390,39627835542864160,0.8188062433979824,1,red,constant,6,1.040765404701233,0.04889243344465891,0.9803289771080017,-0.0604364275932312,0.0604364275932312,0.058069212639307866,False,0.11842350661754608
5390,39627835542864160,0.8188062433979824,1,red,powerlaw,6,1.040765404701233,0.04889243344465891,0.9783082864815565,-0.062457118219676366,0.062457118219676366,0.06001075548586821,False,0.11767839730791797
5390,39627835542864160,0.8188062433979824,1,red,regularized,6,1.040765404701233,0.04889243344465891,0.9750742745841413,-0.0656911301170916,0.0656911301170916,0.06311809541358575,False,0.12118944956109085
12683,39627793796959335,0.759350296441386,1,blue,constant,6,3.1804330348968506,1.2027533849080403,0.5835275053977966,-2.596905529499054,2.596905529499054,,False,3.1779730319976807
12683,39627793796959335,0.759350296441386,1,blue,powerlaw,6,3.1804330348968506,1.2027533849080403,0.9634487988710035,-2.216984236025847,2.216984236025847,,False,2.876977831073124
12683,39627793796959335,0.759350296441386,1,blue,regularized,6,3.1804330348968506,1.2027533849080403,-2.435198232529534,-5.615631267426385,5.615631267426385,,True,6.08095267766625
12683,39627793796959335,0.759350296441386,1,red,constant,6,1.1706591844558716,0.16878191630045572,0.9671564102172852,-0.20350277423858643,0.20350277423858643,0.17383605488319434,False,0.35298657417297363
12683,39627793796959335,0.759350296441386,1,red,powerlaw,6,1.1706591844558716,0.16878191630045572,0.952213126502604,-0.21844605795326755,0.21844605795326755,0.18660090046173636,False,0.3617657590220455
12683,39627793796959335,0.759350296441386,1,red,regularized,6,1.1706591844558716,0.16878191630045572,0.9176341431619023,-0.2530250412939693,0.2530250412939693,0.21613894518034013,False,0.383811380407933
1940,39627841628803314,0.6247357382225986,1,blue,constant,7,-0.2958206534385681,0.24346435070037842,0.3161568343639374,0.6119774878025055,0.6119774878025055,,False,0.7549180388450623
1940,39627841628803314,0.6247357382225986,1,blue,powerlaw,7,-0.2958206534385681,0.24346435070037842,0.1792472645980956,0.4750679180366637,0.4750679180366637,,False,0.6490081373517105
1940,39627841628803314,0.6247357382225986,1,blue,regularized,7,-0.2958206534385681,0.24346435070037842,0.1524053761908812,0.44822602962944935,0.44822602962944935,,False,0.6295168165016968
1940,39627841628803314,0.6247357382225986,1,red,constant,7,1.2701432704925537,0.034504675439425876,1.2536064386367798,-0.016536831855773926,0.016536831855773926,0.013019658679418932,False,0.05520828813314438
1940,39627841628803314,0.6247357382225986,1,red,powerlaw,7,1.2701432704925537,0.034504675439425876,1.29075159556457,0.020608325072016376,0.020608325072016376,0.016225197228360383,False,0.05697826493450881
1940,39627841628803314,0.6247357382225986,1,red,regularized,7,1.2701432704925537,0.034504675439425876,1.2249837169109907,-0.04515955358156298,0.04515955358156298,0.03555469263247003,False,0.06938211141250837
12862,39627787752967339,0.8455974444382643,1,blue,constant,6,0.9732044339179993,1.279269536336263,2.0896193981170654,1.1164149641990662,1.1164149641990662,,False,2.7621569633483887
12862,39627787752967339,0.8455974444382643,1,blue,powerlaw,6,0.9732044339179993,1.279269536336263,2.1584562516185177,1.1852518177005185,1.1852518177005185,,False,2.8050580708167874
12862,39627787752967339,0.8455974444382643,1,blue,regularized,6,0.9732044339179993,1.279269536336263,2.658515346056038,1.6853109121380387,1.6853109121380387,,False,3.037005369852826
12862,39627787752967339,0.8455974444382643,1,red,constant,6,0.8949710726737976,0.1299168566862742,0.8222902417182922,-0.07268083095550537,0.07268083095550537,0.08121025715207261,False,0.35602715611457825
12862,39627787752967339,0.8455974444382643,1,red,powerlaw,6,0.8949710726737976,0.1299168566862742,0.672476052482503,-0.22249502019129463,0.22249502019129463,0.24860582312071047,False,0.4087829269923281
12862,39627787752967339,0.8455974444382643,1,red,regularized,6,0.8949710726737976,0.1299168566862742,1.299549566702667,0.4045784940288695,0.4045784940288695,0.45205762105825265,False,0.5927248617201075
6810,39627829515651198,0.746342125710592,1,blue,constant,6,1.8776912689208984,1.7210295995076497,1.2309881448745728,-0.6467031240463257,0.6467031240463257,,False,7.721292495727539
6810,39627829515651198,0.746342125710592,1,blue,powerlaw,6,1.8776912689208984,1.7210295995076497,1.7596238451519621,-0.11806742376893631,0.11806742376893631,,False,7.6843777326184926
6810,39627829515651198,0.746342125710592,1,blue,regularized,6,1.8776912689208984,1.7210295995076497,0.6489166005591449,-1.2287746683617535,1.2287746683617535,,False,7.7916635224407145
6810,39627829515651198,0.746342125710592,1,red,constant,6,0.39741194248199463,0.26512036720911664,0.47832193970680237,0.08090999722480774,0.08090999722480774,,False,0.5422568917274475
6810,39627829515651198,0.746342125710592,1,red,powerlaw,6,0.39741194248199463,0.26512036720911664,0.6084182367726348,0.21100629429064022,0.21100629429064022,,False,0.5799107752250985
6810,39627829515651198,0.746342125710592,1,red,regularized,6,0.39741194248199463,0.26512036720911664,0.19603224473454336,-0.20137969774745126,0.20137969774745126,,False,0.573115081605584
9321,39627847647626933,0.7396926739092715,1,blue,constant,6,-0.0694698691368103,0.46286014715830487,0.45332005620002747,0.5227899253368378,0.5227899253368378,,False,0.8848322629928589
9321,39627847647626933,0.7396926739092715,1,blue,powerlaw,6,-0.0694698691368103,0.46286014715830487,0.19140546054675064,0.260875329683561,0.260875329683561,,False,0.7574791237694469
9321,39627847647626933,0.7396926739092715,1,blue,regularized,6,-0.0694698691368103,0.46286014715830487,0.38201243070329866,0.45148229984010896,0.45148229984010896,,False,0.8446627219197413
9321,39627847647626933,0.7396926739092715,1,red,constant,6,1.2388335466384888,0.08160962164402008,1.323400616645813,0.08456707000732422,0.08456707000732422,0.06826346464122854,False,0.23579905927181244
9321,39627847647626933,0.7396926739092715,1,red,powerlaw,6,1.2388335466384888,0.08160962164402008,1.393076975565615,0.15424342892712617,0.15424342892712617,0.12450698428829103,False,0.27294727832288584
9321,39627847647626933,0.7396926739092715,1,red,regularized,6,1.2388335466384888,0.08160962164402008,1.317621623002963,0.07878807636447416,0.07878807636447416,0.06359859771174389,False,0.23378873393059169
6473,39627835542868318,0.7494048941710721,1,blue,constant,6,4.735969066619873,2.134828249613444,3.2764089107513428,-1.4595601558685303,1.4595601558685303,,False,4.633297920227051
6473,39627835542868318,0.7494048941710721,1,blue,powerlaw,6,4.735969066619873,2.134828249613444,3.5497300487216226,-1.1862390178982505,1.1862390178982505,,False,4.529111308012085
6473,39627835542868318,0.7494048941710721,1,blue,regularized,6,4.735969066619873,2.134828249613444,3.312916055105267,-1.423053011514606,1.423053011514606,,False,4.621927605427232
6473,39627835542868318,0.7494048941710721,1,red,constant,6,0.6471455097198486,0.24437872568766275,0.5288391709327698,-0.11830633878707886,0.11830633878707886,,False,0.48828426003456116
6473,39627835542868318,0.7494048941710721,1,red,powerlaw,6,0.6471455097198486,0.24437872568766275,0.6210990904565952,-0.026046419263253462,0.026046419263253462,,False,0.47673736003202294
6473,39627835542868318,0.7494048941710721,1,red,regularized,6,0.6471455097198486,0.24437872568766275,0.42081556183469,-0.22632994788515864,0.22632994788515864,,False,0.5250241715371493
2849,39627823480049765,0.8520494397243463,1,blue,constant,6,1.0498379468917847,0.5291676918665568,1.4939824342727661,0.44414448738098145,0.44414448738098145,,False,1.32989501953125
2849,39627823480049765,0.8520494397243463,1,blue,powerlaw,6,1.0498379468917847,0.5291676918665568,1.6407715754458463,0.5909336285540616,0.5909336285540616,,False,1.390504679504939
2849,39627823480049765,0.8520494397243463,1,blue,regularized,6,1.0498379468917847,0.5291676918665568,1.6007484162009584,0.5509104693091738,0.5509104693091738,,False,1.369687550704456
2849,39627823480049765,0.8520494397243463,1,red,constant,6,0.65690678358078,0.0714874416589737,0.8061674237251282,0.14926064014434814,0.14926064014434814,0.22721738285412837,False,0.1694343239068985
2849,39627823480049765,0.8520494397243463,1,red,powerlaw,6,0.65690678358078,0.0714874416589737,0.8361476293448259,0.17924084576404586,0.17924084576404586,0.2728558301483951,False,0.19573680325316123
2849,39627823480049765,0.8520494397243463,1,red,regularized,6,0.65690678358078,0.0714874416589737,0.6037949525989607,-0.053111830981819375,0.053111830981819375,0.0808513967420283,False,0.09617763631899887
8875,39627847630852038,0.7019484197985806,1,blue,constant,6,0.02387273497879505,0.09362288316090901,0.11784369498491287,0.09397096000611782,0.09397096000611782,,False,0.28371891379356384
8875,39627847630852038,0.7019484197985806,1,blue,powerlaw,6,0.02387273497879505,0.09362288316090901,0.002202934547466236,-0.021669800431328816,0.021669800431328816,,False,0.26856770616643305
8875,39627847630852038,0.7019484197985806,1,blue,regularized,6,0.02387273497879505,0.09362288316090901,0.14015326619870513,0.11628053121991008,0.11628053121991008,,False,0.2921029181719276
8875,39627847630852038,0.7019484197985806,1,red,constant,6,1.2081425189971924,0.02059819921851158,1.1699795722961426,-0.038162946701049805,0.038162946701049805,0.03158811655161893,False,0.04964650794863701
8875,39627847630852038,0.7019484197985806,1,red,powerlaw,6,1.2081425189971924,0.02059819921851158,1.1795943701565277,-0.0285481488406647,0.0285481488406647,0.023629785717963828,False,0.04312781344486773
8875,39627847630852038,0.7019484197985806,1,red,regularized,6,1.2081425189971924,0.02059819921851158,1.1490104531602208,-0.059132065836971615,0.059132065836971615,0.04894461117555373,False,0.0671190286784934
8494,39627829536625290,0.843183103806451,1,blue,constant,6,0.8206347823143005,0.3254355589548747,0.5572788119316101,-0.26335597038269043,0.26335597038269043,,False,0.5398311018943787
8494,39627829536625290,0.843183103806451,1,blue,powerlaw,6,0.8206347823143005,0.3254355589548747,0.5612125402859002,-0.25942224202840036,0.25942224202840036,,False,0.540037477757692
8494,39627829536625290,0.843183103806451,1,blue,regularized,6,0.8206347823143005,0.3254355589548747,0.6143730086284891,-0.20626177368581144,0.20626177368581144,,False,0.5185820001655648
8494,39627829536625290,0.843183103806451,1,red,constant,6,1.1648627519607544,0.04440142214298248,1.1310118436813354,-0.033850908279418945,0.033850908279418945,0.02905999717343475,False,0.1169891431927681
8494,39627829536625290,0.843183103806451,1,red,powerlaw,6,1.1648627519607544,0.04440142214298248,1.1256451652194464,-0.03921758674130804,0.03921758674130804,0.03366713089185405,False,0.11867254672583903
8494,39627829536625290,0.843183103806451,1,red,regularized,6,1.1648627519607544,0.04440142214298248,1.1413213278632954,-0.023541424097458963,0.023541424097458963,0.020209611868722627,False,0.11443236644557915
7429,39627835576421923,0.7760036846166825,1,blue,constant,6,2.433814525604248,1.0055864651997883,1.1953063011169434,-1.2385082244873047,1.2385082244873047,,False,1.790683388710022
7429,39627835576421923,0.7760036846166825,1,blue,powerlaw,6,2.433814525604248,1.0055864651997883,1.6280702639714286,-0.8057442616328194,0.8057442616328194,,False,1.5130516246256556
7429,39627835576421923,0.7760036846166825,1,blue,regularized,6,2.433814525604248,1.0055864651997883,1.5375523402442282,-0.8962621853600199,0.8962621853600199,,False,1.5700760854728613
7429,39627835576421923,0.7760036846166825,1,red,constant,6,0.8178471922874451,0.18354072173436484,0.8713636994361877,0.053516507148742676,0.053516507148742676,0.06543582670873005,False,0.28370949625968933
7429,39627835576421923,0.7760036846166825,1,red,powerlaw,6,0.8178471922874451,0.18354072173436484,0.7600439894747105,-0.057803202812734544,0.057803202812734544,0.07067726509039443,False,0.2882538896183348
7429,39627835576421923,0.7760036846166825,1,red,regularized,6,0.8178471922874451,0.18354072173436484,0.8657469941783381,0.047899801890893046,0.047899801890893046,0.058568155937445486,False,0.28270382583310033
2267,39627853704202152,0.7716205893672567,1,blue,constant,6,0.06307387351989746,0.3785865306854248,-0.016541333869099617,-0.07961520738899708,0.07961520738899708,,True,0.8971392512321472
2267,39627853704202152,0.7716205893672567,1,blue,powerlaw,6,0.06307387351989746,0.3785865306854248,0.08413903395970529,0.02106516043980783,0.02106516043980783,,False,0.8943346904432279
2267,39627853704202152,0.7716205893672567,1,blue,regularized,6,0.06307387351989746,0.3785865306854248,0.0849184477185959,0.021844574198698438,0.021844574198698438,,False,0.8938665617542882
2267,39627853704202152,0.7716205893672567,1,red,constant,6,1.3244062662124634,0.09337628881136577,1.2840694189071655,-0.04033684730529785,0.04033684730529785,0.030456551236844532,False,0.15855103731155396
2267,39627853704202152,0.7716205893672567,1,red,powerlaw,6,1.3244062662124634,0.09337628881136577,1.3078294129063444,-0.01657685330611902,0.01657685330611902,0.012516441313378486,False,0.15064463793298732
2267,39627853704202152,0.7716205893672567,1,red,regularized,6,1.3244062662124634,0.09337628881136577,1.2424166190385073,-0.08198964717395607,0.08198964717395607,0.06190671946035867,False,0.17387831825772102
10745,39627847626656271,0.7456497615070881,1,blue,constant,6,3.070279121398926,1.9679880142211914,0.47028884291648865,-2.599990278482437,2.599990278482437,,False,4.123123645782471
10745,39627847626656271,0.7456497615070881,1,blue,powerlaw,6,3.070279121398926,1.9679880142211914,0.1398029141079468,-2.930476207290979,2.930476207290979,,False,4.339084889008025
10745,39627847626656271,0.7456497615070881,1,blue,regularized,6,3.070279121398926,1.9679880142211914,0.28969091983043777,-2.780588201568488,2.780588201568488,,False,4.239323988898327
10745,39627847626656271,0.7456497615070881,1,red,constant,6,1.0742655992507935,0.23505028088887533,1.1961995363235474,0.1219339370727539,0.1219339370727539,0.11350446031018045,False,0.3348928987979889
10745,39627847626656271,0.7456497615070881,1,red,powerlaw,6,1.0742655992507935,0.23505028088887533,1.021467108965348,-0.052798490285445476,0.052798490285445476,0.049148451111408406,False,0.3174535829072009
10745,39627847626656271,0.7456497615070881,1,red,regularized,6,1.0742655992507935,0.23505028088887533,1.1720665674715869,0.09780096822079343,0.09780096822079343,0.09103983995112667,False,0.32687975447378287
5733,39627823467464830,0.8976094190604658,1,blue,constant,6,0.8170096278190613,0.4404805103937785,1.026485562324524,0.20947593450546265,0.20947593450546265,,False,0.8083904981613159
5733,39627823467464830,0.8976094190604658,1,blue,powerlaw,6,0.8170096278190613,0.4404805103937785,0.8646435428151559,0.047633914996094595,0.047633914996094595,,False,0.7827478369556126
5733,39627823467464830,0.8976094190604658,1,blue,regularized,6,0.8170096278190613,0.4404805103937785,0.931720502803893,0.11471087498483168,0.11471087498483168,,False,0.7891600795468519
5733,39627823467464830,0.8976094190604658,1,red,constant,6,0.9674552083015442,0.07895965377489726,0.9534149169921875,-0.01404029130935669,0.01404029130935669,0.014512600882066365,False,0.1911488026380539
5733,39627823467464830,0.8976094190604658,1,red,powerlaw,6,0.9674552083015442,0.07895965377489726,1.0248066933038054,0.05735148500226117,0.05735148500226117,0.059280765155987875,False,0.1987336232776748
5733,39627823467464830,0.8976094190604658,1,red,regularized,6,0.9674552083015442,0.07895965377489726,0.7919094157660528,-0.1755457925354914,0.1755457925354914,0.18145108014217842,False,0.25891788399323906
7353,39627835572227845,0.8298888148684127,1,blue,constant,6,0.040288034826517105,0.3363349835077922,0.1039675697684288,0.0636795349419117,0.0636795349419117,,False,0.535209596157074
7353,39627835572227845,0.8298888148684127,1,blue,powerlaw,6,0.040288034826517105,0.3363349835077922,0.15447641247972035,0.11418837765320325,0.11418837765320325,,False,0.5393241091616993
7353,39627835572227845,0.8298888148684127,1,blue,regularized,6,0.040288034826517105,0.3363349835077922,0.1292474456459385,0.08895941081942141,0.08895941081942141,,False,0.5388024305442508
7353,39627835572227845,0.8298888148684127,1,red,constant,6,1.3503631353378296,0.07079651951789856,1.2414535284042358,-0.10890960693359375,0.10890960693359375,0.08065208837795108,False,0.18451471626758575
7353,39627835572227845,0.8298888148684127,1,red,powerlaw,6,1.3503631353378296,0.07079651951789856,1.1541289489922952,-0.19623418634553436,0.19623418634553436,0.14531956716697625,False,0.24637983585076148
7353,39627835572227845,0.8298888148684127,1,red,regularized,6,1.3503631353378296,0.07079651951789856,1.3875931998752504,0.03723006453742084,0.03723006453742084,0.02757040944257319,False,0.15352688344385837
7011,39627835568034420,0.6705588043975417,1,blue,constant,6,0.37391433119773865,0.21113012234369913,0.19019846618175507,-0.18371586501598358,0.18371586501598358,,False,0.3537640869617462
7011,39627835568034420,0.6705588043975417,1,blue,powerlaw,6,0.37391433119773865,0.21113012234369913,0.18650712943756073,-0.18740720176017792,0.18740720176017792,,False,0.3591081583250049
7011,39627835568034420,0.6705588043975417,1,blue,regularized,6,0.37391433119773865,0.21113012234369913,-0.06609104661412711,-0.44000537781186577,0.44000537781186577,,True,0.5338560168001452
7011,39627835568034420,0.6705588043975417,1,red,constant,6,1.2859870195388794,0.042983303467432656,1.3048707246780396,0.018883705139160156,0.018883705139160156,0.014684211311815068,False,0.10305050760507584
7011,39627835568034420,0.6705588043975417,1,red,powerlaw,6,1.2859870195388794,0.042983303467432656,1.3350421662593703,0.04905514672049094,0.04905514672049094,0.03814591125350612,False,0.11253797392416676
7011,39627835568034420,0.6705588043975417,1,red,regularized,6,1.2859870195388794,0.042983303467432656,1.3495620160878243,0.06357499654894494,0.06357499654894494,0.049436732706478824,False,0.11957798763922838
499,39627574963339409,0.7135272875189397,1,blue,constant,6,-0.12353136390447617,0.5933662255605062,0.06574549525976181,0.18927685916423798,0.18927685916423798,,False,1.4032713174819946
499,39627574963339409,0.7135272875189397,1,blue,powerlaw,6,-0.12353136390447617,0.5933662255605062,0.0523804231595999,0.17591178706407606,0.17591178706407606,,False,1.4029068658651909
499,39627574963339409,0.7135272875189397,1,blue,regularized,6,-0.12353136390447617,0.5933662255605062,-0.373433718321124,-0.24990235441664782,0.24990235441664782,,True,1.4127806015341906
499,39627574963339409,0.7135272875189397,1,red,constant,6,1.1902321577072144,0.05609545608361562,1.2931715250015259,0.10293936729431152,0.10293936729431152,0.08648679724181475,False,0.16072368621826172
499,39627574963339409,0.7135272875189397,1,red,powerlaw,6,1.1902321577072144,0.05609545608361562,1.4016618831002108,0.21142972539299643,0.21142972539299643,0.17763738277772706,False,0.2460300634811811
499,39627574963339409,0.7135272875189397,1,red,regularized,6,1.1902321577072144,0.05609545608361562,1.2796727029413468,0.08944054523413247,0.08944054523413247,0.07514546187898746,False,0.15243095004448912
4425,39627859727225282,0.7323683789997016,1,blue,constant,6,-0.8741663098335266,0.7190891901652018,0.2983110249042511,1.1724773347377777,1.1724773347377777,,False,2.0677297115325928
4425,39627859727225282,0.7323683789997016,1,blue,powerlaw,6,-0.8741663098335266,0.7190891901652018,0.42868484080134533,1.302851150634872,1.302851150634872,,False,2.1449557549965053
4425,39627859727225282,0.7323683789997016,1,blue,regularized,6,-0.8741663098335266,0.7190891901652018,-0.37757114527345514,0.49659516456007147,0.49659516456007147,,True,1.7736073113987665
4425,39627859727225282,0.7323683789997016,1,red,constant,6,1.3075470924377441,0.10674254099527995,1.199257493019104,-0.10828959941864014,0.10828959941864014,0.0828188904590418,False,0.2958558201789856
4425,39627859727225282,0.7323683789997016,1,red,powerlaw,6,1.3075470924377441,0.10674254099527995,1.1944167069817773,-0.11313038545596688,0.11313038545596688,0.0865210791337929,False,0.29436684106468236
4425,39627859727225282,0.7323683789997016,1,red,regularized,6,1.3075470924377441,0.10674254099527995,1.240087011454496,-0.06746008098324818,0.06746008098324818,0.0515928499810114,False,0.2776086639468007
9615,39627841591051972,0.82574146035671,1,blue,constant,6,-0.34319165349006653,0.4050669272740682,0.2972566783428192,0.6404483318328857,0.6404483318328857,,False,1.0640957355499268
9615,39627841591051972,0.82574146035671,1,blue,powerlaw,6,-0.34319165349006653,0.4050669272740682,1.1263574666771727e-08,0.3431916647536412,0.3431916647536412,,False,0.9164639148549105
9615,39627841591051972,0.82574146035671,1,blue,regularized,6,-0.34319165349006653,0.4050669272740682,0.32560808628179116,0.6687997397718577,0.6687997397718577,,False,1.079839337543248
9615,39627841591051972,0.82574146035671,1,red,constant,6,1.2610491514205933,0.030259425441424053,1.2531129121780396,-0.007936239242553711,0.007936239242553711,0.006293362343262674,False,0.0661911740899086
9615,39627841591051972,0.82574146035671,1,red,powerlaw,6,1.2610491514205933,0.030259425441424053,1.20187295723787,-0.05917619418272335,0.05917619418272335,0.046926159948690635,False,0.08829075993511291
9615,39627841591051972,0.82574146035671,1,red,regularized,6,1.2610491514205933,0.030259425441424053,1.301111092951354,0.040061941530760814,0.040061941530760814,0.031768739137273405,False,0.07696261856929824
7081,39627823488439028,0.7369400496320044,1,blue,constant,6,0.5166317224502563,0.2520016630490621,0.19579648971557617,-0.3208352327346802,0.3208352327346802,,False,0.5702908039093018
7081,39627823488439028,0.7369400496320044,1,blue,powerlaw,6,0.5166317224502563,0.2520016630490621,0.09127863142676708,-0.4253530910234893,0.4253530910234893,,False,0.6349762875348095
7081,39627823488439028,0.7369400496320044,1,blue,regularized,6,0.5166317224502563,0.2520016630490621,0.11579439917816044,-0.4008373232720959,0.4008373232720959,,False,0.6188432219590753
7081,39627823488439028,0.7369400496320044,1,red,constant,6,1.3312355279922485,0.04356080790360769,1.1806682348251343,-0.15056729316711426,0.15056729316711426,0.11310342159677621,False,0.23698200285434723
7081,39627823488439028,0.7369400496320044,1,red,powerlaw,6,1.3312355279922485,0.04356080790360769,1.2564944450971949,-0.07474108289505366,0.07474108289505366,0.05614414678954456,False,0.19465403102129383
7081,39627823488439028,0.7369400496320044,1,red,regularized,6,1.3312355279922485,0.04356080790360769,1.1629249059076392,-0.16831062208460934,0.16831062208460934,0.12643188868197738,False,0.24863311346883635
3149,39627817436056703,0.6882051545813045,1,blue,constant,6,-0.734610378742218,0.48940038681030273,0.483671098947525,1.218281477689743,1.218281477689743,,False,1.6159120798110962
3149,39627817436056703,0.6882051545813045,1,blue,powerlaw,6,-0.734610378742218,0.48940038681030273,0.09094455183272292,0.8255549305749409,0.8255549305749409,,False,1.341984207811514
3149,39627817436056703,0.6882051545813045,1,blue,regularized,6,-0.734610378742218,0.48940038681030273,0.7612801136225573,1.4958904923647753,1.4958904923647753,,False,1.8342983125774628
3149,39627817436056703,0.6882051545813045,1,red,constant,6,1.2438791990280151,0.05732408662637075,1.192501425743103,-0.05137777328491211,0.05137777328491211,0.04130447178878739,False,0.09571222215890884
3149,39627817436056703,0.6882051545813045,1,red,powerlaw,6,1.2438791990280151,0.05732408662637075,1.1637597950726608,-0.08011940395535433,0.08011940395535433,0.0644109203031619,False,0.1140437569285216
3149,39627817436056703,0.6882051545813045,1,red,regularized,6,1.2438791990280151,0.05732408662637075,1.161439601961859,-0.08243959706615622,0.08243959706615622,0.06627620843774516,False,0.11540118974939131
5215,39627853695816620,0.6087691545825343,1,blue,constant,7,-0.08237944543361664,0.1566913298198155,0.0733693465590477,0.15574879199266434,0.15574879199266434,,False,0.3543948233127594
5215,39627853695816620,0.6087691545825343,1,blue,powerlaw,7,-0.08237944543361664,0.1566913298198155,0.09014835264333573,0.17252779807695237,0.17252779807695237,,False,0.3619465963230878
5215,39627853695816620,0.6087691545825343,1,blue,regularized,7,-0.08237944543361664,0.1566913298198155,0.040496159365653484,0.12287560479927012,0.12287560479927012,,False,0.34074889227482524
5215,39627853695816620,0.6087691545825343,1,red,constant,7,1.1676884889602661,0.023418100816862925,1.1071103811264038,-0.060578107833862305,0.060578107833862305,0.05187865462971404,False,0.1135638877749443
5215,39627853695816620,0.6087691545825343,1,red,powerlaw,7,1.1676884889602661,0.023418100816862925,1.1069988391432966,-0.06068964981696956,0.06068964981696956,0.051974178379551275,False,0.11397367791964857
5215,39627853695816620,0.6087691545825343,1,red,regularized,7,1.1676884889602661,0.023418100816862925,1.0850924934806843,-0.08259599547958185,0.08259599547958185,0.07073461480563796,False,0.12668525498181357
8980,39627841586860179,0.8578147171237703,1,blue,constant,6,1.275026798248291,0.9017981688181559,2.2561705112457275,0.9811437129974365,0.9811437129974365,,False,2.3238840103149414
8980,39627841586860179,0.8578147171237703,1,blue,powerlaw,6,1.275026798248291,0.9017981688181559,1.9713723133458154,0.6963455150975244,0.6963455150975244,,False,2.2339612942285343
8980,39627841586860179,0.8578147171237703,1,blue,regularized,6,1.275026798248291,0.9017981688181559,2.836663803466093,1.561637005217802,1.561637005217802,,False,2.622513003357288
8980,39627841586860179,0.8578147171237703,1,red,constant,6,1.0107077360153198,0.17114537954330444,0.9855537414550781,-0.0251539945602417,0.0251539945602417,0.024887505718923703,False,0.3833996057510376
8980,39627841586860179,0.8578147171237703,1,red,powerlaw,6,1.0107077360153198,0.17114537954330444,0.9422552797344691,-0.06845245628085073,0.06845245628085073,0.06772725075868337,False,0.38821241763947706
8980,39627841586860179,0.8578147171237703,1,red,regularized,6,1.0107077360153198,0.17114537954330444,0.9612061884084778,-0.049501547606842,0.049501547606842,0.048977113603582506,False,0.3857628134960139
2586,39627805356463621,0.8989732268823344,1,blue,constant,6,1.3469074964523315,0.3707339366277059,0.4737663269042969,-0.8731411695480347,0.8731411695480347,0.648256225351654,False,1.5116554498672485
2586,39627805356463621,0.8989732268823344,1,blue,powerlaw,6,1.3469074964523315,0.3707339366277059,0.35711690321141304,-0.9897905932409186,0.9897905932409186,0.7348615965446506,False,1.5759969748333964
2586,39627805356463621,0.8989732268823344,1,blue,regularized,6,1.3469074964523315,0.3707339366277059,0.4442034222699501,-0.9027040741823815,0.9027040741823815,0.6702049521292639,False,1.5289215928460667
2586,39627805356463621,0.8989732268823344,1,red,constant,6,0.8717138767242432,0.03747672835985819,1.0276678800582886,0.1559540033340454,0.1559540033340454,0.17890503696017185,False,0.21999171376228333
2586,39627805356463621,0.8989732268823344,1,red,powerlaw,6,0.8717138767242432,0.03747672835985819,0.9777372488383022,0.10602337211405899,0.10602337211405899,0.12162634431434924,False,0.18685617647907224
2586,39627805356463621,0.8989732268823344,1,red,regularized,6,0.8717138767242432,0.03747672835985819,0.8976584502890956,0.02594457356485247,0.02594457356485247,0.02976271716855982,False,0.1491534932214329
8315,39627823488434276,0.8060242867885473,1,blue,constant,6,-0.7296221852302551,1.618299166361491,0.31454190611839294,1.044164091348648,1.044164091348648,,False,2.6011269092559814
8315,39627823488434276,0.8060242867885473,1,blue,powerlaw,6,-0.7296221852302551,1.618299166361491,1.707108419407821,2.4367306046380763,2.4367306046380763,,False,3.415919562426549
8315,39627823488434276,0.8060242867885473,1,blue,regularized,6,-0.7296221852302551,1.618299166361491,-0.3055459335332233,0.42407625169703184,0.42407625169703184,,True,2.419798098112826
8315,39627823488434276,0.8060242867885473,1,red,constant,6,0.5902896523475647,0.22689640522003174,0.803654134273529,0.21336448192596436,0.21336448192596436,,False,0.578413724899292
8315,39627823488434276,0.8060242867885473,1,red,powerlaw,6,0.5902896523475647,0.22689640522003174,0.7935632083824179,0.2032735560348532,0.2032735560348532,,False,0.5748432762684078
8315,39627823488434276,0.8060242867885473,1,red,regularized,6,0.5902896523475647,0.22689640522003174,0.7677408959988532,0.1774512436512885,0.1774512436512885,,False,0.5661510566498918
9208,39627853679034669,0.7370153443154648,1,blue,constant,6,-0.3013811409473419,0.6748596827189127,0.11351420730352402,0.41489534825086594,0.41489534825086594,,False,0.7875388264656067
9208,39627853679034669,0.7370153443154648,1,blue,powerlaw,6,-0.3013811409473419,0.6748596827189127,0.24388242388565295,0.5452635648329949,0.5452635648329949,,False,0.8632747248022529
9208,39627853679034669,0.7370153443154648,1,blue,regularized,6,-0.3013811409473419,0.6748596827189127,0.1515640963113872,0.45294523725872915,0.45294523725872915,,False,0.8082318446726563
9208,39627853679034669,0.7370153443154648,1,red,constant,6,1.207116723060608,0.09498014052708943,1.132056713104248,-0.07506000995635986,0.07506000995635986,0.062181236099560847,False,0.1531369388103485
9208,39627853679034669,0.7370153443154648,1,red,powerlaw,6,1.207116723060608,0.09498014052708943,1.1969691469879902,-0.010147576072617737,0.010147576072617737,0.008406458032400433,False,0.135956759804544
9208,39627853679034669,0.7370153443154648,1,red,regularized,6,1.207116723060608,0.09498014052708943,1.1712030033718497,-0.03591371968875823,0.03591371968875823,0.0297516545025572,False,0.13822701323092468
34,39627563030545742,0.8667849968146216,1,blue,constant,6,-3.486309051513672,4.072359402974446,2.182115316390991,5.668424367904663,5.668424367904663,,False,11.11386775970459
34,39627563030545742,0.8667849968146216,1,blue,powerlaw,6,-3.486309051513672,4.072359402974446,3.461551630333996,6.9478606818476685,6.9478606818476685,,False,11.84448121216741
34,39627563030545742,0.8667849968146216,1,blue,regularized,6,-3.486309051513672,4.072359402974446,2.4892463583907083,5.975555409904381,5.975555409904381,,False,11.273610441354954
34,39627563030545742,0.8667849968146216,1,red,constant,6,0.7397589087486267,0.34265629450480145,0.9402099251747131,0.20045101642608643,0.20045101642608643,,False,0.810106098651886
34,39627563030545742,0.8667849968146216,1,red,powerlaw,6,0.7397589087486267,0.34265629450480145,0.7030194966022628,-0.03673941214636389,0.03673941214636389,,False,0.7862770302988009
34,39627563030545742,0.8667849968146216,1,red,regularized,6,0.7397589087486267,0.34265629450480145,0.7582007176353374,0.018441808886710653,0.018441808886710653,,False,0.7851314690775196
5639,39627829507262361,0.8027260694238524,1,blue,constant,6,0.13337594270706177,0.22481300433476767,0.27558159828186035,0.14220565557479858,0.14220565557479858,,False,0.25388243794441223
5639,39627829507262361,0.8027260694238524,1,blue,powerlaw,6,0.13337594270706177,0.22481300433476767,0.276069446950567,0.14269350424350524,0.14269350424350524,,False,0.25154822094416024
5639,39627829507262361,0.8027260694238524,1,blue,regularized,6,0.13337594270706177,0.22481300433476767,0.2941361896097763,0.1607602469027145,0.1607602469027145,,False,0.26470755504036136
5639,39627829507262361,0.8027260694238524,1,red,constant,6,1.1299012899398804,0.03428473820288976,1.2356553077697754,0.10575401782989502,0.10575401782989502,0.09359580236918037,False,0.13074180483818054
5639,39627829507262361,0.8027260694238524,1,red,powerlaw,6,1.1299012899398804,0.03428473820288976,1.2072830996279662,0.07738180968808583,0.07738180968808583,0.06848546008138742,False,0.10948918271148844
5639,39627829507262361,0.8027260694238524,1,red,regularized,6,1.1299012899398804,0.03428473820288976,1.22589788942131,0.09599659948142958,0.09599659948142958,0.08496016451714765,False,0.1229831287001008
11440,39627847622461149,0.8835806585984486,1,blue,constant,6,3.566716432571411,1.161350170771281,1.3214083909988403,-2.245308041572571,2.245308041572571,0.6295168354479541,False,3.7457048892974854
11440,39627847622461149,0.8835806585984486,1,blue,powerlaw,6,3.566716432571411,1.161350170771281,1.6515584812491373,-1.9151579513222738,1.9151579513222738,0.5369526811363435,False,3.5374253765634167
11440,39627847622461149,0.8835806585984486,1,blue,regularized,6,3.566716432571411,1.161350170771281,1.482419171289074,-2.0842972612823374,2.0842972612823374,0.5843742558977897,False,3.6514642381388738
11440,39627847622461149,0.8835806585984486,1,red,constant,6,1.4027585983276367,0.15439510345458984,0.9331352114677429,-0.4696233868598938,0.4696233868598938,0.3347856056058234,False,0.8104552626609802
11440,39627847622461149,0.8835806585984486,1,red,powerlaw,6,1.4027585983276367,0.15439510345458984,0.9790529005316229,-0.42370569779601386,0.42370569779601386,0.3020517559479971,False,0.7838052024663221
11440,39627847622461149,0.8835806585984486,1,red,regularized,6,1.4027585983276367,0.15439510345458984,0.8998650095068249,-0.5028935888208118,0.5028935888208118,0.3585033015804427,False,0.83017687990035
11318,39627853670647866,0.8065238979954202,1,blue,constant,6,0.5066800713539124,0.38880149523417157,0.5884614586830139,0.08178138732910156,0.08178138732910156,,False,0.44691041111946106
11318,39627853670647866,0.8065238979954202,1,blue,powerlaw,6,0.5066800713539124,0.38880149523417157,0.6381467813856992,0.1314667100317869,0.1314667100317869,,False,0.46401301248162735
11318,39627853670647866,0.8065238979954202,1,blue,regularized,6,0.5066800713539124,0.38880149523417157,0.7073118529410066,0.20063178158709427,0.20063178158709427,,False,0.48300499975867706
11318,39627853670647866,0.8065238979954202,1,red,constant,6,0.9698800444602966,0.06784668068091075,1.0687174797058105,0.09883743524551392,0.09883743524551392,0.10190686550367514,False,0.13104116916656494
11318,39627853670647866,0.8065238979954202,1,red,powerlaw,6,0.9698800444602966,0.06784668068091075,0.9679366881257144,-0.0019433563345822025,0.0019433563345822025,0.002003707928297061,False,0.08704896005516682
11318,39627853670647866,0.8065238979954202,1,red,regularized,6,0.9698800444602966,0.06784668068091075,1.0126522574302455,0.04277221296994882,0.04277221296994882,0.04410051863037353,False,0.0960854480997486
12872,39627787765550971,0.8589817493121125,1,blue,constant,6,0.5153594613075256,1.5002541542053223,2.8951609134674072,2.3798014521598816,2.3798014521598816,,False,2.961411952972412
12872,39627787765550971,0.8589817493121125,1,blue,powerlaw,6,0.5153594613075256,1.5002541542053223,3.796333025339468,3.2809735640319424,3.2809735640319424,,False,3.743086614947958
12872,39627787765550971,0.8589817493121125,1,blue,regularized,6,0.5153594613075256,1.5002541542053223,3.6186586414842368,3.103299180176711,3.103299180176711,,False,3.568889543147333
12872,39627787765550971,0.8589817493121125,1,red,constant,6,0.4959350526332855,0.21147153774897257,0.745471179485321,0.24953612685203552,0.24953612685203552,,False,0.6110481023788452
12872,39627787765550971,0.8589817493121125,1,red,powerlaw,6,0.4959350526332855,0.21147153774897257,0.703525685643926,0.2075906330106405,0.2075906330106405,,False,0.5906258957184346
12872,39627787765550971,0.8589817493121125,1,red,regularized,6,0.4959350526332855,0.21147153774897257,0.7845263179158345,0.28859126528254897,0.28859126528254897,,False,0.6280099076259881
6815,39627835555447572,0.8954858114948787,1,blue,constant,6,0.4712441861629486,1.3997963269551594,1.5390472412109375,1.067803055047989,1.067803055047989,,False,3.2889227867126465
6815,39627835555447572,0.8954858114948787,1,blue,powerlaw,6,0.4712441861629486,1.3997963269551594,1.6777113566766466,1.206467170513698,1.206467170513698,,False,3.353219608017969
6815,39627835555447572,0.8954858114948787,1,blue,regularized,6,0.4712441861629486,1.3997963269551594,1.4849937499378176,1.013749563774869,1.013749563774869,,False,3.271772904431157
6815,39627835555447572,0.8954858114948787,1,red,constant,6,0.41145721077919006,0.15748368700345358,0.7163768410682678,0.30491963028907776,0.30491963028907776,,False,0.4499760568141937
6815,39627835555447572,0.8954858114948787,1,red,powerlaw,6,0.41145721077919006,0.15748368700345358,0.8216530537524344,0.4101958429732443,0.4101958429732443,,False,0.5230684386781113
6815,39627835555447572,0.8954858114948787,1,red,regularized,6,0.41145721077919006,0.15748368700345358,-0.39037876407337996,-0.8018359748525701,0.8018359748525701,,True,0.8069988430255707
1302,39627847656018516,0.6611347016505661,1,blue,constant,7,-0.15020443499088287,0.1974959032876151,0.128471240401268,0.2786756753921509,0.2786756753921509,,False,0.4990699589252472
1302,39627847656018516,0.6611347016505661,1,blue,powerlaw,7,-0.15020443499088287,0.1974959032876151,8.963042493469034e-10,0.15020443588718713,0.15020443588718713,,False,0.4404226195786509
1302,39627847656018516,0.6611347016505661,1,blue,regularized,7,-0.15020443499088287,0.1974959032876151,0.0677037610374219,0.21790819602830477,0.21790819602830477,,False,0.4678383877961167
1302,39627847656018516,0.6611347016505661,1,red,constant,7,1.1405130624771118,0.028023055621555874,1.2128289937973022,0.07231593132019043,0.07231593132019043,0.06340649107790616,False,0.11516987532377243
1302,39627847656018516,0.6611347016505661,1,red,powerlaw,7,1.1405130624771118,0.028023055621555874,1.1910049366351168,0.050491874158004935,0.050491874158004935,0.0442711932192519,False,0.10286314721869576
1302,39627847656018516,0.6611347016505661,1,red,regularized,7,1.1405130624771118,0.028023055621555874,1.2681612621826157,0.1276481997055039,0.1276481997055039,0.11192173409067428,False,0.15509470395944897
4949,39627865771215608,0.8570035574572558,1,blue,constant,6,4.201904296875,1.0789568424224854,2.2235023975372314,-1.9784018993377686,1.9784018993377686,0.47083459297469643,False,2.3560538291931152
4949,39627865771215608,0.8570035574572558,1,blue,powerlaw,6,4.201904296875,1.0789568424224854,2.1973809717489536,-2.0045233251260464,2.0045233251260464,0.4770511614500195,False,2.378117579035385
4949,39627865771215608,0.8570035574572558,1,blue,regularized,6,4.201904296875,1.0789568424224854,2.5157238067234036,-1.6861804901515964,1.6861804901515964,0.40128959895769795,False,2.1166294887640404
4949,39627865771215608,0.8570035574572558,1,red,constant,6,0.37637972831726074,0.12408248583475749,0.7242221236228943,0.34784239530563354,0.34784239530563354,0.9241794101419503,False,0.45619940757751465
4949,39627865771215608,0.8570035574572558,1,red,powerlaw,6,0.37637972831726074,0.12408248583475749,0.6895878624748032,0.31320813415754245,0.31320813415754245,0.832159945377108,False,0.42837350931502693
4949,39627865771215608,0.8570035574572558,1,red,regularized,6,0.37637972831726074,0.12408248583475749,0.6929110547059878,0.31653132638872705,0.31653132638872705,0.8409893056777865,False,0.43153369529956437
4975,39627853687427098,0.7983455233498902,1,blue,constant,6,0.15877830982208252,0.525390108426412,-0.19704793393611908,-0.3558262437582016,0.3558262437582016,,True,0.8209564685821533
4975,39627853687427098,0.7983455233498902,1,blue,powerlaw,6,0.15877830982208252,0.525390108426412,0.03161763914021478,-0.12716067068186773,0.12716067068186773,,False,0.7509961052395575
4975,39627853687427098,0.7983455233498902,1,blue,regularized,6,0.15877830982208252,0.525390108426412,0.006303474334006173,-0.15247483548807633,0.15247483548807633,,False,0.7553845699087982
4975,39627853687427098,0.7983455233498902,1,red,constant,6,1.2393535375595093,0.06329518556594849,1.2527738809585571,0.013420343399047852,0.013420343399047852,0.010828502918928777,False,0.1337188482284546
4975,39627853687427098,0.7983455233498902,1,red,powerlaw,6,1.2393535375595093,0.06329518556594849,1.1905566845891271,-0.048796852970382165,0.048796852970382165,0.039372827439110865,False,0.1419823840346423
4975,39627853687427098,0.7983455233498902,1,red,regularized,6,1.2393535375595093,0.06329518556594849,1.1358920221666995,-0.10346151539280979,0.10346151539280979,0.08348022760038472,False,0.1681352533382811
10522,39627859702057885,0.8750615798643713,1,blue,constant,6,-0.2937605679035187,0.6079481442769369,-0.20983700454235077,0.08392356336116791,0.08392356336116791,,True,0.9960395693778992
10522,39627859702057885,0.8750615798643713,1,blue,powerlaw,6,-0.2937605679035187,0.6079481442769369,0.12241587441109288,0.41617644231461154,0.41617644231461154,,False,1.0755775643971461
10522,39627859702057885,0.8750615798643713,1,blue,regularized,6,-0.2937605679035187,0.6079481442769369,-0.2389678033675401,0.05479276453597859,0.05479276453597859,,True,0.9742518510635746
10522,39627859702057885,0.8750615798643713,1,red,constant,6,1.1489092111587524,0.06709407269954681,1.1777006387710571,0.028791427612304688,0.028791427612304688,0.025059793526475943,False,0.14424516260623932
10522,39627859702057885,0.8750615798643713,1,red,powerlaw,6,1.1489092111587524,0.06709407269954681,1.2075979238104246,0.05868871265167219,0.05868871265167219,0.051082115176429535,False,0.15356621404006338
10522,39627859702057885,0.8750615798643713,1,red,regularized,6,1.1489092111587524,0.06709407269954681,1.1261188558182125,-0.02279035534053997,0.02279035534053997,0.019836515469794484,False,0.14319276853232152
12889,39627787757161618,0.8156905484071798,1,blue,constant,6,0.9697168469429016,0.45345505078633624,0.4536798298358917,-0.5160370171070099,0.5160370171070099,,False,0.8423534035682678
12889,39627787757161618,0.8156905484071798,1,blue,powerlaw,6,0.9697168469429016,0.45345505078633624,0.1989448669635567,-0.7707719799793449,0.7707719799793449,,False,1.0198405988864816
12889,39627787757161618,0.8156905484071798,1,blue,regularized,6,0.9697168469429016,0.45345505078633624,0.5888231814876203,-0.38089366545528136,0.38089366545528136,,False,0.7854077937880418
12889,39627787757161618,0.8156905484071798,1,red,constant,6,1.2738012075424194,0.07211252053578694,1.2999753952026367,0.026174187660217285,0.026174187660217285,0.020548094557639715,False,0.15878184139728546
12889,39627787757161618,0.8156905484071798,1,red,powerlaw,6,1.2738012075424194,0.07211252053578694,1.1952712627381124,-0.07852994480430708,0.07852994480430708,0.06165007878726785,False,0.17529650988218068
12889,39627787757161618,0.8156905484071798,1,red,regularized,6,1.2738012075424194,0.07211252053578694,1.6327457937872254,0.35894458624480596,0.35894458624480596,0.2817901130250362,False,0.4228732826287732
2410,39627847656018682,0.7259537310262374,1,blue,constant,6,0.6872220635414124,0.356522798538208,0.460941344499588,-0.22628071904182434,0.22628071904182434,,False,0.8764433264732361
2410,39627847656018682,0.7259537310262374,1,blue,powerlaw,6,0.6872220635414124,0.356522798538208,0.5017074904077173,-0.18551457313369502,0.18551457313369502,,False,0.8675367259896278
2410,39627847656018682,0.7259537310262374,1,blue,regularized,6,0.6872220635414124,0.356522798538208,0.28625876887267104,-0.4009632946687413,0.4009632946687413,,False,0.9368679001169172
2410,39627847656018682,0.7259537310262374,1,red,constant,6,0.9544165134429932,0.039719924330711365,0.9696605801582336,0.015244066715240479,0.015244066715240479,0.015972132188124592,False,0.08999412506818771
2410,39627847656018682,0.7259537310262374,1,red,powerlaw,6,0.9544165134429932,0.039719924330711365,0.982210678418137,0.027794164975143865,0.027794164975143865,0.029121630424098897,False,0.09314847975176715
2410,39627847656018682,0.7259537310262374,1,red,regularized,6,0.9544165134429932,0.039719924330711365,1.0253050382041644,0.07088852476117125,0.07088852476117125,0.07427420184238606,False,0.11336592253340586
392,39627574967539289,0.7102297437287542,1,blue,constant,6,0.8132357597351074,2.201424757639567,-0.05029355362057686,-0.8635293133556843,0.8635293133556843,,True,3.0975182056427
392,39627574967539289,0.7102297437287542,1,blue,powerlaw,6,0.8132357597351074,2.201424757639567,1.138250783247763,0.32501502351265565,0.32501502351265565,,False,2.9998893124904096
392,39627574967539289,0.7102297437287542,1,blue,regularized,6,0.8132357597351074,2.201424757639567,-0.3231128922962033,-1.1363486520313106,1.1363486520313106,,True,3.1843864087161906
392,39627574967539289,0.7102297437287542,1,red,constant,6,0.9289501309394836,0.27843668063481647,0.8988474011421204,-0.03010272979736328,0.03010272979736328,0.03240510851418817,False,0.6302518248558044
392,39627574967539289,0.7102297437287542,1,red,powerlaw,6,0.9289501309394836,0.27843668063481647,0.8692017414872665,-0.059748389452217165,0.059748389452217165,0.064318188309841,False,0.6320740693348338
392,39627574967539289,0.7102297437287542,1,red,regularized,6,0.9289501309394836,0.27843668063481647,1.1434650631833747,0.21451493224389107,0.21451493224389107,0.23092190323170925,False,0.663948320811521
2007,39627841620414404,0.7984777618103563,1,blue,constant,6,2.0135204792022705,3.0394986470540366,3.8421623706817627,1.8286418914794922,1.8286418914794922,,False,5.745086669921875
2007,39627841620414404,0.7984777618103563,1,blue,powerlaw,6,2.0135204792022705,3.0394986470540366,6.039222174730177,4.025701695527906,4.025701695527906,,False,6.640323822597865
2007,39627841620414404,0.7984777618103563,1,blue,regularized,6,2.0135204792022705,3.0394986470540366,1.0916879801573514,-0.9218324990449192,0.9218324990449192,,False,5.523765091814391
2007,39627841620414404,0.7984777618103563,1,red,constant,6,-0.06075567007064819,0.45094160238901776,0.4203723967075348,0.481128066778183,0.481128066778183,,False,1.00619637966156
2007,39627841620414404,0.7984777618103563,1,red,powerlaw,6,-0.06075567007064819,0.45094160238901776,0.5842304693790983,0.6449861394497465,0.6449861394497465,,False,1.0860088695769112
2007,39627841620414404,0.7984777618103563,1,red,regularized,6,-0.06075567007064819,0.45094160238901776,1.4695715277511443,1.5303271978217925,1.5303271978217925,,False,1.767158313403099
2407,39627847656018731,0.8575860799832449,1,blue,constant,6,1.6769884824752808,0.4096735715866089,1.1413871049880981,-0.5356013774871826,0.5356013774871826,0.3193828598611604,False,1.030678629875183
2407,39627847656018731,0.8575860799832449,1,blue,powerlaw,6,1.6769884824752808,0.4096735715866089,1.0666014698422608,-0.61038701263302,0.61038701263302,0.3639780588904654,False,1.0811890152910244
2407,39627847656018731,0.8575860799832449,1,blue,regularized,6,1.6769884824752808,0.4096735715866089,1.1796594515205634,-0.49732903095471737,0.49732903095471737,0.2965607910560281,False,1.0113189386156356
2407,39627847656018731,0.8575860799832449,1,red,constant,6,0.7854695320129395,0.043312142292658486,0.7930875420570374,0.0076180100440979,0.0076180100440979,0.009698670328529566,False,0.1301620602607727
2407,39627847656018731,0.8575860799832449,1,red,powerlaw,6,0.7854695320129395,0.043312142292658486,0.8247331794170862,0.039263647404146784,0.039263647404146784,0.04998748621544238,False,0.133255441342572
2407,39627847656018731,0.8575860799832449,1,red,regularized,6,0.7854695320129395,0.043312142292658486,0.781782375094172,-0.0036871569187674202,0.0036871569187674202,0.004694207437070493,False,0.1299912256792626
7995,39627823496824786,0.7290467932538722,1,blue,constant,6,3.0116240978240967,1.2311646143595378,2.8305366039276123,-0.18108749389648438,0.18108749389648438,,False,2.5767557621002197
7995,39627823496824786,0.7290467932538722,1,blue,powerlaw,6,3.0116240978240967,1.2311646143595378,2.627688147010949,-0.38393595081314746,0.38393595081314746,,False,2.6098224325163977
7995,39627823496824786,0.7290467932538722,1,blue,regularized,6,3.0116240978240967,1.2311646143595378,3.050161365489147,0.03853726766505039,0.03853726766505039,,False,2.5904483986751417
7995,39627823496824786,0.7290467932538722,1,red,constant,6,0.5512215495109558,0.12494670351346333,0.6484008431434631,0.09717929363250732,0.09717929363250732,0.17629806693647024,False,0.4820343554019928
7995,39627823496824786,0.7290467932538722,1,red,powerlaw,6,0.5512215495109558,0.12494670351346333,0.7313172609509567,0.18009571144000092,0.18009571144000092,0.3267211007983668,False,0.5052771109974373
7995,39627823496824786,0.7290467932538722,1,red,regularized,6,0.5512215495109558,0.12494670351346333,0.6738046366506384,0.12258308713968258,0.12258308713968258,0.22238442464457056,False,0.4877908538401149
2918,39627817440253315,0.7848627059322232,1,blue,constant,6,2.436521053314209,1.7068710327148438,2.099574327468872,-0.3369467258453369,0.3369467258453369,,False,3.361055374145508
2918,39627817440253315,0.7848627059322232,1,blue,powerlaw,6,2.436521053314209,1.7068710327148438,2.3915288630590816,-0.04499219025512735,0.04499219025512735,,False,3.3516689428728497
2918,39627817440253315,0.7848627059322232,1,blue,regularized,6,2.436521053314209,1.7068710327148438,2.7323480686719948,0.29582701535778577,0.29582701535778577,,False,3.3655949729500363
2918,39627817440253315,0.7848627059322232,1,red,constant,6,0.3986953794956207,0.2649214466412862,0.7619743347167969,0.36327895522117615,0.36327895522117615,,False,0.6776608228683472
2918,39627817440253315,0.7848627059322232,1,red,powerlaw,6,0.3986953794956207,0.2649214466412862,0.6543553596983113,0.25565998020269054,0.25565998020269054,,False,0.6247535066735401
2918,39627817440253315,0.7848627059322232,1,red,regularized,6,0.3986953794956207,0.2649214466412862,0.7746763548988168,0.3759809754031961,0.3759809754031961,,False,0.6845541280103876
6967,39627835551254103,0.8302450401977396,1,blue,constant,6,0.8107754588127136,1.4021695454915364,1.764168620109558,0.9533931612968445,0.9533931612968445,,False,2.999689817428589
6967,39627835551254103,0.8302450401977396,1,blue,powerlaw,6,0.8107754588127136,1.4021695454915364,1.405057592464164,0.5942821336514503,0.5942821336514503,,False,2.9060272099466
6967,39627835551254103,0.8302450401977396,1,blue,regularized,6,0.8107754588127136,1.4021695454915364,1.5479943479729628,0.7372188891602491,0.7372188891602491,,False,2.9381408356145813
6967,39627835551254103,0.8302450401977396,1,red,constant,6,0.9725900292396545,0.20697778463363647,0.9124576449394226,-0.060132384300231934,0.060132384300231934,0.06182706226922957,False,0.3615509867668152
6967,39627835551254103,0.8302450401977396,1,red,powerlaw,6,0.9725900292396545,0.20697778463363647,0.7952645254620885,-0.17732550377756606,0.17732550377756606,0.18232297108391549,False,0.39855235957399654
6967,39627835551254103,0.8302450401977396,1,red,regularized,6,0.9725900292396545,0.20697778463363647,0.7654898887978842,-0.2071001404417704,0.2071001404417704,0.21293672998444768,False,0.4129997925194394
435,39627568986458454,0.841018216146867,1,blue,constant,6,2.3903324604034424,1.6774230003356934,2.713663339614868,0.3233308792114258,0.3233308792114258,,False,4.8522257804870605
435,39627568986458454,0.841018216146867,1,blue,powerlaw,6,2.3903324604034424,1.6774230003356934,3.067167381972613,0.6768349215691707,0.6768349215691707,,False,4.973329877278908
435,39627568986458454,0.841018216146867,1,blue,regularized,6,2.3903324604034424,1.6774230003356934,2.632060623791784,0.2417281633883417,0.2417281633883417,,False,4.887419025825661
435,39627568986458454,0.841018216146867,1,red,constant,6,1.0210988521575928,0.20989322662353516,0.8481674194335938,-0.17293143272399902,0.17293143272399902,0.16935816973899545,False,0.3262545168399811
435,39627568986458454,0.841018216146867,1,red,powerlaw,6,1.0210988521575928,0.20989322662353516,0.847089049319378,-0.17400980283821477,0.17400980283821477,0.17041425761132745,False,0.3267136743203543
435,39627568986458454,0.841018216146867,1,red,regularized,6,1.0210988521575928,0.20989322662353516,0.9205772381168158,-0.10052161404077697,0.10052161404077697,0.09844454709587983,False,0.2943489791257212
2645,39627811404648629,0.8581469834031085,1,blue,constant,6,1.7794456481933594,1.4316331545511882,0.7706272602081299,-1.0088183879852295,1.0088183879852295,,False,2.8424320220947266
2645,39627811404648629,0.8581469834031085,1,blue,powerlaw,6,1.7794456481933594,1.4316331545511882,2.3767061364957818,0.5972604883024224,0.5972604883024224,,False,2.723374782313365
2645,39627811404648629,0.8581469834031085,1,blue,regularized,6,1.7794456481933594,1.4316331545511882,2.058029455098169,0.27858380690480944,0.27858380690480944,,False,2.671949446615929
2645,39627811404648629,0.8581469834031085,1,red,constant,6,-0.07850650697946548,0.24727771679560342,0.486232191324234,0.5647386983036995,0.5647386983036995,,False,0.9017879366874695
2645,39627811404648629,0.8581469834031085,1,red,powerlaw,6,-0.07850650697946548,0.24727771679560342,0.6282012014776656,0.706707708457131,0.706707708457131,,False,0.9917644213522668
2645,39627811404648629,0.8581469834031085,1,red,regularized,6,-0.07850650697946548,0.24727771679560342,0.059693689491445566,0.13820019647091106,0.13820019647091106,,False,0.7165130674105503
11645,39627781721556429,0.6704920818162825,1,blue,constant,6,0.4671325385570526,1.0233739217122395,0.045830074697732925,-0.4213024638593197,0.4213024638593197,,False,1.2965563535690308
11645,39627781721556429,0.6704920818162825,1,blue,powerlaw,6,0.4671325385570526,1.0233739217122395,0.16703626227717014,-0.30009627627988245,0.30009627627988245,,False,1.2597095118110464
11645,39627781721556429,0.6704920818162825,1,blue,regularized,6,0.4671325385570526,1.0233739217122395,-0.6102165046351359,-1.0773490431921884,1.0773490431921884,,True,1.6096697388001
11645,39627781721556429,0.6704920818162825,1,red,constant,6,1.4804472923278809,0.10174956917762756,1.3265208005905151,-0.15392649173736572,0.15392649173736572,0.10397296312746741,False,0.3389456272125244
11645,39627781721556429,0.6704920818162825,1,red,powerlaw,6,1.4804472923278809,0.10174956917762756,1.3403055324219784,-0.1401417599059025,0.1401417599059025,0.09466176920459031,False,0.333088201358649
11645,39627781721556429,0.6704920818162825,1,red,regularized,6,1.4804472923278809,0.10174956917762756,1.3161675026554944,-0.16427978967238643,0.16427978967238643,0.11096632114073447,False,0.3437711770535637
1533,39627847660213350,0.8993677525012757,1,blue,constant,6,0.08953893929719925,0.47475457191467285,0.6032112240791321,0.5136722847819328,0.5136722847819328,,False,1.0006471872329712
1533,39627847660213350,0.8993677525012757,1,blue,powerlaw,6,0.08953893929719925,0.47475457191467285,0.6133785010303193,0.5238395617331201,0.5238395617331201,,False,1.0050369432027717
1533,39627847660213350,0.8993677525012757,1,blue,regularized,6,0.08953893929719925,0.47475457191467285,0.47653916188198203,0.3870002225847828,0.3870002225847828,,False,0.9376792555970975
1533,39627847660213350,0.8993677525012757,1,red,constant,6,1.0702546834945679,0.05783195296923319,1.0599838495254517,-0.010270833969116211,0.010270833969116211,0.009596626043793754,False,0.14763745665550232
1533,39627847660213350,0.8993677525012757,1,red,powerlaw,6,1.0702546834945679,0.05783195296923319,1.0373196896633703,-0.03293499383119758,0.03293499383119758,0.030773043406508712,False,0.15130282427198688
1533,39627847660213350,0.8993677525012757,1,red,regularized,6,1.0702546834945679,0.05783195296923319,1.1126294542588464,0.042374770764278535,0.042374770764278535,0.03959316545657855,False,0.15337291867559685
8648,39627847643431334,0.6666866089513617,1,blue,constant,6,0.8305196166038513,0.3897691567738851,0.3031386137008667,-0.5273810029029846,0.5273810029029846,,False,1.0895003080368042
8648,39627847643431334,0.6666866089513617,1,blue,powerlaw,6,0.8305196166038513,0.3897691567738851,0.21399287379315976,-0.6165267428106915,0.6165267428106915,,False,1.133416735263827
8648,39627847643431334,0.6666866089513617,1,blue,regularized,6,0.8305196166038513,0.3897691567738851,0.2729527469778126,-0.5575668696260387,0.5575668696260387,,False,1.1044279088612745
8648,39627847643431334,0.6666866089513617,1,red,constant,6,1.0882974863052368,0.03234022110700607,1.1511887311935425,0.06289124488830566,0.06289124488830566,0.057788652165154816,False,0.09798115491867065
8648,39627847643431334,0.6666866089513617,1,red,powerlaw,6,1.0882974863052368,0.03234022110700607,1.1437402055418227,0.055442719236585836,0.055442719236585836,0.05094445216887666,False,0.09328542650055999
8648,39627847643431334,0.6666866089513617,1,red,regularized,6,1.0882974863052368,0.03234022110700607,1.1395323317807546,0.05123484547551782,0.05123484547551782,0.04707797832875623,False,0.09093965351600636
6062,39627835538674065,0.8958419045159042,1,blue,constant,6,3.9488027095794678,2.354007879892985,3.059612274169922,-0.8891904354095459,0.8891904354095459,,False,5.728212833404541
6062,39627835538674065,0.8958419045159042,1,blue,powerlaw,6,3.9488027095794678,2.354007879892985,2.8835724665030362,-1.0652302430764315,1.0652302430764315,,False,5.7663567189662075
6062,39627835538674065,0.8958419045159042,1,blue,regularized,6,3.9488027095794678,2.354007879892985,2.340882424590358,-1.6079202849891097,1.6079202849891097,,False,5.88278602328257
6062,39627835538674065,0.8958419045159042,1,red,constant,6,0.13871809840202332,0.22684701283772787,0.8742309212684631,0.7355128228664398,0.7355128228664398,,False,0.8327289819717407
6062,39627835538674065,0.8958419045159042,1,red,powerlaw,6,0.13871809840202332,0.22684701283772787,0.6791431643323528,0.5404250659303295,0.5404250659303295,,False,0.664131639171546
6062,39627835538674065,0.8958419045159042,1,red,regularized,6,0.13871809840202332,0.22684701283772787,0.8991096219821985,0.7603915235801751,0.7603915235801751,,False,0.8547828796074843
7321,39627829536623748,0.8438940763373044,1,blue,constant,6,-0.08590424060821533,0.28637558221817017,-0.1435035616159439,-0.05759932100772858,0.05759932100772858,,True,0.3260798156261444
7321,39627829536623748,0.8438940763373044,1,blue,powerlaw,6,-0.08590424060821533,0.28637558221817017,0.002588321250718572,0.08849256185893391,0.08849256185893391,,False,0.3329005246154166
7321,39627829536623748,0.8438940763373044,1,blue,regularized,6,-0.08590424060821533,0.28637558221817017,-0.2526652344072434,-0.1667609937990281,0.1667609937990281,,True,0.3605464414972805
7321,39627829536623748,0.8438940763373044,1,red,constant,6,1.3552900552749634,0.05346911152203878,1.248685359954834,-0.1066046953201294,0.1066046953201294,0.07865821408871865,False,0.20840120315551758
7321,39627829536623748,0.8438940763373044,1,red,powerlaw,6,1.3552900552749634,0.05346911152203878,1.2021468630042047,-0.15314319227075868,0.15314319227075868,0.11299661771641108,False,0.23654569685387045
7321,39627829536623748,0.8438940763373044,1,red,regularized,6,1.3552900552749634,0.05346911152203878,1.2196089272311335,-0.13568112804382992,0.13568112804382992,0.10011224351255402,False,0.22466836900045145
5141,39627847651820700,0.879598439748917,1,blue,constant,6,-0.42628470063209534,0.3207484881083171,-0.10316640883684158,0.32311829179525375,0.32311829179525375,,True,0.6874483227729797
5141,39627847651820700,0.879598439748917,1,blue,powerlaw,6,-0.42628470063209534,0.3207484881083171,0.03179743868961051,0.45808213932170583,0.45808213932170583,,False,0.7590739463860371
5141,39627847651820700,0.879598439748917,1,blue,regularized,6,-0.42628470063209534,0.3207484881083171,-0.06575922413325386,0.3605254764988415,0.3605254764988415,,True,0.7058033677776839
5141,39627847651820700,0.879598439748917,1,red,constant,6,1.3559175729751587,0.08866676688194275,1.2153159379959106,-0.14060163497924805,0.14060163497924805,0.10369482465717993,False,0.34165364503860474
5141,39627847651820700,0.879598439748917,1,red,powerlaw,6,1.3559175729751587,0.08866676688194275,1.2103536615441823,-0.14556391143097636,0.14556391143097636,0.1073545430284376,False,0.34632287902602893
5141,39627847651820700,0.879598439748917,1,red,regularized,6,1.3559175729751587,0.08866676688194275,1.1775217807032272,-0.17839579227193147,0.17839579227193147,0.13156831641358174,False,0.35886411225546755
10301,39627847626656046,0.8745550320838793,1,blue,constant,6,-0.09722218662500381,0.31116050481796265,0.15218716859817505,0.24940935522317886,0.24940935522317886,,False,1.3292129039764404
10301,39627847626656046,0.8745550320838793,1,blue,powerlaw,6,-0.09722218662500381,0.31116050481796265,0.2587706781668356,0.3559928647918394,0.3559928647918394,,False,1.3682548074732521
10301,39627847626656046,0.8745550320838793,1,blue,regularized,6,-0.09722218662500381,0.31116050481796265,0.24581027660513954,0.34303246323014336,0.34303246323014336,,False,1.360406606063801
10301,39627847626656046,0.8745550320838793,1,red,constant,6,1.1816787719726562,0.05089423060417175,1.2581099271774292,0.07643115520477295,0.07643115520477295,0.06468014575330083,False,0.09293284267187119
10301,39627847626656046,0.8745550320838793,1,red,powerlaw,6,1.1816787719726562,0.05089423060417175,1.3173660143690196,0.13568724239636332,0.13568724239636332,0.11482582713223445,False,0.14565694716744085
10301,39627847626656046,0.8745550320838793,1,red,regularized,6,1.1816787719726562,0.05089423060417175,1.1916684462301956,0.009989674257539383,0.009989674257539383,0.008453798523318604,False,0.05380125118371693
9710,39627841595248014,0.6768254807472949,1,blue,constant,6,0.06568312644958496,0.5984053611755371,0.19636259973049164,0.13067947328090668,0.13067947328090668,,False,0.5758407711982727
9710,39627841595248014,0.6768254807472949,1,blue,powerlaw,6,0.06568312644958496,0.5984053611755371,0.00876406957490448,-0.05691905687468048,0.05691905687468048,,False,0.5631644541158952
9710,39627841595248014,0.6768254807472949,1,blue,regularized,6,0.06568312644958496,0.5984053611755371,0.4132253960521379,0.34754226960255297,0.34754226960255297,,False,0.6648053002099735
9710,39627841595248014,0.6768254807472949,1,red,constant,6,1.1759613752365112,0.08160142103830974,1.1722254753112793,-0.0037358999252319336,0.0037358999252319336,0.0031768899930752943,False,0.14314033091068268
9710,39627841595248014,0.6768254807472949,1,red,powerlaw,6,1.1759613752365112,0.08160142103830974,1.1097735495538934,-0.06618782568261783,0.06618782568261783,0.056284013298741234,False,0.15769093165814213
9710,39627841595248014,0.6768254807472949,1,red,regularized,6,1.1759613752365112,0.08160142103830974,1.1441584149581159,-0.031802960278395354,0.031802960278395354,0.027044221815532923,False,0.14658317524027004
6117,39627829498871870,0.7511977026488003,1,blue,constant,6,0.33292630314826965,0.28473536173502606,-0.12256529182195663,-0.4554915949702263,0.4554915949702263,,True,0.8882690668106079
6117,39627829498871870,0.7511977026488003,1,blue,powerlaw,6,0.33292630314826965,0.28473536173502606,2.3736615035410782e-09,-0.33292630077460816,0.33292630077460816,,False,0.8320992701202796
6117,39627829498871870,0.7511977026488003,1,blue,regularized,6,0.33292630314826965,0.28473536173502606,-0.154054318541876,-0.48698062169014567,0.48698062169014567,,True,0.9048200955153933
6117,39627829498871870,0.7511977026488003,1,red,constant,6,1.2604851722717285,0.02998136729001999,1.2291364669799805,-0.03134870529174805,0.03134870529174805,0.02487034832408966,False,0.06188015267252922
6117,39627829498871870,0.7511977026488003,1,red,powerlaw,6,1.2604851722717285,0.02998136729001999,1.2844036344735656,0.023918462201837132,0.023918462201837132,0.01897559981505353,False,0.05807323601399394
6117,39627829498871870,0.7511977026488003,1,red,regularized,6,1.2604851722717285,0.02998136729001999,1.4175223686038818,0.1570371963321533,0.1570371963321533,0.12458472323726794,False,0.17226453208336542
5880,39627829498876275,0.6176700419872422,1,blue,constant,7,0.24793003499507904,0.19961888449532644,0.08516250550746918,-0.16276752948760986,0.16276752948760986,,False,0.4427138864994049
5880,39627829498876275,0.6176700419872422,1,blue,powerlaw,7,0.24793003499507904,0.19961888449532644,0.19196259374835525,-0.05596744124672379,0.05596744124672379,,False,0.4128801777065235
5880,39627829498876275,0.6176700419872422,1,blue,regularized,7,0.24793003499507904,0.19961888449532644,0.10307968236969736,-0.14485035262538168,0.14485035262538168,,False,0.43644465871942023
5880,39627829498876275,0.6176700419872422,1,red,constant,7,1.226911187171936,0.0464077889919281,1.2161566019058228,-0.010754585266113281,0.010754585266113281,0.008765577638021946,False,0.06278261542320251
5880,39627829498876275,0.6176700419872422,1,red,powerlaw,7,1.226911187171936,0.0464077889919281,1.258250511685217,0.03133932451328092,0.03133932451328092,0.02554327064660558,False,0.06950927584635515
5880,39627829498876275,0.6176700419872422,1,red,regularized,7,1.226911187171936,0.0464077889919281,1.2331166970167449,0.006205509844808832,0.006205509844808832,0.005057831332610719,False,0.062165143050142924
11652,39627781721559241,0.8234961808297308,1,blue,constant,6,3.3213155269622803,0.9867096741994222,1.8421672582626343,-1.479148268699646,1.479148268699646,0.44535012006296637,False,2.3433921337127686
11652,39627781721559241,0.8234961808297308,1,blue,powerlaw,6,3.3213155269622803,0.9867096741994222,1.7439856888098741,-1.5773298381524061,1.5773298381524061,0.4749111685859769,False,2.4210011920547174
11652,39627781721559241,0.8234961808297308,1,blue,regularized,6,3.3213155269622803,0.9867096741994222,3.0703743346064143,-0.250941192355866,0.250941192355866,0.07555475844397722,False,1.8433180318345814
11652,39627781721559241,0.8234961808297308,1,red,constant,6,0.6633930802345276,0.14760936299959818,0.8887814879417419,0.22538840770721436,0.22538840770721436,0.33975091755182824,False,0.43123555183410645
11652,39627781721559241,0.8234961808297308,1,red,powerlaw,6,0.6633930802345276,0.14760936299959818,0.8235445217197404,0.16015144148521276,0.16015144148521276,0.2414125896950792,False,0.39936122651571926
11652,39627781721559241,0.8234961808297308,1,red,regularized,6,0.6633930802345276,0.14760936299959818,0.9859848233521071,0.32259174311757954,0.32259174311757954,0.48627541156072135,False,0.4934816195964688
6690,39627823471659299,0.7298313831034561,1,blue,constant,6,3.8012142181396484,0.9535287221272787,3.726836919784546,-0.07437729835510254,0.07437729835510254,0.019566721075641856,False,1.1378417015075684
6690,39627823471659299,0.7298313831034561,1,blue,powerlaw,6,3.8012142181396484,0.9535287221272787,4.212740003057694,0.41152578491804537,0.41152578491804537,0.10826166622081355,False,1.286934549522242
6690,39627823471659299,0.7298313831034561,1,blue,regularized,6,3.8012142181396484,0.9535287221272787,4.096683552702861,0.29546933456321245,0.29546933456321245,0.07773025081123106,False,1.173223732451542
6690,39627823471659299,0.7298313831034561,1,red,constant,6,0.8930756449699402,0.09904500842094421,0.9060381054878235,0.0129624605178833,0.0129624605178833,0.01451440378079015,False,0.2064547836780548
6690,39627823471659299,0.7298313831034561,1,red,powerlaw,6,0.8930756449699402,0.09904500842094421,0.869215197734729,-0.02386044723521119,0.02386044723521119,0.0267171626161794,False,0.20529273497220515
6690,39627823471659299,0.7298313831034561,1,red,regularized,6,0.8930756449699402,0.09904500842094421,0.9635976115485175,0.07052196657857734,0.07052196657857734,0.07896527799831674,False,0.21778180030704158
1365,39627847660210992,0.8760565601362776,1,blue,constant,6,4.646568775177002,1.4850362141927083,4.088483810424805,-0.5580849647521973,0.5580849647521973,0.12010689860733594,False,2.230020761489868
1365,39627847660210992,0.8760565601362776,1,blue,powerlaw,6,4.646568775177002,1.4850362141927083,4.449844196257904,-0.19672457891909811,0.19672457891909811,0.04233760188163884,False,2.118969149755162
1365,39627847660210992,0.8760565601362776,1,blue,regularized,6,4.646568775177002,1.4850362141927083,4.67336110912972,0.026792333952718295,0.026792333952718295,0.005766047001359125,False,2.105763513811218
1365,39627847660210992,0.8760565601362776,1,red,constant,6,0.43352997303009033,0.2520136833190918,0.39688703417778015,-0.03664293885231018,0.03664293885231018,,False,0.7361608147621155
1365,39627847660210992,0.8760565601362776,1,red,powerlaw,6,0.43352997303009033,0.2520136833190918,0.6441946465719662,0.2106646735418759,0.2106646735418759,,False,0.757356749343121
1365,39627847660210992,0.8760565601362776,1,red,regularized,6,0.43352997303009033,0.2520136833190918,-0.743945804482968,-1.1774757775130582,1.1774757775130582,,True,1.2929714187534358
12070,39627787765549590,0.7056575834229982,1,blue,constant,6,0.43459537625312805,3.227161725362142,0.08817971497774124,-0.3464156612753868,0.3464156612753868,,False,4.720821857452393
12070,39627787765549590,0.7056575834229982,1,blue,powerlaw,6,0.43459537625312805,3.227161725362142,1.0331007066247366,0.5985053303716086,0.5985053303716086,,False,4.744745799603469
12070,39627787765549590,0.7056575834229982,1,blue,regularized,6,0.43459537625312805,3.227161725362142,0.7660047162088887,0.3314093399557606,0.3314093399557606,,False,4.719741248788055
12070,39627787765549590,0.7056575834229982,1,red,constant,6,1.843441367149353,0.3611496686935425,0.8825952410697937,-0.9608461260795593,0.9608461260795593,0.5212241317798924,False,1.5738954544067383
12070,39627787765549590,0.7056575834229982,1,red,powerlaw,6,1.843441367149353,0.3611496686935425,0.5385566095934587,-1.3048847575558944,1.3048847575558944,0.70785259613314,False,1.8041434166417283
12070,39627787765549590,0.7056575834229982,1,red,regularized,6,1.843441367149353,0.3611496686935425,2.0723942863205576,0.22895291917120453,0.22895291917120453,0.12419864458463956,False,1.267415216598443
1303,39627847656018117,0.8199668765695958,1,blue,constant,6,5.45948600769043,1.8317658106486003,1.902858853340149,-3.5566271543502808,3.5566271543502808,,False,5.919320106506348
1303,39627847656018117,0.8199668765695958,1,blue,powerlaw,6,5.45948600769043,1.8317658106486003,0.9747553341694974,-4.484730673520932,4.484730673520932,,False,6.515388016715887
1303,39627847656018117,0.8199668765695958,1,blue,regularized,6,5.45948600769043,1.8317658106486003,3.159230273554496,-2.3002557341359338,2.3002557341359338,,False,5.261172080134849
1303,39627847656018117,0.8199668765695958,1,red,constant,6,0.893143355846405,0.25440003474553424,0.843121349811554,-0.050022006034851074,0.050022006034851074,0.056006693334741016,False,0.4833049774169922
1303,39627847656018117,0.8199668765695958,1,red,powerlaw,6,0.893143355846405,0.25440003474553424,0.5938145220201164,-0.2993288338262886,0.2993288338262886,0.3351408616174765,False,0.5683944986947408
1303,39627847656018117,0.8199668765695958,1,red,regularized,6,0.893143355846405,0.25440003474553424,0.7191712706096939,-0.17397208523671115,0.17397208523671115,0.19478629505320907,False,0.51122185378706
12926,39627787761354079,0.6923397802733819,1,blue,constant,6,-0.08463457226753235,0.2927256027857463,-0.026132924482226372,0.05850164778530598,0.05850164778530598,,True,0.4072515070438385
12926,39627787761354079,0.6923397802733819,1,blue,powerlaw,6,-0.08463457226753235,0.2927256027857463,1.2330444951470886e-12,0.08463457226876539,0.08463457226876539,,False,0.41181834877646023
12926,39627787761354079,0.6923397802733819,1,blue,regularized,6,-0.08463457226753235,0.2927256027857463,-0.01829745431717208,0.06633711795036026,0.06633711795036026,,True,0.40845067596056445
12926,39627787761354079,0.6923397802733819,1,red,constant,6,1.1837822198867798,0.0426705926656723,1.2086068391799927,0.02482461929321289,0.02482461929321289,0.020970596513594526,False,0.0465150848031044
12926,39627787761354079,0.6923397802733819,1,red,powerlaw,6,1.1837822198867798,0.0426705926656723,1.1895743819113211,0.0057921620245413585,0.0057921620245413585,0.004892928722223364,False,0.03976479836462072
12926,39627787761354079,0.6923397802733819,1,red,regularized,6,1.1837822198867798,0.0426705926656723,1.2416379795207515,0.057855759633971715,0.057855759633971715,0.04887365147240107,False,0.0699619808056681
12750,39627793801153076,0.6898674016142236,1,blue,constant,6,0.7121785283088684,7.784508387247722,-6.693127155303955,-7.4053056836128235,7.4053056836128235,,True,27.07464027404785
12750,39627793801153076,0.6898674016142236,1,blue,powerlaw,6,0.7121785283088684,7.784508387247722,2.6579855521681934,1.945807023859325,1.945807023859325,,False,26.151306424924243
12750,39627793801153076,0.6898674016142236,1,blue,regularized,6,0.7121785283088684,7.784508387247722,-20.64774959525695,-21.35992812356582,21.35992812356582,,True,34.84928094466199
12750,39627793801153076,0.6898674016142236,1,red,constant,6,-1.5313438177108765,0.9808590412139893,-0.39820215106010437,1.133141666650772,1.133141666650772,,True,2.6167314052581787
12750,39627793801153076,0.6898674016142236,1,red,powerlaw,6,-1.5313438177108765,0.9808590412139893,0.2718891131503281,1.8032329308612045,1.8032329308612045,,False,2.966137587085845
12750,39627793801153076,0.6898674016142236,1,red,regularized,6,-1.5313438177108765,0.9808590412139893,-0.3255731653522828,1.2057706523585936,1.2057706523585936,,True,2.6489914911187094
3053,39627811392061733,0.6712688338591942,1,blue,constant,6,0.34183502197265625,0.28556394577026367,0.3413151800632477,-0.0005198419094085693,0.0005198419094085693,,False,0.7026533484458923
3053,39627811392061733,0.6712688338591942,1,blue,powerlaw,6,0.34183502197265625,0.28556394577026367,0.31385871382234326,-0.02797630815031299,0.02797630815031299,,False,0.7039329328325398
3053,39627811392061733,0.6712688338591942,1,blue,regularized,6,0.34183502197265625,0.28556394577026367,0.30024815015256096,-0.041586871820095295,0.041586871820095295,,False,0.7038827747417314
3053,39627811392061733,0.6712688338591942,1,red,constant,6,1.1781004667282104,0.0408030574520429,1.153507113456726,-0.024593353271484375,0.024593353271484375,0.02087542952918471,False,0.15602537989616394
3053,39627811392061733,0.6712688338591942,1,red,powerlaw,6,1.1781004667282104,0.0408030574520429,1.146774763225039,-0.03132570350317154,0.03132570350317154,0.026590010264717457,False,0.15771081549614893
3053,39627811392061733,0.6712688338591942,1,red,regularized,6,1.1781004667282104,0.0408030574520429,1.1120094977136432,-0.06609096901456724,0.06609096901456724,0.05609960345581844,False,0.167651732785299
6273,39627823471657163,0.6762210513290233,1,blue,constant,6,-0.3429694175720215,0.4505644639333089,-0.20613716542720795,0.13683225214481354,0.13683225214481354,,True,0.5203059315681458
6273,39627823471657163,0.6762210513290233,1,blue,powerlaw,6,-0.3429694175720215,0.4505644639333089,0.01981649599620836,0.36278591356822987,0.36278591356822987,,False,0.6195273727622268
6273,39627823471657163,0.6762210513290233,1,blue,regularized,6,-0.3429694175720215,0.4505644639333089,-0.25355114813868357,0.08941826943333792,0.08941826943333792,,True,0.5094684904455835
6273,39627823471657163,0.6762210513290233,1,red,constant,6,1.1490695476531982,0.04077044874429703,1.2345613241195679,0.08549177646636963,0.08549177646636963,0.07440087211515937,False,0.12757430970668793
6273,39627823471657163,0.6762210513290233,1,red,powerlaw,6,1.1490695476531982,0.04077044874429703,1.2264150463546846,0.07734549870148633,0.07734549870148633,0.06731141631892767,False,0.1234560759443374
6273,39627823471657163,0.6762210513290233,1,red,regularized,6,1.1490695476531982,0.04077044874429703,1.2082448856517705,0.05917533799857222,0.05917533799857222,0.051498482506501846,False,0.11166053941791292
7936,39627823488434987,0.6816057635438638,1,blue,constant,6,3.151898145675659,0.955162763595581,1.8176108598709106,-1.3342872858047485,1.3342872858047485,0.4233281737340922,False,2.0044591426849365
7936,39627823488434987,0.6816057635438638,1,blue,powerlaw,6,3.151898145675659,0.955162763595581,2.6688854620615445,-0.48301268361411465,0.48301268361411465,0.15324501658684572,False,1.5423061660605104
7936,39627823488434987,0.6816057635438638,1,blue,regularized,6,3.151898145675659,0.955162763595581,2.3998567647242885,-0.7520413809513706,0.7520413809513706,0.2385995188274584,False,1.6742461425520176
7936,39627823488434987,0.6816057635438638,1,red,constant,6,0.5131437182426453,0.09199671943982442,0.7939708232879639,0.2808271050453186,0.2808271050453186,0.5472679389062045,False,0.3619050979614258
7936,39627823488434987,0.6816057635438638,1,red,powerlaw,6,0.5131437182426453,0.09199671943982442,0.7750891336277433,0.2619454153850981,0.2619454153850981,0.5104718348344557,False,0.34662335063326155
7936,39627823488434987,0.6816057635438638,1,red,regularized,6,0.5131437182426453,0.09199671943982442,0.7715326262712466,0.25838890802860137,0.25838890802860137,0.5035410136433153,False,0.3447843463162687
3362,39627811392062310,0.7859042597820358,1,blue,constant,6,0.46138450503349304,0.6937108834584554,0.8456323742866516,0.38424786925315857,0.38424786925315857,,False,2.7570714950561523
3362,39627811392062310,0.7859042597820358,1,blue,powerlaw,6,0.46138450503349304,0.6937108834584554,5.064697933430519,4.603313428397026,4.603313428397026,,False,6.235043367243986
3362,39627811392062310,0.7859042597820358,1,blue,regularized,6,0.46138450503349304,0.6937108834584554,1.6189923808531053,1.1576078758196122,1.1576078758196122,,False,2.9833313958197456
3362,39627811392062310,0.7859042597820358,1,red,constant,6,1.0017976760864258,0.05005837480227152,1.019851565361023,0.018053889274597168,0.018053889274597168,0.018021492468544762,False,0.09170462936162949
3362,39627811392062310,0.7859042597820358,1,red,powerlaw,6,1.0017976760864258,0.05005837480227152,0.9314888001850234,-0.07030887590140233,0.07030887590140233,0.07018271012173594,False,0.11039771144268073
3362,39627811392062310,0.7859042597820358,1,red,regularized,6,1.0017976760864258,0.05005837480227152,1.1406770109051354,0.13887933481870962,0.13887933481870962,0.1386301227621618,False,0.1730917010662345
505,39627568990652583,0.8043804624625088,1,blue,constant,6,0.10310781002044678,0.5301256974538168,0.4692971408367157,0.3661893308162689,0.3661893308162689,,False,1.5192298889160156
505,39627568990652583,0.8043804624625088,1,blue,powerlaw,6,0.10310781002044678,0.5301256974538168,0.1946657132190405,0.09155790319859372,0.09155790319859372,,False,1.4760122586342355
505,39627568990652583,0.8043804624625088,1,blue,regularized,6,0.10310781002044678,0.5301256974538168,0.6826122565482894,0.5795044465278426,0.5795044465278426,,False,1.5798523911101277
505,39627568990652583,0.8043804624625088,1,red,constant,6,1.3518308401107788,0.06706741452217102,1.3775378465652466,0.025707006454467773,0.025707006454467773,0.019016437332026806,False,0.24651765823364258
505,39627568990652583,0.8043804624625088,1,red,powerlaw,6,1.3518308401107788,0.06706741452217102,1.331078564494028,-0.02075227561675086,0.02075227561675086,0.015351237004661225,False,0.2471964647955149
505,39627568990652583,0.8043804624625088,1,red,regularized,6,1.3518308401107788,0.06706741452217102,1.4929823267503626,0.14115148663958377,0.14115148663958377,0.10441505138913446,False,0.28290257950338316
11312,39627853662261123,0.847789026514961,1,blue,constant,6,0.22064407169818878,0.8197751045227051,2.344362497329712,2.123718425631523,2.123718425631523,,False,3.0322844982147217
11312,39627853662261123,0.847789026514961,1,blue,powerlaw,6,0.22064407169818878,0.8197751045227051,2.1557783296652437,1.935134257967055,1.935134257967055,,False,2.909498836815344
11312,39627853662261123,0.847789026514961,1,blue,regularized,6,0.22064407169818878,0.8197751045227051,2.483509614711091,2.2628655430129023,2.2628655430129023,,False,3.1444542452246487
11312,39627853662261123,0.847789026514961,1,red,constant,6,0.7285633087158203,0.10510043303171794,0.7239965796470642,-0.0045667290687561035,0.0045667290687561035,0.006268129363809863,False,0.10300573706626892
11312,39627853662261123,0.847789026514961,1,red,powerlaw,6,0.7285633087158203,0.10510043303171794,0.7433189907849541,0.014755682069133802,0.014755682069133802,0.020253122676658603,False,0.1059790533001476
11312,39627853662261123,0.847789026514961,1,red,regularized,6,0.7285633087158203,0.10510043303171794,0.754258331022852,0.02569502230703169,0.02569502230703169,0.03526807073543441,False,0.10606394222594577
5982,39627841586856683,0.6792224771234546,1,blue,constant,6,0.396818608045578,0.3070533871650696,0.4010457694530487,0.004227161407470703,0.004227161407470703,,False,0.3134688138961792
5982,39627841586856683,0.6792224771234546,1,blue,powerlaw,6,0.396818608045578,0.3070533871650696,0.33654914800510194,-0.060269460040476064,0.060269460040476064,,False,0.31988032828051444
5982,39627841586856683,0.6792224771234546,1,blue,regularized,6,0.396818608045578,0.3070533871650696,0.3570677027613441,-0.03975090528423392,0.03975090528423392,,False,0.31595088414390915
5982,39627841586856683,0.6792224771234546,1,red,constant,6,1.0891191959381104,0.05301927030086517,1.1080622673034668,0.018943071365356445,0.018943071365356445,0.017393019456460754,False,0.149897962808609
5982,39627841586856683,0.6792224771234546,1,red,powerlaw,6,1.0891191959381104,0.05301927030086517,1.1068480956300317,0.017728899691921374,0.017728899691921374,0.016278199629610444,False,0.14967047131659628
5982,39627841586856683,0.6792224771234546,1,red,regularized,6,1.0891191959381104,0.05301927030086517,1.1170513360263963,0.02793214008828593,0.02793214008828593,0.025646540977754637,False,0.1512969425306239
3720,39627811396257290,0.6286389886772166,1,blue,constant,7,0.1239599660038948,0.17251171384538924,0.04770117253065109,-0.07625879347324371,0.07625879347324371,,False,0.4094298183917999
3720,39627811396257290,0.6286389886772166,1,blue,powerlaw,7,0.1239599660038948,0.17251171384538924,0.0741045892819885,-0.049855376721906305,0.049855376721906305,,False,0.40582884858506524
3720,39627811396257290,0.6286389886772166,1,blue,regularized,7,0.1239599660038948,0.17251171384538924,0.08723060808915525,-0.03672935791473955,0.03672935791473955,,False,0.4039385898270945
3720,39627811396257290,0.6286389886772166,1,red,constant,7,1.3046493530273438,0.024480875049318587,1.1886531114578247,-0.11599624156951904,0.11599624156951904,0.08890989851055245,False,0.13822270929813385
3720,39627811396257290,0.6286389886772166,1,red,powerlaw,7,1.3046493530273438,0.024480875049318587,1.2378594025042553,-0.06678995052308845,0.06678995052308845,0.05119379423145939,False,0.10011823232636755
3720,39627811396257290,0.6286389886772166,1,red,regularized,7,1.3046493530273438,0.024480875049318587,1.326804883877042,0.022155530849698346,0.022155530849698346,0.01698198124905213,False,0.0783663797348111
1408,39627841628803655,0.6036013006603506,1,blue,constant,7,-0.01012637373059988,0.1748781715120588,-0.08282376080751419,-0.07269738707691431,0.07269738707691431,,True,0.5048819184303284
1408,39627841628803655,0.6036013006603506,1,blue,powerlaw,7,-0.01012637373059988,0.1748781715120588,0.07203784115624282,0.0821642148868427,0.0821642148868427,,False,0.5076422959039888
1408,39627841628803655,0.6036013006603506,1,blue,regularized,7,-0.01012637373059988,0.1748781715120588,-0.3169178287927811,-0.3067914550621812,0.3067914550621812,,True,0.6048048511046952
1408,39627841628803655,0.6036013006603506,1,red,constant,7,1.2082233428955078,0.028099175010408674,1.1838563680648804,-0.02436697483062744,0.02436697483062744,0.02016760806179425,False,0.07583297044038773
1408,39627841628803655,0.6036013006603506,1,red,powerlaw,7,1.2082233428955078,0.028099175010408674,1.2128531591418354,0.004629816246327634,0.004629816246327634,0.003831920872536924,False,0.07227209804385447
1408,39627841628803655,0.6036013006603506,1,red,regularized,7,1.2082233428955078,0.028099175010408674,1.1914295767179894,-0.016793766177518377,0.016793766177518377,0.013899554479118163,False,0.07374903948359243
2383,39627835584807017,0.7397877804687701,1,blue,constant,6,3.7944624423980713,1.5232772827148438,2.689427375793457,-1.1050350666046143,1.1050350666046143,,False,3.460204839706421
2383,39627835584807017,0.7397877804687701,1,blue,powerlaw,6,3.7944624423980713,1.5232772827148438,2.9167525489964734,-0.8777098934015979,0.8777098934015979,,False,3.409762468259542
2383,39627835584807017,0.7397877804687701,1,blue,regularized,6,3.7944624423980713,1.5232772827148438,2.688650532535308,-1.1058119098627635,1.1058119098627635,,False,3.4639243382927334
2383,39627835584807017,0.7397877804687701,1,red,constant,6,0.5898483395576477,0.16904648145039877,0.6655567288398743,0.07570838928222656,0.07570838928222656,0.12835229703113768,False,0.420232355594635
2383,39627835584807017,0.7397877804687701,1,red,powerlaw,6,0.5898483395576477,0.16904648145039877,0.8174757375605289,0.22762739800288123,0.22762739800288123,0.38590834751453007,False,0.47279713849193655
2383,39627835584807017,0.7397877804687701,1,red,regularized,6,0.5898483395576477,0.16904648145039877,0.7980052453508293,0.20815690579318158,0.20815690579318158,0.35289902816253965,False,0.4628096251807184
7117,39627841607832463,0.8672293530720755,1,blue,constant,6,2.329904317855835,1.4769242604573567,2.1832191944122314,-0.14668512344360352,0.14668512344360352,,False,1.1387819051742554
7117,39627841607832463,0.8672293530720755,1,blue,powerlaw,6,2.329904317855835,1.4769242604573567,1.4467071849750461,-0.8831971328807888,0.8831971328807888,,False,1.4292798514877505
7117,39627841607832463,0.8672293530720755,1,blue,regularized,6,2.329904317855835,1.4769242604573567,3.4828295520117316,1.1529252341558966,1.1529252341558966,,False,1.6227334605573878
7117,39627841607832463,0.8672293530720755,1,red,constant,6,0.6680681109428406,0.21622014045715332,0.681720495223999,0.013652384281158447,0.013652384281158447,0.020435617353282913,False,0.5355373620986938
7117,39627841607832463,0.8672293530720755,1,red,powerlaw,6,0.6680681109428406,0.21622014045715332,0.7980331472577075,0.1299650363148669,0.1299650363148669,0.19453860195698908,False,0.5459812905229259
7117,39627841607832463,0.8672293530720755,1,red,regularized,6,0.6680681109428406,0.21622014045715332,0.5033062436758534,-0.16476186726698716,0.16476186726698716,0.24662435546348666,False,0.5601431402858928
7309,39627829536620564,0.8271397056548224,1,blue,constant,6,1.9213690757751465,1.304896593093872,1.5770336389541626,-0.3443354368209839,0.3443354368209839,,False,2.3908936977386475
7309,39627829536620564,0.8271397056548224,1,blue,powerlaw,6,1.9213690757751465,1.304896593093872,2.4852449609532523,0.5638758851781058,0.5638758851781058,,False,2.4160020540239264
7309,39627829536620564,0.8271397056548224,1,blue,regularized,6,1.9213690757751465,1.304896593093872,2.206953184373701,0.28558410859855465,0.28558410859855465,,False,2.3831415668261333
7309,39627829536620564,0.8271397056548224,1,red,constant,6,0.42559289932250977,0.26422955592473346,0.7956494688987732,0.3700565695762634,0.3700565695762634,,False,0.7896687388420105
7309,39627829536620564,0.8271397056548224,1,red,powerlaw,6,0.42559289932250977,0.26422955592473346,0.7361774688380339,0.31058456951552416,0.31058456951552416,,False,0.7647569239415319
7309,39627829536620564,0.8271397056548224,1,red,regularized,6,0.42559289932250977,0.26422955592473346,0.4571162354883827,0.03152333616587294,0.03152333616587294,,False,0.6983040781366969
6661,39627835551252971,0.8649042036900639,1,blue,constant,6,1.6634520292282104,1.4230197270711262,4.345012187957764,2.6815601587295532,2.6815601587295532,,False,6.429659843444824
6661,39627835551252971,0.8649042036900639,1,blue,powerlaw,6,1.6634520292282104,1.4230197270711262,5.887524752240456,4.224072723012245,4.224072723012245,,False,7.264093008256144
6661,39627835551252971,0.8649042036900639,1,blue,regularized,6,1.6634520292282104,1.4230197270711262,4.428266301519584,2.7648142722913738,2.7648142722913738,,False,6.464824751062399
6661,39627835551252971,0.8649042036900639,1,red,constant,6,0.9974991679191589,0.12588655948638916,0.762837827205658,-0.23466134071350098,0.23466134071350098,0.23524966061176586,False,0.34004101157188416
6661,39627835551252971,0.8649042036900639,1,red,powerlaw,6,0.9974991679191589,0.12588655948638916,0.805746697894528,-0.19175247002463092,0.19175247002463092,0.19223321301073132,False,0.31385552502684444
6661,39627835551252971,0.8649042036900639,1,red,regularized,6,0.9974991679191589,0.12588655948638916,0.7039187795364562,-0.29358038838270273,0.29358038838270273,0.29431642433860716,False,0.38637349424186684
5387,39627835542864766,0.7457406260368086,1,blue,constant,6,-1.9184061288833618,0.8906755447387695,0.600014865398407,2.518420994281769,2.518420994281769,,False,4.042365074157715
5387,39627835542864766,0.7457406260368086,1,blue,powerlaw,6,-1.9184061288833618,0.8906755447387695,0.40424210274043165,2.3226482316237935,2.3226482316237935,,False,3.929422050038469
5387,39627835542864766,0.7457406260368086,1,blue,regularized,6,-1.9184061288833618,0.8906755447387695,0.49546564051727066,2.4138717694006324,2.4138717694006324,,False,3.978070969051426
5387,39627835542864766,0.7457406260368086,1,red,constant,6,1.1788774728775024,0.0871629814306895,1.2491141557693481,0.0702366828918457,0.0702366828918457,0.05957929005158284,False,0.14353376626968384
5387,39627835542864766,0.7457406260368086,1,red,powerlaw,6,1.1788774728775024,0.0871629814306895,1.2265571788357545,0.047679705958252105,0.047679705958252105,0.04044500557116551,False,0.13317672089285226
5387,39627835542864766,0.7457406260368086,1,red,regularized,6,1.1788774728775024,0.0871629814306895,1.2576783867336887,0.07880091385618626,0.07880091385618626,0.06684402380159357,False,0.14791320452620568
5138,39627847647631192,0.8891692601841168,1,blue,constant,6,-0.11122045665979385,0.31613006194432575,0.17061962187290192,0.28184007853269577,0.28184007853269577,,False,0.49032312631607056
5138,39627847647631192,0.8891692601841168,1,blue,powerlaw,6,-0.11122045665979385,0.31613006194432575,0.09507466107878254,0.2062951177385764,0.2062951177385764,,False,0.4488514406029857
5138,39627847647631192,0.8891692601841168,1,blue,regularized,6,-0.11122045665979385,0.31613006194432575,0.15121597337398027,0.26243643003377415,0.26243643003377415,,False,0.4794328056637998
5138,39627847647631192,0.8891692601841168,1,red,constant,6,1.1593056917190552,0.0698027362426122,1.0997802019119263,-0.059525489807128906,0.059525489807128906,0.05134581002432812,False,0.10323279350996017
5138,39627847647631192,0.8891692601841168,1,red,powerlaw,6,1.1593056917190552,0.0698027362426122,1.0968306151068552,-0.062475076612199976,0.062475076612199976,0.053890080121628624,False,0.10606187912507292
5138,39627847647631192,0.8891692601841168,1,red,regularized,6,1.1593056917190552,0.0698027362426122,1.1142199037329563,-0.04508578798609886,0.04508578798609886,0.03889033609353218,False,0.09563717490277326
12378,39627787761356923,0.612765756045482,1,blue,constant,7,0.6813160181045532,0.5221238136291504,0.055768661201000214,-0.625547356903553,0.625547356903553,,False,1.616320252418518
12378,39627787761356923,0.612765756045482,1,blue,powerlaw,7,0.6813160181045532,0.5221238136291504,0.25666973002664667,-0.42464628807790655,0.42464628807790655,,False,1.5502841094267887
12378,39627787761356923,0.612765756045482,1,blue,regularized,7,0.6813160181045532,0.5221238136291504,0.12797165659142598,-0.5533443615131273,0.5533443615131273,,False,1.589770908914131
12378,39627787761356923,0.612765756045482,1,red,constant,7,1.1204845905303955,0.07354297808238439,1.2513633966445923,0.13087880611419678,0.13087880611419678,0.11680553862168122,False,0.33085212111473083
12378,39627787761356923,0.612765756045482,1,red,powerlaw,7,1.1204845905303955,0.07354297808238439,1.3187750022769615,0.19829041174656603,0.19829041174656603,0.17696844153180435,False,0.36485440102944616
12378,39627787761356923,0.612765756045482,1,red,regularized,7,1.1204845905303955,0.07354297808238439,1.2636130712553897,0.14312848072499418,0.14312848072499418,0.12773801793850864,False,0.3358863137271206
10688,39627853670646219,0.840763498437685,1,blue,constant,6,2.0775859355926514,1.716051419576009,1.6902202367782593,-0.3873656988143921,0.3873656988143921,,False,3.233001232147217
10688,39627853670646219,0.840763498437685,1,blue,powerlaw,6,2.0775859355926514,1.716051419576009,2.1020047010742187,0.024418765481567295,0.024418765481567295,,False,3.20782873086809
10688,39627853670646219,0.840763498437685,1,blue,regularized,6,2.0775859355926514,1.716051419576009,2.2129011198665784,0.13531518427392708,0.13531518427392708,,False,3.211865802170313
10688,39627853670646219,0.840763498437685,1,red,constant,6,1.4475412368774414,0.27289750178654987,1.1834174394607544,-0.264123797416687,0.264123797416687,0.1824637465848232,False,0.7049075365066528
10688,39627853670646219,0.840763498437685,1,red,powerlaw,6,1.4475412368774414,0.27289750178654987,1.230371564827145,-0.21716967205029647,0.21716967205029647,0.15002658751108416,False,0.6872088501136085
10688,39627853670646219,0.840763498437685,1,red,regularized,6,1.4475412368774414,0.27289750178654987,1.0822611184419955,-0.36528011843544594,0.36528011843544594,0.2523452245294294,False,0.7487074505664678
3552,39627817431864410,0.6292414473488471,1,blue,constant,7,0.31483227014541626,0.16646575927734375,0.0445307120680809,-0.27030155807733536,0.27030155807733536,,False,0.4832354187965393
3552,39627817431864410,0.6292414473488471,1,blue,powerlaw,7,0.31483227014541626,0.16646575927734375,0.0878618217279314,-0.22697044841748487,0.22697044841748487,,False,0.4601221173694978
3552,39627817431864410,0.6292414473488471,1,blue,regularized,7,0.31483227014541626,0.16646575927734375,0.518514306433993,0.20368203628857673,0.20368203628857673,,False,0.4493772402015139
3552,39627817431864410,0.6292414473488471,1,red,constant,7,1.1180819272994995,0.016852814171995436,1.1086097955703735,-0.009472131729125977,0.009472131729125977,0.008471768926633125,False,0.030671654269099236
3552,39627817431864410,0.6292414473488471,1,red,powerlaw,7,1.1180819272994995,0.016852814171995436,1.1176960203026418,-0.0003859069968576989,0.0003859069968576989,0.00034515091196383,False,0.02932518489274452
3552,39627817431864410,0.6292414473488471,1,red,regularized,7,1.1180819272994995,0.016852814171995436,1.1194329031583476,0.0013509758588481358,0.0013509758588481358,0.0012082977337010933,False,0.029203636420235095
11055,39627853666455233,0.8751707149373432,1,blue,constant,6,4.600226879119873,1.1314771970113118,2.147433280944824,-2.452793598175049,2.452793598175049,0.5331897018619054,False,3.7149572372436523
11055,39627853666455233,0.8751707149373432,1,blue,powerlaw,6,4.600226879119873,1.1314771970113118,2.6290061186531677,-1.9712207604667054,1.9712207604667054,0.4285051177397242,False,3.438442129615056
11055,39627853666455233,0.8751707149373432,1,blue,regularized,6,4.600226879119873,1.1314771970113118,2.6920583794576083,-1.9081684996622648,1.9081684996622648,0.41479878053913294,False,3.3897745976366456
11055,39627853666455233,0.8751707149373432,1,red,constant,6,0.7963064312934875,0.09237271547317505,0.7620120644569397,-0.03429436683654785,0.03429436683654785,0.04306679625937654,False,0.1505710780620575
11055,39627853666455233,0.8751707149373432,1,red,powerlaw,6,0.7963064312934875,0.09237271547317505,0.7429739202870212,-0.0533325110064663,0.0533325110064663,0.06697485906252842,False,0.16149958152837854
11055,39627853666455233,0.8751707149373432,1,red,regularized,6,0.7963064312934875,0.09237271547317505,0.964398738415832,0.16809230712234446,0.16809230712234446,0.21108997807452365,False,0.21171314455847376
39,39627563030545148,1.187620920148387,2,blue,constant,5,8.082475662231445,3.5659969329833983,2.3534510135650635,-5.729024648666382,5.729024648666382,,False,10.484588623046875
39,39627563030545148,1.187620920148387,2,blue,powerlaw,5,8.082475662231445,3.5659969329833983,2.5444466636058696,-5.538028998625576,5.538028998625576,,False,10.346780535667014
39,39627563030545148,1.187620920148387,2,blue,regularized,5,8.082475662231445,3.5659969329833983,3.0922228343452365,-4.990252827886209,4.990252827886209,,False,10.088660057187983
39,39627563030545148,1.187620920148387,2,red,constant,5,1.1947245597839355,0.29268631935119627,0.7951111197471619,-0.3996134400367737,0.3996134400367737,0.33448164831318383,False,0.9655404090881348
39,39627563030545148,1.187620920148387,2,red,powerlaw,5,1.1947245597839355,0.29268631935119627,1.051887384242106,-0.14283717554182962,0.14283717554182962,0.11955657425144214,False,0.8900390122115429
39,39627563030545148,1.187620920148387,2,red,regularized,5,1.1947245597839355,0.29268631935119627,0.5572623854439273,-0.6374621743400083,0.6374621743400083,0.5335641333558026,False,1.0883954217101368
1782,39627847664402774,1.015670825924322,2,blue,constant,5,3.9153735637664795,1.3070507049560547,2.9630889892578125,-0.952284574508667,0.952284574508667,,False,2.8236753940582275
1782,39627847664402774,1.015670825924322,2,blue,powerlaw,5,3.9153735637664795,1.3070507049560547,2.6404128704831793,-1.2749606932833002,1.2749606932833002,,False,2.9490102365723097
1782,39627847664402774,1.015670825924322,2,blue,regularized,5,3.9153735637664795,1.3070507049560547,2.64111415411861,-1.2742594096478697,1.2742594096478697,,False,2.94788624650171
1782,39627847664402774,1.015670825924322,2,red,constant,5,1.826257348060608,0.13721535205841065,0.7718721628189087,-1.0543851852416992,1.0543851852416992,0.5773475388676205,False,1.7526540756225586
1782,39627847664402774,1.015670825924322,2,red,powerlaw,5,1.826257348060608,0.13721535205841065,0.660801897411949,-1.165455450648659,1.165455450648659,0.6381660568738098,False,1.825083719602434
1782,39627847664402774,1.015670825924322,2,red,regularized,5,1.826257348060608,0.13721535205841065,1.0056425339653976,-0.8206148140952103,0.8206148140952103,0.4493423749761562,False,1.6227989960622968
6656,39627835551254721,0.9518519753672792,2,blue,constant,6,0.47869762778282166,0.3503121534983317,0.6108493208885193,0.13215169310569763,0.13215169310569763,,False,1.1942874193191528
6656,39627835551254721,0.9518519753672792,2,blue,powerlaw,6,0.47869762778282166,0.3503121534983317,0.8607949771517814,0.3820973493689598,0.3820973493689598,,False,1.251907793475823
6656,39627835551254721,0.9518519753672792,2,blue,regularized,6,0.47869762778282166,0.3503121534983317,0.6794764915443113,0.20077886376148968,0.20077886376148968,,False,1.2038149643741125
6656,39627835551254721,0.9518519753672792,2,red,constant,6,1.2442572116851807,0.03669565667708715,1.2160612344741821,-0.028195977210998535,0.028195977210998535,0.022660891129423988,False,0.0798138678073883
6656,39627835551254721,0.9518519753672792,2,red,powerlaw,6,1.2442572116851807,0.03669565667708715,1.2587678334510186,0.01451062176583795,0.01451062176583795,0.011662075678215476,False,0.0743030260928241
6656,39627835551254721,0.9518519753672792,2,red,regularized,6,1.2442572116851807,0.03669565667708715,1.2799984972023017,0.03574128551712108,0.03574128551712108,0.028724997678505934,False,0.0827809021847687
2335,39627835584807031,1.137429445148225,2,blue,constant,5,5.671353816986084,2.4149173736572265,4.85471248626709,-0.8166413307189941,0.8166413307189941,,False,6.817749977111816
2335,39627835584807031,1.137429445148225,2,blue,powerlaw,5,5.671353816986084,2.4149173736572265,4.508345253486874,-1.1630085634992096,1.1630085634992096,,False,6.835057818523508
2335,39627835584807031,1.137429445148225,2,blue,regularized,5,5.671353816986084,2.4149173736572265,4.394278778500769,-1.2770750384853153,1.2770750384853153,,False,6.87321108175803
2335,39627835584807031,1.137429445148225,2,red,constant,5,0.3163052201271057,0.33826844692230223,1.073148250579834,0.7568430304527283,0.7568430304527283,,False,0.844559907913208
2335,39627835584807031,1.137429445148225,2,red,powerlaw,5,0.3163052201271057,0.33826844692230223,1.1026768013860768,0.7863715812589711,0.7863715812589711,,False,0.8689586869086611
2335,39627835584807031,1.137429445148225,2,red,regularized,5,0.3163052201271057,0.33826844692230223,1.0753897273184074,0.7590845071913017,0.7590845071913017,,False,0.846569181530425
6219,39627841582666273,0.97621719096545,2,blue,constant,6,4.261650562286377,2.1474417050679526,2.631955862045288,-1.6296947002410889,1.6296947002410889,,False,4.7156524658203125
6219,39627841582666273,0.97621719096545,2,blue,powerlaw,6,4.261650562286377,2.1474417050679526,3.698652495428313,-0.5629980668580639,0.5629980668580639,,False,4.333512159960398
6219,39627841582666273,0.97621719096545,2,blue,regularized,6,4.261650562286377,2.1474417050679526,2.862866895036079,-1.398783667250298,1.398783667250298,,False,4.663615942040767
6219,39627841582666273,0.97621719096545,2,red,constant,6,2.155377149581909,0.24334579706192017,1.4961074590682983,-0.6592696905136108,0.6592696905136108,0.3058720793442081,False,1.1271309852600098
6219,39627841582666273,0.97621719096545,2,red,powerlaw,6,2.155377149581909,0.24334579706192017,1.0296938884835438,-1.1256832610983654,1.1256832610983654,0.5222674190995857,False,1.4493937197395113
6219,39627841582666273,0.97621719096545,2,red,regularized,6,2.155377149581909,0.24334579706192017,1.282917176278649,-0.8724599733032601,0.8724599733032601,0.40478297428016075,False,1.261798535086717
1106,39627835580615684,1.0876133908280212,2,blue,constant,5,0.396093487739563,0.3290014505386353,0.45897430181503296,0.06288081407546997,0.06288081407546997,,False,0.6147805452346802
1106,39627835580615684,1.0876133908280212,2,blue,powerlaw,5,0.396093487739563,0.3290014505386353,0.6260945846166637,0.23000109687710069,0.23000109687710069,,False,0.6668634171153555
1106,39627835580615684,1.0876133908280212,2,blue,regularized,5,0.396093487739563,0.3290014505386353,0.5167312669957713,0.12063777925620833,0.12063777925620833,,False,0.62334144842357
1106,39627835580615684,1.0876133908280212,2,red,constant,5,1.395668387413025,0.0667816460132599,1.2875497341156006,-0.10811865329742432,0.10811865329742432,0.07746729400228823,False,0.1513853669166565
1106,39627835580615684,1.0876133908280212,2,red,powerlaw,5,1.395668387413025,0.0667816460132599,1.3010099457620368,-0.09465844165098813,0.09465844165098813,0.06782301763418501,False,0.14375288080664336
1106,39627835580615684,1.0876133908280212,2,red,regularized,5,1.395668387413025,0.0667816460132599,1.2922375108289872,-0.10343087658403771,0.10343087658403771,0.07410848989404606,False,0.14851374607801063
5282,39627853683230660,1.0283830604137831,2,blue,constant,5,2.074094295501709,1.2328700065612792,2.7796013355255127,0.7055070400238037,0.7055070400238037,,False,1.5059093236923218
5282,39627853683230660,1.0283830604137831,2,blue,powerlaw,5,2.074094295501709,1.2328700065612792,3.4113996545019085,1.3373053590001995,1.3373053590001995,,False,1.8947431932513055
5282,39627853683230660,1.0283830604137831,2,blue,regularized,5,2.074094295501709,1.2328700065612792,3.1951827069689656,1.1210884114672566,1.1210884114672566,,False,1.7404999190318253
5282,39627853683230660,1.0283830604137831,2,red,constant,5,0.8740027546882629,0.13157249689102174,1.0259795188903809,0.15197676420211792,0.15197676420211792,0.17388590984055263,False,0.24789969623088837
5282,39627853683230660,1.0283830604137831,2,red,powerlaw,5,0.8740027546882629,0.13157249689102174,1.05709276717507,0.18309001248680712,0.18309001248680712,0.20948447988829416,False,0.2668612131999769
5282,39627853683230660,1.0283830604137831,2,red,regularized,5,0.8740027546882629,0.13157249689102174,1.0544234046007528,0.18042064991248985,0.18042064991248985,0.20643029892605066,False,0.26628731786651694
12454,39627787752967519,0.930494552879961,2,blue,constant,6,4.232621669769287,0.5498591264088949,2.7162744998931885,-1.5163471698760986,1.5163471698760986,0.35825247049749953,False,1.639314889907837
12454,39627787752967519,0.930494552879961,2,blue,powerlaw,6,4.232621669769287,0.5498591264088949,3.1104334376736524,-1.1221882320956347,1.1221882320956347,0.26512840495777246,False,1.2923708997247048
12454,39627787752967519,0.930494552879961,2,blue,regularized,6,4.232621669769287,0.5498591264088949,2.979162218455022,-1.253459451314265,1.253459451314265,0.29614256815506707,False,1.4054920620804225
12454,39627787752967519,0.930494552879961,2,red,constant,6,0.7383248209953308,0.07657414674758911,0.8681216835975647,0.1297968626022339,0.1297968626022339,0.1757991319149417,False,0.1957036554813385
12454,39627787752967519,0.930494552879961,2,red,powerlaw,6,0.7383248209953308,0.07657414674758911,0.8728215685746692,0.13449674757933838,0.13449674757933838,0.18216473800518343,False,0.19816695287959446
12454,39627787752967519,0.930494552879961,2,red,regularized,6,0.7383248209953308,0.07657414674758911,1.0305106462903177,0.29218582529498693,0.29218582529498693,0.39574157198330834,False,0.32684134290730193
7492,39627829532426536,1.1211715576197272,2,blue,constant,5,4.6801910400390625,1.5547906875610351,4.5737104415893555,-0.10648059844970703,0.10648059844970703,0.0227513359046169,False,1.9627957344055176
7492,39627829532426536,1.1211715576197272,2,blue,powerlaw,5,4.6801910400390625,1.5547906875610351,4.790365249594335,0.11017420955527246,0.11017420955527246,0.023540536831238603,False,1.9690613337747647
7492,39627829532426536,1.1211715576197272,2,blue,regularized,5,4.6801910400390625,1.5547906875610351,4.53522746310722,-0.14496357693184247,0.14496357693184247,0.030973858906971574,False,1.9652590968847454
7492,39627829532426536,1.1211715576197272,2,red,constant,5,0.966446578502655,0.2089776039123535,1.0012913942337036,0.034844815731048584,0.034844815731048584,0.036054569912218754,False,0.0909055843949318
7492,39627829532426536,1.1211715576197272,2,red,powerlaw,5,0.966446578502655,0.2089776039123535,0.8685893990404882,-0.09785717946216688,0.09785717946216688,0.10125461835022477,False,0.12693333603921964
7492,39627829532426536,1.1211715576197272,2,red,regularized,5,0.966446578502655,0.2089776039123535,0.9432987243523158,-0.023147854150339264,0.023147854150339264,0.02395150923520567,False,0.08709475863550359
3049,39627805356462519,1.168746704717308,2,blue,constant,5,0.2962426543235779,1.8229335784912108,2.0125935077667236,1.7163508534431458,1.7163508534431458,,False,3.153125286102295
3049,39627805356462519,1.168746704717308,2,blue,powerlaw,5,0.2962426543235779,1.8229335784912108,2.2151642116071186,1.9189215572835407,1.9189215572835407,,False,3.267652031491776
3049,39627805356462519,1.168746704717308,2,blue,regularized,5,0.2962426543235779,1.8229335784912108,2.5003769763289916,2.2041343220054137,2.2041343220054137,,False,3.4357641479478387
3049,39627805356462519,1.168746704717308,2,red,constant,5,0.7581084966659546,0.18390944004058837,0.8619878888130188,0.10387939214706421,0.10387939214706421,0.1370244399105272,False,0.31641945242881775
3049,39627805356462519,1.168746704717308,2,red,powerlaw,5,0.7581084966659546,0.18390944004058837,0.8394098126197422,0.08130131595378765,0.08130131595378765,0.10724232258487858,False,0.3079558437500323
3049,39627805356462519,1.168746704717308,2,red,regularized,5,0.7581084966659546,0.18390944004058837,0.7839779955126993,0.02586949884674472,0.02586949884674472,0.034123742129938954,False,0.2999993163839177
1086,39627835584808392,0.9465040133277376,2,blue,constant,6,-0.178288534283638,0.37405117352803546,0.05910662189126015,0.23739515617489815,0.23739515617489815,,False,0.6639730334281921
1086,39627835584808392,0.9465040133277376,2,blue,powerlaw,6,-0.178288534283638,0.37405117352803546,0.09852857141477749,0.2768171056984155,0.2768171056984155,,False,0.6802776932766302
1086,39627835584808392,0.9465040133277376,2,blue,regularized,6,-0.178288534283638,0.37405117352803546,0.06756260200739729,0.24585113629103528,0.24585113629103528,,False,0.6670431199613851
1086,39627835584808392,0.9465040133277376,2,red,constant,6,1.1069167852401733,0.06691361963748932,1.2896908521652222,0.18277406692504883,0.18277406692504883,0.1651199705002137,False,0.2103443145751953
1086,39627835584808392,0.9465040133277376,2,red,powerlaw,6,1.1069167852401733,0.06691361963748932,1.2834879855676677,0.1765712003274944,0.1765712003274944,0.15951623706671217,False,0.2059540400528634
1086,39627835584808392,0.9465040133277376,2,red,regularized,6,1.1069167852401733,0.06691361963748932,1.2739494547452717,0.16703266950509832,0.16703266950509832,0.15089903029057095,False,0.1968205526932051
5256,39627853679038363,0.9400349242052684,2,blue,constant,6,4.010718822479248,1.5465585390726726,4.645267963409424,0.6345491409301758,0.6345491409301758,,False,4.279477119445801
5256,39627853679038363,0.9400349242052684,2,blue,powerlaw,6,4.010718822479248,1.5465585390726726,4.667388907338061,0.6566700848588134,0.6566700848588134,,False,4.340663876503302
5256,39627853679038363,0.9400349242052684,2,blue,regularized,6,4.010718822479248,1.5465585390726726,4.345070908902522,0.33435208642327385,0.33435208642327385,,False,4.245357773342296
5256,39627853679038363,0.9400349242052684,2,red,constant,6,2.5387370586395264,0.19146575530370077,0.560552179813385,-1.9781848788261414,1.9781848788261414,0.7792003792177765,False,3.7010114192962646
5256,39627853679038363,0.9400349242052684,2,red,powerlaw,6,2.5387370586395264,0.19146575530370077,0.6413833656560718,-1.8973536929834545,1.8973536929834545,0.7473612466193013,False,3.65620041385807
5256,39627853679038363,0.9400349242052684,2,red,regularized,6,2.5387370586395264,0.19146575530370077,0.5805770050144973,-1.9581600536250292,1.9581600536250292,0.7713126678327136,False,3.69034708657402
4623,39627865771213426,0.903577701343822,2,blue,constant,6,0.132452130317688,1.3314929803212483,2.2082359790802,2.075783848762512,2.075783848762512,,False,3.1714515686035156
4623,39627865771213426,0.903577701343822,2,blue,powerlaw,6,0.132452130317688,1.3314929803212483,2.376259067477937,2.243806937160249,2.243806937160249,,False,3.277272032551504
4623,39627865771213426,0.903577701343822,2,blue,regularized,6,0.132452130317688,1.3314929803212483,2.3139183187401966,2.1814661884225086,2.1814661884225086,,False,3.236370364286122
4623,39627865771213426,0.903577701343822,2,red,constant,6,0.8113943934440613,0.09569785992304485,0.6458179950714111,-0.16557639837265015,0.16557639837265015,0.20406401586020476,False,0.2626173794269562
4623,39627865771213426,0.903577701343822,2,red,powerlaw,6,0.8113943934440613,0.09569785992304485,0.6634500446875004,-0.14794434875656093,0.14794434875656093,0.18233346194147745,False,0.2511493590942039
4623,39627865771213426,0.903577701343822,2,red,regularized,6,0.8113943934440613,0.09569785992304485,0.591517605332049,-0.21987678811201228,0.21987678811201228,0.2709863290757023,False,0.2996308680757768
3444,39627823480047130,0.9720678957513924,2,blue,constant,6,-1.6803404092788696,1.1330995559692383,0.29814866185188293,1.9784890711307526,1.9784890711307526,,False,3.2894322872161865
3444,39627823480047130,0.9720678957513924,2,blue,powerlaw,6,-1.6803404092788696,1.1330995559692383,1.0215691811532905,2.70190959043216,2.70190959043216,,False,3.788322974406277
3444,39627823480047130,0.9720678957513924,2,blue,regularized,6,-1.6803404092788696,1.1330995559692383,-1.0209446035611591,0.6593958057177105,0.6593958057177105,,True,2.7093815530874337
3444,39627823480047130,0.9720678957513924,2,red,constant,6,0.860499918460846,0.09465365608533223,1.0334032773971558,0.17290335893630981,0.17290335893630981,0.20093361454999042,False,0.3938087522983551
3444,39627823480047130,0.9720678957513924,2,red,powerlaw,6,0.860499918460846,0.09465365608533223,0.9748518380578474,0.11435191959700142,0.11435191959700142,0.1328900992826818,False,0.37169864706650807
3444,39627823480047130,0.9720678957513924,2,red,regularized,6,0.860499918460846,0.09465365608533223,1.055002411714282,0.19450249325343605,0.19450249325343605,0.22603429597220376,False,0.40375862085551883
5604,39627823467465130,1.1722678458171802,2,blue,constant,5,5.117685794830322,1.9048917770385743,3.901599884033203,-1.2160859107971191,1.2160859107971191,,False,3.556370258331299
5604,39627823467465130,1.1722678458171802,2,blue,powerlaw,5,5.117685794830322,1.9048917770385743,4.4964924345161155,-0.6211933603142068,0.6211933603142068,,False,3.346271794595879
5604,39627823467465130,1.1722678458171802,2,blue,regularized,5,5.117685794830322,1.9048917770385743,4.135936304473772,-0.9817494903565507,0.9817494903565507,,False,3.483207740457089
5604,39627823467465130,1.1722678458171802,2,red,constant,5,0.7467671632766724,0.23709437847137452,0.8701545596122742,0.1233873963356018,0.1233873963356018,0.165228738492198,False,0.5176376700401306
5604,39627823467465130,1.1722678458171802,2,red,powerlaw,5,0.7467671632766724,0.23709437847137452,0.7603481245231352,0.013580961246462797,0.013580961246462797,0.018186339617387727,False,0.5025297150166844
5604,39627823467465130,1.1722678458171802,2,red,regularized,5,0.7467671632766724,0.23709437847137452,0.7100554983603063,-0.036711664916366016,0.036711664916366016,0.04916079163856403,False,0.5040555810507437
3911,39627823484242731,1.0310543991164305,2,blue,constant,5,0.8472816348075867,1.2136778831481934,2.2466535568237305,1.3993719220161438,1.3993719220161438,,False,3.4411752223968506
3911,39627823484242731,1.0310543991164305,2,blue,powerlaw,5,0.8472816348075867,1.2136778831481934,2.4153300507024404,1.5680484158948538,1.5680484158948538,,False,3.528681298245384
3911,39627823484242731,1.0310543991164305,2,blue,regularized,5,0.8472816348075867,1.2136778831481934,2.2908127861426992,1.4435311513351126,1.4435311513351126,,False,3.45936805018382
3911,39627823484242731,1.0310543991164305,2,red,constant,5,1.000734567642212,0.12172605991363525,1.0493443012237549,0.04860973358154297,0.04860973358154297,0.04857405265421209,False,0.26615357398986816
3911,39627823484242731,1.0310543991164305,2,red,powerlaw,5,1.000734567642212,0.12172605991363525,1.0854804850075892,0.08474591736537729,0.08474591736537729,0.08468371145112288,False,0.27142383872303394
3911,39627823484242731,1.0310543991164305,2,red,regularized,5,1.000734567642212,0.12172605991363525,1.0458990067059928,0.04516443906378087,0.04516443906378087,0.045131287080640056,False,0.2655459444103649
3448,39627811396258086,0.9556774731158286,2,blue,constant,6,-1.4079707860946655,1.0610068639119465,0.4512859284877777,1.8592567145824432,1.8592567145824432,,False,2.5064504146575928
3448,39627811396258086,0.9556774731158286,2,blue,powerlaw,6,-1.4079707860946655,1.0610068639119465,0.7472767640887059,2.1552475501833714,2.1552475501833714,,False,2.735662948470311
3448,39627811396258086,0.9556774731158286,2,blue,regularized,6,-1.4079707860946655,1.0610068639119465,0.7531084583014777,2.1610792443961433,2.1610792443961433,,False,2.7378316048199642
3448,39627811396258086,0.9556774731158286,2,red,constant,6,0.780127763748169,0.08310173451900482,0.8032926917076111,0.02316492795944214,0.02316492795944214,0.02969376176043896,False,0.34133854508399963
3448,39627811396258086,0.9556774731158286,2,red,powerlaw,6,0.780127763748169,0.08310173451900482,0.8115351676131172,0.031407403864948225,0.031407403864948225,0.040259307929318575,False,0.3442775203946548
3448,39627811396258086,0.9556774731158286,2,red,regularized,6,0.780127763748169,0.08310173451900482,0.8016342255967291,0.0215064618485602,0.0215064618485602,0.027567871376902624,False,0.3412299894508609
5019,39627859735610583,1.169080471568952,2,blue,constant,5,4.266157627105713,0.7517795085906982,3.569697856903076,-0.6964597702026367,0.6964597702026367,0.163252235636482,False,1.3249545097351074
5019,39627859735610583,1.169080471568952,2,blue,powerlaw,5,4.266157627105713,0.7517795085906982,3.562595120409175,-0.7035625066965379,0.7035625066965379,0.1649171381353425,False,1.3525130822446747
5019,39627859735610583,1.169080471568952,2,blue,regularized,5,4.266157627105713,0.7517795085906982,4.470956458678374,0.20479883157266077,0.20479883157266077,0.04800545349553864,False,1.205376534236338
5019,39627859735610583,1.169080471568952,2,red,constant,5,0.6821373701095581,0.11370694637298584,0.8440719842910767,0.16193461418151855,0.16193461418151855,0.23739296698480283,False,0.23678848147392273
5019,39627859735610583,1.169080471568952,2,red,powerlaw,5,0.6821373701095581,0.11370694637298584,0.8753868870618163,0.19324951695225823,0.19324951695225823,0.2833000000003231,False,0.25558417690346935
5019,39627859735610583,1.169080471568952,2,red,regularized,5,0.6821373701095581,0.11370694637298584,0.8921353197803844,0.2099979496708263,0.2099979496708263,0.30785287373582615,False,0.2719285137262654
6169,39627829507261172,1.1309918380523147,2,blue,constant,5,9.571696281433105,4.375096130371094,6.079849720001221,-3.4918465614318848,3.4918465614318848,,False,5.287113666534424
6169,39627829507261172,1.1309918380523147,2,blue,powerlaw,5,9.571696281433105,4.375096130371094,5.078660505447196,-4.493035775985909,4.493035775985909,,False,5.993862552427778
6169,39627829507261172,1.1309918380523147,2,blue,regularized,5,9.571696281433105,4.375096130371094,4.401492048752977,-5.1702042326801285,5.1702042326801285,,False,6.518557694335491
6169,39627829507261172,1.1309918380523147,2,red,constant,5,-1.1206996440887451,0.4571127414703369,0.4248369336128235,1.5455365777015686,1.5455365777015686,,False,1.9433929920196533
6169,39627829507261172,1.1309918380523147,2,red,powerlaw,5,-1.1206996440887451,0.4571127414703369,0.6310313257829868,1.751730969871732,1.751730969871732,,False,2.106663172041724
6169,39627829507261172,1.1309918380523147,2,red,regularized,5,-1.1206996440887451,0.4571127414703369,0.09425901700798932,1.2149586610967344,1.2149586610967344,,False,1.692198092599465
6874,39627829515650745,0.9853310291504384,2,blue,constant,6,3.098816156387329,1.0568590958913167,1.9131401777267456,-1.1856759786605835,1.1856759786605835,,False,2.311037540435791
6874,39627829515650745,0.9853310291504384,2,blue,powerlaw,6,3.098816156387329,1.0568590958913167,1.9369016757788133,-1.1619144806085158,1.1619144806085158,,False,2.302616665431104
6874,39627829515650745,0.9853310291504384,2,blue,regularized,6,3.098816156387329,1.0568590958913167,1.8208330814727407,-1.2779830749145884,1.2779830749145884,,False,2.3597261427747234
6874,39627829515650745,0.9853310291504384,2,red,constant,6,1.0046606063842773,0.12571385502815247,1.0659600496292114,0.06129944324493408,0.06129944324493408,0.06101507599222754,False,0.30106860399246216
6874,39627829515650745,0.9853310291504384,2,red,powerlaw,6,1.0046606063842773,0.12571385502815247,1.0130837133971047,0.008423107012827336,0.008423107012827336,0.008384032338185998,False,0.29588858641817517
6874,39627829515650745,0.9853310291504384,2,red,regularized,6,1.0046606063842773,0.12571385502815247,1.7950904108166537,0.7904298044323763,0.7904298044323763,0.7867630117170545,False,0.8498652103048355
6494,39627823471657785,0.9855442523809836,2,blue,constant,6,-0.14299878478050232,0.28050315380096436,0.2522018253803253,0.39520061016082764,0.39520061016082764,,False,0.5583349466323853
6494,39627823471657785,0.9855442523809836,2,blue,powerlaw,6,-0.14299878478050232,0.28050315380096436,0.312196515148827,0.45519529992932933,0.45519529992932933,,False,0.6076366894024992
6494,39627823471657785,0.9855442523809836,2,blue,regularized,6,-0.14299878478050232,0.28050315380096436,0.5371266354802594,0.6801254202607617,0.6801254202607617,,False,0.7873682654455787
6494,39627823471657785,0.9855442523809836,2,red,constant,6,1.465074896812439,0.05220764378706614,1.3453723192214966,-0.11970257759094238,0.11970257759094238,0.08170406704215538,False,0.27321550250053406
6494,39627823471657785,0.9855442523809836,2,red,powerlaw,6,1.465074896812439,0.05220764378706614,1.4122884977034873,-0.052786399108951665,0.052786399108951665,0.0360298297539593,False,0.244652207050046
6494,39627823471657785,0.9855442523809836,2,red,regularized,6,1.465074896812439,0.05220764378706614,1.4302088186621102,-0.034866078150328716,0.034866078150328716,0.023798154091771544,False,0.2304514809952381
12195,39627787765548684,1.1763157656078629,2,blue,constant,5,0.5440425872802734,2.2390169143676757,2.0630083084106445,1.518965721130371,1.518965721130371,,False,2.679583787918091
12195,39627787765548684,1.1763157656078629,2,blue,powerlaw,5,0.5440425872802734,2.2390169143676757,2.6123952505420407,2.0683526632617673,2.0683526632617673,,False,3.02416098295728
12195,39627787765548684,1.1763157656078629,2,blue,regularized,5,0.5440425872802734,2.2390169143676757,2.186658594230806,1.6426160069505324,1.6426160069505324,,False,2.7515633143747467
12195,39627787765548684,1.1763157656078629,2,red,constant,5,-0.0036797046195715666,0.2927405595779419,0.40591201186180115,0.4095917164813727,0.4095917164813727,,False,1.066798210144043
12195,39627787765548684,1.1763157656078629,2,red,powerlaw,5,-0.0036797046195715666,0.2927405595779419,0.5646315459043166,0.5683112505238882,0.5683112505238882,,False,1.1319260855542648
12195,39627787765548684,1.1763157656078629,2,red,regularized,5,-0.0036797046195715666,0.2927405595779419,0.3649395618436892,0.36861926646326076,0.36861926646326076,,False,1.0517477258584327
5471,39627835538673110,1.186473349652791,2,blue,constant,5,1.7229557037353516,2.0889541625976564,3.422866106033325,1.6999104022979736,1.6999104022979736,,False,4.0009846687316895
5471,39627835538673110,1.186473349652791,2,blue,powerlaw,5,1.7229557037353516,2.0889541625976564,1.2477946578704437,-0.4751610458649078,0.4751610458649078,,False,3.652086400872841
5471,39627835538673110,1.186473349652791,2,blue,regularized,5,1.7229557037353516,2.0889541625976564,3.6319644531308284,1.9090087493954768,1.9090087493954768,,False,4.094813086716989
5471,39627835538673110,1.186473349652791,2,red,constant,5,0.5935295820236206,0.27342829704284666,0.6951184868812561,0.1015889048576355,0.1015889048576355,,False,0.4438157379627228
5471,39627835538673110,1.186473349652791,2,red,powerlaw,5,0.5935295820236206,0.27342829704284666,0.8459867704412922,0.2524571884176716,0.2524571884176716,,False,0.49607894617207726
5471,39627835538673110,1.186473349652791,2,red,regularized,5,0.5935295820236206,0.27342829704284666,0.7056627333226034,0.11213315129898282,0.11213315129898282,,False,0.44634734544809235
2411,39627841616220404,0.9860407703406344,2,blue,constant,6,0.40747103095054626,0.6577589909235636,-0.060555923730134964,-0.46802695468068123,0.46802695468068123,,True,1.4960741996765137
2411,39627841616220404,0.9860407703406344,2,blue,powerlaw,6,0.40747103095054626,0.6577589909235636,0.1456516605949644,-0.2618193703555819,0.2618193703555819,,False,1.4448671477746753
2411,39627841616220404,0.9860407703406344,2,blue,regularized,6,0.40747103095054626,0.6577589909235636,-0.22885864747697196,-0.6363296784275182,0.6363296784275182,,True,1.5569535310170943
2411,39627841616220404,0.9860407703406344,2,red,constant,6,1.156842827796936,0.09340783953666687,1.1034793853759766,-0.05336344242095947,0.05336344242095947,0.04612851559324056,False,0.15522682666778564
2411,39627841616220404,0.9860407703406344,2,red,powerlaw,6,1.156842827796936,0.09340783953666687,1.1036138171592198,-0.053229010637716234,0.053229010637716234,0.04601230984772953,False,0.15152387526367225
2411,39627841616220404,0.9860407703406344,2,red,regularized,6,1.156842827796936,0.09340783953666687,1.0041570591603166,-0.15268576863661942,0.15268576863661942,0.13198488590484722,False,0.21109392337535263
9530,39627841595244763,0.9458196521678004,2,blue,constant,6,-0.47399449348449707,0.5406500101089478,0.0011978988768532872,0.47519239236135036,0.47519239236135036,,False,1.226862907409668
9530,39627841595244763,0.9458196521678004,2,blue,powerlaw,6,-0.47399449348449707,0.5406500101089478,0.08778793501435632,0.5617824284988534,0.5617824284988534,,False,1.2627149245267175
9530,39627841595244763,0.9458196521678004,2,blue,regularized,6,-0.47399449348449707,0.5406500101089478,0.08405561825217316,0.5580501117366702,0.5580501117366702,,False,1.261271095214518
9530,39627841595244763,0.9458196521678004,2,red,constant,6,1.1675976514816284,0.06031712889671326,1.2740693092346191,0.10647165775299072,0.10647165775299072,0.09118865357247252,False,0.24860447645187378
9530,39627841595244763,0.9458196521678004,2,red,powerlaw,6,1.1675976514816284,0.06031712889671326,1.3456566055313461,0.17805895404971772,0.17805895404971772,0.15250026738557498,False,0.2868808342250598
9530,39627841595244763,0.9458196521678004,2,red,regularized,6,1.1675976514816284,0.06031712889671326,1.2645048224078899,0.09690717092626144,0.09690717092626144,0.08299705879271908,False,0.2446609306143104
5235,39627853683231385,1.1475439273508046,2,blue,constant,5,-0.7104254961013794,2.1865314483642577,2.923149824142456,3.6335753202438354,3.6335753202438354,,False,5.021015644073486
5235,39627853683231385,1.1475439273508046,2,blue,powerlaw,5,-0.7104254961013794,2.1865314483642577,2.809023057944751,3.5194485540461304,3.5194485540461304,,False,4.942819315046245
5235,39627853683231385,1.1475439273508046,2,blue,regularized,5,-0.7104254961013794,2.1865314483642577,2.7594882820354387,3.469913778136818,3.469913778136818,,False,4.903878832424224
5235,39627853683231385,1.1475439273508046,2,red,constant,5,0.334903746843338,0.30804781913757323,0.9930078387260437,0.6581040918827057,0.6581040918827057,,False,0.9655923843383789
5235,39627853683231385,1.1475439273508046,2,red,powerlaw,5,0.334903746843338,0.30804781913757323,0.7877079248178054,0.45280417797446737,0.45280417797446737,,False,0.8401243484424931
5235,39627853683231385,1.1475439273508046,2,red,regularized,5,0.334903746843338,0.30804781913757323,0.952913071791665,0.6180093249483269,0.6180093249483269,,False,0.936498230121389
2855,39627811404646966,1.0779353471456994,2,blue,constant,5,8.969118118286133,2.876500701904297,4.6428117752075195,-4.326306343078613,4.326306343078613,0.4823558220577105,False,4.524058818817139
2855,39627811404646966,1.0779353471456994,2,blue,powerlaw,5,8.969118118286133,2.876500701904297,4.060828311067331,-4.908289807218802,4.908289807218802,0.5472433011236454,False,5.071829474125622
2855,39627811404646966,1.0779353471456994,2,blue,regularized,5,8.969118118286133,2.876500701904297,7.815266344500378,-1.153851773785755,1.153851773785755,0.12864718231698782,False,1.6559645220421864
2855,39627811404646966,1.0779353471456994,2,red,constant,5,0.6654516458511353,0.33316171169281006,1.0136914253234863,0.3482397794723511,0.3482397794723511,,False,0.7640941143035889
2855,39627811404646966,1.0779353471456994,2,red,powerlaw,5,0.6654516458511353,0.33316171169281006,0.9776600038168045,0.31220835796566926,0.31220835796566926,,False,0.7491710697245879
2855,39627811404646966,1.0779353471456994,2,red,regularized,5,0.6654516458511353,0.33316171169281006,1.0581572038467504,0.39270555799561513,0.39270555799561513,,False,0.7853575559867044
11052,39627853666454292,0.9581699887978288,2,blue,constant,6,0.39707955718040466,1.0315402348836262,1.8653086423873901,1.4682290852069855,1.4682290852069855,,False,2.671980619430542
11052,39627853666454292,0.9581699887978288,2,blue,powerlaw,6,0.39707955718040466,1.0315402348836262,1.7032753750747454,1.3061958178943407,1.3061958178943407,,False,2.616148459653554
11052,39627853666454292,0.9581699887978288,2,blue,regularized,6,0.39707955718040466,1.0315402348836262,2.6668623436416805,2.269782786461276,2.269782786461276,,False,3.2803578208798356
11052,39627853666454292,0.9581699887978288,2,red,constant,6,0.8479058742523193,0.0873694618542989,0.9712545275688171,0.1233486533164978,0.1233486533164978,0.1454744648694246,False,0.529827892780304
11052,39627853666454292,0.9581699887978288,2,red,powerlaw,6,0.8479058742523193,0.0873694618542989,0.8657060004476079,0.01780012619528859,0.01780012619528859,0.02099304502517415,False,0.5153976807537636
11052,39627853666454292,0.9581699887978288,2,red,regularized,6,0.8479058742523193,0.0873694618542989,1.2456553791065297,0.39774950485421035,0.39774950485421035,0.4690962958653218,False,0.6509280485329405
1680,39627835584811400,0.9262710409805688,2,blue,constant,6,-5.42909574508667,2.721757253011068,-0.17748688161373138,5.2516088634729385,5.2516088634729385,,True,7.517111778259277
1680,39627835584811400,0.9262710409805688,2,blue,powerlaw,6,-5.42909574508667,2.721757253011068,0.14045847339606252,5.5695542184827325,5.5695542184827325,,False,7.744289552857003
1680,39627835584811400,0.9262710409805688,2,blue,regularized,6,-5.42909574508667,2.721757253011068,-1.2630626300048533,4.166033115081817,4.166033115081817,,True,6.803190435331945
1680,39627835584811400,0.9262710409805688,2,red,constant,6,0.4453323781490326,0.28183335065841675,0.7127618193626404,0.2674294412136078,0.2674294412136078,,False,0.776353657245636
1680,39627835584811400,0.9262710409805688,2,red,powerlaw,6,0.4453323781490326,0.28183335065841675,0.672364474870314,0.22703209672128144,0.22703209672128144,,False,0.7619674139181297
1680,39627835584811400,0.9262710409805688,2,red,regularized,6,0.4453323781490326,0.28183335065841675,0.7683266248686381,0.3229942467196055,0.3229942467196055,,False,0.7968115387579376
6183,39627835547059128,1.1304950835609242,2,blue,constant,5,3.8388569355010986,1.599222183227539,2.7534596920013428,-1.0853972434997559,1.0853972434997559,,False,3.9225757122039795
6183,39627835547059128,1.1304950835609242,2,blue,powerlaw,5,3.8388569355010986,1.599222183227539,2.7207978454989035,-1.1180590900021952,1.1180590900021952,,False,3.9095910728470686
6183,39627835547059128,1.1304950835609242,2,blue,regularized,5,3.8388569355010986,1.599222183227539,2.5380901101250997,-1.300766825375999,1.300766825375999,,False,3.9760681184729867
6183,39627835547059128,1.1304950835609242,2,red,constant,5,0.7309815287590027,0.16383724212646483,0.8402217626571655,0.10924023389816284,0.10924023389816284,0.14944322065650753,False,0.530491054058075
6183,39627835547059128,1.1304950835609242,2,red,powerlaw,5,0.7309815287590027,0.16383724212646483,0.8090900491891462,0.07810852043014349,0.07810852043014349,0.10685430117878544,False,0.5259821721457267
6183,39627835547059128,1.1304950835609242,2,red,regularized,5,0.7309815287590027,0.16383724212646483,0.7466238894814534,0.015642360722450732,0.015642360722450732,0.0213991190023734,False,0.5193573314383102
11793,39627787757161272,1.1045108733521858,2,blue,constant,5,4.175651550292969,1.5521843910217286,4.1731953620910645,-0.002456188201904297,0.002456188201904297,,False,1.4010940790176392
11793,39627787757161272,1.1045108733521858,2,blue,powerlaw,5,4.175651550292969,1.5521843910217286,4.605565509925194,0.42991395963222523,0.42991395963222523,,False,1.3735346942826394
11793,39627787757161272,1.1045108733521858,2,blue,regularized,5,4.175651550292969,1.5521843910217286,5.948584558913337,1.7729330086203685,1.7729330086203685,,False,2.147311685834938
11793,39627787757161272,1.1045108733521858,2,red,constant,5,0.8485339879989624,0.1642054796218872,0.700360119342804,-0.14817386865615845,0.14817386865615845,0.17462337484628798,False,0.3014172613620758
11793,39627787757161272,1.1045108733521858,2,red,powerlaw,5,0.8485339879989624,0.1642054796218872,0.708702745842143,-0.1398312421568194,0.1398312421568194,0.16479156301867592,False,0.297788154324686
11793,39627787757161272,1.1045108733521858,2,red,regularized,5,0.8485339879989624,0.1642054796218872,0.7725859265927963,-0.07594806140616606,0.07594806140616606,0.08950503159604602,False,0.273322922748712
4166,39627829519843367,0.9900171343132308,2,blue,constant,6,2.8682377338409424,1.952934741973877,1.154855728149414,-1.7133820056915283,1.7133820056915283,,False,4.188458442687988
4166,39627829519843367,0.9900171343132308,2,blue,powerlaw,6,2.8682377338409424,1.952934741973877,2.083345420735217,-0.7848923131057255,0.7848923131057255,,False,3.9175933038847695
4166,39627829519843367,0.9900171343132308,2,blue,regularized,6,2.8682377338409424,1.952934741973877,1.3937399603703307,-1.4744977734706117,1.4744977734706117,,False,4.09654111632549
4166,39627829519843367,0.9900171343132308,2,red,constant,6,1.174017310142517,0.2501705288887024,0.8979453444480896,-0.2760719656944275,0.2760719656944275,0.2351515291209074,False,0.8389605283737183
4166,39627829519843367,0.9900171343132308,2,red,powerlaw,6,1.174017310142517,0.2501705288887024,1.0642267905106673,-0.10979051963184983,0.10979051963184983,0.09351695131183548,False,0.7961851456526854
4166,39627829519843367,0.9900171343132308,2,red,regularized,6,1.174017310142517,0.2501705288887024,0.9328490815859195,-0.24116822855659759,0.24116822855659759,0.20542135663001557,False,0.8281311114253544
11251,39627859706251459,1.1962857837234917,2,blue,constant,5,1.9444087743759155,1.444663143157959,2.849118232727051,0.9047094583511353,0.9047094583511353,,False,2.6035044193267822
11251,39627859706251459,1.1962857837234917,2,blue,powerlaw,5,1.9444087743759155,1.444663143157959,2.9492875786105257,1.0048788042346102,1.0048788042346102,,False,2.6191689156820055
11251,39627859706251459,1.1962857837234917,2,blue,regularized,5,1.9444087743759155,1.444663143157959,2.726744930395236,0.7823361560193205,0.7823361560193205,,False,2.5635495322247976
11251,39627859706251459,1.1962857837234917,2,red,constant,5,0.8995312452316284,0.19361655712127684,1.0962382555007935,0.19670701026916504,0.19670701026916504,0.218677240298099,False,0.4563450813293457
11251,39627859706251459,1.1962857837234917,2,red,powerlaw,5,0.8995312452316284,0.19361655712127684,1.0276285017229854,0.12809725649135695,0.12809725649135695,0.142404454731722,False,0.43226368497234424
11251,39627859706251459,1.1962857837234917,2,red,regularized,5,0.8995312452316284,0.19361655712127684,0.7644157209560748,-0.13511552427555362,0.13511552427555362,0.15020659370288078,False,0.4934514467175702
5336,39627865767019915,0.9051633786755404,2,blue,constant,6,0.2718139588832855,1.810174783070882,2.016023635864258,1.7442096769809723,1.7442096769809723,,False,4.2518510818481445
5336,39627865767019915,0.9051633786755404,2,blue,powerlaw,6,0.2718139588832855,1.810174783070882,1.9940028883697078,1.7221889294864223,1.7221889294864223,,False,4.243237174764077
5336,39627865767019915,0.9051633786755404,2,blue,regularized,6,0.2718139588832855,1.810174783070882,2.007505339489026,1.7356913806057404,1.7356913806057404,,False,4.254830432575079
5336,39627865767019915,0.9051633786755404,2,red,constant,6,0.8414933085441589,0.17872287829717,0.7355107665061951,-0.10598254203796387,0.10598254203796387,0.12594579298713726,False,0.7623645067214966
5336,39627865767019915,0.9051633786755404,2,red,powerlaw,6,0.8414933085441589,0.17872287829717,1.0150687375918466,0.17357542904768763,0.17357542904768763,0.20627071812131817,False,0.7741317525235771
5336,39627865767019915,0.9051633786755404,2,red,regularized,6,0.8414933085441589,0.17872287829717,0.8700231514720205,0.028529842927861537,0.028529842927861537,0.03390382625527958,False,0.763279981257869
9631,39627859718833399,0.9525367578640784,2,blue,constant,6,1.325890064239502,0.7370791435241699,2.2846739292144775,0.9587838649749756,0.9587838649749756,,False,1.5074447393417358
9631,39627859718833399,0.9525367578640784,2,blue,powerlaw,6,1.325890064239502,0.7370791435241699,1.950252235077383,0.624362170837881,0.624362170837881,,False,1.3415552339528283
9631,39627859718833399,0.9525367578640784,2,blue,regularized,6,1.325890064239502,0.7370791435241699,1.5294001276738929,0.20351006343439093,0.20351006343439093,,False,1.1809062395670542
9631,39627859718833399,0.9525367578640784,2,red,constant,6,0.6161969900131226,0.12949398159980774,0.9642395377159119,0.3480425477027893,0.3480425477027893,0.5648235115451917,False,0.7687744498252869
9631,39627859718833399,0.9525367578640784,2,red,powerlaw,6,0.6161969900131226,0.12949398159980774,0.9141310440565104,0.2979340540433878,0.2979340540433878,0.4835045592109156,False,0.7469985693280835
9631,39627859718833399,0.9525367578640784,2,red,regularized,6,0.6161969900131226,0.12949398159980774,1.0122605297820344,0.39606353976891184,0.39606353976891184,0.6427547459465475,False,0.7916734498828558
12152,39627787769742381,1.1321042828030887,2,blue,constant,5,0.7042606472969055,1.282240390777588,0.8115711212158203,0.1073104739189148,0.1073104739189148,,False,2.368483781814575
12152,39627787769742381,1.1321042828030887,2,blue,powerlaw,5,0.7042606472969055,1.282240390777588,0.7877268261814765,0.08346617888457097,0.08346617888457097,,False,2.3658759084089405
12152,39627787769742381,1.1321042828030887,2,blue,regularized,5,0.7042606472969055,1.282240390777588,0.7944270173997469,0.09016637010284134,0.09016637010284134,,False,2.3677690781186955
12152,39627787769742381,1.1321042828030887,2,red,constant,5,0.8482829332351685,0.1936151146888733,1.083299160003662,0.23501622676849365,0.23501622676849365,0.27704933997928305,False,0.44321203231811523
12152,39627787769742381,1.1321042828030887,2,red,powerlaw,5,0.8482829332351685,0.1936151146888733,0.8508068256467898,0.00252389241162132,0.00252389241162132,0.002975295520794858,False,0.37476470578589965
12152,39627787769742381,1.1321042828030887,2,red,regularized,5,0.8482829332351685,0.1936151146888733,0.4134870615698068,-0.43479587166536166,0.43479587166536166,0.5125599662923122,False,0.5746752902535489
10392,39627859702058943,1.1661596675842163,2,blue,constant,5,-0.7693114280700684,2.9580326080322266,2.9991064071655273,3.7684178352355957,3.7684178352355957,,False,5.220351696014404
10392,39627859702058943,1.1661596675842163,2,blue,powerlaw,5,-0.7693114280700684,2.9580326080322266,5.168340175278538,5.937651603348606,5.937651603348606,,False,6.963156064780439
10392,39627859702058943,1.1661596675842163,2,blue,regularized,5,-0.7693114280700684,2.9580326080322266,4.309620510578886,5.078931938648954,5.078931938648954,,False,6.23270793156806
10392,39627859702058943,1.1661596675842163,2,red,constant,5,-0.17518611252307892,0.445873498916626,1.2223660945892334,1.3975522071123123,1.3975522071123123,,False,2.5927951335906982
10392,39627859702058943,1.1661596675842163,2,red,powerlaw,5,-0.17518611252307892,0.445873498916626,0.8800887611520244,1.0552748736751032,1.0552748736751032,,False,2.422780512882114
10392,39627859702058943,1.1661596675842163,2,red,regularized,5,-0.17518611252307892,0.445873498916626,1.0465126325692595,1.2216987450923384,1.2216987450923384,,False,2.50239531590977
3295,39627817440250458,1.0936068797681069,2,blue,constant,5,2.9510700702667236,1.5504795074462892,2.5717947483062744,-0.3792753219604492,0.3792753219604492,,False,2.73103928565979
3295,39627817440250458,1.0936068797681069,2,blue,powerlaw,5,2.9510700702667236,1.5504795074462892,3.073778898082557,0.12270882781583348,0.12270882781583348,,False,2.735423752633565
3295,39627817440250458,1.0936068797681069,2,blue,regularized,5,2.9510700702667236,1.5504795074462892,3.2569531815244437,0.30588311125772005,0.30588311125772005,,False,2.753415844311363
3295,39627817440250458,1.0936068797681069,2,red,constant,5,0.636349081993103,0.1434484004974365,0.9470402002334595,0.31069111824035645,0.31069111824035645,0.4882400667055945,False,0.7881032824516296
3295,39627817440250458,1.0936068797681069,2,red,powerlaw,5,0.636349081993103,0.1434484004974365,0.8592998392848784,0.22295075729177538,0.22295075729177538,0.3503592031491165,False,0.7560508617752782
3295,39627817440250458,1.0936068797681069,2,red,regularized,5,0.636349081993103,0.1434484004974365,0.968493277294676,0.332144195301573,0.332144195301573,0.5219528159941196,False,0.8012378053352566
10432,39627865741856906,0.914281064747458,2,blue,constant,6,8.624804496765137,3.5208683013916016,2.392332077026367,-6.2324724197387695,6.2324724197387695,,False,14.20056438446045
10432,39627865741856906,0.914281064747458,2,blue,powerlaw,6,8.624804496765137,3.5208683013916016,2.97790608595739,-5.646898410807747,5.646898410807747,,False,13.93249835436676
10432,39627865741856906,0.914281064747458,2,blue,regularized,6,8.624804496765137,3.5208683013916016,2.288419663188027,-6.33638483357711,6.33638483357711,,False,14.246475399113251
10432,39627865741856906,0.914281064747458,2,red,constant,6,0.19046366214752197,0.35103897253672284,1.1640464067459106,0.9735827445983887,0.9735827445983887,,False,1.179772138595581
10432,39627865741856906,0.914281064747458,2,red,powerlaw,6,0.19046366214752197,0.35103897253672284,1.0039258552016932,0.8134621930541712,0.8134621930541712,,False,1.0489315235409984
10432,39627865741856906,0.914281064747458,2,red,regularized,6,0.19046366214752197,0.35103897253672284,0.9791048765038782,0.7886412143563563,0.7886412143563563,,False,1.0296717044498418
7027,39627829532426764,1.1712645646736977,2,blue,constant,5,2.5355567932128906,2.7774248123168945,6.021459579467773,3.485902786254883,3.485902786254883,,False,7.8746538162231445
7027,39627829532426764,1.1712645646736977,2,blue,powerlaw,5,2.5355567932128906,2.7774248123168945,7.543829926154034,5.008273132941143,5.008273132941143,,False,8.580412741260488
7027,39627829532426764,1.1712645646736977,2,blue,regularized,5,2.5355567932128906,2.7774248123168945,7.2037481616485035,4.668191368435613,4.668191368435613,,False,8.406989275769588
7027,39627829532426764,1.1712645646736977,2,red,constant,5,0.7177359461784363,0.2773017168045044,0.8328565359115601,0.11512058973312378,0.11512058973312378,,False,0.5516805648803711
7027,39627829532426764,1.1712645646736977,2,red,powerlaw,5,0.7177359461784363,0.2773017168045044,1.1061158163094476,0.3883798701310113,0.3883798701310113,,False,0.6648618616208604
7027,39627829532426764,1.1712645646736977,2,red,regularized,5,0.7177359461784363,0.2773017168045044,1.063400012921111,0.3456640667426747,0.3456640667426747,,False,0.6407669505503111
12531,39627787748774685,1.1981110618798487,2,blue,constant,5,2.845226764678955,2.7597496032714846,1.9465687274932861,-0.898658037185669,0.898658037185669,,False,4.370560646057129
12531,39627787748774685,1.1981110618798487,2,blue,powerlaw,5,2.845226764678955,2.7597496032714846,2.2958488629682323,-0.5493779017107228,0.5493779017107228,,False,4.326061894349151
12531,39627787748774685,1.1981110618798487,2,blue,regularized,5,2.845226764678955,2.7597496032714846,2.130629431792271,-0.7145973328866839,0.7145973328866839,,False,4.3364577021410975
12531,39627787748774685,1.1981110618798487,2,red,constant,5,1.2355024814605713,0.34408130645751955,0.9983502626419067,-0.23715221881866455,0.23715221881866455,0.19194799069793111,False,0.6559519171714783
12531,39627787748774685,1.1981110618798487,2,red,powerlaw,5,1.2355024814605713,0.34408130645751955,1.129130223641488,-0.10637225781908333,0.10637225781908333,0.08609635303470493,False,0.6194850970727386
12531,39627787748774685,1.1981110618798487,2,red,regularized,5,1.2355024814605713,0.34408130645751955,1.0154532798017415,-0.2200492016588298,0.2200492016588298,0.1781050260608904,False,0.6499640838462393
10082,39627835555446951,0.9515059827554552,2,blue,constant,6,3.368243455886841,1.1312491099039714,2.2909231185913086,-1.0773203372955322,1.0773203372955322,,False,2.556591510772705
10082,39627835555446951,0.9515059827554552,2,blue,powerlaw,6,3.368243455886841,1.1312491099039714,2.4152711142263743,-0.9529723416604665,0.9529723416604665,,False,2.484592432347676
10082,39627835555446951,0.9515059827554552,2,blue,regularized,6,3.368243455886841,1.1312491099039714,2.256678970328595,-1.1115644855582456,1.1115644855582456,,False,2.5712092380817206
10082,39627835555446951,0.9515059827554552,2,red,constant,6,1.2829266786575317,0.14042811592419943,0.5965721011161804,-0.6863545775413513,0.6863545775413513,0.5349912734370449,False,1.698701024055481
10082,39627835555446951,0.9515059827554552,2,red,powerlaw,6,1.2829266786575317,0.14042811592419943,0.7799392052085166,-0.5029874734490152,0.5029874734490152,0.3920625253310241,False,1.6344192566364864
10082,39627835555446951,0.9515059827554552,2,red,regularized,6,1.2829266786575317,0.14042811592419943,0.13603252264598045,-1.1468941560115513,1.1468941560115513,0.8939670326379632,False,1.9315424539342436
12587,39627781717360771,1.0990866572964344,2,blue,constant,5,1.877110242843628,2.069741630554199,1.4869492053985596,-0.39016103744506836,0.39016103744506836,,False,5.199163913726807
12587,39627781717360771,1.0990866572964344,2,blue,powerlaw,5,1.877110242843628,2.069741630554199,0.9186071041269048,-0.9585031387167231,0.9585031387167231,,False,5.276877273108044
12587,39627781717360771,1.0990866572964344,2,blue,regularized,5,1.877110242843628,2.069741630554199,0.6992141347351245,-1.1778961081085035,1.1778961081085035,,False,5.316626827501228
12587,39627781717360771,1.0990866572964344,2,red,constant,5,0.723888635635376,0.23631997108459474,1.045362949371338,0.3214743137359619,0.3214743137359619,0.4440936048868836,False,0.7352801561355591
12587,39627781717360771,1.0990866572964344,2,red,powerlaw,5,0.723888635635376,0.23631997108459474,0.7880055968355696,0.06411696120019361,0.06411696120019361,0.08857296280651855,False,0.6573310542385337
12587,39627781717360771,1.0990866572964344,2,red,regularized,5,0.723888635635376,0.23631997108459474,0.9551034989528665,0.23121486331749053,0.23121486331749053,0.31940667657332017,False,0.7005869528210488
2562,39627823480048193,0.997804375704896,2,blue,constant,6,1.8403207063674927,1.673439661661784,1.913587212562561,0.07326650619506836,0.07326650619506836,,False,1.4018340110778809
2562,39627823480048193,0.997804375704896,2,blue,powerlaw,6,1.8403207063674927,1.673439661661784,2.5032615596302623,0.6629408532627696,0.6629408532627696,,False,1.4997429248671736
2562,39627823480048193,0.997804375704896,2,blue,regularized,6,1.8403207063674927,1.673439661661784,2.297827606166254,0.45750689979876125,0.45750689979876125,,False,1.4641656832191319
2562,39627823480048193,0.997804375704896,2,red,constant,6,1.2285542488098145,0.2682734727859497,0.5057423114776611,-0.7228119373321533,0.7228119373321533,0.5883435249460016,False,1.0043011903762817
2562,39627823480048193,0.997804375704896,2,red,powerlaw,6,1.2285542488098145,0.2682734727859497,0.7804403437235282,-0.44811390508628623,0.44811390508628623,0.3647489767101495,False,0.8314187685918594
2562,39627823480048193,0.997804375704896,2,red,regularized,6,1.2285542488098145,0.2682734727859497,1.4333702057328086,0.20481595692299415,0.20481595692299415,0.16671299384737268,False,0.7151178829322962
5698,39627829511459498,0.9843371043611808,2,blue,constant,6,3.643181800842285,2.197720209757487,2.8789408206939697,-0.7642409801483154,0.7642409801483154,,False,3.476685047149658
5698,39627829511459498,0.9843371043611808,2,blue,powerlaw,6,3.643181800842285,2.197720209757487,2.7878665186047793,-0.8553152822375059,0.8553152822375059,,False,3.4449554177163813
5698,39627829511459498,0.9843371043611808,2,blue,regularized,6,3.643181800842285,2.197720209757487,4.134384876455785,0.49120307561349996,0.49120307561349996,,False,3.2997990717916825
5698,39627829511459498,0.9843371043611808,2,red,constant,6,1.4260958433151245,0.24356339375178018,1.0265778303146362,-0.3995180130004883,0.3995180130004883,0.28014808042057154,False,0.635547935962677
5698,39627829511459498,0.9843371043611808,2,red,powerlaw,6,1.4260958433151245,0.24356339375178018,0.8391843117575295,-0.586911531557595,0.586911531557595,0.4115512532406317,False,0.7686882338748967
5698,39627829511459498,0.9843371043611808,2,red,regularized,6,1.4260958433151245,0.24356339375178018,1.1007333966727175,-0.325362446642407,0.325362446642407,0.22814907438904275,False,0.5917492580911067
9176,39627847643436457,1.0837261233734312,2,blue,constant,5,5.877267837524414,2.247621536254883,2.83927059173584,-3.037997245788574,3.037997245788574,,False,5.3321638107299805
9176,39627847643436457,1.0837261233734312,2,blue,powerlaw,5,5.877267837524414,2.247621536254883,3.572524890263491,-2.304742947260923,2.304742947260923,,False,4.864350096776775
9176,39627847643436457,1.0837261233734312,2,blue,regularized,5,5.877267837524414,2.247621536254883,2.9920177352149104,-2.8852501023095036,2.8852501023095036,,False,5.246638263014758
9176,39627847643436457,1.0837261233734312,2,red,constant,5,0.43303221464157104,0.22314026355743408,0.8488925695419312,0.4158603549003601,0.4158603549003601,,False,0.6065806150436401
9176,39627847643436457,1.0837261233734312,2,red,powerlaw,5,0.43303221464157104,0.22314026355743408,0.7412980144756551,0.3082657998340841,0.3082657998340841,,False,0.5367113974130345
9176,39627847643436457,1.0837261233734312,2,red,regularized,5,0.43303221464157104,0.22314026355743408,0.951577276165431,0.5185450615238599,0.5185450615238599,,False,0.6810940658077371
12079,39627787752966852,0.9998524207810188,2,blue,constant,6,1.454645037651062,0.6294229427973429,2.5156009197235107,1.0609558820724487,1.0609558820724487,,False,2.0085551738739014
12079,39627787752966852,0.9998524207810188,2,blue,powerlaw,6,1.454645037651062,0.6294229427973429,2.7088112010544516,1.2541661634033896,1.2541661634033896,,False,2.133241403895242
12079,39627787752966852,0.9998524207810188,2,blue,regularized,6,1.454645037651062,0.6294229427973429,2.757213601823572,1.30256856417251,1.30256856417251,,False,2.1633553439508257
12079,39627787752966852,0.9998524207810188,2,red,constant,6,1.4270673990249634,0.067494402329127,0.8876729607582092,-0.5393944382667542,0.5393944382667542,0.3779740456794771,False,1.1231685876846313
12079,39627787752966852,0.9998524207810188,2,red,powerlaw,6,1.4270673990249634,0.067494402329127,0.819207247097633,-0.6078601519273303,0.6078601519273303,0.4259505559041204,False,1.1567186029742764
12079,39627787752966852,0.9998524207810188,2,red,regularized,6,1.4270673990249634,0.067494402329127,0.9454227610081531,-0.48164463801681023,0.48164463801681023,0.33750658052022736,False,1.0983129236910545
1490,39627847664403376,1.068185433464243,2,blue,constant,5,-1.045975685119629,5.011490249633789,3.7210822105407715,4.7670578956604,4.7670578956604,,False,10.600071907043457
1490,39627847664403376,1.068185433464243,2,blue,powerlaw,5,-1.045975685119629,5.011490249633789,5.595751031836811,6.64172671695644,6.64172671695644,,False,11.500464476745677
1490,39627847664403376,1.068185433464243,2,blue,regularized,5,-1.045975685119629,5.011490249633789,5.73878438422754,6.784760069347169,6.784760069347169,,False,11.595652503300443
1490,39627847664403376,1.068185433464243,2,red,constant,5,0.33501997590065,0.4258988380432129,0.6941186189651489,0.3590986430644989,0.3590986430644989,,False,1.056182861328125
1490,39627847664403376,1.068185433464243,2,red,powerlaw,5,0.33501997590065,0.4258988380432129,0.9057709323979397,0.5707509564972897,0.5707509564972897,,False,1.1454391674390851
1490,39627847664403376,1.068185433464243,2,red,regularized,5,0.33501997590065,0.4258988380432129,0.7320362247564727,0.39701624885582265,0.39701624885582265,,False,1.069669208137223
6975,39627835551253363,1.0018791958639717,2,blue,constant,5,6.837118625640869,2.042428970336914,4.5966105461120605,-2.2405080795288086,2.2405080795288086,0.3276977045749001,False,5.820940971374512
6975,39627835551253363,1.0018791958639717,2,blue,powerlaw,5,6.837118625640869,2.042428970336914,5.850127886409138,-0.9869907392317314,0.9869907392317314,0.14435770289698857,False,5.42239481276276
6975,39627835551253363,1.0018791958639717,2,blue,regularized,5,6.837118625640869,2.042428970336914,4.331319214092548,-2.5057994115483213,2.5057994115483213,0.36649933235778004,False,5.933902405569942
6975,39627835551253363,1.0018791958639717,2,red,constant,5,0.823095977306366,0.2617948055267334,0.9013916254043579,0.07829564809799194,0.07829564809799194,0.09512335165847784,False,0.5479114651679993
6975,39627835551253363,1.0018791958639717,2,red,powerlaw,5,0.823095977306366,0.2617948055267334,0.7591801763968138,-0.06391580090955218,0.06391580090955218,0.07765291372060973,False,0.5443355192369356
6975,39627835551253363,1.0018791958639717,2,red,regularized,5,0.823095977306366,0.2617948055267334,0.9395662095138142,0.11647023220744823,0.11647023220744823,0.14150261381255255,False,0.5647315887635384
1985,39627853708394865,0.9581712359925204,2,blue,constant,6,5.379946231842041,1.507738431294759,1.346999168395996,-4.032947063446045,4.032947063446045,0.7496259051022529,False,6.303308010101318
1985,39627853708394865,0.9581712359925204,2,blue,powerlaw,6,5.379946231842041,1.507738431294759,1.8148499579635364,-3.5650962738785044,3.5650962738785044,0.6626639226946047,False,6.005091994230261
1985,39627853708394865,0.9581712359925204,2,blue,regularized,6,5.379946231842041,1.507738431294759,1.471631892302048,-3.9083143395399933,3.9083143395399933,0.726459739766177,False,6.224303521386715
1985,39627853708394865,0.9581712359925204,2,red,constant,6,1.7458547353744507,0.17625552415847778,1.1931648254394531,-0.5526899099349976,0.5526899099349976,0.3165726785490299,False,2.333946704864502
1985,39627853708394865,0.9581712359925204,2,red,powerlaw,6,1.7458547353744507,0.17625552415847778,1.106074071353644,-0.6397806640208066,0.6397806640208066,0.36645698582911396,False,2.354018080500837
1985,39627853708394865,0.9581712359925204,2,red,regularized,6,1.7458547353744507,0.17625552415847778,1.3299527125702555,-0.4159020228041952,0.4159020228041952,0.2382225819692797,False,2.305388408245189
6235,39627829507262601,0.9214040162487822,2,blue,constant,6,2.158768892288208,0.9553389549255371,2.1056249141693115,-0.053143978118896484,0.053143978118896484,,False,2.3952198028564453
6235,39627829507262601,0.9214040162487822,2,blue,powerlaw,6,2.158768892288208,0.9553389549255371,1.3650324867879633,-0.7937364055002447,0.7937364055002447,,False,2.522827740297739
6235,39627829507262601,0.9214040162487822,2,blue,regularized,6,2.158768892288208,0.9553389549255371,1.623304235030158,-0.5354646572580499,0.5354646572580499,,False,2.453719891647032
6235,39627829507262601,0.9214040162487822,2,red,constant,6,0.6564813256263733,0.08880349000295003,0.9325399398803711,0.2760586142539978,0.2760586142539978,0.4205125164689186,False,0.3475029170513153
6235,39627829507262601,0.9214040162487822,2,red,powerlaw,6,0.6564813256263733,0.08880349000295003,0.9515438112113754,0.29506248558500214,0.29506248558500214,0.4494605925057686,False,0.36326492983663394
6235,39627829507262601,0.9214040162487822,2,red,regularized,6,0.6564813256263733,0.08880349000295003,0.927117287041451,0.27063596141507773,0.27063596141507773,0.41225233811008083,False,0.34321095701266463
3164,39627823480047092,1.0234454240720046,2,blue,constant,5,8.449907302856445,1.6725902557373047,4.16591739654541,-4.283989906311035,4.283989906311035,0.5069866156830922,False,5.773730278015137
3164,39627823480047092,1.0234454240720046,2,blue,powerlaw,5,8.449907302856445,1.6725902557373047,3.668755842927338,-4.781151459929108,4.781151459929108,0.5658229479408449,False,6.147783915293496
3164,39627823480047092,1.0234454240720046,2,blue,regularized,5,8.449907302856445,1.6725902557373047,3.822105753896089,-4.627801548960356,4.627801548960356,0.5476748303967729,False,6.0286295693259815
3164,39627823480047092,1.0234454240720046,2,red,constant,5,0.7695702314376831,0.20996372699737548,0.732471227645874,-0.03709900379180908,0.03709900379180908,0.048207430948182695,False,0.24498681724071503
3164,39627823480047092,1.0234454240720046,2,red,powerlaw,5,0.7695702314376831,0.20996372699737548,0.6816700548397501,-0.08790017659793303,0.08790017659793303,0.1142198242696071,False,0.26162721418241053
3164,39627823480047092,1.0234454240720046,2,red,regularized,5,0.7695702314376831,0.20996372699737548,0.6972158463102945,-0.07235438512738857,0.07235438512738857,0.0940192099065718,False,0.2527851863116464
6097,39627835538672106,1.0240508329893874,2,blue,constant,5,3.783062696456909,2.5961374282836913,0.2840348184108734,-3.4990278780460358,3.4990278780460358,,False,8.128840446472168
6097,39627835538672106,1.0240508329893874,2,blue,powerlaw,5,3.783062696456909,2.5961374282836913,1.667847724993599,-2.11521497146331,2.11521497146331,,False,7.634401080530971
6097,39627835538672106,1.0240508329893874,2,blue,regularized,5,3.783062696456909,2.5961374282836913,1.1924798994092267,-2.5905827970476825,2.5905827970476825,,False,7.781129268506096
6097,39627835538672106,1.0240508329893874,2,red,constant,5,0.9388296008110046,0.24623510837554932,0.9761274456977844,0.037297844886779785,0.037297844886779785,0.03972802397214593,False,0.7245008945465088
6097,39627835538672106,1.0240508329893874,2,red,powerlaw,5,0.9388296008110046,0.24623510837554932,0.8711852257039521,-0.06764437510705257,0.06764437510705257,0.0720518132881816,False,0.7269706202841114
6097,39627835538672106,1.0240508329893874,2,red,regularized,5,0.9388296008110046,0.24623510837554932,0.7670311697065458,-0.1717984311044588,0.1717984311044588,0.18299213292385683,False,0.7436566094619195
3380,39627811392063168,1.0912676335060991,2,blue,constant,5,2.100999355316162,1.9965164184570312,2.195875883102417,0.09487652778625488,0.09487652778625488,,False,5.467222690582275
3380,39627811392063168,1.0912676335060991,2,blue,powerlaw,5,2.100999355316162,1.9965164184570312,3.446085272612759,1.345085917296597,1.345085917296597,,False,5.566864539770776
3380,39627811392063168,1.0912676335060991,2,blue,regularized,5,2.100999355316162,1.9965164184570312,5.141551271925271,3.0405519166091093,3.0405519166091093,,False,6.062126772932396
3380,39627811392063168,1.0912676335060991,2,red,constant,5,0.9224101901054382,0.19039757251739503,0.8260015249252319,-0.0964086651802063,0.0964086651802063,0.10451821349587008,False,0.2444351762533188
3380,39627811392063168,1.0912676335060991,2,red,powerlaw,5,0.9224101901054382,0.19039757251739503,0.917260471745226,-0.005149718360212274,0.005149718360212274,0.0055828940480629596,False,0.2250316391604003
3380,39627811392063168,1.0912676335060991,2,red,regularized,5,0.9224101901054382,0.19039757251739503,0.8005720165533076,-0.12183817355213067,0.12183817355213067,0.13208676016274676,False,0.2555356350653826
1780,39627853695815137,1.0136417936132052,2,blue,constant,5,3.14363431930542,1.0959228515625,2.5705649852752686,-0.5730693340301514,0.5730693340301514,,False,2.54223370552063
1780,39627853695815137,1.0136417936132052,2,blue,powerlaw,5,3.14363431930542,1.0959228515625,3.0269263736539918,-0.11670794565142817,0.11670794565142817,,False,2.5010471389598212
1780,39627853695815137,1.0136417936132052,2,blue,regularized,5,3.14363431930542,1.0959228515625,2.91467430057875,-0.22896001872666982,0.22896001872666982,,False,2.502751446579182
1780,39627853695815137,1.0136417936132052,2,red,constant,5,0.7248347997665405,0.1316758394241333,0.8021804690361023,0.07734566926956177,0.07734566926956177,0.1067079964903365,False,0.32891374826431274
1780,39627853695815137,1.0136417936132052,2,red,powerlaw,5,0.7248347997665405,0.1316758394241333,0.7485617804740079,0.02372698070746737,0.02372698070746737,0.03273432886377629,False,0.3158586334604762
1780,39627853695815137,1.0136417936132052,2,red,regularized,5,0.7248347997665405,0.1316758394241333,0.7742807743423942,0.049445974575853646,0.049445974575853646,0.06821688830583124,False,0.3234915756371473
12480,39627793801153627,1.0786490455953726,2,blue,constant,5,2.652832508087158,2.1932910919189452,2.480734348297119,-0.17209815979003906,0.17209815979003906,,False,3.2116525173187256
12480,39627793801153627,1.0786490455953726,2,blue,powerlaw,5,2.652832508087158,2.1932910919189452,1.7882733583483659,-0.8645591497387923,0.8645591497387923,,False,3.3149018859010053
12480,39627793801153627,1.0786490455953726,2,blue,regularized,5,2.652832508087158,2.1932910919189452,3.22081949926953,0.5679869911823716,0.5679869911823716,,False,3.257943223699921
12480,39627793801153627,1.0786490455953726,2,red,constant,5,0.645550012588501,0.302668833732605,0.7075307369232178,0.0619807243347168,0.0619807243347168,,False,0.7432414293289185
12480,39627793801153627,1.0786490455953726,2,red,powerlaw,5,0.645550012588501,0.302668833732605,0.5766360230500398,-0.06891398953846117,0.06891398953846117,,False,0.7463330241512367
12480,39627793801153627,1.0786490455953726,2,red,regularized,5,0.645550012588501,0.302668833732605,0.6134458982260056,-0.032104114362495384,0.032104114362495384,,False,0.7413480392875312
8566,39627823492630330,0.9718097678787416,2,blue,constant,6,-0.03237388655543327,0.545261025428772,0.33910635113716125,0.37148023769259453,0.37148023769259453,,False,0.9915912747383118
8566,39627823492630330,0.9718097678787416,2,blue,powerlaw,6,-0.03237388655543327,0.545261025428772,0.3844406969760812,0.41681458353151446,0.41681458353151446,,False,1.0092560895060931
8566,39627823492630330,0.9718097678787416,2,blue,regularized,6,-0.03237388655543327,0.545261025428772,0.4865742531360789,0.5189481396915121,0.5189481396915121,,False,1.05572862908489
8566,39627823492630330,0.9718097678787416,2,red,constant,6,0.8400130271911621,0.0871256689230601,0.9599832892417908,0.11997026205062866,0.11997026205062866,0.142819525611151,False,0.29416605830192566
8566,39627823492630330,0.9718097678787416,2,red,powerlaw,6,0.8400130271911621,0.0871256689230601,1.0249613534195,0.1849483262283378,0.1849483262283378,0.22017316427433098,False,0.3256345624088117
8566,39627823492630330,0.9718097678787416,2,red,regularized,6,0.8400130271911621,0.0871256689230601,0.9518594170303117,0.11184638983914963,0.11184638983914963,0.13314839915416776,False,0.29094745124368476
12403,39627787757163659,1.0329850343826417,2,blue,constant,5,3.793299436569214,1.9289129257202149,3.024081230163574,-0.7692182064056396,0.7692182064056396,,False,2.288700580596924
12403,39627787757163659,1.0329850343826417,2,blue,powerlaw,5,3.793299436569214,1.9289129257202149,1.9817957819765362,-1.8115036545926777,1.8115036545926777,,False,2.810103158482813
12403,39627787757163659,1.0329850343826417,2,blue,regularized,5,3.793299436569214,1.9289129257202149,4.724297610481287,0.930998173912073,0.930998173912073,,False,2.0738835388208616
12403,39627787757163659,1.0329850343826417,2,red,constant,5,0.4188162386417389,0.18324557542800904,0.752591073513031,0.3337748348712921,0.3337748348712921,,False,0.5086829662322998
12403,39627787757163659,1.0329850343826417,2,red,powerlaw,5,0.4188162386417389,0.18324557542800904,0.8115442284111948,0.3927279897694559,0.3927279897694559,,False,0.5480155732971839
12403,39627787757163659,1.0329850343826417,2,red,regularized,5,0.4188162386417389,0.18324557542800904,0.9046199416312437,0.4858037029895048,0.4858037029895048,,False,0.6191590329487218
9386,39627853679035209,1.189018634339216,2,blue,constant,5,0.005974388215690851,2.2619150161743162,1.3465148210525513,1.3405404328368604,1.3405404328368604,,False,6.153051376342773
9386,39627853679035209,1.189018634339216,2,blue,powerlaw,5,0.005974388215690851,2.2619150161743162,1.4514246252286542,1.4454502370129634,1.4454502370129634,,False,6.1708758302252145
9386,39627853679035209,1.189018634339216,2,blue,regularized,5,0.005974388215690851,2.2619150161743162,1.1094318202496352,1.1034574320339443,1.1034574320339443,,False,6.105785376615925
9386,39627853679035209,1.189018634339216,2,red,constant,5,1.1504108905792236,0.24985506534576415,0.7958759665489197,-0.35453492403030396,0.35453492403030396,0.3081811263554695,False,0.6280818581581116
9386,39627853679035209,1.189018634339216,2,red,powerlaw,5,1.1504108905792236,0.24985506534576415,0.7272612202031612,-0.42314967037606244,0.42314967037606244,0.3678248127180104,False,0.6708437407123057
9386,39627853679035209,1.189018634339216,2,red,regularized,5,1.1504108905792236,0.24985506534576415,0.525738207530731,-0.6246726830484927,0.6246726830484927,0.5429996257545636,False,0.8117929403065537
11813,39627793792766234,1.0867696627620382,2,blue,constant,5,3.8695919513702393,3.784046173095703,2.616114854812622,-1.2534770965576172,1.2534770965576172,,False,5.14558744430542
11813,39627793792766234,1.0867696627620382,2,blue,powerlaw,5,3.8695919513702393,3.784046173095703,3.6716599106243946,-0.1979320407458447,0.1979320407458447,,False,5.029698353901894
11813,39627793792766234,1.0867696627620382,2,blue,regularized,5,3.8695919513702393,3.784046173095703,3.194476460834744,-0.6751154905354952,0.6751154905354952,,False,5.036034810711674
11813,39627793792766234,1.0867696627620382,2,red,constant,5,0.6126003265380859,0.39084296226501464,0.5945912003517151,-0.01800912618637085,0.01800912618637085,,False,0.928551435470581
11813,39627793792766234,1.0867696627620382,2,red,powerlaw,5,0.6126003265380859,0.39084296226501464,0.764916847658466,0.15231652112038008,0.15231652112038008,,False,0.9411814744149598
11813,39627793792766234,1.0867696627620382,2,red,regularized,5,0.6126003265380859,0.39084296226501464,0.6341580279478753,0.02155770140978941,0.02155770140978941,,False,0.9286270095720419
6200,39627823467465693,1.1563689484093942,2,blue,constant,5,-0.632826030254364,2.057018280029297,1.2066092491149902,1.8394352793693542,1.8394352793693542,,False,2.420491933822632
6200,39627823467465693,1.1563689484093942,2,blue,powerlaw,5,-0.632826030254364,2.057018280029297,1.4869134830583035,2.1197395133126675,2.1197395133126675,,False,2.6432602212397502
6200,39627823467465693,1.1563689484093942,2,blue,regularized,5,-0.632826030254364,2.057018280029297,0.7884783773177672,1.4213044075721313,1.4213044075721313,,False,2.1203543079337
6200,39627823467465693,1.1563689484093942,2,red,constant,5,1.3682769536972046,0.2983074426651001,0.8750259280204773,-0.4932510256767273,0.4932510256767273,0.3604906333793898,False,0.9637843370437622
6200,39627823467465693,1.1563689484093942,2,red,powerlaw,5,1.3682769536972046,0.2983074426651001,0.9536520548985891,-0.4146248987986155,0.4146248987986155,0.3030270280283992,False,0.9275588117851092
6200,39627823467465693,1.1563689484093942,2,red,regularized,5,1.3682769536972046,0.2983074426651001,0.8507136970583511,-0.5175632566388535,0.5175632566388535,0.3782591347755673,False,0.9812685318713946
9866,39627847639239192,1.0062082556314522,2,blue,constant,5,1.926987886428833,0.8516039848327637,2.2548861503601074,0.3278982639312744,0.3278982639312744,,False,2.3126988410949707
9866,39627847639239192,1.0062082556314522,2,blue,powerlaw,5,1.926987886428833,0.8516039848327637,2.3314070674287075,0.4044191809998745,0.4044191809998745,,False,2.367817121112196
9866,39627847639239192,1.0062082556314522,2,blue,regularized,5,1.926987886428833,0.8516039848327637,2.8530171646115647,0.9260292781827317,0.9260292781827317,,False,2.5316554565176554
9866,39627847639239192,1.0062082556314522,2,red,constant,5,1.1714985370635986,0.111900794506073,0.8473436236381531,-0.32415491342544556,0.32415491342544556,0.2767010825621268,False,0.6940596103668213
9866,39627847639239192,1.0062082556314522,2,red,powerlaw,5,1.1714985370635986,0.111900794506073,0.900009208632019,-0.2714893284315796,0.2714893284315796,0.23174534140868577,False,0.6698803250582823
9866,39627847639239192,1.0062082556314522,2,red,regularized,5,1.1714985370635986,0.111900794506073,0.7822866152717421,-0.3892119217918565,0.3892119217918565,0.33223423630338417,False,0.7267243414300747
1381,39627847656014425,0.9614720304759592,2,blue,constant,6,0.3116534650325775,0.5705147186915079,0.10869493335485458,-0.20295853167772293,0.20295853167772293,,False,1.792385458946228
1381,39627847656014425,0.9614720304759592,2,blue,powerlaw,6,0.3116534650325775,0.5705147186915079,0.15489288538810844,-0.15676057964446907,0.15676057964446907,,False,1.7884959364618553
1381,39627847656014425,0.9614720304759592,2,blue,regularized,6,0.3116534650325775,0.5705147186915079,0.08386193357901772,-0.2277915314535598,0.2277915314535598,,False,1.797324212899595
1381,39627847656014425,0.9614720304759592,2,red,constant,6,0.9996280074119568,0.09454001983006795,1.3061699867248535,0.30654197931289673,0.30654197931289673,0.30665605309172544,False,0.41971245408058167
1381,39627847656014425,0.9614720304759592,2,red,powerlaw,6,0.9996280074119568,0.09454001983006795,1.3024750498706996,0.30284704245874283,0.30284704245874283,0.30295974123695846,False,0.417788616546635
1381,39627847656014425,0.9614720304759592,2,red,regularized,6,0.9996280074119568,0.09454001983006795,1.2914634283793107,0.29183542096735393,0.29183542096735393,0.2919440219796539,False,0.40909472398626634
2293,39627835584807452,1.0932524269936637,2,blue,constant,5,0.9621802568435669,2.170873832702637,-0.1966390758752823,-1.1588193327188492,1.1588193327188492,,True,2.8475546836853027
2293,39627835584807452,1.0932524269936637,2,blue,powerlaw,5,0.9621802568435669,2.170873832702637,0.6431382343546073,-0.31904202248895963,0.31904202248895963,,False,2.623102181347627
2293,39627835584807452,1.0932524269936637,2,blue,regularized,5,0.9621802568435669,2.170873832702637,-1.1292109287447474,-2.0913911855883143,2.0913911855883143,,True,3.338979224337163
2293,39627835584807452,1.0932524269936637,2,red,constant,5,1.4184372425079346,0.2173696756362915,1.1901960372924805,-0.2282412052154541,0.2282412052154541,0.16091033030964522,False,0.7229341268539429
2293,39627835584807452,1.0932524269936637,2,red,powerlaw,5,1.4184372425079346,0.2173696756362915,1.1452094104966926,-0.273227832011242,0.273227832011242,0.19262595751374148,False,0.7321685874211805
2293,39627835584807452,1.0932524269936637,2,red,regularized,5,1.4184372425079346,0.2173696756362915,1.3315572532430062,-0.08687998926492835,0.08687998926492835,0.06125049925459945,False,0.691438977733062
477,39627568982262493,1.0094952508481922,2,blue,constant,5,2.9844658374786377,1.761639404296875,1.6236530542373657,-1.360812783241272,1.360812783241272,,False,2.936951160430908
477,39627568982262493,1.0094952508481922,2,blue,powerlaw,5,2.9844658374786377,1.761639404296875,1.952200229872784,-1.0322656076058536,1.0322656076058536,,False,2.782599346620307
477,39627568982262493,1.0094952508481922,2,blue,regularized,5,2.9844658374786377,1.761639404296875,2.1797474407345065,-0.8047183967441311,0.8047183967441311,,False,2.7008665990058702
477,39627568982262493,1.0094952508481922,2,red,constant,5,1.2186211347579956,0.1698957562446594,1.0319900512695312,-0.18663108348846436,0.18663108348846436,0.1531493900485545,False,0.5487899780273438
477,39627568982262493,1.0094952508481922,2,red,powerlaw,5,1.2186211347579956,0.1698957562446594,1.0807991674115673,-0.13782196734642826,0.13782196734642826,0.11309664949623424,False,0.5344644714171322
477,39627568982262493,1.0094952508481922,2,red,regularized,5,1.2186211347579956,0.1698957562446594,0.9839403836014448,-0.23468075115655085,0.23468075115655085,0.19257892749673655,False,0.5669341421264918
5233,39627853695812949,1.145719686853517,2,blue,constant,5,5.159924507141113,2.3924432754516602,2.377500295639038,-2.782424211502075,2.782424211502075,,False,3.058372735977173
5233,39627853695812949,1.145719686853517,2,blue,powerlaw,5,5.159924507141113,2.3924432754516602,2.458093189876449,-2.701831317264664,2.701831317264664,,False,2.9887310197717625
5233,39627853695812949,1.145719686853517,2,blue,regularized,5,5.159924507141113,2.3924432754516602,3.0415537293748316,-2.1183707777662817,2.1183707777662817,,False,2.4691623317812468
5233,39627853695812949,1.145719686853517,2,red,constant,5,1.1463278532028198,0.2765770196914673,0.9209655523300171,-0.22536230087280273,0.22536230087280273,0.1965949795629099,False,0.2564011514186859
5233,39627853695812949,1.145719686853517,2,red,powerlaw,5,1.1463278532028198,0.2765770196914673,0.6252184359437252,-0.5211094172590947,0.5211094172590947,0.45459020803090855,False,0.5360170120034102
5233,39627853695812949,1.145719686853517,2,red,regularized,5,1.1463278532028198,0.2765770196914673,0.7507067876972621,-0.39562106550555776,0.39562106550555776,0.3451203461559444,False,0.41408865337820866
7082,39627823492630790,0.9002042245453433,2,blue,constant,6,1.504828929901123,0.6658504406611124,2.031602621078491,0.5267736911773682,0.5267736911773682,,False,1.666212797164917
7082,39627823492630790,0.9002042245453433,2,blue,powerlaw,6,1.504828929901123,0.6658504406611124,2.150898396133961,0.6460694662328379,0.6460694662328379,,False,1.7356765224002064
7082,39627823492630790,0.9002042245453433,2,blue,regularized,6,1.504828929901123,0.6658504406611124,2.390111186935927,0.8852822570348038,0.8852822570348038,,False,1.847946298563745
7082,39627823492630790,0.9002042245453433,2,red,constant,6,0.8260766863822937,0.09103236595789592,0.8282421231269836,0.0021654367446899414,0.0021654367446899414,0.002621350753975661,False,0.10983653366565704
7082,39627823492630790,0.9002042245453433,2,red,powerlaw,6,0.8260766863822937,0.09103236595789592,0.8472577954910162,0.021181109108722507,0.021181109108722507,0.02564060874479184,False,0.11389181228702351
7082,39627823492630790,0.9002042245453433,2,red,regularized,6,0.8260766863822937,0.09103236595789592,0.6792172021975665,-0.14685948418472716,0.14685948418472716,0.17777948053210546,False,0.18337685756636468
11610,39627787761355818,1.1737626833823935,2,blue,constant,5,4.551375389099121,2.5326601028442384,3.070216178894043,-1.4811592102050781,1.4811592102050781,,False,3.8536322116851807
11610,39627787761355818,1.1737626833823935,2,blue,powerlaw,5,4.551375389099121,2.5326601028442384,2.753995454713295,-1.7973799343858259,1.7973799343858259,,False,3.9762961023927543
11610,39627787761355818,1.1737626833823935,2,blue,regularized,5,4.551375389099121,2.5326601028442384,3.2789950129228367,-1.2723803761762844,1.2723803761762844,,False,3.77830657650363
11610,39627787761355818,1.1737626833823935,2,red,constant,5,0.26645880937576294,0.33266260623931887,0.5762443542480469,0.30978554487228394,0.30978554487228394,,False,0.41463372111320496
11610,39627787761355818,1.1737626833823935,2,red,powerlaw,5,0.26645880937576294,0.33266260623931887,0.7510595950082558,0.48460078563249287,0.48460078563249287,,False,0.5566760588223413
11610,39627787761355818,1.1737626833823935,2,red,regularized,5,0.26645880937576294,0.33266260623931887,0.49772381761543,0.23126500823966706,0.23126500823966706,,False,0.35587339926659944
3550,39627823475851414,0.9802129904899328,2,blue,constant,6,-5.8296661376953125,1.9949571291605632,1.370637059211731,7.2003031969070435,7.2003031969070435,,False,8.217174530029297
3550,39627823475851414,0.9802129904899328,2,blue,powerlaw,6,-5.8296661376953125,1.9949571291605632,5.739372266377174,11.569038404072487,11.569038404072487,,False,12.467002191824022
3550,39627823475851414,0.9802129904899328,2,blue,regularized,6,-5.8296661376953125,1.9949571291605632,3.176476696749463,9.006142834444775,9.006142834444775,,False,9.89003274133503
3550,39627823475851414,0.9802129904899328,2,red,constant,6,1.730735182762146,0.20180873076121011,0.9018306732177734,-0.8289045095443726,0.8289045095443726,0.47893202715246846,False,1.6315234899520874
3550,39627823475851414,0.9802129904899328,2,red,powerlaw,6,1.730735182762146,0.20180873076121011,0.8897769017974545,-0.8409582809646915,0.8409582809646915,0.48589656542520515,False,1.6420586763724465
3550,39627823475851414,0.9802129904899328,2,red,regularized,6,1.730735182762146,0.20180873076121011,0.7949370189807369,-0.9357981637814091,0.9357981637814091,0.5406940201492485,False,1.6883436636502185
4295,39627859723028549,0.9795452138919064,2,blue,constant,6,1.2664941549301147,1.1821315288543701,0.5228545665740967,-0.7436395883560181,0.7436395883560181,,False,2.791876792907715
4295,39627859723028549,0.9795452138919064,2,blue,powerlaw,6,1.2664941549301147,1.1821315288543701,1.0597797908443505,-0.20671436408576427,0.20671436408576427,,False,2.6951454989556978
4295,39627859723028549,0.9795452138919064,2,blue,regularized,6,1.2664941549301147,1.1821315288543701,0.7331381741248723,-0.5333559808052425,0.5333559808052425,,False,2.743363757169837
4295,39627859723028549,0.9795452138919064,2,red,constant,6,1.0275557041168213,0.18288572629292807,0.7108712792396545,-0.31668442487716675,0.31668442487716675,0.30819197792236025,False,0.5004097819328308
4295,39627859723028549,0.9795452138919064,2,red,powerlaw,6,1.0275557041168213,0.18288572629292807,0.6998283175608754,-0.3277273865559459,0.3277273865559459,0.3189388032618882,False,0.5138076037588745
4295,39627859723028549,0.9795452138919064,2,red,regularized,6,1.0275557041168213,0.18288572629292807,0.7783058127683372,-0.24924989134848408,0.24924989134848408,0.24256581940023683,False,0.46062194462339623
11018,39627865741854922,0.9629256274550756,2,blue,constant,6,2.9028127193450928,1.645337422688802,2.8451974391937256,-0.05761528015136719,0.05761528015136719,,False,4.94503927230835
11018,39627865741854922,0.9629256274550756,2,blue,powerlaw,6,2.9028127193450928,1.645337422688802,2.871677544388417,-0.031135174956675726,0.031135174956675726,,False,5.025261630893834
11018,39627865741854922,0.9629256274550756,2,blue,regularized,6,2.9028127193450928,1.645337422688802,2.5540498216957737,-0.3487628976493191,0.3487628976493191,,False,4.956988355192165
11018,39627865741854922,0.9629256274550756,2,red,constant,6,0.8724928498268127,0.22675389051437378,0.8364343643188477,-0.03605848550796509,0.03605848550796509,0.041328115772092104,False,0.5804314017295837
11018,39627865741854922,0.9629256274550756,2,red,powerlaw,6,0.8724928498268127,0.22675389051437378,0.7057573623591175,-0.1667354874676953,0.1667354874676953,0.1911024113272582,False,0.5925579467750719
11018,39627865741854922,0.9629256274550756,2,red,regularized,6,0.8724928498268127,0.22675389051437378,0.7312001674454813,-0.1412926823813314,0.1412926823813314,0.16194136422937747,False,0.5962919326226676
12672,39627787757159594,0.9685256654240412,2,blue,constant,6,2.122563362121582,1.2854605515797932,1.9983159303665161,-0.12424743175506592,0.12424743175506592,,False,1.6551867723464966
12672,39627787757159594,0.9685256654240412,2,blue,powerlaw,6,2.122563362121582,1.2854605515797932,1.7344145626654555,-0.38814879945612657,0.38814879945612657,,False,1.6929931148712045
12672,39627787757159594,0.9685256654240412,2,blue,regularized,6,2.122563362121582,1.2854605515797932,2.785478616311924,0.662915254190342,0.662915254190342,,False,1.7786687113227413
12672,39627787757159594,0.9685256654240412,2,red,constant,6,0.7609612941741943,0.169142484664917,0.975456178188324,0.21449488401412964,0.21449488401412964,0.28187357971590715,False,0.40021219849586487
12672,39627787757159594,0.9685256654240412,2,red,powerlaw,6,0.7609612941741943,0.169142484664917,1.0111923892728223,0.25023109509862795,0.25023109509862795,0.32883550978789555,False,0.42084109604026876
12672,39627787757159594,0.9685256654240412,2,red,regularized,6,0.7609612941741943,0.169142484664917,1.1856458888241992,0.42468459465000485,0.42468459465000485,0.558089613625984,False,0.5426958076102814
4275,39627853683232410,1.0111630182127844,2,blue,constant,5,-0.5377844572067261,1.141566562652588,-0.06090657785534859,0.4768778793513775,0.4768778793513775,,True,1.461362600326538
4275,39627853683232410,1.0111630182127844,2,blue,powerlaw,5,-0.5377844572067261,1.141566562652588,0.0886546282043357,0.6264390854110617,0.6264390854110617,,False,1.515895636314367
4275,39627853683232410,1.0111630182127844,2,blue,regularized,5,-0.5377844572067261,1.141566562652588,0.15174924390899283,0.6895337011157189,0.6895337011157189,,False,1.543899225489197
4275,39627853683232410,1.0111630182127844,2,red,constant,5,1.085601568222046,0.07787253856658935,1.076520562171936,-0.009081006050109863,0.009081006050109863,0.008364952958738228,False,0.2293396294116974
4275,39627853683232410,1.0111630182127844,2,red,powerlaw,5,1.085601568222046,0.07787253856658935,1.1758705140728765,0.09026894585083056,0.09026894585083056,0.08315108276664465,False,0.24634314085468484
4275,39627853683232410,1.0111630182127844,2,red,regularized,5,1.085601568222046,0.07787253856658935,1.2994469744930015,0.2138454062709556,0.2138454062709556,0.19698332475807206,False,0.31656906246121475
12853,39627793801151080,1.1472725177272476,2,blue,constant,5,-0.14982962608337402,2.687366485595703,1.79915452003479,1.948984146118164,1.948984146118164,,False,5.849048137664795
12853,39627793801151080,1.1472725177272476,2,blue,powerlaw,5,-0.14982962608337402,2.687366485595703,2.180747911551941,2.330577537635315,2.330577537635315,,False,5.987703652489867
12853,39627793801151080,1.1472725177272476,2,blue,regularized,5,-0.14982962608337402,2.687366485595703,2.1958927085764044,2.3457223346597784,2.3457223346597784,,False,5.992932680213977
12853,39627793801151080,1.1472725177272476,2,red,constant,5,0.5487613677978516,0.5591392993927002,0.6138752698898315,0.06511390209197998,0.06511390209197998,,False,1.0671873092651367
12853,39627793801151080,1.1472725177272476,2,red,powerlaw,5,0.5487613677978516,0.5591392993927002,0.6802252526823225,0.13146388488447092,0.13146388488447092,,False,1.0679755763023062
12853,39627793801151080,1.1472725177272476,2,red,regularized,5,0.5487613677978516,0.5591392993927002,0.9406002873196291,0.3918389195217775,0.3918389195217775,,False,1.1349830652273225
5328,39627865771213290,1.0664890382566623,2,blue,constant,5,2.595324993133545,2.347414970397949,2.1521995067596436,-0.44312548637390137,0.44312548637390137,,False,8.112919807434082
5328,39627865771213290,1.0664890382566623,2,blue,powerlaw,5,2.595324993133545,2.347414970397949,3.484920588096184,0.8895955949626391,0.8895955949626391,,False,8.21524524803685
5328,39627865771213290,1.0664890382566623,2,blue,regularized,5,2.595324993133545,2.347414970397949,-0.4874222845341589,-3.082747277667704,3.082747277667704,,True,8.66723744910198
5328,39627865771213290,1.0664890382566623,2,red,constant,5,0.7316927909851074,0.25801470279693606,1.0465922355651855,0.3148994445800781,0.3148994445800781,,False,0.36260756850242615
5328,39627865771213290,1.0664890382566623,2,red,powerlaw,5,0.7316927909851074,0.25801470279693606,0.8834250102097393,0.15173221922463187,0.15173221922463187,,False,0.23064738098491766
5328,39627865771213290,1.0664890382566623,2,red,regularized,5,0.7316927909851074,0.25801470279693606,0.9749044295680529,0.24321163858294548,0.24321163858294548,,False,0.30244749098259144
6084,39627829498872893,0.952439327200422,2,blue,constant,6,1.7261110544204712,1.5995203653971355,0.6360636353492737,-1.0900474190711975,1.0900474190711975,,False,2.8155617713928223
6084,39627829498872893,0.952439327200422,2,blue,powerlaw,6,1.7261110544204712,1.5995203653971355,0.8594691067160944,-0.8666419477043767,0.8666419477043767,,False,2.741358058920828
6084,39627829498872893,0.952439327200422,2,blue,regularized,6,1.7261110544204712,1.5995203653971355,-3.1295689668870144,-4.855680021307485,4.855680021307485,,True,5.508397248458549
6084,39627829498872893,0.952439327200422,2,red,constant,6,0.6054051518440247,0.1881056030591329,0.6904672980308533,0.08506214618682861,0.08506214618682861,0.14050449674525375,False,1.1075667142868042
6084,39627829498872893,0.952439327200422,2,red,powerlaw,6,0.6054051518440247,0.1881056030591329,0.7071445954353188,0.10173944359129417,0.10173944359129417,0.16805182988846798,False,1.10368165122733
6084,39627829498872893,0.952439327200422,2,red,regularized,6,0.6054051518440247,0.1881056030591329,0.6029256457249268,-0.002479506119097863,0.002479506119097863,0.004095614501372261,False,1.103821999835086
5838,39627829498872497,1.1666063967926943,2,blue,constant,5,0.23466873168945312,1.8703710556030273,4.0738091468811035,3.8391404151916504,3.8391404151916504,,False,5.805070400238037
5838,39627829498872497,1.1666063967926943,2,blue,powerlaw,5,0.23466873168945312,1.8703710556030273,3.5234839734993555,3.2888152418099024,3.2888152418099024,,False,5.526340152229709
5838,39627829498872497,1.1666063967926943,2,blue,regularized,5,0.23466873168945312,1.8703710556030273,4.542291744000433,4.30762301231098,4.30762301231098,,False,6.124754356157891
5838,39627829498872497,1.1666063967926943,2,red,constant,5,0.49094581604003906,0.27608575820922854,0.7885497808456421,0.297603964805603,0.297603964805603,,False,0.6745629906654358
5838,39627829498872497,1.1666063967926943,2,red,powerlaw,5,0.49094581604003906,0.27608575820922854,1.0153641376303668,0.5244183215903278,0.5244183215903278,,False,0.800893268846181
5838,39627829498872497,1.1666063967926943,2,red,regularized,5,0.49094581604003906,0.27608575820922854,0.8114489761578032,0.32050316011776414,0.32050316011776414,,False,0.6849739969445258
3813,39627811392066865,0.9369611777673008,2,blue,constant,6,4.238454341888428,1.7842199007670085,4.154816150665283,-0.08363819122314453,0.08363819122314453,,False,5.427587032318115
3813,39627811392066865,0.9369611777673008,2,blue,powerlaw,6,4.238454341888428,1.7842199007670085,5.921577451969042,1.683123110080614,1.683123110080614,,False,5.875449500806968
3813,39627811392066865,0.9369611777673008,2,blue,regularized,6,4.238454341888428,1.7842199007670085,4.9701788128494435,0.7317244709610158,0.7317244709610158,,False,5.548229466662019
3813,39627811392066865,0.9369611777673008,2,red,constant,6,0.8590582013130188,0.15670788288116455,0.7998707294464111,-0.059187471866607666,0.059187471866607666,0.0688980930234333,False,0.46680188179016113
3813,39627811392066865,0.9369611777673008,2,red,powerlaw,6,0.8590582013130188,0.15670788288116455,0.7546737797032724,-0.10438442160974637,0.10438442160974637,0.12151030215438378,False,0.47286959797488637
3813,39627811392066865,0.9369611777673008,2,red,regularized,6,0.8590582013130188,0.15670788288116455,0.8519657823112835,-0.007092419001735295,0.007092419001735295,0.008256040150591611,False,0.46308869723425483
8893,39627847626656157,1.054975358164484,2,blue,constant,5,3.3888206481933594,2.7440542221069335,4.49393892288208,1.1051182746887207,1.1051182746887207,,False,5.824986457824707
8893,39627847626656157,1.054975358164484,2,blue,powerlaw,5,3.3888206481933594,2.7440542221069335,4.7268719589212616,1.3380513107279022,1.3380513107279022,,False,5.9738578949504
8893,39627847626656157,1.054975358164484,2,blue,regularized,5,3.3888206481933594,2.7440542221069335,4.4234192077439145,1.0345985595505551,1.0345985595505551,,False,5.83517389011337
8893,39627847626656157,1.054975358164484,2,red,constant,5,0.7846970558166504,0.4139223575592041,0.6936020255088806,-0.09109503030776978,0.09109503030776978,,False,0.8285372853279114
8893,39627847626656157,1.054975358164484,2,red,powerlaw,5,0.7846970558166504,0.4139223575592041,0.7516916352783276,-0.03300542053832278,0.03300542053832278,,False,0.8308209623171451
8893,39627847626656157,1.054975358164484,2,red,regularized,5,0.7846970558166504,0.4139223575592041,0.7516227644257018,-0.03307429139094864,0.03307429139094864,,False,0.8241781792903569
7129,39627835568034526,0.9622849405679702,2,blue,constant,6,0.3540290892124176,0.9869383970896403,1.5184754133224487,1.1644463241100311,1.1644463241100311,,False,1.8595439195632935
7129,39627835568034526,0.9622849405679702,2,blue,powerlaw,6,0.3540290892124176,0.9869383970896403,1.910300556838829,1.5562714676264113,1.5562714676264113,,False,2.1590119668078303
7129,39627835568034526,0.9622849405679702,2,blue,regularized,6,0.3540290892124176,0.9869383970896403,1.7653846111773046,1.411355521964887,1.411355521964887,,False,2.047133087283259
7129,39627835568034526,0.9622849405679702,2,red,constant,6,0.4150889813899994,0.15983199079831442,0.6738698482513428,0.2587808668613434,0.2587808668613434,,False,0.49209025502204895
7129,39627835568034526,0.9622849405679702,2,red,powerlaw,6,0.4150889813899994,0.15983199079831442,0.6849278109744268,0.2698388295844274,0.2698388295844274,,False,0.4913470798481914
7129,39627835568034526,0.9622849405679702,2,red,regularized,6,0.4150889813899994,0.15983199079831442,0.35589181936540726,-0.05919716202459213,0.05919716202459213,,False,0.3789242518249513
1539,39627847664403132,1.0015033843829886,2,blue,constant,5,4.164739608764648,2.258961486816406,1.8609634637832642,-2.3037761449813843,2.3037761449813843,,False,3.770815849304199
1539,39627847664403132,1.0015033843829886,2,blue,powerlaw,5,4.164739608764648,2.258961486816406,3.465731256838383,-0.6990083519262655,0.6990083519262655,,False,3.0790047257392934
1539,39627847664403132,1.0015033843829886,2,blue,regularized,5,4.164739608764648,2.258961486816406,1.8810550263567491,-2.2836845824078993,2.2836845824078993,,False,3.737049979400709
1539,39627847664403132,1.0015033843829886,2,red,constant,5,0.8035593032836914,0.26606791019439696,0.7580486536026001,-0.04551064968109131,0.04551064968109131,0.056636329758258136,False,0.39005914330482483
1539,39627847664403132,1.0015033843829886,2,red,powerlaw,5,0.8035593032836914,0.26606791019439696,0.7030156600774695,-0.10054364320622189,0.10054364320622189,0.12512286622201624,False,0.4018851246263325
1539,39627847664403132,1.0015033843829886,2,red,regularized,5,0.8035593032836914,0.26606791019439696,0.6037580265137622,-0.1998012767699292,0.1998012767699292,0.24864534074019756,False,0.4385760102675348
7958,39627829524041854,0.9954448438911186,2,blue,constant,6,0.8289434313774109,0.492532213528951,1.128804087638855,0.2998606562614441,0.2998606562614441,,False,0.733497679233551
7958,39627829524041854,0.9954448438911186,2,blue,powerlaw,6,0.8289434313774109,0.492532213528951,1.3061362632048314,0.47719283182742056,0.47719283182742056,,False,0.8279771134759939
7958,39627829524041854,0.9954448438911186,2,blue,regularized,6,0.8289434313774109,0.492532213528951,1.5640637072241859,0.735120275846775,0.735120275846775,,False,0.9997190202495928
7958,39627829524041854,0.9954448438911186,2,red,constant,6,0.7455920577049255,0.05865562458833059,0.7896011471748352,0.04400908946990967,0.04400908946990967,0.059025695103805204,False,0.16996793448925018
7958,39627829524041854,0.9954448438911186,2,red,powerlaw,6,0.7455920577049255,0.05865562458833059,0.7716960959849658,0.026104038280040265,0.026104038280040265,0.03501115390149604,False,0.16414091806228923
7958,39627829524041854,0.9954448438911186,2,red,regularized,6,0.7455920577049255,0.05865562458833059,0.7680161838259024,0.022424126120976884,0.022424126120976884,0.030075596821675675,False,0.1656959243125471
2458,39627841624606483,1.106843606195938,2,blue,constant,5,3.7577271461486816,2.3643625259399412,2.4790289402008057,-1.278698205947876,1.278698205947876,,False,4.909616470336914
2458,39627841624606483,1.106843606195938,2,blue,powerlaw,5,3.7577271461486816,2.3643625259399412,2.600747229924766,-1.1569799162239156,1.1569799162239156,,False,4.857357289287233
2458,39627841624606483,1.106843606195938,2,blue,regularized,5,3.7577271461486816,2.3643625259399412,2.550519663464779,-1.2072074826839025,1.2072074826839025,,False,4.891483529448414
2458,39627841624606483,1.106843606195938,2,red,constant,5,0.6326874494552612,0.2620975971221924,0.699242353439331,0.06655490398406982,0.06655490398406982,,False,0.6831569671630859
2458,39627841624606483,1.106843606195938,2,red,powerlaw,5,0.6326874494552612,0.2620975971221924,0.6047868810060785,-0.02790056844918276,0.02790056844918276,,False,0.6742348952224243
2458,39627841624606483,1.106843606195938,2,red,regularized,5,0.6326874494552612,0.2620975971221924,-0.23166966737689787,-0.8643571168321591,0.8643571168321591,,True,1.0995905995914819
10712,39627853670648244,0.9616620629562508,2,blue,constant,6,2.3889195919036865,2.1422144571940103,2.7861087322235107,0.3971891403198242,0.3971891403198242,,False,2.9821999073028564
10712,39627853670648244,0.9616620629562508,2,blue,powerlaw,6,2.3889195919036865,2.1422144571940103,1.6280274009582525,-0.760892190945434,0.760892190945434,,False,3.050624129242262
10712,39627853670648244,0.9616620629562508,2,blue,regularized,6,2.3889195919036865,2.1422144571940103,2.159494219280971,-0.22942537262271534,0.22942537262271534,,False,3.0059348391020695
10712,39627853670648244,0.9616620629562508,2,red,constant,6,2.838289499282837,0.29472092787424725,0.9299842715263367,-1.9083052277565002,1.9083052277565002,0.6723434055048578,False,5.518919467926025
10712,39627853670648244,0.9616620629562508,2,red,powerlaw,6,2.838289499282837,0.29472092787424725,0.9415238348119335,-1.8967656644709034,1.8967656644709034,0.6682777302844434,False,5.518040343172053
10712,39627853670648244,0.9616620629562508,2,red,regularized,6,2.838289499282837,0.29472092787424725,0.7144802815624535,-2.1238092177203836,2.1238092177203836,0.7482708223586833,False,5.597089137459693
941,39627841620416018,0.996904941953594,2,blue,constant,6,0.9183470606803894,0.30665796995162964,0.23733963072299957,-0.6810074299573898,0.6810074299573898,,False,1.001721739768982
941,39627841620416018,0.996904941953594,2,blue,powerlaw,6,0.9183470606803894,0.30665796995162964,0.3457017160676564,-0.5726453446127331,0.5726453446127331,,False,0.9297178255460496
941,39627841620416018,0.996904941953594,2,blue,regularized,6,0.9183470606803894,0.30665796995162964,0.04213296676100889,-0.8762140939193805,0.8762140939193805,,False,1.1434388297545666
941,39627841620416018,0.996904941953594,2,red,constant,6,0.8923446536064148,0.049656217296918236,1.1775225400924683,0.28517788648605347,0.28517788648605347,0.31958266946914043,False,0.33369505405426025
941,39627841620416018,0.996904941953594,2,red,powerlaw,6,0.8923446536064148,0.049656217296918236,1.1843104936730244,0.29196584006660964,0.29196584006660964,0.3271895437336106,False,0.3394368472119164
941,39627841620416018,0.996904941953594,2,red,regularized,6,0.8923446536064148,0.049656217296918236,1.1494954514581137,0.2571507978516989,0.2571507978516989,0.28817430217396706,False,0.3100846579925921
9981,39627853674840731,1.0248541434337308,2,blue,constant,5,4.830117225646973,1.4567441940307617,3.181051015853882,-1.6490662097930908,1.6490662097930908,0.34141328931663883,False,3.518242597579956
9981,39627853674840731,1.0248541434337308,2,blue,powerlaw,5,4.830117225646973,1.4567441940307617,3.4125993092167404,-1.4175179164302323,1.4175179164302323,0.2934748475468651,False,3.4155690206412745
9981,39627853674840731,1.0248541434337308,2,blue,regularized,5,4.830117225646973,1.4567441940307617,3.195109914321262,-1.6350073113257109,1.6350073113257109,0.33850261493533607,False,3.5115499740868565
9981,39627853674840731,1.0248541434337308,2,red,constant,5,0.7376188635826111,0.1660132646560669,0.7900219559669495,0.05240309238433838,0.05240309238433838,0.07104359035751448,False,0.19168642163276672
9981,39627853674840731,1.0248541434337308,2,red,powerlaw,5,0.7376188635826111,0.1660132646560669,0.7041312292516847,-0.033487634330926386,0.033487634330926386,0.04539964470034987,False,0.18959266070631567
9981,39627853674840731,1.0248541434337308,2,red,regularized,5,0.7376188635826111,0.1660132646560669,0.8036726661780668,0.06605380259545568,0.06605380259545568,0.08955004522882277,False,0.1957133035235821
11731,39627793801152053,1.0557558083957284,2,blue,constant,5,5.981381893157959,3.252330780029297,4.244079113006592,-1.7373027801513672,1.7373027801513672,,False,5.639866352081299
11731,39627793801152053,1.0557558083957284,2,blue,powerlaw,5,5.981381893157959,3.252330780029297,1.166703187649358,-4.814678705508601,4.814678705508601,,False,7.212211049233897
11731,39627793801152053,1.0557558083957284,2,blue,regularized,5,5.981381893157959,3.252330780029297,5.630781923093257,-0.3505999700647022,0.3505999700647022,,False,5.320304739360204
11731,39627793801152053,1.0557558083957284,2,red,constant,5,0.7304014563560486,0.29156606197357177,0.9227043390274048,0.1923028826713562,0.1923028826713562,,False,0.4600522518157959
11731,39627793801152053,1.0557558083957284,2,red,powerlaw,5,0.7304014563560486,0.29156606197357177,0.7624146434506598,0.032013187094611206,0.032013187094611206,,False,0.4184225679951105
11731,39627793801152053,1.0557558083957284,2,red,regularized,5,0.7304014563560486,0.29156606197357177,0.8338486120660384,0.10344715570998986,0.10344715570998986,,False,0.43054504243852854
12295,39627787752964760,0.998746721465538,2,blue,constant,6,0.03801338002085686,3.390950838724772,1.9550498723983765,1.9170364923775196,1.9170364923775196,,False,5.5891642570495605
12295,39627787752964760,0.998746721465538,2,blue,powerlaw,6,0.03801338002085686,3.390950838724772,3.98162626531169,3.943612885290833,3.943612885290833,,False,6.632818172665679
12295,39627787752964760,0.998746721465538,2,blue,regularized,6,0.03801338002085686,3.390950838724772,1.7518096416782003,1.7137962616573434,1.7137962616573434,,False,5.522754957311927
12295,39627787752964760,0.998746721465538,2,red,constant,6,0.7348325252532959,0.26623352368672687,0.8951502442359924,0.16031771898269653,0.16031771898269653,,False,1.0858224630355835
12295,39627787752964760,0.998746721465538,2,red,powerlaw,6,0.7348325252532959,0.26623352368672687,0.8523384767047508,0.11750595145145493,0.11750595145145493,,False,1.0759625883826676
12295,39627787752964760,0.998746721465538,2,red,regularized,6,0.7348325252532959,0.26623352368672687,0.9767679794552656,0.2419354542019697,0.2419354542019697,,False,1.1008367071393772
3615,39627805356461092,0.9268038298230442,2,blue,constant,6,0.7800092101097107,2.5963613192240396,2.1195106506347656,1.339501440525055,1.339501440525055,,False,6.200558662414551
3615,39627805356461092,0.9268038298230442,2,blue,powerlaw,6,0.7800092101097107,2.5963613192240396,2.592243331124152,1.8122341210144413,1.8122341210144413,,False,6.334809142308278
3615,39627805356461092,0.9268038298230442,2,blue,regularized,6,0.7800092101097107,2.5963613192240396,1.5154726240084095,0.7354634138986988,0.7354634138986988,,False,6.098653213470041
3615,39627805356461092,0.9268038298230442,2,red,constant,6,1.1653486490249634,0.29895957310994464,0.6723783016204834,-0.49297034740448,0.49297034740448,0.4230239146172639,False,0.8324195146560669
3615,39627805356461092,0.9268038298230442,2,red,powerlaw,6,1.1653486490249634,0.29895957310994464,0.5079256592515512,-0.6574229897734122,0.6574229897734122,0.5641427484585596,False,0.939877971830217
3615,39627805356461092,0.9268038298230442,2,red,regularized,6,1.1653486490249634,0.29895957310994464,0.7153264748402216,-0.4500221741847418,0.4500221741847418,0.386169559265608,False,0.8075379605855967
9985,39627835563836870,1.1523985093787672,2,blue,constant,5,3.339360475540161,1.8856576919555663,1.8471686840057373,-1.4921917915344238,1.4921917915344238,,False,3.716834783554077
9985,39627835563836870,1.1523985093787672,2,blue,powerlaw,5,3.339360475540161,1.8856576919555663,2.2577872995882453,-1.0815731759519158,1.0815731759519158,,False,3.55368802753893
9985,39627835563836870,1.1523985093787672,2,blue,regularized,5,3.339360475540161,1.8856576919555663,2.107275500622931,-1.23208497491723,1.23208497491723,,False,3.620256743013609
9985,39627835563836870,1.1523985093787672,2,red,constant,5,0.8619001507759094,0.2470524549484253,1.0822405815124512,0.22034043073654175,0.22034043073654175,0.2556449613544961,False,0.5123257040977478
9985,39627835563836870,1.1523985093787672,2,red,powerlaw,5,0.8619001507759094,0.2470524549484253,0.9197322558815955,0.05783210510568604,0.05783210510568604,0.0670983814698533,False,0.46558271460897627
9985,39627835563836870,1.1523985093787672,2,red,regularized,5,0.8619001507759094,0.2470524549484253,1.1876642641713049,0.32576411339539546,0.32576411339539546,0.3779603856689576,False,0.5657296247961847
4651,39627847651821207,1.004703128449214,2,blue,constant,5,4.099895477294922,1.5488267898559571,2.1757166385650635,-1.9241788387298584,1.9241788387298584,,False,6.080979347229004
4651,39627847651821207,1.004703128449214,2,blue,powerlaw,5,4.099895477294922,1.5488267898559571,1.9883486615874886,-2.1115468157074333,2.1115468157074333,,False,6.144283942648743
4651,39627847651821207,1.004703128449214,2,blue,regularized,5,4.099895477294922,1.5488267898559571,1.7982632106355738,-2.301632266659348,2.301632266659348,,False,6.2107447946609184
4651,39627847651821207,1.004703128449214,2,red,constant,5,1.0850422382354736,0.14635900259017945,1.0381243228912354,-0.04691791534423828,0.04691791534423828,0.0432406349641628,False,0.6962381601333618
4651,39627847651821207,1.004703128449214,2,red,powerlaw,5,1.0850422382354736,0.14635900259017945,1.052087370363426,-0.03295486787204771,0.03295486787204771,0.030371967754582393,False,0.6986328599683871
4651,39627847651821207,1.004703128449214,2,red,regularized,5,1.0850422382354736,0.14635900259017945,1.0061058021267821,-0.0789364361086915,0.0789364361086915,0.0727496435872028,False,0.699126058757682
11618,39627787761353940,1.0398372987853868,2,blue,constant,5,5.30720853805542,1.578460693359375,2.4418694972991943,-2.8653390407562256,2.8653390407562256,0.5398956947348627,False,3.32002329826355
11618,39627787761353940,1.0398372987853868,2,blue,powerlaw,5,5.30720853805542,1.578460693359375,3.031401558918667,-2.275806979136753,2.275806979136753,0.42881431223552724,False,2.829123832036805
11618,39627787761353940,1.0398372987853868,2,blue,regularized,5,5.30720853805542,1.578460693359375,2.9923042472914547,-2.314904290763965,2.314904290763965,0.436181143847073,False,2.860639744324691
11618,39627787761353940,1.0398372987853868,2,red,constant,5,0.7973368763923645,0.24711990356445312,0.8731716275215149,0.07583475112915039,0.07583475112915039,0.09511005118974653,False,0.49947676062583923
11618,39627787761353940,1.0398372987853868,2,red,powerlaw,5,0.7973368763923645,0.24711990356445312,0.6979901611280792,-0.09934671526428529,0.09934671526428529,0.12459816948864835,False,0.4988064152324845
11618,39627787761353940,1.0398372987853868,2,red,regularized,5,0.7973368763923645,0.24711990356445312,0.6845814795831641,-0.11275539680920044,0.11275539680920044,0.14141500305288052,False,0.5063989740918435
5757,39627835538672709,1.1082234803262432,2,blue,constant,5,0.877189040184021,0.96463623046875,2.170956611633301,1.2937675714492798,1.2937675714492798,,False,2.44100022315979
5757,39627835538672709,1.1082234803262432,2,blue,powerlaw,5,0.877189040184021,0.96463623046875,1.917429398673022,1.040240358489001,1.040240358489001,,False,2.322853304414439
5757,39627835538672709,1.1082234803262432,2,blue,regularized,5,0.877189040184021,0.96463623046875,1.4998695832274236,0.6226805430434026,0.6226805430434026,,False,2.1630289056919043
5757,39627835538672709,1.1082234803262432,2,red,constant,5,0.6158060431480408,0.14972620010375975,0.9377107620239258,0.321904718875885,0.321904718875885,0.5227371872323419,False,0.5833660960197449
5757,39627835538672709,1.1082234803262432,2,red,powerlaw,5,0.6158060431480408,0.14972620010375975,0.9071103161661787,0.2913042730181379,0.2913042730181379,0.4730454925855735,False,0.5648158657011287
5757,39627835538672709,1.1082234803262432,2,red,regularized,5,0.6158060431480408,0.14972620010375975,0.45911488275708445,-0.15669116039095632,0.15669116039095632,0.2544488839212114,False,0.5111217872502075
3947,39627823475853387,0.9264285100818856,2,blue,constant,6,-3.4458189010620117,1.9008355140686035,1.312878966331482,4.758697867393494,4.758697867393494,,False,7.067111492156982
3947,39627823475853387,0.9264285100818856,2,blue,powerlaw,6,-3.4458189010620117,1.9008355140686035,1.9113310778156105,5.357149978877622,5.357149978877622,,False,7.4979801503420305
3947,39627823475853387,0.9264285100818856,2,blue,regularized,6,-3.4458189010620117,1.9008355140686035,-0.26933686192743306,3.1764820391345787,3.1764820391345787,,True,6.114646649824979
3947,39627823475853387,0.9264285100818856,2,red,constant,6,1.6584619283676147,0.25924404462178546,1.1515063047409058,-0.506955623626709,0.506955623626709,0.3056781798577032,False,0.8567262291908264
3947,39627823475853387,0.9264285100818856,2,red,powerlaw,6,1.6584619283676147,0.25924404462178546,1.056174371357705,-0.6022875570099098,0.6022875570099098,0.3631603154150951,False,0.9122906024062374
3947,39627823475853387,0.9264285100818856,2,red,regularized,6,1.6584619283676147,0.25924404462178546,2.033735267762345,0.37527333939473007,0.37527333939473007,0.22627793437748844,False,0.7378143401490893
9603,39627841603637919,1.1704142680035854,2,blue,constant,5,3.114287853240967,2.0071647644042967,3.0097734928131104,-0.10451436042785645,0.10451436042785645,,False,2.8000879287719727
9603,39627841603637919,1.1704142680035854,2,blue,powerlaw,5,3.114287853240967,2.0071647644042967,2.701415546800138,-0.41287230644082884,0.41287230644082884,,False,2.8387100381274655
9603,39627841603637919,1.1704142680035854,2,blue,regularized,5,3.114287853240967,2.0071647644042967,5.070872135179962,1.9565842819389951,1.9565842819389951,,False,3.4143506355635806
9603,39627841603637919,1.1704142680035854,2,red,constant,5,2.0560879707336426,0.4869266986846924,0.8977736234664917,-1.1583143472671509,1.1583143472671509,0.5633583600286554,False,1.8473678827285767
9603,39627841603637919,1.1704142680035854,2,red,powerlaw,5,2.0560879707336426,0.4869266986846924,0.8347021449551313,-1.2213858257785113,1.2213858257785113,0.5940338366663868,False,1.887810794585881
9603,39627841603637919,1.1704142680035854,2,red,regularized,5,2.0560879707336426,0.4869266986846924,0.9193611041482297,-1.1367268665854129,1.1367268665854129,0.5528590618522086,False,1.8339094469505215
2724,39627823475855007,0.9498930469719497,2,blue,constant,6,1.3289426565170288,1.755677064259847,1.5077567100524902,0.17881405353546143,0.17881405353546143,,False,3.8496570587158203
2724,39627823475855007,0.9498930469719497,2,blue,powerlaw,6,1.3289426565170288,1.755677064259847,2.2785906156894833,0.9496479591724545,0.9496479591724545,,False,3.995475433754024
2724,39627823475855007,0.9498930469719497,2,blue,regularized,6,1.3289426565170288,1.755677064259847,2.280156487481205,0.9512138309641762,0.9512138309641762,,False,3.961400351132889
2724,39627823475855007,0.9498930469719497,2,red,constant,6,1.5319334268569946,0.20791194836298624,0.8906926512718201,-0.6412407755851746,0.6412407755851746,0.41858266445741193,False,1.0811514854431152
2724,39627823475855007,0.9498930469719497,2,red,powerlaw,6,1.5319334268569946,0.20791194836298624,0.8793613051680941,-0.6525721216889006,0.6525721216889006,0.4259794258995681,False,1.08879464425903
2724,39627823475855007,0.9498930469719497,2,red,regularized,6,1.5319334268569946,0.20791194836298624,0.8585377719931412,-0.6733956548638534,0.6733956548638534,0.4395724011619956,False,1.1005274318204064
6139,39627835547063428,0.9920298524836598,2,blue,constant,6,-0.8275554776191711,1.2910638650258381,0.24087335169315338,1.0684288293123245,1.0684288293123245,,False,2.0382492542266846
6139,39627835547063428,0.9920298524836598,2,blue,powerlaw,6,-0.8275554776191711,1.2910638650258381,1.0370514083386981,1.8646068859578693,1.8646068859578693,,False,2.54755350783028
6139,39627835547063428,0.9920298524836598,2,blue,regularized,6,-0.8275554776191711,1.2910638650258381,0.6219453387128037,1.449500816331975,1.449500816331975,,False,2.2614282512864063
6139,39627835547063428,0.9920298524836598,2,red,constant,6,1.237397313117981,0.15579641858736673,1.1175786256790161,-0.11981868743896484,0.11981868743896484,0.09683121675530953,False,0.9187458157539368
6139,39627835547063428,0.9920298524836598,2,red,powerlaw,6,1.237397313117981,0.15579641858736673,0.8623506611157787,-0.3750466520022022,0.3750466520022022,0.3030931520751112,False,0.9845988770700477
6139,39627835547063428,0.9920298524836598,2,red,regularized,6,1.237397313117981,0.15579641858736673,1.2866918948889818,0.04929458177100088,0.04929458177100088,0.03983731114365272,False,0.9189794895447434
11828,39627793805345815,1.16047538767111,2,blue,constant,5,1.391417145729065,0.7862123489379883,0.4728601574897766,-0.9185569882392883,0.9185569882392883,,False,1.994096279144287
11828,39627793805345815,1.16047538767111,2,blue,powerlaw,5,1.391417145729065,0.7862123489379883,0.14556538789217002,-1.2458517578368948,1.2458517578368948,,False,2.1660898783676426
11828,39627793805345815,1.16047538767111,2,blue,regularized,5,1.391417145729065,0.7862123489379883,0.060973934230032875,-1.330443211499032,1.330443211499032,,False,2.214215907260016
11828,39627793805345815,1.16047538767111,2,red,constant,5,1.443212866783142,0.12427593469619751,1.457441806793213,0.0142289400100708,0.0142289400100708,0.009859210888125244,False,0.17877422273159027
11828,39627793805345815,1.16047538767111,2,red,powerlaw,5,1.443212866783142,0.12427593469619751,1.379381821433296,-0.06383104534984607,0.06383104534984607,0.044228434224067484,False,0.1951314652791545
11828,39627793805345815,1.16047538767111,2,red,regularized,5,1.443212866783142,0.12427593469619751,1.4319664237232412,-0.011246443059900857,0.011246443059900857,0.007792643288282679,False,0.1785615861112038
9580,39627853674841145,0.9920272810007554,2,blue,constant,6,-0.0997680053114891,1.5094475746154785,1.988139033317566,2.087907038629055,2.087907038629055,,False,5.531854629516602
9580,39627853674841145,0.9920272810007554,2,blue,powerlaw,6,-0.0997680053114891,1.5094475746154785,2.0088805131221084,2.1086485184335975,2.1086485184335975,,False,5.543765633379534
9580,39627853674841145,0.9920272810007554,2,blue,regularized,6,-0.0997680053114891,1.5094475746154785,2.7065478841908277,2.806315889502317,2.806315889502317,,False,5.842156148706488
9580,39627853674841145,0.9920272810007554,2,red,constant,6,0.9473166465759277,0.17652503649393717,1.3539596796035767,0.4066430330276489,0.4066430330276489,0.42925777193661546,False,0.6727371215820312
9580,39627853674841145,0.9920272810007554,2,red,powerlaw,6,0.9473166465759277,0.17652503649393717,1.038129578780486,0.09081293220455833,0.09081293220455833,0.09586333411621269,False,0.5396523196521472
9580,39627853674841145,0.9920272810007554,2,red,regularized,6,0.9473166465759277,0.17652503649393717,2.1150113760083595,1.1676947294324318,1.1676947294324318,1.2326340233258433,False,1.2326866913450465
5416,39627823463269614,0.988820601777058,2,blue,constant,6,2.0754175186157227,0.7726688385009766,2.4840586185455322,0.40864109992980957,0.40864109992980957,,False,1.788960576057434
5416,39627823463269614,0.988820601777058,2,blue,powerlaw,6,2.0754175186157227,0.7726688385009766,2.414401970411819,0.3389844517960965,0.3389844517960965,,False,1.7901045706183432
5416,39627823463269614,0.988820601777058,2,blue,regularized,6,2.0754175186157227,0.7726688385009766,2.6176670996715896,0.542249581055867,0.542249581055867,,False,1.8415072776038266
5416,39627823463269614,0.988820601777058,2,red,constant,6,0.660800576210022,0.08845019340515137,1.0365486145019531,0.37574803829193115,0.37574803829193115,0.5686254701032635,False,0.45017433166503906
5416,39627823463269614,0.988820601777058,2,red,powerlaw,6,0.660800576210022,0.08845019340515137,1.0014119266832389,0.3406113504732169,0.3406113504732169,0.5154525627486144,False,0.4215976036443427
5416,39627823463269614,0.988820601777058,2,red,regularized,6,0.660800576210022,0.08845019340515137,1.0605439096083644,0.39974333339834245,0.39974333339834245,0.6049379310336621,False,0.4703882032165301
4588,39627865771215611,1.2412959160419066,3,blue,constant,5,-0.028348302468657494,2.4915958404541017,1.3460713624954224,1.3744196649640799,1.3744196649640799,,False,4.110133647918701
4588,39627865771215611,1.2412959160419066,3,blue,powerlaw,5,-0.028348302468657494,2.4915958404541017,2.832493438396967,2.8608417408656246,2.8608417408656246,,False,4.821935477338041
4588,39627865771215611,1.2412959160419066,3,blue,regularized,5,-0.028348302468657494,2.4915958404541017,0.8327488260212481,0.8610971284899056,0.8610971284899056,,False,3.968079852188161
4588,39627865771215611,1.2412959160419066,3,red,constant,5,1.068926215171814,0.2530387878417969,1.105863094329834,0.03693687915802002,0.03693687915802002,0.034555125165569044,False,0.31182995438575745
4588,39627865771215611,1.2412959160419066,3,red,powerlaw,5,1.068926215171814,0.2530387878417969,1.0891702872443183,0.020244072072504338,0.020244072072504338,0.018938699215315255,False,0.30809612244968965
4588,39627865771215611,1.2412959160419066,3,red,regularized,5,1.068926215171814,0.2530387878417969,0.9017511315877014,-0.1671750835841126,0.1671750835841126,0.1563953444225724,False,0.35188224428987985
12012,39627787748774797,1.2911508275437202,3,blue,constant,5,2.0135529041290283,1.0200032234191894,2.8634955883026123,0.849942684173584,0.849942684173584,,False,1.2977735996246338
12012,39627787748774797,1.2911508275437202,3,blue,powerlaw,5,2.0135529041290283,1.0200032234191894,3.642904064142752,1.6293511600137238,1.6293511600137238,,False,1.873884120957134
12012,39627787748774797,1.2911508275437202,3,blue,regularized,5,2.0135529041290283,1.0200032234191894,2.161073746265148,0.1475208421361196,0.1475208421361196,,False,0.9917540471848334
12012,39627787748774797,1.2911508275437202,3,red,constant,5,1.0514068603515625,0.13230158090591432,0.9014204144477844,-0.14998644590377808,0.14998644590377808,0.1426530980153835,False,0.20480884611606598
12012,39627787748774797,1.2911508275437202,3,red,powerlaw,5,1.0514068603515625,0.13230158090591432,0.8955197902732819,-0.15588707007828062,0.15588707007828062,0.14826522058849428,False,0.2081668673289428
12012,39627787748774797,1.2911508275437202,3,red,regularized,5,1.0514068603515625,0.13230158090591432,0.8365049393479923,-0.2149019210035702,0.2149019210035702,0.20439463456773785,False,0.25619046229413067
10170,39627841595247566,1.2476716525081852,3,blue,constant,5,8.232333183288574,5.3329002380371096,6.578202247619629,-1.6541309356689453,1.6541309356689453,,False,5.8055195808410645
10170,39627841595247566,1.2476716525081852,3,blue,powerlaw,5,8.232333183288574,5.3329002380371096,6.663414120384923,-1.5689190629036514,1.5689190629036514,,False,5.783871187082937
10170,39627841595247566,1.2476716525081852,3,blue,regularized,5,8.232333183288574,5.3329002380371096,6.426243744270565,-1.8060894390180096,1.8060894390180096,,False,5.851717244728543
10170,39627841595247566,1.2476716525081852,3,red,constant,5,1.288550615310669,0.5156599998474121,0.8252552151679993,-0.4632954001426697,0.4632954001426697,,False,0.9100028276443481
10170,39627841595247566,1.2476716525081852,3,red,powerlaw,5,1.288550615310669,0.5156599998474121,0.781729015139552,-0.506821600171117,0.506821600171117,,False,0.9282525462958178
10170,39627841595247566,1.2476716525081852,3,red,regularized,5,1.288550615310669,0.5156599998474121,0.7928243312095901,-0.4957262841010789,0.4957262841010789,,False,0.9269342304378463
5726,39627823467467428,1.3346303700291982,3,blue,constant,5,-0.8144753575325012,1.9849430084228517,1.2378358840942383,2.0523112416267395,2.0523112416267395,,False,4.716285705566406
5726,39627823467467428,1.3346303700291982,3,blue,powerlaw,5,-0.8144753575325012,1.9849430084228517,1.9154394366937146,2.729914794226216,2.729914794226216,,False,5.047259172681116
5726,39627823467467428,1.3346303700291982,3,blue,regularized,5,-0.8144753575325012,1.9849430084228517,0.9748303059517877,1.789305663484289,1.789305663484289,,False,4.609118128807953
5726,39627823467467428,1.3346303700291982,3,red,constant,5,1.1500251293182373,0.24560832977294922,1.2793774604797363,0.12935233116149902,0.12935233116149902,0.11247783014809616,False,0.8388957977294922
5726,39627823467467428,1.3346303700291982,3,red,powerlaw,5,1.1500251293182373,0.24560832977294922,1.3928594986732326,0.24283436935499525,0.24283436935499525,0.21115570709220358,False,0.8677118386094084
5726,39627823467467428,1.3346303700291982,3,red,regularized,5,1.1500251293182373,0.24560832977294922,1.551115263225082,0.40109013390684467,0.40109013390684467,0.3487664083867633,False,0.9208080974319092
298,39627574963343594,1.248842970532584,3,blue,constant,5,0.9408861994743347,1.874946403503418,1.9539926052093506,1.0131064057350159,1.0131064057350159,,False,3.9664440155029297
298,39627574963343594,1.248842970532584,3,blue,powerlaw,5,0.9408861994743347,1.874946403503418,2.644434824170916,1.7035486246965812,1.7035486246965812,,False,4.189198959047709
298,39627574963343594,1.248842970532584,3,blue,regularized,5,0.9408861994743347,1.874946403503418,2.2342351930549404,1.2933489935806057,1.2933489935806057,,False,4.047103358385409
298,39627574963343594,1.248842970532584,3,red,constant,5,1.1421935558319092,0.21535823345184327,0.8873491287231445,-0.25484442710876465,0.25484442710876465,0.22311842490054182,False,0.5282394886016846
298,39627574963343594,1.248842970532584,3,red,powerlaw,5,1.1421935558319092,0.21535823345184327,0.8289005749358619,-0.3132929808960473,0.3132929808960473,0.2742906220197175,False,0.5569616495430041
298,39627574963343594,1.248842970532584,3,red,regularized,5,1.1421935558319092,0.21535823345184327,1.3718916883716223,0.22969813253971316,0.22969813253971316,0.2011026339335403,False,0.516577588112314
3202,39627823471662128,1.3198437865771198,3,blue,constant,5,2.346839666366577,3.2215816497802736,2.0666844844818115,-0.2801551818847656,0.2801551818847656,,False,7.824176788330078
3202,39627823471662128,1.3198437865771198,3,blue,powerlaw,5,2.346839666366577,3.2215816497802736,2.786509735103889,0.43967006873731185,0.43967006873731185,,False,7.830890869217092
3202,39627823471662128,1.3198437865771198,3,blue,regularized,5,2.346839666366577,3.2215816497802736,-0.15333165095937185,-2.500171317325949,2.500171317325949,,True,8.209148268748326
3202,39627823471662128,1.3198437865771198,3,red,constant,5,1.1875121593475342,0.19823813438415527,0.7558826208114624,-0.4316295385360718,0.4316295385360718,0.36347378436379635,False,0.5824191570281982
3202,39627823471662128,1.3198437865771198,3,red,powerlaw,5,1.1875121593475342,0.19823813438415527,0.9235809678869119,-0.26393119146062227,0.26393119146062227,0.22225556966560783,False,0.47060803226633957
3202,39627823471662128,1.3198437865771198,3,red,regularized,5,1.1875121593475342,0.19823813438415527,0.6183499035035749,-0.5691622558439593,0.5691622558439593,0.4792896235746162,False,0.6905459738092617
5932,39627823463273097,1.2510625042902248,3,blue,constant,5,2.1355972290039062,1.737739372253418,2.1311452388763428,-0.0044519901275634766,0.0044519901275634766,,False,3.6556036472320557
5932,39627823463273097,1.2510625042902248,3,blue,powerlaw,5,2.1355972290039062,1.737739372253418,2.3530410120622554,0.2174437830583491,0.2174437830583491,,False,3.66416321464338
5932,39627823463273097,1.2510625042902248,3,blue,regularized,5,2.1355972290039062,1.737739372253418,2.6780251410032605,0.5424279119993543,0.5424279119993543,,False,3.7003422194702105
5932,39627823463273097,1.2510625042902248,3,red,constant,5,1.2461553812026978,0.3051570415496826,0.9930440187454224,-0.2531113624572754,0.2531113624572754,0.2031138060913326,False,0.6235668659210205
5932,39627823463273097,1.2510625042902248,3,red,powerlaw,5,1.2461553812026978,0.3051570415496826,0.9445525719200086,-0.3016028092826891,0.3016028092826891,0.24202664758515444,False,0.643884071594476
5932,39627823463273097,1.2510625042902248,3,red,regularized,5,1.2461553812026978,0.3051570415496826,0.9663880625581909,-0.2797673186445069,0.2797673186445069,0.22450436186737482,False,0.6348542720280245
9384,39627853674843204,1.3249760616582127,3,blue,constant,5,3.5751163959503174,2.692787933349609,2.505983829498291,-1.0691325664520264,1.0691325664520264,,False,4.243753433227539
9384,39627853674843204,1.3249760616582127,3,blue,powerlaw,5,3.5751163959503174,2.692787933349609,3.687151925391902,0.11203552944158446,0.11203552944158446,,False,4.1962069413247995
9384,39627853674843204,1.3249760616582127,3,blue,regularized,5,3.5751163959503174,2.692787933349609,2.2180792822721087,-1.3570371136782087,1.3570371136782087,,False,4.325268679611719
9384,39627853674843204,1.3249760616582127,3,red,constant,5,1.7809566259384155,0.32943334579467776,0.7917941808700562,-0.9891624450683594,0.9891624450683594,0.5554107442381722,False,1.1412733793258667
9384,39627853674843204,1.3249760616582127,3,red,powerlaw,5,1.7809566259384155,0.32943334579467776,0.9964450455867813,-0.7845115803516343,0.7845115803516343,0.4405001047896167,False,0.9686408116032164
9384,39627853674843204,1.3249760616582127,3,red,regularized,5,1.7809566259384155,0.32943334579467776,0.43028930805203325,-1.3506673178863822,1.3506673178863822,0.7583942799138599,False,1.465730174658172
12132,39627787761353074,1.4326446044579615,3,blue,constant,5,2.565542697906494,1.0598085403442383,1.614790678024292,-0.9507520198822021,0.9507520198822021,,False,1.5950225591659546
12132,39627787761353074,1.4326446044579615,3,blue,powerlaw,5,2.565542697906494,1.0598085403442383,2.1145404603919373,-0.4510022375145568,0.4510022375145568,,False,1.378936813231893
12132,39627787761353074,1.4326446044579615,3,blue,regularized,5,2.565542697906494,1.0598085403442383,-2.536151596102736,-5.10169429400923,5.10169429400923,,True,5.196197766114335
12132,39627787761353074,1.4326446044579615,3,red,constant,5,1.5634939670562744,0.1610743522644043,1.1585798263549805,-0.40491414070129395,0.40491414070129395,0.2589803025998629,False,0.8659796118736267
12132,39627787761353074,1.4326446044579615,3,red,powerlaw,5,1.5634939670562744,0.1610743522644043,1.2422880557816973,-0.3212059112745771,0.3212059112745771,0.20544109414079756,False,0.820075182494635
12132,39627787761353074,1.4326446044579615,3,red,regularized,5,1.5634939670562744,0.1610743522644043,1.2224285081367765,-0.3410654589194979,0.3410654589194979,0.2181431243778007,False,0.838027998750621
10777,39627847626657080,1.3632117601045148,3,blue,constant,5,7.331360816955566,6.56524887084961,10.88675594329834,3.5553951263427734,3.5553951263427734,,False,12.78813648223877
10777,39627847626657080,1.3632117601045148,3,blue,powerlaw,5,7.331360816955566,6.56524887084961,10.201639789307912,2.870278972352345,2.870278972352345,,False,12.676163811614684
10777,39627847626657080,1.3632117601045148,3,blue,regularized,5,7.331360816955566,6.56524887084961,10.386984003020022,3.055623186064455,3.055623186064455,,False,12.706706665025074
10777,39627847626657080,1.3632117601045148,3,red,constant,5,-0.0031426907517015934,1.047783660888672,0.5620443820953369,0.5651870728470385,0.5651870728470385,,False,1.9701957702636719
10777,39627847626657080,1.3632117601045148,3,red,powerlaw,5,-0.0031426907517015934,1.047783660888672,1.1009714372133832,1.1041141279650848,1.1041141279650848,,False,2.1897325142776025
10777,39627847626657080,1.3632117601045148,3,red,regularized,5,-0.0031426907517015934,1.047783660888672,0.19123373204781768,0.19437642279951928,0.19437642279951928,,False,1.897253151602322
9420,39627835559645950,1.568283101013829,3,blue,constant,4,30.932132720947266,15.831785202026367,2.3287017345428467,-28.60343098640442,28.60343098640442,,False,40.038143157958984
9420,39627835559645950,1.568283101013829,3,blue,powerlaw,4,30.932132720947266,15.831785202026367,3.25105775640857,-27.681074964538695,27.681074964538695,,False,39.40348757949212
9420,39627835559645950,1.568283101013829,3,blue,regularized,4,30.932132720947266,15.831785202026367,0.17174201888831353,-30.760390702058952,30.760390702058952,,False,41.606470544242725
9420,39627835559645950,1.568283101013829,3,red,constant,4,1.8630530834197998,1.715149998664856,0.37038013339042664,-1.4926729500293732,1.4926729500293732,,False,7.394111156463623
9420,39627835559645950,1.568283101013829,3,red,powerlaw,4,1.8630530834197998,1.715149998664856,1.0335953918002927,-0.8294576916195071,0.8294576916195071,,False,7.2852282943798325
9420,39627835559645950,1.568283101013829,3,red,regularized,4,1.8630530834197998,1.715149998664856,-0.1749484040911829,-2.0380014875109826,2.0380014875109826,,True,7.47338422771323
231,39627563030545557,1.347997823227218,3,blue,constant,5,2.633145809173584,1.611894416809082,1.6024993658065796,-1.0306464433670044,1.0306464433670044,,False,4.423293113708496
231,39627563030545557,1.347997823227218,3,blue,powerlaw,5,2.633145809173584,1.611894416809082,2.3641308417539304,-0.2690149674196536,0.2690149674196536,,False,4.321561133656019
231,39627563030545557,1.347997823227218,3,blue,regularized,5,2.633145809173584,1.611894416809082,1.1245968140663185,-1.5085489951072655,1.5085489951072655,,False,4.558400078279687
231,39627563030545557,1.347997823227218,3,red,constant,5,0.9138456583023071,0.1464046359062195,1.032439112663269,0.11859345436096191,0.11859345436096191,0.12977405241633297,False,0.1865616738796234
231,39627563030545557,1.347997823227218,3,red,powerlaw,5,0.9138456583023071,0.1464046359062195,1.3299291180642643,0.41608345976195715,0.41608345976195715,0.4553104301386455,False,0.4364639107531394
231,39627563030545557,1.347997823227218,3,red,regularized,5,0.9138456583023071,0.1464046359062195,1.0163848257850094,0.10253916748270231,0.10253916748270231,0.11220622054843923,False,0.1768438339977533
117,39627563022156824,1.5610555994848516,3,blue,constant,4,5.903576850891113,3.941279649734497,3.2718942165374756,-2.6316826343536377,2.6316826343536377,,False,6.737299919128418
117,39627563022156824,1.5610555994848516,3,blue,powerlaw,4,5.903576850891113,3.941279649734497,5.204639063734894,-0.6989377871562192,0.6989377871562192,,False,6.0964170034897975
117,39627563022156824,1.5610555994848516,3,blue,regularized,4,5.903576850891113,3.941279649734497,5.061957743007798,-0.8416191078833153,0.8416191078833153,,False,6.258896211112633
117,39627563022156824,1.5610555994848516,3,red,constant,4,0.7400755286216736,0.7919756770133972,0.8007449507713318,0.0606694221496582,0.0606694221496582,,False,0.2933429181575775
117,39627563022156824,1.5610555994848516,3,red,powerlaw,4,0.7400755286216736,0.7919756770133972,0.9932764951834558,0.25320096656178226,0.25320096656178226,,False,0.38333615996114845
117,39627563022156824,1.5610555994848516,3,red,regularized,4,0.7400755286216736,0.7919756770133972,-1.930461505012389,-2.6705370336340626,2.6705370336340626,,True,2.757973518770316
1224,39627841624607359,1.4094580745720913,3,blue,constant,5,11.298563003540039,3.3840286254882814,6.413084506988525,-4.885478496551514,4.885478496551514,0.43239821692553354,False,8.23475456237793
1224,39627841624607359,1.4094580745720913,3,blue,powerlaw,5,11.298563003540039,3.3840286254882814,8.397511371201224,-2.901051632338815,2.901051632338815,0.25676288492880595,False,7.264690089104607
1224,39627841624607359,1.4094580745720913,3,blue,regularized,5,11.298563003540039,3.3840286254882814,5.58833745923471,-5.710225544305329,5.710225544305329,0.5053939640391627,False,8.748646241752432
1224,39627841624607359,1.4094580745720913,3,red,constant,5,0.23332969844341278,0.6271703720092774,0.6636976003646851,0.4303679019212723,0.4303679019212723,,False,1.4641591310501099
1224,39627841624607359,1.4094580745720913,3,red,powerlaw,5,0.23332969844341278,0.6271703720092774,1.1381798438060438,0.904850145362631,0.904850145362631,,False,1.6673643283710093
1224,39627841624607359,1.4094580745720913,3,red,regularized,5,0.23332969844341278,0.6271703720092774,1.1932429076212905,0.9599132091778777,0.9599132091778777,,False,1.6970499392658913
11549,39627793801153520,1.271770118619023,3,blue,constant,5,3.9883148670196533,4.700737380981446,4.6018548011779785,0.6135399341583252,0.6135399341583252,,False,7.40018892288208
11549,39627793801153520,1.271770118619023,3,blue,powerlaw,5,3.9883148670196533,4.700737380981446,6.651147298617914,2.662832431598261,2.662832431598261,,False,7.847359865239199
11549,39627793801153520,1.271770118619023,3,blue,regularized,5,3.9883148670196533,4.700737380981446,5.637274018434246,1.6489591514145925,1.6489591514145925,,False,7.556813661403068
11549,39627793801153520,1.271770118619023,3,red,constant,5,1.4377809762954712,0.4767928123474121,0.5150845050811768,-0.9226964712142944,0.9226964712142944,0.6417503683987231,False,0.9840173721313477
11549,39627793801153520,1.271770118619023,3,red,powerlaw,5,1.4377809762954712,0.4767928123474121,0.6256886479145123,-0.8120923283809589,0.8120923283809589,0.5648233922758968,False,0.8818773397663349
11549,39627793801153520,1.271770118619023,3,red,regularized,5,1.4377809762954712,0.4767928123474121,0.7439917533086765,-0.6937892229867947,0.6937892229867947,0.48254166276033517,False,0.7734166706174673
5000,39627859727225731,1.4315370520775408,3,blue,constant,5,2.9707629680633545,2.112995910644531,3.3507113456726074,0.37994837760925293,0.37994837760925293,,False,7.766268730163574
5000,39627859727225731,1.4315370520775408,3,blue,powerlaw,5,2.9707629680633545,2.112995910644531,3.9924167361243574,1.021653768061003,1.021653768061003,,False,7.863018449252366
5000,39627859727225731,1.4315370520775408,3,blue,regularized,5,2.9707629680633545,2.112995910644531,3.7520155468683436,0.7812525788049891,0.7812525788049891,,False,7.796212360124436
5000,39627859727225731,1.4315370520775408,3,red,constant,5,0.6116846203804016,0.2909294605255127,0.9700864553451538,0.3584018349647522,0.3584018349647522,,False,0.5221836566925049
5000,39627859727225731,1.4315370520775408,3,red,powerlaw,5,0.6116846203804016,0.2909294605255127,1.0204692679586755,0.40878464757827393,0.40878464757827393,,False,0.5594952584407945
5000,39627859727225731,1.4315370520775408,3,red,regularized,5,0.6116846203804016,0.2909294605255127,0.9995819459575225,0.38789732557712087,0.38789732557712087,,False,0.5428519250307527
10089,39627835551257004,1.4491783791217565,3,blue,constant,5,4.56911563873291,2.7055593490600587,3.3796639442443848,-1.1894516944885254,1.1894516944885254,,False,4.535863399505615
10089,39627835551257004,1.4491783791217565,3,blue,powerlaw,5,4.56911563873291,2.7055593490600587,5.355137296321204,0.7860216575882939,0.7860216575882939,,False,4.435720793915282
10089,39627835551257004,1.4491783791217565,3,blue,regularized,5,4.56911563873291,2.7055593490600587,2.9171812865574194,-1.6519343521754908,1.6519343521754908,,False,4.678477091009528
10089,39627835551257004,1.4491783791217565,3,red,constant,5,1.144049882888794,0.37580482959747313,0.9016174077987671,-0.24243247509002686,0.24243247509002686,0.21190725921659154,False,0.6864084601402283
10089,39627835551257004,1.4491783791217565,3,red,powerlaw,5,1.144049882888794,0.37580482959747313,0.922774676202826,-0.2212752066859679,0.2212752066859679,0.19341394985962923,False,0.6791033287500048
10089,39627835551257004,1.4491783791217565,3,red,regularized,5,1.144049882888794,0.37580482959747313,0.7275218126276175,-0.41652807026117644,0.41652807026117644,0.36408208810739817,False,0.7654271937817643
9471,39627835551257210,1.3190823015332698,3,blue,constant,5,-3.540943145751953,2.306763458251953,3.520610809326172,7.061553955078125,7.061553955078125,,False,7.984175205230713
9471,39627835551257210,1.3190823015332698,3,blue,powerlaw,5,-3.540943145751953,2.306763458251953,3.7537383754836595,7.294681521235613,7.294681521235613,,False,8.211062491596188
9471,39627835551257210,1.3190823015332698,3,blue,regularized,5,-3.540943145751953,2.306763458251953,3.869026286926674,7.409969432678627,7.409969432678627,,False,8.293923021385979
9471,39627835551257210,1.3190823015332698,3,red,constant,5,0.5302296280860901,0.2898761510848999,1.3157731294631958,0.7855435013771057,0.7855435013771057,,False,0.8805108070373535
9471,39627835551257210,1.3190823015332698,3,red,powerlaw,5,0.5302296280860901,0.2898761510848999,1.3556918304319332,0.8254622023458431,0.8254622023458431,,False,0.9189557003005765
9471,39627835551257210,1.3190823015332698,3,red,regularized,5,0.5302296280860901,0.2898761510848999,1.421023141110128,0.8907935130240379,0.8907935130240379,,False,0.9813170445454171
9253,39627853679039174,1.3149872246899943,3,blue,constant,5,6.281806468963623,2.8495515823364257,4.249151229858398,-2.0326552391052246,2.0326552391052246,,False,7.464012145996094
9253,39627853679039174,1.3149872246899943,3,blue,powerlaw,5,6.281806468963623,2.8495515823364257,4.678312909051099,-1.6034935599125237,1.6034935599125237,,False,7.337567267354935
9253,39627853679039174,1.3149872246899943,3,blue,regularized,5,6.281806468963623,2.8495515823364257,6.034623395250176,-0.2471830737134466,0.2471830737134466,,False,7.186160179153578
9253,39627853679039174,1.3149872246899943,3,red,constant,5,0.16805748641490936,0.49193263053894043,1.1284236907958984,0.9603662043809891,0.9603662043809891,,False,1.4201927185058594
9253,39627853679039174,1.3149872246899943,3,red,powerlaw,5,0.16805748641490936,0.49193263053894043,1.2213000952454167,1.0532426088305074,1.0532426088305074,,False,1.482241928261174
9253,39627853679039174,1.3149872246899943,3,red,regularized,5,0.16805748641490936,0.49193263053894043,1.2412446468805092,1.0731871604655998,1.0731871604655998,,False,1.4987911047326856
11474,39627853666451686,1.324863085579408,3,blue,constant,5,4.0962605476379395,2.099346160888672,2.6840121746063232,-1.4122483730316162,1.4122483730316162,,False,3.195168972015381
11474,39627853666451686,1.324863085579408,3,blue,powerlaw,5,4.0962605476379395,2.099346160888672,3.5020898955953164,-0.5941706520426231,0.5941706520426231,,False,2.931660993757495
11474,39627853666451686,1.324863085579408,3,blue,regularized,5,4.0962605476379395,2.099346160888672,2.8057607711998047,-1.2904997764381347,1.2904997764381347,,False,3.1432440544559324
11474,39627853666451686,1.324863085579408,3,red,constant,5,1.5508390665054321,0.3553602695465088,0.5827087163925171,-0.968130350112915,0.968130350112915,0.6242622919568579,False,1.505657434463501
11474,39627853666451686,1.324863085579408,3,red,powerlaw,5,1.5508390665054321,0.3553602695465088,1.1387593233808992,-0.4120797431245329,0.4120797431245329,0.26571405894042166,False,1.2245864878744142
11474,39627853666451686,1.324863085579408,3,red,regularized,5,1.5508390665054321,0.3553602695465088,0.6667130551037005,-0.8841260114017316,0.8841260114017316,0.5700952668118996,False,1.4530680738469888
9008,39627841599439369,1.4551429224005246,3,blue,constant,5,1.995155692100525,2.610416221618652,1.2533272504806519,-0.741828441619873,0.741828441619873,,False,5.25501012802124
9008,39627841599439369,1.4551429224005246,3,blue,powerlaw,5,1.995155692100525,2.610416221618652,1.9257924809743407,-0.06936321112618415,0.06936321112618415,,False,5.210409889447226
9008,39627841599439369,1.4551429224005246,3,blue,regularized,5,1.995155692100525,2.610416221618652,1.452406748046379,-0.542748944054146,0.542748944054146,,False,5.2306214502576776
9008,39627841599439369,1.4551429224005246,3,red,constant,5,0.4837201237678528,0.32008042335510256,1.1350085735321045,0.6512884497642517,0.6512884497642517,,False,1.1373759508132935
9008,39627841599439369,1.4551429224005246,3,red,powerlaw,5,0.4837201237678528,0.32008042335510256,0.9752972893414379,0.4915771655735851,0.4915771655735851,,False,1.0552270298470943
9008,39627841599439369,1.4551429224005246,3,red,regularized,5,0.4837201237678528,0.32008042335510256,1.3386670552382613,0.8549469314704086,0.8549469314704086,,False,1.2455313330893836
2043,39627847664404619,1.5141021773065937,3,blue,constant,4,4.068284034729004,2.8419554233551025,5.531271457672119,1.4629874229431152,1.4629874229431152,,False,3.262024402618408
2043,39627847664404619,1.5141021773065937,3,blue,powerlaw,4,4.068284034729004,2.8419554233551025,5.08107769277178,1.012793658042776,1.012793658042776,,False,3.135315692804034
2043,39627847664404619,1.5141021773065937,3,blue,regularized,4,4.068284034729004,2.8419554233551025,4.8242887286571685,0.7560046939281646,0.7560046939281646,,False,3.0119785358576032
2043,39627847664404619,1.5141021773065937,3,red,constant,4,0.0770101249217987,0.44709768891334534,0.9653171300888062,0.8883070051670074,0.8883070051670074,,False,1.7363371849060059
2043,39627847664404619,1.5141021773065937,3,red,powerlaw,4,0.0770101249217987,0.44709768891334534,0.8075240176025666,0.7305138926807679,0.7305138926807679,,False,1.6592119962037102
2043,39627847664404619,1.5141021773065937,3,red,regularized,4,0.0770101249217987,0.44709768891334534,1.8044578301899128,1.727447705268114,1.727447705268114,,False,2.2889507053415343
9782,39627853674843632,1.4144599411182714,3,blue,constant,5,3.163423538208008,1.8939987182617188,1.5088615417480469,-1.654561996459961,1.654561996459961,,False,3.793794631958008
9782,39627853674843632,1.4144599411182714,3,blue,powerlaw,5,3.163423538208008,1.8939987182617188,1.7130685793934344,-1.4503549588145734,1.4503549588145734,,False,3.6977517682002454
9782,39627853674843632,1.4144599411182714,3,blue,regularized,5,3.163423538208008,1.8939987182617188,1.9616730204708162,-1.2017505177371917,1.2017505177371917,,False,3.5933956094379407
9782,39627853674843632,1.4144599411182714,3,red,constant,5,1.130422830581665,0.2597184419631958,1.1492968797683716,0.018874049186706543,0.018874049186706543,0.016696450811237423,False,0.686916708946228
9782,39627853674843632,1.4144599411182714,3,red,powerlaw,5,1.130422830581665,0.2597184419631958,1.1136554238675345,-0.016767406714130573,0.016767406714130573,0.014832862766494918,False,0.6803309636554377
9782,39627853674843632,1.4144599411182714,3,red,regularized,5,1.130422830581665,0.2597184419631958,1.433614507425491,0.30319167684382586,0.30319167684382586,0.26821085760256363,False,0.7473154283328657
53,39627568999042896,1.253059151579144,3,blue,constant,5,1.482164978981018,1.3707512855529784,1.8488521575927734,0.36668717861175537,0.36668717861175537,,False,3.047325611114502
53,39627568999042896,1.253059151579144,3,blue,powerlaw,5,1.482164978981018,1.3707512855529784,2.3836011767623626,0.9014361977813445,0.9014361977813445,,False,3.1397027409919636
53,39627568999042896,1.253059151579144,3,blue,regularized,5,1.482164978981018,1.3707512855529784,1.5209365520800393,0.03877157309902124,0.03877157309902124,,False,3.0260582378145866
53,39627568999042896,1.253059151579144,3,red,constant,5,1.343580961227417,0.1392688512802124,1.223660945892334,-0.11992001533508301,0.11992001533508301,0.08925402993618717,False,0.3588171899318695
53,39627568999042896,1.253059151579144,3,red,powerlaw,5,1.343580961227417,0.1392688512802124,1.224973889120026,-0.11860707210739108,0.11860707210739108,0.08827683297851928,False,0.35634908027277146
53,39627568999042896,1.253059151579144,3,red,regularized,5,1.343580961227417,0.1392688512802124,1.216342198121105,-0.1272387631063121,0.1272387631063121,0.0947012251424538,False,0.3613290336303933
7097,39627829524042026,1.5125204915794874,3,blue,constant,4,4.239527225494385,1.099294662475586,3.3506171703338623,-0.8889100551605225,0.8889100551605225,0.2096719770579758,False,2.28366756439209
7097,39627829524042026,1.5125204915794874,3,blue,powerlaw,4,4.239527225494385,1.099294662475586,3.856842864435553,-0.38268436105883197,0.38268436105883197,0.09026581047942343,False,2.0879101336107038
7097,39627829524042026,1.5125204915794874,3,blue,regularized,4,4.239527225494385,1.099294662475586,2.957349017847851,-1.2821782076465338,1.2821782076465338,0.3024342431241292,False,2.463525389408929
7097,39627829524042026,1.5125204915794874,3,red,constant,4,0.975212812423706,0.1423172801733017,1.3138045072555542,0.33859169483184814,0.33859169483184814,0.34719775060208946,False,0.5103266835212708
7097,39627829524042026,1.5125204915794874,3,red,powerlaw,4,0.975212812423706,0.1423172801733017,0.9465657266398361,-0.028647085783869985,0.028647085783869985,0.029375214741768105,False,0.3851479269613865
7097,39627829524042026,1.5125204915794874,3,red,regularized,4,0.975212812423706,0.1423172801733017,1.4772577655158188,0.5020449530921127,0.5020449530921127,0.5148055344395809,False,0.6307440785486867
7205,39627829536620690,1.2971527204269442,3,blue,constant,5,5.197314262390137,1.1368623733520509,2.5507614612579346,-2.646552801132202,2.646552801132202,0.5092154654344699,False,3.7878897190093994
7205,39627829536620690,1.2971527204269442,3,blue,powerlaw,5,5.197314262390137,1.1368623733520509,2.86597846915951,-2.3313357932306267,2.3313357932306267,0.4485654850816148,False,3.5751884689011724
7205,39627829536620690,1.2971527204269442,3,blue,regularized,5,5.197314262390137,1.1368623733520509,2.598152882879843,-2.599161379510294,2.599161379510294,0.5000970209400025,False,3.7549307449642706
7205,39627829536620690,1.2971527204269442,3,red,constant,5,0.9243999719619751,0.20600342750549316,1.1457241773605347,0.22132420539855957,0.22132420539855957,0.2394247210207225,False,0.31557273864746094
7205,39627829536620690,1.2971527204269442,3,red,powerlaw,5,0.9243999719619751,0.20600342750549316,1.1996618528258878,0.2752618808639127,0.2752618808639127,0.2977735711952569,False,0.3559288022604833
7205,39627829536620690,1.2971527204269442,3,red,regularized,5,0.9243999719619751,0.20600342750549316,1.0776622658803856,0.1532622939184105,0.1532622939184105,0.1657965151092788,False,0.27219677713161455
1333,39627853700009719,1.3982328201184089,3,blue,constant,5,3.8904128074645996,2.1173608779907225,1.9625259637832642,-1.9278868436813354,1.9278868436813354,,False,2.7283575534820557
1333,39627853700009719,1.3982328201184089,3,blue,powerlaw,5,3.8904128074645996,2.1173608779907225,2.173153331168665,-1.7172594762959346,1.7172594762959346,,False,2.5635397479129343
1333,39627853700009719,1.3982328201184089,3,blue,regularized,5,3.8904128074645996,2.1173608779907225,2.1004931137145486,-1.789919693750051,1.789919693750051,,False,2.6326792011321105
1333,39627853700009719,1.3982328201184089,3,red,constant,5,0.8741145133972168,0.2875578165054321,1.163878083229065,0.28976356983184814,0.28976356983184814,0.3314938322047665,False,0.6009116172790527
1333,39627853700009719,1.3982328201184089,3,red,powerlaw,5,0.8741145133972168,0.2875578165054321,1.2525674083191867,0.3784528949219699,0.3784528949219699,0.4329557387751467,False,0.6610577297603143
1333,39627853700009719,1.3982328201184089,3,red,regularized,5,0.8741145133972168,0.2875578165054321,0.5609784542572565,-0.31313605913996034,0.31313605913996034,0.35823230748448226,False,0.612524372266058
12473,39627799836758514,1.5475915866344516,3,blue,constant,4,1.902025818824768,3.411600351333618,2.909230947494507,1.0072051286697388,1.0072051286697388,,False,2.492788076400757
12473,39627799836758514,1.5475915866344516,3,blue,powerlaw,4,1.902025818824768,3.411600351333618,3.0032241795688215,1.1011983607440534,1.1011983607440534,,False,2.5310099722039814
12473,39627799836758514,1.5475915866344516,3,blue,regularized,4,1.902025818824768,3.411600351333618,3.3317573584191327,1.4297315395943646,1.4297315395943646,,False,2.6902030297438086
12473,39627799836758514,1.5475915866344516,3,red,constant,4,0.7048071622848511,0.4886900782585144,0.9942260384559631,0.28941887617111206,0.28941887617111206,,False,0.559689998626709
12473,39627799836758514,1.5475915866344516,3,red,powerlaw,4,0.7048071622848511,0.4886900782585144,0.8669228184237807,0.16211565613892964,0.16211565613892964,,False,0.5068008842256992
12473,39627799836758514,1.5475915866344516,3,red,regularized,4,0.7048071622848511,0.4886900782585144,0.7347285376749125,0.029921375390061455,0.029921375390061455,,False,0.47998429930367353
1765,39627835580613720,1.5979359547134,3,blue,constant,4,2.6052567958831787,0.8086212873458862,2.7418620586395264,0.13660526275634766,0.13660526275634766,0.052434471324366565,False,0.7695631384849548
1765,39627835580613720,1.5979359547134,3,blue,powerlaw,4,2.6052567958831787,0.8086212873458862,2.77587331735439,0.17061652147121142,0.17061652147121142,0.06548932978154756,False,0.7778393444573487
1765,39627835580613720,1.5979359547134,3,blue,regularized,4,2.6052567958831787,0.8086212873458862,2.495666021351858,-0.10959077453132071,0.10959077453132071,0.04206524850237252,False,0.7652297476349713
1765,39627835580613720,1.5979359547134,3,red,constant,4,0.8822858333587646,0.09959918260574341,0.9728754162788391,0.09058958292007446,0.09058958292007446,0.10267600305357952,False,0.09910659492015839
1765,39627835580613720,1.5979359547134,3,red,powerlaw,4,0.8822858333587646,0.09959918260574341,0.8937399148558957,0.011454081497131008,0.011454081497131008,0.012982279737538781,False,0.04214323145049425
1765,39627835580613720,1.5979359547134,3,red,regularized,4,0.8822858333587646,0.09959918260574341,1.1275754809538363,0.24528964759507166,0.24528964759507166,0.2780160786003795,False,0.24832135302419026
7554,39627835576420327,1.4283294606007453,3,blue,constant,5,4.295479774475098,1.3192570686340332,2.4477269649505615,-1.8477528095245361,1.8477528095245361,0.43016214870906455,False,2.5290653705596924
7554,39627835576420327,1.4283294606007453,3,blue,powerlaw,5,4.295479774475098,1.3192570686340332,2.394131536459642,-1.9013482380154558,1.9013482380154558,0.4426393180370168,False,2.566819629109482
7554,39627835576420327,1.4283294606007453,3,blue,regularized,5,4.295479774475098,1.3192570686340332,1.7281228460668927,-2.5673569284082047,2.5673569284082047,0.5976880495781016,False,3.094075516634486
7554,39627835576420327,1.4283294606007453,3,red,constant,5,1.2105251550674438,0.19909037351608277,1.229593276977539,0.019068121910095215,0.019068121910095215,0.015751941899160984,False,0.6319755911827087
7554,39627835576420327,1.4283294606007453,3,red,powerlaw,5,1.2105251550674438,0.19909037351608277,1.0887389539964105,-0.12178620107103333,0.12178620107103333,0.10060608865599995,False,0.6481087140618548
7554,39627835576420327,1.4283294606007453,3,red,regularized,5,1.2105251550674438,0.19909037351608277,1.2306610243295684,0.020135869262124517,0.020135869262124517,0.016633994905296004,False,0.6457780795761733
12670,39627793796959352,1.4305871601982665,3,blue,constant,5,4.115319728851318,1.871261978149414,1.2872477769851685,-2.82807195186615,2.82807195186615,,False,3.344202756881714
12670,39627793796959352,1.4305871601982665,3,blue,powerlaw,5,4.115319728851318,1.871261978149414,2.6158846293605476,-1.4994350994907708,1.4994350994907708,,False,2.32371788715334
12670,39627793796959352,1.4305871601982665,3,blue,regularized,5,4.115319728851318,1.871261978149414,-1.1958384552742702,-5.311158184125588,5.311158184125588,,True,5.657923279932014
12670,39627793796959352,1.4305871601982665,3,red,constant,5,1.0036447048187256,0.20211715698242189,1.1552459001541138,0.15160119533538818,0.15160119533538818,0.15105066026604486,False,0.6293157935142517
12670,39627793796959352,1.4305871601982665,3,red,powerlaw,5,1.0036447048187256,0.20211715698242189,1.1651344193901825,0.1614897145714569,0.1614897145714569,0.1609032696492177,False,0.6374206130403851
12670,39627793796959352,1.4305871601982665,3,red,regularized,5,1.0036447048187256,0.20211715698242189,1.1355721957441909,0.1319274909254653,0.1319274909254653,0.13144840030745095,False,0.629343801172113
6126,39627829498874494,1.273219183282016,3,blue,constant,5,0.30762532353401184,0.846320915222168,1.2738217115402222,0.9661963880062103,0.9661963880062103,,False,2.656876802444458
6126,39627829498874494,1.273219183282016,3,blue,powerlaw,5,0.30762532353401184,0.846320915222168,2.0229430952645613,1.7153177717305494,1.7153177717305494,,False,3.011486520074568
6126,39627829498874494,1.273219183282016,3,blue,regularized,5,0.30762532353401184,0.846320915222168,1.6560217688664722,1.3483964453324604,1.3483964453324604,,False,2.8362936244459953
6126,39627829498874494,1.273219183282016,3,red,constant,5,0.8726941347122192,0.08577523827552795,1.0913968086242676,0.21870267391204834,0.21870267391204834,0.25060632954083967,False,0.26112130284309387
6126,39627829498874494,1.273219183282016,3,red,powerlaw,5,0.8726941347122192,0.08577523827552795,1.1942753710333038,0.3215812363210846,0.3215812363210846,0.36849249184782207,False,0.3543943385245395
6126,39627829498874494,1.273219183282016,3,red,regularized,5,0.8726941347122192,0.08577523827552795,1.088187577048387,0.21549344233616785,0.21549344233616785,0.2469289453941721,False,0.2584393644196766
11784,39627787757161092,1.2020691475331982,3,blue,constant,5,-1.2186564207077026,2.009912872314453,3.143634557723999,4.362290978431702,4.362290978431702,,False,6.191761493682861
11784,39627787757161092,1.2020691475331982,3,blue,powerlaw,5,-1.2186564207077026,2.009912872314453,3.4300606924481274,4.64871711315583,4.64871711315583,,False,6.435341760196973
11784,39627787757161092,1.2020691475331982,3,blue,regularized,5,-1.2186564207077026,2.009912872314453,3.6183177577216115,4.836974178429314,4.836974178429314,,False,6.575157626787892
11784,39627787757161092,1.2020691475331982,3,red,constant,5,0.7381088137626648,0.2739502191543579,1.1623680591583252,0.4242592453956604,0.4242592453956604,,False,0.6160149574279785
11784,39627787757161092,1.2020691475331982,3,red,powerlaw,5,0.7381088137626648,0.2739502191543579,1.0080636552418452,0.26995484147918036,0.26995484147918036,,False,0.521705867448671
11784,39627787757161092,1.2020691475331982,3,red,regularized,5,0.7381088137626648,0.2739502191543579,1.0480421186199047,0.3099333048572399,0.3099333048572399,,False,0.5436333224096807
1107,39627841616221893,1.4337126569226997,3,blue,constant,5,4.789480686187744,3.0670192718505858,1.7943531274795532,-2.995127558708191,2.995127558708191,,False,8.88272476196289
1107,39627841616221893,1.4337126569226997,3,blue,powerlaw,5,4.789480686187744,3.0670192718505858,4.178981538516071,-0.610499147671673,0.610499147671673,,False,8.382776370582448
1107,39627841616221893,1.4337126569226997,3,blue,regularized,5,4.789480686187744,3.0670192718505858,0.41609762825028296,-4.3733830579374615,4.3733830579374615,,False,9.437080730218202
1107,39627841616221893,1.4337126569226997,3,red,constant,5,1.5766363143920898,0.5285099983215332,0.7140788435935974,-0.8625574707984924,0.8625574707984924,,False,1.3438692092895508
1107,39627841616221893,1.4337126569226997,3,red,powerlaw,5,1.5766363143920898,0.5285099983215332,0.9755840299589023,-0.6010522844331876,0.6010522844331876,,False,1.195645743636401
1107,39627841616221893,1.4337126569226997,3,red,regularized,5,1.5766363143920898,0.5285099983215332,0.5734290876572071,-1.0032072267348826,1.0032072267348826,,False,1.438194694929122
2573,39627805360653639,1.4455308310850172,3,blue,constant,5,2.0203683376312256,3.3919395446777343,-0.33527466654777527,-2.355643004179001,2.355643004179001,,True,4.630543231964111
2573,39627805360653639,1.4455308310850172,3,blue,powerlaw,5,2.0203683376312256,3.3919395446777343,2.8585010152790007,0.8381326776477751,0.8381326776477751,,False,4.107655716206609
2573,39627805360653639,1.4455308310850172,3,blue,regularized,5,2.0203683376312256,3.3919395446777343,-11.295505377215502,-13.315873714846727,13.315873714846727,,True,13.871921585001363
2573,39627805360653639,1.4455308310850172,3,red,constant,5,1.2382957935333252,0.599972152709961,0.7571764588356018,-0.4811193346977234,0.4811193346977234,,False,1.579920768737793
2573,39627805360653639,1.4455308310850172,3,red,powerlaw,5,1.2382957935333252,0.599972152709961,0.6680496354376126,-0.5702461580957126,0.5702461580957126,,False,1.609907457947552
2573,39627805360653639,1.4455308310850172,3,red,regularized,5,1.2382957935333252,0.599972152709961,0.6631165793582726,-0.5751792141750526,0.5751792141750526,,False,1.6110570375230684
11167,39627859706250480,1.2203965431844137,3,blue,constant,5,-0.559988796710968,2.0993003845214844,1.7732350826263428,2.333223879337311,2.333223879337311,,False,3.350152015686035
11167,39627859706250480,1.2203965431844137,3,blue,powerlaw,5,-0.559988796710968,2.0993003845214844,1.8767749893986803,2.4367637861096485,2.4367637861096485,,False,3.41957352226834
11167,39627859706250480,1.2203965431844137,3,blue,regularized,5,-0.559988796710968,2.0993003845214844,1.8214033720668177,2.3813921687777855,2.3813921687777855,,False,3.383875288960603
11167,39627859706250480,1.2203965431844137,3,red,constant,5,1.15842604637146,0.2887451410293579,1.2017362117767334,0.04331016540527344,0.04331016540527344,0.0373870783904885,False,1.2061742544174194
11167,39627859706250480,1.2203965431844137,3,red,powerlaw,5,1.15842604637146,0.2887451410293579,1.1250304485031148,-0.03339559786834512,0.03339559786834512,0.028828424544622602,False,1.2036581077764468
11167,39627859706250480,1.2203965431844137,3,red,regularized,5,1.15842604637146,0.2887451410293579,1.2426687428907262,0.08424269651926619,0.08424269651926619,0.07272168714018451,False,1.2083366465224177
3519,39627817440252824,1.343629467398889,3,blue,constant,5,2.4306812286376953,2.6684566497802735,3.558173656463623,1.1274924278259277,1.1274924278259277,,False,7.396474361419678
3519,39627817440252824,1.343629467398889,3,blue,powerlaw,5,2.4306812286376953,2.6684566497802735,2.3525447539370266,-0.07813647470066876,0.07813647470066876,,False,7.301738532509616
3519,39627817440252824,1.343629467398889,3,blue,regularized,5,2.4306812286376953,2.6684566497802735,3.387447036598304,0.9567658079606085,0.9567658079606085,,False,7.334015042437241
3519,39627817440252824,1.343629467398889,3,red,constant,5,1.0145186185836792,0.2871544599533081,1.5078192949295044,0.4933006763458252,0.4933006763458252,0.4862411268848852,False,0.73603755235672
3519,39627817440252824,1.343629467398889,3,red,powerlaw,5,1.0145186185836792,0.2871544599533081,1.279179089004375,0.26466047042069585,0.26466047042069585,0.2608729554812662,False,0.6077183737916347
3519,39627817440252824,1.343629467398889,3,red,regularized,5,1.0145186185836792,0.2871544599533081,1.3341523104384445,0.3196336918547653,0.3196336918547653,0.315059463670554,False,0.6340663464032164
9499,39627841599441088,1.4559375240445849,3,blue,constant,5,8.5293607711792,2.2463747024536134,3.9642677307128906,-4.565093040466309,4.565093040466309,0.5352210045906144,False,5.420280933380127
9499,39627841599441088,1.4559375240445849,3,blue,powerlaw,5,8.5293607711792,2.2463747024536134,3.877007365708802,-4.652353405470397,4.652353405470397,0.5454515913069065,False,5.484842283532027
9499,39627841599441088,1.4559375240445849,3,blue,regularized,5,8.5293607711792,2.2463747024536134,7.058520163462023,-1.470840607717176,1.470840607717176,0.1724444125622124,False,3.2512339544269513
9499,39627841599441088,1.4559375240445849,3,red,constant,5,0.8678073883056641,0.285734224319458,1.0178240537643433,0.1500166654586792,0.1500166654586792,0.17286861978851864,False,0.46971675753593445
9499,39627841599441088,1.4559375240445849,3,red,powerlaw,5,0.8678073883056641,0.285734224319458,0.8901440541515127,0.02233666584584859,0.02233666584584859,0.025739197599434407,False,0.44646402715803385
9499,39627841599441088,1.4559375240445849,3,red,regularized,5,0.8678073883056641,0.285734224319458,1.0707006392607608,0.2028932509550967,0.2028932509550967,0.23379986583339907,False,0.48917738499730967
546,39627580940225006,1.3488877905072727,3,blue,constant,5,5.452868461608887,1.5123435020446778,1.7733352184295654,-3.6795332431793213,3.6795332431793213,0.6747885574510379,False,5.072451591491699
546,39627580940225006,1.3488877905072727,3,blue,powerlaw,5,5.452868461608887,1.5123435020446778,2.3747258117991956,-3.078142649809691,3.078142649809691,0.5644997071690732,False,4.6445478172338355
546,39627580940225006,1.3488877905072727,3,blue,regularized,5,5.452868461608887,1.5123435020446778,3.022660877364993,-2.430207584243894,2.430207584243894,0.4456750793373903,False,4.2530745656578555
546,39627580940225006,1.3488877905072727,3,red,constant,5,0.23870277404785156,0.19795398712158202,1.0768591165542603,0.8381563425064087,0.8381563425064087,,False,0.9597371816635132
546,39627580940225006,1.3488877905072727,3,red,powerlaw,5,0.23870277404785156,0.19795398712158202,1.1943387279334456,0.9556359538855941,0.9556359538855941,,False,1.0662874329510543
546,39627580940225006,1.3488877905072727,3,red,regularized,5,0.23870277404785156,0.19795398712158202,1.1784409507418685,0.9397381766940169,0.9397381766940169,,False,1.049617628128085
6364,39627829515652610,1.3815514689287756,3,blue,constant,5,1.6140663623809814,1.8454389572143555,3.1010162830352783,1.4869499206542969,1.4869499206542969,,False,3.820579767227173
6364,39627829515652610,1.3815514689287756,3,blue,powerlaw,5,1.6140663623809814,1.8454389572143555,3.0606424531703498,1.4465760907893683,1.4465760907893683,,False,3.831252545088348
6364,39627829515652610,1.3815514689287756,3,blue,regularized,5,1.6140663623809814,1.8454389572143555,3.1839956377179517,1.5699292753369702,1.5699292753369702,,False,3.8800587599327496
6364,39627829515652610,1.3815514689287756,3,red,constant,5,1.437909722328186,0.2528540849685669,1.2487521171569824,-0.1891576051712036,0.1891576051712036,0.13155040419709368,False,0.7551856637001038
6364,39627829515652610,1.3815514689287756,3,red,powerlaw,5,1.437909722328186,0.2528540849685669,1.375671615500228,-0.06223810682795805,0.06223810682795805,0.043283737401250376,False,0.724846523414319
6364,39627829515652610,1.3815514689287756,3,red,regularized,5,1.437909722328186,0.2528540849685669,1.3667886598778154,-0.07112106245037064,0.07112106245037064,0.049461424000399164,False,0.7326500640988042
9168,39627847647626161,1.3604897748516225,3,blue,constant,5,1.0624998807907104,2.7030712127685548,2.916419744491577,1.8539198637008667,1.8539198637008667,,False,4.166554927825928
9168,39627847647626161,1.3604897748516225,3,blue,powerlaw,5,1.0624998807907104,2.7030712127685548,2.3220882538812946,1.2595883730905841,1.2595883730905841,,False,3.9194082570201534
9168,39627847647626161,1.3604897748516225,3,blue,regularized,5,1.0624998807907104,2.7030712127685548,2.1469512742501173,1.0844513934594069,1.0844513934594069,,False,3.8803545993936304
9168,39627847647626161,1.3604897748516225,3,red,constant,5,-0.44766849279403687,0.2837209939956665,0.8839877843856812,1.331656277179718,1.331656277179718,,False,2.4723029136657715
9168,39627847647626161,1.3604897748516225,3,red,powerlaw,5,-0.44766849279403687,0.2837209939956665,1.1682022752329952,1.6158707680270321,1.6158707680270321,,False,2.636120304686445
9168,39627847647626161,1.3604897748516225,3,red,regularized,5,-0.44766849279403687,0.2837209939956665,0.9390183143564249,1.3866868071504617,1.3866868071504617,,False,2.5023734839779235
8407,39627829528237054,1.2899606335580207,3,blue,constant,5,5.479031085968018,1.6451606750488281,3.6232292652130127,-1.8558018207550049,1.8558018207550049,0.33870985428569217,False,4.438629150390625
8407,39627829528237054,1.2899606335580207,3,blue,powerlaw,5,5.479031085968018,1.6451606750488281,3.2350457557684598,-2.243985330199558,2.243985330199558,0.40955878785694055,False,4.606136154555367
8407,39627829528237054,1.2899606335580207,3,blue,regularized,5,5.479031085968018,1.6451606750488281,4.2018322828555315,-1.2771988031124861,1.2771988031124861,0.23310669041163776,False,4.222048962942356
8407,39627829528237054,1.2899606335580207,3,red,constant,5,0.9365941882133484,0.2803014278411865,0.8680553436279297,-0.0685388445854187,0.0685388445854187,0.07317880619797966,False,0.35329893231391907
8407,39627829528237054,1.2899606335580207,3,red,powerlaw,5,0.9365941882133484,0.2803014278411865,0.9667506471468604,0.030156458933512043,0.030156458933512043,0.032197999211417964,False,0.3497035556279614
8407,39627829528237054,1.2899606335580207,3,red,regularized,5,0.9365941882133484,0.2803014278411865,0.6173529466629676,-0.3192412415503808,0.3192412415503808,0.3408533232086,False,0.48930120132923266
12704,39627775677566419,1.4001822416852938,3,blue,constant,5,3.9417693614959717,2.525747299194336,3.668757677078247,-0.2730116844177246,0.2730116844177246,,False,3.3509721755981445
12704,39627775677566419,1.4001822416852938,3,blue,powerlaw,5,3.9417693614959717,2.525747299194336,3.8876476087358482,-0.05412175276012343,0.05412175276012343,,False,3.3295134324402618
12704,39627775677566419,1.4001822416852938,3,blue,regularized,5,3.9417693614959717,2.525747299194336,3.959238685657936,0.017469324161964117,0.017469324161964117,,False,3.339877784044255
12704,39627775677566419,1.4001822416852938,3,red,constant,5,1.3931796550750732,0.2951574087142944,1.4338806867599487,0.04070103168487549,0.04070103168487549,0.02921448898324765,False,0.5933656692504883
12704,39627775677566419,1.4001822416852938,3,red,powerlaw,5,1.3931796550750732,0.2951574087142944,1.4632533128079017,0.07007365773282848,0.07007365773282848,0.05029764645038006,False,0.5640145061928065
12704,39627775677566419,1.4001822416852938,3,red,regularized,5,1.3931796550750732,0.2951574087142944,1.728891189089385,0.33571153401431175,0.33571153401431175,0.24096787000253855,False,0.6312107371125393
10057,39627835555448716,1.3340169843439955,3,blue,constant,5,1.6942436695098877,2.1008405685424805,1.8583561182022095,0.16411244869232178,0.16411244869232178,,False,3.213517665863037
10057,39627835555448716,1.3340169843439955,3,blue,powerlaw,5,1.6942436695098877,2.1008405685424805,0.8410630634287406,-0.8531806060811471,0.8531806060811471,,False,3.327422847706919
10057,39627835555448716,1.3340169843439955,3,blue,regularized,5,1.6942436695098877,2.1008405685424805,2.173795379081536,0.4795517095716484,0.4795517095716484,,False,3.24495505509049
10057,39627835555448716,1.3340169843439955,3,red,constant,5,0.28436118364334106,0.26025559902191164,1.0188685655593872,0.7345073819160461,0.7345073819160461,,False,0.8976967334747314
10057,39627835555448716,1.3340169843439955,3,red,powerlaw,5,0.28436118364334106,0.26025559902191164,0.9558458363557696,0.6714846527124285,0.6714846527124285,,False,0.8450423233037777
10057,39627835555448716,1.3340169843439955,3,red,regularized,5,0.28436118364334106,0.26025559902191164,0.7298520504249455,0.44549086678160443,0.44549086678160443,,False,0.6679918306007335
4105,39627811392066024,1.3436994260567665,3,blue,constant,5,1.8587007522583008,2.719067192077637,0.8482200503349304,-1.0104807019233704,1.0104807019233704,,False,3.980903387069702
4105,39627811392066024,1.3436994260567665,3,blue,powerlaw,5,1.8587007522583008,2.719067192077637,1.0042863683163779,-0.8544143839419229,0.8544143839419229,,False,3.94481902216899
4105,39627811392066024,1.3436994260567665,3,blue,regularized,5,1.8587007522583008,2.719067192077637,0.9517472969206615,-0.9069534553376393,0.9069534553376393,,False,3.9558924869222194
4105,39627811392066024,1.3436994260567665,3,red,constant,5,1.691441297531128,0.27531516551971436,1.4015151262283325,-0.2899261713027954,0.2899261713027954,0.1714077643285518,False,0.726270854473114
4105,39627811392066024,1.3436994260567665,3,red,powerlaw,5,1.691441297531128,0.27531516551971436,1.4239572248402488,-0.26748407269087915,0.26748407269087915,0.15813973153032618,False,0.7286386684637329
4105,39627811392066024,1.3436994260567665,3,red,regularized,5,1.691441297531128,0.27531516551971436,1.3328570972686289,-0.35858420026249904,0.35858420026249904,0.21199919901796058,False,0.7563033613472828
6888,39627841586858028,1.4582529256544905,3,blue,constant,5,1.1938592195510864,1.4108514785766602,2.3758416175842285,1.181982398033142,1.181982398033142,,False,4.249668598175049
6888,39627841586858028,1.4582529256544905,3,blue,powerlaw,5,1.1938592195510864,1.4108514785766602,2.526696765350107,1.3328375457990207,1.3328375457990207,,False,4.31664100501663
6888,39627841586858028,1.4582529256544905,3,blue,regularized,5,1.1938592195510864,1.4108514785766602,1.7663034558234805,0.572444236272394,0.572444236272394,,False,4.121573145213522
6888,39627841586858028,1.4582529256544905,3,red,constant,5,1.9599241018295288,0.2108070135116577,1.1881592273712158,-0.771764874458313,0.771764874458313,0.3937728372940025,False,1.0003970861434937
6888,39627841586858028,1.4582529256544905,3,red,powerlaw,5,1.9599241018295288,0.2108070135116577,0.9846842316297495,-0.9752398701997793,0.9752398701997793,0.49759063082566457,False,1.1615884631964737
6888,39627841586858028,1.4582529256544905,3,red,regularized,5,1.9599241018295288,0.2108070135116577,1.1609136727255394,-0.7990104291039895,0.7990104291039895,0.4076741687895658,False,1.02156305244313
11593,39627793801152533,1.3442235890546792,3,blue,constant,5,-9.464723587036133,4.631549072265625,3.4754180908203125,12.940141677856445,12.940141677856445,,False,14.71021842956543
11593,39627793801152533,1.3442235890546792,3,blue,powerlaw,5,-9.464723587036133,4.631549072265625,5.100947427937735,14.565671014973868,14.565671014973868,,False,16.211592188714974
11593,39627793801152533,1.3442235890546792,3,blue,regularized,5,-9.464723587036133,4.631549072265625,4.2862959204331155,13.751019507469248,13.751019507469248,,False,15.428343998615796
11593,39627793801152533,1.3442235890546792,3,red,constant,5,0.0942014679312706,0.5341343402862548,0.823988139629364,0.7297866716980934,0.7297866716980934,,False,2.011486291885376
11593,39627793801152533,1.3442235890546792,3,red,powerlaw,5,0.0942014679312706,0.5341343402862548,1.0813263496540393,0.9871248817227687,0.9871248817227687,,False,2.117296005482582
11593,39627793801152533,1.3442235890546792,3,red,regularized,5,0.0942014679312706,0.5341343402862548,0.9073149410956439,0.8131134731643733,0.8131134731643733,,False,2.0431938784181507
841,39627835580615712,1.5828495552268325,3,blue,constant,4,2.436082363128662,1.4432896375656128,1.9672566652297974,-0.46882569789886475,0.46882569789886475,,False,2.3470513820648193
841,39627835580615712,1.5828495552268325,3,blue,powerlaw,4,2.436082363128662,1.4432896375656128,1.8161294827977246,-0.6199528803309375,0.6199528803309375,,False,2.381727479402166
841,39627835580615712,1.5828495552268325,3,blue,regularized,4,2.436082363128662,1.4432896375656128,2.9458417421566927,0.5097593790280306,0.5097593790280306,,False,2.352443797129454
841,39627835580615712,1.5828495552268325,3,red,constant,4,0.6436646580696106,0.269535630941391,0.6803471446037292,0.03668248653411865,0.03668248653411865,,False,0.5920715928077698
841,39627835580615712,1.5828495552268325,3,red,powerlaw,4,0.6436646580696106,0.269535630941391,0.8828325881973969,0.23916793012778625,0.23916793012778625,,False,0.641224149168812
841,39627835580615712,1.5828495552268325,3,red,regularized,4,0.6436646580696106,0.269535630941391,0.8740754778140502,0.23041081974443955,0.23041081974443955,,False,0.6342652034059693
12724,39627793801151030,1.4911110656398394,3,blue,constant,5,4.164003849029541,3.591050720214844,5.405468463897705,1.241464614868164,1.241464614868164,,False,7.264477252960205
12724,39627793801151030,1.4911110656398394,3,blue,powerlaw,5,4.164003849029541,3.591050720214844,5.965439494730838,1.8014356457012966,1.8014356457012966,,False,7.3722103861144195
12724,39627793801151030,1.4911110656398394,3,blue,regularized,5,4.164003849029541,3.591050720214844,5.9587418325910635,1.7947379835615225,1.7947379835615225,,False,7.371949692507214
12724,39627793801151030,1.4911110656398394,3,red,constant,5,1.064297080039978,0.44287891387939454,0.37772658467292786,-0.6865704953670502,0.6865704953670502,,False,1.1540132761001587
12724,39627793801151030,1.4911110656398394,3,red,powerlaw,5,1.064297080039978,0.44287891387939454,0.8214455077867455,-0.2428515722532325,0.2428515722532325,,False,0.9582381609353603
12724,39627793801151030,1.4911110656398394,3,red,regularized,5,1.064297080039978,0.44287891387939454,1.5401154891718951,0.4758184091319171,0.4758184091319171,,False,1.0424829993727756
8444,39627829532429975,1.271050292594729,3,blue,constant,5,2.7698464393615723,3.097428321838379,3.6590499877929688,0.8892035484313965,0.8892035484313965,,False,6.679317951202393
8444,39627829532429975,1.271050292594729,3,blue,powerlaw,5,2.7698464393615723,3.097428321838379,4.302331405196848,1.532484965835276,1.532484965835276,,False,6.816632547113463
8444,39627829532429975,1.271050292594729,3,blue,regularized,5,2.7698464393615723,3.097428321838379,4.352128164318231,1.5822817249566583,1.5822817249566583,,False,6.827301032930844
8444,39627829532429975,1.271050292594729,3,red,constant,5,-0.02472536638379097,0.7227652072906494,0.8804033398628235,0.9051287062466145,0.9051287062466145,,False,1.2219970226287842
8444,39627829532429975,1.271050292594729,3,red,powerlaw,5,-0.02472536638379097,0.7227652072906494,0.6002672147876478,0.6249925811714387,0.6249925811714387,,False,1.0329600861158477
8444,39627829532429975,1.271050292594729,3,red,regularized,5,-0.02472536638379097,0.7227652072906494,0.9650795964701124,0.9898049628539034,0.9898049628539034,,False,1.2859954905909146
6440,39627841582665687,1.245333523344185,3,blue,constant,5,-1.7726871967315674,1.895634078979492,2.1693451404571533,3.9420323371887207,3.9420323371887207,,False,7.359078884124756
6440,39627841582665687,1.245333523344185,3,blue,powerlaw,5,-1.7726871967315674,1.895634078979492,1.900455592344414,3.6731427890759814,3.6731427890759814,,False,7.206141090257732
6440,39627841582665687,1.245333523344185,3,blue,regularized,5,-1.7726871967315674,1.895634078979492,4.197206203559029,5.969893400290596,5.969893400290596,,False,8.617195171312046
6440,39627841582665687,1.245333523344185,3,red,constant,5,0.6561223864555359,0.3648079872131348,1.0004467964172363,0.34432440996170044,0.34432440996170044,,False,0.9938836693763733
6440,39627841582665687,1.245333523344185,3,red,powerlaw,5,0.6561223864555359,0.3648079872131348,0.9690397860386263,0.3129173995830904,0.3129173995830904,,False,0.9821730452246275
6440,39627841582665687,1.245333523344185,3,red,regularized,5,0.6561223864555359,0.3648079872131348,0.8498897841569011,0.1937673977013652,0.1937673977013652,,False,0.9433548902877634
10544,39627859710445195,1.253592651724477,3,blue,constant,5,3.864683151245117,2.2766996383666993,1.9769080877304077,-1.8877750635147095,1.8877750635147095,,False,4.109675407409668
10544,39627859710445195,1.253592651724477,3,blue,powerlaw,5,3.864683151245117,2.2766996383666993,2.9984071447554177,-0.8662760064896995,0.8662760064896995,,False,3.7112315044628374
10544,39627859710445195,1.253592651724477,3,blue,regularized,5,3.864683151245117,2.2766996383666993,2.6487365125134823,-1.2159466387316349,1.2159466387316349,,False,3.847631095218613
10544,39627859710445195,1.253592651724477,3,red,constant,5,0.6066586375236511,0.28169467449188235,0.8789485692977905,0.2722899317741394,0.2722899317741394,,False,0.6487818360328674
10544,39627859710445195,1.253592651724477,3,red,powerlaw,5,0.6066586375236511,0.28169467449188235,0.9003361771088262,0.29367753958517506,0.29367753958517506,,False,0.6580130238296321
10544,39627859710445195,1.253592651724477,3,red,regularized,5,0.6066586375236511,0.28169467449188235,0.8423680368814622,0.2357093993578111,0.2357093993578111,,False,0.6342837341370164
7656,39627829532429519,1.564235094748227,3,blue,constant,4,3.486311674118042,1.4176894426345825,2.222153902053833,-1.264157772064209,1.264157772064209,,False,1.7238035202026367
7656,39627829532429519,1.564235094748227,3,blue,powerlaw,4,3.486311674118042,1.4176894426345825,2.2325961043651446,-1.2537155697528974,1.2537155697528974,,False,1.7230585001291927
7656,39627829532429519,1.564235094748227,3,blue,regularized,4,3.486311674118042,1.4176894426345825,2.1584300850704476,-1.3278815890475943,1.3278815890475943,,False,1.7710655648800055
7656,39627829532429519,1.564235094748227,3,red,constant,4,1.1133084297180176,0.1625552475452423,1.074476718902588,-0.03883171081542969,0.03883171081542969,0.03487956237362284,False,0.5896425247192383
7656,39627829532429519,1.564235094748227,3,red,powerlaw,4,1.1133084297180176,0.1625552475452423,0.9353993389077373,-0.17790909081028028,0.17790909081028028,0.15980215909740456,False,0.6146097918834603
7656,39627829532429519,1.564235094748227,3,red,regularized,4,1.1133084297180176,0.1625552475452423,1.3776066394460658,0.2642982097280482,0.2642982097280482,0.2373989118136746,False,0.644913046325829
3517,39627805356463699,1.2633811905670624,3,blue,constant,5,6.84557580947876,2.7483732223510744,7.23556661605835,0.38999080657958984,0.38999080657958984,,False,6.326169967651367
3517,39627805356463699,1.2633811905670624,3,blue,powerlaw,5,6.84557580947876,2.7483732223510744,8.35886383583265,1.5132880263538908,1.5132880263538908,,False,6.679037391322797
3517,39627805356463699,1.2633811905670624,3,blue,regularized,5,6.84557580947876,2.7483732223510744,7.966368926570508,1.1207931170917487,1.1207931170917487,,False,6.412839562498084
3517,39627805356463699,1.2633811905670624,3,red,constant,5,0.8629330396652222,0.2559287309646606,1.2863125801086426,0.4233795404434204,0.4233795404434204,0.490628497209554,False,0.8894933462142944
3517,39627805356463699,1.2633811905670624,3,red,powerlaw,5,0.8629330396652222,0.2559287309646606,1.2279701515961918,0.36503711193096966,0.36503711193096966,0.42301904684584457,False,0.8637029710378034
3517,39627805356463699,1.2633811905670624,3,red,regularized,5,0.8629330396652222,0.2559287309646606,1.4306197647775594,0.5676867251123372,0.5676867251123372,0.6578572137330299,False,0.9665486917826188
2190,39627847660210834,1.3681759764879469,3,blue,constant,5,2.3971900939941406,0.9171805381774902,2.121382236480713,-0.27580785751342773,0.27580785751342773,,False,1.5298022031784058
2190,39627847660210834,1.3681759764879469,3,blue,powerlaw,5,2.3971900939941406,0.9171805381774902,3.101986283396567,0.7047961894024262,0.7047961894024262,,False,1.6506709613329174
2190,39627847660210834,1.3681759764879469,3,blue,regularized,5,2.3971900939941406,0.9171805381774902,2.1006011128503235,-0.29658898114381715,0.29658898114381715,,False,1.5343649877436143
2190,39627847660210834,1.3681759764879469,3,red,constant,5,0.9674803614616394,0.10246902704238892,1.0557152032852173,0.08823484182357788,0.08823484182357788,0.0912006541303592,False,0.24750074744224548
2190,39627847660210834,1.3681759764879469,3,red,powerlaw,5,0.9674803614616394,0.10246902704238892,1.1591569994531696,0.19167663799153023,0.19167663799153023,0.198119409578455,False,0.30006263504508
2190,39627847660210834,1.3681759764879469,3,red,regularized,5,0.9674803614616394,0.10246902704238892,1.1149353800199124,0.14745501855827303,0.14745501855827303,0.1524113815969376,False,0.27425210173835324
8323,39627835568032657,1.4055321858978111,3,blue,constant,5,4.1418561935424805,2.4683300018310548,3.003796339035034,-1.1380598545074463,1.1380598545074463,,False,5.126158237457275
8323,39627835568032657,1.4055321858978111,3,blue,powerlaw,5,4.1418561935424805,2.4683300018310548,1.2886696338681094,-2.853186559674371,2.853186559674371,,False,5.768227573335622
8323,39627835568032657,1.4055321858978111,3,blue,regularized,5,4.1418561935424805,2.4683300018310548,1.8074414377269747,-2.334414755815506,2.334414755815506,,False,5.516377166495207
8323,39627835568032657,1.4055321858978111,3,red,constant,5,0.5773552656173706,0.3359742403030396,0.8459890484809875,0.26863378286361694,0.26863378286361694,,False,1.0389288663864136
8323,39627835568032657,1.4055321858978111,3,red,powerlaw,5,0.5773552656173706,0.3359742403030396,0.791545046233792,0.21418978061642135,0.21418978061642135,,False,1.0326222485268155
8323,39627835568032657,1.4055321858978111,3,red,regularized,5,0.5773552656173706,0.3359742403030396,0.5972942754919546,0.01993900987458397,0.01993900987458397,,False,1.0137999444808714
2354,39627847656016465,1.3327382023700851,3,blue,constant,5,3.0087814331054688,1.7534801483154296,2.100140333175659,-0.9086410999298096,0.9086410999298096,,False,4.844242572784424
2354,39627847656016465,1.3327382023700851,3,blue,powerlaw,5,3.0087814331054688,1.7534801483154296,1.8525290612721914,-1.1562523718332773,1.1562523718332773,,False,4.888075342225076
2354,39627847656016465,1.3327382023700851,3,blue,regularized,5,3.0087814331054688,1.7534801483154296,0.9578783637542895,-2.0509030693511794,2.0509030693511794,,False,5.182415234674506
2354,39627847656016465,1.3327382023700851,3,red,constant,5,0.8004286885261536,0.21201462745666505,1.0638777017593384,0.2634490132331848,0.2634490132331848,0.32913489609958774,False,0.5598950982093811
2354,39627847656016465,1.3327382023700851,3,red,powerlaw,5,0.8004286885261536,0.21201462745666505,1.1592967171446151,0.35886802861846157,0.35886802861846157,0.44834478544147754,False,0.6096094907386203
2354,39627847656016465,1.3327382023700851,3,red,regularized,5,0.8004286885261536,0.21201462745666505,1.024021017082264,0.22359232855611033,0.22359232855611033,0.2793407229915955,False,0.5422828222459477
8312,39627823484242125,1.4428483340526306,3,blue,constant,5,3.40059232711792,2.8594263076782225,4.0773396492004395,0.6767473220825195,0.6767473220825195,,False,8.341151237487793
8312,39627823484242125,1.4428483340526306,3,blue,powerlaw,5,3.40059232711792,2.8594263076782225,4.815054609584719,1.4144622824667987,1.4144622824667987,,False,8.416121089419518
8312,39627823484242125,1.4428483340526306,3,blue,regularized,5,3.40059232711792,2.8594263076782225,5.391453760609809,1.9908614334918893,1.9908614334918893,,False,8.524257237365074
8312,39627823484242125,1.4428483340526306,3,red,constant,5,1.0766270160675049,0.45407533645629883,1.1526552438735962,0.07602822780609131,0.07602822780609131,,False,0.6600653529167175
8312,39627823484242125,1.4428483340526306,3,red,powerlaw,5,1.0766270160675049,0.45407533645629883,1.1802626151221178,0.10363559905461295,0.10363559905461295,,False,0.6672028815245489
8312,39627823484242125,1.4428483340526306,3,red,regularized,5,1.0766270160675049,0.45407533645629883,0.8911139585463053,-0.18551305752119962,0.18551305752119962,,False,0.6814110972957547
8982,39627847626658244,1.2554766480709072,3,blue,constant,5,2.5148301124572754,1.9872955322265624,3.647185802459717,1.1323556900024414,1.1323556900024414,,False,4.926384925842285
8982,39627847626658244,1.2554766480709072,3,blue,powerlaw,5,2.5148301124572754,1.9872955322265624,3.6238278250604843,1.108997712603209,1.108997712603209,,False,4.931580320954289
8982,39627847626658244,1.2554766480709072,3,blue,regularized,5,2.5148301124572754,1.9872955322265624,3.4712192952422307,0.9563891827849553,0.9563891827849553,,False,4.892882368074783
8982,39627847626658244,1.2554766480709072,3,red,constant,5,0.6260451078414917,0.4954662322998047,0.44094640016555786,-0.18509870767593384,0.18509870767593384,,False,1.6411168575286865
8982,39627847626658244,1.2554766480709072,3,red,powerlaw,5,0.6260451078414917,0.4954662322998047,0.9756452231618713,0.3496001153203796,0.3496001153203796,,False,1.6680441653430504
8982,39627847626658244,1.2554766480709072,3,red,regularized,5,0.6260451078414917,0.4954662322998047,-0.16098194688980663,-0.7870270547312983,0.7870270547312983,,True,1.8106393302262551
5139,39627847651819567,1.341377810035367,3,blue,constant,5,2.8275094032287598,1.4757090568542481,0.8912714719772339,-1.9362379312515259,1.9362379312515259,,False,2.0344016551971436
5139,39627847651819567,1.341377810035367,3,blue,powerlaw,5,2.8275094032287598,1.4757090568542481,1.5943005303826883,-1.2332088728460715,1.2332088728460715,,False,1.3805126654721753
5139,39627847651819567,1.341377810035367,3,blue,regularized,5,2.8275094032287598,1.4757090568542481,0.6834618062476494,-2.1440475969811104,2.1440475969811104,,False,2.233425994069679
5139,39627847651819567,1.341377810035367,3,red,constant,5,1.3096554279327393,0.3945147037506104,1.068842887878418,-0.2408125400543213,0.2408125400543213,0.1838747314127032,False,0.6153987646102905
5139,39627847651819567,1.341377810035367,3,red,powerlaw,5,1.3096554279327393,0.3945147037506104,1.1295257470841595,-0.18012968084857972,0.18012968084857972,0.13753975053797948,False,0.5901211831886649
5139,39627847651819567,1.341377810035367,3,red,regularized,5,1.3096554279327393,0.3945147037506104,1.052292179417959,-0.2573632485147803,0.2573632485147803,0.19651218406433993,False,0.6220617054301647
8274,39627835572225327,1.340556436538083,3,blue,constant,5,4.7958173751831055,2.401303291320801,5.044459342956543,0.2486419677734375,0.2486419677734375,,False,7.401617050170898
8274,39627835572225327,1.340556436538083,3,blue,powerlaw,5,4.7958173751831055,2.401303291320801,5.437241848971081,0.6414244737879757,0.6414244737879757,,False,7.559631928109056
8274,39627835572225327,1.340556436538083,3,blue,regularized,5,4.7958173751831055,2.401303291320801,5.0942715968415335,0.29845422165842805,0.29845422165842805,,False,7.495277100701371
8274,39627835572225327,1.340556436538083,3,red,constant,5,1.2535840272903442,0.32056996822357176,1.0668809413909912,-0.18670308589935303,0.18670308589935303,0.14893543778067816,False,0.6666721701622009
8274,39627835572225327,1.340556436538083,3,red,powerlaw,5,1.2535840272903442,0.32056996822357176,1.0078678637201688,-0.24571616357017545,0.24571616357017545,0.19601092405532447,False,0.6859073787141955
8274,39627835572225327,1.340556436538083,3,red,regularized,5,1.2535840272903442,0.32056996822357176,0.2561578022807969,-0.9974262250095474,0.9974262250095474,0.7956596472958507,False,1.1849805404251703
4209,39627865758635194,1.3511570719430834,3,blue,constant,5,3.948701858520508,6.246721649169922,1.0876086950302124,-2.8610931634902954,2.8610931634902954,,False,9.604374885559082
4209,39627865758635194,1.3511570719430834,3,blue,powerlaw,5,3.948701858520508,6.246721649169922,2.700709593510275,-1.2479922650102329,1.2479922650102329,,False,9.256432025907383
4209,39627865758635194,1.3511570719430834,3,blue,regularized,5,3.948701858520508,6.246721649169922,1.0612514844479246,-2.887450374072583,2.887450374072583,,False,9.612259053360537
4209,39627865758635194,1.3511570719430834,3,red,constant,5,-0.2546985149383545,0.6045568466186524,0.3239746391773224,0.5786731541156769,0.5786731541156769,,False,1.490951418876648
4209,39627865758635194,1.3511570719430834,3,red,powerlaw,5,-0.2546985149383545,0.6045568466186524,0.7190436415189585,0.973742156457313,0.973742156457313,,False,1.6827543816798844
4209,39627865758635194,1.3511570719430834,3,red,regularized,5,-0.2546985149383545,0.6045568466186524,-0.04855410302488645,0.20614441191346805,0.20614441191346805,,True,1.389442082185764
10188,39627853658067023,1.433365632643069,3,blue,constant,5,3.495619297027588,3.6679195404052733,3.311260938644409,-0.1843583583831787,0.1843583583831787,,False,6.8790602684021
10188,39627853658067023,1.433365632643069,3,blue,powerlaw,5,3.495619297027588,3.6679195404052733,4.794290416875864,1.2986711198482759,1.2986711198482759,,False,6.951163936590287
10188,39627853658067023,1.433365632643069,3,blue,regularized,5,3.495619297027588,3.6679195404052733,-3.000924766819571,-6.496544063847159,6.496544063847159,,True,9.460051186541047
10188,39627853658067023,1.433365632643069,3,red,constant,5,2.0568289756774902,0.5780365943908692,1.2562620639801025,-0.8005669116973877,0.8005669116973877,0.3892238592339416,False,1.3241660594940186
10188,39627853658067023,1.433365632643069,3,red,powerlaw,5,2.0568289756774902,0.5780365943908692,0.8480552506513991,-1.208773725026091,1.208773725026091,0.5876880087358445,False,1.6093467266728383
10188,39627853658067023,1.433365632643069,3,red,regularized,5,2.0568289756774902,0.5780365943908692,1.1225426057496024,-0.9342863699278878,0.9342863699278878,0.4542362933311688,False,1.4090420924432852
714,39627563034739324,1.4899463805718451,3,blue,constant,5,0.296097993850708,2.1276212692260743,2.415640354156494,2.119542360305786,2.119542360305786,,False,5.169431209564209
714,39627563034739324,1.4899463805718451,3,blue,powerlaw,5,0.296097993850708,2.1276212692260743,1.8588662232010342,1.5627682293503262,1.5627682293503262,,False,4.980784324991652
714,39627563034739324,1.4899463805718451,3,blue,regularized,5,0.296097993850708,2.1276212692260743,3.9479809000131985,3.6518829061624904,3.6518829061624904,,False,5.963791802264751
714,39627563034739324,1.4899463805718451,3,red,constant,5,0.8684325218200684,0.21876540184020996,0.751186728477478,-0.11724579334259033,0.11724579334259033,0.13500852443534195,False,0.526267945766449
714,39627563034739324,1.4899463805718451,3,red,powerlaw,5,0.8684325218200684,0.21876540184020996,0.7307309741385408,-0.13770154768152754,0.13770154768152754,0.15856332440536824,False,0.530245013749221
714,39627563034739324,1.4899463805718451,3,red,regularized,5,0.8684325218200684,0.21876540184020996,0.7675362288336232,-0.1008962929864452,0.1008962929864452,0.11618207569539875,False,0.5228684605325676
2762,39627817431860151,1.4689439081696405,3,blue,constant,5,6.827664852142334,2.759095573425293,2.4672651290893555,-4.3603997230529785,4.3603997230529785,,False,6.3484320640563965
2762,39627817431860151,1.4689439081696405,3,blue,powerlaw,5,6.827664852142334,2.759095573425293,3.118154840508352,-3.709510011633982,3.709510011633982,,False,5.9230936970587225
2762,39627817431860151,1.4689439081696405,3,blue,regularized,5,6.827664852142334,2.759095573425293,2.913202876569141,-3.914461975573193,3.914461975573193,,False,6.050827555658762
2762,39627817431860151,1.4689439081696405,3,red,constant,5,1.5753910541534424,0.4341909885406494,1.4719220399856567,-0.10346901416778564,0.10346901416778564,0.06567830501194899,False,1.433153748512268
2762,39627817431860151,1.4689439081696405,3,red,powerlaw,5,1.5753910541534424,0.4341909885406494,1.5013687284537667,-0.0740223256996757,0.0740223256996757,0.04698663579720059,False,1.4146204879198128
2762,39627817431860151,1.4689439081696405,3,red,regularized,5,1.5753910541534424,0.4341909885406494,1.5249194318432664,-0.05047162231017599,0.05047162231017599,0.03203751993964292,False,1.4303046426350687
11426,39627853670648707,1.2804256753390335,3,blue,constant,5,5.571168422698975,2.24157829284668,3.128770351409912,-2.4423980712890625,2.4423980712890625,,False,5.62310266494751
11426,39627853670648707,1.2804256753390335,3,blue,powerlaw,5,5.571168422698975,2.24157829284668,4.093024455878322,-1.4781439668206522,1.4781439668206522,,False,5.2988428650056125
11426,39627853670648707,1.2804256753390335,3,blue,regularized,5,5.571168422698975,2.24157829284668,3.0013438747362016,-2.569824547962773,2.569824547962773,,False,5.67960996171085
11426,39627853670648707,1.2804256753390335,3,red,constant,5,0.8530539274215698,0.3048290252685547,0.6474485993385315,-0.20560532808303833,0.20560532808303833,,False,1.1898956298828125
11426,39627853670648707,1.2804256753390335,3,red,powerlaw,5,0.8530539274215698,0.3048290252685547,0.7829293831608297,-0.07012454426074011,0.07012454426074011,,False,1.182742015003414
11426,39627853670648707,1.2804256753390335,3,red,regularized,5,0.8530539274215698,0.3048290252685547,0.450994348834198,-0.40205957858737185,0.40205957858737185,,False,1.258749619537745
10760,39627853666453386,1.409201728928988,3,blue,constant,5,2.9346938133239746,1.4626811027526856,2.0614702701568604,-0.8732235431671143,0.8732235431671143,,False,3.1770172119140625
10760,39627853666453386,1.409201728928988,3,blue,powerlaw,5,2.9346938133239746,1.4626811027526856,2.244049481118813,-0.6906443322051614,0.6906443322051614,,False,3.1398518996074234
10760,39627853666453386,1.409201728928988,3,blue,regularized,5,2.9346938133239746,1.4626811027526856,1.9225402327429038,-1.0121535805810709,1.0121535805810709,,False,3.1947718339646753
10760,39627853666453386,1.409201728928988,3,red,constant,5,0.7750576138496399,0.22388677597045897,0.8144571185112,0.03939950466156006,0.03939950466156006,0.0508342914868823,False,0.7437513470649719
10760,39627853666453386,1.409201728928988,3,red,powerlaw,5,0.7750576138496399,0.22388677597045897,1.097529478943936,0.32247186509429615,0.32247186509429615,0.41606179893209233,False,0.8118463650391553
10760,39627853666453386,1.409201728928988,3,red,regularized,5,0.7750576138496399,0.22388677597045897,-0.08616198256355892,-0.8612195964131988,0.8612195964131988,1.1111684873794094,True,1.1372058407178056
7274,39627829540815815,1.2434303243528848,3,blue,constant,5,0.6323599815368652,0.3552725076675415,0.043944910168647766,-0.5884150713682175,0.5884150713682175,,False,1.2143326997756958
7274,39627829540815815,1.2434303243528848,3,blue,powerlaw,5,0.6323599815368652,0.3552725076675415,0.06631924165742642,-0.5660407398794388,0.5660407398794388,,False,1.2051402455022182
7274,39627829540815815,1.2434303243528848,3,blue,regularized,5,0.6323599815368652,0.3552725076675415,-0.027084293492668006,-0.6594442750295333,0.6594442750295333,,True,1.2502953342296488
7274,39627829540815815,1.2434303243528848,3,red,constant,5,1.0888807773590088,0.05160436630249023,1.1823095083236694,0.09342873096466064,0.09342873096466064,0.08580253495820211,False,0.1639452874660492
7274,39627829540815815,1.2434303243528848,3,red,powerlaw,5,1.0888807773590088,0.05160436630249023,1.375376379277776,0.2864956019187672,0.2864956019187672,0.26311016584720953,False,0.313382249839792
7274,39627829540815815,1.2434303243528848,3,red,regularized,5,1.0888807773590088,0.05160436630249023,1.0005680296171369,-0.08831274774187192,0.08831274774187192,0.081104148018911,False,0.18254075489369742
6902,39627829507265330,1.3106950711369891,3,blue,constant,5,5.165322303771973,3.916749954223633,5.861401081085205,0.6960787773132324,0.6960787773132324,,False,11.318367004394531
6902,39627829507265330,1.3106950711369891,3,blue,powerlaw,5,5.165322303771973,3.916749954223633,5.9340560496534085,0.7687337458814358,0.7687337458814358,,False,11.442356156699034
6902,39627829507265330,1.3106950711369891,3,blue,regularized,5,5.165322303771973,3.916749954223633,6.22247907886654,1.0571567750945672,1.0571567750945672,,False,11.466985528400865
6902,39627829507265330,1.3106950711369891,3,red,constant,5,0.7888311147689819,0.3873866319656372,1.293838381767273,0.505007266998291,0.505007266998291,,False,0.892010509967804
6902,39627829507265330,1.3106950711369891,3,red,powerlaw,5,0.7888311147689819,0.3873866319656372,0.8883445168049284,0.0995134020359465,0.0995134020359465,,False,0.7469424600892214
6902,39627829507265330,1.3106950711369891,3,red,regularized,5,0.7888311147689819,0.3873866319656372,1.0154023920410788,0.22657127727209692,0.22657127727209692,,False,0.7694055958994652
5427,39627829503067911,1.6019546022111184,3,blue,constant,4,8.391275405883789,2.0994367599487305,4.094037055969238,-4.297238349914551,4.297238349914551,0.5121078908816907,False,7.700228214263916
5427,39627829503067911,1.6019546022111184,3,blue,powerlaw,4,8.391275405883789,2.0994367599487305,4.39284449271798,-3.9984309131658087,3.9984309131658087,0.4764985916636929,False,7.49880112272021
5427,39627829503067911,1.6019546022111184,3,blue,regularized,4,8.391275405883789,2.0994367599487305,3.609138911105006,-4.782136494778783,4.782136494778783,0.5698938794722013,False,7.9809830903022
5427,39627829503067911,1.6019546022111184,3,red,constant,4,0.5518621206283569,0.37274858355522156,0.9016038775444031,0.34974175691604614,0.34974175691604614,,False,0.6502200961112976
5427,39627829503067911,1.6019546022111184,3,red,powerlaw,4,0.5518621206283569,0.37274858355522156,1.073672621677475,0.5218105010491181,0.5218105010491181,,False,0.7553372782543923
5427,39627829503067911,1.6019546022111184,3,red,regularized,4,0.5518621206283569,0.37274858355522156,1.0513781728374658,0.4995160522091089,0.4995160522091089,,False,0.7410495612176549
1912,39627835580615706,1.200217635184179,3,blue,constant,5,2.762068271636963,2.8252080917358398,2.1162941455841064,-0.6457741260528564,0.6457741260528564,,False,3.2099359035491943
1912,39627835580615706,1.200217635184179,3,blue,powerlaw,5,2.762068271636963,2.8252080917358398,3.2435187985050398,0.4814505268680769,0.4814505268680769,,False,3.0955392084830637
1912,39627835580615706,1.200217635184179,3,blue,regularized,5,2.762068271636963,2.8252080917358398,2.67383076436941,-0.08823750726755275,0.08823750726755275,,False,3.142171138994138
1912,39627835580615706,1.200217635184179,3,red,constant,5,0.9363816380500793,0.5015274524688721,0.46449488401412964,-0.4718867540359497,0.4718867540359497,,False,0.7081982493400574
1912,39627835580615706,1.200217635184179,3,red,powerlaw,5,0.9363816380500793,0.5015274524688721,0.7308107243827049,-0.20557091366737446,0.20557091366737446,,False,0.5751972961369025
1912,39627835580615706,1.200217635184179,3,red,regularized,5,0.9363816380500793,0.5015274524688721,0.47237108763453406,-0.4640105504155453,0.4640105504155453,,False,0.7029988681172546
2263,39627853704203458,1.4742124035425577,3,blue,constant,5,3.775669574737549,1.248546314239502,1.6327060461044312,-2.1429635286331177,2.1429635286331177,0.5675717872589732,False,3.709467649459839
2263,39627853704203458,1.4742124035425577,3,blue,powerlaw,5,3.775669574737549,1.248546314239502,1.6546744785253515,-2.120995096212197,2.120995096212197,0.5617533669798501,False,3.6976220430656657
2263,39627853704203458,1.4742124035425577,3,blue,regularized,5,3.775669574737549,1.248546314239502,1.457418005536871,-2.3182515692006778,2.3182515692006778,0.6139974707298962,False,3.8215335652737963
2263,39627853704203458,1.4742124035425577,3,red,constant,5,0.9794785380363464,0.18721915483474733,1.227376937866211,0.2478983998298645,0.2478983998298645,0.25309222224189815,False,0.5025168657302856
2263,39627853704203458,1.4742124035425577,3,red,powerlaw,5,0.9794785380363464,0.18721915483474733,1.2098945044466076,0.23041596641026119,0.23041596641026119,0.23524350709327224,False,0.5010792977289328
2263,39627853704203458,1.4742124035425577,3,red,regularized,5,0.9794785380363464,0.18721915483474733,1.3290821786978686,0.34960364066152216,0.34960364066152216,0.35692833184727635,False,0.5597251687069581
3866,39627811400452167,1.2230861556508787,3,blue,constant,5,3.7354190349578857,1.1830001831054688,1.3445175886154175,-2.3909014463424683,2.3909014463424683,0.6400624465333711,False,3.569697141647339
3866,39627811400452167,1.2230861556508787,3,blue,powerlaw,5,3.7354190349578857,1.1830001831054688,2.1711176177140286,-1.5643014172438572,1.5643014172438572,0.4187753509323469,False,3.0714462172163652
3866,39627811400452167,1.2230861556508787,3,blue,regularized,5,3.7354190349578857,1.1830001831054688,1.8916080580958776,-1.8438109768620081,1.8438109768620081,0.49360217946279106,False,3.228209326984096
3866,39627811400452167,1.2230861556508787,3,red,constant,5,0.7280867099761963,0.10520251989364623,1.0058836936950684,0.27779698371887207,0.27779698371887207,0.3815438187684462,False,0.37664568424224854
3866,39627811400452167,1.2230861556508787,3,red,powerlaw,5,0.7280867099761963,0.10520251989364623,0.8998693833743887,0.17178267339819242,0.17178267339819242,0.23593710892457934,False,0.3027849836693139
3866,39627811400452167,1.2230861556508787,3,red,regularized,5,0.7280867099761963,0.10520251989364623,0.9563660870616065,0.22827937708541024,0.22827937708541024,0.3135332288826883,False,0.3417634727922174
11841,39627781713170627,1.3642280290061946,3,blue,constant,5,2.3450701236724854,1.7519847869873046,1.98681640625,-0.35825371742248535,0.35825371742248535,,False,3.2059030532836914
11841,39627781713170627,1.3642280290061946,3,blue,powerlaw,5,2.3450701236724854,1.7519847869873046,1.7661916190026212,-0.5788785046698641,0.5788785046698641,,False,3.225424862622232
11841,39627781713170627,1.3642280290061946,3,blue,regularized,5,2.3450701236724854,1.7519847869873046,1.986508726458153,-0.35856139721433244,0.35856139721433244,,False,3.1835699920049394
11841,39627781713170627,1.3642280290061946,3,red,constant,5,1.1494991779327393,0.14697293043136597,1.2288466691970825,0.07934749126434326,0.07934749126434326,0.06902787995641883,False,0.5827947854995728
11841,39627781713170627,1.3642280290061946,3,red,powerlaw,5,1.1494991779327393,0.14697293043136597,1.2777742607764229,0.1282750828436836,0.1282750828436836,0.11159214839489809,False,0.6036281115414446
11841,39627781713170627,1.3642280290061946,3,red,regularized,5,1.1494991779327393,0.14697293043136597,1.3176885960832363,0.16818941815049704,0.16818941815049704,0.14631538793526508,False,0.6013662775834081
711,39627574959149530,1.3297708634010696,3,blue,constant,5,2.481788396835327,1.3597043991088866,0.5491341352462769,-1.9326542615890503,1.9326542615890503,,False,3.0529520511627197
711,39627574959149530,1.3297708634010696,3,blue,powerlaw,5,2.481788396835327,1.3597043991088866,1.5323861020538156,-0.9494022947815115,0.9494022947815115,,False,2.545810320561431
711,39627574959149530,1.3297708634010696,3,blue,regularized,5,2.481788396835327,1.3597043991088866,-1.1727447329473741,-3.6545331297827013,3.6545331297827013,,True,4.3923201883470915
711,39627574959149530,1.3297708634010696,3,red,constant,5,1.2705066204071045,0.20776233673095704,1.0026543140411377,-0.2678523063659668,0.2678523063659668,0.21082322757211586,False,0.5520315170288086
711,39627574959149530,1.3297708634010696,3,red,powerlaw,5,1.2705066204071045,0.20776233673095704,1.1281256552525998,-0.1423809651545047,0.1423809651545047,0.11206629140498459,False,0.49849916708848857
711,39627574959149530,1.3297708634010696,3,red,regularized,5,1.2705066204071045,0.20776233673095704,1.0136985092186157,-0.2568081111884888,0.2568081111884888,0.2021304785536659,False,0.5467580680789645
4334,39627865767023256,1.268234706824708,3,blue,constant,5,-1.1311171054840088,2.445240783691406,1.8806374073028564,3.0117545127868652,3.0117545127868652,,False,4.631492614746094
4334,39627865767023256,1.268234706824708,3,blue,powerlaw,5,-1.1311171054840088,2.445240783691406,2.746420197624706,3.877537303108715,3.877537303108715,,False,5.335711771439215
4334,39627865767023256,1.268234706824708,3,blue,regularized,5,-1.1311171054840088,2.445240783691406,5.4125051162736195,6.543622221757628,6.543622221757628,,False,7.474132032277345
4334,39627865767023256,1.268234706824708,3,red,constant,5,0.4541858732700348,0.33489294052124025,1.084039568901062,0.6298536956310272,0.6298536956310272,,False,1.3814939260482788
4334,39627865767023256,1.268234706824708,3,red,powerlaw,5,0.4541858732700348,0.33489294052124025,0.9373869804058952,0.4832011071358604,0.4832011071358604,,False,1.3209866232340206
4334,39627865767023256,1.268234706824708,3,red,regularized,5,0.4541858732700348,0.33489294052124025,1.0789242669251422,0.6247383936551074,0.6247383936551074,,False,1.3791692383493133
4558,39627853691621149,1.263399377555538,3,blue,constant,5,3.151027202606201,1.6255353927612304,2.6067819595336914,-0.5442452430725098,0.5442452430725098,,False,2.029736042022705
4558,39627853691621149,1.263399377555538,3,blue,powerlaw,5,3.151027202606201,1.6255353927612304,3.2309436568743792,0.07991645426817806,0.07991645426817806,,False,1.9422731611646382
4558,39627853691621149,1.263399377555538,3,blue,regularized,5,3.151027202606201,1.6255353927612304,2.887045729148746,-0.26398147345745526,0.26398147345745526,,False,1.9731477711142809
4558,39627853691621149,1.263399377555538,3,red,constant,5,0.772059440612793,0.2320244312286377,1.0726157426834106,0.3005563020706177,0.3005563020706177,0.38929166105664414,False,0.6036721467971802
4558,39627853691621149,1.263399377555538,3,red,powerlaw,5,0.772059440612793,0.2320244312286377,1.3092907466051997,0.5372313059924068,0.5372313059924068,0.6958418973103933,False,0.74940882875084
4558,39627853691621149,1.263399377555538,3,red,regularized,5,0.772059440612793,0.2320244312286377,1.2461529654798078,0.47409352486701484,0.47409352486701484,0.6140635033109899,False,0.706293592071373
1492,39627853700009315,1.5509367214338317,3,blue,constant,4,9.132612228393555,3.160186529159546,1.656343936920166,-7.476268291473389,7.476268291473389,,False,10.780706405639648
1492,39627853700009315,1.5509367214338317,3,blue,powerlaw,4,9.132612228393555,3.160186529159546,2.330429411035963,-6.802182817357592,6.802182817357592,,False,10.327454767102639
1492,39627853700009315,1.5509367214338317,3,blue,regularized,4,9.132612228393555,3.160186529159546,2.6234733047058216,-6.509138923687733,6.509138923687733,,False,10.133998124819293
1492,39627853700009315,1.5509367214338317,3,red,constant,4,1.1219103336334229,0.25164175033569336,0.8152629733085632,-0.3066473603248596,0.3066473603248596,0.27332608599098146,False,0.42315971851348877
1492,39627853700009315,1.5509367214338317,3,red,powerlaw,4,1.1219103336334229,0.25164175033569336,0.8560208544826773,-0.26588947915074557,0.26588947915074557,0.23699708539953895,False,0.39203533015421205
1492,39627853700009315,1.5509367214338317,3,red,regularized,4,1.1219103336334229,0.25164175033569336,0.2277367723593129,-0.89417356127411,0.89417356127411,0.7970098273168019,False,0.925471183757595
3609,39627817444442240,1.5205296849333905,3,blue,constant,4,-1.2050167322158813,4.771528720855713,3.948739767074585,5.153756499290466,5.153756499290466,,False,11.431047439575195
3609,39627817444442240,1.5205296849333905,3,blue,powerlaw,4,-1.2050167322158813,4.771528720855713,4.4880044557527965,5.693021187968678,5.693021187968678,,False,11.722659053992741
3609,39627817444442240,1.5205296849333905,3,blue,regularized,4,-1.2050167322158813,4.771528720855713,4.575973499375736,5.780990231591617,5.780990231591617,,False,11.76862445948484
3609,39627817444442240,1.5205296849333905,3,red,constant,4,0.703803539276123,0.5707148313522339,1.4805346727371216,0.7767311334609985,0.7767311334609985,,False,0.939965546131134
3609,39627817444442240,1.5205296849333905,3,red,powerlaw,4,0.703803539276123,0.5707148313522339,1.6431794000066549,0.9393758607305318,0.9393758607305318,,False,1.0827003630256316
3609,39627817444442240,1.5205296849333905,3,red,regularized,4,0.703803539276123,0.5707148313522339,1.876548951058756,1.172745411782633,1.172745411782633,,False,1.2871780504941057
10410,39627859706253658,1.4124234456424192,3,blue,constant,5,1.5820616483688354,2.6650033950805665,5.219031810760498,3.6369701623916626,3.6369701623916626,,False,5.745516300201416
10410,39627859706253658,1.4124234456424192,3,blue,powerlaw,5,1.5820616483688354,2.6650033950805665,5.789678396523262,4.207616748154426,4.207616748154426,,False,6.2197484387776925
10410,39627859706253658,1.4124234456424192,3,blue,regularized,5,1.5820616483688354,2.6650033950805665,5.697601323209662,4.115539674840827,4.115539674840827,,False,6.121084797379275
10410,39627859706253658,1.4124234456424192,3,red,constant,5,1.0400129556655884,0.2582524538040161,1.269400715827942,0.22938776016235352,0.22938776016235352,0.22056240637459149,False,0.6772840619087219
10410,39627859706253658,1.4124234456424192,3,red,powerlaw,5,1.0400129556655884,0.2582524538040161,1.3997332726088365,0.35972031694324813,0.35972031694324813,0.34588061137472464,False,0.7162631852449775
10410,39627859706253658,1.4124234456424192,3,red,regularized,5,1.0400129556655884,0.2582524538040161,1.4539006292953787,0.4138876736297903,0.4138876736297903,0.39796395936713125,False,0.7598670739200739
3255,39627823475854952,1.6427853372042591,3,blue,constant,4,7.216819763183594,1.258347749710083,8.352499008178711,1.1356792449951172,1.1356792449951172,0.1573656100972278,False,2.488394021987915
3255,39627823475854952,1.6427853372042591,3,blue,powerlaw,4,7.216819763183594,1.258347749710083,9.907577078391657,2.6907573152080637,2.6907573152080637,0.3728452979988343,False,3.5207421753783112
3255,39627823475854952,1.6427853372042591,3,blue,regularized,4,7.216819763183594,1.258347749710083,9.646569519664313,2.429749756480719,2.429749756480719,0.3366787360931501,False,3.3134652857011986
3255,39627823475854952,1.6427853372042591,3,red,constant,4,1.0079442262649536,0.17458270490169525,1.0205150842666626,0.012570858001708984,0.012570858001708984,0.012471779364510731,False,0.20425625145435333
3255,39627823475854952,1.6427853372042591,3,red,powerlaw,4,1.0079442262649536,0.17458270490169525,1.0442097128897743,0.03626548662482065,0.03626548662482065,0.03597965609585992,False,0.20584423029182267
3255,39627823475854952,1.6427853372042591,3,red,regularized,4,1.0079442262649536,0.17458270490169525,0.9622076669323101,-0.045736559332643534,0.045736559332643534,0.04537608147439398,False,0.20538548250089694
1166,39627847660212771,1.2368357146564777,3,blue,constant,5,3.2380950450897217,2.3122028350830077,2.3680927753448486,-0.870002269744873,0.870002269744873,,False,1.3498796224594116
1166,39627847660212771,1.2368357146564777,3,blue,powerlaw,5,3.2380950450897217,2.3122028350830077,3.525320733136907,0.2872256880471853,0.2872256880471853,,False,1.075290334068755
1166,39627847660212771,1.2368357146564777,3,blue,regularized,5,3.2380950450897217,2.3122028350830077,1.6949402081391045,-1.5431548369506172,1.5431548369506172,,False,1.8560168735559828
1166,39627847660212771,1.2368357146564777,3,red,constant,5,1.237240195274353,0.34523496627807615,1.0342236757278442,-0.2030165195465088,0.2030165195465088,0.16408820237325922,False,0.9641258120536804
1166,39627847660212771,1.2368357146564777,3,red,powerlaw,5,1.237240195274353,0.34523496627807615,0.922452602655663,-0.31478759261869005,0.31478759261869005,0.2544272274866459,False,0.9939946915971115
1166,39627847660212771,1.2368357146564777,3,red,regularized,5,1.237240195274353,0.34523496627807615,0.9171908825031674,-0.32004931277118565,0.32004931277118565,0.2586800154033276,False,0.9953665269473497
7919,39627817448640669,1.4169115897986482,3,blue,constant,5,2.429797649383545,2.4638544082641602,4.701143264770508,2.271345615386963,2.271345615386963,,False,4.4471845626831055
7919,39627817448640669,1.4169115897986482,3,blue,powerlaw,5,2.429797649383545,2.4638544082641602,5.390841565147868,2.961043915764323,2.961043915764323,,False,4.925597843416641
7919,39627817448640669,1.4169115897986482,3,blue,regularized,5,2.429797649383545,2.4638544082641602,5.757906907757489,3.328109258373944,3.328109258373944,,False,5.0726796755556025
7919,39627817448640669,1.4169115897986482,3,red,constant,5,1.5398656129837036,0.2330737829208374,1.1113168001174927,-0.42854881286621094,0.42854881286621094,0.2783027358055214,False,0.5952961444854736
7919,39627817448640669,1.4169115897986482,3,red,powerlaw,5,1.5398656129837036,0.2330737829208374,1.3344908304287748,-0.2053747825549288,0.2053747825549288,0.13337188701615763,False,0.45625357815397116
7919,39627817448640669,1.4169115897986482,3,red,regularized,5,1.5398656129837036,0.2330737829208374,1.265156258406921,-0.2747093545767827,0.2747093545767827,0.1783982655762376,False,0.496174012539805
7042,39627835572224790,1.5987934094786056,3,blue,constant,4,1.4831668138504028,2.1525826454162598,2.3151304721832275,0.8319636583328247,0.8319636583328247,,False,3.1926956176757812
7042,39627835572224790,1.5987934094786056,3,blue,powerlaw,4,1.4831668138504028,2.1525826454162598,2.038849832944739,0.555683019094336,0.555683019094336,,False,3.144668667851311
7042,39627835572224790,1.5987934094786056,3,blue,regularized,4,1.4831668138504028,2.1525826454162598,3.5215183955413107,2.038351581690908,2.038351581690908,,False,3.699916649022472
7042,39627835572224790,1.5987934094786056,3,red,constant,4,1.325006127357483,0.2874448299407959,0.42510098218917847,-0.8999051451683044,0.8999051451683044,0.6791705536962491,False,0.9981562495231628
7042,39627835572224790,1.5987934094786056,3,red,powerlaw,4,1.325006127357483,0.2874448299407959,0.661363914850902,-0.663642212506581,0.663642212506581,0.5008597309886493,False,0.7924699139561722
7042,39627835572224790,1.5987934094786056,3,red,regularized,4,1.325006127357483,0.2874448299407959,0.6562536820221454,-0.6687524453353375,0.6687524453353375,0.5047164926467619,False,0.7977734555263868
3931,39627823484241904,1.377098489844074,3,blue,constant,5,1.6463725566864014,0.8706969261169434,1.5306904315948486,-0.11568212509155273,0.11568212509155273,,False,2.073732376098633
3931,39627823484241904,1.377098489844074,3,blue,powerlaw,5,1.6463725566864014,0.8706969261169434,1.831004984006951,0.18463242732054974,0.18463242732054974,,False,2.0965934346727555
3931,39627823484241904,1.377098489844074,3,blue,regularized,5,1.6463725566864014,0.8706969261169434,1.648126740419055,0.0017541837326535692,0.0017541837326535692,,False,2.0705040926841254
3931,39627823484241904,1.377098489844074,3,red,constant,5,1.165923833847046,0.12913153171539307,1.0602320432662964,-0.10569179058074951,0.10569179058074951,0.09065068189918735,False,0.37351304292678833
3931,39627823484241904,1.377098489844074,3,red,powerlaw,5,1.165923833847046,0.12913153171539307,1.13746473052917,-0.028459103317875822,0.028459103317875822,0.024409058715244764,False,0.367244163786695
3931,39627823484241904,1.377098489844074,3,red,regularized,5,1.165923833847046,0.12913153171539307,1.130268884109875,-0.03565494973717098,0.03565494973717098,0.030580856743896403,False,0.3600173753707872
10973,39627865737659347,1.4613922742226495,3,blue,constant,5,3.1785848140716553,2.3144140243530273,2.5958564281463623,-0.582728385925293,0.582728385925293,,False,8.430319786071777
10973,39627865737659347,1.4613922742226495,3,blue,powerlaw,5,3.1785848140716553,2.3144140243530273,3.5245772814010827,0.34599246732942746,0.34599246732942746,,False,8.369649781542131
10973,39627865737659347,1.4613922742226495,3,blue,regularized,5,3.1785848140716553,2.3144140243530273,2.4167814135009715,-0.7618034005706837,0.7618034005706837,,False,8.444587524934953
10973,39627865737659347,1.4613922742226495,3,red,constant,5,0.8536485433578491,0.2275399684906006,1.0405863523483276,0.18693780899047852,0.18693780899047852,0.21898685406895171,False,0.7672280073165894
10973,39627865737659347,1.4613922742226495,3,red,powerlaw,5,0.8536485433578491,0.2275399684906006,0.9819826892213077,0.1283341458634586,0.1283341458634586,0.1503360450410339,False,0.7540300113688951
10973,39627865737659347,1.4613922742226495,3,red,regularized,5,0.8536485433578491,0.2275399684906006,1.1176750997353824,0.26402655637753325,0.26402655637753325,0.30929187243614076,False,0.7895587570970025
6000,39627823463272205,1.336635982394552,3,blue,constant,5,7.6727776527404785,3.756295013427734,1.1943458318710327,-6.478431820869446,6.478431820869446,,False,11.437143325805664
6000,39627823463272205,1.336635982394552,3,blue,powerlaw,5,7.6727776527404785,3.756295013427734,1.9594705112121062,-5.7133071415283725,5.7133071415283725,,False,11.021629620550627
6000,39627823463272205,1.336635982394552,3,blue,regularized,5,7.6727776527404785,3.756295013427734,1.2758324811041892,-6.39694517163629,6.39694517163629,,False,11.391183956577205
6000,39627823463272205,1.336635982394552,3,red,constant,5,1.2071908712387085,0.2813718795776367,1.424685001373291,0.21749413013458252,0.21749413013458252,0.18016548610196995,False,1.4453753232955933
6000,39627823463272205,1.336635982394552,3,red,powerlaw,5,1.2071908712387085,0.2813718795776367,1.6455128657029285,0.43832199446422004,0.43832199446422004,0.3630925356604579,False,1.5263231756349342
6000,39627823463272205,1.336635982394552,3,red,regularized,5,1.2071908712387085,0.2813718795776367,2.5409417968015973,1.3337509255628888,1.3337509255628888,1.1048384786030696,False,1.954660329329056
2035,39627853700006381,1.435394832675809,3,blue,constant,5,5.335814952850342,1.506984043121338,3.003767251968384,-2.332047700881958,2.332047700881958,0.4370555803544499,False,2.9552793502807617
2035,39627853700006381,1.435394832675809,3,blue,powerlaw,5,5.335814952850342,1.506984043121338,4.24202070711482,-1.0937942457355216,1.0937942457355216,0.20499103799527887,False,2.080500293518859
2035,39627853700006381,1.435394832675809,3,blue,regularized,5,5.335814952850342,1.506984043121338,1.9709178058400627,-3.364897147010279,3.364897147010279,0.6306247830451435,False,3.823318084742756
2035,39627853700006381,1.435394832675809,3,red,constant,5,0.9091475605964661,0.26083543300628664,0.8210610151290894,-0.08808654546737671,0.08808654546737671,0.09688916220551218,False,0.5734053254127502
2035,39627853700006381,1.435394832675809,3,red,powerlaw,5,0.9091475605964661,0.26083543300628664,0.8403650622410694,-0.06878249835539663,0.06878249835539663,0.07565603355991009,False,0.5669819183295084
2035,39627853700006381,1.435394832675809,3,red,regularized,5,0.9091475605964661,0.26083543300628664,0.9291608688805011,0.020013308284035025,0.020013308284035025,0.02201326731922908,False,0.5669523231798667
11651,39627781721558391,1.291056346660115,3,blue,constant,5,3.2899386882781982,5.615488433837891,1.6387779712677002,-1.651160717010498,1.651160717010498,,False,8.331838607788086
11651,39627781721558391,1.291056346660115,3,blue,powerlaw,5,3.2899386882781982,5.615488433837891,4.28160247037943,0.9916637821012317,0.9916637821012317,,False,8.114485240906717
11651,39627781721558391,1.291056346660115,3,blue,regularized,5,3.2899386882781982,5.615488433837891,1.9028710521432692,-1.387067636134929,1.387067636134929,,False,8.285518558051239
11651,39627781721558391,1.291056346660115,3,red,constant,5,0.6553348302841187,0.4522602081298828,0.8382089734077454,0.1828741431236267,0.1828741431236267,,False,0.4980015158653259
11651,39627781721558391,1.291056346660115,3,red,powerlaw,5,0.6553348302841187,0.4522602081298828,0.952184762271929,0.2968499319878104,0.2968499319878104,,False,0.5539933881795251
11651,39627781721558391,1.291056346660115,3,red,regularized,5,0.6553348302841187,0.4522602081298828,0.29339747053126175,-0.3619373597528569,0.3619373597528569,,False,0.5878446037303585
440,39627574959145128,1.6205230444860037,3,blue,constant,4,2.4722445011138916,0.5985884666442871,0.49362629652023315,-1.9786182045936584,1.9786182045936584,0.8003327355778017,False,2.26715350151062
440,39627574959145128,1.6205230444860037,3,blue,powerlaw,4,2.4722445011138916,0.5985884666442871,0.49745012493957425,-1.9747943761743174,1.9747943761743174,0.7987860324027645,False,2.2639283673600463
440,39627574959145128,1.6205230444860037,3,blue,regularized,4,2.4722445011138916,0.5985884666442871,0.29457976322575946,-2.177664737888132,2.177664737888132,0.8808452145032443,False,2.4428015231473257
440,39627574959145128,1.6205230444860037,3,red,constant,4,1.0294214487075806,0.07472770661115646,0.9804583191871643,-0.04896312952041626,0.04896312952041626,0.047563735515603014,False,0.07302595674991608
440,39627574959145128,1.6205230444860037,3,red,powerlaw,4,1.0294214487075806,0.07472770661115646,1.0312406815825021,0.0018192328749215836,0.0018192328749215836,0.001767238167813189,False,0.050836335808881666
440,39627574959145128,1.6205230444860037,3,red,regularized,4,1.0294214487075806,0.07472770661115646,1.0291390596782881,-0.00028238902929245135,0.00028238902929245135,0.00027431819071478013,False,0.05418012532844323
2272,39627847664406158,1.2888713230128286,3,blue,constant,5,1.3995325565338135,1.2017935752868651,2.209559679031372,0.8100271224975586,0.8100271224975586,,False,2.1724960803985596
2272,39627847664406158,1.2888713230128286,3,blue,powerlaw,5,1.3995325565338135,1.2017935752868651,2.8716373357479723,1.4721047792141588,1.4721047792141588,,False,2.4949648801039555
2272,39627847664406158,1.2888713230128286,3,blue,regularized,5,1.3995325565338135,1.2017935752868651,2.588797193122917,1.1892646365891033,1.1892646365891033,,False,2.3405009988032015
2272,39627847664406158,1.2888713230128286,3,red,constant,5,0.8699252009391785,0.16958727836608886,0.8426505923271179,-0.027274608612060547,0.027274608612060547,0.03135282042940549,False,0.28912433981895447
2272,39627847664406158,1.2888713230128286,3,red,powerlaw,5,0.8699252009391785,0.16958727836608886,0.9532374432963048,0.08331224235712631,0.08331224235712631,0.09576943197780881,False,0.3001547870207345
2272,39627847664406158,1.2888713230128286,3,red,regularized,5,0.8699252009391785,0.16958727836608886,0.8664009371172116,-0.003524263821966911,0.003524263821966911,0.00405122626423753,False,0.2878565549175911
5889,39627829503067786,1.4874467676761167,3,blue,constant,5,4.670638084411621,0.6011818885803223,3.386763095855713,-1.2838749885559082,1.2838749885559082,0.27488213930359434,False,2.0899059772491455
5889,39627829503067786,1.4874467676761167,3,blue,powerlaw,5,4.670638084411621,0.6011818885803223,3.9200501294902237,-0.7505879549213974,0.7505879549213974,0.16070351445694425,False,1.7987683036053277
5889,39627829503067786,1.4874467676761167,3,blue,regularized,5,4.670638084411621,0.6011818885803223,3.7633764601983644,-0.9072616242132567,0.9072616242132567,0.19424789671485498,False,1.882151873167493
5889,39627829503067786,1.4874467676761167,3,red,constant,5,0.9192794561386108,0.1471221089363098,0.9878586530685425,0.06857919692993164,0.06857919692993164,0.07460103287633041,False,0.47405338287353516
5889,39627829503067786,1.4874467676761167,3,red,powerlaw,5,0.9192794561386108,0.1471221089363098,0.9200196176623049,0.0007401615236940495,0.0007401615236940495,0.0008051539918046928,False,0.46592457680810273
5889,39627829503067786,1.4874467676761167,3,red,regularized,5,0.9192794561386108,0.1471221089363098,1.0349044390288213,0.1156249828902105,0.1156249828902105,0.12577783841258422,False,0.483107260880552
3447,39627811396257255,1.4285636455390625,3,blue,constant,5,6.576718807220459,2.911308479309082,4.000130653381348,-2.5765881538391113,2.5765881538391113,,False,6.7287516593933105
3447,39627811396257255,1.4285636455390625,3,blue,powerlaw,5,6.576718807220459,2.911308479309082,5.779900368785169,-0.7968184384352899,0.7968184384352899,,False,6.134525058854335
3447,39627811396257255,1.4285636455390625,3,blue,regularized,5,6.576718807220459,2.911308479309082,4.832931376078385,-1.7437874311420742,1.7437874311420742,,False,6.452451781615005
3447,39627811396257255,1.4285636455390625,3,red,constant,5,1.4986095428466797,0.17710887193679808,1.462992787361145,-0.03561675548553467,0.03561675548553467,0.023766534555678162,False,0.4013664126396179
3447,39627811396257255,1.4285636455390625,3,red,powerlaw,5,1.4986095428466797,0.17710887193679808,0.965614417429056,-0.5329951254176237,0.5329951254176237,0.35565977005936733,False,0.6665914113465058
3447,39627811396257255,1.4285636455390625,3,red,regularized,5,1.4986095428466797,0.17710887193679808,1.187212742371645,-0.3113968004750347,0.3113968004750347,0.2077904828255142,False,0.5067488690764848
8710,39627835559642678,1.3947655932049483,3,blue,constant,5,8.521437644958496,4.315248489379883,2.8647851943969727,-5.656652450561523,5.656652450561523,,False,6.990688800811768
8710,39627835559642678,1.3947655932049483,3,blue,powerlaw,5,8.521437644958496,4.315248489379883,3.057847798200955,-5.463589846757541,5.463589846757541,,False,6.836125878312927
8710,39627835559642678,1.3947655932049483,3,blue,regularized,5,8.521437644958496,4.315248489379883,3.1137295005248418,-5.407708144433654,5.407708144433654,,False,6.79082591093576
8710,39627835559642678,1.3947655932049483,3,red,constant,5,1.3293812274932861,0.54078688621521,1.030335545539856,-0.2990456819534302,0.2990456819534302,,False,0.5685681104660034
8710,39627835559642678,1.3947655932049483,3,red,powerlaw,5,1.3293812274932861,0.54078688621521,1.0071062748268957,-0.3222749526663904,0.3222749526663904,,False,0.5840202229206589
8710,39627835559642678,1.3947655932049483,3,red,regularized,5,1.3293812274932861,0.54078688621521,0.5198594589647307,-0.8095217685285554,0.8095217685285554,,False,0.9645818663146573
7767,39627835563839462,1.3370290676353285,3,blue,constant,5,-0.2633076608181,1.2194149017333984,2.4263105392456055,2.6896182000637054,2.6896182000637054,,False,4.58963680267334
7767,39627835563839462,1.3370290676353285,3,blue,powerlaw,5,-0.2633076608181,1.2194149017333984,2.215325461309507,2.478633122127607,2.478633122127607,,False,4.503270026827087
7767,39627835563839462,1.3370290676353285,3,blue,regularized,5,-0.2633076608181,1.2194149017333984,2.6763039492157774,2.9396116100338774,2.9396116100338774,,False,4.74046780033626
7767,39627835563839462,1.3370290676353285,3,red,constant,5,0.9286497831344604,0.11646487712860107,1.0022199153900146,0.0735701322555542,0.0735701322555542,0.07922268824231436,False,0.20596279203891754
7767,39627835563839462,1.3370290676353285,3,red,powerlaw,5,0.9286497831344604,0.11646487712860107,1.1797452562972683,0.2510954731628079,0.2510954731628079,0.2703876937496161,False,0.3113176292206805
7767,39627835563839462,1.3370290676353285,3,red,regularized,5,0.9286497831344604,0.11646487712860107,0.9782294151791004,0.04957963204464,0.04957963204464,0.053388944836980916,False,0.19866114410366548
4600,39627865771216908,1.2108929813438685,3,blue,constant,5,8.849285125732422,2.7722082138061523,4.67729377746582,-4.171991348266602,4.171991348266602,0.47144953394428024,False,7.94976806640625
4600,39627865771216908,1.2108929813438685,3,blue,powerlaw,5,8.849285125732422,2.7722082138061523,3.5019516888952618,-5.34733343683716,5.34733343683716,0.6042672781881442,False,8.614032161663479
4600,39627865771216908,1.2108929813438685,3,blue,regularized,5,8.849285125732422,2.7722082138061523,4.069970193578483,-4.779314932153939,4.779314932153939,0.5400792113993924,False,8.284633407624689
4600,39627865771216908,1.2108929813438685,3,red,constant,5,0.5532735586166382,0.30659162998199463,1.1499873399734497,0.5967137813568115,0.5967137813568115,,False,0.911861777305603
4600,39627865771216908,1.2108929813438685,3,red,powerlaw,5,0.5532735586166382,0.30659162998199463,0.9554100627666324,0.40213650414999424,0.40213650414999424,,False,0.7977020201891506
4600,39627865771216908,1.2108929813438685,3,red,regularized,5,0.5532735586166382,0.30659162998199463,1.333793627116782,0.7805200685001439,0.7805200685001439,,False,1.0414587056727043
9391,39627853679034570,1.408887725268244,3,blue,constant,5,2.7588889598846436,1.7235647201538087,4.550092697143555,1.7912037372589111,1.7912037372589111,,False,3.6698575019836426
9391,39627853679034570,1.408887725268244,3,blue,powerlaw,5,2.7588889598846436,1.7235647201538087,4.688556826305718,1.9296678664210747,1.9296678664210747,,False,3.8075980504956926
9391,39627853679034570,1.408887725268244,3,blue,regularized,5,2.7588889598846436,1.7235647201538087,5.446092260951195,2.6872033010665515,2.6872033010665515,,False,4.2322495658442305
9391,39627853679034570,1.408887725268244,3,red,constant,5,0.9042443037033081,0.21190414428710938,0.9417396783828735,0.03749537467956543,0.03749537467956543,0.041465978304761376,False,1.67069411277771
9391,39627853679034570,1.408887725268244,3,red,powerlaw,5,0.9042443037033081,0.21190414428710938,1.1303072923019517,0.2260629885986436,0.2260629885986436,0.2500021152168819,False,1.6843429741077012
9391,39627853679034570,1.408887725268244,3,red,regularized,5,0.9042443037033081,0.21190414428710938,1.101897361511697,0.19765305780838882,0.19765305780838882,0.21858369137511408,False,1.68192731070524
11356,39627865733469299,1.209426369698703,3,blue,constant,5,10.919114112854004,5.942473220825195,4.768484592437744,-6.15062952041626,6.15062952041626,,False,12.937153816223145
11356,39627865733469299,1.209426369698703,3,blue,powerlaw,5,10.919114112854004,5.942473220825195,6.976667720323261,-3.9424463925307425,3.9424463925307425,,False,11.916958362693812
11356,39627865733469299,1.209426369698703,3,blue,regularized,5,10.919114112854004,5.942473220825195,5.820318294221915,-5.098795818632089,5.098795818632089,,False,12.42257502261003
11356,39627865733469299,1.209426369698703,3,red,constant,5,0.8823353052139282,0.7425611019134521,0.8886829614639282,0.00634765625,0.00634765625,,False,1.325276255607605
11356,39627865733469299,1.209426369698703,3,red,powerlaw,5,0.8823353052139282,0.7425611019134521,0.988231132507214,0.10589582729328573,0.10589582729328573,,False,1.3310429031722564
11356,39627865733469299,1.209426369698703,3,red,regularized,5,0.8823353052139282,0.7425611019134521,1.0716399117378212,0.18930460652389303,0.18930460652389303,,False,1.3387132015143308
7517,39627829536620856,1.440226761747837,3,blue,constant,5,3.1260085105895996,1.0752320289611816,1.6420154571533203,-1.4839930534362793,1.4839930534362793,,False,4.313495635986328
7517,39627829536620856,1.440226761747837,3,blue,powerlaw,5,3.1260085105895996,1.0752320289611816,2.0711160043031165,-1.0548925062864831,1.0548925062864831,,False,4.17850733830178
7517,39627829536620856,1.440226761747837,3,blue,regularized,5,3.1260085105895996,1.0752320289611816,1.8722556493020743,-1.2537528612875253,1.2537528612875253,,False,4.239800270189272
7517,39627829536620856,1.440226761747837,3,red,constant,5,1.0091606378555298,0.21196177005767822,0.8501476049423218,-0.159013032913208,0.159013032913208,0.15756959491712966,False,0.21848757565021515
7517,39627829536620856,1.440226761747837,3,red,powerlaw,5,1.0091606378555298,0.21196177005767822,0.8876551596018885,-0.12150547825364133,0.12150547825364133,0.12040251442212505,False,0.19278871622732163
7517,39627829536620856,1.440226761747837,3,red,regularized,5,1.0091606378555298,0.21196177005767822,0.9040456582788263,-0.10511497957670346,0.10511497957670346,0.10416080020726254,False,0.18303240242170113
11636,39627781721559370,1.542133089130447,3,blue,constant,4,4.798456192016602,2.7570254802703857,2.4012181758880615,-2.39723801612854,2.39723801612854,,False,3.6662368774414062
11636,39627781721559370,1.542133089130447,3,blue,powerlaw,4,4.798456192016602,2.7570254802703857,1.6582547414622006,-3.140201450554401,3.140201450554401,,False,4.20554587746962
11636,39627781721559370,1.542133089130447,3,blue,regularized,4,4.798456192016602,2.7570254802703857,2.4640644551067505,-2.334391736909851,2.334391736909851,,False,3.6254557484210967
11636,39627781721559370,1.542133089130447,3,red,constant,4,0.926243245601654,0.2322043776512146,1.0110770463943481,0.08483380079269409,0.08483380079269409,0.09158911678496412,False,0.40210437774658203
11636,39627781721559370,1.542133089130447,3,red,powerlaw,4,0.926243245601654,0.2322043776512146,0.9465129675029078,0.020269721901253757,0.020269721901253757,0.021883799960222414,False,0.39339242363398913
11636,39627781721559370,1.542133089130447,3,red,regularized,4,0.926243245601654,0.2322043776512146,1.2156384882596996,0.2893952426580455,0.2893952426580455,0.31243978731533406,False,0.4945087990018862
