row,targetid,z,offset,horizon,window,method,true_mean,pred_mean,mean_sigma,error
5705,39627817427669409,0.9010706462895066,800,800,100,constant,1.0670387,1.1795113,0.03117806975231913,0.10540635138750076
5705,39627817427669409,0.9010706462895066,800,800,100,powerlaw,1.0670387,1.0365587,0.03117806975231913,0.028564952313899994
5705,39627817427669409,0.9010706462895066,800,800,200,constant,1.0670387,1.151332,0.03117806975231913,0.07899747788906097
5705,39627817427669409,0.9010706462895066,800,800,200,powerlaw,1.0670387,1.1870888,0.03117806975231913,0.11250782012939453
5705,39627817427669409,0.9010706462895066,800,800,500,constant,1.0670387,1.0819082,0.03117806975231913,0.013935362920165062
5705,39627817427669409,0.9010706462895066,800,800,500,powerlaw,1.0670387,1.2781373,0.03117806975231913,0.1978360116481781
5705,39627817427669409,0.9010706462895066,800,400,100,constant,1.0854228,1.1795114,0.03762220903437794,0.08668389916419983
5705,39627817427669409,0.9010706462895066,800,400,100,powerlaw,1.0854228,1.0749425,0.03762220903437794,0.009655486792325974
5705,39627817427669409,0.9010706462895066,800,400,200,constant,1.0854228,1.151332,0.03762220903437794,0.06072220951318741
5705,39627817427669409,0.9010706462895066,800,400,200,powerlaw,1.0854228,1.1792817,0.03762220903437794,0.08647225797176361
5705,39627817427669409,0.9010706462895066,800,400,500,constant,1.0854228,1.0819082,0.03762220903437794,0.0032379350159317255
5705,39627817427669409,0.9010706462895066,800,400,500,powerlaw,1.0854228,1.2455671,0.03762220903437794,0.14754097163677216
5705,39627817427669409,0.9010706462895066,600,400,100,constant,1.1371378,1.057251,0.04826826879906327,0.07025252282619476
5705,39627817427669409,0.9010706462895066,600,400,100,powerlaw,1.1371378,1.2099503,0.04826826879906327,0.06403142958879471
5705,39627817427669409,0.9010706462895066,600,400,200,constant,1.1371378,1.1042409,0.04826826879906327,0.028929542750120163
5705,39627817427669409,0.9010706462895066,600,400,200,powerlaw,1.1371378,0.92279977,0.04826826879906327,0.18848903477191925
5705,39627817427669409,0.9010706462895066,600,400,500,constant,1.1371378,1.0976362,0.04826826879906327,0.03473769873380661
5705,39627817427669409,0.9010706462895066,600,400,500,powerlaw,1.1371378,1.1085064,0.04826826879906327,0.025178417563438416
5705,39627817427669409,0.9010706462895066,400,400,100,constant,1.0267321,1.2610344,0.05570780154793598,0.2282019704580307
5705,39627817427669409,0.9010706462895066,400,400,100,powerlaw,1.0267321,2.4721844,0.05570780154793598,1.4078184366226196
5705,39627817427669409,0.9010706462895066,400,400,200,constant,1.0267321,1.1621292,0.05570780154793598,0.13187186419963837
5705,39627817427669409,0.9010706462895066,400,400,200,powerlaw,1.0267321,1.5563493,0.05570780154793598,0.515828013420105
5705,39627817427669409,0.9010706462895066,400,400,500,constant,1.0267321,1.1532348,0.05570780154793598,0.12320911884307861
5705,39627817427669409,0.9010706462895066,400,400,500,powerlaw,1.0267321,1.0682262,0.05570780154793598,0.040413785725831985
12271,39627781721557013,0.7573463246738268,800,800,100,constant,1.1852328,1.1540484,0.01200151575589113,0.026310710236430168
12271,39627781721557013,0.7573463246738268,800,800,100,powerlaw,1.1852328,1.0046074,0.01200151575589113,0.15239650011062622
12271,39627781721557013,0.7573463246738268,800,800,200,constant,1.1852328,1.147835,0.01200151575589113,0.031553078442811966
12271,39627781721557013,0.7573463246738268,800,800,200,powerlaw,1.1852328,1.1418458,0.01200151575589113,0.036606259644031525
12271,39627781721557013,0.7573463246738268,800,800,500,constant,1.1852328,1.1579819,0.01200151575589113,0.02299201302230358
12271,39627781721557013,0.7573463246738268,800,800,500,powerlaw,1.1852328,1.1314238,0.01200151575589113,0.045399460941553116
12271,39627781721557013,0.7573463246738268,800,400,100,constant,1.1589077,1.1540484,0.014548845663372254,0.004192921798676252
12271,39627781721557013,0.7573463246738268,800,400,100,powerlaw,1.1589077,1.0466244,0.014548845663372254,0.09688712656497955
12271,39627781721557013,0.7573463246738268,800,400,200,constant,1.1589077,1.1478348,0.014548845663372254,0.009554577991366386
12271,39627781721557013,0.7573463246738268,800,400,200,powerlaw,1.1589077,1.1403128,0.014548845663372254,0.016045162454247475
12271,39627781721557013,0.7573463246738268,800,400,500,constant,1.1589077,1.1579818,0.014548845663372254,0.0007989407749846578
12271,39627781721557013,0.7573463246738268,800,400,500,powerlaw,1.1589077,1.135008,0.014548845663372254,0.020622586831450462
12271,39627781721557013,0.7573463246738268,600,400,100,constant,1.2311492,1.113472,0.018107837715999123,0.0955832228064537
12271,39627781721557013,0.7573463246738268,600,400,100,powerlaw,1.2311492,1.4364898,0.018107837715999123,0.1667877584695816
12271,39627781721557013,0.7573463246738268,600,400,200,constant,1.2311492,1.1296213,0.018107837715999123,0.08246598392724991
12271,39627781721557013,0.7573463246738268,600,400,200,powerlaw,1.2311492,1.134787,0.018107837715999123,0.07827015221118927
12271,39627781721557013,0.7573463246738268,600,400,500,constant,1.2311492,1.1509413,0.018107837715999123,0.06514883786439896
12271,39627781721557013,0.7573463246738268,600,400,500,powerlaw,1.2311492,1.1096181,0.018107837715999123,0.09871356934309006
12271,39627781721557013,0.7573463246738268,400,400,100,constant,1.2412971,1.2115937,0.021231797954067103,0.023929305374622345
12271,39627781721557013,0.7573463246738268,400,400,100,powerlaw,1.2412971,1.3190136,0.021231797954067103,0.06260907649993896
12271,39627781721557013,0.7573463246738268,400,400,200,constant,1.2412971,1.1722351,0.021231797954067103,0.05563695728778839
12271,39627781721557013,0.7573463246738268,400,400,200,powerlaw,1.2412971,1.5204687,0.021231797954067103,0.22490310668945312
12271,39627781721557013,0.7573463246738268,400,400,500,constant,1.2412971,1.1583406,0.021231797954067103,0.06683053821325302
12271,39627781721557013,0.7573463246738268,400,400,500,powerlaw,1.2412971,1.225698,0.021231797954067103,0.01256679929792881
8741,39627847639240141,0.9077391196565556,800,800,100,constant,0.9577081,0.8728358,0.04563285077206692,0.08862022310495377
8741,39627847639240141,0.9077391196565556,800,800,100,powerlaw,0.9577081,1.5446078,0.04563285077206692,0.6128168106079102
8741,39627847639240141,0.9077391196565556,800,800,200,constant,0.9577081,0.86806154,0.04563285077206692,0.09360532462596893
8741,39627847639240141,0.9077391196565556,800,800,200,powerlaw,0.9577081,0.9730136,0.04563285077206692,0.015981340780854225
8741,39627847639240141,0.9077391196565556,800,800,500,constant,0.9577081,0.98310274,0.04563285077206692,0.026516031473875046
8741,39627847639240141,0.9077391196565556,800,800,500,powerlaw,0.9577081,0.8623979,0.04563285077206692,0.09951905906200409
8741,39627847639240141,0.9077391196565556,800,400,100,constant,0.96859413,0.8728358,0.05544720940385776,0.09886320680379868
8741,39627847639240141,0.9077391196565556,800,400,100,powerlaw,0.96859413,1.2592944,0.05544720940385776,0.30012598633766174
8741,39627847639240141,0.9077391196565556,800,400,200,constant,0.96859413,0.8680617,0.05544720940385776,0.10379209369421005
8741,39627847639240141,0.9077391196565556,800,400,200,powerlaw,0.96859413,0.94748557,0.05544720940385776,0.021792994812130928
8741,39627847639240141,0.9077391196565556,800,400,500,constant,0.96859413,0.9831027,0.05544720940385776,0.01497897319495678
8741,39627847639240141,0.9077391196565556,800,400,500,powerlaw,0.96859413,0.88237727,0.05544720940385776,0.08901237696409225
8741,39627847639240141,0.9077391196565556,600,400,100,constant,1.1462538,0.91382825,0.07071478121858195,0.20276972651481628
8741,39627847639240141,0.9077391196565556,600,400,100,powerlaw,1.1462538,0.6310125,0.07071478121858195,0.4495002031326294
8741,39627847639240141,0.9077391196565556,600,400,200,constant,1.1462538,0.8798131,0.07071478121858195,0.23244480788707733
8741,39627847639240141,0.9077391196565556,600,400,200,powerlaw,1.1462538,0.88858867,0.07071478121858195,0.22478891909122467
8741,39627847639240141,0.9077391196565556,600,400,500,constant,1.1462538,0.95477104,0.07071478121858195,0.16705094277858734
8741,39627847639240141,0.9077391196565556,600,400,500,powerlaw,1.1462538,0.78394204,0.07071478121858195,0.3160833716392517
8741,39627847639240141,0.9077391196565556,400,400,100,constant,0.934857,0.92782146,0.08033291823918204,0.007525807246565819
8741,39627847639240141,0.9077391196565556,400,400,100,powerlaw,0.934857,0.9724027,0.08033291823918204,0.04016194865107536
8741,39627847639240141,0.9077391196565556,400,400,200,constant,0.934857,0.9148965,0.08033291823918204,0.021351417526602745
8741,39627847639240141,0.9077391196565556,400,400,200,powerlaw,0.934857,1.0273658,0.08033291823918204,0.09895502030849457
8741,39627847639240141,0.9077391196565556,400,400,500,constant,0.934857,0.9136916,0.08033291823918204,0.022640286013484
8741,39627847639240141,0.9077391196565556,400,400,500,powerlaw,0.934857,0.83095473,0.08033291823918204,0.11114243417978287
6078,39627835538669969,1.1066414593316012,800,800,100,constant,0.9865091,1.0541928,0.02127976981498241,0.06860929727554321
6078,39627835538669969,1.1066414593316012,800,800,100,powerlaw,0.9865091,0.9183596,0.02127976981498241,0.06908147782087326
6078,39627835538669969,1.1066414593316012,800,800,200,constant,0.9865091,1.0250751,0.02127976981498241,0.03909339755773544
6078,39627835538669969,1.1066414593316012,800,800,200,powerlaw,0.9865091,1.0082175,0.02127976981498241,0.022005239501595497
6078,39627835538669969,1.1066414593316012,800,800,500,constant,0.9865091,1.0168251,0.02127976981498241,0.030730579048395157
6078,39627835538669969,1.1066414593316012,800,800,500,powerlaw,0.9865091,1.0542563,0.02127976981498241,0.06867370754480362
6078,39627835538669969,1.1066414593316012,800,400,100,constant,0.99470115,1.0541929,0.02580668973341556,0.05980867147445679
6078,39627835538669969,1.1066414593316012,800,400,100,powerlaw,0.99470115,0.95578855,0.02580668973341556,0.03911988437175751
6078,39627835538669969,1.1066414593316012,800,400,200,constant,0.99470115,1.0250752,0.02580668973341556,0.030535854399204254
6078,39627835538669969,1.1066414593316012,800,400,200,powerlaw,0.99470115,1.016372,0.02580668973341556,0.021786261349916458
6078,39627835538669969,1.1066414593316012,800,400,500,constant,0.99470115,1.0168252,0.02580668973341556,0.022241909056901932
6078,39627835538669969,1.1066414593316012,800,400,500,powerlaw,0.99470115,1.0494192,0.02580668973341556,0.05500950664281845
6078,39627835538669969,1.1066414593316012,600,400,100,constant,0.9679962,0.9768461,0.032059652386718394,0.009142514318227768
6078,39627835538669969,1.1066414593316012,600,400,100,powerlaw,0.9679962,0.7999094,0.032059652386718394,0.1736440360546112
6078,39627835538669969,1.1066414593316012,600,400,200,constant,0.9679962,1.01902,0.032059652386718394,0.052710726857185364
6078,39627835538669969,1.1066414593316012,600,400,200,powerlaw,0.9679962,0.86574906,0.032059652386718394,0.10562760382890701
6078,39627835538669969,1.1066414593316012,600,400,500,constant,0.9679962,1.01483,0.032059652386718394,0.0483822301030159
6078,39627835538669969,1.1066414593316012,600,400,500,powerlaw,0.9679962,1.013262,0.032059652386718394,0.04676242917776108
6078,39627835538669969,1.1066414593316012,400,400,100,constant,0.9691062,0.9643263,0.03761403414273761,0.004932251293212175
6078,39627835538669969,1.1066414593316012,400,400,100,powerlaw,0.9691062,1.0644375,0.03761403414273761,0.09837034344673157
6078,39627835538669969,1.1066414593316012,400,400,200,constant,0.9691062,0.98414946,0.03761403414273761,0.015522817149758339
6078,39627835538669969,1.1066414593316012,400,400,200,powerlaw,0.9691062,0.87544096,0.03761403414273761,0.09665116667747498
6078,39627835538669969,1.1066414593316012,400,400,500,constant,0.9691062,1.0066571,0.03761403414273761,0.03874799981713295
6078,39627835538669969,1.1066414593316012,400,400,500,powerlaw,0.9691062,0.95876414,0.03761403414273761,0.010671752505004406
5856,39627829511457019,1.6065350800108236,800,800,100,constant,0.94078195,1.1573489,0.0537258938729237,0.23019884526729584
5856,39627829511457019,1.6065350800108236,800,800,100,powerlaw,0.94078195,0.61909854,0.0537258938729237,0.34193193912506104
5856,39627829511457019,1.6065350800108236,800,800,200,constant,0.94078195,1.1213177,0.0537258938729237,0.19189971685409546
5856,39627829511457019,1.6065350800108236,800,800,200,powerlaw,0.94078195,0.9773595,0.0537258938729237,0.038879916071891785
5856,39627829511457019,1.6065350800108236,800,800,500,constant,0.94078195,1.1348133,0.0537258938729237,0.20624476671218872
5856,39627829511457019,1.6065350800108236,800,800,500,powerlaw,0.94078195,1.0623941,0.0537258938729237,0.1292671412229538
5856,39627829511457019,1.6065350800108236,800,400,100,constant,0.8700291,1.1573489,0.06496233612623424,0.3302415907382965
5856,39627829511457019,1.6065350800108236,800,400,100,powerlaw,0.8700291,0.7245073,0.06496233612623424,0.16726087033748627
5856,39627829511457019,1.6065350800108236,800,400,200,constant,0.8700291,1.1213177,0.06496233612623424,0.2888278663158417
5856,39627829511457019,1.6065350800108236,800,400,200,powerlaw,0.8700291,1.0037264,0.06496233612623424,0.15366987884044647
5856,39627829511457019,1.6065350800108236,800,400,500,constant,0.8700291,1.1348132,0.06496233612623424,0.30433934926986694
5856,39627829511457019,1.6065350800108236,800,400,500,powerlaw,0.8700291,1.0689139,0.06496233612623424,0.22859562933444977
5856,39627829511457019,1.6065350800108236,600,400,100,constant,0.9760217,0.9179836,0.08040392938932601,0.05946395918726921
5856,39627829511457019,1.6065350800108236,600,400,100,powerlaw,0.9760217,0.4939162,0.08040392938932601,0.4939495623111725
5856,39627829511457019,1.6065350800108236,600,400,200,constant,0.9760217,1.0517935,0.08040392938932601,0.07763326168060303
5856,39627829511457019,1.6065350800108236,600,400,200,powerlaw,0.9760217,0.63527393,0.08040392938932601,0.34911906719207764
5856,39627829511457019,1.6065350800108236,600,400,500,constant,0.9760217,1.0797678,0.08040392938932601,0.10629488527774811
5856,39627829511457019,1.6065350800108236,600,400,500,powerlaw,0.9760217,0.9464816,0.08040392938932601,0.030265845358371735
5856,39627829511457019,1.6065350800108236,400,400,100,constant,1.0939173,0.9730739,0.09557120472720455,0.11046845465898514
5856,39627829511457019,1.6065350800108236,400,400,100,powerlaw,1.0939173,1.5469191,0.09557120472720455,0.4141097962856293
5856,39627829511457019,1.6065350800108236,400,400,200,constant,1.0939173,0.987065,0.09557120472720455,0.0976785346865654
5856,39627829511457019,1.6065350800108236,400,400,200,powerlaw,1.0939173,0.79712355,0.09557120472720455,0.27131274342536926
5856,39627829511457019,1.6065350800108236,400,400,500,constant,1.0939173,1.0802622,0.09557120472720455,0.012482723221182823
5856,39627829511457019,1.6065350800108236,400,400,500,powerlaw,1.0939173,0.90024555,0.09557120472720455,0.17704419791698456
10134,39627835559641665,0.3267307036062099,800,800,100,constant,0.6919742,1.0392785,0.055748399235761234,0.5019034743309021
10134,39627835559641665,0.3267307036062099,800,800,100,powerlaw,0.6919742,0.9568453,0.055748399235761234,0.3827759027481079
10134,39627835559641665,0.3267307036062099,800,800,200,constant,0.6919742,1.0430658,0.055748399235761234,0.5073766708374023
10134,39627835559641665,0.3267307036062099,800,800,200,powerlaw,0.6919742,1.0462633,0.055748399235761234,0.5119975805282593
10134,39627835559641665,0.3267307036062099,800,800,500,constant,0.6919742,0.9891602,0.055748399235761234,0.42947548627853394
10134,39627835559641665,0.3267307036062099,800,800,500,powerlaw,0.6919742,1.2163647,0.055748399235761234,0.7578179836273193
10134,39627835559641665,0.3267307036062099,800,400,100,constant,0.8360523,1.0392781,0.06790574912247098,0.24307791888713837
10134,39627835559641665,0.3267307036062099,800,400,100,powerlaw,0.8360523,0.9589061,0.06790574912247098,0.14694513380527496
10134,39627835559641665,0.3267307036062099,800,400,200,constant,0.8360523,1.0430658,0.06790574912247098,0.24760830402374268
10134,39627835559641665,0.3267307036062099,800,400,200,powerlaw,0.8360523,1.0240918,0.06790574912247098,0.2249136120080948
10134,39627835559641665,0.3267307036062099,800,400,500,constant,0.8360523,0.98916,0.06790574912247098,0.18313172459602356
10134,39627835559641665,0.3267307036062099,800,400,500,powerlaw,0.8360523,1.1521735,0.06790574912247098,0.3781117796897888
10134,39627835559641665,0.3267307036062099,600,400,100,constant,0.74188685,0.9705578,0.08726121978204407,0.30822888016700745
10134,39627835559641665,0.3267307036062099,600,400,100,powerlaw,0.74188685,0.48863056,0.08726121978204407,0.34136781096458435
10134,39627835559641665,0.3267307036062099,600,400,200,constant,0.74188685,0.92230505,0.08726121978204407,0.2431882917881012
10134,39627835559641665,0.3267307036062099,600,400,200,powerlaw,0.74188685,0.85074925,0.08726121978204407,0.146737203001976
10134,39627835559641665,0.3267307036062099,600,400,500,constant,0.74188685,1.0057381,0.08726121978204407,0.3556489646434784
10134,39627835559641665,0.3267307036062099,600,400,500,powerlaw,0.74188685,0.8409719,0.08726121978204407,0.13355813920497894
10134,39627835559641665,0.3267307036062099,400,400,100,constant,0.39411196,1.0800112,0.09763714679344948,1.7403664588928223
10134,39627835559641665,0.3267307036062099,400,400,100,powerlaw,0.39411196,8.203575,0.09763714679344948,19.81534194946289
10134,39627835559641665,0.3267307036062099,400,400,200,constant,0.39411196,0.9549487,0.09763714679344948,1.423039197921753
10134,39627835559641665,0.3267307036062099,400,400,200,powerlaw,0.39411196,2.6928651,0.09763714679344948,5.832741737365723
10134,39627835559641665,0.3267307036062099,400,400,500,constant,0.39411196,0.9823439,0.09763714679344948,1.492550253868103
10134,39627835559641665,0.3267307036062099,400,400,500,powerlaw,0.39411196,0.8510371,0.09763714679344948,1.159379005432129
2010,39627841624606420,0.7521192243988007,800,800,100,constant,1.2522631,1.1262532,0.012996797508962838,0.10062567889690399
2010,39627841624606420,0.7521192243988007,800,800,100,powerlaw,1.2522631,1.1962329,0.012996797508962838,0.044743116945028305
2010,39627841624606420,0.7521192243988007,800,800,200,constant,1.2522631,1.1580971,0.012996797508962838,0.07519659399986267
2010,39627841624606420,0.7521192243988007,800,800,200,powerlaw,1.2522631,1.0003452,0.012996797508962838,0.20117005705833435
2010,39627841624606420,0.7521192243988007,800,800,500,constant,1.2522631,1.1709208,0.012996797508962838,0.0649561733007431
2010,39627841624606420,0.7521192243988007,800,800,500,powerlaw,1.2522631,1.1518768,0.012996797508962838,0.08016387373209
2010,39627841624606420,0.7521192243988007,800,400,100,constant,1.2110503,1.1262531,0.015855690122228757,0.07001950591802597
2010,39627841624606420,0.7521192243988007,800,400,100,powerlaw,1.2110503,1.1697786,0.015855690122228757,0.03407924994826317
2010,39627841624606420,0.7521192243988007,800,400,200,constant,1.2110503,1.1580971,0.015855690122228757,0.04372495785355568
2010,39627841624606420,0.7521192243988007,800,400,200,powerlaw,1.2110503,1.0414343,0.015855690122228757,0.14005693793296814
2010,39627841624606420,0.7521192243988007,800,400,500,constant,1.2110503,1.1709207,0.015855690122228757,0.03313614800572395
2010,39627841624606420,0.7521192243988007,800,400,500,powerlaw,1.2110503,1.1543014,0.015855690122228757,0.04685921594500542
2010,39627841624606420,0.7521192243988007,600,400,100,constant,1.2924925,1.1686214,0.019429316364452418,0.09583891928195953
2010,39627841624606420,0.7521192243988007,600,400,100,powerlaw,1.2924925,1.5308889,0.019429316364452418,0.1844470351934433
2010,39627841624606420,0.7521192243988007,600,400,200,constant,1.2924925,1.1530936,0.019429316364452418,0.10785279422998428
2010,39627841624606420,0.7521192243988007,600,400,200,powerlaw,1.2924925,1.274804,0.019429316364452418,0.01368558220565319
2010,39627841624606420,0.7521192243988007,600,400,500,constant,1.2924925,1.1701647,0.019429316364452418,0.09464488178491592
2010,39627841624606420,0.7521192243988007,600,400,500,powerlaw,1.2924925,1.16169,0.019429316364452418,0.10120175778865814
2010,39627841624606420,0.7521192243988007,400,400,100,constant,1.3366594,1.3126568,0.022689814699404887,0.017957208678126335
2010,39627841624606420,0.7521192243988007,400,400,100,powerlaw,1.3366594,1.0643146,0.022689814699404887,0.2037503570318222
2010,39627841624606420,0.7521192243988007,400,400,200,constant,1.3366594,1.2553909,0.022689814699404887,0.060799743980169296
2010,39627841624606420,0.7521192243988007,400,400,200,powerlaw,1.3366594,1.4454325,0.022689814699404887,0.08137683570384979
2010,39627841624606420,0.7521192243988007,400,400,500,constant,1.3366594,1.2005602,0.022689814699404887,0.10182041674852371
2010,39627841624606420,0.7521192243988007,400,400,500,powerlaw,1.3366594,1.2389156,0.022689814699404887,0.07312548160552979
4247,39627859718836333,0.6997123515721189,800,800,100,constant,0.72688633,0.8658078,0.05279970950339741,0.191118523478508
4247,39627859718836333,0.6997123515721189,800,800,100,powerlaw,0.72688633,0.25435168,0.05279970950339741,0.6500805616378784
4247,39627859718836333,0.6997123515721189,800,800,200,constant,0.72688633,0.8721164,0.05279970950339741,0.19979748129844666
4247,39627859718836333,0.6997123515721189,800,800,200,powerlaw,0.72688633,0.6883392,0.05279970950339741,0.05303051695227623
4247,39627859718836333,0.6997123515721189,800,800,500,constant,0.72688633,0.87853855,0.05279970950339741,0.20863264799118042
4247,39627859718836333,0.6997123515721189,800,800,500,powerlaw,0.72688633,0.81677896,0.05279970950339741,0.12366806715726852
4247,39627859718836333,0.6997123515721189,800,400,100,constant,0.75939953,0.8658079,0.06422796423386698,0.1401216983795166
4247,39627859718836333,0.6997123515721189,800,400,100,powerlaw,0.75939953,0.34357464,0.06422796423386698,0.5475706458091736
4247,39627859718836333,0.6997123515721189,800,400,200,constant,0.75939953,0.8721165,0.06422796423386698,0.14842908084392548
4247,39627859718836333,0.6997123515721189,800,400,200,powerlaw,0.75939953,0.7292462,0.06422796423386698,0.03970681130886078
4247,39627859718836333,0.6997123515721189,800,400,500,constant,0.75939953,0.87853855,0.06422796423386698,0.15688581764698029
4247,39627859718836333,0.6997123515721189,800,400,500,powerlaw,0.75939953,0.82925004,0.06422796423386698,0.09198123216629028
4247,39627859718836333,0.6997123515721189,600,400,100,constant,0.68744266,0.73240626,0.0808889156222001,0.06540705263614655
4247,39627859718836333,0.6997123515721189,600,400,100,powerlaw,0.68744266,0.48470798,0.0808889156222001,0.2949114143848419
4247,39627859718836333,0.6997123515721189,600,400,200,constant,0.68744266,0.8267191,0.0808889156222001,0.20260082185268402
4247,39627859718836333,0.6997123515721189,600,400,200,powerlaw,0.68744266,0.43400326,0.0808889156222001,0.36866986751556396
4247,39627859718836333,0.6997123515721189,600,400,500,constant,0.68744266,0.8706813,0.0808889156222001,0.26655113697052
4247,39627859718836333,0.6997123515721189,600,400,500,powerlaw,0.68744266,0.68464124,0.0808889156222001,0.004075129982084036
4247,39627859718836333,0.6997123515721189,400,400,100,constant,0.659114,0.760781,0.09273026583548882,0.1542479544878006
4247,39627859718836333,0.6997123515721189,400,400,100,powerlaw,0.659114,0.6316557,0.09273026583548882,0.04165942594408989
4247,39627859718836333,0.6997123515721189,400,400,200,constant,0.659114,0.7504106,0.09273026583548882,0.13851414620876312
4247,39627859718836333,0.6997123515721189,400,400,200,powerlaw,0.659114,0.57969415,0.09273026583548882,0.12049486488103867
4247,39627859718836333,0.6997123515721189,400,400,500,constant,0.659114,0.81704473,0.09273026583548882,0.23961064219474792
4247,39627859718836333,0.6997123515721189,400,400,500,powerlaw,0.659114,0.6473352,0.09273026583548882,0.01787070371210575
2149,39627847656016265,0.3719457872085278,800,800,100,constant,1.1522058,1.2396865,0.007305698829441079,0.07592450827360153
2149,39627847656016265,0.3719457872085278,800,800,100,powerlaw,1.1522058,1.9265126,0.007305698829441079,0.672021210193634
2149,39627847656016265,0.3719457872085278,800,800,200,constant,1.1522058,1.1862762,0.007305698829441079,0.02956969290971756
2149,39627847656016265,0.3719457872085278,800,800,200,powerlaw,1.1522058,1.4461163,0.007305698829441079,0.2550850808620453
2149,39627847656016265,0.3719457872085278,800,800,500,constant,1.1522058,1.1469264,0.007305698829441079,0.004582013003528118
2149,39627847656016265,0.3719457872085278,800,800,500,powerlaw,1.1522058,1.1800396,0.007305698829441079,0.02415698580443859
2149,39627847656016265,0.3719457872085278,800,400,100,constant,1.170959,1.2396864,0.008983948556510928,0.058693237602710724
2149,39627847656016265,0.3719457872085278,800,400,100,powerlaw,1.170959,1.6007315,0.008983948556510928,0.36702609062194824
2149,39627847656016265,0.3719457872085278,800,400,200,constant,1.170959,1.186276,0.008983948556510928,0.013080700300633907
2149,39627847656016265,0.3719457872085278,800,400,200,powerlaw,1.170959,1.3496853,0.008983948556510928,0.1526324301958084
2149,39627847656016265,0.3719457872085278,800,400,500,constant,1.170959,1.1469263,0.008983948556510928,0.020523956045508385
2149,39627847656016265,0.3719457872085278,800,400,500,powerlaw,1.170959,1.1689633,0.008983948556510928,0.001704314723610878
2149,39627847656016265,0.3719457872085278,600,400,100,constant,1.1339383,1.1602212,0.011138598724640366,0.023178426548838615
2149,39627847656016265,0.3719457872085278,600,400,100,powerlaw,1.1339383,1.2045182,0.011138598724640366,0.06224314495921135
2149,39627847656016265,0.3719457872085278,600,400,200,constant,1.1339383,1.2170221,0.011138598724640366,0.07327007502317429
2149,39627847656016265,0.3719457872085278,600,400,200,powerlaw,1.1339383,1.1160982,0.011138598724640366,0.015732908621430397
2149,39627847656016265,0.3719457872085278,600,400,500,constant,1.1339383,1.1608012,0.011138598724640366,0.0236898772418499
2149,39627847656016265,0.3719457872085278,600,400,500,powerlaw,1.1339383,1.2254627,0.011138598724640366,0.08071370422840118
2149,39627847656016265,0.3719457872085278,400,400,100,constant,1.1155927,1.1351483,0.012552921706797907,0.017529308795928955
2149,39627847656016265,0.3719457872085278,400,400,100,powerlaw,1.1155927,1.1921762,0.012552921706797907,0.06864826381206512
2149,39627847656016265,0.3719457872085278,400,400,200,constant,1.1155927,1.1460655,0.012552921706797907,0.027315305545926094
2149,39627847656016265,0.3719457872085278,400,400,200,powerlaw,1.1155927,1.108024,0.012552921706797907,0.006784480530768633
2149,39627847656016265,0.3719457872085278,400,400,500,constant,1.1155927,1.1702454,0.012552921706797907,0.04898982495069504
2149,39627847656016265,0.3719457872085278,400,400,500,powerlaw,1.1155927,1.1637394,0.012552921706797907,0.04315797612071037
9316,39627847643433214,0.8894672862503489,800,800,100,constant,1.2103305,1.292313,0.023218007235538594,0.06773562729358673
9316,39627847643433214,0.8894672862503489,800,800,100,powerlaw,1.2103305,1.1441051,0.023218007235538594,0.0547167994081974
9316,39627847643433214,0.8894672862503489,800,800,200,constant,1.2103305,1.2720336,0.023218007235538594,0.05098036304116249
9316,39627847643433214,0.8894672862503489,800,800,200,powerlaw,1.2103305,1.2496783,0.023218007235538594,0.0325099378824234
9316,39627847643433214,0.8894672862503489,800,800,500,constant,1.2103305,1.1418506,0.023218007235538594,0.05657950043678284
9316,39627847643433214,0.8894672862503489,800,800,500,powerlaw,1.2103305,1.5537707,0.023218007235538594,0.28375735878944397
9316,39627847643433214,0.8894672862503489,800,400,100,constant,1.2402781,1.2923131,0.028323300762244177,0.04195427894592285
9316,39627847643433214,0.8894672862503489,800,400,100,powerlaw,1.2402781,1.1855603,0.028323300762244177,0.04411734640598297
9316,39627847643433214,0.8894672862503489,800,400,200,constant,1.2402781,1.2720336,0.028323300762244177,0.025603489950299263
9316,39627847643433214,0.8894672862503489,800,400,200,powerlaw,1.2402781,1.2522138,0.028323300762244177,0.00962341483682394
9316,39627847643433214,0.8894672862503489,800,400,500,constant,1.2402781,1.1418505,0.028323300762244177,0.07935933768749237
9316,39627847643433214,0.8894672862503489,800,400,500,powerlaw,1.2402781,1.4709034,0.028323300762244177,0.18594641983509064
9316,39627847643433214,0.8894672862503489,600,400,100,constant,1.194386,1.3032417,0.03613009260819033,0.09113948047161102
9316,39627847643433214,0.8894672862503489,600,400,100,powerlaw,1.194386,0.93655854,0.03613009260819033,0.2158661037683487
9316,39627847643433214,0.8894672862503489,600,400,200,constant,1.194386,1.3035997,0.03613009260819033,0.09143920987844467
9316,39627847643433214,0.8894672862503489,600,400,200,powerlaw,1.194386,1.1494017,0.03613009260819033,0.03766315057873726
9316,39627847643433214,0.8894672862503489,600,400,500,constant,1.194386,1.2287878,0.03613009260819033,0.028802894055843353
9316,39627847643433214,0.8894672862503489,600,400,500,powerlaw,1.194386,1.3611314,0.03613009260819033,0.13960765302181244
9316,39627847643433214,0.8894672862503489,400,400,100,constant,1.148977,1.262572,0.04053971456140911,0.09886620938777924
9316,39627847643433214,0.8894672862503489,400,400,100,powerlaw,1.148977,1.6111108,0.04053971456140911,0.4022132158279419
9316,39627847643433214,0.8894672862503489,400,400,200,constant,1.148977,1.2900698,0.04053971456140911,0.1227986067533493
9316,39627847643433214,0.8894672862503489,400,400,200,powerlaw,1.148977,1.0295963,0.04053971456140911,0.10390173643827438
9316,39627847643433214,0.8894672862503489,400,400,500,constant,1.148977,1.2694502,0.04053971456140911,0.10485252737998962
9316,39627847643433214,0.8894672862503489,400,400,500,powerlaw,1.148977,1.2747474,0.04053971456140911,0.10946287214756012
2371,39627835580615676,0.2308481996266203,800,800,100,constant,1.2151474,1.1277461,0.010544743202335014,0.07192647457122803
2371,39627835580615676,0.2308481996266203,800,800,100,powerlaw,1.2151474,0.9054784,0.010544743202335014,0.2548406720161438
2371,39627835580615676,0.2308481996266203,800,800,200,constant,1.2151474,1.1240461,0.010544743202335014,0.07497139275074005
2371,39627835580615676,0.2308481996266203,800,800,200,powerlaw,1.2151474,1.0914893,0.010544743202335014,0.10176383703947067
2371,39627835580615676,0.2308481996266203,800,800,500,constant,1.2151474,1.1417547,0.010544743202335014,0.06039813160896301
2371,39627835580615676,0.2308481996266203,800,800,500,powerlaw,1.2151474,1.0975608,0.010544743202335014,0.0967673659324646
2371,39627835580615676,0.2308481996266203,800,400,100,constant,1.2282434,1.127746,0.013128607572374345,0.08182203024625778
2371,39627835580615676,0.2308481996266203,800,400,100,powerlaw,1.2282434,0.9858848,0.013128607572374345,0.19732129573822021
2371,39627835580615676,0.2308481996266203,800,400,200,constant,1.2282434,1.124046,0.013128607572374345,0.08483447879552841
2371,39627835580615676,0.2308481996266203,800,400,200,powerlaw,1.2282434,1.1025007,0.013128607572374345,0.10237602889537811
2371,39627835580615676,0.2308481996266203,800,400,500,constant,1.2282434,1.1417549,0.013128607572374345,0.0704164057970047
2371,39627835580615676,0.2308481996266203,800,400,500,powerlaw,1.2282434,1.1092492,0.013128607572374345,0.09688154608011246
2371,39627835580615676,0.2308481996266203,600,400,100,constant,1.18399,1.2429373,0.01676001394184304,0.0497870109975338
2371,39627835580615676,0.2308481996266203,600,400,100,powerlaw,1.18399,1.3200259,0.01676001394184304,0.11489617079496384
2371,39627835580615676,0.2308481996266203,600,400,200,constant,1.18399,1.2023385,0.01676001394184304,0.015497136861085892
2371,39627835580615676,0.2308481996266203,600,400,200,powerlaw,1.18399,1.4141322,0.01676001394184304,0.19437852501869202
2371,39627835580615676,0.2308481996266203,600,400,500,constant,1.18399,1.1637256,0.01676001394184304,0.017115335911512375
2371,39627835580615676,0.2308481996266203,600,400,500,powerlaw,1.18399,1.2544729,0.01676001394184304,0.05952993780374527
2371,39627835580615676,0.2308481996266203,400,400,100,constant,1.1913419,1.1789823,0.01770067935212433,0.01037453580647707
2371,39627835580615676,0.2308481996266203,400,400,100,powerlaw,1.1913419,1.0223641,0.01770067935212433,0.1418381631374359
2371,39627835580615676,0.2308481996266203,400,400,200,constant,1.1913419,1.2098716,0.01770067935212433,0.015553698875010014
2371,39627835580615676,0.2308481996266203,400,400,200,powerlaw,1.1913419,1.0596169,0.01770067935212433,0.1105685606598854
2371,39627835580615676,0.2308481996266203,400,400,500,constant,1.1913419,1.178943,0.01770067935212433,0.010407457128167152
2371,39627835580615676,0.2308481996266203,400,400,500,powerlaw,1.1913419,1.3126044,0.01770067935212433,0.1017865240573883
6483,39627841586858440,0.9420563748611144,800,800,100,constant,1.0671363,0.9409313,0.027851645592483276,0.11826508492231369
6483,39627841586858440,0.9420563748611144,800,800,100,powerlaw,1.0671363,0.9076018,0.027851645592483276,0.14949779212474823
6483,39627841586858440,0.9420563748611144,800,800,200,constant,1.0671363,0.9404239,0.027851645592483276,0.11874058097600937
6483,39627841586858440,0.9420563748611144,800,800,200,powerlaw,1.0671363,0.98114187,0.027851645592483276,0.08058429509401321
6483,39627841586858440,0.9420563748611144,800,800,500,constant,1.0671363,0.9777221,0.027851645592483276,0.0837889015674591
6483,39627841586858440,0.9420563748611144,800,800,500,powerlaw,1.0671363,0.8654572,0.027851645592483276,0.18899096548557281
6483,39627841586858440,0.9420563748611144,800,400,100,constant,1.0812875,0.94093144,0.03540269379669568,0.1298045814037323
6483,39627841586858440,0.9420563748611144,800,400,100,powerlaw,1.0812875,0.9023273,0.03540269379669568,0.16550658643245697
6483,39627841586858440,0.9420563748611144,800,400,200,constant,1.0812875,0.9404239,0.03540269379669568,0.1302739530801773
6483,39627841586858440,0.9420563748611144,800,400,200,powerlaw,1.0812875,0.9580174,0.03540269379669568,0.11400306969881058
6483,39627841586858440,0.9420563748611144,800,400,500,constant,1.0812875,0.97772217,0.03540269379669568,0.095779649913311
6483,39627841586858440,0.9420563748611144,800,400,500,powerlaw,1.0812875,0.88056296,0.03540269379669568,0.1856347620487213
6483,39627841586858440,0.9420563748611144,600,400,100,constant,1.0173247,1.0578315,0.04224434635785099,0.039817024022340775
6483,39627841586858440,0.9420563748611144,600,400,100,powerlaw,1.0173247,1.1445944,0.04224434635785099,0.12510238587856293
6483,39627841586858440,0.9420563748611144,600,400,200,constant,1.0173247,1.004397,0.04224434635785099,0.012707497924566269
6483,39627841586858440,0.9420563748611144,600,400,200,powerlaw,1.0173247,1.2857546,0.04224434635785099,0.2638586163520813
6483,39627841586858440,0.9420563748611144,600,400,500,constant,1.0173247,0.98232377,0.04224434635785099,0.03440486639738083
6483,39627841586858440,0.9420563748611144,600,400,500,powerlaw,1.0173247,1.082666,0.04224434635785099,0.0642286092042923
6483,39627841586858440,0.9420563748611144,400,400,100,constant,1.044154,1.046613,0.04511681423918292,0.0023549494799226522
6483,39627841586858440,0.9420563748611144,400,400,100,powerlaw,1.044154,0.72289705,0.04511681423918292,0.30767202377319336
6483,39627841586858440,0.9420563748611144,400,400,200,constant,1.044154,1.053992,0.04511681423918292,0.009421966969966888
6483,39627841586858440,0.9420563748611144,400,400,200,powerlaw,1.044154,0.95266443,0.04511681423918292,0.0876208022236824
6483,39627841586858440,0.9420563748611144,400,400,500,constant,1.044154,0.9841112,0.04511681423918292,0.0575038306415081
6483,39627841586858440,0.9420563748611144,400,400,500,powerlaw,1.044154,1.1124552,0.04511681423918292,0.06541295349597931
5618,39627829507261019,0.8463112925830477,800,800,100,constant,1.1013032,1.2611307,0.07398115686270891,0.14512576162815094
5618,39627829507261019,0.8463112925830477,800,800,100,powerlaw,1.1013032,5.425613,0.07398115686270891,3.9265387058258057
5618,39627829507261019,0.8463112925830477,800,800,200,constant,1.1013032,0.9054126,0.07398115686270891,0.17787162959575653
5618,39627829507261019,0.8463112925830477,800,800,200,powerlaw,1.1013032,7.6162267,0.07398115686270891,5.9156494140625
5618,39627829507261019,0.8463112925830477,800,800,500,constant,1.1013032,0.9373528,0.07398115686270891,0.14886948466300964
5618,39627829507261019,0.8463112925830477,800,800,500,powerlaw,1.1013032,0.74110633,0.07398115686270891,0.3270642161369324
5618,39627829507261019,0.8463112925830477,800,400,100,constant,1.4938574,1.2611306,0.0899149951131466,0.15578918159008026
5618,39627829507261019,0.8463112925830477,800,400,100,powerlaw,1.4938574,2.8869557,0.0899149951131466,0.9325510859489441
5618,39627829507261019,0.8463112925830477,800,400,200,constant,1.4938574,0.9054126,0.0899149951131466,0.39390960335731506
5618,39627829507261019,0.8463112925830477,800,400,200,powerlaw,1.4938574,3.4218326,0.0899149951131466,1.2906018495559692
5618,39627829507261019,0.8463112925830477,800,400,500,constant,1.4938574,0.9373528,0.0899149951131466,0.372528612613678
5618,39627829507261019,0.8463112925830477,800,400,500,powerlaw,1.4938574,0.76674217,0.0899149951131466,0.4867367148399353
5618,39627829507261019,0.8463112925830477,600,400,100,constant,1.3420966,1.116951,0.11424075062894896,0.16775661706924438
5618,39627829507261019,0.8463112925830477,600,400,100,powerlaw,1.3420966,0.80287486,0.11424075062894896,0.40177562832832336
5618,39627829507261019,0.8463112925830477,600,400,200,constant,1.3420966,1.170882,0.11424075062894896,0.12757247686386108
5618,39627829507261019,0.8463112925830477,600,400,200,powerlaw,1.3420966,0.9524593,0.11424075062894896,0.29031985998153687
5618,39627829507261019,0.8463112925830477,600,400,500,constant,1.3420966,0.9335756,0.11424075062894896,0.30439016222953796
5618,39627829507261019,0.8463112925830477,600,400,500,powerlaw,1.3420966,1.0974883,0.11424075062894896,0.18225833773612976
5618,39627829507261019,0.8463112925830477,400,400,100,constant,0.2785822,0.5206351,0.1301693405462776,
5618,39627829507261019,0.8463112925830477,400,400,100,powerlaw,0.2785822,0.20211372,0.1301693405462776,
5618,39627829507261019,0.8463112925830477,400,400,200,constant,0.2785822,0.7966987,0.1301693405462776,
5618,39627829507261019,0.8463112925830477,400,400,200,powerlaw,0.2785822,0.20021898,0.1301693405462776,
5618,39627829507261019,0.8463112925830477,400,400,500,constant,0.2785822,0.85216874,0.1301693405462776,
5618,39627829507261019,0.8463112925830477,400,400,500,powerlaw,0.2785822,0.7258295,0.1301693405462776,
10694,39627853670648452,0.969576881949675,800,800,100,constant,1.3109336,1.283205,0.01501230075887097,0.021151764318346977
10694,39627853670648452,0.969576881949675,800,800,100,powerlaw,1.3109336,1.3832862,0.01501230075887097,0.05519169569015503
10694,39627853670648452,0.969576881949675,800,800,200,constant,1.3109336,1.222448,0.01501230075887097,0.06749815493822098
10694,39627853670648452,0.969576881949675,800,800,200,powerlaw,1.3109336,1.6082147,0.01501230075887097,0.2267705649137497
10694,39627853670648452,0.969576881949675,800,800,500,constant,1.3109336,1.0874479,0.01501230075887097,0.17047828435897827
10694,39627853670648452,0.969576881949675,800,800,500,powerlaw,1.3109336,1.4786961,0.01501230075887097,0.12797178328037262
10694,39627853670648452,0.969576881949675,800,400,100,constant,1.2879556,1.2832052,0.018169215957700484,0.0036883957218378782
10694,39627853670648452,0.969576881949675,800,400,100,powerlaw,1.2879556,1.3533719,0.018169215957700484,0.05079073831439018
10694,39627853670648452,0.969576881949675,800,400,200,constant,1.2879556,1.222448,0.018169215957700484,0.05086172744631767
10694,39627853670648452,0.969576881949675,800,400,200,powerlaw,1.2879556,1.4927338,0.018169215957700484,0.15899476408958435
10694,39627853670648452,0.969576881949675,800,400,500,constant,1.2879556,1.0874478,0.018169215957700484,0.15567918121814728
10694,39627853670648452,0.969576881949675,800,400,500,powerlaw,1.2879556,1.4032876,0.018169215957700484,0.0895465686917305
10694,39627853670648452,0.969576881949675,600,400,100,constant,1.3472122,1.2749727,0.023293960250344626,0.05362148582935333
10694,39627853670648452,0.969576881949675,600,400,100,powerlaw,1.3472122,1.0672386,0.023293960250344626,0.20781701803207397
10694,39627853670648452,0.969576881949675,600,400,200,constant,1.3472122,1.2687385,0.023293960250344626,0.05824894458055496
10694,39627853670648452,0.969576881949675,600,400,200,powerlaw,1.3472122,1.2228342,0.023293960250344626,0.09232247620820999
10694,39627853670648452,0.969576881949675,600,400,500,constant,1.3472122,1.144395,0.023293960250344626,0.1505458503961563
10694,39627853670648452,0.969576881949675,600,400,500,powerlaw,1.3472122,1.4364756,0.023293960250344626,0.06625789403915405
10694,39627853670648452,0.969576881949675,400,400,100,constant,1.3603697,1.3472733,0.026650408399247993,0.009627039544284344
10694,39627853670648452,0.969576881949675,400,400,100,powerlaw,1.3603697,1.7278116,0.026650408399247993,0.27010443806648254
10694,39627853670648452,0.969576881949675,400,400,200,constant,1.3603697,1.3155607,0.026650408399247993,0.03293882682919502
10694,39627853670648452,0.969576881949675,400,400,200,powerlaw,1.3603697,1.346306,0.026650408399247993,0.010338157415390015
10694,39627853670648452,0.969576881949675,400,400,500,constant,1.3603697,1.2175075,0.026650408399247993,0.10501719266176224
10694,39627853670648452,0.969576881949675,400,400,500,powerlaw,1.3603697,1.4931595,0.026650408399247993,0.09761305898427963
4830,39627853691621259,1.5742099931119593,800,800,100,constant,0.72787505,0.6908457,0.09826203358424049,0.05087319016456604
4830,39627853691621259,1.5742099931119593,800,800,100,powerlaw,0.72787505,1.554809,0.09826203358424049,1.136093258857727
4830,39627853691621259,1.5742099931119593,800,800,200,constant,0.72787505,0.56361145,0.09826203358424049,0.2256755530834198
4830,39627853691621259,1.5742099931119593,800,800,200,powerlaw,0.72787505,1.284271,0.09826203358424049,0.7644113302230835
4830,39627853691621259,1.5742099931119593,800,800,500,constant,0.72787505,0.77143574,0.09826203358424049,0.05984637513756752
4830,39627853691621259,1.5742099931119593,800,800,500,powerlaw,0.72787505,0.5419775,0.09826203358424049,0.25539758801460266
4830,39627853691621259,1.5742099931119593,800,400,100,constant,0.45581007,0.6908456,0.1173755362030465,0.5156435966491699
4830,39627853691621259,1.5742099931119593,800,400,100,powerlaw,0.45581007,1.2146517,0.1173755362030465,1.6648198366165161
4830,39627853691621259,1.5742099931119593,800,400,200,constant,0.45581007,0.56361145,0.1173755362030465,0.23650503158569336
4830,39627853691621259,1.5742099931119593,800,400,200,powerlaw,0.45581007,1.0492951,0.1173755362030465,1.3020445108413696
4830,39627853691621259,1.5742099931119593,800,400,500,constant,0.45581007,0.7714356,0.1173755362030465,0.692449688911438
4830,39627853691621259,1.5742099931119593,800,400,500,powerlaw,0.45581007,0.56626755,0.1173755362030465,0.24233224987983704
4830,39627853691621259,1.5742099931119593,600,400,100,constant,1.0373757,0.6166599,0.1521260325437204,0.4055578112602234
4830,39627853691621259,1.5742099931119593,600,400,100,powerlaw,1.0373757,0.23967947,0.1521260325437204,0.7689559459686279
4830,39627853691621259,1.5742099931119593,600,400,200,constant,1.0373757,0.57643074,0.1521260325437204,0.44433751702308655
4830,39627853691621259,1.5742099931119593,600,400,200,powerlaw,1.0373757,0.54412043,0.1521260325437204,0.4754837155342102
4830,39627853691621259,1.5742099931119593,600,400,500,constant,1.0373757,0.72036564,0.1521260325437204,0.3055884540081024
4830,39627853691621259,1.5742099931119593,600,400,500,powerlaw,1.0373757,0.3602315,0.1521260325437204,0.6527472734451294
4830,39627853691621259,1.5742099931119593,400,400,100,constant,1.3652267,0.3035344,0.17965153365941045,0.7776674032211304
4830,39627853691621259,1.5742099931119593,400,400,100,powerlaw,1.3652267,0.25655007,0.17965153365941045,0.8120824694633484
4830,39627853691621259,1.5742099931119593,400,400,200,constant,1.3652267,0.5082102,0.17965153365941045,0.6277467012405396
4830,39627853691621259,1.5742099931119593,400,400,200,powerlaw,1.3652267,0.23276986,0.17965153365941045,0.8295009732246399
4830,39627853691621259,1.5742099931119593,400,400,500,constant,1.3652267,0.60130143,0.17965153365941045,0.5595592856407166
4830,39627853691621259,1.5742099931119593,400,400,500,powerlaw,1.3652267,0.32354572,0.17965153365941045,0.7630095481872559
9050,39627853674842191,1.1111328439316766,800,800,100,constant,1.0078094,1.0941602,0.023232625123194656,0.08568167686462402
9050,39627853674842191,1.1111328439316766,800,800,100,powerlaw,1.0078094,1.261837,0.023232625123194656,0.2520591616630554
9050,39627853674842191,1.1111328439316766,800,800,200,constant,1.0078094,1.1100913,0.023232625123194656,0.10148935765028
9050,39627853674842191,1.1111328439316766,800,800,200,powerlaw,1.0078094,1.1054777,0.023232625123194656,0.0969114676117897
9050,39627853674842191,1.1111328439316766,800,800,500,constant,1.0078094,1.0861795,0.023232625123194656,0.07776281237602234
9050,39627853674842191,1.1111328439316766,800,800,500,powerlaw,1.0078094,1.1456707,0.023232625123194656,0.13679298758506775
9050,39627853674842191,1.1111328439316766,800,400,100,constant,1.0290862,1.0941602,0.02830197104173657,0.06323470920324326
9050,39627853674842191,1.1111328439316766,800,400,100,powerlaw,1.0290862,1.2008952,0.02830197104173657,0.1669529229402542
9050,39627853674842191,1.1111328439316766,800,400,200,constant,1.0290862,1.1100911,0.02830197104173657,0.07871532440185547
9050,39627853674842191,1.1111328439316766,800,400,200,powerlaw,1.0290862,1.1075089,0.02830197104173657,0.07620611786842346
9050,39627853674842191,1.1111328439316766,800,400,500,constant,1.0290862,1.0861795,0.02830197104173657,0.05547957122325897
9050,39627853674842191,1.1111328439316766,800,400,500,powerlaw,1.0290862,1.1364019,0.02830197104173657,0.10428247600793839
9050,39627853674842191,1.1111328439316766,600,400,100,constant,0.99081844,1.030006,0.035272289737381675,0.039550747722387314
9050,39627853674842191,1.1111328439316766,600,400,100,powerlaw,0.99081844,0.735391,0.035272289737381675,0.2577943801879883
9050,39627853674842191,1.1111328439316766,600,400,200,constant,0.99081844,1.0636379,0.035272289737381675,0.07349420338869095
9050,39627853674842191,1.1111328439316766,600,400,200,powerlaw,0.99081844,0.96355677,0.035272289737381675,0.027514299377799034
9050,39627853674842191,1.1111328439316766,600,400,500,constant,0.99081844,1.077151,0.035272289737381675,0.0871325135231018
9050,39627853674842191,1.1111328439316766,600,400,500,powerlaw,0.99081844,1.0625303,0.035272289737381675,0.07237636297941208
9050,39627853674842191,1.1111328439316766,400,400,100,constant,0.96384996,0.93878466,0.04068080748829035,0.026005398482084274
9050,39627853674842191,1.1111328439316766,400,400,100,powerlaw,0.96384996,0.6603374,0.04068080748829035,0.3148960769176483
9050,39627853674842191,1.1111328439316766,400,400,200,constant,0.96384996,0.9734501,0.04068080748829035,0.009960224851965904
9050,39627853674842191,1.1111328439316766,400,400,200,powerlaw,0.96384996,0.7957823,0.04068080748829035,0.1743711531162262
9050,39627853674842191,1.1111328439316766,400,400,500,constant,0.96384996,1.0511137,0.04068080748829035,0.09053666889667511
9050,39627853674842191,1.1111328439316766,400,400,500,powerlaw,0.96384996,0.95369756,0.04068080748829035,0.010533174499869347
13059,39627787761354464,0.1091917098663344,800,800,100,constant,0.52897435,0.5747843,0.033418940540759653,0.08660140633583069
13059,39627787761354464,0.1091917098663344,800,800,100,powerlaw,0.52897435,0.1733429,0.033418940540759653,0.6723037958145142
13059,39627787761354464,0.1091917098663344,800,800,200,constant,0.52897435,0.584625,0.033418940540759653,0.10520482063293457
13059,39627787761354464,0.1091917098663344,800,800,200,powerlaw,0.52897435,0.20969929,0.033418940540759653,0.6035738587379456
13059,39627787761354464,0.1091917098663344,800,800,500,constant,0.52897435,0.67855084,0.033418940540759653,0.28276699781417847
13059,39627787761354464,0.1091917098663344,800,800,500,powerlaw,0.52897435,0.46054485,0.033418940540759653,0.12936259806156158
13059,39627787761354464,0.1091917098663344,800,400,100,constant,0.5599213,0.5747842,0.04201463138377057,0.026544613763689995
13059,39627787761354464,0.1091917098663344,800,400,100,powerlaw,0.5599213,0.24349444,0.04201463138377057,0.5651273727416992
13059,39627787761354464,0.1091917098663344,800,400,200,constant,0.5599213,0.58462507,0.04201463138377057,0.04412002116441727
13059,39627787761354464,0.1091917098663344,800,400,200,powerlaw,0.5599213,0.27707973,0.04201463138377057,0.505145251750946
13059,39627787761354464,0.1091917098663344,800,400,500,constant,0.5599213,0.67855084,0.04201463138377057,0.21186818182468414
13059,39627787761354464,0.1091917098663344,800,400,500,powerlaw,0.5599213,0.50078285,0.04201463138377057,0.10561925917863846
13059,39627787761354464,0.1091917098663344,600,400,100,constant,0.59746957,0.4971568,0.05021454595330371,0.16789603233337402
13059,39627787761354464,0.1091917098663344,600,400,100,powerlaw,0.59746957,0.108976915,0.05021454595330371,0.8176025748252869
13059,39627787761354464,0.1091917098663344,600,400,200,constant,0.59746957,0.53770304,0.05021454595330371,0.1000327616930008
13059,39627787761354464,0.1091917098663344,600,400,200,powerlaw,0.59746957,0.4065636,0.05021454595330371,0.3195241689682007
13059,39627787761354464,0.1091917098663344,600,400,500,constant,0.59746957,0.6065343,0.05021454595330371,0.01517187524586916
13059,39627787761354464,0.1091917098663344,600,400,500,powerlaw,0.59746957,0.4052556,0.05021454595330371,0.3217134177684784
13059,39627787761354464,0.1091917098663344,400,400,100,constant,0.47567093,0.6247284,0.055140480408706234,0.3133625388145447
13059,39627787761354464,0.1091917098663344,400,400,100,powerlaw,0.47567093,0.42351526,0.055140480408706234,0.10964654386043549
13059,39627787761354464,0.1091917098663344,400,400,200,constant,0.47567093,0.57202446,0.055140480408706234,0.20256341993808746
13059,39627787761354464,0.1091917098663344,400,400,200,powerlaw,0.47567093,0.94305664,0.055140480408706234,0.9825820326805115
13059,39627787761354464,0.1091917098663344,400,400,500,constant,0.47567093,0.5670107,0.055140480408706234,0.19202300906181335
13059,39627787761354464,0.1091917098663344,400,400,500,powerlaw,0.47567093,0.6081595,0.055140480408706234,0.2785298526287079
2614,39627805356461664,1.3199379450084976,800,800,100,constant,0.94746464,1.1162314,0.04707306677580233,0.17812463641166687
2614,39627805356461664,1.3199379450084976,800,800,100,powerlaw,0.94746464,1.99109,0.04707306677580233,1.1014926433563232
2614,39627805356461664,1.3199379450084976,800,800,200,constant,0.94746464,1.0691067,0.04707306677580233,0.12838689982891083
2614,39627805356461664,1.3199379450084976,800,800,200,powerlaw,0.94746464,1.5393642,0.04707306677580233,0.6247194409370422
2614,39627805356461664,1.3199379450084976,800,800,500,constant,0.94746464,0.9753352,0.04707306677580233,0.029415911063551903
2614,39627805356461664,1.3199379450084976,800,800,500,powerlaw,0.94746464,1.2362537,0.04707306677580233,0.30480197072029114
2614,39627805356461664,1.3199379450084976,800,400,100,constant,1.0033493,1.1162314,0.05697512868730759,0.11250532418489456
2614,39627805356461664,1.3199379450084976,800,400,100,powerlaw,1.0033493,1.6446756,0.05697512868730759,0.6391854882240295
2614,39627805356461664,1.3199379450084976,800,400,200,constant,1.0033493,1.0691067,0.05697512868730759,0.06553788483142853
2614,39627805356461664,1.3199379450084976,800,400,200,powerlaw,1.0033493,1.3950664,0.05697512868730759,0.3904094696044922
2614,39627805356461664,1.3199379450084976,800,400,500,constant,1.0033493,0.97533506,0.05697512868730759,0.02792072854936123
2614,39627805356461664,1.3199379450084976,800,400,500,powerlaw,1.0033493,1.1902282,0.05697512868730759,0.1862550973892212
2614,39627805356461664,1.3199379450084976,600,400,100,constant,0.9676669,1.0057364,0.0737035942405721,0.039341457188129425
2614,39627805356461664,1.3199379450084976,600,400,100,powerlaw,0.9676669,0.804191,0.0737035942405721,0.16893821954727173
2614,39627805356461664,1.3199379450084976,600,400,200,constant,0.9676669,1.0275402,0.0737035942405721,0.06187385320663452
2614,39627805356461664,1.3199379450084976,600,400,200,powerlaw,0.9676669,1.0024288,0.0737035942405721,0.03592335805296898
2614,39627805356461664,1.3199379450084976,600,400,500,constant,0.9676669,0.9954593,0.0737035942405721,0.028721032664179802
2614,39627805356461664,1.3199379450084976,600,400,500,powerlaw,0.9676669,1.0730847,0.0737035942405721,0.10894016176462173
2614,39627805356461664,1.3199379450084976,400,400,100,constant,0.8272719,1.0427136,0.08355600046141524,0.2604243755340576
2614,39627805356461664,1.3199379450084976,400,400,100,powerlaw,0.8272719,1.2625471,0.08355600046141524,0.5261574387550354
2614,39627805356461664,1.3199379450084976,400,400,200,constant,0.8272719,1.0396061,0.08355600046141524,0.25666800141334534
2614,39627805356461664,1.3199379450084976,400,400,200,powerlaw,0.8272719,0.90091676,0.08355600046141524,0.08902136981487274
2614,39627805356461664,1.3199379450084976,400,400,500,constant,0.8272719,1.0187042,0.08355600046141524,0.23140192031860352
2614,39627805356461664,1.3199379450084976,400,400,500,powerlaw,0.8272719,1.0642225,0.08355600046141524,0.28642407059669495
11547,39627793801152966,1.4122976670342766,800,800,100,constant,0.95838046,1.0553803,0.04761560772062215,0.10121229290962219
11547,39627793801152966,1.4122976670342766,800,800,100,powerlaw,0.95838046,14.715316,0.04761560772062215,14.35435676574707
11547,39627793801152966,1.4122976670342766,800,800,200,constant,0.95838046,1.0788643,0.04761560772062215,0.12571612000465393
11547,39627793801152966,1.4122976670342766,800,800,200,powerlaw,0.95838046,1.4364666,0.04761560772062215,0.49884793162345886
11547,39627793801152966,1.4122976670342766,800,800,500,constant,0.95838046,0.9933215,0.04761560772062215,0.03645839914679527
11547,39627793801152966,1.4122976670342766,800,800,500,powerlaw,0.95838046,1.0627702,0.04761560772062215,0.10892311483621597
11547,39627793801152966,1.4122976670342766,800,400,100,constant,0.92090243,1.0553801,0.05789450297404899,0.14602814614772797
11547,39627793801152966,1.4122976670342766,800,400,100,powerlaw,0.92090243,4.8368964,0.05789450297404899,4.252344131469727
11547,39627793801152966,1.4122976670342766,800,400,200,constant,0.92090243,1.0788641,0.05789450297404899,0.17152920365333557
11547,39627793801152966,1.4122976670342766,800,400,200,powerlaw,0.92090243,1.3158313,0.05789450297404899,0.42884984612464905
11547,39627793801152966,1.4122976670342766,800,400,500,constant,0.92090243,0.9933214,0.05789450297404899,0.07863915711641312
11547,39627793801152966,1.4122976670342766,800,400,500,powerlaw,0.92090243,1.0481777,0.05789450297404899,0.13820713758468628
11547,39627793801152966,1.4122976670342766,600,400,100,constant,1.0670581,0.89723575,0.07586950808518637,0.15915003418922424
11547,39627793801152966,1.4122976670342766,600,400,100,powerlaw,1.0670581,0.34627426,0.07586950808518637,0.6754869818687439
11547,39627793801152966,1.4122976670342766,600,400,200,constant,1.0670581,0.9253706,0.07586950808518637,0.13278332352638245
11547,39627793801152966,1.4122976670342766,600,400,200,powerlaw,1.0670581,0.78420436,0.07586950808518637,0.2650780975818634
11547,39627793801152966,1.4122976670342766,600,400,500,constant,1.0670581,0.9691524,0.07586950808518637,0.09175291657447815
11547,39627793801152966,1.4122976670342766,600,400,500,powerlaw,1.0670581,0.8723708,0.07586950808518637,0.18245239555835724
11547,39627793801152966,1.4122976670342766,400,400,100,constant,1.0367292,0.9512746,0.08370787792340947,0.08242715895175934
11547,39627793801152966,1.4122976670342766,400,400,100,powerlaw,1.0367292,1.6023929,0.08370787792340947,0.5456233620643616
11547,39627793801152966,1.4122976670342766,400,400,200,constant,1.0367292,0.9756118,0.08370787792340947,0.05895214527845383
11547,39627793801152966,1.4122976670342766,400,400,200,powerlaw,1.0367292,0.71927136,0.08370787792340947,0.3062109649181366
11547,39627793801152966,1.4122976670342766,400,400,500,constant,1.0367292,0.97229785,0.08370787792340947,0.062148697674274445
11547,39627793801152966,1.4122976670342766,400,400,500,powerlaw,1.0367292,0.91131306,0.08370787792340947,0.12097291648387909
12610,39627787761355908,0.1611857704950963,800,800,100,constant,0.67400646,0.73454624,0.007474160911659127,0.08982077240943909
12610,39627787761355908,0.1611857704950963,800,800,100,powerlaw,0.67400646,0.712161,0.007474160911659127,0.056608568876981735
12610,39627787761355908,0.1611857704950963,800,800,200,constant,0.67400646,0.7371283,0.007474160911659127,0.09365170449018478
12610,39627787761355908,0.1611857704950963,800,800,200,powerlaw,0.67400646,0.70600796,0.007474160911659127,0.04747950658202171
12610,39627787761355908,0.1611857704950963,800,800,500,constant,0.67400646,0.7483165,0.007474160911659127,0.11025126278400421
12610,39627787761355908,0.1611857704950963,800,800,500,powerlaw,0.67400646,0.70644397,0.007474160911659127,0.048126399517059326
12610,39627787761355908,0.1611857704950963,800,400,100,constant,0.6856673,0.73454636,0.009190067561467985,0.0712868869304657
12610,39627787761355908,0.1611857704950963,800,400,100,powerlaw,0.6856673,0.72157073,0.009190067561467985,0.05236279219388962
12610,39627787761355908,0.1611857704950963,800,400,200,constant,0.6856673,0.7371285,0.009190067561467985,0.07505276054143906
12610,39627787761355908,0.1611857704950963,800,400,200,powerlaw,0.6856673,0.7165275,0.009190067561467985,0.0450076088309288
12610,39627787761355908,0.1611857704950963,800,400,500,constant,0.6856673,0.74831676,0.009190067561467985,0.0913700982928276
12610,39627787761355908,0.1611857704950963,800,400,500,powerlaw,0.6856673,0.7158473,0.009190067561467985,0.04401557147502899
12610,39627787761355908,0.1611857704950963,600,400,100,constant,0.670961,0.67612016,0.011382646747140282,0.007689179386943579
12610,39627787761355908,0.1611857704950963,600,400,100,powerlaw,0.670961,0.7342827,0.011382646747140282,0.09437455981969833
12610,39627787761355908,0.1611857704950963,600,400,200,constant,0.670961,0.69563586,0.011382646747140282,0.03677535802125931
12610,39627787761355908,0.1611857704950963,600,400,200,powerlaw,0.670961,0.6368873,0.011382646747140282,0.050783444195985794
12610,39627787761355908,0.1611857704950963,600,400,500,constant,0.670961,0.72039986,0.011382646747140282,0.07368361949920654
12610,39627787761355908,0.1611857704950963,600,400,500,powerlaw,0.670961,0.66988784,0.011382646747140282,0.001599469454959035
12610,39627787761355908,0.1611857704950963,400,400,100,constant,0.6512256,0.6828418,0.012845228031405033,0.04854869097471237
12610,39627787761355908,0.1611857704950963,400,400,100,powerlaw,0.6512256,0.733162,0.012845228031405033,0.12581869959831238
12610,39627787761355908,0.1611857704950963,400,400,200,constant,0.6512256,0.67772,0.012845228031405033,0.04068387672305107
12610,39627787761355908,0.1611857704950963,400,400,200,powerlaw,0.6512256,0.7374207,0.012845228031405033,0.13235819339752197
12610,39627787761355908,0.1611857704950963,400,400,500,constant,0.6512256,0.6988653,0.012845228031405033,0.07315386086702347
12610,39627787761355908,0.1611857704950963,400,400,500,powerlaw,0.6512256,0.63405764,0.012845228031405033,0.026362577453255653
2954,39627805360656383,0.08748718087164,800,800,100,constant,0.54715353,0.5674631,0.009279602551534639,0.037118591368198395
2954,39627805360656383,0.08748718087164,800,800,100,powerlaw,0.54715353,0.36604854,0.009279602551534639,0.3309948146343231
2954,39627805360656383,0.08748718087164,800,800,200,constant,0.54715353,0.5976694,0.009279602551534639,0.0923248901963234
2954,39627805360656383,0.08748718087164,800,800,200,powerlaw,0.54715353,0.48252422,0.009279602551534639,0.11811915785074234
2954,39627805360656383,0.08748718087164,800,800,500,constant,0.54715353,0.6133187,0.009279602551534639,0.12092611193656921
2954,39627805360656383,0.08748718087164,800,800,500,powerlaw,0.54715353,0.525414,0.009279602551534639,0.03973206877708435
2954,39627805360656383,0.08748718087164,800,400,100,constant,0.5669901,0.56746304,0.011279701059048781,0.0008341642678715289
2954,39627805360656383,0.08748718087164,800,400,100,powerlaw,0.5669901,0.42817065,0.011279701059048781,0.2448357194662094
2954,39627805360656383,0.08748718087164,800,400,200,constant,0.5669901,0.5976694,0.011279701059048781,0.05410914123058319
2954,39627805360656383,0.08748718087164,800,400,200,powerlaw,0.5669901,0.5143317,0.011279701059048781,0.09287354350090027
2954,39627805360656383,0.08748718087164,800,400,500,constant,0.5669901,0.6133186,0.011279701059048781,0.08170962333679199
2954,39627805360656383,0.08748718087164,800,400,500,powerlaw,0.5669901,0.5437929,0.011279701059048781,0.04091284051537514
2954,39627805360656383,0.08748718087164,600,400,100,constant,0.5079717,0.598887,0.01451243509091255,0.1789771318435669
2954,39627805360656383,0.08748718087164,600,400,100,powerlaw,0.5079717,0.44481963,0.01451243509091255,0.12432203441858292
2954,39627805360656383,0.08748718087164,600,400,200,constant,0.5079717,0.58264357,0.01451243509091255,0.1470000445842743
2954,39627805360656383,0.08748718087164,600,400,200,powerlaw,0.5079717,0.5973821,0.01451243509091255,0.17601457238197327
2954,39627805360656383,0.08748718087164,600,400,500,constant,0.5079717,0.5916967,0.01451243509091255,0.16482213139533997
2954,39627805360656383,0.08748718087164,600,400,500,powerlaw,0.5079717,0.57547414,0.01451243509091255,0.13288621604442596
2954,39627805360656383,0.08748718087164,400,400,100,constant,0.50561345,0.4677566,0.016322888578888525,0.07487310469150543
2954,39627805360656383,0.08748718087164,400,400,100,powerlaw,0.50561345,0.18729497,0.016322888578888525,0.629568874835968
2954,39627805360656383,0.08748718087164,400,400,200,constant,0.50561345,0.50541705,0.016322888578888525,0.00038843369111418724
2954,39627805360656383,0.08748718087164,400,400,200,powerlaw,0.50561345,0.36757377,0.016322888578888525,0.27301424741744995
2954,39627805360656383,0.08748718087164,400,400,500,constant,0.50561345,0.5517539,0.016322888578888525,0.09125634282827377
2954,39627805360656383,0.08748718087164,400,400,500,powerlaw,0.50561345,0.47583067,0.016322888578888525,0.05890423431992531
12021,39627781708977240,1.4598801742731555,800,800,100,constant,1.2343174,0.7632549,0.07685733389880886,0.3816380798816681
12021,39627781708977240,1.4598801742731555,800,800,100,powerlaw,1.2343174,1.2447809,0.07685733389880886,0.008477135561406612
12021,39627781708977240,1.4598801742731555,800,800,200,constant,1.2343174,0.8525994,0.07685733389880886,0.30925434827804565
12021,39627781708977240,1.4598801742731555,800,800,200,powerlaw,1.2343174,0.55931693,0.07685733389880886,0.5468613505363464
12021,39627781708977240,1.4598801742731555,800,800,500,constant,1.2343174,0.901748,0.07685733389880886,0.2694358825683594
12021,39627781708977240,1.4598801742731555,800,800,500,powerlaw,1.2343174,0.7592442,0.07685733389880886,0.3848873972892761
12021,39627781708977240,1.4598801742731555,800,400,100,constant,1.3850183,0.7632549,0.09528518012512299,0.44892075657844543
12021,39627781708977240,1.4598801742731555,800,400,100,powerlaw,1.3850183,1.0933154,0.09528518012512299,0.21061308681964874
12021,39627781708977240,1.4598801742731555,800,400,200,constant,1.3850183,0.85259944,0.09528518012512299,0.38441288471221924
12021,39627781708977240,1.4598801742731555,800,400,200,powerlaw,1.3850183,0.6264483,0.09528518012512299,0.5476967692375183
12021,39627781708977240,1.4598801742731555,800,400,500,constant,1.3850183,0.9017479,0.09528518012512299,0.3489271104335785
12021,39627781708977240,1.4598801742731555,800,400,500,powerlaw,1.3850183,0.7854368,0.09528518012512299,0.4329051375389099
12021,39627781708977240,1.4598801742731555,600,400,100,constant,0.89215004,0.77247214,0.11685830100112517,0.13414548337459564
12021,39627781708977240,1.4598801742731555,600,400,100,powerlaw,0.89215004,0.91568375,0.11685830100112517,0.026378637179732323
12021,39627781708977240,1.4598801742731555,600,400,200,constant,0.89215004,0.7737827,0.11685830100112517,0.13267652690410614
12021,39627781708977240,1.4598801742731555,600,400,200,powerlaw,0.89215004,0.89016104,0.11685830100112517,0.002229453530162573
12021,39627781708977240,1.4598801742731555,600,400,500,constant,0.89215004,0.86586124,0.11685830100112517,0.029466800391674042
12021,39627781708977240,1.4598801742731555,600,400,500,powerlaw,0.89215004,0.7304157,0.11685830100112517,0.1812860369682312
12021,39627781708977240,1.4598801742731555,400,400,100,constant,0.95369405,0.9019025,0.13002572141690377,0.05430625006556511
12021,39627781708977240,1.4598801742731555,400,400,100,powerlaw,0.95369405,0.85670334,0.13002572141690377,0.10170002281665802
12021,39627781708977240,1.4598801742731555,400,400,200,constant,0.95369405,0.86088204,0.13002572141690377,0.09731842577457428
12021,39627781708977240,1.4598801742731555,400,400,200,powerlaw,0.95369405,0.9595433,0.13002572141690377,0.006133248098194599
12021,39627781708977240,1.4598801742731555,400,400,500,constant,0.95369405,0.8400042,0.13002572141690377,0.11920997500419617
12021,39627781708977240,1.4598801742731555,400,400,500,powerlaw,0.95369405,0.83392245,0.13002572141690377,0.12558703124523163
11626,39627787765547424,1.3557217775920387,800,800,100,constant,1.1435546,0.9638818,0.03846712889750923,0.1571177989244461
11626,39627787765547424,1.3557217775920387,800,800,100,powerlaw,1.1435546,0.80095583,0.03846712889750923,0.299591064453125
11626,39627787765547424,1.3557217775920387,800,800,200,constant,1.1435546,0.92732745,0.03846712889750923,0.18908333778381348
11626,39627787765547424,1.3557217775920387,800,800,200,powerlaw,1.1435546,1.0618104,0.03846712889750923,0.07148254662752151
11626,39627787765547424,1.3557217775920387,800,800,500,constant,1.1435546,0.8322184,0.03846712889750923,0.27225300669670105
11626,39627787765547424,1.3557217775920387,800,800,500,powerlaw,1.1435546,1.0623949,0.03846712889750923,0.07097143679857254
11626,39627787765547424,1.3557217775920387,800,400,100,constant,1.1571071,0.9638818,0.046964266842126665,0.1669900119304657
11626,39627787765547424,1.3557217775920387,800,400,100,powerlaw,1.1571071,0.8471969,0.046964266842126665,0.2678319215774536
11626,39627787765547424,1.3557217775920387,800,400,200,constant,1.1571071,0.9273275,0.046964266842126665,0.19858109951019287
11626,39627787765547424,1.3557217775920387,800,400,200,powerlaw,1.1571071,1.0225881,0.046964266842126665,0.11625456064939499
11626,39627787765547424,1.3557217775920387,800,400,500,constant,1.1571071,0.8322183,0.046964266842126665,0.2807767987251282
11626,39627787765547424,1.3557217775920387,800,400,500,powerlaw,1.1571071,1.0228235,0.046964266842126665,0.11605119705200195
11626,39627787765547424,1.3557217775920387,600,400,100,constant,1.1052932,1.0822347,0.058157232722105275,0.020861808210611343
11626,39627787765547424,1.3557217775920387,600,400,100,powerlaw,1.1052932,1.3075,0.058157232722105275,0.18294408917427063
11626,39627787765547424,1.3557217775920387,600,400,200,constant,1.1052932,1.0273104,0.058157232722105275,0.07055393606424332
11626,39627787765547424,1.3557217775920387,600,400,200,powerlaw,1.1052932,1.2359992,0.058157232722105275,0.1182546615600586
11626,39627787765547424,1.3557217775920387,600,400,500,constant,1.1052932,0.9136436,0.058157232722105275,0.17339250445365906
11626,39627787765547424,1.3557217775920387,600,400,500,powerlaw,1.1052932,1.1742885,0.058157232722105275,0.062422677874565125
11626,39627787765547424,1.3557217775920387,400,400,100,constant,1.1159292,1.0229535,0.0670520746045503,0.083316870033741
11626,39627787765547424,1.3557217775920387,400,400,100,powerlaw,1.1159292,0.77720565,0.0670520746045503,0.30353501439094543
11626,39627787765547424,1.3557217775920387,400,400,200,constant,1.1159292,1.0411544,0.0670520746045503,0.06700681149959564
11626,39627787765547424,1.3557217775920387,400,400,200,powerlaw,1.1159292,1.2351744,0.0670520746045503,0.1068572849035263
11626,39627787765547424,1.3557217775920387,400,400,500,constant,1.1159292,0.95069563,0.0670520746045503,0.14806817471981049
11626,39627787765547424,1.3557217775920387,400,400,500,powerlaw,1.1159292,1.2919697,0.0670520746045503,0.15775230526924133
1663,39627847651824707,1.1588806775354,800,800,100,constant,1.0077261,0.8419624,0.04398067403119476,0.16449278593063354
1663,39627847651824707,1.1588806775354,800,800,100,powerlaw,1.0077261,0.46156174,0.04398067403119476,0.5419769883155823
1663,39627847651824707,1.1588806775354,800,800,200,constant,1.0077261,0.9850834,0.04398067403119476,0.02246907353401184
1663,39627847651824707,1.1588806775354,800,800,200,powerlaw,1.0077261,0.58496124,0.04398067403119476,0.41952356696128845
1663,39627847651824707,1.1588806775354,800,800,500,constant,1.0077261,1.031711,0.04398067403119476,0.02380102127790451
1663,39627847651824707,1.1588806775354,800,800,500,powerlaw,1.0077261,0.93643636,0.04398067403119476,0.0707431510090828
1663,39627847651824707,1.1588806775354,800,400,100,constant,1.0224842,0.84196246,0.05322948466033034,0.17655210196971893
1663,39627847651824707,1.1588806775354,800,400,100,powerlaw,1.0224842,0.55476755,0.05322948466033034,0.4574316442012787
1663,39627847651824707,1.1588806775354,800,400,200,constant,1.0224842,0.98508334,0.05322948466033034,0.036578405648469925
1663,39627847651824707,1.1588806775354,800,400,200,powerlaw,1.0224842,0.6602321,0.05322948466033034,0.35428622364997864
1663,39627847651824707,1.1588806775354,800,400,500,constant,1.0224842,1.0317111,0.05322948466033034,0.009024020284414291
1663,39627847651824707,1.1588806775354,800,400,500,powerlaw,1.0224842,0.95287997,0.05322948466033034,0.06807363778352737
1663,39627847651824707,1.1588806775354,600,400,100,constant,0.95389324,1.0330527,0.06971505905887743,0.08298563957214355
1663,39627847651824707,1.1588806775354,600,400,100,powerlaw,0.95389324,0.9238146,0.06971505905887743,0.03153251111507416
1663,39627847651824707,1.1588806775354,600,400,200,constant,0.95389324,0.94804454,0.06971505905887743,0.006131405010819435
1663,39627847651824707,1.1588806775354,600,400,200,powerlaw,0.95389324,1.039036,0.06971505905887743,0.08925819396972656
1663,39627847651824707,1.1588806775354,600,400,500,constant,0.95389324,1.0470732,0.06971505905887743,0.09768389165401459
1663,39627847651824707,1.1588806775354,600,400,500,powerlaw,0.95389324,0.95580286,0.06971505905887743,0.0020019153598695993
1663,39627847651824707,1.1588806775354,400,400,100,constant,0.97597533,1.028125,0.07807561851435042,0.053433433175086975
1663,39627847651824707,1.1588806775354,400,400,100,powerlaw,0.97597533,0.8438439,0.07807561851435042,0.13538400828838348
1663,39627847651824707,1.1588806775354,400,400,200,constant,0.97597533,1.0246462,0.07807561851435042,0.04986891150474548
1663,39627847651824707,1.1588806775354,400,400,200,powerlaw,0.97597533,0.9487972,0.07807561851435042,0.027847126126289368
1663,39627847651824707,1.1588806775354,400,400,500,constant,0.97597533,1.0285854,0.07807561851435042,0.05390515178442001
1663,39627847651824707,1.1588806775354,400,400,500,powerlaw,0.97597533,0.93748075,0.07807561851435042,0.03944217041134834
2097,39627853704200687,1.410232110592226,800,800,100,constant,1.0101329,1.1144022,0.07533388370986398,0.10322331637144089
2097,39627853704200687,1.410232110592226,800,800,100,powerlaw,1.0101329,1.121728,0.07533388370986398,0.11047559231519699
2097,39627853704200687,1.410232110592226,800,800,200,constant,1.0101329,1.0120109,0.07533388370986398,0.001859184238128364
2097,39627853704200687,1.410232110592226,800,800,200,powerlaw,1.0101329,1.4539682,0.07533388370986398,0.43938302993774414
2097,39627853704200687,1.410232110592226,800,800,500,constant,1.0101329,1.0066398,0.07533388370986398,0.003458030754700303
2097,39627853704200687,1.410232110592226,800,800,500,powerlaw,1.0101329,1.118321,0.07533388370986398,0.10710277408361435
2097,39627853704200687,1.410232110592226,800,400,100,constant,1.0375614,1.1144023,0.09030997353785745,0.07405911386013031
2097,39627853704200687,1.410232110592226,800,400,100,powerlaw,1.0375614,1.1270694,0.09030997353785745,0.08626760542392731
2097,39627853704200687,1.410232110592226,800,400,200,constant,1.0375614,1.012011,0.09030997353785745,0.024625400081276894
2097,39627853704200687,1.410232110592226,800,400,200,powerlaw,1.0375614,1.3362118,0.09030997353785745,0.28783875703811646
2097,39627853704200687,1.410232110592226,800,400,500,constant,1.0375614,1.00664,0.09030997353785745,0.029802052304148674
2097,39627853704200687,1.410232110592226,800,400,500,powerlaw,1.0375614,1.1015229,0.09030997353785745,0.0616459958255291
2097,39627853704200687,1.410232110592226,600,400,100,constant,1.0609627,1.029464,0.12093920360165825,0.029688764363527298
2097,39627853704200687,1.410232110592226,600,400,100,powerlaw,1.0609627,0.5760397,0.12093920360165825,0.45705944299697876
2097,39627853704200687,1.410232110592226,600,400,200,constant,1.0609627,1.0693828,0.12093920360165825,0.007936292327940464
2097,39627853704200687,1.410232110592226,600,400,200,powerlaw,1.0609627,0.9169606,0.12093920360165825,0.13572774827480316
2097,39627853704200687,1.410232110592226,600,400,500,constant,1.0609627,1.0300978,0.12093920360165825,0.029091348871588707
2097,39627853704200687,1.410232110592226,600,400,500,powerlaw,1.0609627,0.99485785,0.12093920360165825,0.06230645999312401
2097,39627853704200687,1.410232110592226,400,400,100,constant,0.9473842,0.94195575,0.1365963983606446,0.005729917902499437
2097,39627853704200687,1.410232110592226,400,400,100,powerlaw,0.9473842,1.9840275,0.1365963983606446,1.0942163467407227
2097,39627853704200687,1.410232110592226,400,400,200,constant,0.9473842,1.007299,0.1365963983606446,0.06324231624603271
2097,39627853704200687,1.410232110592226,400,400,200,powerlaw,0.9473842,0.8918306,0.1365963983606446,0.05863888934254646
2097,39627853704200687,1.410232110592226,400,400,500,constant,0.9473842,1.023986,0.1365963983606446,0.08085611462593079
2097,39627853704200687,1.410232110592226,400,400,500,powerlaw,0.9473842,0.9661605,0.1365963983606446,0.019819095730781555
10907,39627859693670403,1.1763457803490371,800,800,100,constant,1.0063314,1.1061227,0.0519808666180994,0.09916344285011292
10907,39627859693670403,1.1763457803490371,800,800,100,powerlaw,1.0063314,1.6384692,0.0519808666180994,0.6281605958938599
10907,39627859693670403,1.1763457803490371,800,800,200,constant,1.0063314,1.0607481,0.0519808666180994,0.05407428741455078
10907,39627859693670403,1.1763457803490371,800,800,200,powerlaw,1.0063314,1.2420824,0.0519808666180994,0.23426766693592072
10907,39627859693670403,1.1763457803490371,800,800,500,constant,1.0063314,1.1095824,0.0519808666180994,0.10260136425495148
10907,39627859693670403,1.1763457803490371,800,800,500,powerlaw,1.0063314,1.2970067,0.0519808666180994,0.2888464629650116
10907,39627859693670403,1.1763457803490371,800,400,100,constant,1.0675102,1.1061227,0.0666813063616021,0.0361705981194973
10907,39627859693670403,1.1763457803490371,800,400,100,powerlaw,1.0675102,1.4158012,0.0666813063616021,0.32626470923423767
10907,39627859693670403,1.1763457803490371,800,400,200,constant,1.0675102,1.0607482,0.0666813063616021,0.006334391422569752
10907,39627859693670403,1.1763457803490371,800,400,200,powerlaw,1.0675102,1.1993536,0.0666813063616021,0.12350544333457947
10907,39627859693670403,1.1763457803490371,800,400,500,constant,1.0675102,1.1095824,0.0666813063616021,0.03941149637103081
10907,39627859693670403,1.1763457803490371,800,400,500,powerlaw,1.0675102,1.267148,0.0666813063616021,0.18701250851154327
10907,39627859693670403,1.1763457803490371,600,400,100,constant,0.98193544,1.0902985,0.0787196781213062,0.1103566363453865
10907,39627859693670403,1.1763457803490371,600,400,100,powerlaw,0.98193544,0.9515011,0.0787196781213062,0.030994268134236336
10907,39627859693670403,1.1763457803490371,600,400,200,constant,0.98193544,1.08765,0.0787196781213062,0.10765931755304337
10907,39627859693670403,1.1763457803490371,600,400,200,powerlaw,0.98193544,1.206194,0.0787196781213062,0.22838425636291504
10907,39627859693670403,1.1763457803490371,600,400,500,constant,0.98193544,1.1506746,0.0787196781213062,0.17184340953826904
10907,39627859693670403,1.1763457803490371,600,400,500,powerlaw,0.98193544,1.0593392,0.0787196781213062,0.07882770895957947
10907,39627859693670403,1.1763457803490371,400,400,100,constant,0.9115671,1.0040218,0.08299009864772511,0.10142388194799423
10907,39627859693670403,1.1763457803490371,400,400,100,powerlaw,0.9115671,0.79043084,0.08299009864772511,0.13288791477680206
10907,39627859693670403,1.1763457803490371,400,400,200,constant,0.9115671,1.0477971,0.08299009864772511,0.14944593608379364
10907,39627859693670403,1.1763457803490371,400,400,200,powerlaw,0.9115671,0.9603812,0.08299009864772511,0.053549669682979584
10907,39627859693670403,1.1763457803490371,400,400,500,constant,0.9115671,1.1143833,0.08299009864772511,0.22249184548854828
10907,39627859693670403,1.1763457803490371,400,400,500,powerlaw,0.9115671,0.9466637,0.08299009864772511,0.038501374423503876
10376,39627859702058736,0.9599136024266572,800,800,100,constant,1.2804024,1.3185339,0.01850029351833777,0.029780851677060127
10376,39627859702058736,0.9599136024266572,800,800,100,powerlaw,1.2804024,1.5963854,0.01850029351833777,0.24678407609462738
10376,39627859702058736,0.9599136024266572,800,800,200,constant,1.2804024,1.246569,0.01850029351833777,0.026424024254083633
10376,39627859702058736,0.9599136024266572,800,800,200,powerlaw,1.2804024,1.6726182,0.01850029351833777,0.30632224678993225
10376,39627859702058736,0.9599136024266572,800,800,500,constant,1.2804024,1.1039374,0.01850029351833777,0.13781997561454773
10376,39627859702058736,0.9599136024266572,800,800,500,powerlaw,1.2804024,1.4972892,0.01850029351833777,0.1693895310163498
10376,39627859702058736,0.9599136024266572,800,400,100,constant,1.2789623,1.3185338,0.022481301104856886,0.030940337106585503
10376,39627859702058736,0.9599136024266572,800,400,100,powerlaw,1.2789623,1.4882253,0.022481301104856886,0.16361944377422333
10376,39627859702058736,0.9599136024266572,800,400,200,constant,1.2789623,1.246569,0.022481301104856886,0.025327734649181366
10376,39627859702058736,0.9599136024266572,800,400,200,powerlaw,1.2789623,1.5333301,0.022481301104856886,0.19888611137866974
10376,39627859702058736,0.9599136024266572,800,400,500,constant,1.2789623,1.1039373,0.022481301104856886,0.13684922456741333
10376,39627859702058736,0.9599136024266572,800,400,500,powerlaw,1.2789623,1.4163889,0.022481301104856886,0.1074516549706459
10376,39627859702058736,0.9599136024266572,600,400,100,constant,1.2569457,1.2980599,0.029346145136440058,0.03270961344242096
10376,39627859702058736,0.9599136024266572,600,400,100,powerlaw,1.2569457,1.2134422,0.029346145136440058,0.034610502421855927
10376,39627859702058736,0.9599136024266572,600,400,200,constant,1.2569457,1.3059435,0.029346145136440058,0.0389816015958786
10376,39627859702058736,0.9599136024266572,600,400,200,powerlaw,1.2569457,1.2908211,0.029346145136440058,0.026950523257255554
10376,39627859702058736,0.9599136024266572,600,400,500,constant,1.2569457,1.1718411,0.029346145136440058,0.06770744919776917
10376,39627859702058736,0.9599136024266572,600,400,500,powerlaw,1.2569457,1.4224312,0.029346145136440058,0.13165684044361115
10376,39627859702058736,0.9599136024266572,400,400,100,constant,1.2834237,1.3137708,0.032561855605814934,0.0236454326659441
10376,39627859702058736,0.9599136024266572,400,400,100,powerlaw,1.2834237,1.4334558,0.032561855605814934,0.11689995229244232
10376,39627859702058736,0.9599136024266572,400,400,200,constant,1.2834237,1.3063059,0.032561855605814934,0.0178290493786335
10376,39627859702058736,0.9599136024266572,400,400,200,powerlaw,1.2834237,1.2695382,0.032561855605814934,0.010819107294082642
10376,39627859702058736,0.9599136024266572,400,400,500,constant,1.2834237,1.2294232,0.032561855605814934,0.042075347155332565
10376,39627859702058736,0.9599136024266572,400,400,500,powerlaw,1.2834237,1.4778883,0.032561855605814934,0.1515202522277832
2471,39627835576422771,0.6400707610566108,800,800,100,constant,1.1995946,1.1771164,0.008747120848410532,0.01873818226158619
2471,39627835576422771,0.6400707610566108,800,800,100,powerlaw,1.1995946,1.1968219,0.008747120848410532,0.0023113549686968327
2471,39627835576422771,0.6400707610566108,800,800,200,constant,1.1995946,1.1865257,0.008747120848410532,0.010894441977143288
2471,39627835576422771,0.6400707610566108,800,800,200,powerlaw,1.1995946,1.1532174,0.008747120848410532,0.03866071254014969
2471,39627835576422771,0.6400707610566108,800,800,500,constant,1.1995946,1.1248707,0.008747120848410532,0.06229100748896599
2471,39627835576422771,0.6400707610566108,800,800,500,powerlaw,1.1995946,1.2699836,0.008747120848410532,0.058677349239587784
2471,39627835576422771,0.6400707610566108,800,400,100,constant,1.1867734,1.1771162,0.010949495058943817,0.008137411437928677
2471,39627835576422771,0.6400707610566108,800,400,100,powerlaw,1.1867734,1.1862288,0.010949495058943817,0.0004589479649439454
2471,39627835576422771,0.6400707610566108,800,400,200,constant,1.1867734,1.1865257,0.010949495058943817,0.00020873142057098448
2471,39627835576422771,0.6400707610566108,800,400,200,powerlaw,1.1867734,1.1628602,0.010949495058943817,0.02014981396496296
2471,39627835576422771,0.6400707610566108,800,400,500,constant,1.1867734,1.1248705,0.010949495058943817,0.052160657942295074
2471,39627835576422771,0.6400707610566108,800,400,500,powerlaw,1.1867734,1.2382869,0.010949495058943817,0.04340629279613495
2471,39627835576422771,0.6400707610566108,600,400,100,constant,1.2041284,1.1861088,0.013729988631371657,0.014964813366532326
2471,39627835576422771,0.6400707610566108,600,400,100,powerlaw,1.2041284,1.165842,0.013729988631371657,0.03179588541388512
2471,39627835576422771,0.6400707610566108,600,400,200,constant,1.2041284,1.1835324,0.013729988631371657,0.017104510217905045
2471,39627835576422771,0.6400707610566108,600,400,200,powerlaw,1.2041284,1.1651276,0.013729988631371657,0.03238919377326965
2471,39627835576422771,0.6400707610566108,600,400,500,constant,1.2041284,1.1474636,0.013729988631371657,0.04705879092216492
2471,39627835576422771,0.6400707610566108,600,400,500,powerlaw,1.2041284,1.2461718,0.013729988631371657,0.03491608425974846
2471,39627835576422771,0.6400707610566108,400,400,100,constant,1.2222083,1.1885197,0.014541787262672438,0.02756367065012455
2471,39627835576422771,0.6400707610566108,400,400,100,powerlaw,1.2222083,1.2192723,0.014541787262672438,0.002402213867753744
2471,39627835576422771,0.6400707610566108,400,400,200,constant,1.2222083,1.1862403,0.014541787262672438,0.02942865528166294
2471,39627835576422771,0.6400707610566108,400,400,200,powerlaw,1.2222083,1.2483513,0.014541787262672438,0.021390032023191452
2471,39627835576422771,0.6400707610566108,400,400,500,constant,1.2222083,1.179828,0.014541787262672438,0.03467511758208275
2471,39627835576422771,0.6400707610566108,400,400,500,powerlaw,1.2222083,1.2030196,0.014541787262672438,0.015699977055191994
9894,39627847635043524,0.9757643441405128,800,800,100,constant,0.89961493,0.85936964,0.057382869898956634,0.04473613575100899
9894,39627847635043524,0.9757643441405128,800,800,100,powerlaw,0.89961493,0.716101,0.057382869898956634,0.20399165153503418
9894,39627847635043524,0.9757643441405128,800,800,200,constant,0.89961493,0.8921799,0.057382869898956634,0.008264673873782158
9894,39627847635043524,0.9757643441405128,800,800,200,powerlaw,0.89961493,0.6469169,0.057382869898956634,0.28089573979377747
9894,39627847635043524,0.9757643441405128,800,800,500,constant,0.89961493,1.0019634,0.057382869898956634,0.11376917362213135
9894,39627847635043524,0.9757643441405128,800,800,500,powerlaw,0.89961493,0.7339381,0.057382869898956634,0.1841641664505005
9894,39627847635043524,0.9757643441405128,800,400,100,constant,0.92388535,0.85936964,0.06935262640175549,0.06983086466789246
9894,39627847635043524,0.9757643441405128,800,400,100,powerlaw,0.92388535,0.7391201,0.06935262640175549,0.19998717308044434
9894,39627847635043524,0.9757643441405128,800,400,200,constant,0.92388535,0.89217985,0.06935262640175549,0.03431756794452667
9894,39627847635043524,0.9757643441405128,800,400,200,powerlaw,0.92388535,0.6983632,0.06935262640175549,0.2441018968820572
9894,39627847635043524,0.9757643441405128,800,400,500,constant,0.92388535,1.0019633,0.06935262640175549,0.08451039344072342
9894,39627847635043524,0.9757643441405128,800,400,500,powerlaw,0.92388535,0.7694915,0.06935262640175549,0.16711364686489105
9894,39627847635043524,0.9757643441405128,600,400,100,constant,0.930186,0.78423613,0.09076828067341536,0.156903937458992
9894,39627847635043524,0.9757643441405128,600,400,100,powerlaw,0.930186,1.5830431,0.09076828067341536,0.7018565535545349
9894,39627847635043524,0.9757643441405128,600,400,200,constant,0.930186,0.8291665,0.09076828067341536,0.1086014062166214
9894,39627847635043524,0.9757643441405128,600,400,200,powerlaw,0.930186,0.9138858,0.09076828067341536,0.017523594200611115
9894,39627847635043524,0.9757643441405128,600,400,500,constant,0.930186,0.9145864,0.09076828067341536,0.01677035540342331
9894,39627847635043524,0.9757643441405128,600,400,500,powerlaw,0.930186,0.78894895,0.09076828067341536,0.15183739364147186
9894,39627847635043524,0.9757643441405128,400,400,100,constant,0.84693295,0.9856955,0.10217704363082147,0.16384123265743256
9894,39627847635043524,0.9757643441405128,400,400,100,powerlaw,0.84693295,0.57754594,0.10217704363082147,0.3180736005306244
9894,39627847635043524,0.9757643441405128,400,400,200,constant,0.84693295,0.88086075,0.10217704363082147,0.04005960375070572
9894,39627847635043524,0.9757643441405128,400,400,200,powerlaw,0.84693295,1.6341219,0.10217704363082147,0.9294583797454834
9894,39627847635043524,0.9757643441405128,400,400,500,constant,0.84693295,0.9398987,0.10217704363082147,0.10976757854223251
9894,39627847635043524,0.9757643441405128,400,400,500,powerlaw,0.84693295,0.77967155,0.10217704363082147,0.07941761612892151
1826,39627853700007657,1.2550536193928197,800,800,100,constant,1.0112947,1.135775,0.04538969707095788,0.1230899766087532
1826,39627853700007657,1.2550536193928197,800,800,100,powerlaw,1.0112947,1.2981037,0.04538969707095788,0.2836057245731354
1826,39627853700007657,1.2550536193928197,800,800,200,constant,1.0112947,1.0674374,0.04538969707095788,0.055515654385089874
1826,39627853700007657,1.2550536193928197,800,800,200,powerlaw,1.0112947,1.4518497,0.04538969707095788,0.4356346130371094
1826,39627853700007657,1.2550536193928197,800,800,500,constant,1.0112947,0.963993,0.04538969707095788,0.04677341505885124
1826,39627853700007657,1.2550536193928197,800,800,500,powerlaw,1.0112947,1.3259112,0.04538969707095788,0.31110262870788574
1826,39627853700007657,1.2550536193928197,800,400,100,constant,1.0448245,1.135775,0.0545732144818628,0.08704858273267746
1826,39627853700007657,1.2550536193928197,800,400,100,powerlaw,1.0448245,1.245023,0.0545732144818628,0.191609725356102
1826,39627853700007657,1.2550536193928197,800,400,200,constant,1.0448245,1.0674372,0.0545732144818628,0.021642573177814484
1826,39627853700007657,1.2550536193928197,800,400,200,powerlaw,1.0448245,1.3392549,0.0545732144818628,0.2817988991737366
1826,39627853700007657,1.2550536193928197,800,400,500,constant,1.0448245,0.96399295,0.0545732144818628,0.07736373692750931
1826,39627853700007657,1.2550536193928197,800,400,500,powerlaw,1.0448245,1.258876,0.0545732144818628,0.2048683613538742
1826,39627853700007657,1.2550536193928197,600,400,100,constant,1.1523358,1.0396599,0.07065273377813647,0.09778044372797012
1826,39627853700007657,1.2550536193928197,600,400,100,powerlaw,1.1523358,0.96144146,0.07065273377813647,0.16565857827663422
1826,39627853700007657,1.2550536193928197,600,400,200,constant,1.1523358,1.078639,0.07065273377813647,0.06395421922206879
1826,39627853700007657,1.2550536193928197,600,400,200,powerlaw,1.1523358,0.973137,0.07065273377813647,0.15550914406776428
1826,39627853700007657,1.2550536193928197,600,400,500,constant,1.1523358,0.9992098,0.07065273377813647,0.13288308680057526
1826,39627853700007657,1.2550536193928197,600,400,500,powerlaw,1.1523358,1.1492156,0.07065273377813647,0.002707703737542033
1826,39627853700007657,1.2550536193928197,400,400,100,constant,0.93604565,1.0824345,0.08175470499533029,0.15639075636863708
1826,39627853700007657,1.2550536193928197,400,400,100,powerlaw,0.93604565,1.3947843,0.08175470499533029,0.4900815188884735
1826,39627853700007657,1.2550536193928197,400,400,200,constant,0.93604565,1.0701054,0.08175470499533029,0.14321927726268768
1826,39627853700007657,1.2550536193928197,400,400,200,powerlaw,0.93604565,1.2910376,0.08175470499533029,0.37924638390541077
1826,39627853700007657,1.2550536193928197,400,400,500,constant,0.93604565,1.0524086,0.08175470499533029,0.12431330978870392
1826,39627853700007657,1.2550536193928197,400,400,500,powerlaw,0.93604565,1.151593,0.08175470499533029,0.23027436435222626
3130,39627829519843699,1.2994269579472322,800,800,100,constant,1.0684936,0.959621,0.06093147992738863,0.10189353674650192
3130,39627829519843699,1.2994269579472322,800,800,100,powerlaw,1.0684936,6.2869954,0.06093147992738863,4.883980751037598
3130,39627829519843699,1.2994269579472322,800,800,200,constant,1.0684936,0.9568667,0.06093147992738863,0.10447130352258682
3130,39627829519843699,1.2994269579472322,800,800,200,powerlaw,1.0684936,0.92332363,0.06093147992738863,0.13586415350437164
3130,39627829519843699,1.2994269579472322,800,800,500,constant,1.0684936,0.9054332,0.06093147992738863,0.1526077687740326
3130,39627829519843699,1.2994269579472322,800,800,500,powerlaw,1.0684936,0.9698684,0.06093147992738863,0.09230301529169083
3130,39627829519843699,1.2994269579472322,800,400,100,constant,1.1818717,0.95962113,0.07447665481958553,0.18804962933063507
3130,39627829519843699,1.2994269579472322,800,400,100,powerlaw,1.1818717,2.8160841,0.07447665481958553,1.382732629776001
3130,39627829519843699,1.2994269579472322,800,400,200,constant,1.1818717,0.9568668,0.07447665481958553,0.19038011133670807
3130,39627829519843699,1.2994269579472322,800,400,200,powerlaw,1.1818717,0.93694085,0.07447665481958553,0.2072397619485855
3130,39627829519843699,1.2994269579472322,800,400,500,constant,1.1818717,0.90543336,0.07447665481958553,0.23389874398708344
3130,39627829519843699,1.2994269579472322,800,400,500,powerlaw,1.1818717,0.95967996,0.07447665481958553,0.18799984455108643
3130,39627829519843699,1.2994269579472322,600,400,100,constant,1.1034877,1.2010695,0.08937560349614478,0.08843029290437698
3130,39627829519843699,1.2994269579472322,600,400,100,powerlaw,1.1034877,1.3517131,0.08937560349614478,0.22494615614414215
3130,39627829519843699,1.2994269579472322,600,400,200,constant,1.1034877,1.0393981,0.08937560349614478,0.058079175651073456
3130,39627829519843699,1.2994269579472322,600,400,200,powerlaw,1.1034877,1.7274791,0.08937560349614478,0.5654719471931458
3130,39627829519843699,1.2994269579472322,600,400,500,constant,1.1034877,0.9264244,0.08937560349614478,0.16045792400836945
3130,39627829519843699,1.2994269579472322,600,400,500,powerlaw,1.1034877,1.1838984,0.08937560349614478,0.07286960631608963
3130,39627829519843699,1.2994269579472322,400,400,100,constant,0.83899325,1.2131387,0.105961281485089,0.44594570994377136
3130,39627829519843699,1.2994269579472322,400,400,100,powerlaw,0.83899325,0.9410922,0.105961281485089,0.12169221043586731
3130,39627829519843699,1.2994269579472322,400,400,200,constant,0.83899325,1.1913205,0.105961281485089,0.4199405610561371
3130,39627829519843699,1.2994269579472322,400,400,200,powerlaw,0.83899325,1.379777,0.105961281485089,0.6445626616477966
3130,39627829519843699,1.2994269579472322,400,400,500,constant,0.83899325,0.9920068,0.105961281485089,0.18237754702568054
3130,39627829519843699,1.2994269579472322,400,400,500,powerlaw,0.83899325,1.4099588,0.105961281485089,0.6805365681648254
7211,39627829519847569,1.0293090982372708,800,800,100,constant,1.0550082,1.0524518,0.015529240488941857,0.002423037076368928
7211,39627829519847569,1.0293090982372708,800,800,100,powerlaw,1.0550082,1.1104995,0.015529240488941857,0.0525980070233345
7211,39627829519847569,1.0293090982372708,800,800,200,constant,1.0550082,1.0426966,0.015529240488941857,0.011669651605188847
7211,39627829519847569,1.0293090982372708,800,800,200,powerlaw,1.0550082,1.068496,0.015529240488941857,0.012784560211002827
7211,39627829519847569,1.0293090982372708,800,800,500,constant,1.0550082,1.0389374,0.015529240488941857,0.015232794918119907
7211,39627829519847569,1.0293090982372708,800,800,500,powerlaw,1.0550082,1.0657806,0.015529240488941857,0.010210789740085602
7211,39627829519847569,1.0293090982372708,800,400,100,constant,1.0770605,1.0524517,0.01900845412186056,0.02284804917871952
7211,39627829519847569,1.0293090982372708,800,400,100,powerlaw,1.0770605,1.0935524,0.01900845412186056,0.015311944298446178
7211,39627829519847569,1.0293090982372708,800,400,200,constant,1.0770605,1.0426965,0.01900845412186056,0.03190534561872482
7211,39627829519847569,1.0293090982372708,800,400,200,powerlaw,1.0770605,1.0637925,0.01900845412186056,0.012318708933889866
7211,39627829519847569,1.0293090982372708,800,400,500,constant,1.0770605,1.0389374,0.01900845412186056,0.03539542481303215
7211,39627829519847569,1.0293090982372708,800,400,500,powerlaw,1.0770605,1.062644,0.01900845412186056,0.013385001569986343
7211,39627829519847569,1.0293090982372708,600,400,100,constant,1.0148681,1.1031101,0.023269032982007352,0.08694916218519211
7211,39627829519847569,1.0293090982372708,600,400,100,powerlaw,1.0148681,1.0924752,0.023269032982007352,0.07647006958723068
7211,39627829519847569,1.0293090982372708,600,400,200,constant,1.0148681,1.0781056,0.023269032982007352,0.06231097877025604
7211,39627829519847569,1.0293090982372708,600,400,200,powerlaw,1.0148681,1.168261,0.023269032982007352,0.15114565193653107
7211,39627829519847569,1.0293090982372708,600,400,500,constant,1.0148681,1.0541099,0.023269032982007352,0.03866688534617424
7211,39627829519847569,1.0293090982372708,600,400,500,powerlaw,1.0148681,1.0969658,0.023269032982007352,0.08089489489793777
7211,39627829519847569,1.0293090982372708,400,400,100,constant,1.0107514,1.01418,0.026928353125198895,0.0033921084832400084
7211,39627829519847569,1.0293090982372708,400,400,100,powerlaw,1.0107514,0.882593,0.026928353125198895,0.12679517269134521
7211,39627829519847569,1.0293090982372708,400,400,200,constant,1.0107514,1.0560547,0.026928353125198895,0.04482145234942436
7211,39627829519847569,1.0293090982372708,400,400,200,powerlaw,1.0107514,0.9133901,0.026928353125198895,0.09632563591003418
7211,39627829519847569,1.0293090982372708,400,400,500,constant,1.0107514,1.045247,0.026928353125198895,0.03412866219878197
7211,39627829519847569,1.0293090982372708,400,400,500,powerlaw,1.0107514,1.0630966,0.026928353125198895,0.05178847908973694
9142,39627847643434315,0.7286483659648816,800,800,100,constant,1.2090867,1.0761162,0.012243075494843212,0.10997594892978668
9142,39627847643434315,0.7286483659648816,800,800,100,powerlaw,1.2090867,1.2144461,0.012243075494843212,0.004432611167430878
9142,39627847643434315,0.7286483659648816,800,800,200,constant,1.2090867,1.0866362,0.012243075494843212,0.10127518326044083
9142,39627847643434315,0.7286483659648816,800,800,200,powerlaw,1.2090867,1.0696492,0.012243075494843212,0.11532460153102875
9142,39627847643434315,0.7286483659648816,800,800,500,constant,1.2090867,1.1562366,0.012243075494843212,0.04371068626642227
9142,39627847643434315,0.7286483659648816,800,800,500,powerlaw,1.2090867,1.0332989,0.012243075494843212,0.1453889161348343
9142,39627847643434315,0.7286483659648816,800,400,100,constant,1.2079487,1.0761162,0.0150121116076731,0.10913748294115067
9142,39627847643434315,0.7286483659648816,800,400,100,powerlaw,1.2079487,1.1638403,0.0150121116076731,0.036515120416879654
9142,39627847643434315,0.7286483659648816,800,400,200,constant,1.2079487,1.0866362,0.0150121116076731,0.1004285216331482
9142,39627847643434315,0.7286483659648816,800,400,200,powerlaw,1.2079487,1.0774573,0.0150121116076731,0.10802724957466125
9142,39627847643434315,0.7286483659648816,800,400,500,constant,1.2079487,1.1562369,0.0150121116076731,0.04280959814786911
9142,39627847643434315,0.7286483659648816,800,400,500,powerlaw,1.2079487,1.0552772,0.0150121116076731,0.1263890266418457
9142,39627847643434315,0.7286483659648816,600,400,100,constant,1.229201,1.2135289,0.019258380524885287,0.012749817222356796
9142,39627847643434315,0.7286483659648816,600,400,100,powerlaw,1.229201,1.2940083,0.019258380524885287,0.05272310972213745
9142,39627847643434315,0.7286483659648816,600,400,200,constant,1.229201,1.1480327,0.019258380524885287,0.06603337824344635
9142,39627847643434315,0.7286483659648816,600,400,200,powerlaw,1.229201,1.3919938,0.019258380524885287,0.13243789970874786
9142,39627847643434315,0.7286483659648816,600,400,500,constant,1.229201,1.1514816,0.019258380524885287,0.06322751939296722
9142,39627847643434315,0.7286483659648816,600,400,500,powerlaw,1.229201,1.1434714,0.019258380524885287,0.06974416971206665
9142,39627847643434315,0.7286483659648816,400,400,100,constant,1.211347,1.2470127,0.02115648031833849,0.029443049803376198
9142,39627847643434315,0.7286483659648816,400,400,100,powerlaw,1.211347,1.3677168,0.02115648031833849,0.12908753752708435
9142,39627847643434315,0.7286483659648816,400,400,200,constant,1.211347,1.227608,0.02115648031833849,0.01342388428747654
9142,39627847643434315,0.7286483659648816,400,400,200,powerlaw,1.211347,1.3434882,0.02115648031833849,0.10908619314432144
9142,39627847643434315,0.7286483659648816,400,400,500,constant,1.211347,1.1599759,0.02115648031833849,0.04240824282169342
9142,39627847643434315,0.7286483659648816,400,400,500,powerlaw,1.211347,1.2603765,0.02115648031833849,0.040475163608789444
6834,39627823467466984,1.139020693558488,800,800,100,constant,1.1987667,1.8029426,0.36910388998073485,0.5039979219436646
6834,39627823467466984,1.139020693558488,800,800,100,powerlaw,1.1987667,1.1096112,0.36910388998073485,0.07437273114919662
6834,39627823467466984,1.139020693558488,800,800,200,constant,1.1987667,0.9366304,0.36910388998073485,0.21867163479328156
6834,39627823467466984,1.139020693558488,800,800,200,powerlaw,1.1987667,6.3815513,0.36910388998073485,4.32343053817749
6834,39627823467466984,1.139020693558488,800,800,500,constant,1.1987667,0.8972841,0.36910388998073485,0.25149399042129517
6834,39627823467466984,1.139020693558488,800,800,500,powerlaw,1.1987667,2.5782387,0.36910388998073485,1.1507426500320435
6834,39627823467466984,1.139020693558488,800,400,100,constant,1.1487118,1.8029425,0.4446595841257417,
6834,39627823467466984,1.139020693558488,800,400,100,powerlaw,1.1487118,1.2534024,0.4446595841257417,
6834,39627823467466984,1.139020693558488,800,400,200,constant,1.1487118,0.9366304,0.4446595841257417,
6834,39627823467466984,1.139020693558488,800,400,200,powerlaw,1.1487118,3.6984937,0.4446595841257417,
6834,39627823467466984,1.139020693558488,800,400,500,constant,1.1487118,0.89728403,0.4446595841257417,
6834,39627823467466984,1.139020693558488,800,400,500,powerlaw,1.1487118,2.198505,0.4446595841257417,
6834,39627823467466984,1.139020693558488,600,400,100,constant,2.1864223,0.7443096,0.5543774402221607,0.6595764756202698
6834,39627823467466984,1.139020693558488,600,400,100,powerlaw,2.1864223,0.08066513,0.5543774402221607,0.9631063342094421
6834,39627823467466984,1.139020693558488,600,400,200,constant,2.1864223,1.3155929,0.5543774402221607,0.39828968048095703
6834,39627823467466984,1.139020693558488,600,400,200,powerlaw,2.1864223,0.42760816,0.5543774402221607,0.8044256567955017
6834,39627823467466984,1.139020693558488,600,400,500,constant,2.1864223,0.97034234,0.5543774402221607,0.5561962723731995
6834,39627823467466984,1.139020693558488,600,400,500,powerlaw,2.1864223,0.7972288,0.5543774402221607,0.6353729367256165
6834,39627823467466984,1.139020693558488,400,400,100,constant,1.3096787,1.228659,0.6619017979788969,
6834,39627823467466984,1.139020693558488,400,400,100,powerlaw,1.3096787,0.9378113,0.6619017979788969,
6834,39627823467466984,1.139020693558488,400,400,200,constant,1.3096787,1.0687145,0.6619017979788969,
6834,39627823467466984,1.139020693558488,400,400,200,powerlaw,1.3096787,1.3809955,0.6619017979788969,
6834,39627823467466984,1.139020693558488,400,400,500,constant,1.3096787,0.95313907,0.6619017979788969,
6834,39627823467466984,1.139020693558488,400,400,500,powerlaw,1.3096787,1.37553,0.6619017979788969,
7090,39627835572226413,0.8998836003495644,800,800,100,constant,0.9993819,0.9427663,0.016812990091086406,0.05665060505270958
7090,39627835572226413,0.8998836003495644,800,800,100,powerlaw,0.9993819,0.7509231,0.016812990091086406,0.24861246347427368
7090,39627835572226413,0.8998836003495644,800,800,200,constant,0.9993819,0.97176296,0.016812990091086406,0.027636026963591576
7090,39627835572226413,0.8998836003495644,800,800,200,powerlaw,0.9993819,0.762334,0.016812990091086406,0.23719452321529388
7090,39627835572226413,0.8998836003495644,800,800,500,constant,0.9993819,0.9882904,0.016812990091086406,0.011098330840468407
7090,39627835572226413,0.8998836003495644,800,800,500,powerlaw,0.9993819,0.90983903,0.016812990091086406,0.08959824591875076
7090,39627835572226413,0.8998836003495644,800,400,100,constant,1.0364852,0.9427665,0.020552611308270057,0.0904197245836258
7090,39627835572226413,0.8998836003495644,800,400,100,powerlaw,1.0364852,0.80586386,0.020552611308270057,0.22250325977802277
7090,39627835572226413,0.8998836003495644,800,400,200,constant,1.0364852,0.9717632,0.020552611308270057,0.06244372949004173
7090,39627835572226413,0.8998836003495644,800,400,200,powerlaw,1.0364852,0.8127013,0.020552611308270057,0.2159065157175064
7090,39627835572226413,0.8998836003495644,800,400,500,constant,1.0364852,0.9882906,0.020552611308270057,0.046498093754053116
7090,39627835572226413,0.8998836003495644,800,400,500,powerlaw,1.0364852,0.922138,0.020552611308270057,0.11032209545373917
7090,39627835572226413,0.8998836003495644,600,400,100,constant,1.1170092,0.97850263,0.0269074158981452,0.12399766594171524
7090,39627835572226413,0.8998836003495644,600,400,100,powerlaw,1.1170092,1.4242,0.0269074158981452,0.27501198649406433
7090,39627835572226413,0.8998836003495644,600,400,200,constant,1.1170092,0.9704162,0.0269074158981452,0.13123704493045807
7090,39627835572226413,0.8998836003495644,600,400,200,powerlaw,1.1170092,1.0879292,0.0269074158981452,0.026033729314804077
7090,39627835572226413,0.8998836003495644,600,400,500,constant,1.1170092,0.9809246,0.0269074158981452,0.12182939797639847
7090,39627835572226413,0.8998836003495644,600,400,500,powerlaw,1.1170092,0.98597574,0.0269074158981452,0.1173073798418045
7090,39627835572226413,0.8998836003495644,400,400,100,constant,0.92432296,1.0290887,0.029232249584162113,0.1133432537317276
7090,39627835572226413,0.8998836003495644,400,400,100,powerlaw,0.92432296,0.4897743,0.029232249584162113,0.4701264500617981
7090,39627835572226413,0.8998836003495644,400,400,200,constant,0.92432296,0.99841833,0.029232249584162113,0.08016177266836166
7090,39627835572226413,0.8998836003495644,400,400,200,powerlaw,0.92432296,1.218292,0.029232249584162113,0.31803715229034424
7090,39627835572226413,0.8998836003495644,400,400,500,constant,0.92432296,0.98214936,0.029232249584162113,0.06256081908941269
7090,39627835572226413,0.8998836003495644,400,400,500,powerlaw,0.92432296,1.0576049,0.029232249584162113,0.1441941261291504
3767,39627811387871266,0.9522972578171304,800,800,100,constant,1.3108444,1.2623433,0.013564346638760582,0.036999914795160294
3767,39627811387871266,0.9522972578171304,800,800,100,powerlaw,1.3108444,1.8338825,0.013564346638760582,0.39900848269462585
3767,39627811387871266,0.9522972578171304,800,800,200,constant,1.3108444,1.2380449,0.013564346638760582,0.055536385625600815
3767,39627811387871266,0.9522972578171304,800,800,200,powerlaw,1.3108444,1.4233373,0.013564346638760582,0.08581714332103729
3767,39627811387871266,0.9522972578171304,800,800,500,constant,1.3108444,1.1024245,0.013564346638760582,0.15899668633937836
3767,39627811387871266,0.9522972578171304,800,800,500,powerlaw,1.3108444,1.4584959,0.013564346638760582,0.11263841390609741
3767,39627811387871266,0.9522972578171304,800,400,100,constant,1.3461114,1.2623432,0.017173246203801753,0.06222980469465256
3767,39627811387871266,0.9522972578171304,800,400,100,powerlaw,1.3461114,1.5855309,0.017173246203801753,0.1778600662946701
3767,39627811387871266,0.9522972578171304,800,400,200,constant,1.3461114,1.2380449,0.017173246203801753,0.08028054237365723
3767,39627811387871266,0.9522972578171304,800,400,200,powerlaw,1.3461114,1.3659229,0.017173246203801753,0.01471758633852005
3767,39627811387871266,0.9522972578171304,800,400,500,constant,1.3461114,1.1024245,0.017173246203801753,0.1810302734375
3767,39627811387871266,0.9522972578171304,800,400,500,powerlaw,1.3461114,1.3822645,0.017173246203801753,0.026857418939471245
3767,39627811387871266,0.9522972578171304,600,400,100,constant,1.3112911,1.3337785,0.02074259977107293,0.017149053514003754
3767,39627811387871266,0.9522972578171304,600,400,100,powerlaw,1.3112911,1.4030875,0.02074259977107293,0.07000458985567093
3767,39627811387871266,0.9522972578171304,600,400,200,constant,1.3112911,1.2941877,0.02074259977107293,0.01304320152848959
3767,39627811387871266,0.9522972578171304,600,400,200,powerlaw,1.3112911,1.4752991,0.02074259977107293,0.12507370114326477
3767,39627811387871266,0.9522972578171304,600,400,500,constant,1.3112911,1.1666733,0.02074259977107293,0.11028657108545303
3767,39627811387871266,0.9522972578171304,600,400,500,powerlaw,1.3112911,1.4904804,0.02074259977107293,0.13665106892585754
3767,39627811387871266,0.9522972578171304,400,400,100,constant,1.2523491,1.3824917,0.02211713919554083,0.10391876101493835
3767,39627811387871266,0.9522972578171304,400,400,100,powerlaw,1.2523491,1.386825,0.02211713919554083,0.10737886279821396
3767,39627811387871266,0.9522972578171304,400,400,200,constant,1.2523491,1.3550783,0.02211713919554083,0.08202920109033585
3767,39627811387871266,0.9522972578171304,400,400,200,powerlaw,1.2523491,1.4597912,0.02211713919554083,0.16564233601093292
3767,39627811387871266,0.9522972578171304,400,400,500,constant,1.2523491,1.247628,0.02211713919554083,0.003769847098737955
3767,39627811387871266,0.9522972578171304,400,400,500,powerlaw,1.2523491,1.529402,0.02211713919554083,0.2212265431880951
11805,39627799840949403,0.6413339138962116,800,800,100,constant,1.1902447,1.152535,0.01001521433861351,0.031682319939136505
11805,39627799840949403,0.6413339138962116,800,800,100,powerlaw,1.1902447,1.4325032,0.01001521433861351,0.2035367637872696
11805,39627799840949403,0.6413339138962116,800,800,200,constant,1.1902447,1.1537032,0.01001521433861351,0.030700799077749252
11805,39627799840949403,0.6413339138962116,800,800,200,powerlaw,1.1902447,1.1238381,0.01001521433861351,0.05579239875078201
11805,39627799840949403,0.6413339138962116,800,800,500,constant,1.1902447,1.1099374,0.01001521433861351,0.0674712061882019
11805,39627799840949403,0.6413339138962116,800,800,500,powerlaw,1.1902447,1.2317604,0.01001521433861351,0.034879978746175766
11805,39627799840949403,0.6413339138962116,800,400,100,constant,1.1967944,1.152535,0.012282452455057285,0.036981649696826935
11805,39627799840949403,0.6413339138962116,800,400,100,powerlaw,1.1967944,1.3211042,0.012282452455057285,0.10386895388364792
11805,39627799840949403,0.6413339138962116,800,400,200,constant,1.1967944,1.1537031,0.012282452455057285,0.036005597561597824
11805,39627799840949403,0.6413339138962116,800,400,200,powerlaw,1.1967944,1.1348106,0.012282452455057285,0.051791537553071976
11805,39627799840949403,0.6413339138962116,800,400,500,constant,1.1967944,1.1099373,0.012282452455057285,0.07257477194070816
11805,39627799840949403,0.6413339138962116,800,400,500,powerlaw,1.1967944,1.2078365,0.012282452455057285,0.009226411581039429
11805,39627799840949403,0.6413339138962116,600,400,100,constant,1.212484,1.1888503,0.015448899341527125,0.019491983577609062
11805,39627799840949403,0.6413339138962116,600,400,100,powerlaw,1.212484,1.115971,0.015448899341527125,0.07959942519664764
11805,39627799840949403,0.6413339138962116,600,400,200,constant,1.212484,1.1795,0.015448899341527125,0.027203673496842384
11805,39627799840949403,0.6413339138962116,600,400,200,powerlaw,1.212484,1.2020273,0.015448899341527125,0.008624181151390076
11805,39627799840949403,0.6413339138962116,600,400,500,constant,1.212484,1.1388656,0.015448899341527125,0.06071701645851135
11805,39627799840949403,0.6413339138962116,600,400,500,powerlaw,1.212484,1.2482053,0.015448899341527125,0.02946125715970993
11805,39627799840949403,0.6413339138962116,400,400,100,constant,1.1772493,1.169987,0.017300833650870668,0.006168913561850786
11805,39627799840949403,0.6413339138962116,400,400,100,powerlaw,1.1772493,1.109576,0.017300833650870668,0.057484276592731476
11805,39627799840949403,0.6413339138962116,400,400,200,constant,1.1772493,1.1782873,0.017300833650870668,0.0008816783665679395
11805,39627799840949403,0.6413339138962116,400,400,200,powerlaw,1.1772493,1.198893,0.017300833650870668,0.01838492415845394
11805,39627799840949403,0.6413339138962116,400,400,500,constant,1.1772493,1.1694347,0.017300833650870668,0.0066380552016198635
11805,39627799840949403,0.6413339138962116,400,400,500,powerlaw,1.1772493,1.2190769,0.017300833650870668,0.035529907792806625
10207,39627859710443904,0.2101609717681302,800,800,100,constant,0.6048705,0.5961914,0.02238256621006753,0.014348678290843964
10207,39627859710443904,0.2101609717681302,800,800,100,powerlaw,0.6048705,0.38287604,0.02238256621006753,0.36701154708862305
10207,39627859710443904,0.2101609717681302,800,800,200,constant,0.6048705,0.66206485,0.02238256621006753,0.09455636143684387
10207,39627859710443904,0.2101609717681302,800,800,200,powerlaw,0.6048705,0.4363589,0.02238256621006753,0.27859121561050415
10207,39627859710443904,0.2101609717681302,800,800,500,constant,0.6048705,0.71971637,0.02238256621006753,0.1898685246706009
10207,39627859710443904,0.2101609717681302,800,800,500,powerlaw,0.6048705,0.5903877,0.02238256621006753,0.02394363097846508
10207,39627859710443904,0.2101609717681302,800,400,100,constant,0.63222647,0.59619147,0.027237649406966425,0.05699698254466057
10207,39627859710443904,0.2101609717681302,800,400,100,powerlaw,0.63222647,0.44316524,0.027237649406966425,0.2990403473377228
10207,39627859710443904,0.2101609717681302,800,400,200,constant,0.63222647,0.66206485,0.027237649406966425,0.04719572141766548
10207,39627859710443904,0.2101609717681302,800,400,200,powerlaw,0.63222647,0.49038762,0.027237649406966425,0.22434817254543304
10207,39627859710443904,0.2101609717681302,800,400,500,constant,0.63222647,0.71971655,0.027237649406966425,0.13838408887386322
10207,39627859710443904,0.2101609717681302,800,400,500,powerlaw,0.63222647,0.6179828,0.027237649406966425,0.022529367357492447
10207,39627859710443904,0.2101609717681302,600,400,100,constant,0.5299458,0.6811995,0.035091630040863526,0.285413533449173
10207,39627859710443904,0.2101609717681302,600,400,100,powerlaw,0.5299458,0.4322066,0.035091630040863526,0.18443243205547333
10207,39627859710443904,0.2101609717681302,600,400,200,constant,0.5299458,0.68372613,0.035091630040863526,0.2901812791824341
10207,39627859710443904,0.2101609717681302,600,400,200,powerlaw,0.5299458,0.6956087,0.035091630040863526,0.3126034438610077
10207,39627859710443904,0.2101609717681302,600,400,500,constant,0.5299458,0.69806397,0.035091630040863526,0.3172365725040436
10207,39627859710443904,0.2101609717681302,600,400,500,powerlaw,0.5299458,0.6041605,0.035091630040863526,0.14004205167293549
10207,39627859710443904,0.2101609717681302,400,400,100,constant,0.5479833,0.390988,0.03927822761398727,0.28649649024009705
10207,39627859710443904,0.2101609717681302,400,400,100,powerlaw,0.5479833,0.67354673,0.03927822761398727,0.2291373610496521
10207,39627859710443904,0.2101609717681302,400,400,200,constant,0.5479833,0.4698175,0.03927822761398727,0.14264267683029175
10207,39627859710443904,0.2101609717681302,400,400,200,powerlaw,0.5479833,0.25902534,0.03927822761398727,0.5273116230964661
10207,39627859710443904,0.2101609717681302,400,400,500,constant,0.5479833,0.5953373,0.03927822761398727,0.08641501516103745
10207,39627859710443904,0.2101609717681302,400,400,500,powerlaw,0.5479833,0.44829562,0.03927822761398727,0.18191733956336975
8367,39627829532430364,0.6943668100425632,800,800,100,constant,0.92231125,0.9226788,0.022467996401708098,0.0003985442453995347
8367,39627829532430364,0.6943668100425632,800,800,100,powerlaw,0.92231125,1.031742,0.022467996401708098,0.11864837259054184
8367,39627829532430364,0.6943668100425632,800,800,200,constant,0.92231125,0.93617594,0.022467996401708098,0.015032556839287281
8367,39627829532430364,0.6943668100425632,800,800,200,powerlaw,0.92231125,0.99988216,0.022467996401708098,0.08410492539405823
8367,39627829532430364,0.6943668100425632,800,800,500,constant,0.92231125,1.3041934,0.022467996401708098,0.41404908895492554
8367,39627829532430364,0.6943668100425632,800,800,500,powerlaw,0.92231125,0.8242356,0.022467996401708098,0.1063368022441864
8367,39627829532430364,0.6943668100425632,800,400,100,constant,0.9262142,0.9226788,0.026838602379079896,0.0038170325569808483
8367,39627829532430364,0.6943668100425632,800,400,100,powerlaw,0.9262142,0.9949355,0.026838602379079896,0.07419589906930923
8367,39627829532430364,0.6943668100425632,800,400,200,constant,0.9262142,0.9361758,0.026838602379079896,0.010755185037851334
8367,39627829532430364,0.6943668100425632,800,400,200,powerlaw,0.9262142,0.9823931,0.026838602379079896,0.06065429374575615
8367,39627829532430364,0.6943668100425632,800,400,500,constant,0.9262142,1.3041934,0.026838602379079896,0.4080904424190521
8367,39627829532430364,0.6943668100425632,800,400,500,powerlaw,0.9262142,0.85161144,0.026838602379079896,0.08054592460393906
8367,39627829532430364,0.6943668100425632,600,400,100,constant,0.89066714,0.9728427,0.034509114581608276,0.09226292371749878
8367,39627829532430364,0.6943668100425632,600,400,100,powerlaw,0.89066714,0.7310487,0.034509114581608276,0.17921222746372223
8367,39627829532430364,0.6943668100425632,600,400,200,constant,0.89066714,0.9475878,0.034509114581608276,0.06390787661075592
8367,39627829532430364,0.6943668100425632,600,400,200,powerlaw,0.89066714,1.0147104,0.034509114581608276,0.13927008211612701
8367,39627829532430364,0.6943668100425632,600,400,500,constant,0.89066714,1.2671632,0.034509114581608276,0.4227123558521271
8367,39627829532430364,0.6943668100425632,600,400,500,powerlaw,0.89066714,0.88527256,0.034509114581608276,0.006056783255189657
8367,39627829532430364,0.6943668100425632,400,400,100,constant,0.9131684,0.8930113,0.041077201338009524,0.02207380346953869
8367,39627829532430364,0.6943668100425632,400,400,100,powerlaw,0.9131684,0.6881202,0.041077201338009524,0.2464476376771927
8367,39627829532430364,0.6943668100425632,400,400,200,constant,0.9131684,0.91851866,0.041077201338009524,0.005859042052179575
8367,39627829532430364,0.6943668100425632,400,400,200,powerlaw,0.9131684,0.7078018,0.041077201338009524,0.22489450871944427
8367,39627829532430364,0.6943668100425632,400,400,500,constant,0.9131684,0.926234,0.041077201338009524,0.014308025129139423
8367,39627829532430364,0.6943668100425632,400,400,500,powerlaw,0.9131684,0.9483568,0.041077201338009524,0.03853444382548332
10027,39627841595250158,1.0312265519822086,800,800,100,constant,0.9087143,0.9647758,0.04255179476232331,0.0616932138800621
10027,39627841595250158,1.0312265519822086,800,800,100,powerlaw,0.9087143,1.8274851,0.04255179476232331,1.0110666751861572
10027,39627841595250158,1.0312265519822086,800,800,200,constant,0.9087143,0.942845,0.04255179476232331,0.03755932301282883
10027,39627841595250158,1.0312265519822086,800,800,200,powerlaw,0.9087143,1.0132024,0.04255179476232331,0.11498458683490753
10027,39627841595250158,1.0312265519822086,800,800,500,constant,0.9087143,0.98863876,0.04255179476232331,0.0879533439874649
10027,39627841595250158,1.0312265519822086,800,800,500,powerlaw,0.9087143,0.82667524,0.04255179476232331,0.09028036147356033
10027,39627841595250158,1.0312265519822086,800,400,100,constant,0.88886356,0.96477586,0.05157709915494491,0.08540377020835876
10027,39627841595250158,1.0312265519822086,800,400,100,powerlaw,0.88886356,1.4344515,0.05157709915494491,0.6138038635253906
10027,39627841595250158,1.0312265519822086,800,400,200,constant,0.88886356,0.9428451,0.05157709915494491,0.060730963945388794
10027,39627841595250158,1.0312265519822086,800,400,200,powerlaw,0.88886356,0.99318916,0.05157709915494491,0.1173696368932724
10027,39627841595250158,1.0312265519822086,800,400,500,constant,0.88886356,0.9886387,0.05157709915494491,0.11225022375583649
10027,39627841595250158,1.0312265519822086,800,400,500,powerlaw,0.88886356,0.8498799,0.05157709915494491,0.04385784640908241
10027,39627841595250158,1.0312265519822086,600,400,100,constant,0.85165113,0.94548565,0.06524156200208225,0.11017952859401703
10027,39627841595250158,1.0312265519822086,600,400,100,powerlaw,0.85165113,0.57292414,0.06524156200208225,0.32727837562561035
10027,39627841595250158,1.0312265519822086,600,400,200,constant,0.85165113,0.93663627,0.06524156200208225,0.09978867322206497
10027,39627841595250158,1.0312265519822086,600,400,200,powerlaw,0.85165113,0.8869488,0.06524156200208225,0.04144618660211563
10027,39627841595250158,1.0312265519822086,600,400,500,constant,0.85165113,0.9427865,0.06524156200208225,0.10701023042201996
10027,39627841595250158,1.0312265519822086,600,400,500,powerlaw,0.85165113,0.86245793,0.06524156200208225,0.012689231894910336
10027,39627841595250158,1.0312265519822086,400,400,100,constant,0.9510229,0.8997569,0.07529782400660424,0.05390617996454239
10027,39627841595250158,1.0312265519822086,400,400,100,powerlaw,0.9510229,0.7215583,0.07529782400660424,0.2412819266319275
10027,39627841595250158,1.0312265519822086,400,400,200,constant,0.9510229,0.91732603,0.07529782400660424,0.03543225675821304
10027,39627841595250158,1.0312265519822086,400,400,200,powerlaw,0.9510229,0.70823383,0.07529782400660424,0.2552925646305084
10027,39627841595250158,1.0312265519822086,400,400,500,constant,0.9510229,0.9109165,0.07529782400660424,0.042171869426965714
10027,39627841595250158,1.0312265519822086,400,400,500,powerlaw,0.9510229,0.90816474,0.07529782400660424,0.04506535083055496
1198,39627853704204602,1.2600984834443136,800,800,100,constant,0.95256656,1.0629469,0.08918639891423365,0.11587678641080856
1198,39627853704204602,1.2600984834443136,800,800,100,powerlaw,0.95256656,1.9954591,0.08918639891423365,1.0948237180709839
1198,39627853704204602,1.2600984834443136,800,800,200,constant,0.95256656,1.0242252,0.08918639891423365,0.07522694021463394
1198,39627853704204602,1.2600984834443136,800,800,200,powerlaw,0.95256656,1.4732714,0.08918639891423365,0.5466334819793701
1198,39627853704204602,1.2600984834443136,800,800,500,constant,0.95256656,0.9622939,0.08918639891423365,0.010211736895143986
1198,39627853704204602,1.2600984834443136,800,800,500,powerlaw,0.95256656,1.182602,0.08918639891423365,0.2414902001619339
1198,39627853704204602,1.2600984834443136,800,400,100,constant,1.0642856,1.0629468,0.10773640762155948,0.0012579701142385602
1198,39627853704204602,1.2600984834443136,800,400,100,powerlaw,1.0642856,1.5671808,0.10773640762155948,0.4725189507007599
1198,39627853704204602,1.2600984834443136,800,400,200,constant,1.0642856,1.024225,0.10773640762155948,0.03764087334275246
1198,39627853704204602,1.2600984834443136,800,400,200,powerlaw,1.0642856,1.336,0.10773640762155948,0.2553020715713501
1198,39627853704204602,1.2600984834443136,800,400,500,constant,1.0642856,0.9622938,0.10773640762155948,0.0958312600851059
1198,39627853704204602,1.2600984834443136,800,400,500,powerlaw,1.0642856,1.15038,0.10773640762155948,0.08089405298233032
1198,39627853704204602,1.2600984834443136,600,400,100,constant,0.91799134,1.1718645,0.1393433877748366,0.2765529155731201
1198,39627853704204602,1.2600984834443136,600,400,100,powerlaw,0.91799134,2.4891887,0.1393433877748366,1.7115600109100342
1198,39627853704204602,1.2600984834443136,600,400,200,constant,0.91799134,1.1168222,0.1393433877748366,0.2165934443473816
1198,39627853704204602,1.2600984834443136,600,400,200,powerlaw,0.91799134,1.521162,0.1393433877748366,0.6570549011230469
1198,39627853704204602,1.2600984834443136,600,400,500,constant,0.91799134,1.056032,0.1393433877748366,0.1503724455833435
1198,39627853704204602,1.2600984834443136,600,400,500,powerlaw,0.91799134,1.1689665,0.1393433877748366,0.2733960449695587
1198,39627853704204602,1.2600984834443136,400,400,100,constant,0.70929873,0.9396434,0.15897945721500234,0.3247498571872711
1198,39627853704204602,1.2600984834443136,400,400,100,powerlaw,0.70929873,0.72899354,0.15897945721500234,0.02776658721268177
1198,39627853704204602,1.2600984834443136,400,400,200,constant,0.70929873,1.012331,0.15897945721500234,0.42722800374031067
1198,39627853704204602,1.2600984834443136,400,400,200,powerlaw,0.70929873,0.85956174,0.15897945721500234,0.21184729039669037
1198,39627853704204602,1.2600984834443136,400,400,500,constant,0.70929873,1.0334294,0.15897945721500234,0.4569734036922455
1198,39627853704204602,1.2600984834443136,400,400,500,powerlaw,0.70929873,1.0758282,0.15897945721500234,0.5167490839958191
10995,39627871773263467,0.3222977257236356,800,800,100,constant,1.1475639,1.1234534,0.003501125272910122,0.021010207012295723
10995,39627871773263467,0.3222977257236356,800,800,100,powerlaw,1.1475639,1.1080407,0.003501125272910122,0.03444099426269531
10995,39627871773263467,0.3222977257236356,800,800,200,constant,1.1475639,1.1246908,0.003501125272910122,0.01993192918598652
10995,39627871773263467,0.3222977257236356,800,800,200,powerlaw,1.1475639,1.1325506,0.003501125272910122,0.01308278925716877
10995,39627871773263467,0.3222977257236356,800,800,500,constant,1.1475639,1.1292716,0.003501125272910122,0.015940120443701744
10995,39627871773263467,0.3222977257236356,800,800,500,powerlaw,1.1475639,1.1373771,0.003501125272910122,0.008876883424818516
10995,39627871773263467,0.3222977257236356,800,400,100,constant,1.152004,1.1234534,0.004371701698769105,0.024783441796898842
10995,39627871773263467,0.3222977257236356,800,400,100,powerlaw,1.152004,1.1159614,0.004371701698769105,0.03128684684634209
10995,39627871773263467,0.3222977257236356,800,400,200,constant,1.152004,1.1246908,0.004371701698769105,0.02370932139456272
10995,39627871773263467,0.3222977257236356,800,400,200,powerlaw,1.152004,1.13011,0.004371701698769105,0.019005123525857925
10995,39627871773263467,0.3222977257236356,800,400,500,constant,1.152004,1.1292716,0.004371701698769105,0.019732898101210594
10995,39627871773263467,0.3222977257236356,800,400,500,powerlaw,1.152004,1.1349701,0.004371701698769105,0.014786350540816784
10995,39627871773263467,0.3222977257236356,600,400,100,constant,1.1267607,1.1639516,0.005382632863361523,0.0330069325864315
10995,39627871773263467,0.3222977257236356,600,400,100,powerlaw,1.1267607,1.1868608,0.005382632863361523,0.05333881080150604
10995,39627871773263467,0.3222977257236356,600,400,200,constant,1.1267607,1.1486523,0.005382632863361523,0.019428787752985954
10995,39627871773263467,0.3222977257236356,600,400,200,powerlaw,1.1267607,1.20665,0.005382632863361523,0.07090174406766891
10995,39627871773263467,0.3222977257236356,600,400,500,constant,1.1267607,1.1391085,0.005382632863361523,0.010958686470985413
10995,39627871773263467,0.3222977257236356,600,400,500,powerlaw,1.1267607,1.1636436,0.005382632863361523,0.03273354843258858
10995,39627871773263467,0.3222977257236356,400,400,100,constant,1.1396232,1.143994,0.0058464109230779195,0.003835310460999608
10995,39627871773263467,0.3222977257236356,400,400,100,powerlaw,1.1396232,0.901867,0.0058464109230779195,0.20862703025341034
10995,39627871773263467,0.3222977257236356,400,400,200,constant,1.1396232,1.1526164,0.0058464109230779195,0.011401327326893806
10995,39627871773263467,0.3222977257236356,400,400,200,powerlaw,1.1396232,1.0826974,0.0058464109230779195,0.049951400607824326
10995,39627871773263467,0.3222977257236356,400,400,500,constant,1.1396232,1.141053,0.0058464109230779195,0.0012546218931674957
10995,39627871773263467,0.3222977257236356,400,400,500,powerlaw,1.1396232,1.1757089,0.0058464109230779195,0.03166460990905762
7120,39627835572224028,0.8099991799392746,800,800,100,constant,1.1129438,1.1894176,0.02021500591986331,0.06871311366558075
7120,39627835572224028,0.8099991799392746,800,800,100,powerlaw,1.1129438,1.1246358,0.02021500591986331,0.010505515150725842
7120,39627835572224028,0.8099991799392746,800,800,200,constant,1.1129438,1.1887448,0.02021500591986331,0.06810857355594635
7120,39627835572224028,0.8099991799392746,800,800,200,powerlaw,1.1129438,1.1748879,0.02021500591986331,0.05565791204571724
7120,39627835572224028,0.8099991799392746,800,800,500,constant,1.1129438,1.2119126,0.02021500591986331,0.088925302028656
7120,39627835572224028,0.8099991799392746,800,800,500,powerlaw,1.1129438,1.1585974,0.02021500591986331,0.04102056473493576
7120,39627835572224028,0.8099991799392746,800,400,100,constant,1.0987054,1.1894176,0.02487036669125087,0.08256279677152634
7120,39627835572224028,0.8099991799392746,800,400,100,powerlaw,1.0987054,1.148426,0.02487036669125087,0.04525384679436684
7120,39627835572224028,0.8099991799392746,800,400,200,constant,1.0987054,1.1887445,0.02487036669125087,0.08195020258426666
7120,39627835572224028,0.8099991799392746,800,400,200,powerlaw,1.0987054,1.1751858,0.02487036669125087,0.06960955262184143
7120,39627835572224028,0.8099991799392746,800,400,500,constant,1.0987054,1.2119124,0.02487036669125087,0.10303670167922974
7120,39627835572224028,0.8099991799392746,800,400,500,powerlaw,1.0987054,1.1653574,0.02487036669125087,0.06066406890749931
7120,39627835572224028,0.8099991799392746,600,400,100,constant,1.1349608,1.0514143,0.03176900742778832,0.07361181080341339
7120,39627835572224028,0.8099991799392746,600,400,100,powerlaw,1.1349608,1.01406,0.03176900742778832,0.10652416944503784
7120,39627835572224028,0.8099991799392746,600,400,200,constant,1.1349608,1.1108189,0.03176900742778832,0.02127113938331604
7120,39627835572224028,0.8099991799392746,600,400,200,powerlaw,1.1349608,0.9474434,0.03176900742778832,0.1652192324399948
7120,39627835572224028,0.8099991799392746,600,400,500,constant,1.1349608,1.1773175,0.03176900742778832,0.03731999546289444
7120,39627835572224028,0.8099991799392746,600,400,500,powerlaw,1.1349608,1.0331109,0.03176900742778832,0.08973871171474457
7120,39627835572224028,0.8099991799392746,400,400,100,constant,1.1406649,1.1688149,0.034702557194856404,0.024678554385900497
7120,39627835572224028,0.8099991799392746,400,400,100,powerlaw,1.1406649,1.1615442,0.034702557194856404,0.01830447092652321
7120,39627835572224028,0.8099991799392746,400,400,200,constant,1.1406649,1.1100318,0.034702557194856404,0.02685546875
7120,39627835572224028,0.8099991799392746,400,400,200,powerlaw,1.1406649,1.3110392,0.034702557194856404,0.14936399459838867
7120,39627835572224028,0.8099991799392746,400,400,500,constant,1.1406649,1.158526,0.034702557194856404,0.015658417716622353
7120,39627835572224028,0.8099991799392746,400,400,500,powerlaw,1.1406649,1.0651196,0.034702557194856404,0.0662291869521141
5062,39627859735611037,1.3977207392766136,800,800,100,constant,1.1387513,1.1301855,0.08376141843346478,0.007522084750235081
5062,39627859735611037,1.3977207392766136,800,800,100,powerlaw,1.1387513,1.6471179,0.08376141843346478,0.44642460346221924
5062,39627859735611037,1.3977207392766136,800,800,200,constant,1.1387513,0.9590132,0.08376141843346478,0.15783783793449402
5062,39627859735611037,1.3977207392766136,800,800,200,powerlaw,1.1387513,1.760002,0.08376141843346478,0.5455543994903564
5062,39627859735611037,1.3977207392766136,800,800,500,constant,1.1387513,1.0618169,0.08376141843346478,0.06756026297807693
5062,39627859735611037,1.3977207392766136,800,800,500,powerlaw,1.1387513,0.9811192,0.08376141843346478,0.13842536509037018
5062,39627859735611037,1.3977207392766136,800,400,100,constant,1.264079,1.1301854,0.0997128504620069,0.10592187196016312
5062,39627859735611037,1.3977207392766136,800,400,100,powerlaw,1.264079,1.4443104,0.0997128504620069,0.14257927238941193
5062,39627859735611037,1.3977207392766136,800,400,200,constant,1.264079,0.9590133,0.0997128504620069,0.24133436381816864
5062,39627859735611037,1.3977207392766136,800,400,200,powerlaw,1.264079,1.4975559,0.0997128504620069,0.18470117449760437
5062,39627859735611037,1.3977207392766136,800,400,500,constant,1.264079,1.0618169,0.0997128504620069,0.16000744700431824
5062,39627859735611037,1.3977207392766136,800,400,500,powerlaw,1.264079,0.9945921,0.0997128504620069,0.21318835020065308
5062,39627859735611037,1.3977207392766136,600,400,100,constant,1.4111642,1.086009,0.12823870206243523,0.23041623830795288
5062,39627859735611037,1.3977207392766136,600,400,100,powerlaw,1.4111642,0.8148725,0.12823870206243523,0.42255300283432007
5062,39627859735611037,1.3977207392766136,600,400,200,constant,1.4111642,1.0692607,0.12823870206243523,0.24228467047214508
5062,39627859735611037,1.3977207392766136,600,400,200,powerlaw,1.4111642,1.161353,0.12823870206243523,0.17702488601207733
5062,39627859735611037,1.3977207392766136,600,400,500,constant,1.4111642,1.0802408,0.12823870206243523,0.23450377583503723
5062,39627859735611037,1.3977207392766136,600,400,500,powerlaw,1.4111642,1.0007071,0.12823870206243523,0.29086410999298096
5062,39627859735611037,1.3977207392766136,400,400,100,constant,0.83830965,1.0876992,0.15438592117625433,0.2974909543991089
5062,39627859735611037,1.3977207392766136,400,400,100,powerlaw,0.83830965,3.3976843,0.15438592117625433,3.05301833152771
5062,39627859735611037,1.3977207392766136,400,400,200,constant,0.83830965,1.1111279,0.15438592117625433,0.3254384696483612
5062,39627859735611037,1.3977207392766136,400,400,200,powerlaw,0.83830965,1.0811292,0.15438592117625433,0.2896537780761719
5062,39627859735611037,1.3977207392766136,400,400,500,constant,0.83830965,1.0636971,0.15438592117625433,0.2688594162464142
5062,39627859735611037,1.3977207392766136,400,400,500,powerlaw,0.83830965,1.1479464,0.15438592117625433,0.3693583905696869
5764,39627829507262409,1.298485565755707,800,800,100,constant,1.012755,1.1835072,0.03288961468104607,0.1686016470193863
5764,39627829507262409,1.298485565755707,800,800,100,powerlaw,1.012755,0.9601098,0.03288961468104607,0.05198223143815994
5764,39627829507262409,1.298485565755707,800,800,200,constant,1.012755,1.0901927,0.03288961468104607,0.07646235823631287
5764,39627829507262409,1.298485565755707,800,800,200,powerlaw,1.012755,1.2762234,0.03288961468104607,0.26015016436576843
5764,39627829507262409,1.298485565755707,800,800,500,constant,1.012755,0.99586105,0.03288961468104607,0.016681212931871414
5764,39627829507262409,1.298485565755707,800,800,500,powerlaw,1.012755,1.2198507,0.03288961468104607,0.2044873833656311
5764,39627829507262409,1.298485565755707,800,400,100,constant,1.0332052,1.1835072,0.04112899900489541,0.14547164738178253
5764,39627829507262409,1.298485565755707,800,400,100,powerlaw,1.0332052,1.02414,0.04112899900489541,0.008773814886808395
5764,39627829507262409,1.298485565755707,800,400,200,constant,1.0332052,1.0901926,0.04112899900489541,0.05515594407916069
5764,39627829507262409,1.298485565755707,800,400,200,powerlaw,1.0332052,1.2239383,0.04112899900489541,0.18460340797901154
5764,39627829507262409,1.298485565755707,800,400,500,constant,1.0332052,0.99586105,0.04112899900489541,0.03614393249154091
5764,39627829507262409,1.298485565755707,800,400,500,powerlaw,1.0332052,1.1758246,0.04112899900489541,0.13803598284721375
5764,39627829507262409,1.298485565755707,600,400,100,constant,0.98602295,1.1092148,0.04813505013622469,0.12493810057640076
5764,39627829507262409,1.298485565755707,600,400,100,powerlaw,0.98602295,1.0833,0.04813505013622469,0.09865596145391464
5764,39627829507262409,1.298485565755707,600,400,200,constant,0.98602295,1.1454717,0.04813505013622469,0.16170895099639893
5764,39627829507262409,1.298485565755707,600,400,200,powerlaw,0.98602295,1.0853913,0.04813505013622469,0.10077689588069916
5764,39627829507262409,1.298485565755707,600,400,500,constant,0.98602295,1.0139173,0.04813505013622469,0.028289785608649254
5764,39627829507262409,1.298485565755707,600,400,500,powerlaw,0.98602295,1.2125595,0.04813505013622469,0.2297477126121521
5764,39627829507262409,1.298485565755707,400,400,100,constant,0.976482,1.027812,0.05477583816201138,0.0525662861764431
5764,39627829507262409,1.298485565755707,400,400,100,powerlaw,0.976482,0.70895755,0.05477583816201138,0.27396759390830994
5764,39627829507262409,1.298485565755707,400,400,200,constant,0.976482,1.0718844,0.05477583816201138,0.09770013391971588
5764,39627829507262409,1.298485565755707,400,400,200,powerlaw,0.976482,0.840148,0.05477583816201138,0.13961753249168396
5764,39627829507262409,1.298485565755707,400,400,500,constant,0.976482,1.0468855,0.05477583816201138,0.07209914922714233
5764,39627829507262409,1.298485565755707,400,400,500,powerlaw,0.976482,1.1152536,0.05477583816201138,0.1421138346195221
6206,39627829507261679,1.0788206924208763,800,800,100,constant,0.88761246,0.7561988,0.06443043780706362,0.14805294573307037
6206,39627829507261679,1.0788206924208763,800,800,100,powerlaw,0.88761246,0.448521,0.06443043780706362,0.4946882724761963
6206,39627829507261679,1.0788206924208763,800,800,200,constant,0.88761246,0.8216749,0.06443043780706362,0.07428645342588425
6206,39627829507261679,1.0788206924208763,800,800,200,powerlaw,0.88761246,0.6441772,0.06443043780706362,0.27425849437713623
6206,39627829507261679,1.0788206924208763,800,800,500,constant,0.88761246,1.0246782,0.06443043780706362,0.15442073345184326
6206,39627829507261679,1.0788206924208763,800,800,500,powerlaw,0.88761246,0.73965836,0.06443043780706362,0.1666877269744873
6206,39627829507261679,1.0788206924208763,800,400,100,constant,0.93621457,0.756199,0.07790948350857389,0.19228024780750275
6206,39627829507261679,1.0788206924208763,800,400,100,powerlaw,0.93621457,0.53426397,0.07790948350857389,0.42933598160743713
6206,39627829507261679,1.0788206924208763,800,400,200,constant,0.93621457,0.82167494,0.07790948350857389,0.12234334647655487
6206,39627829507261679,1.0788206924208763,800,400,200,powerlaw,0.93621457,0.6915613,0.07790948350857389,0.2613218128681183
6206,39627829507261679,1.0788206924208763,800,400,500,constant,0.93621457,1.0246782,0.07790948350857389,0.09449080377817154
6206,39627829507261679,1.0788206924208763,800,400,500,powerlaw,0.93621457,0.7792695,0.07790948350857389,0.167637899518013
6206,39627829507261679,1.0788206924208763,600,400,100,constant,0.937999,0.96544325,0.10264904538761062,0.029258286580443382
6206,39627829507261679,1.0788206924208763,600,400,100,powerlaw,0.937999,0.47859538,0.10264904538761062,0.489769846200943
6206,39627829507261679,1.0788206924208763,600,400,200,constant,0.937999,0.8656995,0.10264904538761062,0.07707841694355011
6206,39627829507261679,1.0788206924208763,600,400,200,powerlaw,0.937999,0.89226747,0.10264904538761062,0.048754364252090454
6206,39627829507261679,1.0788206924208763,600,400,500,constant,0.937999,0.9657935,0.10264904538761062,0.02963167428970337
6206,39627829507261679,1.0788206924208763,600,400,500,powerlaw,0.937999,0.87841624,0.10264904538761062,0.06352114677429199
6206,39627829507261679,1.0788206924208763,400,400,100,constant,0.7824523,0.855314,0.11460103484423535,0.09311971068382263
6206,39627829507261679,1.0788206924208763,400,400,100,powerlaw,0.7824523,1.3130767,0.11460103484423535,0.6781556606292725
6206,39627829507261679,1.0788206924208763,400,400,200,constant,0.7824523,0.9331879,0.11460103484423535,0.1926451176404953
6206,39627829507261679,1.0788206924208763,400,400,200,powerlaw,0.7824523,0.5723265,0.11460103484423535,0.26854774355888367
6206,39627829507261679,1.0788206924208763,400,400,500,constant,0.7824523,0.96338004,0.11460103484423535,0.2312316745519638
6206,39627829507261679,1.0788206924208763,400,400,500,powerlaw,0.7824523,0.6629875,0.11460103484423535,0.15267999470233917
8221,39627829532426517,1.2982757833909653,800,800,100,constant,0.9020836,0.9430044,0.05058465731521443,0.04536259546875954
8221,39627829532426517,1.2982757833909653,800,800,100,powerlaw,0.9020836,1.4376396,0.05058465731521443,0.5936878323554993
8221,39627829532426517,1.2982757833909653,800,800,200,constant,0.9020836,0.9808129,0.05058465731521443,0.08727498352527618
8221,39627829532426517,1.2982757833909653,800,800,200,powerlaw,0.9020836,0.8085752,0.05058465731521443,0.10365820676088333
8221,39627829532426517,1.2982757833909653,800,800,500,constant,0.9020836,1.0162635,0.05058465731521443,0.12657353281974792
8221,39627829532426517,1.2982757833909653,800,800,500,powerlaw,0.9020836,0.9284993,0.05058465731521443,0.029282990843057632
8221,39627829532426517,1.2982757833909653,800,400,100,constant,0.8456504,0.9430044,0.06197365400066432,0.11512329429388046
8221,39627829532426517,1.2982757833909653,800,400,100,powerlaw,0.8456504,1.2389901,0.06197365400066432,0.46513277292251587
8221,39627829532426517,1.2982757833909653,800,400,200,constant,0.8456504,0.98081285,0.06197365400066432,0.15983256697654724
8221,39627829532426517,1.2982757833909653,800,400,200,powerlaw,0.8456504,0.8568146,0.06197365400066432,0.013201966881752014
8221,39627829532426517,1.2982757833909653,800,400,500,constant,0.8456504,1.0162635,0.06197365400066432,0.20175372064113617
8221,39627829532426517,1.2982757833909653,800,400,500,powerlaw,0.8456504,0.9422091,0.06197365400066432,0.11418282240629196
8221,39627829532426517,1.2982757833909653,600,400,100,constant,0.82167566,0.9641054,0.07480394273437312,0.17334061861038208
8221,39627829532426517,1.2982757833909653,600,400,100,powerlaw,0.82167566,1.0341631,0.07480394273437312,0.2586025893688202
8221,39627829532426517,1.2982757833909653,600,400,200,constant,0.82167566,0.9606612,0.07480394273437312,0.16914887726306915
8221,39627829532426517,1.2982757833909653,600,400,200,powerlaw,0.82167566,0.90652454,0.07480394273437312,0.10326322913169861
8221,39627829532426517,1.2982757833909653,600,400,500,constant,0.82167566,0.988775,0.07480394273437312,0.20336413383483887
8221,39627829532426517,1.2982757833909653,600,400,500,powerlaw,0.82167566,0.9619075,0.07480394273437312,0.1706656962633133
8221,39627829532426517,1.2982757833909653,400,400,100,constant,1.0147277,0.93486655,0.08755770040795031,0.07870206236839294
8221,39627829532426517,1.2982757833909653,400,400,100,powerlaw,1.0147277,1.8868382,0.08755770040795031,0.8594527244567871
8221,39627829532426517,1.2982757833909653,400,400,200,constant,1.0147277,0.9340602,0.08755770040795031,0.07949668914079666
8221,39627829532426517,1.2982757833909653,400,400,200,powerlaw,1.0147277,0.65941936,0.08755770040795031,0.3501514196395874
8221,39627829532426517,1.2982757833909653,400,400,500,constant,1.0147277,0.9756056,0.08755770040795031,0.03855428844690323
8221,39627829532426517,1.2982757833909653,400,400,500,powerlaw,1.0147277,0.7462869,0.08755770040795031,0.26454463601112366
883,39627835576420137,1.2041886999755314,800,800,100,constant,1.0672861,1.0014726,0.04234776072699277,0.061664383858442307
883,39627835576420137,1.2041886999755314,800,800,100,powerlaw,1.0672861,1.5336536,0.04234776072699277,0.4369657337665558
883,39627835576420137,1.2041886999755314,800,800,200,constant,1.0672861,0.9770651,0.04234776072699277,0.08453314006328583
883,39627835576420137,1.2041886999755314,800,800,200,powerlaw,1.0672861,1.137061,0.04234776072699277,0.06537596881389618
883,39627835576420137,1.2041886999755314,800,800,500,constant,1.0672861,0.9555376,0.04234776072699277,0.10470342636108398
883,39627835576420137,1.2041886999755314,800,800,500,powerlaw,1.0672861,1.0895988,0.04234776072699277,0.020905960351228714
883,39627835576420137,1.2041886999755314,800,400,100,constant,1.1544245,1.0014726,0.05217766230141776,0.13249194622039795
883,39627835576420137,1.2041886999755314,800,400,100,powerlaw,1.1544245,1.3284334,0.05217766230141776,0.1507321149110794
883,39627835576420137,1.2041886999755314,800,400,200,constant,1.1544245,0.97706497,0.05217766230141776,0.15363462269306183
883,39627835576420137,1.2041886999755314,800,400,200,powerlaw,1.1544245,1.0996995,0.05217766230141776,0.047404613345861435
883,39627835576420137,1.2041886999755314,800,400,500,constant,1.1544245,0.9555374,0.05217766230141776,0.17228251695632935
883,39627835576420137,1.2041886999755314,800,400,500,powerlaw,1.1544245,1.0685151,0.05217766230141776,0.0744175836443901
883,39627835576420137,1.2041886999755314,600,400,100,constant,0.9980781,1.1809274,0.0656866680366573,0.1832013875246048
883,39627835576420137,1.2041886999755314,600,400,100,powerlaw,0.9980781,1.0564004,0.0656866680366573,0.0584346167743206
883,39627835576420137,1.2041886999755314,600,400,200,constant,0.9980781,1.0826961,0.0656866680366573,0.08478090912103653
883,39627835576420137,1.2041886999755314,600,400,200,powerlaw,0.9980781,1.3741305,0.0656866680366573,0.3767765164375305
883,39627835576420137,1.2041886999755314,600,400,500,constant,0.9980781,1.008172,0.0656866680366573,0.010113364085555077
883,39627835576420137,1.2041886999755314,600,400,500,powerlaw,0.9980781,1.205579,0.0656866680366573,0.2079004943370819
883,39627835576420137,1.2041886999755314,400,400,100,constant,0.89910686,1.012226,0.0724879998518706,0.12581276893615723
883,39627835576420137,1.2041886999755314,400,400,100,powerlaw,0.89910686,0.91412956,0.0724879998518706,0.016708465293049812
883,39627835576420137,1.2041886999755314,400,400,200,constant,0.89910686,1.0861037,0.0724879998518706,0.20798063278198242
883,39627835576420137,1.2041886999755314,400,400,200,powerlaw,0.89910686,1.012134,0.0724879998518706,0.1257104128599167
883,39627835576420137,1.2041886999755314,400,400,500,constant,0.89910686,1.0124676,0.0724879998518706,0.12608152627944946
883,39627835576420137,1.2041886999755314,400,400,500,powerlaw,0.89910686,1.2427866,0.0724879998518706,0.3822457492351532
9882,39627847647625599,1.206969574045493,800,800,100,constant,1.0564277,0.9828971,0.03967874600280715,0.0696030706167221
9882,39627847647625599,1.206969574045493,800,800,100,powerlaw,1.0564277,1.8748231,0.03967874600280715,0.7746818661689758
9882,39627847647625599,1.206969574045493,800,800,200,constant,1.0564277,0.954514,0.03967874600280715,0.09647010266780853
9882,39627847647625599,1.206969574045493,800,800,200,powerlaw,1.0564277,1.3030515,0.03967874600280715,0.23345066606998444
9882,39627847647625599,1.206969574045493,800,800,500,constant,1.0564277,0.9167054,0.03967874600280715,0.13225920498371124
9882,39627847647625599,1.206969574045493,800,800,500,powerlaw,1.0564277,1.0862546,0.03967874600280715,0.028233716264367104
9882,39627847647625599,1.206969574045493,800,400,100,constant,1.0551673,0.9828973,0.04810319716275191,0.06849154084920883
9882,39627847647625599,1.206969574045493,800,400,100,powerlaw,1.0551673,1.4664998,0.04810319716275191,0.38982680439949036
9882,39627847647625599,1.206969574045493,800,400,200,constant,1.0551673,0.954514,0.04810319716275191,0.09539083391427994
9882,39627847647625599,1.206969574045493,800,400,200,powerlaw,1.0551673,1.1983083,0.04810319716275191,0.1356571912765503
9882,39627847647625599,1.206969574045493,800,400,500,constant,1.0551673,0.9167055,0.04810319716275191,0.13122262060642242
9882,39627847647625599,1.206969574045493,800,400,500,powerlaw,1.0551673,1.0607651,0.04810319716275191,0.005305158440023661
9882,39627847647625599,1.206969574045493,600,400,100,constant,1.1470281,0.98351896,0.062017429168807356,0.1425502449274063
9882,39627847647625599,1.206969574045493,600,400,100,powerlaw,1.1470281,0.6364845,0.062017429168807356,0.44510120153427124
9882,39627847647625599,1.206969574045493,600,400,200,constant,1.1470281,0.9745423,0.062017429168807356,0.15037624537944794
9882,39627847647625599,1.206969574045493,600,400,200,powerlaw,1.1470281,0.92607886,0.062017429168807356,0.19262756407260895
9882,39627847647625599,1.206969574045493,600,400,500,constant,1.1470281,0.9514923,0.062017429168807356,0.170471653342247
9882,39627847647625599,1.206969574045493,600,400,500,powerlaw,1.1470281,0.9806677,0.062017429168807356,0.1450360119342804
9882,39627847647625599,1.206969574045493,400,400,100,constant,1.059111,1.1570429,0.07018729578824294,0.09246610105037689
9882,39627847647625599,1.206969574045493,400,400,100,powerlaw,1.059111,2.1010623,0.07018729578824294,0.9837980270385742
9882,39627847647625599,1.206969574045493,400,400,200,constant,1.059111,1.0931894,0.07018729578824294,0.03217638283967972
9882,39627847647625599,1.206969574045493,400,400,200,powerlaw,1.059111,1.1650165,0.07018729578824294,0.09999474138021469
9882,39627847647625599,1.206969574045493,400,400,500,constant,1.059111,1.0014219,0.07018729578824294,0.054469332098960876
9882,39627847647625599,1.206969574045493,400,400,500,powerlaw,1.059111,1.1268348,0.07018729578824294,0.06394395977258682
2960,39627805356462508,1.022506050607577,800,800,100,constant,0.73778814,1.0686121,0.05410909894216858,0.4483996629714966
2960,39627805356462508,1.022506050607577,800,800,100,powerlaw,0.73778814,1.5747392,0.05410909894216858,1.1344057321548462
2960,39627805356462508,1.022506050607577,800,800,200,constant,0.73778814,0.9659074,0.05410909894216858,0.3091934323310852
2960,39627805356462508,1.022506050607577,800,800,200,powerlaw,0.73778814,1.698989,0.05410909894216858,1.302814245223999
2960,39627805356462508,1.022506050607577,800,800,500,constant,0.73778814,1.0426878,0.05410909894216858,0.4132617712020874
2960,39627805356462508,1.022506050607577,800,800,500,powerlaw,0.73778814,0.86841005,0.05410909894216858,0.1770452857017517
2960,39627805356462508,1.022506050607577,800,400,100,constant,0.85630983,1.0686123,0.06605919531294255,0.2479272037744522
2960,39627805356462508,1.022506050607577,800,400,100,powerlaw,0.85630983,1.3719242,0.06605919531294255,0.6021352410316467
2960,39627805356462508,1.022506050607577,800,400,200,constant,0.85630983,0.96590745,0.06605919531294255,0.1279882788658142
2960,39627805356462508,1.022506050607577,800,400,200,powerlaw,0.85630983,1.441709,0.06605919531294255,0.6836301684379578
2960,39627805356462508,1.022506050607577,800,400,500,constant,0.85630983,1.0426881,0.06605919531294255,0.21765287220478058
2960,39627805356462508,1.022506050607577,800,400,500,powerlaw,0.85630983,0.89069426,0.06605919531294255,0.040154192596673965
2960,39627805356462508,1.022506050607577,600,400,100,constant,0.68406785,0.9448387,0.08152419341364517,0.38120612502098083
2960,39627805356462508,1.022506050607577,600,400,100,powerlaw,0.68406785,0.5623729,0.08152419341364517,0.17789891362190247
2960,39627805356462508,1.022506050607577,600,400,200,constant,0.68406785,0.9974795,0.08152419341364517,0.4581587314605713
2960,39627805356462508,1.022506050607577,600,400,200,powerlaw,0.68406785,0.848406,0.08152419341364517,0.24023665487766266
2960,39627805356462508,1.022506050607577,600,400,500,constant,0.68406785,1.0125357,0.08152419341364517,0.48016852140426636
2960,39627805356462508,1.022506050607577,600,400,500,powerlaw,0.68406785,0.8774875,0.08152419341364517,0.282749205827713
2960,39627805356462508,1.022506050607577,400,400,100,constant,0.49614355,0.64086175,0.09432416901978974,0.29168614745140076
2960,39627805356462508,1.022506050607577,400,400,100,powerlaw,0.49614355,0.18649991,0.09432416901978974,0.6241008639335632
2960,39627805356462508,1.022506050607577,400,400,200,constant,0.49614355,0.79379636,0.09432416901978974,0.599932849407196
2960,39627805356462508,1.022506050607577,400,400,200,powerlaw,0.49614355,0.38640836,0.09432416901978974,0.22117629647254944
2960,39627805356462508,1.022506050607577,400,400,500,constant,0.49614355,0.8759513,0.09432416901978974,0.7655198574066162
2960,39627805356462508,1.022506050607577,400,400,500,powerlaw,0.49614355,0.85871804,0.09432416901978974,0.7307854294776917
8491,39627829536625573,1.240984361341422,800,800,100,constant,1.1480932,1.0867051,0.0564780735417639,0.053469642996788025
8491,39627829536625573,1.240984361341422,800,800,100,powerlaw,1.1480932,0.61789364,0.0564780735417639,0.46180883049964905
8491,39627829536625573,1.240984361341422,800,800,200,constant,1.1480932,0.9901444,0.0564780735417639,0.1375749409198761
8491,39627829536625573,1.240984361341422,800,800,200,powerlaw,1.1480932,1.293556,0.0564780735417639,0.12669941782951355
8491,39627829536625573,1.240984361341422,800,800,500,constant,1.1480932,0.8983069,0.0564780735417639,0.21756623685359955
8491,39627829536625573,1.240984361341422,800,800,500,powerlaw,1.1480932,1.293408,0.0564780735417639,0.12657056748867035
8491,39627829536625573,1.240984361341422,800,400,100,constant,1.2146491,1.0867051,0.06955961120213754,0.10533411800861359
8491,39627829536625573,1.240984361341422,800,400,100,powerlaw,1.2146491,0.7379436,0.06955961120213754,0.3924635648727417
8491,39627829536625573,1.240984361341422,800,400,200,constant,1.2146491,0.99014467,0.06955961120213754,0.1848306804895401
8491,39627829536625573,1.240984361341422,800,400,200,powerlaw,1.2146491,1.2195936,0.06955961120213754,0.004070774652063847
8491,39627829536625573,1.240984361341422,800,400,500,constant,1.2146491,0.898307,0.06955961120213754,0.26043903827667236
8491,39627829536625573,1.240984361341422,800,400,500,powerlaw,1.2146491,1.2238637,0.06955961120213754,0.007586256600916386
8491,39627829536625573,1.240984361341422,600,400,100,constant,1.2370304,1.1761197,0.08879944556127664,0.04923945292830467
8491,39627829536625573,1.240984361341422,600,400,100,powerlaw,1.2370304,0.9802384,0.08879944556127664,0.20758746564388275
8491,39627829536625573,1.240984361341422,600,400,200,constant,1.2370304,1.144036,0.08879944556127664,0.0751754641532898
8491,39627829536625573,1.240984361341422,600,400,200,powerlaw,1.2370304,1.0431175,0.08879944556127664,0.15675674378871918
8491,39627829536625573,1.240984361341422,600,400,500,constant,1.2370304,0.959062,0.08879944556127664,0.22470620274543762
8491,39627829536625573,1.240984361341422,600,400,500,powerlaw,1.2370304,1.3226455,0.08879944556127664,0.0692102313041687
8491,39627829536625573,1.240984361341422,400,400,100,constant,1.0193319,1.2840418,0.0967514486053317,0.2596895396709442
8491,39627829536625573,1.240984361341422,400,400,100,powerlaw,1.0193319,1.6790214,0.0967514486053317,0.6471782326698303
8491,39627829536625573,1.240984361341422,400,400,200,constant,1.0193319,1.2233559,0.0967514486053317,0.20015458762645721
8491,39627829536625573,1.240984361341422,400,400,200,powerlaw,1.0193319,1.5407486,0.0967514486053317,0.5115278363227844
8491,39627829536625573,1.240984361341422,400,400,500,constant,1.0193319,1.0853369,0.0967514486053317,0.06475318968296051
8491,39627829536625573,1.240984361341422,400,400,500,powerlaw,1.0193319,1.3304164,0.0967514486053317,0.3051846921443939
11733,39627793801153800,0.6436856515393939,800,800,100,constant,1.1738482,1.1516093,0.009981722595206046,0.018945252522826195
11733,39627793801153800,0.6436856515393939,800,800,100,powerlaw,1.1738482,1.0262779,0.009981722595206046,0.12571494281291962
11733,39627793801153800,0.6436856515393939,800,800,200,constant,1.1738482,1.1719334,0.009981722595206046,0.0016311646904796362
11733,39627793801153800,0.6436856515393939,800,800,200,powerlaw,1.1738482,1.0716609,0.009981722595206046,0.08705323189496994
11733,39627793801153800,0.6436856515393939,800,800,500,constant,1.1738482,1.1313196,0.009981722595206046,0.036229994148015976
11733,39627793801153800,0.6436856515393939,800,800,500,powerlaw,1.1738482,1.2307996,0.009981722595206046,0.04851683974266052
11733,39627793801153800,0.6436856515393939,800,400,100,constant,1.1696475,1.1516093,0.012343054414781778,0.015421872027218342
11733,39627793801153800,0.6436856515393939,800,400,100,powerlaw,1.1696475,1.0705316,0.012343054414781778,0.08473993092775345
11733,39627793801153800,0.6436856515393939,800,400,200,constant,1.1696475,1.1719334,0.012343054414781778,0.0019543985836207867
11733,39627793801153800,0.6436856515393939,800,400,200,powerlaw,1.1696475,1.1015365,0.012343054414781778,0.05823202803730965
11733,39627793801153800,0.6436856515393939,800,400,500,constant,1.1696475,1.1313198,0.012343054414781778,0.03276858478784561
11733,39627793801153800,0.6436856515393939,800,400,500,powerlaw,1.1696475,1.2113469,0.012343054414781778,0.03565126284956932
11733,39627793801153800,0.6436856515393939,600,400,100,constant,1.1917496,1.1729913,0.015121059922799102,0.015740133821964264
11733,39627793801153800,0.6436856515393939,600,400,100,powerlaw,1.1917496,1.3011023,0.015121059922799102,0.0917581245303154
11733,39627793801153800,0.6436856515393939,600,400,200,constant,1.1917496,1.1576988,0.015121059922799102,0.02857212908565998
11733,39627793801153800,0.6436856515393939,600,400,200,powerlaw,1.1917496,1.2011328,0.015121059922799102,0.007873467169702053
11733,39627793801153800,0.6436856515393939,600,400,500,constant,1.1917496,1.1464264,0.015121059922799102,0.038030751049518585
11733,39627793801153800,0.6436856515393939,600,400,500,powerlaw,1.1917496,1.211479,0.015121059922799102,0.016554968431591988
11733,39627793801153800,0.6436856515393939,400,400,100,constant,1.1817877,1.1973093,0.01696899338801451,0.013133937492966652
11733,39627793801153800,0.6436856515393939,400,400,100,powerlaw,1.1817877,1.6481379,0.01696899338801451,0.39461418986320496
11733,39627793801153800,0.6436856515393939,400,400,200,constant,1.1817877,1.1901839,0.01696899338801451,0.007104616612195969
11733,39627793801153800,0.6436856515393939,400,400,200,powerlaw,1.1817877,1.2602009,0.01696899338801451,0.0663512796163559
11733,39627793801153800,0.6436856515393939,400,400,500,constant,1.1817877,1.1815844,0.01696899338801451,0.00017208763165399432
11733,39627793801153800,0.6436856515393939,400,400,500,powerlaw,1.1817877,1.1578209,0.01696899338801451,0.02028011344373226
8900,39627853679038444,0.7381922756300497,800,800,100,constant,0.8423284,0.7749564,0.06425884793952169,0.07998308539390564
8900,39627853679038444,0.7381922756300497,800,800,100,powerlaw,0.8423284,0.13004006,0.06425884793952169,0.8456183671951294
8900,39627853679038444,0.7381922756300497,800,800,200,constant,0.8423284,0.95078886,0.06425884793952169,0.1287626326084137
8900,39627853679038444,0.7381922756300497,800,800,200,powerlaw,0.8423284,0.349573,0.06425884793952169,0.5849920511245728
8900,39627853679038444,0.7381922756300497,800,800,500,constant,0.8423284,0.94906616,0.06425884793952169,0.1267174780368805
8900,39627853679038444,0.7381922756300497,800,800,500,powerlaw,0.8423284,0.83529925,0.06425884793952169,0.008344934321939945
8900,39627853679038444,0.7381922756300497,800,400,100,constant,0.78649557,0.77495635,0.07810794433933062,0.014671691693365574
8900,39627853679038444,0.7381922756300497,800,400,100,powerlaw,0.78649557,0.18476182,0.07810794433933062,0.7650821805000305
8900,39627853679038444,0.7381922756300497,800,400,200,constant,0.78649557,0.9507889,0.07810794433933062,0.20889291167259216
8900,39627853679038444,0.7381922756300497,800,400,200,powerlaw,0.78649557,0.43865812,0.07810794433933062,0.4422624409198761
8900,39627853679038444,0.7381922756300497,800,400,500,constant,0.78649557,0.9490662,0.07810794433933062,0.2067025750875473
8900,39627853679038444,0.7381922756300497,800,400,500,powerlaw,0.78649557,0.8568795,0.07810794433933062,0.08949053287506104
8900,39627853679038444,0.7381922756300497,600,400,100,constant,0.8378266,0.86404705,0.10186629850245657,0.0312957838177681
8900,39627853679038444,0.7381922756300497,600,400,100,powerlaw,0.8378266,3.058032,0.10186629850245657,2.6499578952789307
8900,39627853679038444,0.7381922756300497,600,400,200,constant,0.8378266,0.80966467,0.10186629850245657,0.033613093197345734
8900,39627853679038444,0.7381922756300497,600,400,200,powerlaw,0.8378266,1.0747898,0.10186629850245657,0.28283077478408813
8900,39627853679038444,0.7381922756300497,600,400,500,constant,0.8378266,0.8936957,0.10186629850245657,0.06668337434530258
8900,39627853679038444,0.7381922756300497,600,400,500,powerlaw,0.8378266,0.86068565,0.10186629850245657,0.02728373184800148
8900,39627853679038444,0.7381922756300497,400,400,100,constant,0.95925844,0.56871355,0.11303503525108231,0.407132089138031
8900,39627853679038444,0.7381922756300497,400,400,100,powerlaw,0.95925844,0.31459033,0.11303503525108231,0.6720483899116516
8900,39627853679038444,0.7381922756300497,400,400,200,constant,0.95925844,0.7025123,0.11303503525108231,0.2676506042480469
8900,39627853679038444,0.7381922756300497,400,400,200,powerlaw,0.95925844,0.7492747,0.11303503525108231,0.21890218555927277
8900,39627853679038444,0.7381922756300497,400,400,500,constant,0.95925844,0.8543094,0.11303503525108231,0.10940644890069962
8900,39627853679038444,0.7381922756300497,400,400,500,powerlaw,0.95925844,0.5491802,0.11303503525108231,0.4274950325489044
4778,39627865758631384,0.9950027401956342,800,800,100,constant,1.2334363,1.2978349,0.020119425487967746,0.05221066251397133
4778,39627865758631384,0.9950027401956342,800,800,100,powerlaw,1.2334363,2.0172915,0.020119425487967746,0.635505199432373
4778,39627865758631384,0.9950027401956342,800,800,200,constant,1.2334363,1.1663673,0.020119425487967746,0.054375771433115005
4778,39627865758631384,0.9950027401956342,800,800,200,powerlaw,1.2334363,2.1184936,0.020119425487967746,0.7175540328025818
4778,39627865758631384,0.9950027401956342,800,800,500,constant,1.2334363,1.085689,0.020119425487967746,0.11978518217802048
4778,39627865758631384,0.9950027401956342,800,800,500,powerlaw,1.2334363,1.317074,0.020119425487967746,0.0678086057305336
4778,39627865758631384,0.9950027401956342,800,400,100,constant,1.2256066,1.297835,0.024678453673460228,0.05893280357122421
4778,39627865758631384,0.9950027401956342,800,400,100,powerlaw,1.2256066,1.7200143,0.024678453673460228,0.40339842438697815
4778,39627865758631384,0.9950027401956342,800,400,200,constant,1.2256066,1.1663673,0.024678453673460228,0.04833465442061424
4778,39627865758631384,0.9950027401956342,800,400,200,powerlaw,1.2256066,1.7685643,0.024678453673460228,0.44301149249076843
4778,39627865758631384,0.9950027401956342,800,400,500,constant,1.2256066,1.085689,0.024678453673460228,0.11416193097829819
4778,39627865758631384,0.9950027401956342,800,400,500,powerlaw,1.2256066,1.2739465,0.024678453673460228,0.03944166377186775
4778,39627865758631384,0.9950027401956342,600,400,100,constant,1.3227153,1.198697,0.03050645772839897,0.0937604010105133
4778,39627865758631384,0.9950027401956342,600,400,100,powerlaw,1.3227153,1.1209432,0.03050645772839897,0.15254385769367218
4778,39627865758631384,0.9950027401956342,600,400,200,constant,1.3227153,1.2401693,0.03050645772839897,0.062406472861766815
4778,39627865758631384,0.9950027401956342,600,400,200,powerlaw,1.3227153,1.1470733,0.03050645772839897,0.1327889859676361
4778,39627865758631384,0.9950027401956342,600,400,500,constant,1.3227153,1.1055973,0.03050645772839897,0.16414569318294525
4778,39627865758631384,0.9950027401956342,600,400,500,powerlaw,1.3227153,1.3008815,0.03050645772839897,0.01650678552687168
4778,39627865758631384,0.9950027401956342,400,400,100,constant,1.2489548,1.3344045,0.034743108247806825,0.06841696798801422
4778,39627865758631384,0.9950027401956342,400,400,100,powerlaw,1.2489548,1.9121745,0.034743108247806825,0.5310198068618774
4778,39627865758631384,0.9950027401956342,400,400,200,constant,1.2489548,1.2731051,0.034743108247806825,0.019336465746164322
4778,39627865758631384,0.9950027401956342,400,400,200,powerlaw,1.2489548,1.4078097,0.034743108247806825,0.12719032168388367
4778,39627865758631384,0.9950027401956342,400,400,500,constant,1.2489548,1.1793783,0.034743108247806825,0.05570778250694275
4778,39627865758631384,0.9950027401956342,400,400,500,powerlaw,1.2489548,1.3860766,0.034743108247806825,0.10978923738002777
5801,39627829503068042,1.1501859647943973,800,800,100,constant,0.915106,1.0352626,0.06451907127924793,0.13130345940589905
5801,39627829503068042,1.1501859647943973,800,800,100,powerlaw,0.915106,1.2650607,0.06451907127924793,0.3824198246002197
5801,39627829503068042,1.1501859647943973,800,800,200,constant,0.915106,1.0409082,0.06451907127924793,0.13747283816337585
5801,39627829503068042,1.1501859647943973,800,800,200,powerlaw,0.915106,0.74244106,0.06451907127924793,0.18868298828601837
5801,39627829503068042,1.1501859647943973,800,800,500,constant,0.915106,1.0335039,0.06451907127924793,0.12938161194324493
5801,39627829503068042,1.1501859647943973,800,800,500,powerlaw,0.915106,1.236294,0.06451907127924793,0.35098451375961304
5801,39627829503068042,1.1501859647943973,800,400,100,constant,0.97636133,1.0352626,0.07732074628279395,0.060327306389808655
5801,39627829503068042,1.1501859647943973,800,400,100,powerlaw,0.97636133,1.1702807,0.07732074628279395,0.19861434400081635
5801,39627829503068042,1.1501859647943973,800,400,200,constant,0.97636133,1.0409083,0.07732074628279395,0.06610974669456482
5801,39627829503068042,1.1501859647943973,800,400,200,powerlaw,0.97636133,0.80745435,0.07732074628279395,0.172996386885643
5801,39627829503068042,1.1501859647943973,800,400,500,constant,0.97636133,1.033504,0.07732074628279395,0.05852615460753441
5801,39627829503068042,1.1501859647943973,800,400,500,powerlaw,0.97636133,1.2046375,0.07732074628279395,0.23380298912525177
5801,39627829503068042,1.1501859647943973,600,400,100,constant,0.8205129,0.92853796,0.10149022319615993,0.13165554404258728
5801,39627829503068042,1.1501859647943973,600,400,100,powerlaw,0.8205129,2.237553,0.10149022319615993,1.7270172834396362
5801,39627829503068042,1.1501859647943973,600,400,200,constant,0.8205129,0.9783828,0.10149022319615993,0.19240397214889526
5801,39627829503068042,1.1501859647943973,600,400,200,powerlaw,0.8205129,1.203603,0.10149022319615993,0.4668910801410675
5801,39627829503068042,1.1501859647943973,600,400,500,constant,0.8205129,1.0606158,0.10149022319615993,0.292625367641449
5801,39627829503068042,1.1501859647943973,600,400,500,powerlaw,0.8205129,1.0375123,0.10149022319615993,0.2644680142402649
5801,39627829503068042,1.1501859647943973,400,400,100,constant,0.77467763,0.81957185,0.11707162347454425,0.05795212835073471
5801,39627829503068042,1.1501859647943973,400,400,100,powerlaw,0.77467763,0.4940192,0.11707162347454425,0.3622905910015106
5801,39627829503068042,1.1501859647943973,400,400,200,constant,0.77467763,0.84659415,0.11707162347454425,0.09283412247896194
5801,39627829503068042,1.1501859647943973,400,400,200,powerlaw,0.77467763,0.858761,0.11707162347454425,0.10853982716798782
5801,39627829503068042,1.1501859647943973,400,400,500,constant,0.77467763,0.99989617,0.11707162347454425,0.2907254993915558
5801,39627829503068042,1.1501859647943973,400,400,500,powerlaw,0.77467763,0.861631,0.11707162347454425,0.11224454641342163
6038,39627823471661509,0.860718732574633,800,800,100,constant,0.9842215,0.9782526,0.015550153479225212,0.0060646189376711845
6038,39627823471661509,0.860718732574633,800,800,100,powerlaw,0.9842215,0.8050488,0.015550153479225212,0.1820450872182846
6038,39627823471661509,0.860718732574633,800,800,200,constant,0.9842215,0.98187196,0.015550153479225212,0.002387222135439515
6038,39627823471661509,0.860718732574633,800,800,200,powerlaw,0.9842215,0.91418576,0.015550153479225212,0.0711585283279419
6038,39627823471661509,0.860718732574633,800,800,500,constant,0.9842215,1.0043393,0.015550153479225212,0.02044033631682396
6038,39627823471661509,0.860718732574633,800,800,500,powerlaw,0.9842215,0.9810197,0.015550153479225212,0.0032531723845750093
6038,39627823471661509,0.860718732574633,800,400,100,constant,1.0524474,0.97825265,0.01926504708563319,0.07049737870693207
6038,39627823471661509,0.860718732574633,800,400,100,powerlaw,1.0524474,0.8552997,0.01926504708563319,0.18732310831546783
6038,39627823471661509,0.860718732574633,800,400,200,constant,1.0524474,0.981872,0.01926504708563319,0.06705837696790695
6038,39627823471661509,0.860718732574633,800,400,200,powerlaw,1.0524474,0.9325434,0.01926504708563319,0.11392877250909805
6038,39627823471661509,0.860718732574633,800,400,500,constant,1.0524474,1.0043395,0.01926504708563319,0.04571057856082916
6038,39627823471661509,0.860718732574633,800,400,500,powerlaw,1.0524474,0.9853959,0.01926504708563319,0.06371010094881058
6038,39627823471661509,0.860718732574633,600,400,100,constant,1.0060878,0.94448954,0.022851001746954924,0.061225514858961105
6038,39627823471661509,0.860718732574633,600,400,100,powerlaw,1.0060878,0.95203453,0.022851001746954924,0.05372617393732071
6038,39627823471661509,0.860718732574633,600,400,200,constant,1.0060878,0.9704889,0.022851001746954924,0.03538346663117409
6038,39627823471661509,0.860718732574633,600,400,200,powerlaw,1.0060878,0.9223015,0.022851001746954924,0.0832793191075325
6038,39627823471661509,0.860718732574633,600,400,500,constant,1.0060878,0.99710566,0.022851001746954924,0.00892777182161808
6038,39627823471661509,0.860718732574633,600,400,500,powerlaw,1.0060878,0.9185167,0.022851001746954924,0.08704119920730591
6038,39627823471661509,0.860718732574633,400,400,100,constant,0.85666496,1.0704944,0.0263419032692537,0.24960686266422272
6038,39627823471661509,0.860718732574633,400,400,100,powerlaw,0.85666496,0.9795134,0.0263419032692537,0.14340314269065857
6038,39627823471661509,0.860718732574633,400,400,200,constant,0.85666496,1.0163901,0.0263419032692537,0.18644994497299194
6038,39627823471661509,0.860718732574633,400,400,200,powerlaw,0.85666496,1.1572871,0.0263419032692537,0.35092151165008545
6038,39627823471661509,0.860718732574633,400,400,500,constant,0.85666496,1.0063732,0.0263419032692537,0.17475701868534088
6038,39627823471661509,0.860718732574633,400,400,500,powerlaw,0.85666496,0.99020827,0.0263419032692537,0.1558874398469925
12042,39627781717361990,0.9776785035254671,800,800,100,constant,0.8913535,1.009816,0.05325884384784483,0.1329018920660019
12042,39627781717361990,0.9776785035254671,800,800,100,powerlaw,0.8913535,2.30881,0.05325884384784483,1.5902293920516968
12042,39627781717361990,0.9776785035254671,800,800,200,constant,0.8913535,0.9572137,0.05325884384784483,0.07388786971569061
12042,39627781717361990,0.9776785035254671,800,800,200,powerlaw,0.8913535,1.5467377,0.05325884384784483,0.7352685332298279
12042,39627781717361990,0.9776785035254671,800,800,500,constant,0.8913535,1.0470182,0.05325884384784483,0.1746385544538498
12042,39627781717361990,0.9776785035254671,800,800,500,powerlaw,0.8913535,0.85535824,0.05325884384784483,0.04038268327713013
12042,39627781717361990,0.9776785035254671,800,400,100,constant,0.9468099,1.0098159,0.06577744230447831,0.06654561311006546
12042,39627781717361990,0.9776785035254671,800,400,100,powerlaw,0.9468099,1.6597688,0.06577744230447831,0.7530117034912109
12042,39627781717361990,0.9776785035254671,800,400,200,constant,0.9468099,0.95721364,0.06577744230447831,0.01098821684718132
12042,39627781717361990,0.9776785035254671,800,400,200,powerlaw,0.9468099,1.3295968,0.06577744230447831,0.40429115295410156
12042,39627781717361990,0.9776785035254671,800,400,500,constant,0.9468099,1.0470182,0.06577744230447831,0.10583780705928802
12042,39627781717361990,0.9776785035254671,800,400,500,powerlaw,0.9468099,0.88460445,0.06577744230447831,0.06570002436637878
12042,39627781717361990,0.9776785035254671,600,400,100,constant,0.9132354,0.94293827,0.08189837853723991,0.032524846494197845
12042,39627781717361990,0.9776785035254671,600,400,100,powerlaw,0.9132354,0.71868926,0.08189837853723991,0.21302957832813263
12042,39627781717361990,0.9776785035254671,600,400,200,constant,0.9132354,0.9507989,0.08189837853723991,0.041132330894470215
12042,39627781717361990,0.9776785035254671,600,400,200,powerlaw,0.9132354,0.9455743,0.08189837853723991,0.03541130572557449
12042,39627781717361990,0.9776785035254671,600,400,500,constant,0.9132354,1.0041959,0.08189837853723991,0.09960246831178665
12042,39627781717361990,0.9776785035254671,600,400,500,powerlaw,0.9132354,0.8807563,0.08189837853723991,0.03556487709283829
12042,39627781717361990,0.9776785035254671,400,400,100,constant,0.7857935,0.8477344,0.09075095523114966,0.0788259357213974
12042,39627781717361990,0.9776785035254671,400,400,100,powerlaw,0.7857935,0.774224,0.09075095523114966,0.014723334461450577
12042,39627781717361990,0.9776785035254671,400,400,200,constant,0.7857935,0.8905249,0.09075095523114966,0.13328112661838531
12042,39627781717361990,0.9776785035254671,400,400,200,powerlaw,0.7857935,0.6494734,0.09075095523114966,0.17348076403141022
12042,39627781717361990,0.9776785035254671,400,400,500,constant,0.7857935,0.9341256,0.09075095523114966,0.18876729905605316
12042,39627781717361990,0.9776785035254671,400,400,500,powerlaw,0.7857935,0.8508529,0.09075095523114966,0.08279455453157425
6665,39627823467468084,0.6320899487101315,800,800,100,constant,1.1470895,1.1373076,0.007773641380520902,0.008527527563273907
6665,39627823467468084,0.6320899487101315,800,800,100,powerlaw,1.1470895,1.1387035,0.007773641380520902,0.0073106903582811356
6665,39627823467468084,0.6320899487101315,800,800,200,constant,1.1470895,1.1237166,0.007773641380520902,0.020375819876790047
6665,39627823467468084,0.6320899487101315,800,800,200,powerlaw,1.1470895,1.186389,0.007773641380520902,0.03426017612218857
6665,39627823467468084,0.6320899487101315,800,800,500,constant,1.1470895,1.0700868,0.007773641380520902,0.06712871789932251
6665,39627823467468084,0.6320899487101315,800,800,500,powerlaw,1.1470895,1.2173741,0.007773641380520902,0.06127212196588516
6665,39627823467468084,0.6320899487101315,800,400,100,constant,1.1355877,1.1373075,0.00977700957716664,0.001514486619271338
6665,39627823467468084,0.6320899487101315,800,400,100,powerlaw,1.1355877,1.1400976,0.00977700957716664,0.003971446771174669
6665,39627823467468084,0.6320899487101315,800,400,200,constant,1.1355877,1.1237165,0.00977700957716664,0.010453810915350914
6665,39627823467468084,0.6320899487101315,800,400,200,powerlaw,1.1355877,1.1673558,0.00977700957716664,0.027975015342235565
6665,39627823467468084,0.6320899487101315,800,400,500,constant,1.1355877,1.070087,0.00977700957716664,0.05768003314733505
6665,39627823467468084,0.6320899487101315,800,400,500,powerlaw,1.1355877,1.1853356,0.00977700957716664,0.04380810260772705
6665,39627823467468084,0.6320899487101315,600,400,100,constant,1.1601499,1.1466242,0.011920880485727163,0.01165860053151846
6665,39627823467468084,0.6320899487101315,600,400,100,powerlaw,1.1601499,1.2336854,0.011920880485727163,0.06338442862033844
6665,39627823467468084,0.6320899487101315,600,400,200,constant,1.1601499,1.1390922,0.011920880485727163,0.01815086603164673
6665,39627823467468084,0.6320899487101315,600,400,200,powerlaw,1.1601499,1.1729225,0.011920880485727163,0.011009404435753822
6665,39627823467468084,0.6320899487101315,600,400,500,constant,1.1601499,1.0967504,0.011920880485727163,0.05464772507548332
6665,39627823467468084,0.6320899487101315,600,400,500,powerlaw,1.1601499,1.2017053,0.011920880485727163,0.03581899404525757
6665,39627823467468084,0.6320899487101315,400,400,100,constant,1.1668576,1.1620079,0.012817506827293046,0.004156181588768959
6665,39627823467468084,0.6320899487101315,400,400,100,powerlaw,1.1668576,1.2213136,0.012817506827293046,0.04666892811655998
6665,39627823467468084,0.6320899487101315,400,400,200,constant,1.1668576,1.1550251,0.012817506827293046,0.010140462778508663
6665,39627823467468084,0.6320899487101315,400,400,200,powerlaw,1.1668576,1.1478275,0.012817506827293046,0.016308840364217758
6665,39627823467468084,0.6320899487101315,400,400,500,constant,1.1668576,1.128371,0.012817506827293046,0.032983116805553436
6665,39627823467468084,0.6320899487101315,400,400,500,powerlaw,1.1668576,1.1830496,0.012817506827293046,0.013876551762223244
9552,39627841595245496,0.9931782033669452,800,800,100,constant,0.82209206,1.1760163,0.06436998782968387,0.4305166006088257
9552,39627841595245496,0.9931782033669452,800,800,100,powerlaw,0.82209206,1.9365562,0.06436998782968387,1.3556439876556396
9552,39627841595245496,0.9931782033669452,800,800,200,constant,0.82209206,1.1305732,0.06436998782968387,0.3752391040325165
9552,39627841595245496,0.9931782033669452,800,800,200,powerlaw,0.82209206,1.2840687,0.06436998782968387,0.5619524717330933
9552,39627841595245496,0.9931782033669452,800,800,500,constant,0.82209206,1.0735115,0.06436998782968387,0.3058288097381592
9552,39627841595245496,0.9931782033669452,800,800,500,powerlaw,0.82209206,1.0394645,0.06436998782968387,0.2644137144088745
9552,39627841595245496,0.9931782033669452,800,400,100,constant,0.89596236,1.1760164,0.0767511480910678,0.31257349252700806
9552,39627841595245496,0.9931782033669452,800,400,100,powerlaw,0.89596236,1.6211942,0.0767511480910678,0.8094446063041687
9552,39627841595245496,0.9931782033669452,800,400,200,constant,0.89596236,1.1305733,0.0767511480910678,0.26185354590415955
9552,39627841595245496,0.9931782033669452,800,400,200,powerlaw,0.89596236,1.2346357,0.0767511480910678,0.37799954414367676
9552,39627841595245496,0.9931782033669452,800,400,500,constant,0.89596236,1.0735115,0.0767511480910678,0.19816583395004272
9552,39627841595245496,0.9931782033669452,800,400,500,powerlaw,0.89596236,1.0394926,0.0767511480910678,0.16019673645496368
9552,39627841595245496,0.9931782033669452,600,400,100,constant,0.9249471,0.86194676,0.09999163923224721,0.06811235100030899
9552,39627841595245496,0.9931782033669452,600,400,100,powerlaw,0.9249471,0.59117377,0.09999163923224721,0.36085665225982666
9552,39627841595245496,0.9931782033669452,600,400,200,constant,0.9249471,1.0116819,0.09999163923224721,0.09377274662256241
9552,39627841595245496,0.9931782033669452,600,400,200,powerlaw,0.9249471,0.70940673,0.09999163923224721,0.23302993178367615
9552,39627841595245496,0.9931782033669452,600,400,500,constant,0.9249471,1.0054134,0.09999163923224721,0.08699560165405273
9552,39627841595245496,0.9931782033669452,600,400,500,powerlaw,0.9249471,0.95988774,0.09999163923224721,0.03777584806084633
9552,39627841595245496,0.9931782033669452,400,400,100,constant,0.6469129,0.949696,0.11819295840913491,0.46804314851760864
9552,39627841595245496,0.9931782033669452,400,400,100,powerlaw,0.6469129,1.8906355,0.11819295840913491,1.9225505590438843
9552,39627841595245496,0.9931782033669452,400,400,200,constant,0.6469129,0.9297578,0.11819295840913491,0.43722257018089294
9552,39627841595245496,0.9931782033669452,400,400,200,powerlaw,0.6469129,0.9764254,0.11819295840913491,0.5093615651130676
9552,39627841595245496,0.9931782033669452,400,400,500,constant,0.6469129,1.0087998,0.11819295840913491,0.5594059824943542
9552,39627841595245496,0.9931782033669452,400,400,500,powerlaw,0.6469129,0.94220626,0.11819295840913491,0.456465482711792
9685,39627847630850570,0.8607124842411852,800,800,100,constant,1.0581396,1.1356423,0.01416233065212092,0.07324433326721191
9685,39627847630850570,0.8607124842411852,800,800,100,powerlaw,1.0581396,1.071465,0.01416233065212092,0.0125932851806283
9685,39627847630850570,0.8607124842411852,800,800,200,constant,1.0581396,1.1370367,0.01416233065212092,0.07456211000680923
9685,39627847630850570,0.8607124842411852,800,800,200,powerlaw,1.0581396,1.1061119,0.01416233065212092,0.04533647745847702
9685,39627847630850570,0.8607124842411852,800,800,500,constant,1.0581396,1.1023618,0.01416233065212092,0.04179244115948677
9685,39627847630850570,0.8607124842411852,800,800,500,powerlaw,1.0581396,1.2167044,0.01416233065212092,0.149852454662323
9685,39627847630850570,0.8607124842411852,800,400,100,constant,1.0806367,1.1356423,0.01742887656944579,0.050901055335998535
9685,39627847630850570,0.8607124842411852,800,400,100,powerlaw,1.0806367,1.0882465,0.01742887656944579,0.007041890174150467
9685,39627847630850570,0.8607124842411852,800,400,200,constant,1.0806367,1.1370369,0.01742887656944579,0.05219161882996559
9685,39627847630850570,0.8607124842411852,800,400,200,powerlaw,1.0806367,1.1129618,0.01742887656944579,0.02991294674575329
9685,39627847630850570,0.8607124842411852,800,400,500,constant,1.0806367,1.102362,0.01742887656944579,0.020104162395000458
9685,39627847630850570,0.8607124842411852,800,400,500,powerlaw,1.0806367,1.1946727,0.01742887656944579,0.1055266410112381
9685,39627847630850570,0.8607124842411852,600,400,100,constant,1.0735288,1.073456,0.021095315760337977,6.773704808438197e-05
9685,39627847630850570,0.8607124842411852,600,400,100,powerlaw,1.0735288,1.2599053,0.021095315760337977,0.17361116409301758
9685,39627847630850570,0.8607124842411852,600,400,200,constant,1.0735288,1.1048679,0.021095315760337977,0.029192667454481125
9685,39627847630850570,0.8607124842411852,600,400,200,powerlaw,1.0735288,1.0819927,0.021095315760337977,0.007884259335696697
9685,39627847630850570,0.8607124842411852,600,400,500,constant,1.0735288,1.1161941,0.021095315760337977,0.039743099361658096
9685,39627847630850570,0.8607124842411852,600,400,500,powerlaw,1.0735288,1.1059221,0.021095315760337977,0.030174633488059044
9685,39627847630850570,0.8607124842411852,400,400,100,constant,1.0144134,1.0450948,0.024298343120023946,0.030245551839470863
9685,39627847630850570,0.8607124842411852,400,400,100,powerlaw,1.0144134,0.8513053,0.024298343120023946,0.16079051792621613
9685,39627847630850570,0.8607124842411852,400,400,200,constant,1.0144134,1.0595397,0.024298343120023946,0.04448514059185982
9685,39627847630850570,0.8607124842411852,400,400,200,powerlaw,1.0144134,1.0752639,0.024298343120023946,0.05998590216040611
9685,39627847630850570,0.8607124842411852,400,400,500,constant,1.0144134,1.1014969,0.024298343120023946,0.08584624528884888
9685,39627847630850570,0.8607124842411852,400,400,500,powerlaw,1.0144134,1.0656024,0.024298343120023946,0.05046174302697182
5230,39627859735611020,0.9269875721644432,800,800,100,constant,1.2175139,1.2623919,0.017657008670214337,0.03686036542057991
5230,39627859735611020,0.9269875721644432,800,800,100,powerlaw,1.2175139,1.3283433,0.017657008670214337,0.09102922677993774
5230,39627859735611020,0.9269875721644432,800,800,200,constant,1.2175139,1.2342912,0.017657008670214337,0.013779946602880955
5230,39627859735611020,0.9269875721644432,800,800,200,powerlaw,1.2175139,1.4076877,0.017657008670214337,0.1561984121799469
5230,39627859735611020,0.9269875721644432,800,800,500,constant,1.2175139,1.0970565,0.017657008670214337,0.09893719106912613
5230,39627859735611020,0.9269875721644432,800,800,500,powerlaw,1.2175139,1.507066,0.017657008670214337,0.23782241344451904
5230,39627859735611020,0.9269875721644432,800,400,100,constant,1.2385896,1.2623919,0.021530346265680796,0.019217245280742645
5230,39627859735611020,0.9269875721644432,800,400,100,powerlaw,1.2385896,1.3105847,0.021530346265680796,0.05812661349773407
5230,39627859735611020,0.9269875721644432,800,400,200,constant,1.2385896,1.2342912,0.021530346265680796,0.003470438066869974
5230,39627859735611020,0.9269875721644432,800,400,200,powerlaw,1.2385896,1.3579612,0.021530346265680796,0.09637698531150818
5230,39627859735611020,0.9269875721644432,800,400,500,constant,1.2385896,1.0970564,0.021530346265680796,0.1142696887254715
5230,39627859735611020,0.9269875721644432,800,400,500,powerlaw,1.2385896,1.4245875,0.021530346265680796,0.15016905963420868
5230,39627859735611020,0.9269875721644432,600,400,100,constant,1.2201338,1.240845,0.027793520890676122,0.016974518075585365
5230,39627859735611020,0.9269875721644432,600,400,100,powerlaw,1.2201338,1.2693031,0.027793520890676122,0.04029828682541847
5230,39627859735611020,0.9269875721644432,600,400,200,constant,1.2201338,1.249779,0.027793520890676122,0.024296684190630913
5230,39627859735611020,0.9269875721644432,600,400,200,powerlaw,1.2201338,1.2184845,0.027793520890676122,0.0013517047045752406
5230,39627859735611020,0.9269875721644432,600,400,500,constant,1.2201338,1.15607,0.027793520890676122,0.05250554531812668
5230,39627859735611020,0.9269875721644432,600,400,500,powerlaw,1.2201338,1.3734581,0.027793520890676122,0.1256619244813919
5230,39627859735611020,0.9269875721644432,400,400,100,constant,1.174225,1.2327999,0.030856917856323954,0.0498838946223259
5230,39627859735611020,0.9269875721644432,400,400,100,powerlaw,1.174225,1.5233033,0.030856917856323954,0.29728400707244873
5230,39627859735611020,0.9269875721644432,400,400,200,constant,1.174225,1.2389568,0.030856917856323954,0.05512728542089462
5230,39627859735611020,0.9269875721644432,400,400,200,powerlaw,1.174225,1.330078,0.030856917856323954,0.1327284276485443
5230,39627859735611020,0.9269875721644432,400,400,500,constant,1.174225,1.2143655,0.030856917856323954,0.03418468311429024
5230,39627859735611020,0.9269875721644432,400,400,500,powerlaw,1.174225,1.3311067,0.030856917856323954,0.13360445201396942
4817,39627853691622707,1.276893570968144,800,800,100,constant,0.974968,1.1975844,0.05777451413998243,0.22833198308944702
4817,39627853691622707,1.276893570968144,800,800,100,powerlaw,0.974968,1.0318818,0.05777451413998243,0.058375034481287
4817,39627853691622707,1.276893570968144,800,800,200,constant,0.974968,1.0061102,0.05777451413998243,0.031941741704940796
4817,39627853691622707,1.276893570968144,800,800,200,powerlaw,0.974968,2.0775266,0.05777451413998243,1.1308664083480835
4817,39627853691622707,1.276893570968144,800,800,500,constant,0.974968,0.83020115,0.05777451413998243,0.14848370850086212
4817,39627853691622707,1.276893570968144,800,800,500,powerlaw,0.974968,1.4411458,0.05777451413998243,0.4781467318534851
4817,39627853691622707,1.276893570968144,800,400,100,constant,0.91710806,1.1975845,0.06901319302452048,0.3058270514011383
4817,39627853691622707,1.276893570968144,800,400,100,powerlaw,0.91710806,1.0825623,0.06901319302452048,0.18040870130062103
4817,39627853691622707,1.276893570968144,800,400,200,constant,0.91710806,1.0061102,0.06901319302452048,0.09704650193452835
4817,39627853691622707,1.276893570968144,800,400,200,powerlaw,0.91710806,1.6909331,0.06901319302452048,0.8437665104866028
4817,39627853691622707,1.276893570968144,800,400,500,constant,0.91710806,0.8302012,0.06901319302452048,0.09476184099912643
4817,39627853691622707,1.276893570968144,800,400,500,powerlaw,0.91710806,1.3178802,0.06901319302452048,0.4369955062866211
4817,39627853691622707,1.276893570968144,600,400,100,constant,0.95788574,0.97375965,0.08898944291604025,0.01657181791961193
4817,39627853691622707,1.276893570968144,600,400,100,powerlaw,0.95788574,0.63997376,0.08898944291604025,0.33188924193382263
4817,39627853691622707,1.276893570968144,600,400,200,constant,0.95788574,1.0628183,0.08898944291604025,0.10954599827528
4817,39627853691622707,1.276893570968144,600,400,200,powerlaw,0.95788574,0.8672211,0.08898944291604025,0.09465077519416809
4817,39627853691622707,1.276893570968144,600,400,500,constant,0.95788574,0.87203485,0.08898944291604025,0.08962540328502655
4817,39627853691622707,1.276893570968144,600,400,500,powerlaw,0.95788574,1.248051,0.08898944291604025,0.30292266607284546
4817,39627853691622707,1.276893570968144,400,400,100,constant,1.1105052,0.91669303,0.10562634117552883,0.1745261400938034
4817,39627853691622707,1.276893570968144,400,400,100,powerlaw,1.1105052,0.89330125,0.10562634117552883,0.19559022784233093
4817,39627853691622707,1.276893570968144,400,400,200,constant,1.1105052,0.9559798,0.10562634117552883,0.1391487419605255
4817,39627853691622707,1.276893570968144,400,400,200,powerlaw,1.1105052,0.6823956,0.10562634117552883,0.3855088949203491
4817,39627853691622707,1.276893570968144,400,400,500,constant,1.1105052,0.9201274,0.10562634117552883,0.17143353819847107
4817,39627853691622707,1.276893570968144,400,400,500,powerlaw,1.1105052,1.1265048,0.10562634117552883,0.01440745685249567
10039,39627847635043788,0.8519213513153197,800,800,100,constant,1.184931,0.81864506,0.03256098009601602,0.3091200888156891
10039,39627847635043788,0.8519213513153197,800,800,100,powerlaw,1.184931,2.1522288,0.03256098009601602,0.8163325786590576
10039,39627847635043788,0.8519213513153197,800,800,200,constant,1.184931,0.841038,0.03256098009601602,0.2902219891548157
10039,39627847635043788,0.8519213513153197,800,800,200,powerlaw,1.184931,0.8841884,0.03256098009601602,0.2538060247898102
10039,39627847635043788,0.8519213513153197,800,800,500,constant,1.184931,0.9241381,0.03256098009601602,0.22009120881557465
10039,39627847635043788,0.8519213513153197,800,800,500,powerlaw,1.184931,0.74986523,0.03256098009601602,0.3671655058860779
10039,39627847635043788,0.8519213513153197,800,400,100,constant,1.3983186,0.81864524,0.039303037173464235,0.4145503044128418
10039,39627847635043788,0.8519213513153197,800,400,100,powerlaw,1.3983186,1.4894711,0.039303037173464235,0.06518716365098953
10039,39627847635043788,0.8519213513153197,800,400,200,constant,1.3983186,0.84103805,0.039303037173464235,0.39853620529174805
10039,39627847635043788,0.8519213513153197,800,400,200,powerlaw,1.3983186,0.8785512,0.039303037173464235,0.37170886993408203
10039,39627847635043788,0.8519213513153197,800,400,500,constant,1.3983186,0.9241383,0.039303037173464235,0.3391075134277344
10039,39627847635043788,0.8519213513153197,800,400,500,powerlaw,1.3983186,0.7757408,0.039303037173464235,0.44523316621780396
10039,39627847635043788,0.8519213513153197,600,400,100,constant,1.3388213,1.0342087,0.05138176489878683,0.22752299904823303
10039,39627847635043788,0.8519213513153197,600,400,100,powerlaw,1.3388213,0.99120104,0.05138176489878683,0.259646475315094
10039,39627847635043788,0.8519213513153197,600,400,200,constant,1.3388213,0.93138933,0.05138176489878683,0.30432137846946716
10039,39627847635043788,0.8519213513153197,600,400,200,powerlaw,1.3388213,1.2773557,0.05138176489878683,0.04591025039553642
10039,39627847635043788,0.8519213513153197,600,400,500,constant,1.3388213,0.9103869,0.05138176489878683,0.32000863552093506
10039,39627847635043788,0.8519213513153197,600,400,500,powerlaw,1.3388213,1.001996,0.05138176489878683,0.25158342719078064
10039,39627847635043788,0.8519213513153197,400,400,100,constant,0.71799195,0.8593699,0.05813955323584583,0.1969074010848999
10039,39627847635043788,0.8519213513153197,400,400,100,powerlaw,0.71799195,0.85294694,0.05813955323584583,0.18796169757843018
10039,39627847635043788,0.8519213513153197,400,400,200,constant,0.71799195,0.9361101,0.05813955323584583,0.3037891089916229
10039,39627847635043788,0.8519213513153197,400,400,200,powerlaw,0.71799195,0.83670896,0.05813955323584583,0.16534589231014252
10039,39627847635043788,0.8519213513153197,400,400,500,constant,0.71799195,0.8987264,0.05813955323584583,0.251722127199173
10039,39627847635043788,0.8519213513153197,400,400,500,powerlaw,0.71799195,0.99955356,0.05813955323584583,0.39215150475502014
995,39627841624609659,1.0354577720635554,800,800,100,constant,0.94116354,1.0518042,0.05399324577315923,0.11755730211734772
995,39627841624609659,1.0354577720635554,800,800,100,powerlaw,0.94116354,0.9510147,0.05399324577315923,0.01046699844300747
995,39627841624609659,1.0354577720635554,800,800,200,constant,0.94116354,0.99737585,0.05399324577315923,0.05972639471292496
995,39627841624609659,1.0354577720635554,800,800,200,powerlaw,0.94116354,1.3852607,0.05399324577315923,0.47185972332954407
995,39627841624609659,1.0354577720635554,800,800,500,constant,0.94116354,1.0294863,0.05399324577315923,0.0938442200422287
995,39627841624609659,1.0354577720635554,800,800,500,powerlaw,0.94116354,1.0514743,0.05399324577315923,0.11720682680606842
995,39627841624609659,1.0354577720635554,800,400,100,constant,0.964668,1.0518042,0.06546871157599012,0.0903276652097702
995,39627841624609659,1.0354577720635554,800,400,100,powerlaw,0.964668,0.98738277,0.06546871157599012,0.023546747863292694
995,39627841624609659,1.0354577720635554,800,400,200,constant,0.964668,0.99737585,0.06546871157599012,0.03390583023428917
995,39627841624609659,1.0354577720635554,800,400,200,powerlaw,0.964668,1.2636613,0.06546871157599012,0.3099442422389984
995,39627841624609659,1.0354577720635554,800,400,500,constant,0.964668,1.0294863,0.06546871157599012,0.06719236820936203
995,39627841624609659,1.0354577720635554,800,400,500,powerlaw,0.964668,1.0478388,0.06546871157599012,0.08621705323457718
995,39627841624609659,1.0354577720635554,600,400,100,constant,0.8739746,1.143912,0.08367192243173345,0.30886176228523254
995,39627841624609659,1.0354577720635554,600,400,100,powerlaw,0.8739746,1.0204976,0.08367192243173345,0.1676512509584427
995,39627841624609659,1.0354577720635554,600,400,200,constant,0.8739746,1.0922525,0.08367192243173345,0.24975310266017914
995,39627841624609659,1.0354577720635554,600,400,200,powerlaw,0.8739746,1.0116999,0.08367192243173345,0.157585009932518
995,39627841624609659,1.0354577720635554,600,400,500,constant,0.8739746,1.0496373,0.08367192243173345,0.2009928971529007
995,39627841624609659,1.0354577720635554,600,400,500,powerlaw,0.8739746,1.0854254,0.08367192243173345,0.24194152653217316
995,39627841624609659,1.0354577720635554,400,400,100,constant,0.89118004,0.66591066,0.09547139870240381,0.25277650356292725
995,39627841624609659,1.0354577720635554,400,400,100,powerlaw,0.89118004,0.03453309,0.09547139870240381,0.9612501859664917
995,39627841624609659,1.0354577720635554,400,400,200,constant,0.89118004,0.899261,0.09547139870240381,0.009067706763744354
995,39627841624609659,1.0354577720635554,400,400,200,powerlaw,0.89118004,0.52147245,0.09547139870240381,0.41485172510147095
995,39627841624609659,1.0354577720635554,400,400,500,constant,0.89118004,0.971285,0.09547139870240381,0.0898863822221756
995,39627841624609659,1.0354577720635554,400,400,500,powerlaw,0.89118004,0.9126815,0.09547139870240381,0.02412697859108448
8321,39627829528235135,0.9333229848383618,800,800,100,constant,0.8981396,0.84386396,0.04153061174893856,0.06043117493391037
8321,39627829528235135,0.9333229848383618,800,800,100,powerlaw,0.8981396,1.1257472,0.04153061174893856,0.25342118740081787
8321,39627829528235135,0.9333229848383618,800,800,200,constant,0.8981396,0.82088673,0.04153061174893856,0.08601431548595428
8321,39627829528235135,0.9333229848383618,800,800,200,powerlaw,0.8981396,0.97137284,0.04153061174893856,0.08153882622718811
8321,39627829528235135,0.9333229848383618,800,800,500,constant,0.8981396,0.89132404,0.04153061174893856,0.007588522508740425
8321,39627829528235135,0.9333229848383618,800,800,500,powerlaw,0.8981396,0.80948055,0.04153061174893856,0.09871410578489304
8321,39627829528235135,0.9333229848383618,800,400,100,constant,0.86982584,0.84386396,0.05005218462611796,0.02984721213579178
8321,39627829528235135,0.9333229848383618,800,400,100,powerlaw,0.86982584,1.0225916,0.05005218462611796,0.17562797665596008
8321,39627829528235135,0.9333229848383618,800,400,200,constant,0.86982584,0.82088685,0.05005218462611796,0.05626297369599342
8321,39627829528235135,0.9333229848383618,800,400,200,powerlaw,0.86982584,0.92748195,0.05005218462611796,0.0662846565246582
8321,39627829528235135,0.9333229848383618,800,400,500,constant,0.86982584,0.8913239,0.05005218462611796,0.02471538819372654
8321,39627829528235135,0.9333229848383618,800,400,500,powerlaw,0.86982584,0.826845,0.05005218462611796,0.04941316694021225
8321,39627829528235135,0.9333229848383618,600,400,100,constant,0.8853392,0.88237274,0.06331271560763095,0.0033506520558148623
8321,39627829528235135,0.9333229848383618,600,400,100,powerlaw,0.8853392,0.789992,0.06331271560763095,0.10769569873809814
8321,39627829528235135,0.9333229848383618,600,400,200,constant,0.8853392,0.8705628,0.06331271560763095,0.01669011078774929
8321,39627829528235135,0.9333229848383618,600,400,200,powerlaw,0.8853392,0.9021937,0.06331271560763095,0.019037364050745964
8321,39627829528235135,0.9333229848383618,600,400,500,constant,0.8853392,0.8849061,0.06331271560763095,0.0004891767166554928
8321,39627829528235135,0.9333229848383618,600,400,500,powerlaw,0.8853392,0.8507346,0.06331271560763095,0.039086271077394485
8321,39627829528235135,0.9333229848383618,400,400,100,constant,0.9607148,0.78821826,0.07440884013765156,0.17955021560192108
8321,39627829528235135,0.9333229848383618,400,400,100,powerlaw,0.9607148,0.68052655,0.07440884013765156,0.2916456162929535
8321,39627829528235135,0.9333229848383618,400,400,200,constant,0.9607148,0.83230376,0.07440884013765156,0.13366198539733887
8321,39627829528235135,0.9333229848383618,400,400,200,powerlaw,0.9607148,0.6811373,0.07440884013765156,0.2910098731517792
8321,39627829528235135,0.9333229848383618,400,400,500,constant,0.9607148,0.86328924,0.07440884013765156,0.10140947252511978
8321,39627829528235135,0.9333229848383618,400,400,500,powerlaw,0.9607148,0.7699808,0.07440884013765156,0.19853344559669495
8918,39627835555450530,0.9563082014018074,800,800,100,constant,1.2554239,1.2501271,0.018121232840375298,0.004219153895974159
8918,39627835555450530,0.9563082014018074,800,800,100,powerlaw,1.2554239,1.1687878,0.018121232840375298,0.06900941580533981
8918,39627835555450530,0.9563082014018074,800,800,200,constant,1.2554239,1.21879,0.018121232840375298,0.029180461540818214
8918,39627835555450530,0.9563082014018074,800,800,200,powerlaw,1.2554239,1.4367589,0.018121232840375298,0.14444123208522797
8918,39627835555450530,0.9563082014018074,800,800,500,constant,1.2554239,1.0970914,0.018121232840375298,0.1261187344789505
8918,39627835555450530,0.9563082014018074,800,800,500,powerlaw,1.2554239,1.3709018,0.018121232840375298,0.09198320657014847
8918,39627835555450530,0.9563082014018074,800,400,100,constant,1.2606694,1.2501271,0.02220453395869124,0.008362441323697567
8918,39627835555450530,0.9563082014018074,800,400,100,powerlaw,1.2606694,1.1979586,0.02220453395869124,0.04974402114748955
8918,39627835555450530,0.9563082014018074,800,400,200,constant,1.2606694,1.21879,0.02220453395869124,0.03321988880634308
8918,39627835555450530,0.9563082014018074,800,400,200,powerlaw,1.2606694,1.3691084,0.02220453395869124,0.08601707220077515
8918,39627835555450530,0.9563082014018074,800,400,500,constant,1.2606694,1.0970913,0.02220453395869124,0.129754900932312
8918,39627835555450530,0.9563082014018074,800,400,500,powerlaw,1.2606694,1.3186036,0.02220453395869124,0.04595517739653587
8918,39627835555450530,0.9563082014018074,600,400,100,constant,1.272046,1.2407368,0.02754626551805735,0.02461320534348488
8918,39627835555450530,0.9563082014018074,600,400,100,powerlaw,1.272046,1.1521242,0.02754626551805735,0.09427473694086075
8918,39627835555450530,0.9563082014018074,600,400,200,constant,1.272046,1.2465129,0.02754626551805735,0.0200724508613348
8918,39627835555450530,0.9563082014018074,600,400,200,powerlaw,1.272046,1.200542,0.02754626551805735,0.05621180310845375
8918,39627835555450530,0.9563082014018074,600,400,500,constant,1.272046,1.1382371,0.02754626551805735,0.10519183427095413
8918,39627835555450530,0.9563082014018074,600,400,500,powerlaw,1.272046,1.3651015,0.02754626551805735,0.07315418869256973
8918,39627835555450530,0.9563082014018074,400,400,100,constant,1.2449628,1.2595378,0.0313568447672754,0.011707181110978127
8918,39627835555450530,0.9563082014018074,400,400,100,powerlaw,1.2449628,1.3299055,0.0313568447672754,0.06822910159826279
8918,39627835555450530,0.9563082014018074,400,400,200,constant,1.2449628,1.2544348,0.0313568447672754,0.007608269341289997
8918,39627835555450530,0.9563082014018074,400,400,200,powerlaw,1.2449628,1.2715914,0.0313568447672754,0.021389083936810493
8918,39627835555450530,0.9563082014018074,400,400,500,constant,1.2449628,1.1944408,0.0313568447672754,0.0405811071395874
8918,39627835555450530,0.9563082014018074,400,400,500,powerlaw,1.2449628,1.4079683,0.0313568447672754,0.1309320032596588
10765,39627853666455624,0.1009551187790436,800,800,100,constant,0.6058854,0.7753577,0.051179888208331484,0.27971023321151733
10765,39627853666455624,0.1009551187790436,800,800,100,powerlaw,0.6058854,0.11194225,0.051179888208331484,0.8152418732643127
10765,39627853666455624,0.1009551187790436,800,800,200,constant,0.6058854,0.8139425,0.051179888208331484,0.3433935046195984
10765,39627853666455624,0.1009551187790436,800,800,200,powerlaw,0.6058854,0.3532774,0.051179888208331484,0.41692373156547546
10765,39627853666455624,0.1009551187790436,800,800,500,constant,0.6058854,0.7232466,0.051179888208331484,0.19370196759700775
10765,39627853666455624,0.1009551187790436,800,800,500,powerlaw,0.6058854,0.86129934,0.051179888208331484,0.42155489325523376
10765,39627853666455624,0.1009551187790436,800,400,100,constant,0.52016085,0.77535784,0.0618518276804999,0.4906116724014282
10765,39627853666455624,0.1009551187790436,800,400,100,powerlaw,0.52016085,0.16096759,0.0618518276804999,0.6905426979064941
10765,39627853666455624,0.1009551187790436,800,400,200,constant,0.52016085,0.8139425,0.0618518276804999,0.5647899508476257
10765,39627853666455624,0.1009551187790436,800,400,200,powerlaw,0.52016085,0.43260533,0.0618518276804999,0.16832394897937775
10765,39627853666455624,0.1009551187790436,800,400,500,constant,0.52016085,0.7232467,0.0618518276804999,0.39042893052101135
10765,39627853666455624,0.1009551187790436,800,400,500,powerlaw,0.52016085,0.8167661,0.0618518276804999,0.5702182650566101
10765,39627853666455624,0.1009551187790436,600,400,100,constant,0.6877312,0.39944473,0.07958428636927338,0.4191848039627075
10765,39627853666455624,0.1009551187790436,600,400,100,powerlaw,0.6877312,0.3178015,0.07958428636927338,0.5378986597061157
10765,39627853666455624,0.1009551187790436,600,400,200,constant,0.6877312,0.50036407,0.07958428636927338,0.27244240045547485
10765,39627853666455624,0.1009551187790436,600,400,200,powerlaw,0.6877312,0.23187399,0.07958428636927338,0.6628421545028687
10765,39627853666455624,0.1009551187790436,600,400,500,constant,0.6877312,0.68288153,0.07958428636927338,0.007051697466522455
10765,39627853666455624,0.1009551187790436,600,400,500,powerlaw,0.6877312,0.40655017,0.07958428636927338,0.40885311365127563
10765,39627853666455624,0.1009551187790436,400,400,100,constant,0.7920346,1.0594374,0.09114442055845903,0.3376149833202362
10765,39627853666455624,0.1009551187790436,400,400,100,powerlaw,0.7920346,18.359892,0.09114442055845903,22.1806697845459
10765,39627853666455624,0.1009551187790436,400,400,200,constant,0.7920346,0.7689091,0.09114442055845903,0.02919762395322323
10765,39627853666455624,0.1009551187790436,400,400,200,powerlaw,0.7920346,4.76618,0.09114442055845903,5.017641067504883
10765,39627853666455624,0.1009551187790436,400,400,500,constant,0.7920346,0.68344754,0.09114442055845903,0.13709890842437744
10765,39627853666455624,0.1009551187790436,400,400,500,powerlaw,0.7920346,0.3789717,0.09114442055845903,0.5215213298797607
1115,39627847668601089,0.8387782491234369,800,800,100,constant,1.197836,1.1571822,0.01870733754687797,0.03393939137458801
1115,39627847668601089,0.8387782491234369,800,800,100,powerlaw,1.197836,0.9257559,0.01870733754687797,0.2271430492401123
1115,39627847668601089,0.8387782491234369,800,800,200,constant,1.197836,1.2144657,0.01870733754687797,0.013883115723729134
1115,39627847668601089,0.8387782491234369,800,800,200,powerlaw,1.197836,0.9396721,0.01870733754687797,0.21552526950836182
1115,39627847668601089,0.8387782491234369,800,800,500,constant,1.197836,1.1849036,0.01870733754687797,0.010796485468745232
1115,39627847668601089,0.8387782491234369,800,800,500,powerlaw,1.197836,1.2836522,0.01870733754687797,0.07164264470338821
1115,39627847668601089,0.8387782491234369,800,400,100,constant,1.2062912,1.1571822,0.022684267667594495,0.04071071743965149
1115,39627847668601089,0.8387782491234369,800,400,100,powerlaw,1.2062912,0.991774,0.022684267667594495,0.1778319925069809
1115,39627847668601089,0.8387782491234369,800,400,200,constant,1.2062912,1.2144659,0.022684267667594495,0.006776686757802963
1115,39627847668601089,0.8387782491234369,800,400,200,powerlaw,1.2062912,1.0042392,0.022684267667594495,0.16749852895736694
1115,39627847668601089,0.8387782491234369,800,400,500,constant,1.2062912,1.1849035,0.022684267667594495,0.01773012802004814
1115,39627847668601089,0.8387782491234369,800,400,500,powerlaw,1.2062912,1.2682525,0.022684267667594495,0.05136512219905853
1115,39627847668601089,0.8387782491234369,600,400,100,constant,1.1273259,1.23874,0.028998974090940696,0.09883040189743042
1115,39627847668601089,0.8387782491234369,600,400,100,powerlaw,1.1273259,1.4649128,0.028998974090940696,0.2994581162929535
1115,39627847668601089,0.8387782491234369,600,400,200,constant,1.1273259,1.1932375,0.028998974090940696,0.05846725404262543
1115,39627847668601089,0.8387782491234369,600,400,200,powerlaw,1.1273259,1.3721725,0.028998974090940696,0.2171923667192459
1115,39627847668601089,0.8387782491234369,600,400,500,constant,1.1273259,1.2135494,0.028998974090940696,0.07648496329784393
1115,39627847668601089,0.8387782491234369,600,400,500,powerlaw,1.1273259,1.2375276,0.028998974090940696,0.09775497764348984
1115,39627847668601089,0.8387782491234369,400,400,100,constant,1.1798604,1.1754568,0.03307551291135926,0.0037322985008358955
1115,39627847668601089,0.8387782491234369,400,400,100,powerlaw,1.1798604,1.0735471,0.03307551291135926,0.09010662138462067
1115,39627847668601089,0.8387782491234369,400,400,200,constant,1.1798604,1.2092097,0.03307551291135926,0.024875255301594734
1115,39627847668601089,0.8387782491234369,400,400,200,powerlaw,1.1798604,1.0330001,0.03307551291135926,0.12447256594896317
1115,39627847668601089,0.8387782491234369,400,400,500,constant,1.1798604,1.2190276,0.03307551291135926,0.03319654241204262
1115,39627847668601089,0.8387782491234369,400,400,500,powerlaw,1.1798604,1.1259717,0.03307551291135926,0.04567377641797066
3600,39627811404647254,1.599478119757917,800,800,100,constant,1.3835065,1.1068004,0.09915831478229038,0.2000034600496292
3600,39627811404647254,1.599478119757917,800,800,100,powerlaw,1.3835065,1.3934954,0.09915831478229038,0.007219990249723196
3600,39627811404647254,1.599478119757917,800,800,200,constant,1.3835065,1.1716601,0.09915831478229038,0.15312285721302032
3600,39627811404647254,1.599478119757917,800,800,200,powerlaw,1.3835065,0.82818663,0.09915831478229038,0.4013858139514923
3600,39627811404647254,1.599478119757917,800,800,500,constant,1.3835065,1.493258,0.09915831478229038,0.07932847738265991
3600,39627811404647254,1.599478119757917,800,800,500,powerlaw,1.3835065,0.96111745,0.09915831478229038,0.30530327558517456
3600,39627811404647254,1.599478119757917,800,400,100,constant,1.3047105,1.1068007,0.12351871068638925,0.15168869495391846
3600,39627811404647254,1.599478119757917,800,400,100,powerlaw,1.3047105,1.2845162,0.12351871068638925,0.015477987006306648
3600,39627811404647254,1.599478119757917,800,400,200,constant,1.3047105,1.1716601,0.12351871068638925,0.10197698324918747
3600,39627811404647254,1.599478119757917,800,400,200,powerlaw,1.3047105,0.9080496,0.12351871068638925,0.3040221631526947
3600,39627811404647254,1.599478119757917,800,400,500,constant,1.3047105,1.493258,0.12351871068638925,0.14451289176940918
3600,39627811404647254,1.599478119757917,800,400,500,powerlaw,1.3047105,1.0179573,0.12351871068638925,0.2197829931974411
3600,39627811404647254,1.599478119757917,600,400,100,constant,1.0176711,1.2943782,0.14378737212279524,0.2719022333621979
3600,39627811404647254,1.599478119757917,600,400,100,powerlaw,1.0176711,3.2147694,0.14378737212279524,2.158947229385376
3600,39627811404647254,1.599478119757917,600,400,200,constant,1.0176711,1.1618955,0.14378737212279524,0.14172005653381348
3600,39627811404647254,1.599478119757917,600,400,200,powerlaw,1.0176711,1.5568169,0.14378737212279524,0.5297839641571045
3600,39627811404647254,1.599478119757917,600,400,500,constant,1.0176711,1.4276533,0.14378737212279524,0.40286317467689514
3600,39627811404647254,1.599478119757917,600,400,500,powerlaw,1.0176711,1.0244292,0.14378737212279524,0.006640744395554066
3600,39627811404647254,1.599478119757917,400,400,100,constant,1.5263321,1.2222637,0.16629607933642845,0.1992151290178299
3600,39627811404647254,1.599478119757917,400,400,100,powerlaw,1.5263321,0.4200936,0.16629607933642845,0.7247692346572876
3600,39627811404647254,1.599478119757917,400,400,200,constant,1.5263321,1.1935203,0.16629607933642845,0.21804679930210114
3600,39627811404647254,1.599478119757917,400,400,200,powerlaw,1.5263321,1.2859553,0.16629607933642845,0.15748658776283264
3600,39627811404647254,1.599478119757917,400,400,500,constant,1.5263321,1.2607048,0.16629607933642845,0.1740298718214035
3600,39627811404647254,1.599478119757917,400,400,500,powerlaw,1.5263321,1.1098168,0.16629607933642845,0.2728864550590515
1269,39627847668598885,1.502947374685064,800,800,100,constant,1.0057038,0.8000117,0.08544355065088363,0.20452554523944855
1269,39627847668598885,1.502947374685064,800,800,100,powerlaw,1.0057038,1.4131325,0.08544355065088363,0.40511801838874817
1269,39627847668598885,1.502947374685064,800,800,200,constant,1.0057038,0.8619304,0.08544355065088363,0.14295803010463715
1269,39627847668598885,1.502947374685064,800,800,200,powerlaw,1.0057038,0.5670079,0.08544355065088363,0.4362078607082367
1269,39627847668598885,1.502947374685064,800,800,500,constant,1.0057038,0.8672451,0.08544355065088363,0.13767346739768982
1269,39627847668598885,1.502947374685064,800,800,500,powerlaw,1.0057038,0.859213,0.08544355065088363,0.14565999805927277
1269,39627847668598885,1.502947374685064,800,400,100,constant,1.008934,0.80001163,0.10331691918739849,0.2070723921060562
1269,39627847668598885,1.502947374685064,800,400,100,powerlaw,1.008934,1.1438924,0.10331691918739849,0.13376334309577942
1269,39627847668598885,1.502947374685064,800,400,200,constant,1.008934,0.8619304,0.10331691918739849,0.14570194482803345
1269,39627847668598885,1.502947374685064,800,400,200,powerlaw,1.008934,0.6244285,0.10331691918739849,0.38110074400901794
1269,39627847668598885,1.502947374685064,800,400,500,constant,1.008934,0.86724514,0.10331691918739849,0.14043423533439636
1269,39627847668598885,1.502947374685064,800,400,500,powerlaw,1.008934,0.8605447,0.10331691918739849,0.1470753699541092
1269,39627847668598885,1.502947374685064,600,400,100,constant,1.030097,0.86862063,0.13456801575726415,0.1567584127187729
1269,39627847668598885,1.502947374685064,600,400,100,powerlaw,1.030097,0.584252,0.13456801575726415,0.4328184723854065
1269,39627847668598885,1.502947374685064,600,400,200,constant,1.030097,0.82432353,0.13456801575726415,0.1997612565755844
1269,39627847668598885,1.502947374685064,600,400,200,powerlaw,1.030097,0.8302784,0.13456801575726415,0.1939803808927536
1269,39627847668598885,1.502947374685064,600,400,500,constant,1.030097,0.86083204,0.13456801575726415,0.1643194556236267
1269,39627847668598885,1.502947374685064,600,400,500,powerlaw,1.030097,0.808848,0.13456801575726415,0.21478460729122162
1269,39627847668598885,1.502947374685064,400,400,100,constant,0.9987136,0.8975979,0.15198195404918363,0.1012459471821785
1269,39627847668598885,1.502947374685064,400,400,100,powerlaw,0.9987136,1.2867277,0.15198195404918363,0.2883850336074829
1269,39627847668598885,1.502947374685064,400,400,200,constant,0.9987136,0.8963084,0.15198195404918363,0.10253709554672241
1269,39627847668598885,1.502947374685064,400,400,200,powerlaw,0.9987136,0.9831845,0.15198195404918363,0.015549098141491413
1269,39627847668598885,1.502947374685064,400,400,500,constant,0.9987136,0.8661881,0.15198195404918363,0.13269619643688202
1269,39627847668598885,1.502947374685064,400,400,500,powerlaw,0.9987136,0.90101844,0.15198195404918363,0.09782100468873978
12634,39627787765547217,1.4957122019294429,800,800,100,constant,0.85911673,0.9226538,0.09183041220135972,0.07395625859498978
12634,39627787765547217,1.4957122019294429,800,800,100,powerlaw,0.85911673,1.5619729,0.09183041220135972,0.8181148171424866
12634,39627787765547217,1.4957122019294429,800,800,200,constant,0.85911673,0.8817066,0.09183041220135972,0.0262942872941494
12634,39627787765547217,1.4957122019294429,800,800,200,powerlaw,0.85911673,1.5995268,0.09183041220135972,0.86182701587677
12634,39627787765547217,1.4957122019294429,800,800,500,constant,0.85911673,0.85200256,0.09183041220135972,0.008280797861516476
12634,39627787765547217,1.4957122019294429,800,800,500,powerlaw,0.85911673,0.9000682,0.09183041220135972,0.047666966915130615
12634,39627787765547217,1.4957122019294429,800,400,100,constant,0.9217232,0.9226537,0.11295071563950229,0.0010095093166455626
12634,39627787765547217,1.4957122019294429,800,400,100,powerlaw,0.9217232,1.3314204,0.11295071563950229,0.44449055194854736
12634,39627787765547217,1.4957122019294429,800,400,200,constant,0.9217232,0.88170654,0.11295071563950229,0.043415043503046036
12634,39627787765547217,1.4957122019294429,800,400,200,powerlaw,0.9217232,1.3364073,0.11295071563950229,0.44990092515945435
12634,39627787765547217,1.4957122019294429,800,400,500,constant,0.9217232,0.85200256,0.11295071563950229,0.07564160972833633
12634,39627787765547217,1.4957122019294429,800,400,500,powerlaw,0.9217232,0.8825837,0.11295071563950229,0.04246341064572334
12634,39627787765547217,1.4957122019294429,600,400,100,constant,1.2184714,0.71612537,0.13797095276578328,0.41227561235427856
12634,39627787765547217,1.4957122019294429,600,400,100,powerlaw,1.2184714,0.4698937,0.13797095276578328,0.6143580675125122
12634,39627787765547217,1.4957122019294429,600,400,200,constant,1.2184714,0.77785397,0.13797095276578328,0.3616149127483368
12634,39627787765547217,1.4957122019294429,600,400,200,powerlaw,1.2184714,0.7052005,0.13797095276578328,0.4212416708469391
12634,39627787765547217,1.4957122019294429,600,400,500,constant,1.2184714,0.7447962,0.13797095276578328,0.38874542713165283
12634,39627787765547217,1.4957122019294429,600,400,500,powerlaw,1.2184714,0.8293619,0.13797095276578328,0.31934231519699097
12634,39627787765547217,1.4957122019294429,400,400,100,constant,0.7370487,1.1817515,0.15771771579757446,0.6033560633659363
12634,39627787765547217,1.4957122019294429,400,400,100,powerlaw,0.7370487,3.060514,0.15771771579757446,3.152390480041504
12634,39627787765547217,1.4957122019294429,400,400,200,constant,0.7370487,0.98263454,0.15771771579757446,0.33320167660713196
12634,39627787765547217,1.4957122019294429,400,400,200,powerlaw,0.7370487,1.3537382,0.15771771579757446,0.8367011547088623
12634,39627787765547217,1.4957122019294429,400,400,500,constant,0.7370487,0.8529474,0.15771771579757446,0.15724705159664154
12634,39627787765547217,1.4957122019294429,400,400,500,powerlaw,0.7370487,1.1090364,0.15771771579757446,0.5046990513801575
9864,39627853679037534,1.1688100718950942,800,800,100,constant,1.1376626,0.6158936,0.0892284501299289,0.4586324691772461
9864,39627853679037534,1.1688100718950942,800,800,100,powerlaw,1.1376626,49.38553,0.0892284501299289,42.409645080566406
9864,39627853679037534,1.1688100718950942,800,800,200,constant,1.1376626,0.63704395,0.0892284501299289,0.4400414228439331
9864,39627853679037534,1.1688100718950942,800,800,200,powerlaw,1.1376626,0.9570662,0.0892284501299289,0.15874342620372772
9864,39627853679037534,1.1688100718950942,800,800,500,constant,1.1376626,0.82002294,0.0892284501299289,0.27920377254486084
9864,39627853679037534,1.1688100718950942,800,800,500,powerlaw,1.1376626,0.6198557,0.0892284501299289,0.4551498293876648
9864,39627853679037534,1.1688100718950942,800,400,100,constant,1.1061487,0.61589354,0.10785079578041656,0.44320911169052124
9864,39627853679037534,1.1688100718950942,800,400,100,powerlaw,1.1061487,6.0729837,0.10785079578041656,4.49020528793335
9864,39627853679037534,1.1688100718950942,800,400,200,constant,1.1061487,0.6370439,0.10785079578041656,0.42408838868141174
9864,39627853679037534,1.1688100718950942,800,400,200,powerlaw,1.1061487,0.87881404,0.10785079578041656,0.20551909506320953
9864,39627853679037534,1.1688100718950942,800,400,500,constant,1.1061487,0.82002276,0.10785079578041656,0.25866860151290894
9864,39627853679037534,1.1688100718950942,800,400,500,powerlaw,1.1061487,0.6512323,0.10785079578041656,0.41126152873039246
9864,39627853679037534,1.1688100718950942,600,400,100,constant,1.1985776,1.2459593,0.1407508399621839,0.03953155502676964
9864,39627853679037534,1.1688100718950942,600,400,100,powerlaw,1.1985776,2.0403347,0.1407508399621839,0.7022966742515564
9864,39627853679037534,1.1688100718950942,600,400,200,constant,1.1985776,0.9086472,0.1407508399621839,0.24189543724060059
9864,39627853679037534,1.1688100718950942,600,400,200,powerlaw,1.1985776,2.285057,0.1407508399621839,0.9064739346504211
9864,39627853679037534,1.1688100718950942,600,400,500,constant,1.1985776,0.8972379,0.1407508399621839,0.2514144480228424
9864,39627853679037534,1.1688100718950942,600,400,500,powerlaw,1.1985776,0.86700827,0.1407508399621839,0.27663570642471313
9864,39627853679037534,1.1688100718950942,400,400,100,constant,1.2060269,0.99572057,0.15885064485468636,0.17437948286533356
9864,39627853679037534,1.1688100718950942,400,400,100,powerlaw,1.2060269,0.5255937,0.15885064485468636,0.5641940832138062
9864,39627853679037534,1.1688100718950942,400,400,200,constant,1.2060269,1.0785065,0.15885064485468636,0.10573598742485046
9864,39627853679037534,1.1688100718950942,400,400,200,powerlaw,1.2060269,1.2018976,0.15885064485468636,0.003423879388719797
9864,39627853679037534,1.1688100718950942,400,400,500,constant,1.2060269,0.84596413,0.15885064485468636,0.29855284094810486
9864,39627853679037534,1.1688100718950942,400,400,500,powerlaw,1.2060269,1.2704414,0.15885064485468636,0.053410500288009644
570,39627574967535308,0.4272179256330277,800,800,100,constant,1.1269046,1.091112,0.004073436713073766,0.031761862337589264
570,39627574967535308,0.4272179256330277,800,800,100,powerlaw,1.1269046,1.1857375,0.004073436713073766,0.05220751091837883
570,39627574967535308,0.4272179256330277,800,800,200,constant,1.1269046,1.1078184,0.004073436713073766,0.016936874017119408
570,39627574967535308,0.4272179256330277,800,800,200,powerlaw,1.1269046,0.9909386,0.004073436713073766,0.1206544041633606
570,39627574967535308,0.4272179256330277,800,800,500,constant,1.1269046,1.1298963,0.004073436713073766,0.0026547734159976244
570,39627574967535308,0.4272179256330277,800,800,500,powerlaw,1.1269046,1.0655332,0.004073436713073766,0.05446019768714905
570,39627574967535308,0.4272179256330277,800,400,100,constant,1.1309556,1.0911124,0.005019991824471503,0.03522967919707298
570,39627574967535308,0.4272179256330277,800,400,100,powerlaw,1.1309556,1.1476558,0.005019991824471503,0.01476651057600975
570,39627574967535308,0.4272179256330277,800,400,200,constant,1.1309556,1.1078186,0.005019991824471503,0.02045789733529091
570,39627574967535308,0.4272179256330277,800,400,200,powerlaw,1.1309556,1.0255679,0.005019991824471503,0.09318464249372482
570,39627574967535308,0.4272179256330277,800,400,500,constant,1.1309556,1.1298965,0.005019991824471503,0.0009364252327941358
570,39627574967535308,0.4272179256330277,800,400,500,powerlaw,1.1309556,1.0777553,0.005019991824471503,0.04704008251428604
570,39627574967535308,0.4272179256330277,600,400,100,constant,1.1334735,1.1220707,0.0062720542725713145,0.010060089640319347
570,39627574967535308,0.4272179256330277,600,400,100,powerlaw,1.1334735,1.2003709,0.0062720542725713145,0.05901981145143509
570,39627574967535308,0.4272179256330277,600,400,200,constant,1.1334735,1.1088337,0.0062720542725713145,0.02173835039138794
570,39627574967535308,0.4272179256330277,600,400,200,powerlaw,1.1334735,1.1812434,0.0062720542725713145,0.04214470088481903
570,39627574967535308,0.4272179256330277,600,400,500,constant,1.1334735,1.1219585,0.0062720542725713145,0.010159056633710861
570,39627574967535308,0.4272179256330277,600,400,500,powerlaw,1.1334735,1.0968728,0.0062720542725713145,0.0322907492518425
570,39627574967535308,0.4272179256330277,400,400,100,constant,1.119096,1.1714563,0.006969911825120765,0.04678802564740181
570,39627574967535308,0.4272179256330277,400,400,100,powerlaw,1.119096,1.4751644,0.006969911825120765,0.31817498803138733
570,39627574967535308,0.4272179256330277,400,400,200,constant,1.119096,1.1470166,0.006969911825120765,0.024949247017502785
570,39627574967535308,0.4272179256330277,400,400,200,powerlaw,1.119096,1.2681799,0.006969911825120765,0.13321810960769653
570,39627574967535308,0.4272179256330277,400,400,500,constant,1.119096,1.1250352,0.006969911825120765,0.005307074636220932
570,39627574967535308,0.4272179256330277,400,400,500,powerlaw,1.119096,1.1477156,0.006969911825120765,0.025573790073394775
11141,39627859710447130,0.2109286564441036,800,800,100,constant,0.61882436,0.70702606,0.01319937488828288,0.14253108203411102
11141,39627859710447130,0.2109286564441036,800,800,100,powerlaw,0.61882436,0.7614725,0.01319937488828288,0.2305147796869278
11141,39627859710447130,0.2109286564441036,800,800,200,constant,0.61882436,0.721439,0.01319937488828288,0.16582190990447998
11141,39627859710447130,0.2109286564441036,800,800,200,powerlaw,0.61882436,0.70056796,0.01319937488828288,0.13209499418735504
11141,39627859710447130,0.2109286564441036,800,800,500,constant,0.61882436,0.7250994,0.01319937488828288,0.1717369705438614
11141,39627859710447130,0.2109286564441036,800,800,500,powerlaw,0.61882436,0.6768306,0.01319937488828288,0.09373617172241211
11141,39627859710447130,0.2109286564441036,800,400,100,constant,0.6408997,0.707026,0.01597428164259477,0.1031772792339325
11141,39627859710447130,0.2109286564441036,800,400,100,powerlaw,0.6408997,0.73794645,0.01597428164259477,0.1514226496219635
11141,39627859710447130,0.2109286564441036,800,400,200,constant,0.6408997,0.72143906,0.01597428164259477,0.1256660670042038
11141,39627859710447130,0.2109286564441036,800,400,200,powerlaw,0.6408997,0.70481586,0.01597428164259477,0.0997287780046463
11141,39627859710447130,0.2109286564441036,800,400,500,constant,0.6408997,0.7250995,0.01597428164259477,0.1313774734735489
11141,39627859710447130,0.2109286564441036,800,400,500,powerlaw,0.6408997,0.6864774,0.01597428164259477,0.07111518830060959
11141,39627859710447130,0.2109286564441036,600,400,100,constant,0.6165416,0.6661542,0.02054696718652701,0.08046915382146835
11141,39627859710447130,0.2109286564441036,600,400,100,powerlaw,0.6165416,0.68658715,0.02054696718652701,0.11361038684844971
11141,39627859710447130,0.2109286564441036,600,400,200,constant,0.6165416,0.6771905,0.02054696718652701,0.09836944937705994
11141,39627859710447130,0.2109286564441036,600,400,200,powerlaw,0.6165416,0.6276576,0.02054696718652701,0.018029550090432167
11141,39627859710447130,0.2109286564441036,600,400,500,constant,0.6165416,0.69911814,0.02054696718652701,0.13393501937389374
11141,39627859710447130,0.2109286564441036,600,400,500,powerlaw,0.6165416,0.6548771,0.02054696718652701,0.06217828765511513
11141,39627859710447130,0.2109286564441036,400,400,100,constant,0.5713153,0.6029765,0.02343446572920834,0.05541810765862465
11141,39627859710447130,0.2109286564441036,400,400,100,powerlaw,0.5713153,0.32357964,0.02343446572920834,0.433623343706131
11141,39627859710447130,0.2109286564441036,400,400,200,constant,0.5713153,0.63092345,0.02343446572920834,0.10433496534824371
11141,39627859710447130,0.2109286564441036,400,400,200,powerlaw,0.5713153,0.47600812,0.02343446572920834,0.16682061553001404
11141,39627859710447130,0.2109286564441036,400,400,500,constant,0.5713153,0.67230666,0.02343446572920834,0.1767699420452118
11141,39627859710447130,0.2109286564441036,400,400,500,powerlaw,0.5713153,0.5486454,0.02343446572920834,0.03968021273612976
9115,39627841603636432,1.2135257797503598,800,800,100,constant,0.94860697,0.9584329,0.11171170850203875,0.010358288884162903
9115,39627841603636432,1.2135257797503598,800,800,100,powerlaw,0.94860697,0.5420282,0.11171170850203875,0.42860615253448486
9115,39627841603636432,1.2135257797503598,800,800,200,constant,0.94860697,0.8287406,0.11171170850203875,0.12636041641235352
9115,39627841603636432,1.2135257797503598,800,800,200,powerlaw,0.94860697,1.0752754,0.11171170850203875,0.13353101909160614
9115,39627841603636432,1.2135257797503598,800,800,500,constant,0.94860697,0.8418787,0.11171170850203875,0.11251050978899002
9115,39627841603636432,1.2135257797503598,800,800,500,powerlaw,0.94860697,0.9616935,0.11171170850203875,0.013795552775263786
9115,39627841603636432,1.2135257797503598,800,400,100,constant,0.8094551,0.95843303,0.13445311392478618,0.18404719233512878
9115,39627841603636432,1.2135257797503598,800,400,100,powerlaw,0.8094551,0.6345693,0.13445311392478618,0.21605375409126282
9115,39627841603636432,1.2135257797503598,800,400,200,constant,0.8094551,0.82874066,0.13445311392478618,0.02382536046206951
9115,39627841603636432,1.2135257797503598,800,400,200,powerlaw,0.8094551,1.0221077,0.13445311392478618,0.262710839509964
9115,39627841603636432,1.2135257797503598,800,400,500,constant,0.8094551,0.8418788,0.13445311392478618,0.040056176483631134
9115,39627841603636432,1.2135257797503598,800,400,500,powerlaw,0.8094551,0.9471016,0.13445311392478618,0.17004834115505219
9115,39627841603636432,1.2135257797503598,600,400,100,constant,0.86349165,0.8374064,0.17147466319040247,0.030209043994545937
9115,39627841603636432,1.2135257797503598,600,400,100,powerlaw,0.86349165,0.87057817,0.17147466319040247,0.008206813596189022
9115,39627841603636432,1.2135257797503598,600,400,200,constant,0.86349165,0.8958858,0.17147466319040247,0.03751532733440399
9115,39627841603636432,1.2135257797503598,600,400,200,powerlaw,0.86349165,0.72176045,0.17147466319040247,0.1641373187303543
9115,39627841603636432,1.2135257797503598,600,400,500,constant,0.86349165,0.82077247,0.17147466319040247,0.04947260767221451
9115,39627841603636432,1.2135257797503598,600,400,500,powerlaw,0.86349165,0.90475744,0.17147466319040247,0.04778944328427315
9115,39627841603636432,1.2135257797503598,400,400,100,constant,1.2588081,0.77567333,0.20074647569322843,0.3838033676147461
9115,39627841603636432,1.2135257797503598,400,400,100,powerlaw,1.2588081,0.47568837,0.20074647569322843,0.6221120953559875
9115,39627841603636432,1.2135257797503598,400,400,200,constant,1.2588081,0.80972266,0.20074647569322843,0.35675451159477234
9115,39627841603636432,1.2135257797503598,400,400,200,powerlaw,1.2588081,0.53875846,0.20074647569322843,0.5720090866088867
9115,39627841603636432,1.2135257797503598,400,400,500,constant,1.2588081,0.8374463,0.20074647569322843,0.3347308039665222
9115,39627841603636432,1.2135257797503598,400,400,500,powerlaw,1.2588081,0.7293578,0.20074647569322843,0.42059653997421265
5684,39627823471659087,0.9531755369514938,800,800,100,constant,1.2873476,1.2769766,0.0237463576030033,0.008056076243519783
5684,39627823471659087,0.9531755369514938,800,800,100,powerlaw,1.2873476,1.4769292,0.0237463576030033,0.14726530015468597
5684,39627823471659087,0.9531755369514938,800,800,200,constant,1.2873476,1.2637477,0.0237463576030033,0.018332161009311676
5684,39627823471659087,0.9531755369514938,800,800,200,powerlaw,1.2873476,1.4443952,0.0237463576030033,0.12199318408966064
5684,39627823471659087,0.9531755369514938,800,800,500,constant,1.2873476,1.098595,0.0237463576030033,0.14662127196788788
5684,39627823471659087,0.9531755369514938,800,800,500,powerlaw,1.2873476,1.4843715,0.0237463576030033,0.15304645895957947
5684,39627823471659087,0.9531755369514938,800,400,100,constant,1.2858933,1.2769767,0.028880857604100186,0.00693418039008975
5684,39627823471659087,0.9531755369514938,800,400,100,powerlaw,1.2858933,1.4023557,0.028880857604100186,0.09056921303272247
5684,39627823471659087,0.9531755369514938,800,400,200,constant,1.2858933,1.2637478,0.028880857604100186,0.017221886664628983
5684,39627823471659087,0.9531755369514938,800,400,200,powerlaw,1.2858933,1.3883277,0.028880857604100186,0.07966010272502899
5684,39627823471659087,0.9531755369514938,800,400,500,constant,1.2858933,1.0985951,0.028880857604100186,0.14565607905387878
5684,39627823471659087,0.9531755369514938,800,400,500,powerlaw,1.2858933,1.4084764,0.028880857604100186,0.09532908350229263
5684,39627823471659087,0.9531755369514938,600,400,100,constant,1.2220894,1.3052628,0.03580850380060169,0.06805835664272308
5684,39627823471659087,0.9531755369514938,600,400,100,powerlaw,1.2220894,1.169119,0.03580850380060169,0.04334413632750511
5684,39627823471659087,0.9531755369514938,600,400,200,constant,1.2220894,1.2903355,0.03580850380060169,0.05584380775690079
5684,39627823471659087,0.9531755369514938,600,400,200,powerlaw,1.2220894,1.3193486,0.03580850380060169,0.07958433032035828
5684,39627823471659087,0.9531755369514938,600,400,500,constant,1.2220894,1.1641948,0.03580850380060169,0.0473734475672245
5684,39627823471659087,0.9531755369514938,600,400,500,powerlaw,1.2220894,1.476432,0.03580850380060169,0.20812107622623444
5684,39627823471659087,0.9531755369514938,400,400,100,constant,1.2903824,1.3133768,0.0417208180090343,0.017819833010435104
5684,39627823471659087,0.9531755369514938,400,400,100,powerlaw,1.2903824,1.7312416,0.0417208180090343,0.3416500389575958
5684,39627823471659087,0.9531755369514938,400,400,200,constant,1.2903824,1.3110777,0.0417208180090343,0.016038136556744576
5684,39627823471659087,0.9531755369514938,400,400,200,powerlaw,1.2903824,1.2262365,0.0417208180090343,0.04971078783273697
5684,39627823471659087,0.9531755369514938,400,400,500,constant,1.2903824,1.2402686,0.0417208180090343,0.038836393505334854
5684,39627823471659087,0.9531755369514938,400,400,500,powerlaw,1.2903824,1.4285984,0.0417208180090343,0.10711245238780975
11163,39627865750242882,1.1799449241093811,800,800,100,constant,1.1153132,0.9502067,0.06002601238973582,0.14803597331047058
11163,39627865750242882,1.1799449241093811,800,800,100,powerlaw,1.1153132,1.2305334,0.06002601238973582,0.10330747812986374
11163,39627865750242882,1.1799449241093811,800,800,200,constant,1.1153132,0.9573374,0.06002601238973582,0.14164254069328308
11163,39627865750242882,1.1799449241093811,800,800,200,powerlaw,1.1153132,1.0401669,0.06002601238973582,0.06737687438726425
11163,39627865750242882,1.1799449241093811,800,800,500,constant,1.1153132,0.93488395,0.06002601238973582,0.16177448630332947
11163,39627865750242882,1.1799449241093811,800,800,500,powerlaw,1.1153132,1.1818815,0.06002601238973582,0.05968581512570381
11163,39627865750242882,1.1799449241093811,800,400,100,constant,1.1500944,0.95020664,0.0733196750022722,0.17380116879940033
11163,39627865750242882,1.1799449241093811,800,400,100,powerlaw,1.1500944,1.1665583,0.0733196750022722,0.014315239153802395
11163,39627865750242882,1.1799449241093811,800,400,200,constant,1.1500944,0.9573373,0.0733196750022722,0.1676010936498642
11163,39627865750242882,1.1799449241093811,800,400,200,powerlaw,1.1500944,1.0296893,0.0733196750022722,0.10469147562980652
11163,39627865750242882,1.1799449241093811,800,400,500,constant,1.1500944,0.93488395,0.0733196750022722,0.18712414801120758
11163,39627865750242882,1.1799449241093811,800,400,500,powerlaw,1.1500944,1.1448879,0.0733196750022722,0.004526990000158548
11163,39627865750242882,1.1799449241093811,600,400,100,constant,1.1665939,1.0688314,0.0922266170998921,0.08380162715911865
11163,39627865750242882,1.1799449241093811,600,400,100,powerlaw,1.1665939,1.2048217,0.0922266170998921,0.03276872634887695
11163,39627865750242882,1.1799449241093811,600,400,200,constant,1.1665939,1.0026069,0.0922266170998921,0.14056909084320068
11163,39627865750242882,1.1799449241093811,600,400,200,powerlaw,1.1665939,1.1548946,0.0922266170998921,0.010028612799942493
11163,39627865750242882,1.1799449241093811,600,400,500,constant,1.1665939,1.0031441,0.0922266170998921,0.14010854065418243
11163,39627865750242882,1.1799449241093811,600,400,500,powerlaw,1.1665939,1.0224432,0.0922266170998921,0.12356548011302948
11163,39627865750242882,1.1799449241093811,400,400,100,constant,1.0446162,1.2389822,0.10453173021724904,0.1860644817352295
11163,39627865750242882,1.1799449241093811,400,400,100,powerlaw,1.0446162,1.2755566,0.10453173021724904,0.22107672691345215
11163,39627865750242882,1.1799449241093811,400,400,200,constant,1.0446162,1.1614261,0.10453173021724904,0.11182082444429398
11163,39627865750242882,1.1799449241093811,400,400,200,powerlaw,1.0446162,1.5720623,0.10453173021724904,0.5049184560775757
11163,39627865750242882,1.1799449241093811,400,400,500,constant,1.0446162,1.0496132,0.10453173021724904,0.004783589392900467
11163,39627865750242882,1.1799449241093811,400,400,500,powerlaw,1.0446162,1.2400932,0.10453173021724904,0.18712806701660156
2534,39627811404644839,1.1602872438685583,800,800,100,constant,0.8815273,0.8373137,0.05624593002195036,0.05015566945075989
2534,39627811404644839,1.1602872438685583,800,800,100,powerlaw,0.8815273,0.4028654,0.05624593002195036,0.542991578578949
2534,39627811404644839,1.1602872438685583,800,800,200,constant,0.8815273,0.9794567,0.05624593002195036,0.11109062284231186
2534,39627811404644839,1.1602872438685583,800,800,200,powerlaw,0.8815273,0.59652513,0.05624593002195036,0.3233049809932709
2534,39627811404644839,1.1602872438685583,800,800,500,constant,0.8815273,1.045779,0.05624593002195036,0.186326265335083
2534,39627811404644839,1.1602872438685583,800,800,500,powerlaw,0.8815273,1.0214093,0.05624593002195036,0.15868137776851654
2534,39627811404644839,1.1602872438685583,800,400,100,constant,0.9096918,0.8373138,0.06709891933078102,0.07956325262784958
2534,39627811404644839,1.1602872438685583,800,400,100,powerlaw,0.9096918,0.48461738,0.06709891933078102,0.4672729969024658
2534,39627811404644839,1.1602872438685583,800,400,200,constant,0.9096918,0.97945696,0.06709891933078102,0.07669097185134888
2534,39627811404644839,1.1602872438685583,800,400,200,powerlaw,0.9096918,0.65836614,0.06709891933078102,0.2762756049633026
2534,39627811404644839,1.1602872438685583,800,400,500,constant,0.9096918,1.0457791,0.06709891933078102,0.1495971530675888
2534,39627811404644839,1.1602872438685583,800,400,500,powerlaw,0.9096918,1.0267568,0.06709891933078102,0.12868638336658478
2534,39627811404644839,1.1602872438685583,600,400,100,constant,0.8463059,0.85352445,0.0886953702744628,0.008529468439519405
2534,39627811404644839,1.1602872438685583,600,400,100,powerlaw,0.8463059,0.88222307,0.0886953702744628,0.04243993014097214
2534,39627811404644839,1.1602872438685583,600,400,200,constant,0.8463059,0.8559355,0.0886953702744628,0.011378400027751923
2534,39627811404644839,1.1602872438685583,600,400,200,powerlaw,0.8463059,0.78355956,0.0886953702744628,0.07414145022630692
2534,39627811404644839,1.1602872438685583,600,400,500,constant,0.8463059,1.0322967,0.0886953702744628,0.219767764210701
2534,39627811404644839,1.1602872438685583,600,400,500,powerlaw,0.8463059,0.8124857,0.0886953702744628,0.03996216133236885
2534,39627811404644839,1.1602872438685583,400,400,100,constant,0.81496763,1.0502267,0.10315054310301097,0.28867289423942566
2534,39627811404644839,1.1602872438685583,400,400,100,powerlaw,0.81496763,1.6539756,0.10315054310301097,1.02949857711792
2534,39627811404644839,1.1602872438685583,400,400,200,constant,0.81496763,0.9537885,0.10315054310301097,0.17033913731575012
2534,39627811404644839,1.1602872438685583,400,400,200,powerlaw,0.81496763,1.1949255,0.10315054310301097,0.4662245512008667
2534,39627811404644839,1.1602872438685583,400,400,500,constant,0.81496763,1.0439591,0.10315054310301097,0.2809823453426361
2534,39627811404644839,1.1602872438685583,400,400,500,powerlaw,0.81496763,0.724094,0.10315054310301097,0.11150585114955902
4739,39627859723026662,1.4867761244674875,800,800,100,constant,1.403468,0.8818853,0.1427512943301393,0.3716384768486023
4739,39627859723026662,1.4867761244674875,800,800,100,powerlaw,1.403468,0.7654596,0.1427512943301393,0.4545941948890686
4739,39627859723026662,1.4867761244674875,800,800,200,constant,1.403468,0.8597125,0.1427512943301393,0.3874370753765106
4739,39627859723026662,1.4867761244674875,800,800,200,powerlaw,1.403468,1.2622908,0.1427512943301393,0.10059165954589844
4739,39627859723026662,1.4867761244674875,800,800,500,constant,1.403468,1.1640695,0.1427512943301393,0.17057636380195618
4739,39627859723026662,1.4867761244674875,800,800,500,powerlaw,1.403468,0.67774945,0.1427512943301393,0.5170894861221313
4739,39627859723026662,1.4867761244674875,800,400,100,constant,1.6158758,0.8818853,0.1720058327753214,0.4542369842529297
4739,39627859723026662,1.4867761244674875,800,400,100,powerlaw,1.6158758,0.7907397,0.1720058327753214,0.5106432437896729
4739,39627859723026662,1.4867761244674875,800,400,200,constant,1.6158758,0.8597126,0.1720058327753214,0.4679587483406067
4739,39627859723026662,1.4867761244674875,800,400,200,powerlaw,1.6158758,1.116817,0.1720058327753214,0.3088472783565521
4739,39627859723026662,1.4867761244674875,800,400,500,constant,1.6158758,1.1640695,0.1720058327753214,0.27960458397865295
4739,39627859723026662,1.4867761244674875,800,400,500,powerlaw,1.6158758,0.7188826,0.1720058327753214,0.5551127195358276
4739,39627859723026662,1.4867761244674875,600,400,100,constant,2.0861087,0.71265846,0.21928427614779064,0.658379077911377
4739,39627859723026662,1.4867761244674875,600,400,100,powerlaw,2.0861087,1.029215,0.21928427614779064,0.5066340565681458
4739,39627859723026662,1.4867761244674875,600,400,200,constant,2.0861087,0.7967194,0.21928427614779064,0.6180835366249084
4739,39627859723026662,1.4867761244674875,600,400,200,powerlaw,2.0861087,0.89910764,0.21928427614779064,0.5690024495124817
4739,39627859723026662,1.4867761244674875,600,400,500,constant,2.0861087,1.0663582,0.21928427614779064,0.48882901668548584
4739,39627859723026662,1.4867761244674875,600,400,500,powerlaw,2.0861087,0.5796896,0.21928427614779064,0.722119152545929
4739,39627859723026662,1.4867761244674875,400,400,100,constant,0.9333988,0.9724024,0.25588147436525455,0.04178665205836296
4739,39627859723026662,1.4867761244674875,400,400,100,powerlaw,0.9333988,2.018197,0.25588147436525455,1.1622024774551392
4739,39627859723026662,1.4867761244674875,400,400,200,constant,0.9333988,0.8045356,0.25588147436525455,0.13805799186229706
4739,39627859723026662,1.4867761244674875,400,400,200,powerlaw,0.9333988,1.7209961,0.25588147436525455,0.843795120716095
4739,39627859723026662,1.4867761244674875,400,400,500,constant,0.9333988,0.9816492,0.25588147436525455,0.05169327184557915
4739,39627859723026662,1.4867761244674875,400,400,500,powerlaw,0.9333988,0.68784565,0.25588147436525455,0.26307418942451477
830,39627835584807817,0.9710300108721472,800,800,100,constant,1.3337065,-0.16165191,0.13132141907310238,1.1212050914764404
830,39627835584807817,0.9710300108721472,800,800,200,constant,1.3337065,0.26752222,0.13132141907310238,0.7994144558906555
830,39627835584807817,0.9710300108721472,800,800,200,powerlaw,1.3337065,0.024573654,0.13132141907310238,0.9815748929977417
830,39627835584807817,0.9710300108721472,800,800,500,constant,1.3337065,0.693343,0.13132141907310238,0.48013827204704285
830,39627835584807817,0.9710300108721472,800,800,500,powerlaw,1.3337065,0.35782415,0.13132141907310238,0.731706976890564
830,39627835584807817,0.9710300108721472,800,400,100,constant,0.77790093,-0.16165191,0.1603673078431762,1.2078052759170532
830,39627835584807817,0.9710300108721472,800,400,100,powerlaw,0.77790093,0.0,0.1603673078431762,1.0
830,39627835584807817,0.9710300108721472,800,400,200,constant,0.77790093,0.2675222,0.1603673078431762,0.6560972929000854
830,39627835584807817,0.9710300108721472,800,400,200,powerlaw,0.77790093,0.035585113,0.1603673078431762,0.9542549848556519
830,39627835584807817,0.9710300108721472,800,400,500,constant,0.77790093,0.693343,0.1603673078431762,0.10870015621185303
830,39627835584807817,0.9710300108721472,800,400,500,powerlaw,0.77790093,0.40367854,0.1603673078431762,0.48106691241264343
830,39627835584807817,0.9710300108721472,600,400,100,constant,1.0578173,0.8804251,0.20130982931250746,0.16769647598266602
830,39627835584807817,0.9710300108721472,600,400,100,powerlaw,1.0578173,8.512048,0.20130982931250746,7.046802997589111
830,39627835584807817,0.9710300108721472,600,400,200,constant,1.0578173,0.39626423,0.20130982931250746,0.6253945231437683
830,39627835584807817,0.9710300108721472,600,400,200,powerlaw,1.0578173,18.314152,0.20130982931250746,16.31315040588379
830,39627835584807817,0.9710300108721472,600,400,500,constant,1.0578173,0.7027428,0.20130982931250746,0.33566713333129883
830,39627835584807817,0.9710300108721472,600,400,500,powerlaw,1.0578173,0.48462358,0.20130982931250746,0.5418646335601807
830,39627835584807817,0.9710300108721472,400,400,100,constant,2.4650373,0.16447885,0.22879642096323405,0.9332753419876099
830,39627835584807817,0.9710300108721472,400,400,100,powerlaw,2.4650373,0.012604338,0.22879642096323405,0.9948868155479431
830,39627835584807817,0.9710300108721472,400,400,200,constant,2.4650373,0.45630816,0.22879642096323405,0.8148879408836365
830,39627835584807817,0.9710300108721472,400,400,200,powerlaw,2.4650373,0.479965,0.22879642096323405,0.8052909970283508
830,39627835584807817,0.9710300108721472,400,400,500,constant,2.4650373,0.47863466,0.22879642096323405,0.805830717086792
830,39627835584807817,0.9710300108721472,400,400,500,powerlaw,2.4650373,0.5023303,0.22879642096323405,0.7962179780006409
1222,39627841620414766,1.0373320828872827,800,800,100,constant,0.7740451,0.8300403,0.06912526399250812,0.0723409578204155
1222,39627841620414766,1.0373320828872827,800,800,100,powerlaw,0.7740451,0.3175751,0.06912526399250812,0.5897201895713806
1222,39627841620414766,1.0373320828872827,800,800,200,constant,0.7740451,0.8796603,0.06912526399250812,0.1364457905292511
1222,39627841620414766,1.0373320828872827,800,800,200,powerlaw,0.7740451,0.50537723,0.06912526399250812,0.34709587693214417
1222,39627841620414766,1.0373320828872827,800,800,500,constant,0.7740451,1.0950037,0.06912526399250812,0.4146510362625122
1222,39627841620414766,1.0373320828872827,800,800,500,powerlaw,0.7740451,0.63956505,0.06912526399250812,0.17373672127723694
1222,39627841620414766,1.0373320828872827,800,400,100,constant,0.9100647,0.8300403,0.0837571773160697,0.08793267607688904
1222,39627841620414766,1.0373320828872827,800,400,100,powerlaw,0.9100647,0.39254516,0.0837571773160697,0.5686623454093933
1222,39627841620414766,1.0373320828872827,800,400,200,constant,0.9100647,0.8796603,0.0837571773160697,0.03340904042124748
1222,39627841620414766,1.0373320828872827,800,400,200,powerlaw,0.9100647,0.5697921,0.0837571773160697,0.3738993704319
1222,39627841620414766,1.0373320828872827,800,400,500,constant,0.9100647,1.0950037,0.0837571773160697,0.20321525633335114
1222,39627841620414766,1.0373320828872827,800,400,500,powerlaw,0.9100647,0.6898594,0.0837571773160697,0.24196664988994598
1222,39627841620414766,1.0373320828872827,600,400,100,constant,0.8215288,0.8037153,0.10814092704819953,0.021683359518647194
1222,39627841620414766,1.0373320828872827,600,400,100,powerlaw,0.8215288,0.89467627,0.10814092704819953,0.08903823792934418
1222,39627841620414766,1.0373320828872827,600,400,200,constant,0.8215288,0.8259584,0.10814092704819953,0.005391872953623533
1222,39627841620414766,1.0373320828872827,600,400,200,powerlaw,0.8215288,0.9333562,0.10814092704819953,0.13612113893032074
1222,39627841620414766,1.0373320828872827,600,400,500,constant,0.8215288,1.0093508,0.10814092704819953,0.22862495481967926
1222,39627841620414766,1.0373320828872827,600,400,500,powerlaw,0.8215288,0.644664,0.10814092704819953,0.21528740227222443
1222,39627841620414766,1.0373320828872827,400,400,100,constant,0.48349816,0.68511033,0.12241354396571887,0.4169864356517792
1222,39627841620414766,1.0373320828872827,400,400,100,powerlaw,0.48349816,0.35000288,0.12241354396571887,0.2761029601097107
1222,39627841620414766,1.0373320828872827,400,400,200,constant,0.48349816,0.7420049,0.12241354396571887,0.5346591472625732
1222,39627841620414766,1.0373320828872827,400,400,200,powerlaw,0.48349816,0.8131074,0.12241354396571887,0.6817176342010498
1222,39627841620414766,1.0373320828872827,400,400,500,constant,0.48349816,0.8634349,0.12241354396571887,0.7858080863952637
1222,39627841620414766,1.0373320828872827,400,400,500,powerlaw,0.48349816,0.7338505,0.12241354396571887,0.5177937746047974
6500,39627823463269969,1.5179421133179505,800,800,100,constant,1.0213908,0.8644103,0.04168496188224292,0.15369290113449097
6500,39627823463269969,1.5179421133179505,800,800,100,powerlaw,1.0213908,0.5763073,0.04168496188224292,0.4357621967792511
6500,39627823463269969,1.5179421133179505,800,800,200,constant,1.0213908,0.8535946,0.04168496188224292,0.16428206861019135
6500,39627823463269969,1.5179421133179505,800,800,200,powerlaw,1.0213908,0.71026474,0.04168496188224292,0.3046101927757263
6500,39627823463269969,1.5179421133179505,800,800,500,constant,1.0213908,0.9606647,0.04168496188224292,0.05945432931184769
6500,39627823463269969,1.5179421133179505,800,800,500,powerlaw,1.0213908,0.7062862,0.04168496188224292,0.30850541591644287
6500,39627823463269969,1.5179421133179505,800,400,100,constant,1.0039374,0.8644102,0.05166550989623941,0.1389799267053604
6500,39627823463269969,1.5179421133179505,800,400,100,powerlaw,1.0039374,0.642664,0.05166550989623941,0.3598564565181732
6500,39627823463269969,1.5179421133179505,800,400,200,constant,1.0039374,0.85359454,0.05166550989623941,0.14975318312644958
6500,39627823463269969,1.5179421133179505,800,400,200,powerlaw,1.0039374,0.7405486,0.05166550989623941,0.262355774641037
6500,39627823463269969,1.5179421133179505,800,400,500,constant,1.0039374,0.96066463,0.05166550989623941,0.04310302063822746
6500,39627823463269969,1.5179421133179505,800,400,500,powerlaw,1.0039374,0.7339461,0.05166550989623941,0.26893240213394165
6500,39627823463269969,1.5179421133179505,600,400,100,constant,1.2918588,0.63862365,0.06311125341138234,0.5056552290916443
6500,39627823463269969,1.5179421133179505,600,400,100,powerlaw,1.2918588,0.50569355,0.06311125341138234,0.6085535287857056
6500,39627823463269969,1.5179421133179505,600,400,200,constant,1.2918588,0.7661871,0.06311125341138234,0.40691113471984863
6500,39627823463269969,1.5179421133179505,600,400,200,powerlaw,1.2918588,0.636398,0.06311125341138234,0.5073780417442322
6500,39627823463269969,1.5179421133179505,600,400,500,constant,1.2918588,0.85923207,0.06311125341138234,0.33488699793815613
6500,39627823463269969,1.5179421133179505,600,400,500,powerlaw,1.2918588,0.71492624,0.06311125341138234,0.44659101963043213
6500,39627823463269969,1.5179421133179505,400,400,100,constant,1.0539422,0.9395348,0.07055773962636913,0.10855188965797424
6500,39627823463269969,1.5179421133179505,400,400,100,powerlaw,1.0539422,2.3945594,0.07055773962636913,1.2720025777816772
6500,39627823463269969,1.5179421133179505,400,400,200,constant,1.0539422,0.8294469,0.07055773962636913,0.21300531923770905
6500,39627823463269969,1.5179421133179505,400,400,200,powerlaw,1.0539422,1.2290707,0.07055773962636913,0.16616514325141907
6500,39627823463269969,1.5179421133179505,400,400,500,constant,1.0539422,0.8797558,0.07055773962636913,0.1652713119983673
6500,39627823463269969,1.5179421133179505,400,400,500,powerlaw,1.0539422,0.826385,0.07055773962636913,0.21591049432754517
12665,39627787757160337,1.0882337853642623,800,800,100,constant,1.0546758,1.1558722,0.0362880223533833,0.09595025330781937
12665,39627787757160337,1.0882337853642623,800,800,100,powerlaw,1.0546758,0.7717877,0.0362880223533833,0.2682228088378906
12665,39627787757160337,1.0882337853642623,800,800,200,constant,1.0546758,1.1167946,0.0362880223533833,0.0588984489440918
12665,39627787757160337,1.0882337853642623,800,800,200,powerlaw,1.0546758,1.2061201,0.0362880223533833,0.14359323680400848
12665,39627787757160337,1.0882337853642623,800,800,500,constant,1.0546758,1.0396734,0.0362880223533833,0.014224627055227757
12665,39627787757160337,1.0882337853642623,800,800,500,powerlaw,1.0546758,1.2090693,0.0362880223533833,0.14638946950435638
12665,39627787757160337,1.0882337853642623,800,400,100,constant,1.0247879,1.155872,0.04429899335719454,0.12791338562965393
12665,39627787757160337,1.0882337853642623,800,400,100,powerlaw,1.0247879,0.8740672,0.04429899335719454,0.14707502722740173
12665,39627787757160337,1.0882337853642623,800,400,200,constant,1.0247879,1.1167946,0.04429899335719454,0.08978119492530823
12665,39627787757160337,1.0882337853642623,800,400,200,powerlaw,1.0247879,1.1874794,0.04429899335719454,0.15875624120235443
12665,39627787757160337,1.0882337853642623,800,400,500,constant,1.0247879,1.0396732,0.04429899335719454,0.014525256119668484
12665,39627787757160337,1.0882337853642623,800,400,500,powerlaw,1.0247879,1.1830437,0.04429899335719454,0.15442787110805511
12665,39627787757160337,1.0882337853642623,600,400,100,constant,1.035986,1.0716791,0.05659714675813277,0.03445333242416382
12665,39627787757160337,1.0882337853642623,600,400,100,powerlaw,1.035986,1.2713907,0.05659714675813277,0.22722771763801575
12665,39627787757160337,1.0882337853642623,600,400,200,constant,1.035986,1.1094556,0.05659714675813277,0.07091759890317917
12665,39627787757160337,1.0882337853642623,600,400,200,powerlaw,1.035986,0.946836,0.05659714675813277,0.08605324476957321
12665,39627787757160337,1.0882337853642623,600,400,500,constant,1.035986,1.0600814,0.05659714675813277,0.02325843833386898
12665,39627787757160337,1.0882337853642623,600,400,500,powerlaw,1.035986,1.1265703,0.05659714675813277,0.08743786066770554
12665,39627787757160337,1.0882337853642623,400,400,100,constant,1.1156403,1.0280626,0.06326769729730966,0.0784999430179596
12665,39627787757160337,1.0882337853642623,400,400,100,powerlaw,1.1156403,0.7451853,0.06326769729730966,0.332055926322937
12665,39627787757160337,1.0882337853642623,400,400,200,constant,1.1156403,1.0395294,0.06326769729730966,0.06822166591882706
12665,39627787757160337,1.0882337853642623,400,400,200,powerlaw,1.1156403,1.0400244,0.06326769729730966,0.06777801364660263
12665,39627787757160337,1.0882337853642623,400,400,500,constant,1.1156403,1.0639411,0.06326769729730966,0.046340350061655045
12665,39627787757160337,1.0882337853642623,400,400,500,powerlaw,1.1156403,1.086748,0.06326769729730966,0.02589748613536358
5694,39627829511456808,1.5671882911500097,800,800,100,constant,0.76302826,0.7847492,0.059579567430107304,0.028466764837503433
5694,39627829511456808,1.5671882911500097,800,800,100,powerlaw,0.76302826,0.6766751,0.059579567430107304,0.11317166686058044
5694,39627829511456808,1.5671882911500097,800,800,200,constant,0.76302826,0.7973485,0.059579567430107304,0.04497898370027542
5694,39627829511456808,1.5671882911500097,800,800,200,powerlaw,0.76302826,0.6845516,0.059579567430107304,0.10284896194934845
5694,39627829511456808,1.5671882911500097,800,800,500,constant,0.76302826,0.7609345,0.059579567430107304,0.002744055585935712
5694,39627829511456808,1.5671882911500097,800,800,500,powerlaw,0.76302826,0.7799438,0.059579567430107304,0.02216898277401924
5694,39627829511456808,1.5671882911500097,800,400,100,constant,0.65420115,0.7847493,0.0712759016452395,0.19955357909202576
5694,39627829511456808,1.5671882911500097,800,400,100,powerlaw,0.65420115,0.71029085,0.0712759016452395,0.0857376977801323
5694,39627829511456808,1.5671882911500097,800,400,200,constant,0.65420115,0.7973485,0.0712759016452395,0.21881243586540222
5694,39627829511456808,1.5671882911500097,800,400,200,powerlaw,0.65420115,0.70739603,0.0712759016452395,0.08131273090839386
5694,39627829511456808,1.5671882911500097,800,400,500,constant,0.65420115,0.7609346,0.0712759016452395,0.16315080225467682
5694,39627829511456808,1.5671882911500097,800,400,500,powerlaw,0.65420115,0.775598,0.0712759016452395,0.1855650097131729
5694,39627829511456808,1.5671882911500097,600,400,100,constant,0.9286247,0.57843447,0.09067483244272671,0.37710630893707275
5694,39627829511456808,1.5671882911500097,600,400,100,powerlaw,0.9286247,0.6271537,0.09067483244272671,0.32464244961738586
5694,39627829511456808,1.5671882911500097,600,400,200,constant,0.9286247,0.68361396,0.09067483244272671,0.2638425827026367
5694,39627829511456808,1.5671882911500097,600,400,200,powerlaw,0.9286247,0.543834,0.09067483244272671,0.4143662452697754
5694,39627829511456808,1.5671882911500097,600,400,500,constant,0.9286247,0.72990453,0.09067483244272671,0.21399405598640442
5694,39627829511456808,1.5671882911500097,600,400,500,powerlaw,0.9286247,0.61317575,0.09067483244272671,0.3396947681903839
5694,39627829511456808,1.5671882911500097,400,400,100,constant,1.015429,0.7617883,0.10854737357280111,0.24978674948215485
5694,39627829511456808,1.5671882911500097,400,400,100,powerlaw,1.015429,1.1066953,0.10854737357280111,0.08987952023744583
5694,39627829511456808,1.5671882911500097,400,400,200,constant,1.015429,0.6752493,0.10854737357280111,0.3350108563899994
5694,39627829511456808,1.5671882911500097,400,400,200,powerlaw,1.015429,0.90061706,0.10854737357280111,0.11306744068861008
5694,39627829511456808,1.5671882911500097,400,400,500,constant,1.015429,0.7217718,0.10854737357280111,0.2891952395439148
5694,39627829511456808,1.5671882911500097,400,400,500,powerlaw,1.015429,0.67509615,0.10854737357280111,0.33516165614128113
4078,39627811404646837,0.7792644705835426,800,800,100,constant,0.91707826,0.90230316,0.032600360332357414,0.01611105352640152
4078,39627811404646837,0.7792644705835426,800,800,100,powerlaw,0.91707826,0.7346178,0.032600360332357414,0.1989584118127823
4078,39627811404646837,0.7792644705835426,800,800,200,constant,0.91707826,0.8796038,0.032600360332357414,0.04086287319660187
4078,39627811404646837,0.7792644705835426,800,800,200,powerlaw,0.91707826,0.93422294,0.032600360332357414,0.018694892525672913
4078,39627811404646837,0.7792644705835426,800,800,500,constant,0.91707826,0.9743235,0.032600360332357414,0.06242134049534798
4078,39627811404646837,0.7792644705835426,800,800,500,powerlaw,0.91707826,0.73729604,0.032600360332357414,0.19603802263736725
4078,39627811404646837,0.7792644705835426,800,400,100,constant,0.9571242,0.90230316,0.03909893295092631,0.057276804000139236
4078,39627811404646837,0.7792644705835426,800,400,100,powerlaw,0.9571242,0.7808739,0.03909893295092631,0.18414567410945892
4078,39627811404646837,0.7792644705835426,800,400,200,constant,0.9571242,0.87960374,0.03909893295092631,0.08099307864904404
4078,39627811404646837,0.7792644705835426,800,400,200,powerlaw,0.9571242,0.91124487,0.03909893295092631,0.04793453589081764
4078,39627811404646837,0.7792644705835426,800,400,500,constant,0.9571242,0.97432345,0.03909893295092631,0.01796974614262581
4078,39627811404646837,0.7792644705835426,800,400,500,powerlaw,0.9571242,0.7713597,0.03909893295092631,0.19408608973026276
4078,39627811404646837,0.7792644705835426,600,400,100,constant,0.8359977,1.0294456,0.05126689567641784,0.23139770328998566
4078,39627811404646837,0.7792644705835426,600,400,100,powerlaw,0.8359977,1.1430482,0.05126689567641784,0.3672862648963928
4078,39627811404646837,0.7792644705835426,600,400,200,constant,0.8359977,0.97679347,0.05126689567641784,0.16841645538806915
4078,39627811404646837,0.7792644705835426,600,400,200,powerlaw,0.8359977,1.2048872,0.05126689567641784,0.4412565231323242
4078,39627811404646837,0.7792644705835426,600,400,500,constant,0.8359977,0.96401775,0.05126689567641784,0.15313445031642914
4078,39627811404646837,0.7792644705835426,600,400,500,powerlaw,0.8359977,0.96037716,0.05126689567641784,0.14877966046333313
4078,39627811404646837,0.7792644705835426,400,400,100,constant,0.8257367,0.7771073,0.05905013297240195,0.0588921420276165
4078,39627811404646837,0.7792644705835426,400,400,100,powerlaw,0.8257367,0.35103133,0.05905013297240195,0.5748870968818665
4078,39627811404646837,0.7792644705835426,400,400,200,constant,0.8257367,0.9066861,0.05905013297240195,0.09803297370672226
4078,39627811404646837,0.7792644705835426,400,400,200,powerlaw,0.8257367,0.5924219,0.05905013297240195,0.2825535237789154
4078,39627811404646837,0.7792644705835426,400,400,500,constant,0.8257367,0.92000914,0.05905013297240195,0.11416766792535782
4078,39627811404646837,0.7792644705835426,400,400,500,powerlaw,0.8257367,0.88423824,0.05905013297240195,0.07084769755601883
10511,39627859702058670,0.7978204784289771,800,800,100,constant,1.2473959,1.2444786,0.018963589786298467,0.002338703954592347
10511,39627859702058670,0.7978204784289771,800,800,100,powerlaw,1.2473959,0.84387165,0.018963589786298467,0.3234933018684387
10511,39627859702058670,0.7978204784289771,800,800,200,constant,1.2473959,1.2119005,0.018963589786298467,0.028455602005124092
10511,39627859702058670,0.7978204784289771,800,800,200,powerlaw,1.2473959,1.1963811,0.018963589786298467,0.040897026658058167
10511,39627859702058670,0.7978204784289771,800,800,500,constant,1.2473959,1.1766547,0.018963589786298467,0.05671108886599541
10511,39627859702058670,0.7978204784289771,800,800,500,powerlaw,1.2473959,1.2891513,0.018963589786298467,0.033474087715148926
10511,39627859702058670,0.7978204784289771,800,400,100,constant,1.22319,1.2444787,0.023020785193770144,0.017404289916157722
10511,39627859702058670,0.7978204784289771,800,400,100,powerlaw,1.22319,0.94799715,0.023020785193770144,0.22497960925102234
10511,39627859702058670,0.7978204784289771,800,400,200,constant,1.22319,1.2119007,0.023020785193770144,0.009229342453181744
10511,39627859702058670,0.7978204784289771,800,400,200,powerlaw,1.22319,1.2019955,0.023020785193770144,0.0173272006213665
10511,39627859702058670,0.7978204784289771,800,400,500,constant,1.22319,1.1766547,0.023020785193770144,0.03804417699575424
10511,39627859702058670,0.7978204784289771,800,400,500,powerlaw,1.22319,1.2717248,0.023020785193770144,0.03967893123626709
10511,39627859702058670,0.7978204784289771,600,400,100,constant,1.2041323,1.3001544,0.02888675831479878,0.07974383234977722
10511,39627859702058670,0.7978204784289771,600,400,100,powerlaw,1.2041323,1.3844105,0.02888675831479878,0.14971625804901123
10511,39627859702058670,0.7978204784289771,600,400,200,constant,1.2041323,1.26806,0.02888675831479878,0.05309022217988968
10511,39627859702058670,0.7978204784289771,600,400,200,powerlaw,1.2041323,1.3911766,0.02888675831479878,0.15533530712127686
10511,39627859702058670,0.7978204784289771,600,400,500,constant,1.2041323,1.223177,0.02888675831479878,0.015816066414117813
10511,39627859702058670,0.7978204784289771,600,400,500,powerlaw,1.2041323,1.2940655,0.02888675831479878,0.07468710839748383
10511,39627859702058670,0.7978204784289771,400,400,100,constant,1.2984987,1.1019075,0.03344905451555954,0.15139888226985931
10511,39627859702058670,0.7978204784289771,400,400,100,powerlaw,1.2984987,1.0834168,0.03344905451555954,0.16563892364501953
10511,39627859702058670,0.7978204784289771,400,400,200,constant,1.2984987,1.1990547,0.03344905451555954,0.0765838474035263
10511,39627859702058670,0.7978204784289771,400,400,200,powerlaw,1.2984987,1.1430551,0.03344905451555954,0.1197102963924408
10511,39627859702058670,0.7978204784289771,400,400,500,constant,1.2984987,1.2063833,0.03344905451555954,0.07093992084264755
10511,39627859702058670,0.7978204784289771,400,400,500,powerlaw,1.2984987,1.3014727,0.03344905451555954,0.0022902709897607565
8217,39627835563838553,0.7249309295587855,800,800,100,constant,1.0624063,0.9694214,0.015100469216619714,0.08752293139696121
8217,39627835563838553,0.7249309295587855,800,800,100,powerlaw,1.0624063,1.1885962,0.015100469216619714,0.11877748370170593
8217,39627835563838553,0.7249309295587855,800,800,200,constant,1.0624063,1.0074774,0.015100469216619714,0.0517023466527462
8217,39627835563838553,0.7249309295587855,800,800,200,powerlaw,1.0624063,0.7303286,0.015100469216619714,0.312571257352829
8217,39627835563838553,0.7249309295587855,800,800,500,constant,1.0624063,1.0551835,0.015100469216619714,0.006798502057790756
8217,39627835563838553,0.7249309295587855,800,800,500,powerlaw,1.0624063,0.9569425,0.015100469216619714,0.09926880151033401
8217,39627835563838553,0.7249309295587855,800,400,100,constant,1.0673438,0.9694214,0.01844047105627751,0.09174405038356781
8217,39627835563838553,0.7249309295587855,800,400,100,powerlaw,1.0673438,1.0934057,0.01844047105627751,0.02441752329468727
8217,39627835563838553,0.7249309295587855,800,400,200,constant,1.0673438,1.0074774,0.01844047105627751,0.05608917027711868
8217,39627835563838553,0.7249309295587855,800,400,200,powerlaw,1.0673438,0.7902557,0.01844047105627751,0.2596052885055542
8217,39627835563838553,0.7249309295587855,800,400,500,constant,1.0673438,1.0551835,0.01844047105627751,0.011393049731850624
8217,39627835563838553,0.7249309295587855,800,400,500,powerlaw,1.0673438,0.9720088,0.01844047105627751,0.0893198624253273
8217,39627835563838553,0.7249309295587855,600,400,100,constant,1.0446479,1.0857673,0.023638078348259203,0.03936190903186798
8217,39627835563838553,0.7249309295587855,600,400,100,powerlaw,1.0446479,1.4160566,0.023638078348259203,0.3555348217487335
8217,39627835563838553,0.7249309295587855,600,400,200,constant,1.0446479,1.0318413,0.023638078348259203,0.012259301729500294
8217,39627835563838553,0.7249309295587855,600,400,200,powerlaw,1.0446479,1.2738037,0.023638078348259203,0.21936173737049103
8217,39627835563838553,0.7249309295587855,600,400,500,constant,1.0446479,1.0598496,0.023638078348259203,0.014551972039043903
8217,39627835563838553,0.7249309295587855,600,400,500,powerlaw,1.0446479,0.9959837,0.023638078348259203,0.046584319323301315
8217,39627835563838553,0.7249309295587855,400,400,100,constant,1.0523564,1.0212109,0.0263088268976569,0.02959591895341873
8217,39627835563838553,0.7249309295587855,400,400,100,powerlaw,1.0523564,0.8006911,0.0263088268976569,0.23914450407028198
8217,39627835563838553,0.7249309295587855,400,400,200,constant,1.0523564,1.0575122,0.0263088268976569,0.004899292718619108
8217,39627835563838553,0.7249309295587855,400,400,200,powerlaw,1.0523564,1.0397521,0.0263088268976569,0.01197715662419796
8217,39627835563838553,0.7249309295587855,400,400,500,constant,1.0523564,1.0551194,0.0263088268976569,0.002625567838549614
8217,39627835563838553,0.7249309295587855,400,400,500,powerlaw,1.0523564,0.9787156,0.0263088268976569,0.06997702270746231
8825,39627847626658696,0.8150404789077426,800,800,100,constant,1.1683717,1.3156239,0.013738541211668244,0.12603197991847992
8825,39627847626658696,0.8150404789077426,800,800,100,powerlaw,1.1683717,1.5440159,0.013738541211668244,0.3215108811855316
8825,39627847626658696,0.8150404789077426,800,800,200,constant,1.1683717,1.3017609,0.013738541211668244,0.11416678130626678
8825,39627847626658696,0.8150404789077426,800,800,200,powerlaw,1.1683717,1.3520479,0.013738541211668244,0.15720702707767487
8825,39627847626658696,0.8150404789077426,800,800,500,constant,1.1683717,1.2660913,0.013738541211668244,0.08363748341798782
8825,39627847626658696,0.8150404789077426,800,800,500,powerlaw,1.1683717,1.3810761,0.013738541211668244,0.18205201625823975
8825,39627847626658696,0.8150404789077426,800,400,100,constant,1.1404531,1.3156238,0.016823959968291197,0.15359742939472198
8825,39627847626658696,0.8150404789077426,800,400,100,powerlaw,1.1404531,1.4484316,0.016823959968291197,0.27004924416542053
8825,39627847626658696,0.8150404789077426,800,400,200,constant,1.1404531,1.3017608,0.016823959968291197,0.14144176244735718
8825,39627847626658696,0.8150404789077426,800,400,200,powerlaw,1.1404531,1.3367882,0.016823959968291197,0.17215532064437866
8825,39627847626658696,0.8150404789077426,800,400,500,constant,1.1404531,1.2660916,0.016823959968291197,0.11016540974378586
8825,39627847626658696,0.8150404789077426,800,400,500,powerlaw,1.1404531,1.3594787,0.016823959968291197,0.19205139577388763
8825,39627847626658696,0.8150404789077426,600,400,100,constant,1.1308362,1.1981943,0.021299847893836363,0.05956478416919708
8825,39627847626658696,0.8150404789077426,600,400,100,powerlaw,1.1308362,1.0110561,0.021299847893836363,0.10592177510261536
8825,39627847626658696,0.8150404789077426,600,400,200,constant,1.1308362,1.2450548,0.021299847893836363,0.10100365430116653
8825,39627847626658696,0.8150404789077426,600,400,200,powerlaw,1.1308362,1.0920528,0.021299847893836363,0.03429624065756798
8825,39627847626658696,0.8150404789077426,600,400,500,constant,1.1308362,1.2696627,0.021299847893836363,0.12276444584131241
8825,39627847626658696,0.8150404789077426,600,400,500,powerlaw,1.1308362,1.1929423,0.021299847893836363,0.05492043122649193
8825,39627847626658696,0.8150404789077426,400,400,100,constant,1.2242538,1.0703819,0.023802212483205312,0.12568627297878265
8825,39627847626658696,0.8150404789077426,400,400,100,powerlaw,1.2242538,1.0120227,0.023802212483205312,0.17335543036460876
8825,39627847626658696,0.8150404789077426,400,400,200,constant,1.2242538,1.1318485,0.023802212483205312,0.07547888904809952
8825,39627847626658696,0.8150404789077426,400,400,200,powerlaw,1.2242538,0.9043985,0.023802212483205312,0.26126548647880554
8825,39627847626658696,0.8150404789077426,400,400,500,constant,1.2242538,1.2213877,0.023802212483205312,0.002341042272746563
8825,39627847626658696,0.8150404789077426,400,400,500,powerlaw,1.2242538,1.0797875,0.023802212483205312,0.11800353974103928
6123,39627823459077353,1.5162257432070687,800,800,100,constant,0.9374026,0.96002984,0.024842552036076285,0.024138225242495537
6123,39627823459077353,1.5162257432070687,800,800,100,powerlaw,0.9374026,1.1091073,0.024842552036076285,0.18317066133022308
6123,39627823459077353,1.5162257432070687,800,800,200,constant,0.9374026,0.99537593,0.024842552036076285,0.06184463948011398
6123,39627823459077353,1.5162257432070687,800,800,200,powerlaw,0.9374026,0.92589664,0.024842552036076285,0.012274300679564476
6123,39627823459077353,1.5162257432070687,800,800,500,constant,0.9374026,1.0773239,0.024842552036076285,0.14926490187644958
6123,39627823459077353,1.5162257432070687,800,800,500,powerlaw,0.9374026,0.82763886,0.024842552036076285,0.11709348857402802
6123,39627823459077353,1.5162257432070687,800,400,100,constant,0.9156331,0.9600298,0.030713109439172544,0.048487432301044464
6123,39627823459077353,1.5162257432070687,800,400,100,powerlaw,0.9156331,1.0443451,0.030713109439172544,0.14057165384292603
6123,39627823459077353,1.5162257432070687,800,400,200,constant,0.9156331,0.995376,0.030713109439172544,0.08709046244621277
6123,39627823459077353,1.5162257432070687,800,400,200,powerlaw,0.9156331,0.93453526,0.030713109439172544,0.020643839612603188
6123,39627823459077353,1.5162257432070687,800,400,500,constant,0.9156331,1.0773238,0.030713109439172544,0.1765889823436737
6123,39627823459077353,1.5162257432070687,800,400,500,powerlaw,0.9156331,0.85723466,0.030713109439172544,0.06377928704023361
6123,39627823459077353,1.5162257432070687,600,400,100,constant,0.98089546,0.9190735,0.03811279692881199,0.06302601844072342
6123,39627823459077353,1.5162257432070687,600,400,100,powerlaw,0.98089546,0.87181425,0.03811279692881199,0.11120574176311493
6123,39627823459077353,1.5162257432070687,600,400,200,constant,0.98089546,0.9360855,0.03811279692881199,0.04568268358707428
6123,39627823459077353,1.5162257432070687,600,400,200,powerlaw,0.98089546,0.9240312,0.03811279692881199,0.057971786707639694
6123,39627823459077353,1.5162257432070687,600,400,500,constant,0.98089546,1.0237838,0.03811279692881199,0.04372366517782211
6123,39627823459077353,1.5162257432070687,600,400,500,powerlaw,0.98089546,0.8711082,0.03811279692881199,0.11192557215690613
6123,39627823459077353,1.5162257432070687,400,400,100,constant,0.9785963,0.9406097,0.042248971480194145,0.038817472755908966
6123,39627823459077353,1.5162257432070687,400,400,100,powerlaw,0.9785963,0.9556899,0.042248971480194145,0.023407427594065666
6123,39627823459077353,1.5162257432070687,400,400,200,constant,0.9785963,0.9411603,0.042248971480194145,0.03825480118393898
6123,39627823459077353,1.5162257432070687,400,400,200,powerlaw,0.9785963,0.8960566,0.042248971480194145,0.0843450278043747
6123,39627823459077353,1.5162257432070687,400,400,500,constant,0.9785963,0.9933461,0.042248971480194145,0.015072369016706944
6123,39627823459077353,1.5162257432070687,400,400,500,powerlaw,0.9785963,0.8559972,0.042248971480194145,0.12528058886528015
10156,39627835555450835,0.7486489406951138,800,800,100,constant,0.8190678,0.9402217,0.036960017299400016,0.14791688323020935
10156,39627835555450835,0.7486489406951138,800,800,100,powerlaw,0.8190678,1.2108275,0.036960017299400016,0.47829946875572205
10156,39627835555450835,0.7486489406951138,800,800,200,constant,0.8190678,1.0332265,0.036960017299400016,0.2614664137363434
10156,39627835555450835,0.7486489406951138,800,800,200,powerlaw,0.8190678,0.5474241,0.036960017299400016,0.3316498398780823
10156,39627835555450835,0.7486489406951138,800,800,500,constant,0.8190678,1.056691,0.036960017299400016,0.29011431336402893
10156,39627835555450835,0.7486489406951138,800,800,500,powerlaw,0.8190678,0.94310844,0.036960017299400016,0.1514412760734558
10156,39627835555450835,0.7486489406951138,800,400,100,constant,0.82033247,0.94022155,0.045371596329861374,0.14614693820476532
10156,39627835555450835,0.7486489406951138,800,400,100,powerlaw,0.82033247,1.1097183,0.045371596329861374,0.3527665436267853
10156,39627835555450835,0.7486489406951138,800,400,200,constant,0.82033247,1.0332264,0.045371596329861374,0.259521484375
10156,39627835555450835,0.7486489406951138,800,400,200,powerlaw,0.82033247,0.6394079,0.045371596329861374,0.2205503284931183
10156,39627835555450835,0.7486489406951138,800,400,500,constant,0.82033247,1.0566909,0.045371596329861374,0.288125216960907
10156,39627835555450835,0.7486489406951138,800,400,500,powerlaw,0.82033247,0.9595922,0.045371596329861374,0.16976013779640198
10156,39627835555450835,0.7486489406951138,600,400,100,constant,0.8584836,0.8240254,0.0565872431374234,0.040138471871614456
10156,39627835555450835,0.7486489406951138,600,400,100,powerlaw,0.8584836,0.99404556,0.0565872431374234,0.1579086035490036
10156,39627835555450835,0.7486489406951138,600,400,200,constant,0.8584836,0.858982,0.0565872431374234,0.0005805749096907675
10156,39627835555450835,0.7486489406951138,600,400,200,powerlaw,0.8584836,0.75334674,0.0565872431374234,0.12246811389923096
10156,39627835555450835,0.7486489406951138,600,400,500,constant,0.8584836,0.9895991,0.0565872431374234,0.15272918343544006
10156,39627835555450835,0.7486489406951138,600,400,500,powerlaw,0.8584836,0.8075225,0.0565872431374234,0.05936180427670479
10156,39627835555450835,0.7486489406951138,400,400,100,constant,0.81657326,0.73442477,0.06372268292558099,0.10060149431228638
10156,39627835555450835,0.7486489406951138,400,400,100,powerlaw,0.81657326,0.6471387,0.06372268292558099,0.2074946016073227
10156,39627835555450835,0.7486489406951138,400,400,200,constant,0.81657326,0.77845925,0.06372268292558099,0.046675555408000946
10156,39627835555450835,0.7486489406951138,400,400,200,powerlaw,0.81657326,0.6932272,0.06372268292558099,0.1510533094406128
10156,39627835555450835,0.7486489406951138,400,400,500,constant,0.81657326,0.9240429,0.06372268292558099,0.13161049783229828
10156,39627835555450835,0.7486489406951138,400,400,500,powerlaw,0.81657326,0.64050525,0.06372268292558099,0.21561813354492188
5355,39627829498874115,0.9561316350774024,800,800,100,constant,0.82587886,0.7921804,0.09032874850131718,0.040803126990795135
5355,39627829498874115,0.9561316350774024,800,800,100,powerlaw,0.82587886,1.1146151,0.09032874850131718,0.3496108651161194
5355,39627829498874115,0.9561316350774024,800,800,200,constant,0.82587886,0.9492565,0.09032874850131718,0.14938949048519135
5355,39627829498874115,0.9561316350774024,800,800,200,powerlaw,0.82587886,0.49170026,0.09032874850131718,0.40463390946388245
5355,39627829498874115,0.9561316350774024,800,800,500,constant,0.82587886,0.8961186,0.09032874850131718,0.08504845947027206
5355,39627829498874115,0.9561316350774024,800,800,500,powerlaw,0.82587886,0.7068726,0.09032874850131718,0.1440965235233307
5355,39627829498874115,0.9561316350774024,800,400,100,constant,0.7665014,0.79218054,0.10935114050027149,0.03350171446800232
5355,39627829498874115,0.9561316350774024,800,400,100,powerlaw,0.7665014,1.0109491,0.10935114050027149,0.3189135789871216
5355,39627829498874115,0.9561316350774024,800,400,200,constant,0.7665014,0.9492564,0.10935114050027149,0.23842746019363403
5355,39627829498874115,0.9561316350774024,800,400,200,powerlaw,0.7665014,0.5683473,0.10935114050027149,0.25851765275001526
5355,39627829498874115,0.9561316350774024,800,400,500,constant,0.7665014,0.8961188,0.10935114050027149,0.16910260915756226
5355,39627829498874115,0.9561316350774024,800,400,500,powerlaw,0.7665014,0.7314148,0.10935114050027149,0.04577503725886345
5355,39627829498874115,0.9561316350774024,600,400,100,constant,0.7667501,0.8160414,0.1418404072712072,0.06428602337837219
5355,39627829498874115,0.9561316350774024,600,400,100,powerlaw,0.7667501,1.181617,0.1418404072712072,0.541071891784668
5355,39627829498874115,0.9561316350774024,600,400,200,constant,0.7667501,0.7964546,0.1418404072712072,0.03874079883098602
5355,39627829498874115,0.9561316350774024,600,400,200,powerlaw,0.7667501,0.83048505,0.1418404072712072,0.08312349766492844
5355,39627829498874115,0.9561316350774024,600,400,500,constant,0.7667501,0.86051184,0.1418404072712072,0.12228461354970932
5355,39627829498874115,0.9561316350774024,600,400,500,powerlaw,0.7667501,0.79994446,0.1418404072712072,0.04329228401184082
5355,39627829498874115,0.9561316350774024,400,400,100,constant,0.9534271,0.7828224,0.1602690285729922,0.1789383888244629
5355,39627829498874115,0.9561316350774024,400,400,100,powerlaw,0.9534271,5.8839583,0.1602690285729922,5.171377658843994
5355,39627829498874115,0.9561316350774024,400,400,200,constant,0.9534271,0.7918227,0.1602690285729922,0.16949844360351562
5355,39627829498874115,0.9561316350774024,400,400,200,powerlaw,0.9534271,1.0116249,0.1602690285729922,0.06104069948196411
5355,39627829498874115,0.9561316350774024,400,400,500,constant,0.9534271,0.8261022,0.1602690285729922,0.1335444301366806
5355,39627829498874115,0.9561316350774024,400,400,500,powerlaw,0.9534271,0.8160867,0.1602690285729922,0.14404915273189545
4613,39627865771213589,1.16341807934622,800,800,100,constant,1.0205965,1.1950402,0.05620521448522771,0.17092329263687134
4613,39627865771213589,1.16341807934622,800,800,100,powerlaw,1.0205965,0.6379682,0.05620521448522771,0.3749065697193146
4613,39627865771213589,1.16341807934622,800,800,200,constant,1.0205965,1.1714746,0.05620521448522771,0.1478332281112671
4613,39627865771213589,1.16341807934622,800,800,200,powerlaw,1.0205965,1.3406639,0.05620521448522771,0.31360816955566406
4613,39627865771213589,1.16341807934622,800,800,500,constant,1.0205965,1.0851651,0.05620521448522771,0.0632655918598175
4613,39627865771213589,1.16341807934622,800,800,500,powerlaw,1.0205965,1.3238806,0.05620521448522771,0.2971635162830353
4613,39627865771213589,1.16341807934622,800,400,100,constant,1.1374116,1.1950403,0.06990662023739536,0.05066657438874245
4613,39627865771213589,1.16341807934622,800,400,100,powerlaw,1.1374116,0.77087754,0.06990662023739536,0.3222527801990509
4613,39627865771213589,1.16341807934622,800,400,200,constant,1.1374116,1.1714746,0.06990662023739536,0.029947806149721146
4613,39627865771213589,1.16341807934622,800,400,200,powerlaw,1.1374116,1.2842492,0.06990662023739536,0.12909802794456482
4613,39627865771213589,1.16341807934622,800,400,500,constant,1.1374116,1.0851653,0.06990662023739536,0.04593441262841225
4613,39627865771213589,1.16341807934622,800,400,500,powerlaw,1.1374116,1.2846118,0.06990662023739536,0.12941685318946838
4613,39627865771213589,1.16341807934622,600,400,100,constant,0.9238429,1.269549,0.0845398878844404,0.3742044270038605
4613,39627865771213589,1.16341807934622,600,400,100,powerlaw,0.9238429,0.9260878,0.0845398878844404,0.002429947489872575
4613,39627865771213589,1.16341807934622,600,400,200,constant,0.9238429,1.2208698,0.0845398878844404,0.3215123116970062
4613,39627865771213589,1.16341807934622,600,400,200,powerlaw,0.9238429,1.1571214,0.0845398878844404,0.25250884890556335
4613,39627865771213589,1.16341807934622,600,400,500,constant,0.9238429,1.1589828,0.0845398878844404,0.2545236349105835
4613,39627865771213589,1.16341807934622,600,400,500,powerlaw,0.9238429,1.252688,0.0845398878844404,0.35595351457595825
4613,39627865771213589,1.16341807934622,400,400,100,constant,0.807031,1.0032598,0.09452234204548594,0.2431490272283554
4613,39627865771213589,1.16341807934622,400,400,100,powerlaw,0.807031,0.93848765,0.09452234204548594,0.1628892570734024
4613,39627865771213589,1.16341807934622,400,400,200,constant,0.807031,1.1282485,0.09452234204548594,0.39802372455596924
4613,39627865771213589,1.16341807934622,400,400,200,powerlaw,0.807031,0.7804823,0.09452234204548594,0.0328967347741127
4613,39627865771213589,1.16341807934622,400,400,500,constant,0.807031,1.1246268,0.09452234204548594,0.3935360610485077
4613,39627865771213589,1.16341807934622,400,400,500,powerlaw,0.807031,1.0845138,0.09452234204548594,0.3438316583633423
9705,39627853674840370,1.2747558140884645,800,800,100,constant,0.93876773,1.16712,0.05405612189481776,0.24324680864810944
9705,39627853674840370,1.2747558140884645,800,800,100,powerlaw,0.93876773,1.9374338,0.05405612189481776,1.063805341720581
9705,39627853674840370,1.2747558140884645,800,800,200,constant,0.93876773,1.0337523,0.05405612189481776,0.1011800765991211
9705,39627853674840370,1.2747558140884645,800,800,200,powerlaw,0.93876773,2.204099,0.05405612189481776,1.347864031791687
9705,39627853674840370,1.2747558140884645,800,800,500,constant,0.93876773,0.9134022,0.05405612189481776,0.027020029723644257
9705,39627853674840370,1.2747558140884645,800,800,500,powerlaw,0.93876773,1.4193732,0.05405612189481776,0.5119534730911255
9705,39627853674840370,1.2747558140884645,800,400,100,constant,0.98704785,1.1671201,0.06500743992444011,0.18243516981601715
9705,39627853674840370,1.2747558140884645,800,400,100,powerlaw,0.98704785,1.6466476,0.06500743992444011,0.6682550311088562
9705,39627853674840370,1.2747558140884645,800,400,200,constant,0.98704785,1.0337524,0.06500743992444011,0.04731745272874832
9705,39627853674840370,1.2747558140884645,800,400,200,powerlaw,0.98704785,1.7782434,0.06500743992444011,0.8015777468681335
9705,39627853674840370,1.2747558140884645,800,400,500,constant,0.98704785,0.9134023,0.06500743992444011,0.07461191713809967
9705,39627853674840370,1.2747558140884645,800,400,500,powerlaw,0.98704785,1.3263494,0.06500743992444011,0.3437538743019104
9705,39627853674840370,1.2747558140884645,600,400,100,constant,0.83390814,1.1336094,0.08329009844627396,0.3593936264514923
9705,39627853674840370,1.2747558140884645,600,400,100,powerlaw,0.83390814,0.71149784,0.08329009844627396,0.14679110050201416
9705,39627853674840370,1.2747558140884645,600,400,200,constant,0.83390814,1.129095,0.08329009844627396,0.35398000478744507
9705,39627853674840370,1.2747558140884645,600,400,200,powerlaw,0.83390814,1.0103774,0.08329009844627396,0.21161715686321259
9705,39627853674840370,1.2747558140884645,600,400,500,constant,0.83390814,0.9775516,0.08329009844627396,0.1722533106803894
9705,39627853674840370,1.2747558140884645,600,400,500,powerlaw,0.83390814,1.2814174,0.08329009844627396,0.5366409420967102
9705,39627853674840370,1.2747558140884645,400,400,100,constant,0.8305716,0.90260667,0.09731625337859354,0.0867295190691948
9705,39627853674840370,1.2747558140884645,400,400,100,powerlaw,0.8305716,0.60067546,0.09731625337859354,0.2767926752567291
9705,39627853674840370,1.2747558140884645,400,400,200,constant,0.8305716,1.0373774,0.09731625337859354,0.24899210035800934
9705,39627853674840370,1.2747558140884645,400,400,200,powerlaw,0.8305716,0.56810427,0.09731625337859354,0.316008061170578
9705,39627853674840370,1.2747558140884645,400,400,500,constant,0.8305716,1.0096949,0.09731625337859354,0.21566273272037506
9705,39627853674840370,1.2747558140884645,400,400,500,powerlaw,0.8305716,1.081612,0.09731625337859354,0.3022501766681671
1694,39627829540819636,0.9292537377274112,800,800,100,constant,1.3069463,1.2690068,0.014998680349949306,0.029029065743088722
1694,39627829540819636,0.9292537377274112,800,800,100,powerlaw,1.3069463,1.1469399,0.014998680349949306,0.12242767959833145
1694,39627829540819636,0.9292537377274112,800,800,200,constant,1.3069463,1.2629192,0.014998680349949306,0.03368699178099632
1694,39627829540819636,0.9292537377274112,800,800,200,powerlaw,1.3069463,1.3044236,0.014998680349949306,0.001930230064317584
1694,39627829540819636,0.9292537377274112,800,800,500,constant,1.3069463,1.1127094,0.014998680349949306,0.14861886203289032
1694,39627829540819636,0.9292537377274112,800,800,500,powerlaw,1.3069463,1.5157409,0.014998680349949306,0.159757599234581
1694,39627829540819636,0.9292537377274112,800,400,100,constant,1.2981468,1.2690068,0.018173646542303395,0.022447379305958748
1694,39627829540819636,0.9292537377274112,800,400,100,powerlaw,1.2981468,1.1870623,0.018173646542303395,0.08557166159152985
1694,39627829540819636,0.9292537377274112,800,400,200,constant,1.2981468,1.2629193,0.018173646542303395,0.0271367896348238
1694,39627829540819636,0.9292537377274112,800,400,200,powerlaw,1.2981468,1.2924355,0.018173646542303395,0.004399592522531748
1694,39627829540819636,0.9292537377274112,800,400,500,constant,1.2981468,1.1127094,0.018173646542303395,0.14284782111644745
1694,39627829540819636,0.9292537377274112,800,400,500,powerlaw,1.2981468,1.4383502,0.018173646542303395,0.1080026924610138
1694,39627829540819636,0.9292537377274112,600,400,100,constant,1.3603219,1.2888095,0.02294875484301239,0.0525701604783535
1694,39627829540819636,0.9292537377274112,600,400,100,powerlaw,1.3603219,1.4384923,0.02294875484301239,0.05746464803814888
1694,39627829540819636,0.9292537377274112,600,400,200,constant,1.3603219,1.2793132,0.02294875484301239,0.05955110490322113
1694,39627829540819636,0.9292537377274112,600,400,200,powerlaw,1.3603219,1.3211789,0.02294875484301239,0.02877478301525116
1694,39627829540819636,0.9292537377274112,600,400,500,constant,1.3603219,1.1776806,0.02294875484301239,0.134263277053833
1694,39627829540819636,0.9292537377274112,600,400,500,powerlaw,1.3603219,1.406414,0.02294875484301239,0.033883269876241684
1694,39627829540819636,0.9292537377274112,400,400,100,constant,1.325742,1.2958552,0.026560585442260132,0.02254348248243332
1694,39627829540819636,0.9292537377274112,400,400,100,powerlaw,1.325742,1.0453246,0.026560585442260132,0.2115173488855362
1694,39627829540819636,0.9292537377274112,400,400,200,constant,1.325742,1.293871,0.026560585442260132,0.024040093645453453
1694,39627829540819636,0.9292537377274112,400,400,200,powerlaw,1.325742,1.4034034,0.026560585442260132,0.058579567819833755
1694,39627829540819636,0.9292537377274112,400,400,500,constant,1.325742,1.256569,0.026560585442260132,0.05217680335044861
1694,39627829540819636,0.9292537377274112,400,400,500,powerlaw,1.325742,1.41495,0.026560585442260132,0.06728911399841309
8955,39627841595245955,0.9853557297268468,800,800,100,constant,1.3905829,1.1853156,0.015608051468308648,0.14761242270469666
8955,39627841595245955,0.9853557297268468,800,800,100,powerlaw,1.3905829,1.2426002,0.015608051468308648,0.10641776025295258
8955,39627841595245955,0.9853557297268468,800,800,200,constant,1.3905829,1.1583443,0.015608051468308648,0.16700813174247742
8955,39627841595245955,0.9853557297268468,800,800,200,powerlaw,1.3905829,1.3637987,0.015608051468308648,0.01926111802458763
8955,39627841595245955,0.9853557297268468,800,800,500,constant,1.3905829,1.0303229,0.015608051468308648,0.2590712308883667
8955,39627841595245955,0.9853557297268468,800,800,500,powerlaw,1.3905829,1.3410518,0.015608051468308648,0.03561894968152046
8955,39627841595245955,0.9853557297268468,800,400,100,constant,1.3267907,1.1853156,0.018785950407298652,0.10662954300642014
8955,39627841595245955,0.9853557297268468,800,400,100,powerlaw,1.3267907,1.2264967,0.018785950407298652,0.07559142261743546
8955,39627841595245955,0.9853557297268468,800,400,200,constant,1.3267907,1.1583443,0.018785950407298652,0.12695778906345367
8955,39627841595245955,0.9853557297268468,800,400,200,powerlaw,1.3267907,1.3069072,0.018785950407298652,0.014986172318458557
8955,39627841595245955,0.9853557297268468,800,400,500,constant,1.3267907,1.0303229,0.018785950407298652,0.2234472930431366
8955,39627841595245955,0.9853557297268468,800,400,500,powerlaw,1.3267907,1.284847,0.018785950407298652,0.03161287680268288
8955,39627841595245955,0.9853557297268468,600,400,100,constant,1.4162481,1.28218,0.023604065405592376,0.09466429799795151
8955,39627841595245955,0.9853557297268468,600,400,100,powerlaw,1.4162481,1.522034,0.023604065405592376,0.07469451427459717
8955,39627841595245955,0.9853557297268468,600,400,200,constant,1.4162481,1.2420105,0.023604065405592376,0.12302760779857635
8955,39627841595245955,0.9853557297268468,600,400,200,powerlaw,1.4162481,1.4241302,0.023604065405592376,0.005565492436289787
8955,39627841595245955,0.9853557297268468,600,400,500,constant,1.4162481,1.1039547,0.023604065405592376,0.22050756216049194
8955,39627841595245955,0.9853557297268468,600,400,500,powerlaw,1.4162481,1.4343323,0.023604065405592376,0.012769068591296673
8955,39627841595245955,0.9853557297268468,400,400,100,constant,1.5327648,1.3614507,0.028045969906876227,0.11176804453134537
8955,39627841595245955,0.9853557297268468,400,400,100,powerlaw,1.5327648,1.5592083,0.028045969906876227,0.01725214533507824
8955,39627841595245955,0.9853557297268468,400,400,200,constant,1.5327648,1.3218392,0.028045969906876227,0.13761118054389954
8955,39627841595245955,0.9853557297268468,400,400,200,powerlaw,1.5327648,1.5651364,0.028045969906876227,0.021119769662618637
8955,39627841595245955,0.9853557297268468,400,400,500,constant,1.5327648,1.1869515,0.028045969906876227,0.2256140559911728
8955,39627841595245955,0.9853557297268468,400,400,500,powerlaw,1.5327648,1.5632269,0.028045969906876227,0.019873986020684242
4308,39627859727222141,1.1944144771582632,800,800,100,constant,1.0796064,0.8870294,0.09071317883970136,0.17837704718112946
4308,39627859727222141,1.1944144771582632,800,800,100,powerlaw,1.0796064,5.4583936,0.09071317883970136,4.055910587310791
4308,39627859727222141,1.1944144771582632,800,800,200,constant,1.0796064,0.86657935,0.09071317883970136,0.1973191797733307
4308,39627859727222141,1.1944144771582632,800,800,200,powerlaw,1.0796064,0.9790185,0.09071317883970136,0.0931709036231041
4308,39627859727222141,1.1944144771582632,800,800,500,constant,1.0796064,0.8749048,0.09071317883970136,0.1896076202392578
4308,39627859727222141,1.1944144771582632,800,800,500,powerlaw,1.0796064,0.91362953,0.09071317883970136,0.15373831987380981
4308,39627859727222141,1.1944144771582632,800,400,100,constant,0.84366965,0.88702947,0.11079686550275397,0.05139430612325668
4308,39627859727222141,1.1944144771582632,800,400,100,powerlaw,0.84366965,2.4999583,0.11079686550275397,1.9631956815719604
4308,39627859727222141,1.1944144771582632,800,400,200,constant,0.84366965,0.86657935,0.11079686550275397,0.027154823765158653
4308,39627859727222141,1.1944144771582632,800,400,200,powerlaw,0.84366965,0.95621955,0.11079686550275397,0.1334051787853241
4308,39627859727222141,1.1944144771582632,800,400,500,constant,0.84366965,0.87490493,0.11079686550275397,0.037023112177848816
4308,39627859727222141,1.1944144771582632,800,400,500,powerlaw,0.84366965,0.91343683,0.11079686550275397,0.0826949030160904
4308,39627859727222141,1.1944144771582632,600,400,100,constant,1.0049232,0.93035305,0.14267524176386198,0.07420485466718674
4308,39627859727222141,1.1944144771582632,600,400,100,powerlaw,1.0049232,0.29304633,0.14267524176386198,0.7083892822265625
4308,39627859727222141,1.1944144771582632,600,400,200,constant,1.0049232,0.8904192,0.14267524176386198,0.11394307017326355
4308,39627859727222141,1.1944144771582632,600,400,200,powerlaw,1.0049232,0.90248775,0.14267524176386198,0.10193362832069397
4308,39627859727222141,1.1944144771582632,600,400,500,constant,1.0049232,0.8858325,0.14267524176386198,0.11850729584693909
4308,39627859727222141,1.1944144771582632,600,400,500,powerlaw,1.0049232,0.83919126,0.14267524176386198,0.16492003202438354
4308,39627859727222141,1.1944144771582632,400,400,100,constant,1.5593358,0.6371271,0.15798935780224402,0.5914112329483032
4308,39627859727222141,1.1944144771582632,400,400,100,powerlaw,1.5593358,2.129044,0.15798935780224402,0.36535313725471497
4308,39627859727222141,1.1944144771582632,400,400,200,constant,1.5593358,0.84282863,0.15798935780224402,0.4594951272010803
4308,39627859727222141,1.1944144771582632,400,400,200,powerlaw,1.5593358,0.34813613,0.15798935780224402,0.7767407894134521
4308,39627859727222141,1.1944144771582632,400,400,500,constant,1.5593358,0.83691174,0.15798935780224402,0.46328961849212646
4308,39627859727222141,1.1944144771582632,400,400,500,powerlaw,1.5593358,0.80225945,0.15798935780224402,0.4855120778083801
1157,39627853704202456,1.5065163046571877,800,800,100,constant,1.0242103,1.1274205,0.08621039723338651,0.10077052563428879
1157,39627853704202456,1.5065163046571877,800,800,100,powerlaw,1.0242103,1.3823487,0.08621039723338651,0.3496726453304291
1157,39627853704202456,1.5065163046571877,800,800,200,constant,1.0242103,1.0390213,0.08621039723338651,0.014460818842053413
1157,39627853704202456,1.5065163046571877,800,800,200,powerlaw,1.0242103,1.3480688,0.08621039723338651,0.31620311737060547
1157,39627853704202456,1.5065163046571877,800,800,500,constant,1.0242103,1.0161353,0.08621039723338651,0.007884121499955654
1157,39627853704202456,1.5065163046571877,800,800,500,powerlaw,1.0242103,0.99800813,0.08621039723338651,0.02558283321559429
1157,39627853704202456,1.5065163046571877,800,400,100,constant,0.9903,1.1274205,0.10425755286476474,0.13846364617347717
1157,39627853704202456,1.5065163046571877,800,400,100,powerlaw,0.9903,1.256561,0.10425755286476474,0.2688690721988678
1157,39627853704202456,1.5065163046571877,800,400,200,constant,0.9903,1.0390213,0.10425755286476474,0.04919847846031189
1157,39627853704202456,1.5065163046571877,800,400,200,powerlaw,0.9903,1.2509418,0.10425755286476474,0.263194739818573
1157,39627853704202456,1.5065163046571877,800,400,500,constant,0.9903,1.0161353,0.10425755286476474,0.026088392361998558
1157,39627853704202456,1.5065163046571877,800,400,500,powerlaw,0.9903,0.99536246,0.10425755286476474,0.005112047772854567
1157,39627853704202456,1.5065163046571877,600,400,100,constant,0.9626082,1.1103559,0.13545955748646143,0.15348677337169647
1157,39627853704202456,1.5065163046571877,600,400,100,powerlaw,0.9626082,0.8744376,0.13545955748646143,0.09159556776285172
1157,39627853704202456,1.5065163046571877,600,400,200,constant,0.9626082,1.1138613,0.13545955748646143,0.15712840855121613
1157,39627853704202456,1.5065163046571877,600,400,200,powerlaw,0.9626082,0.9490812,0.13545955748646143,0.01405248325318098
1157,39627853704202456,1.5065163046571877,600,400,500,constant,0.9626082,1.0313951,0.13545955748646143,0.0714588314294815
1157,39627853704202456,1.5065163046571877,600,400,500,powerlaw,0.9626082,1.0395828,0.13545955748646143,0.07996465265750885
1157,39627853704202456,1.5065163046571877,400,400,100,constant,1.0975302,0.910418,0.15330341788250307,0.17048484086990356
1157,39627853704202456,1.5065163046571877,400,400,100,powerlaw,1.0975302,1.0329504,0.15330341788250307,0.05884106084704399
1157,39627853704202456,1.5065163046571877,400,400,200,constant,1.0975302,1.0386003,0.15330341788250307,0.05369320884346962
1157,39627853704202456,1.5065163046571877,400,400,200,powerlaw,1.0975302,0.59751254,0.15330341788250307,0.45558443665504456
1157,39627853704202456,1.5065163046571877,400,400,500,constant,1.0975302,1.0048258,0.15330341788250307,0.08446639031171799
1157,39627853704202456,1.5065163046571877,400,400,500,powerlaw,1.0975302,0.9970851,0.15330341788250307,0.09151925891637802
7366,39627835572226300,0.974354578578112,800,800,100,constant,0.9498602,0.9591753,0.060379521466064144,0.009806783869862556
7366,39627835572226300,0.974354578578112,800,800,100,powerlaw,0.9498602,2.113087,0.060379521466064144,1.2246294021606445
7366,39627835572226300,0.974354578578112,800,800,200,constant,0.9498602,0.91218233,0.060379521466064144,0.03966676816344261
7366,39627835572226300,0.974354578578112,800,800,200,powerlaw,0.9498602,1.4343348,0.060379521466064144,0.5100482702255249
7366,39627835572226300,0.974354578578112,800,800,500,constant,0.9498602,1.0199132,0.060379521466064144,0.07375083118677139
7366,39627835572226300,0.974354578578112,800,800,500,powerlaw,0.9498602,0.83208483,0.060379521466064144,0.12399233132600784
7366,39627835572226300,0.974354578578112,800,400,100,constant,1.0096618,0.95917535,0.07362362958019032,0.05000332370400429
7366,39627835572226300,0.974354578578112,800,400,100,powerlaw,1.0096618,1.5981921,0.07362362958019032,0.5828984379768372
7366,39627835572226300,0.974354578578112,800,400,200,constant,1.0096618,0.9121825,0.07362362958019032,0.096546471118927
7366,39627835572226300,0.974354578578112,800,400,200,powerlaw,1.0096618,1.27804,0.07362362958019032,0.2658100426197052
7366,39627835572226300,0.974354578578112,800,400,500,constant,1.0096618,1.0199133,0.07362362958019032,0.010153422132134438
7366,39627835572226300,0.974354578578112,800,400,500,powerlaw,1.0096618,0.8613506,0.07362362958019032,0.14689195156097412
7366,39627835572226300,0.974354578578112,600,400,100,constant,0.95923233,1.0751326,0.09311099245070195,0.12082607299089432
7366,39627835572226300,0.974354578578112,600,400,100,powerlaw,0.95923233,0.48884085,0.09311099245070195,0.4903832674026489
7366,39627835572226300,0.974354578578112,600,400,200,constant,0.95923233,1.0267713,0.09311099245070195,0.07040940225124359
7366,39627835572226300,0.974354578578112,600,400,200,powerlaw,0.95923233,0.88647366,0.09311099245070195,0.0758509412407875
7366,39627835572226300,0.974354578578112,600,400,500,constant,0.95923233,1.0065609,0.09311099245070195,0.04934006929397583
7366,39627835572226300,0.974354578578112,600,400,500,powerlaw,0.95923233,0.8926035,0.09311099245070195,0.06946055591106415
7366,39627835572226300,0.974354578578112,400,400,100,constant,0.8270164,1.007113,0.10552081062935824,0.21776661276817322
7366,39627835572226300,0.974354578578112,400,400,100,powerlaw,0.8270164,1.0994823,0.10552081062935824,0.3294564485549927
7366,39627835572226300,0.974354578578112,400,400,200,constant,0.8270164,1.0703126,0.10552081062935824,0.29418545961380005
7366,39627835572226300,0.974354578578112,400,400,200,powerlaw,0.8270164,0.66511184,0.10552081062935824,0.19576947391033173
7366,39627835572226300,0.974354578578112,400,400,500,constant,0.8270164,0.97935194,0.10552081062935824,0.18419891595840454
7366,39627835572226300,0.974354578578112,400,400,500,powerlaw,0.8270164,0.9951451,0.10552081062935824,0.20329543948173523
5850,39627829507264640,1.3334151759731536,800,800,100,constant,1.0497276,0.902084,0.04511392080489756,0.14064940810203552
5850,39627829507264640,1.3334151759731536,800,800,100,powerlaw,1.0497276,1.2029885,0.04511392080489756,0.1460006833076477
5850,39627829507264640,1.3334151759731536,800,800,200,constant,1.0497276,0.9154598,0.04511392080489756,0.12790723145008087
5850,39627829507264640,1.3334151759731536,800,800,200,powerlaw,1.0497276,0.8992417,0.04511392080489756,0.1433570832014084
5850,39627829507264640,1.3334151759731536,800,800,500,constant,1.0497276,0.97395444,0.04511392080489756,0.07218360900878906
5850,39627829507264640,1.3334151759731536,800,800,500,powerlaw,1.0497276,0.9619796,0.04511392080489756,0.08359114825725555
5850,39627829507264640,1.3334151759731536,800,400,100,constant,1.124987,0.9020841,0.05455203487648275,0.19813819229602814
5850,39627829507264640,1.3334151759731536,800,400,100,powerlaw,1.124987,1.1006138,0.05455203487648275,0.021665293723344803
5850,39627829507264640,1.3334151759731536,800,400,200,constant,1.124987,0.9154598,0.05455203487648275,0.1862485408782959
5850,39627829507264640,1.3334151759731536,800,400,200,powerlaw,1.124987,0.91783834,0.05455203487648275,0.18413427472114563
5850,39627829507264640,1.3334151759731536,800,400,500,constant,1.124987,0.9739545,0.05455203487648275,0.134252667427063
5850,39627829507264640,1.3334151759731536,800,400,500,powerlaw,1.124987,0.9666639,0.05455203487648275,0.1407332718372345
5850,39627829507264640,1.3334151759731536,600,400,100,constant,0.9858333,1.1004298,0.06971371486889197,0.11624327301979065
5850,39627829507264640,1.3334151759731536,600,400,100,powerlaw,0.9858333,0.9181031,0.06971371486889197,0.06870348751544952
5850,39627829507264640,1.3334151759731536,600,400,200,constant,0.9858333,1.0004684,0.06971371486889197,0.014845396392047405
5850,39627829507264640,1.3334151759731536,600,400,200,powerlaw,0.9858333,1.2003258,0.06971371486889197,0.21757487952709198
5850,39627829507264640,1.3334151759731536,600,400,500,constant,0.9858333,1.0062356,0.06971371486889197,0.020695500075817108
5850,39627829507264640,1.3334151759731536,600,400,500,powerlaw,0.9858333,1.0696435,0.06971371486889197,0.08501458913087845
5850,39627829507264640,1.3334151759731536,400,400,100,constant,0.88689166,1.0193359,0.08024269367893953,0.14933526515960693
5850,39627829507264640,1.3334151759731536,400,400,100,powerlaw,0.88689166,0.9228118,0.08024269367893953,0.04050116240978241
5850,39627829507264640,1.3334151759731536,400,400,200,constant,0.88689166,1.043963,0.08024269367893953,0.17710313200950623
5850,39627829507264640,1.3334151759731536,400,400,200,powerlaw,0.88689166,1.045892,0.08024269367893953,0.1792781949043274
5850,39627829507264640,1.3334151759731536,400,400,500,constant,0.88689166,0.9882779,0.08024269367893953,0.11431638896465302
5850,39627829507264640,1.3334151759731536,400,400,500,powerlaw,0.88689166,1.11147,0.08024269367893953,0.2532195746898651
10869,39627859697863629,0.8144588002119629,800,800,100,constant,1.1722199,1.2199012,0.009294001025061715,0.04067609831690788
10869,39627859697863629,0.8144588002119629,800,800,100,powerlaw,1.1722199,1.6578236,0.009294001025061715,0.4142599105834961
10869,39627859697863629,0.8144588002119629,800,800,200,constant,1.1722199,1.2090483,0.009294001025061715,0.03141765296459198
10869,39627859697863629,0.8144588002119629,800,800,200,powerlaw,1.1722199,1.2674174,0.009294001025061715,0.08121135085821152
10869,39627859697863629,0.8144588002119629,800,800,500,constant,1.1722199,1.1695244,0.009294001025061715,0.00229943310841918
10869,39627859697863629,0.8144588002119629,800,800,500,powerlaw,1.1722199,1.285323,0.009294001025061715,0.09648629277944565
10869,39627859697863629,0.8144588002119629,800,400,100,constant,1.1539624,1.2199013,0.0118465708234043,0.05714133381843567
10869,39627859697863629,0.8144588002119629,800,400,100,powerlaw,1.1539624,1.4601684,0.0118465708234043,0.265351802110672
10869,39627859697863629,0.8144588002119629,800,400,200,constant,1.1539624,1.2090483,0.0118465708234043,0.04773630201816559
10869,39627859697863629,0.8144588002119629,800,400,200,powerlaw,1.1539624,1.2508264,0.0118465708234043,0.08394033461809158
10869,39627859697863629,0.8144588002119629,800,400,500,constant,1.1539624,1.1695246,0.0118465708234043,0.013485861010849476
10869,39627859697863629,0.8144588002119629,800,400,500,powerlaw,1.1539624,1.2620153,0.0118465708234043,0.09363647550344467
10869,39627859697863629,0.8144588002119629,600,400,100,constant,1.1364852,1.1714095,0.01382636136809058,0.030730068683624268
10869,39627859697863629,0.8144588002119629,600,400,100,powerlaw,1.1364852,1.2221566,0.01382636136809058,0.0753827914595604
10869,39627859697863629,0.8144588002119629,600,400,200,constant,1.1364852,1.1936183,0.01382636136809058,0.05027173087000847
10869,39627859697863629,0.8144588002119629,600,400,200,powerlaw,1.1364852,1.1311432,0.01382636136809058,0.0047004627995193005
10869,39627859697863629,0.8144588002119629,600,400,500,constant,1.1364852,1.1814594,0.01382636136809058,0.0395730696618557
10869,39627859697863629,0.8144588002119629,600,400,500,powerlaw,1.1364852,1.1895181,0.01382636136809058,0.04666393622756004
10869,39627859697863629,0.8144588002119629,400,400,100,constant,1.2014452,1.1089623,0.014988158050403821,0.07697639614343643
10869,39627859697863629,0.8144588002119629,400,400,100,powerlaw,1.2014452,0.8332926,0.014988158050403821,0.3064247965812683
10869,39627859697863629,0.8144588002119629,400,400,200,constant,1.2014452,1.1377373,0.014988158050403821,0.053026095032691956
10869,39627859697863629,0.8144588002119629,400,400,200,powerlaw,1.2014452,1.0748341,0.014988158050403821,0.10538234561681747
10869,39627859697863629,0.8144588002119629,400,400,500,constant,1.2014452,1.1712914,0.014988158050403821,0.02509799785912037
10869,39627859697863629,0.8144588002119629,400,400,500,powerlaw,1.2014452,1.1463883,0.014988158050403821,0.04582558572292328
