row,targetid,z,side,width_rest_aa,method,n_fit_bins,n_held_bins,true_mean,mean_sigma,predicted_mean,signed_mean_error,absolute_mean_error,failure
616,39627574971727955,0.4158203458099331,blue,500,powerlaw500,51,8,-0.04649901017546654,0.1130131408572197,0.13587026602912006,0.1823692762045866,0.1823692762045866,
616,39627574971727955,0.4158203458099331,blue,1000,powerlaw1000,101,8,-0.04649901017546654,0.1130131408572197,0.14122773830245472,0.18772674847792126,0.18772674847792126,
616,39627574971727955,0.4158203458099331,red,500,powerlaw500,51,8,1.0497510433197021,0.02110443264245987,1.1164449971939234,0.06669395387422128,0.06669395387422128,
616,39627574971727955,0.4158203458099331,red,1000,powerlaw1000,101,8,1.0497510433197021,0.02110443264245987,1.1119577322787784,0.06220668895907622,0.06220668895907622,
10496,2402794023682048,0.0705990407429481,blue,500,powerlaw500,51,10,0.7622243165969849,0.3741210222244263,0.9578483276702252,0.19562401107324034,0.19562401107324034,
10496,2402794023682048,0.0705990407429481,blue,1000,powerlaw1000,101,10,0.7622243165969849,0.3741210222244263,1.0366038474432973,0.2743795308463124,0.2743795308463124,
10496,2402794023682048,0.0705990407429481,red,500,powerlaw500,51,10,0.7490453720092773,0.04482752680778503,0.7632794844786304,0.014234112469353022,0.014234112469353022,
10496,2402794023682048,0.0705990407429481,red,1000,powerlaw1000,101,10,0.7490453720092773,0.04482752680778503,0.666205721694333,-0.08283965031494434,0.08283965031494434,
2275,39627847664405713,0.3316881116625737,blue,500,powerlaw500,51,8,3.66372013092041,2.6358258724212646,1.1947575626612084,-2.468962568259202,2.468962568259202,
2275,39627847664405713,0.3316881116625737,blue,1000,powerlaw1000,101,8,3.66372013092041,2.6358258724212646,1.6672295313761494,-1.9964905995442608,1.9964905995442608,
2275,39627847664405713,0.3316881116625737,red,500,powerlaw500,51,8,0.1988440603017807,0.41535964608192444,0.5986311169328483,0.3997870566310676,0.3997870566310676,
2275,39627847664405713,0.3316881116625737,red,1000,powerlaw1000,101,8,0.1988440603017807,0.41535964608192444,0.8230096695371125,0.6241656092353318,0.6241656092353318,
2261,39627847664405229,0.3739905296441744,blue,500,powerlaw500,51,8,0.1312282383441925,0.05489831417798996,0.06063622946570372,-0.0705920088784888,0.0705920088784888,
2261,39627847664405229,0.3739905296441744,blue,1000,powerlaw1000,101,8,0.1312282383441925,0.05489831417798996,0.09695078968719636,-0.03427744865699614,0.03427744865699614,
2261,39627847664405229,0.3739905296441744,red,500,powerlaw500,51,8,0.9616200923919678,0.009496143087744713,1.0303290658455166,0.06870897345354887,0.06870897345354887,
2261,39627847664405229,0.3739905296441744,red,1000,powerlaw1000,101,8,0.9616200923919678,0.009496143087744713,1.0330030991080177,0.07138300671604991,0.07138300671604991,
11900,39627793792766468,0.1051468718031301,blue,500,powerlaw500,51,10,2.3751227855682373,1.8398544311523437,2.3665534547465197,-0.008569330821717625,0.008569330821717625,
11900,39627793792766468,0.1051468718031301,blue,1000,powerlaw1000,101,10,2.3751227855682373,1.8398544311523437,1.833634371837351,-0.5414884137308864,0.5414884137308864,
11900,39627793792766468,0.1051468718031301,red,500,powerlaw500,51,10,-0.28752559423446655,0.19367798566818237,0.37627169811366407,0.6637972923481306,0.6637972923481306,
11900,39627793792766468,0.1051468718031301,red,1000,powerlaw1000,101,10,-0.28752559423446655,0.19367798566818237,0.42942064353937565,0.7169462377738423,0.7169462377738423,
12253,39627787765550319,0.0931222397295957,blue,500,powerlaw500,51,10,0.6771858930587769,0.8210721015930176,0.6332648189532081,-0.04392107410556878,0.04392107410556878,
12253,39627787765550319,0.0931222397295957,blue,1000,powerlaw1000,101,10,0.6771858930587769,0.8210721015930176,0.5567074261753049,-0.12047846688347197,0.12047846688347197,
12253,39627787765550319,0.0931222397295957,red,500,powerlaw500,51,10,1.9547115564346313,0.11400825977325439,1.7795477413286087,-0.17516381510602264,0.17516381510602264,
12253,39627787765550319,0.0931222397295957,red,1000,powerlaw1000,101,10,1.9547115564346313,0.11400825977325439,1.7636162112210916,-0.19109534521353977,0.19109534521353977,
7470,39627835572227638,0.368003520963086,blue,500,powerlaw500,51,8,0.2997090220451355,0.08028997480869293,0.23623456508117902,-0.06347445696395648,0.06347445696395648,
7470,39627835572227638,0.368003520963086,blue,1000,powerlaw1000,101,8,0.2997090220451355,0.08028997480869293,0.27635210481331995,-0.023356917231815544,0.023356917231815544,
7470,39627835572227638,0.368003520963086,red,500,powerlaw500,51,8,1.021817684173584,0.012455285526812077,1.0967584780363249,0.07494079386274088,0.07494079386274088,
7470,39627835572227638,0.368003520963086,red,1000,powerlaw1000,101,8,1.021817684173584,0.012455285526812077,1.0964629641526682,0.07464527997908421,0.07464527997908421,
1215,39627841624609199,0.0451061333812131,blue,500,powerlaw500,51,10,1.272275686264038,0.4561717987060547,0.7496270000050335,-0.5226486862590046,0.5226486862590046,
1215,39627841624609199,0.0451061333812131,blue,1000,powerlaw1000,101,10,1.272275686264038,0.4561717987060547,0.9855266228537621,-0.28674906341027595,0.28674906341027595,
1215,39627841624609199,0.0451061333812131,red,500,powerlaw500,51,10,0.5197553038597107,0.07479490637779236,0.48360245161748255,-0.03615285224222814,0.03615285224222814,
1215,39627841624609199,0.0451061333812131,red,1000,powerlaw1000,101,10,0.5197553038597107,0.07479490637779236,0.5706289830589644,0.050873679199253674,0.050873679199253674,
5890,39627829498875562,0.0923651088291834,blue,500,powerlaw500,51,10,0.9459172487258911,0.8864606857299805,0.2715902976944992,-0.6743269510313918,0.6743269510313918,
5890,39627829498875562,0.0923651088291834,blue,1000,powerlaw1000,101,10,0.9459172487258911,0.8864606857299805,0.597510248536549,-0.3484070001893421,0.3484070001893421,
5890,39627829498875562,0.0923651088291834,red,500,powerlaw500,51,10,0.1586277037858963,0.19469536542892457,0.1538349380448183,-0.004792765741078009,0.004792765741078009,
5890,39627829498875562,0.0923651088291834,red,1000,powerlaw1000,101,10,0.1586277037858963,0.19469536542892457,0.3225077298823606,0.1638800260964643,0.1638800260964643,
9533,39627841591054435,0.4335234889511798,blue,500,powerlaw500,51,7,0.24475014209747314,0.12936734301703318,0.08406739859584003,-0.1606827435016331,0.1606827435016331,
9533,39627841591054435,0.4335234889511798,blue,1000,powerlaw1000,101,7,0.24475014209747314,0.12936734301703318,0.13666498098589186,-0.10808516111158128,0.10808516111158128,
9533,39627841591054435,0.4335234889511798,red,500,powerlaw500,51,7,1.0620299577713013,0.014500842562743596,1.0994951090079788,0.037465151236677485,0.037465151236677485,
9533,39627841591054435,0.4335234889511798,red,1000,powerlaw1000,101,7,1.0620299577713013,0.014500842562743596,1.0774994425706663,0.015469484799365052,0.015469484799365052,
3338,39627811404646657,0.0851557155756855,blue,500,powerlaw500,51,10,2.0553805828094482,1.897282028198242,0.6512698947545452,-1.404110688054903,1.404110688054903,
3338,39627811404646657,0.0851557155756855,blue,1000,powerlaw1000,101,10,2.0553805828094482,1.897282028198242,1.471448648889448,-0.5839319339200002,0.5839319339200002,
3338,39627811404646657,0.0851557155756855,red,500,powerlaw500,51,10,0.10805126279592514,0.21027932167053223,1.0232365117496451,0.91518524895372,0.91518524895372,
3338,39627811404646657,0.0851557155756855,red,1000,powerlaw1000,101,10,0.10805126279592514,0.21027932167053223,0.7287388979266141,0.6206876351306889,0.6206876351306889,
2975,39627823484242836,0.2483291227476399,blue,500,powerlaw500,51,9,2.3860366344451904,0.9592581854926215,2.5752774084834726,0.1892407740382822,0.1892407740382822,
2975,39627823484242836,0.2483291227476399,blue,1000,powerlaw1000,101,9,2.3860366344451904,0.9592581854926215,2.046202368538088,-0.3398342659071023,0.3398342659071023,
2975,39627823484242836,0.2483291227476399,red,500,powerlaw500,51,9,0.8414369225502014,0.15164952807956272,0.2632942065904136,-0.5781427159597878,0.5781427159597878,
2975,39627823484242836,0.2483291227476399,red,1000,powerlaw1000,101,9,0.8414369225502014,0.15164952807956272,0.41301889785419116,-0.42841802469601026,0.42841802469601026,
7351,39627835568034061,0.2143582598526386,blue,500,powerlaw500,51,9,0.4635878801345825,0.8821032842000326,0.5128090434667615,0.04922116333217896,0.04922116333217896,
7351,39627835568034061,0.2143582598526386,blue,1000,powerlaw1000,101,9,0.4635878801345825,0.8821032842000326,0.5806669482602369,0.11707906812565438,0.11707906812565438,
7351,39627835568034061,0.2143582598526386,red,500,powerlaw500,51,9,0.6664671897888184,0.18901154730055067,1.1868137860850327,0.5203465962962144,0.5203465962962144,
7351,39627835568034061,0.2143582598526386,red,1000,powerlaw1000,101,9,0.6664671897888184,0.18901154730055067,1.042282143210531,0.37581495342171256,0.37581495342171256,
5812,39627835551253449,0.5456582463541787,blue,500,powerlaw500,51,7,0.16980372369289398,0.1685539824622018,0.18828889585587555,0.018485172162981567,0.018485172162981567,
5812,39627835551253449,0.5456582463541787,blue,1000,powerlaw1000,101,7,0.16980372369289398,0.1685539824622018,0.16241581677853692,-0.007387906914357062,0.007387906914357062,
5812,39627835551253449,0.5456582463541787,red,500,powerlaw500,51,7,1.1382262706756592,0.04319781916482108,1.097531802469885,-0.04069446820577416,0.04069446820577416,
5812,39627835551253449,0.5456582463541787,red,1000,powerlaw1000,101,7,1.1382262706756592,0.04319781916482108,1.146042095972888,0.007815825297228907,0.007815825297228907,
9204,39627853679036621,0.2198216984398181,blue,500,powerlaw500,51,9,1.0088822841644287,1.3169815275404189,0.8822324173241408,-0.1266498668402879,0.1266498668402879,
9204,39627853679036621,0.2198216984398181,blue,1000,powerlaw1000,101,9,1.0088822841644287,1.3169815275404189,0.9792998883608602,-0.029582395803568473,0.029582395803568473,
9204,39627853679036621,0.2198216984398181,red,500,powerlaw500,51,9,0.6178334355354309,0.1443023549185859,0.40116024323807925,-0.21667319229735166,0.21667319229735166,
9204,39627853679036621,0.2198216984398181,red,1000,powerlaw1000,101,9,0.6178334355354309,0.1443023549185859,0.5011312457363166,-0.11670218979911429,0.11670218979911429,
4110,2851346470404097,0.183903877544252,blue,500,powerlaw500,51,9,0.12729647755622864,0.040317399634255305,0.19265444838619344,0.0653579708299648,0.0653579708299648,
4110,2851346470404097,0.183903877544252,blue,1000,powerlaw1000,101,9,0.12729647755622864,0.040317399634255305,0.1358293326714181,0.008532855115189475,0.008532855115189475,
4110,2851346470404097,0.183903877544252,red,500,powerlaw500,51,9,1.040246605873108,0.005706109520461824,1.0557024337821859,0.015455827909077957,0.015455827909077957,
4110,2851346470404097,0.183903877544252,red,1000,powerlaw1000,101,9,1.040246605873108,0.005706109520461824,1.0370632993370992,-0.0031833065360087343,0.0031833065360087343,
12928,39627787761354325,0.5610406289310123,blue,500,powerlaw500,51,7,0.28616243600845337,0.3404911586216518,0.4654485957728283,0.17928615976437495,0.17928615976437495,
12928,39627787761354325,0.5610406289310123,blue,1000,powerlaw1000,101,7,0.28616243600845337,0.3404911586216518,0.49526774861521156,0.2091053126067582,0.2091053126067582,
12928,39627787761354325,0.5610406289310123,red,500,powerlaw500,51,7,1.0726416110992432,0.04905196598597935,1.1449264350035073,0.07228482390426416,0.07228482390426416,
12928,39627787761354325,0.5610406289310123,red,1000,powerlaw1000,101,7,1.0726416110992432,0.04905196598597935,1.1723964997669651,0.09975488866772197,0.09975488866772197,
3045,39627805356463318,0.5480306883658168,blue,500,powerlaw500,51,7,1.648349404335022,0.47485106331961496,0.528118692122497,-1.120230712212525,1.120230712212525,
3045,39627805356463318,0.5480306883658168,blue,1000,powerlaw1000,101,7,1.648349404335022,0.47485106331961496,0.7030906585856762,-0.9452587457493458,0.9452587457493458,
3045,39627805356463318,0.5480306883658168,red,500,powerlaw500,51,7,1.0402384996414185,0.0701896037374224,1.0887467580818428,0.04850825844042439,0.04850825844042439,
3045,39627805356463318,0.5480306883658168,red,1000,powerlaw1000,101,7,1.0402384996414185,0.0701896037374224,1.0969363700166839,0.05669787037526541,0.05669787037526541,
12615,39627787757163721,0.3759539712555434,blue,500,powerlaw500,51,8,0.06590956449508667,0.05690905824303627,0.059533355943592686,-0.006376208551493984,0.006376208551493984,
12615,39627787757163721,0.3759539712555434,blue,1000,powerlaw1000,101,8,0.06590956449508667,0.05690905824303627,0.08719955422258548,0.021289989727498806,0.021289989727498806,
12615,39627787757163721,0.3759539712555434,red,500,powerlaw500,51,8,0.9906295537948608,0.01165443379431963,1.0980608036852482,0.10743124989038733,0.10743124989038733,
12615,39627787757163721,0.3759539712555434,red,1000,powerlaw1000,101,8,0.9906295537948608,0.01165443379431963,1.10445590299527,0.11382634920040924,0.11382634920040924,
2561,39627817436059180,0.5979975481846802,blue,500,powerlaw500,51,7,0.11321921646595001,0.2776210308074951,0.04536630317399932,-0.0678529132919507,0.0678529132919507,
2561,39627817436059180,0.5979975481846802,blue,1000,powerlaw1000,101,7,0.11321921646595001,0.2776210308074951,0.033513946663930254,-0.07970526980201975,0.07970526980201975,
2561,39627817436059180,0.5979975481846802,red,500,powerlaw500,51,7,1.1366946697235107,0.04322957566806248,1.1172232792100403,-0.019471390513470466,0.019471390513470466,
2561,39627817436059180,0.5979975481846802,red,1000,powerlaw1000,101,7,1.1366946697235107,0.04322957566806248,1.1705107701136295,0.03381610039011873,0.03381610039011873,
6925,39627841586860921,0.1265416126887426,blue,500,powerlaw500,51,9,2.298584461212158,1.6085983912150066,0.7171445088637506,-1.5814399523484077,1.5814399523484077,
6925,39627841586860921,0.1265416126887426,blue,1000,powerlaw1000,101,9,2.298584461212158,1.6085983912150066,1.0548816625160908,-1.2437027986960674,1.2437027986960674,
6925,39627841586860921,0.1265416126887426,red,500,powerlaw500,51,9,0.40103113651275635,0.16239150365193686,0.36628545298849624,-0.03474568352426011,0.03474568352426011,
6925,39627841586860921,0.1265416126887426,red,1000,powerlaw1000,101,9,0.40103113651275635,0.16239150365193686,0.38709198292196034,-0.013939153590796005,0.013939153590796005,
3618,2402739686473735,0.0643342258731362,blue,500,powerlaw500,51,10,0.46708860993385315,0.26452183723449707,0.5319297490222923,0.06484113908843914,0.06484113908843914,
3618,2402739686473735,0.0643342258731362,blue,1000,powerlaw1000,101,10,0.46708860993385315,0.26452183723449707,0.7110278790731008,0.24393926913924768,0.24393926913924768,
3618,2402739686473735,0.0643342258731362,red,500,powerlaw500,51,10,0.5977417230606079,0.026467999815940856,0.6556428280198934,0.057901104959285465,0.057901104959285465,
3618,2402739686473735,0.0643342258731362,red,1000,powerlaw1000,101,10,0.5977417230606079,0.026467999815940856,0.6547732140890329,0.057031491028424974,0.057031491028424974,
7808,2715025152147456,0.2266819361222974,blue,500,powerlaw500,51,9,0.75251704454422,0.25425778494940865,0.9427246018940834,0.1902075573498634,0.1902075573498634,
7808,2715025152147456,0.2266819361222974,blue,1000,powerlaw1000,101,9,0.75251704454422,0.25425778494940865,0.6909390164156821,-0.061578028128537854,0.061578028128537854,
7808,2715025152147456,0.2266819361222974,red,500,powerlaw500,51,9,0.6412842273712158,0.03246126903427972,0.7198757351974557,0.07859150782623991,0.07859150782623991,
7808,2715025152147456,0.2266819361222974,red,1000,powerlaw1000,101,9,0.6412842273712158,0.03246126903427972,0.6961964414448001,0.054912214073584265,0.054912214073584265,
1482,2842580605730816,0.0464169173430912,blue,500,powerlaw500,51,10,0.6655288934707642,0.2904950141906738,0.23597881239815469,-0.4295500810726095,0.4295500810726095,
1482,2842580605730816,0.0464169173430912,blue,1000,powerlaw1000,101,10,0.6655288934707642,0.2904950141906738,0.30696410429472787,-0.3585647891760363,0.3585647891760363,
1482,2842580605730816,0.0464169173430912,red,500,powerlaw500,51,10,0.7851909399032593,0.032974150776863095,0.8669426336964324,0.08175169379317315,0.08175169379317315,
1482,2842580605730816,0.0464169173430912,red,1000,powerlaw1000,101,10,0.7851909399032593,0.032974150776863095,0.8761357079308457,0.09094476802758644,0.09094476802758644,
9322,39627847647627092,0.4082686322869648,blue,500,powerlaw500,51,8,7.09550666809082,1.532267689704895,2.0471716079126487,-5.048335060178172,5.048335060178172,
9322,39627847647627092,0.4082686322869648,blue,1000,powerlaw1000,101,8,7.09550666809082,1.532267689704895,2.1337445880573735,-4.961762080033447,4.961762080033447,
9322,39627847647627092,0.4082686322869648,red,500,powerlaw500,51,8,0.3718685209751129,0.2848135530948639,0.764520045558869,0.3926515245837561,0.3926515245837561,
9322,39627847647627092,0.4082686322869648,red,1000,powerlaw1000,101,8,0.3718685209751129,0.2848135530948639,0.7159817903571708,0.3441132693820579,0.3441132693820579,
12226,39627793796961309,0.4478410317895243,blue,500,powerlaw500,51,7,0.914362370967865,0.44871439252580914,0.9534295118314977,0.03906714086363272,0.03906714086363272,
12226,39627793796961309,0.4478410317895243,blue,1000,powerlaw1000,101,7,0.914362370967865,0.44871439252580914,1.216764181811792,0.30240181084392703,0.30240181084392703,
12226,39627793796961309,0.4478410317895243,red,500,powerlaw500,51,7,1.2220803499221802,0.09161506380353655,0.9817386192340484,-0.2403417306881318,0.2403417306881318,
12226,39627793796961309,0.4478410317895243,red,1000,powerlaw1000,101,7,1.2220803499221802,0.09161506380353655,0.963803828588829,-0.2582765213333512,0.2582765213333512,
12905,39627793796959006,0.5232407110910429,blue,500,powerlaw500,51,7,0.11283773928880692,0.12430897780827113,0.06712873642538411,-0.045709002863422804,0.045709002863422804,
12905,39627793796959006,0.5232407110910429,blue,1000,powerlaw1000,101,7,0.11283773928880692,0.12430897780827113,0.062096471366348785,-0.05074126792245813,0.05074126792245813,
12905,39627793796959006,0.5232407110910429,red,500,powerlaw500,51,7,1.0772886276245117,0.021016367844172885,1.0467894165236644,-0.0304992111008473,0.0304992111008473,
12905,39627793796959006,0.5232407110910429,red,1000,powerlaw1000,101,7,1.0772886276245117,0.021016367844172885,1.089331362598021,0.012042734973509273,0.012042734973509273,
1510,39627847651824976,0.1711271424129847,blue,500,powerlaw500,51,9,1.4237619638442993,1.679329342312283,1.2219370658264175,-0.20182489801788184,0.20182489801788184,
1510,39627847651824976,0.1711271424129847,blue,1000,powerlaw1000,101,9,1.4237619638442993,1.679329342312283,0.689000069863128,-0.7347618939811713,0.7347618939811713,
1510,39627847651824976,0.1711271424129847,red,500,powerlaw500,51,9,0.6308936476707458,0.22297316127353245,0.5175822491320575,-0.11331139853868832,0.11331139853868832,
1510,39627847651824976,0.1711271424129847,red,1000,powerlaw1000,101,9,0.6308936476707458,0.22297316127353245,0.6288411932876191,-0.002052454383126734,0.002052454383126734,
6829,39627829507264460,0.0167632735241637,blue,500,powerlaw500,51,10,0.8267033696174622,0.43993406295776366,1.1187907954780716,0.29208742586060943,0.29208742586060943,
6829,39627829507264460,0.0167632735241637,blue,1000,powerlaw1000,101,10,0.8267033696174622,0.43993406295776366,1.3191429144054245,0.49243954478796237,0.49243954478796237,
6829,39627829507264460,0.0167632735241637,red,500,powerlaw500,51,10,0.2615140974521637,0.05428978204727173,0.3229431158335791,0.0614290183814154,0.0614290183814154,
6829,39627829507264460,0.0167632735241637,red,1000,powerlaw1000,101,10,0.2615140974521637,0.05428978204727173,0.433645958919891,0.1721318614677273,0.1721318614677273,
5922,39627835547060165,0.3760721376667936,blue,500,powerlaw500,51,8,0.03100202977657318,0.05917366221547127,0.037620541914323444,0.006618512137750263,0.006618512137750263,
5922,39627835547060165,0.3760721376667936,blue,1000,powerlaw1000,101,8,0.03100202977657318,0.05917366221547127,0.09562117275321155,0.06461914297663837,0.06461914297663837,
5922,39627835547060165,0.3760721376667936,red,500,powerlaw500,51,8,1.039501667022705,0.017107119783759117,1.0983402944753915,0.05883862745268642,0.05883862745268642,
5922,39627835547060165,0.3760721376667936,red,1000,powerlaw1000,101,8,1.039501667022705,0.017107119783759117,1.0812480612938877,0.04174639427118265,0.04174639427118265,
4168,2842562456977408,0.0281936156448863,blue,500,powerlaw500,51,10,0.4480600357055664,0.20809462070465087,0.645159821257623,0.19709978555205654,0.19709978555205654,
4168,2842562456977408,0.0281936156448863,blue,1000,powerlaw1000,101,10,0.4480600357055664,0.20809462070465087,0.9278483063638797,0.4797882706583133,0.4797882706583133,
4168,2842562456977408,0.0281936156448863,red,500,powerlaw500,51,10,0.5480617880821228,0.026687878370285033,0.5951390968195402,0.047077308737417445,0.047077308737417445,
4168,2842562456977408,0.0281936156448863,red,1000,powerlaw1000,101,10,0.5480617880821228,0.026687878370285033,0.6120942497940975,0.06403246171197474,0.06403246171197474,
12854,39627787752966787,0.1695809213128639,blue,500,powerlaw500,51,9,-2.5486373901367188,2.8416366577148438,0.051931571686857164,2.600568961823576,2.600568961823576,
12854,39627787752966787,0.1695809213128639,blue,1000,powerlaw1000,101,9,-2.5486373901367188,2.8416366577148438,0.2021279545695842,2.750765344706303,2.750765344706303,
12854,39627787752966787,0.1695809213128639,red,500,powerlaw500,51,9,0.9207086563110352,0.33118971188863117,0.5623380512908102,-0.358370605020225,0.358370605020225,
12854,39627787752966787,0.1695809213128639,red,1000,powerlaw1000,101,9,0.9207086563110352,0.33118971188863117,0.6799991751256597,-0.2407094811853755,0.2407094811853755,
6370,39627829511459693,0.5736303520624962,blue,500,powerlaw500,51,7,0.16964371502399445,0.22768044471740723,0.14712836672025034,-0.022515348303744104,0.022515348303744104,
6370,39627829511459693,0.5736303520624962,blue,1000,powerlaw1000,101,7,0.16964371502399445,0.22768044471740723,0.151427023904859,-0.01821669111913546,0.01821669111913546,
6370,39627829511459693,0.5736303520624962,red,500,powerlaw500,51,7,1.0538322925567627,0.028956666588783264,1.1547285454954979,0.10089625293873516,0.10089625293873516,
6370,39627829511459693,0.5736303520624962,red,1000,powerlaw1000,101,7,1.0538322925567627,0.028956666588783264,1.19570380678686,0.14187151423009725,0.14187151423009725,
974,39627835580616763,0.4723174633084611,blue,500,powerlaw500,51,7,-0.02131587266921997,0.3000805377960205,0.2677224316588795,0.28903830432809946,0.28903830432809946,
974,39627835580616763,0.4723174633084611,blue,1000,powerlaw1000,101,7,-0.02131587266921997,0.3000805377960205,0.06978117395130407,0.09109704662052404,0.09109704662052404,
974,39627835580616763,0.4723174633084611,red,500,powerlaw500,51,7,1.2730634212493896,0.0667111873626709,1.3591037752182138,0.08604035396882415,0.08604035396882415,
974,39627835580616763,0.4723174633084611,red,1000,powerlaw1000,101,7,1.2730634212493896,0.0667111873626709,1.2809222408876357,0.007858819638246084,0.007858819638246084,
2663,39627823480046220,0.0681721820471413,blue,500,powerlaw500,51,10,1.3574374914169312,0.3261694431304932,0.5052396073839607,-0.8521978840329705,0.8521978840329705,
2663,39627823480046220,0.0681721820471413,blue,1000,powerlaw1000,101,10,1.3574374914169312,0.3261694431304932,0.7338310281771976,-0.6236064632397336,0.6236064632397336,
2663,39627823480046220,0.0681721820471413,red,500,powerlaw500,51,10,0.6096135377883911,0.05114112496376037,0.6317674071599179,0.022153869371526747,0.022153869371526747,
2663,39627823480046220,0.0681721820471413,red,1000,powerlaw1000,101,10,0.6096135377883911,0.05114112496376037,0.595036226201954,-0.014577311586437158,0.014577311586437158,
542,39627580936033060,0.3031609031710275,blue,500,powerlaw500,51,8,0.2582172751426697,0.3416755497455597,0.7038230913372292,0.4456058161945595,0.4456058161945595,
542,39627580936033060,0.3031609031710275,blue,1000,powerlaw1000,101,8,0.2582172751426697,0.3416755497455597,0.8237633612323498,0.5655460860896802,0.5655460860896802,
542,39627580936033060,0.3031609031710275,red,500,powerlaw500,51,8,0.815762996673584,0.04127079248428345,0.8544432411095726,0.03868024443598861,0.03868024443598861,
542,39627580936033060,0.3031609031710275,red,1000,powerlaw1000,101,8,0.815762996673584,0.04127079248428345,0.7963928701920531,-0.019370126481530914,0.019370126481530914,
1627,39627853704204742,0.5326220280668471,blue,500,powerlaw500,51,7,-0.28983888030052185,0.4270138740539551,0.02553783251345912,0.31537671281398094,0.31537671281398094,
1627,39627853704204742,0.5326220280668471,blue,1000,powerlaw1000,101,7,-0.28983888030052185,0.4270138740539551,0.07933525313969779,0.36917413344021965,0.36917413344021965,
1627,39627853704204742,0.5326220280668471,red,500,powerlaw500,51,7,1.1986684799194336,0.037104981286185126,1.137105561338312,-0.061562918581121506,0.061562918581121506,
1627,39627853704204742,0.5326220280668471,red,1000,powerlaw1000,101,7,1.1986684799194336,0.037104981286185126,1.1500709799940627,-0.04859749992537088,0.04859749992537088,
2769,39627829515653030,0.3229768187582894,blue,500,powerlaw500,51,8,0.006168485153466463,0.06493745744228363,0.10323446129953048,0.09706597614606402,0.09706597614606402,
2769,39627829515653030,0.3229768187582894,blue,1000,powerlaw1000,101,8,0.006168485153466463,0.06493745744228363,0.11296659835135744,0.10679811319789098,0.10679811319789098,
2769,39627829515653030,0.3229768187582894,red,500,powerlaw500,51,8,1.078002691268921,0.010862363502383232,0.9963552292539293,-0.08164746201499162,0.08164746201499162,
2769,39627829515653030,0.3229768187582894,red,1000,powerlaw1000,101,8,1.078002691268921,0.010862363502383232,1.0250954239355694,-0.05290726733335149,0.05290726733335149,
3859,39627817436056733,0.130754402825237,blue,500,powerlaw500,51,9,1.7773282527923584,0.5527799924214681,0.9617533001523767,-0.8155749526399817,0.8155749526399817,
3859,39627817436056733,0.130754402825237,blue,1000,powerlaw1000,101,9,1.7773282527923584,0.5527799924214681,0.7072601165216764,-1.0700681362706819,1.0700681362706819,
3859,39627817436056733,0.130754402825237,red,500,powerlaw500,51,9,0.5292422771453857,0.0413340065214369,0.4838865472577461,-0.04535572988763964,0.04535572988763964,
3859,39627817436056733,0.130754402825237,red,1000,powerlaw1000,101,9,0.5292422771453857,0.0413340065214369,0.5273084119449243,-0.0019338652004614598,0.0019338652004614598,
6577,39627823467466867,0.3094879998868189,blue,500,powerlaw500,51,8,-0.5935331583023071,0.38043782114982605,0.00784022776520742,0.6013733860675146,0.6013733860675146,
6577,39627823467466867,0.3094879998868189,blue,1000,powerlaw1000,101,8,-0.5935331583023071,0.38043782114982605,0.07426867230524739,0.6678018306075545,0.6678018306075545,
6577,39627823467466867,0.3094879998868189,red,500,powerlaw500,51,8,0.6730817556381226,0.03653036803007126,0.7812757296351143,0.10819397399699171,0.10819397399699171,
6577,39627823467466867,0.3094879998868189,red,1000,powerlaw1000,101,8,0.6730817556381226,0.03653036803007126,0.7674323564575269,0.09435060081940438,0.09435060081940438,
6873,2842568492580864,0.0323794601806772,blue,500,powerlaw500,51,10,0.40765833854675293,0.020122888684272765,0.30766607703650783,-0.0999922615102451,0.0999922615102451,
6873,2842568492580864,0.0323794601806772,blue,1000,powerlaw1000,101,10,0.40765833854675293,0.020122888684272765,0.3743054632887423,-0.03335287525801062,0.03335287525801062,
6873,2842568492580864,0.0323794601806772,red,500,powerlaw500,51,10,0.8320733308792114,0.003846578299999237,0.8100956262134472,-0.02197770466576421,0.02197770466576421,
6873,2842568492580864,0.0323794601806772,red,1000,powerlaw1000,101,10,0.8320733308792114,0.003846578299999237,0.850847183190601,0.018773852311389616,0.018773852311389616,
8092,39627829524040288,0.5315879475232077,blue,500,powerlaw500,51,7,-0.059338025748729706,0.19077789783477783,0.002401071458690615,0.061739097207420324,0.061739097207420324,
8092,39627829524040288,0.5315879475232077,blue,1000,powerlaw1000,101,7,-0.059338025748729706,0.19077789783477783,0.034824047848729126,0.09416207359745883,0.09416207359745883,
8092,39627829524040288,0.5315879475232077,red,500,powerlaw500,51,7,1.2326500415802002,0.02485846621649606,1.2036164131309948,-0.02903362844920543,0.02903362844920543,
8092,39627829524040288,0.5315879475232077,red,1000,powerlaw1000,101,7,1.2326500415802002,0.02485846621649606,1.2444840312302075,0.01183398965000726,0.01183398965000726,
5325,39627865767018542,0.1244513715613633,blue,500,powerlaw500,51,9,4.227533340454102,1.8706559075249567,1.7102812814294535,-2.5172520590246483,2.5172520590246483,
5325,39627865767018542,0.1244513715613633,blue,1000,powerlaw1000,101,9,4.227533340454102,1.8706559075249567,1.2369454254439431,-2.9905879150101584,2.9905879150101584,
5325,39627865767018542,0.1244513715613633,red,500,powerlaw500,51,9,-0.2078796774148941,0.2116714186138577,0.5965214060883035,0.8044010835031976,0.8044010835031976,
5325,39627865767018542,0.1244513715613633,red,1000,powerlaw1000,101,9,-0.2078796774148941,0.2116714186138577,0.5846240616526934,0.7925037390675875,0.7925037390675875,
6489,39627823471657401,0.3551855495922,blue,500,powerlaw500,51,8,0.18784567713737488,0.07002906501293182,0.07887209893037718,-0.1089735782069977,0.1089735782069977,
6489,39627823471657401,0.3551855495922,blue,1000,powerlaw1000,101,8,0.18784567713737488,0.07002906501293182,0.1026662517347948,-0.08517942540258008,0.08517942540258008,
6489,39627823471657401,0.3551855495922,red,500,powerlaw500,51,8,1.0271146297454834,0.013386834412813187,1.0397485126505759,0.012633882905092486,0.012633882905092486,
6489,39627823471657401,0.3551855495922,red,1000,powerlaw1000,101,8,1.0271146297454834,0.013386834412813187,1.0623547372366078,0.035240107491124384,0.035240107491124384,
506,39627574954954299,0.5259665970561116,blue,500,powerlaw500,51,7,0.07588129490613937,0.1661529541015625,0.005504035639419424,-0.07037725926671995,0.07037725926671995,
506,39627574954954299,0.5259665970561116,blue,1000,powerlaw1000,101,7,0.07588129490613937,0.1661529541015625,0.058182364675020394,-0.01769893023111898,0.01769893023111898,
506,39627574954954299,0.5259665970561116,red,500,powerlaw500,51,7,1.1559079885482788,0.022939581956182207,1.178755540011855,0.0228475514635762,0.0228475514635762,
506,39627574954954299,0.5259665970561116,red,1000,powerlaw1000,101,7,1.1559079885482788,0.022939581956182207,1.2413909468909243,0.08548295834264552,0.08548295834264552,
611,39627568994848893,0.2921581104373164,blue,500,powerlaw500,51,8,0.20403558015823364,0.3496011793613434,0.49117747727939304,0.2871418971211594,0.2871418971211594,
611,39627568994848893,0.2921581104373164,blue,1000,powerlaw1000,101,8,0.20403558015823364,0.3496011793613434,0.41831660858267594,0.2142810284244423,0.2142810284244423,
611,39627568994848893,0.2921581104373164,red,500,powerlaw500,51,8,1.0351892709732056,0.05119682848453522,1.1101471370066,0.0749578660333945,0.0749578660333945,
611,39627568994848893,0.2921581104373164,red,1000,powerlaw1000,101,8,1.0351892709732056,0.05119682848453522,1.095994100682046,0.06080482970884038,0.06080482970884038,
3752,39627811404646085,0.2194465798369882,blue,500,powerlaw500,51,9,1.325448751449585,0.4761117829216851,0.9351440026409085,-0.3903047488086765,0.3903047488086765,
3752,39627811404646085,0.2194465798369882,blue,1000,powerlaw1000,101,9,1.325448751449585,0.4761117829216851,0.5729156233933668,-0.7525331280562182,0.7525331280562182,
3752,39627811404646085,0.2194465798369882,red,500,powerlaw500,51,9,0.6439855098724365,0.05723749266730414,0.6100670084617039,-0.033918501410732604,0.033918501410732604,
3752,39627811404646085,0.2194465798369882,red,1000,powerlaw1000,101,9,0.6439855098724365,0.05723749266730414,0.6638193059060511,0.01983379603361457,0.01983379603361457,
9025,39627835555450600,0.1242178958762002,blue,500,powerlaw500,51,9,1.8079571723937988,1.5205087661743164,0.9985065513864367,-0.8094506210073621,0.8094506210073621,
9025,39627835555450600,0.1242178958762002,blue,1000,powerlaw1000,101,9,1.8079571723937988,1.5205087661743164,1.6431722305519152,-0.16478494184188364,0.16478494184188364,
9025,39627835555450600,0.1242178958762002,red,500,powerlaw500,51,9,-0.759585976600647,0.18694534566667345,0.02336835624649144,0.7829543328471384,0.7829543328471384,
9025,39627835555450600,0.1242178958762002,red,1000,powerlaw1000,101,9,-0.759585976600647,0.18694534566667345,0.15981525368431054,0.9194012302849575,0.9194012302849575,
806,39627841612025438,0.1193565291569476,blue,500,powerlaw500,51,9,-2.7800912857055664,1.405710220336914,1.6665422201816815,4.446633505887248,4.446633505887248,
806,39627841612025438,0.1193565291569476,blue,1000,powerlaw1000,101,9,-2.7800912857055664,1.405710220336914,1.012704243117927,3.7927955288234934,3.7927955288234934,
806,39627841612025438,0.1193565291569476,red,500,powerlaw500,51,9,0.20445077121257782,0.22170257568359375,0.5317849079050853,0.32733413669250744,0.32733413669250744,
806,39627841612025438,0.1193565291569476,red,1000,powerlaw1000,101,9,0.20445077121257782,0.22170257568359375,0.5046770948529056,0.30022632364032775,0.30022632364032775,
3272,39627823475856084,0.1243946961063919,blue,500,powerlaw500,51,9,2.1530399322509766,0.5207077132331001,1.5174943114011716,-0.6355456208498049,0.6355456208498049,
3272,39627823475856084,0.1243946961063919,blue,1000,powerlaw1000,101,9,2.1530399322509766,0.5207077132331001,1.1987100085701288,-0.9543299236808478,0.9543299236808478,
3272,39627823475856084,0.1243946961063919,red,500,powerlaw500,51,9,0.5505033135414124,0.05279916856024,0.4827910109193784,-0.06771230262203393,0.06771230262203393,
3272,39627823475856084,0.1243946961063919,red,1000,powerlaw1000,101,9,0.5505033135414124,0.05279916856024,0.47185836042769047,-0.07864495311372188,0.07864495311372188,
6536,39627823471658492,0.5106211990053792,blue,500,powerlaw500,51,7,1.0054222345352173,0.1389421054295131,0.6542508720722263,-0.35117136246299097,0.35117136246299097,
6536,39627823471658492,0.5106211990053792,blue,1000,powerlaw1000,101,7,1.0054222345352173,0.1389421054295131,0.7240014940366043,-0.281420740498613,0.281420740498613,
6536,39627823471658492,0.5106211990053792,red,500,powerlaw500,51,7,1.3186861276626587,0.014768077858856745,1.2768085459490572,-0.04187758171360145,0.04187758171360145,
6536,39627823471658492,0.5106211990053792,red,1000,powerlaw1000,101,7,1.3186861276626587,0.014768077858856745,1.2965957104424095,-0.02209041722024918,0.02209041722024918,
1644,39627847651822643,0.3295183285466317,blue,500,powerlaw500,51,8,2.19840407371521,1.9662033319473267,1.5248545067066483,-0.6735495670085616,0.6735495670085616,
1644,39627847651822643,0.3295183285466317,blue,1000,powerlaw1000,101,8,2.19840407371521,1.9662033319473267,1.3927573043908248,-0.8056467693243852,0.8056467693243852,
1644,39627847651822643,0.3295183285466317,red,500,powerlaw500,51,8,0.7345219254493713,0.17603416740894318,0.49524536909329414,-0.2392765563560772,0.2392765563560772,
1644,39627847651822643,0.3295183285466317,red,1000,powerlaw1000,101,8,0.7345219254493713,0.17603416740894318,0.6251947968433982,-0.10932712860597316,0.10932712860597316,
899,39627841616221866,0.5612730943237612,blue,500,powerlaw500,51,7,0.338935911655426,0.13824463742119925,0.019371512575152048,-0.31956439908027395,0.31956439908027395,
899,39627841616221866,0.5612730943237612,blue,1000,powerlaw1000,101,7,0.338935911655426,0.13824463742119925,0.054060825177064724,-0.2848750864783613,0.2848750864783613,
899,39627841616221866,0.5612730943237612,red,500,powerlaw500,51,7,1.0639760494232178,0.02975222042628697,1.1189228282034867,0.05494677878026888,0.05494677878026888,
899,39627841616221866,0.5612730943237612,red,1000,powerlaw1000,101,7,1.0639760494232178,0.02975222042628697,1.198456976407874,0.1344809269846563,0.1344809269846563,
2064,39627847656019121,0.0723708703316156,blue,500,powerlaw500,51,10,2.7047648429870605,1.1500517845153808,1.0221170537541622,-1.6826477892328984,1.6826477892328984,
2064,39627847656019121,0.0723708703316156,blue,1000,powerlaw1000,101,10,2.7047648429870605,1.1500517845153808,1.0529954113791964,-1.6517694316078642,1.6517694316078642,
2064,39627847656019121,0.0723708703316156,red,500,powerlaw500,51,10,0.37228652834892273,0.23440883159637452,0.48646758730721834,0.11418105895829561,0.11418105895829561,
2064,39627847656019121,0.0723708703316156,red,1000,powerlaw1000,101,10,0.37228652834892273,0.23440883159637452,0.41812381485933053,0.045837286510407804,0.045837286510407804,
2963,39627805360652764,0.0925521251668854,blue,500,powerlaw500,51,10,1.7353919744491577,0.5217753410339355,1.0474737423423481,-0.6879182321068096,0.6879182321068096,
2963,39627805360652764,0.0925521251668854,blue,1000,powerlaw1000,101,10,1.7353919744491577,0.5217753410339355,0.9548973161222113,-0.7804946583269464,0.7804946583269464,
2963,39627805360652764,0.0925521251668854,red,500,powerlaw500,51,10,0.5836295485496521,0.07983876466751098,0.5010952800191788,-0.0825342685304733,0.0825342685304733,
2963,39627805360652764,0.0925521251668854,red,1000,powerlaw1000,101,10,0.5836295485496521,0.07983876466751098,0.48621101686536583,-0.09741853168428627,0.09741853168428627,
2615,39627805356458724,0.3036570472055792,blue,500,powerlaw500,51,8,1.2126820087432861,0.44724979996681213,1.5866917232971147,0.3740097145538286,0.3740097145538286,
2615,39627805356458724,0.3036570472055792,blue,1000,powerlaw1000,101,8,1.2126820087432861,0.44724979996681213,1.2513212252900918,0.03863921654680569,0.03863921654680569,
2615,39627805356458724,0.3036570472055792,red,500,powerlaw500,51,8,0.5845019817352295,0.05428136885166168,0.6236830022547974,0.039181020519567955,0.039181020519567955,
2615,39627805356458724,0.3036570472055792,red,1000,powerlaw1000,101,8,0.5845019817352295,0.05428136885166168,0.6453902000056944,0.06088821827046487,0.06088821827046487,
12709,39627781725751590,0.5761660668318359,blue,500,powerlaw500,51,7,-0.33425721526145935,0.1517564058303833,0.009330076327051035,0.34358729158851037,0.34358729158851037,
12709,39627781725751590,0.5761660668318359,blue,1000,powerlaw1000,101,7,-0.33425721526145935,0.1517564058303833,0.02788320526757692,0.3621404205290363,0.3621404205290363,
12709,39627781725751590,0.5761660668318359,red,500,powerlaw500,51,7,1.1230748891830444,0.024588084646633694,1.2035352936185955,0.08046040443555103,0.08046040443555103,
12709,39627781725751590,0.5761660668318359,red,1000,powerlaw1000,101,7,1.1230748891830444,0.024588084646633694,1.2302453117484136,0.10717042256536913,0.10717042256536913,
12927,39627775681759686,0.5623968568519109,blue,500,powerlaw500,51,7,0.1581544578075409,0.22371644633156912,0.38073730912697223,0.22258285131943134,0.22258285131943134,
12927,39627775681759686,0.5623968568519109,blue,1000,powerlaw1000,101,7,0.1581544578075409,0.22371644633156912,0.3171810396852219,0.15902658187768098,0.15902658187768098,
12927,39627775681759686,0.5623968568519109,red,500,powerlaw500,51,7,0.9348717331886292,0.03938711541039603,0.9757610137553182,0.04088928056668906,0.04088928056668906,
12927,39627775681759686,0.5623968568519109,red,1000,powerlaw1000,101,7,0.9348717331886292,0.03938711541039603,1.0203890367963588,0.08551730360772969,0.08551730360772969,
6614,39627829503068829,0.5675563664809766,blue,500,powerlaw500,51,7,-0.2995770275592804,0.14861937931605748,0.05437133242534449,0.35394835998462487,0.35394835998462487,
6614,39627829503068829,0.5675563664809766,blue,1000,powerlaw1000,101,7,-0.2995770275592804,0.14861937931605748,0.06909603099787977,0.36867305855716015,0.36867305855716015,
6614,39627829503068829,0.5675563664809766,red,500,powerlaw500,51,7,1.1230852603912354,0.01792470259325845,1.1743704585790884,0.05128519818785304,0.05128519818785304,
6614,39627829503068829,0.5675563664809766,red,1000,powerlaw1000,101,7,1.1230852603912354,0.01792470259325845,1.2256307695280193,0.10254550913678395,0.10254550913678395,
6250,39627829507262695,0.4115783257331982,blue,500,powerlaw500,51,8,0.05788655951619148,0.2049974501132965,0.3326564080469787,0.27476984853078723,0.27476984853078723,
6250,39627829507262695,0.4115783257331982,blue,1000,powerlaw1000,101,8,0.05788655951619148,0.2049974501132965,0.38295584918419967,0.3250692896680082,0.3250692896680082,
6250,39627829507262695,0.4115783257331982,red,500,powerlaw500,51,8,0.9669462442398071,0.016734689474105835,0.9910112064710674,0.024064962231260312,0.024064962231260312,
6250,39627829507262695,0.4115783257331982,red,1000,powerlaw1000,101,8,0.9669462442398071,0.016734689474105835,0.9811321219494427,0.01418587770963553,0.01418587770963553,
10350,39627859714640012,0.3315897320719759,blue,500,powerlaw500,51,8,-0.1912526786327362,0.5728055238723755,0.028023895652382814,0.219276574285119,0.219276574285119,
10350,39627859714640012,0.3315897320719759,blue,1000,powerlaw1000,101,8,-0.1912526786327362,0.5728055238723755,0.19120176725419635,0.38245444588693256,0.38245444588693256,
10350,39627859714640012,0.3315897320719759,red,500,powerlaw500,51,8,0.9417155981063843,0.1092924103140831,0.7736810350988494,-0.16803456300753483,0.16803456300753483,
10350,39627859714640012,0.3315897320719759,red,1000,powerlaw1000,101,8,0.9417155981063843,0.1092924103140831,0.8436552414412667,-0.09806035666511759,0.09806035666511759,
1090,39627841620413378,0.0471658435833079,blue,500,powerlaw500,51,10,4.485445499420166,1.454072856903076,1.5961075609318818,-2.8893379384882842,2.8893379384882842,
1090,39627841620413378,0.0471658435833079,blue,1000,powerlaw1000,101,10,4.485445499420166,1.454072856903076,1.7325403186868105,-2.7529051807333556,2.7529051807333556,
1090,39627841620413378,0.0471658435833079,red,500,powerlaw500,51,10,-0.20362916588783264,0.22467193603515626,0.0053367107691809895,0.20896587665701363,0.20896587665701363,
1090,39627841620413378,0.0471658435833079,red,1000,powerlaw1000,101,10,-0.20362916588783264,0.22467193603515626,0.17602201174884308,0.3796511776366757,0.3796511776366757,
1262,39627853700008528,0.3323940889430451,blue,500,powerlaw500,51,8,1.7495630979537964,0.2604371905326843,1.448981286203407,-0.30058181175038934,0.30058181175038934,
1262,39627853700008528,0.3323940889430451,blue,1000,powerlaw1000,101,8,1.7495630979537964,0.2604371905326843,1.382871422952119,-0.3666916750016773,0.3666916750016773,
1262,39627853700008528,0.3323940889430451,red,500,powerlaw500,51,8,0.6696381568908691,0.03312290087342262,0.6660658207216883,-0.0035723361691808453,0.0035723361691808453,
1262,39627853700008528,0.3323940889430451,red,1000,powerlaw1000,101,8,0.6696381568908691,0.03312290087342262,0.6653778028880508,-0.004260354002818323,0.004260354002818323,
9016,39627841599441303,0.3712666833589805,blue,500,powerlaw500,51,8,0.34535542130470276,0.07351834326982498,0.0786658642337412,-0.26668955707096154,0.26668955707096154,
9016,39627841599441303,0.3712666833589805,blue,1000,powerlaw1000,101,8,0.34535542130470276,0.07351834326982498,0.08875193211299562,-0.25660348919170717,0.25660348919170717,
9016,39627841599441303,0.3712666833589805,red,500,powerlaw500,51,8,0.9336864352226257,0.010316443629562855,1.022011349618002,0.08832491439537637,0.08832491439537637,
9016,39627841599441303,0.3712666833589805,red,1000,powerlaw1000,101,8,0.9336864352226257,0.010316443629562855,1.0270124786818662,0.09332604345924045,0.09332604345924045,
9082,39627847630852661,0.3734156211768329,blue,500,powerlaw500,51,8,0.2924625873565674,0.09262984991073608,0.13520154801691603,-0.15726103933965135,0.15726103933965135,
9082,39627847630852661,0.3734156211768329,blue,1000,powerlaw1000,101,8,0.2924625873565674,0.09262984991073608,0.16186621816538563,-0.13059636919118175,0.13059636919118175,
9082,39627847630852661,0.3734156211768329,red,500,powerlaw500,51,8,1.1106077432632446,0.016611404716968536,1.184292105227256,0.07368436196401129,0.07368436196401129,
9082,39627847630852661,0.3734156211768329,red,1000,powerlaw1000,101,8,1.1106077432632446,0.016611404716968536,1.1869455314278916,0.07633778816464698,0.07633778816464698,
7198,39627823492629302,0.3698602647880401,blue,500,powerlaw500,51,8,-0.009011328220367432,0.2911830246448517,0.07231854552055482,0.08132987374092225,0.08132987374092225,
7198,39627823492629302,0.3698602647880401,blue,1000,powerlaw1000,101,8,-0.009011328220367432,0.2911830246448517,0.12301994722202389,0.13203127544239132,0.13203127544239132,
7198,39627823492629302,0.3698602647880401,red,500,powerlaw500,51,8,1.2654478549957275,0.041754499077796936,1.2354883138188644,-0.02995954117686317,0.02995954117686317,
7198,39627823492629302,0.3698602647880401,red,1000,powerlaw1000,101,8,1.2654478549957275,0.041754499077796936,1.3022519548923843,0.03680409989665678,0.03680409989665678,
9191,39627853679035520,0.4924159382057153,blue,500,powerlaw500,51,7,0.03117208741605282,0.13951651539121354,0.013355773393420771,-0.01781631402263205,0.01781631402263205,
9191,39627853679035520,0.4924159382057153,blue,1000,powerlaw1000,101,7,0.03117208741605282,0.13951651539121354,0.04556591861985706,0.01439383120380424,0.01439383120380424,
9191,39627853679035520,0.4924159382057153,red,500,powerlaw500,51,7,1.099206805229187,0.01643030984061105,1.126252404201638,0.027045598972450957,0.027045598972450957,
9191,39627853679035520,0.4924159382057153,red,1000,powerlaw1000,101,7,1.099206805229187,0.01643030984061105,1.129901041477907,0.03069423624871992,0.03069423624871992,
7972,39627823484242623,0.1839508275394066,blue,500,powerlaw500,51,9,2.905730724334717,1.5356161329481337,0.6977702627967067,-2.20796046153801,2.20796046153801,
7972,39627823484242623,0.1839508275394066,blue,1000,powerlaw1000,101,9,2.905730724334717,1.5356161329481337,0.5272431580613874,-2.3784875662733294,2.3784875662733294,
7972,39627823484242623,0.1839508275394066,red,500,powerlaw500,51,9,0.441680371761322,0.1655344698164198,0.8784797577392359,0.4367993859779139,0.4367993859779139,
7972,39627823484242623,0.1839508275394066,red,1000,powerlaw1000,101,9,0.441680371761322,0.1655344698164198,0.6097988246353157,0.16811845287399363,0.16811845287399363,
8185,39627841607829529,0.457905872213739,blue,500,powerlaw500,51,7,0.029128704220056534,0.7847846576145717,1.7241980243339354,1.695069320113879,1.695069320113879,
8185,39627841607829529,0.457905872213739,blue,1000,powerlaw1000,101,7,0.029128704220056534,0.7847846576145717,1.4314739591382133,1.4023452549181568,1.4023452549181568,
8185,39627841607829529,0.457905872213739,red,500,powerlaw500,51,7,0.8729788064956665,0.16921678611210414,0.419799339007458,-0.45317946748820853,0.45317946748820853,
8185,39627841607829529,0.457905872213739,red,1000,powerlaw1000,101,7,0.8729788064956665,0.16921678611210414,0.40839327332490305,-0.46458553317076345,0.46458553317076345,
4124,2402739686473730,0.0391537235520369,blue,500,powerlaw500,51,10,0.7444277405738831,0.2386885404586792,0.4665906181144945,-0.2778371224593886,0.2778371224593886,
4124,2402739686473730,0.0391537235520369,blue,1000,powerlaw1000,101,10,0.7444277405738831,0.2386885404586792,0.7262836003004015,-0.018144140273481546,0.018144140273481546,
4124,2402739686473730,0.0391537235520369,red,500,powerlaw500,51,10,0.512184202671051,0.02180611789226532,0.5458516450880669,0.033667442417015914,0.033667442417015914,
4124,2402739686473730,0.0391537235520369,red,1000,powerlaw1000,101,10,0.512184202671051,0.02180611789226532,0.593758233188041,0.08157403051698997,0.08157403051698997,
12766,39627799840949763,0.5616482501062317,blue,500,powerlaw500,51,7,0.013015219010412693,0.11558623824800764,0.09470607652879126,0.08169085751837857,0.08169085751837857,
12766,39627799840949763,0.5616482501062317,blue,1000,powerlaw1000,101,7,0.013015219010412693,0.11558623824800764,0.06257982284036126,0.04956460382994857,0.04956460382994857,
12766,39627799840949763,0.5616482501062317,red,500,powerlaw500,51,7,1.0666999816894531,0.022943715964044844,1.1096474794457447,0.042947497756291586,0.042947497756291586,
12766,39627799840949763,0.5616482501062317,red,1000,powerlaw1000,101,7,1.0666999816894531,0.022943715964044844,1.1606625576795986,0.09396257599014546,0.09396257599014546,
11323,39627847626658021,0.5386532716069896,blue,500,powerlaw500,51,7,0.17084293067455292,0.13080361911228724,0.04061770819773513,-0.13022522247681778,0.13022522247681778,
11323,39627847626658021,0.5386532716069896,blue,1000,powerlaw1000,101,7,0.17084293067455292,0.13080361911228724,0.0542019418356376,-0.11664098883891533,0.11664098883891533,
11323,39627847626658021,0.5386532716069896,red,500,powerlaw500,51,7,1.0972899198532104,0.02161000669002533,1.0398964878488486,-0.057393432004361866,0.057393432004361866,
11323,39627847626658021,0.5386532716069896,red,1000,powerlaw1000,101,7,1.0972899198532104,0.02161000669002533,1.1008554064055915,0.003565486552381092,0.003565486552381092,
3336,39627811400453679,0.4992804659680818,blue,500,powerlaw500,51,7,0.20170603692531586,0.1725985492978777,0.17478805930945604,-0.026917977615859817,0.026917977615859817,
3336,39627811400453679,0.4992804659680818,blue,1000,powerlaw1000,101,7,0.20170603692531586,0.1725985492978777,0.16339065772083713,-0.03831537920447872,0.03831537920447872,
3336,39627811400453679,0.4992804659680818,red,500,powerlaw500,51,7,1.1682411432266235,0.02056570989745004,1.1060660948577794,-0.06217504836884413,0.06217504836884413,
3336,39627811400453679,0.4992804659680818,red,1000,powerlaw1000,101,7,1.1682411432266235,0.02056570989745004,1.1070775083339195,-0.061163634892704044,0.061163634892704044,
9288,39627847630848910,0.3777074668560684,blue,500,powerlaw500,51,8,0.6474301218986511,0.40690985321998596,0.5007114298585802,-0.14671869204007093,0.14671869204007093,
9288,39627847630848910,0.3777074668560684,blue,1000,powerlaw1000,101,8,0.6474301218986511,0.40690985321998596,0.356265555398962,-0.29116456649968914,0.29116456649968914,
9288,39627847630848910,0.3777074668560684,red,500,powerlaw500,51,8,1.0282886028289795,0.06399077922105789,1.0853845603574215,0.05709595752844199,0.05709595752844199,
9288,39627847630848910,0.3777074668560684,red,1000,powerlaw1000,101,8,1.0282886028289795,0.06399077922105789,1.2164619066928808,0.1881733038639013,0.1881733038639013,
13,39627568982264829,0.4833061210876013,blue,500,powerlaw500,51,7,0.1607629507780075,0.15541057927267893,0.02405325302135635,-0.13670969775665115,0.13670969775665115,
13,39627568982264829,0.4833061210876013,blue,1000,powerlaw1000,101,7,0.1607629507780075,0.15541057927267893,0.043396237705811795,-0.1173667130721957,0.1173667130721957,
13,39627568982264829,0.4833061210876013,red,500,powerlaw500,51,7,1.1568926572799683,0.022342532873153687,1.199536475461823,0.0426438181818547,0.0426438181818547,
13,39627568982264829,0.4833061210876013,red,1000,powerlaw1000,101,7,1.1568926572799683,0.022342532873153687,1.1869194660647924,0.03002680878482411,0.03002680878482411,
7683,39627829524037891,0.1244965370028075,blue,500,powerlaw500,51,9,0.6533660888671875,0.7084574699401855,1.9094267038140258,1.2560606149468383,1.2560606149468383,
7683,39627829524037891,0.1244965370028075,blue,1000,powerlaw1000,101,9,0.6533660888671875,0.7084574699401855,1.2349577839681645,0.581591695100977,0.581591695100977,
7683,39627829524037891,0.1244965370028075,red,500,powerlaw500,51,9,0.2405320554971695,0.06935759385426839,0.17913192393222757,-0.06140013156494192,0.06140013156494192,
7683,39627829524037891,0.1244965370028075,red,1000,powerlaw1000,101,9,0.2405320554971695,0.06935759385426839,0.3000184202778448,0.059486364780675316,0.059486364780675316,
3233,39627811400454313,0.549950735046926,blue,500,powerlaw500,51,7,0.051379721611738205,0.1246966975075858,0.07489954628419124,0.023519824672453032,0.023519824672453032,
3233,39627811400454313,0.549950735046926,blue,1000,powerlaw1000,101,7,0.051379721611738205,0.1246966975075858,0.12350780998617306,0.07212808837443485,0.07212808837443485,
3233,39627811400454313,0.549950735046926,red,500,powerlaw500,51,7,0.9766241312026978,0.015401556023529597,0.9817335448935348,0.005109413690837061,0.005109413690837061,
3233,39627811400454313,0.549950735046926,red,1000,powerlaw1000,101,7,0.9766241312026978,0.015401556023529597,1.026395651925829,0.04977152072313129,0.04977152072313129,
10956,39627865733469343,0.3486988676699505,blue,500,powerlaw500,51,8,0.7929180860519409,0.2704378068447113,0.20267204940351452,-0.5902460366484263,0.5902460366484263,
10956,39627865733469343,0.3486988676699505,blue,1000,powerlaw1000,101,8,0.7929180860519409,0.2704378068447113,0.2629196951748397,-0.5299983908771012,0.5299983908771012,
10956,39627865733469343,0.3486988676699505,red,500,powerlaw500,51,8,1.1427087783813477,0.03580811619758606,1.1463420122882604,0.003633233906912725,0.003633233906912725,
10956,39627865733469343,0.3486988676699505,red,1000,powerlaw1000,101,8,1.1427087783813477,0.03580811619758606,1.216337295581282,0.07362851719993424,0.07362851719993424,
2959,39627805360654445,0.1739586142755505,blue,500,powerlaw500,51,9,0.5246031284332275,0.38168443573845756,0.9883959633217396,0.4637928348885121,0.4637928348885121,
2959,39627805360654445,0.1739586142755505,blue,1000,powerlaw1000,101,9,0.5246031284332275,0.38168443573845756,0.7509525046969663,0.22634937626373874,0.22634937626373874,
2959,39627805360654445,0.1739586142755505,red,500,powerlaw500,51,9,0.5396576523780823,0.05223259992069668,0.5155820004174572,-0.02407565196062511,0.02407565196062511,
2959,39627805360654445,0.1739586142755505,red,1000,powerlaw1000,101,9,0.5396576523780823,0.05223259992069668,0.5758177539843687,0.036160101606286466,0.036160101606286466,
10848,39627859702057174,0.2168722440527853,blue,500,powerlaw500,51,9,2.4115099906921387,1.1135327021280925,0.809560958170499,-1.6019490325216397,1.6019490325216397,
10848,39627859702057174,0.2168722440527853,blue,1000,powerlaw1000,101,9,2.4115099906921387,1.1135327021280925,1.3532343949957248,-1.0582755956964138,1.0582755956964138,
10848,39627859702057174,0.2168722440527853,red,500,powerlaw500,51,9,0.14107802510261536,0.1001411345269945,0.5188885757205371,0.3778105506179218,0.3778105506179218,
10848,39627859702057174,0.2168722440527853,red,1000,powerlaw1000,101,9,0.14107802510261536,0.1001411345269945,0.5154243526995794,0.37434632759696407,0.37434632759696407,
5525,39627823463269366,0.2214983275064155,blue,500,powerlaw500,51,9,1.110065221786499,0.24039414193895128,1.2103548241312745,0.10028960234477546,0.10028960234477546,
5525,39627823463269366,0.2214983275064155,blue,1000,powerlaw1000,101,9,1.110065221786499,0.24039414193895128,0.9359622837751809,-0.17410293801131815,0.17410293801131815,
5525,39627823463269366,0.2214983275064155,red,500,powerlaw500,51,9,0.48233985900878906,0.032839321427875094,0.5839562242677658,0.10161636525897677,0.10161636525897677,
5525,39627823463269366,0.2214983275064155,red,1000,powerlaw1000,101,9,0.48233985900878906,0.032839321427875094,0.6142809115359066,0.13194105252711752,0.13194105252711752,
12556,39627787765549822,0.1597898112552769,blue,500,powerlaw500,51,9,0.06461285799741745,0.510206487443712,0.872545372799348,0.8079325148019305,0.8079325148019305,
12556,39627787765549822,0.1597898112552769,blue,1000,powerlaw1000,101,9,0.06461285799741745,0.510206487443712,0.5446768156746481,0.48006395767723065,0.48006395767723065,
12556,39627787765549822,0.1597898112552769,red,500,powerlaw500,51,9,0.6994116306304932,0.06243044137954712,0.8783803221675831,0.17896869153708994,0.17896869153708994,
12556,39627787765549822,0.1597898112552769,red,1000,powerlaw1000,101,9,0.6994116306304932,0.06243044137954712,0.8087443045800711,0.10933267394957791,0.10933267394957791,
47,39627569003233862,0.3643113216749744,blue,500,powerlaw500,51,8,0.058999039232730865,0.0742124691605568,0.06672657401549165,0.007727534782760781,0.007727534782760781,
47,39627569003233862,0.3643113216749744,blue,1000,powerlaw1000,101,8,0.058999039232730865,0.0742124691605568,0.09360638061337992,0.034607341380649054,0.034607341380649054,
47,39627569003233862,0.3643113216749744,red,500,powerlaw500,51,8,0.9654242992401123,0.010352110490202904,1.0497493079791402,0.08432500873902793,0.08432500873902793,
47,39627569003233862,0.3643113216749744,red,1000,powerlaw1000,101,8,0.9654242992401123,0.010352110490202904,1.064528410063747,0.0991041108236348,0.0991041108236348,
9592,39627841607829708,0.3614834821513839,blue,500,powerlaw500,51,8,0.11597087234258652,0.05097910016775131,0.07558188880786641,-0.040388983534720105,0.040388983534720105,
9592,39627841607829708,0.3614834821513839,blue,1000,powerlaw1000,101,8,0.11597087234258652,0.05097910016775131,0.0877135516527544,-0.02825732068983211,0.02825732068983211,
9592,39627841607829708,0.3614834821513839,red,500,powerlaw500,51,8,0.9997714757919312,0.014864463359117508,1.0580215321951587,0.05825005640322756,0.05825005640322756,
9592,39627841607829708,0.3614834821513839,red,1000,powerlaw1000,101,8,0.9997714757919312,0.014864463359117508,1.0845449707323467,0.08477349494041553,0.08477349494041553,
5442,39627829503069728,0.374648216633829,blue,500,powerlaw500,51,8,0.036039143800735474,0.09753356128931046,0.04402777298253994,0.007988629181804464,0.007988629181804464,
5442,39627829503069728,0.374648216633829,blue,1000,powerlaw1000,101,8,0.036039143800735474,0.09753356128931046,0.058801355814741066,0.022762212014005592,0.022762212014005592,
5442,39627829503069728,0.374648216633829,red,500,powerlaw500,51,8,1.0901386737823486,0.017301058396697044,1.1517814336194092,0.06164275983706058,0.06164275983706058,
5442,39627829503069728,0.374648216633829,red,1000,powerlaw1000,101,8,1.0901386737823486,0.017301058396697044,1.1535582674729716,0.063419593690623,0.063419593690623,
405,39627568999041670,0.5437485529055509,blue,500,powerlaw500,51,7,-0.031163152307271957,0.1460305963243757,0.005127239796948372,0.03629039210422033,0.03629039210422033,
405,39627568999041670,0.5437485529055509,blue,1000,powerlaw1000,101,7,-0.031163152307271957,0.1460305963243757,0.025126347165428504,0.05628949947270046,0.05628949947270046,
405,39627568999041670,0.5437485529055509,red,500,powerlaw500,51,7,1.103468894958496,0.01835510560444423,1.069559972460604,-0.033908922497892124,0.033908922497892124,
405,39627568999041670,0.5437485529055509,red,1000,powerlaw1000,101,7,1.103468894958496,0.01835510560444423,1.1187792944389368,0.015310399480440662,0.015310399480440662,
5343,39627865767021217,0.1731308645737805,blue,500,powerlaw500,51,9,0.41460609436035156,0.29236933920118546,0.7551336248586722,0.34052753049832063,0.34052753049832063,
5343,39627865767021217,0.1731308645737805,blue,1000,powerlaw1000,101,9,0.41460609436035156,0.29236933920118546,0.4972351274695386,0.08262903310918701,0.08262903310918701,
5343,39627865767021217,0.1731308645737805,red,500,powerlaw500,51,9,0.6200191378593445,0.03460239701800876,0.6573913761754326,0.03737223831608816,0.03737223831608816,
5343,39627865767021217,0.1731308645737805,red,1000,powerlaw1000,101,9,0.6200191378593445,0.03460239701800876,0.6644099992391829,0.04439086137983839,0.04439086137983839,
11334,39627853670645815,0.1073857583721663,blue,500,powerlaw500,51,10,0.37510067224502563,0.7417875766754151,0.8734520720451512,0.49835139980012555,0.49835139980012555,
11334,39627853670645815,0.1073857583721663,blue,1000,powerlaw1000,101,10,0.37510067224502563,0.7417875766754151,0.8317347033062058,0.45663403106118017,0.45663403106118017,
11334,39627853670645815,0.1073857583721663,red,500,powerlaw500,51,10,0.2817111313343048,0.132294225692749,0.641362562608626,0.3596514312743212,0.3596514312743212,
11334,39627853670645815,0.1073857583721663,red,1000,powerlaw1000,101,10,0.2817111313343048,0.132294225692749,0.552922997191548,0.2712118658572432,0.2712118658572432,
12338,39627793801152633,0.5619271323161094,blue,500,powerlaw500,51,7,-0.7690792083740234,0.5752460615975517,1.734659065352128e-08,0.769079225720614,0.769079225720614,
12338,39627793801152633,0.5619271323161094,blue,1000,powerlaw1000,101,7,-0.7690792083740234,0.5752460615975517,0.05194816448004119,0.8210273728540647,0.8210273728540647,
12338,39627793801152633,0.5619271323161094,red,500,powerlaw500,51,7,1.0548409223556519,0.07108168091092791,0.9891068071996535,-0.06573411515599836,0.06573411515599836,
12338,39627793801152633,0.5619271323161094,red,1000,powerlaw1000,101,7,1.0548409223556519,0.07108168091092791,1.1199935506972525,0.06515262834160063,0.06515262834160063,
7855,39627829536621045,0.3092706760169366,blue,500,powerlaw500,51,8,0.4126008152961731,0.17778058350086212,0.16436497402914862,-0.24823584126702447,0.24823584126702447,
7855,39627829536621045,0.3092706760169366,blue,1000,powerlaw1000,101,8,0.4126008152961731,0.17778058350086212,0.2692649735888053,-0.1433358417073678,0.1433358417073678,
7855,39627829536621045,0.3092706760169366,red,500,powerlaw500,51,8,1.1399519443511963,0.020184457302093506,1.1375749178226786,-0.0023770265285176784,0.0023770265285176784,
7855,39627829536621045,0.3092706760169366,red,1000,powerlaw1000,101,8,1.1399519443511963,0.020184457302093506,1.1377326463694253,-0.002219297981771007,0.002219297981771007,
5511,2842568484192257,0.1004049592786162,blue,500,powerlaw500,51,10,0.3888583779335022,0.031029397249221803,0.37345762571052504,-0.015400752222977154,0.015400752222977154,
5511,2842568484192257,0.1004049592786162,blue,1000,powerlaw1000,101,10,0.3888583779335022,0.031029397249221803,0.3454668625702427,-0.04339151536325947,0.04339151536325947,
5511,2842568484192257,0.1004049592786162,red,500,powerlaw500,51,10,0.8766352534294128,0.005427912995219231,0.8579200812800151,-0.018715172149397774,0.018715172149397774,
5511,2842568484192257,0.1004049592786162,red,1000,powerlaw1000,101,10,0.8766352534294128,0.005427912995219231,0.839570635300953,-0.03706461812845985,0.03706461812845985,
12159,39627787765551489,0.08269151185868,blue,500,powerlaw500,51,10,0.9060696363449097,0.20621604919433595,0.7179626846532547,-0.18810695169165492,0.18810695169165492,
12159,39627787765551489,0.08269151185868,blue,1000,powerlaw1000,101,10,0.9060696363449097,0.20621604919433595,0.8086922093375642,-0.09737742700734542,0.09737742700734542,
12159,39627787765551489,0.08269151185868,red,500,powerlaw500,51,10,0.8294159770011902,0.028533393144607545,0.8599484141804868,0.030532437179296656,0.030532437179296656,
12159,39627787765551489,0.08269151185868,red,1000,powerlaw1000,101,10,0.8294159770011902,0.028533393144607545,0.7745422848172435,-0.054873692183946665,0.054873692183946665,
5806,39627835547062997,0.3422893682414323,blue,500,powerlaw500,51,8,0.7267816066741943,0.2674751877784729,0.04066109351975142,-0.6861205131544429,0.6861205131544429,
5806,39627835547062997,0.3422893682414323,blue,1000,powerlaw1000,101,8,0.7267816066741943,0.2674751877784729,0.12506025126948928,-0.6017213554047051,0.6017213554047051,
5806,39627835547062997,0.3422893682414323,red,500,powerlaw500,51,8,1.1617501974105835,0.05825328081846237,1.264938994327002,0.10318879691641847,0.10318879691641847,
5806,39627835547062997,0.3422893682414323,red,1000,powerlaw1000,101,8,1.1617501974105835,0.05825328081846237,1.2975061328039268,0.1357559353933433,0.1357559353933433,
12807,39627781721559341,0.5809858040208472,blue,500,powerlaw500,51,7,-0.035702843219041824,1.3906416211809431,1.1436508915385732,1.179353734757615,1.179353734757615,
12807,39627781721559341,0.5809858040208472,blue,1000,powerlaw1000,101,7,-0.035702843219041824,1.3906416211809431,0.8768091554163652,0.912511998635407,0.912511998635407,
12807,39627781721559341,0.5809858040208472,red,500,powerlaw500,51,7,1.0374664068222046,0.14970476286751883,0.9766714725373147,-0.06079493428488991,0.06079493428488991,
12807,39627781721559341,0.5809858040208472,red,1000,powerlaw1000,101,7,1.0374664068222046,0.14970476286751883,0.7967913860205831,-0.2406750208016215,0.2406750208016215,
6267,39627823471657835,0.5318597998109581,blue,500,powerlaw500,51,7,-0.03261410444974899,0.19593574319567,0.05714861031207138,0.08976271476182038,0.08976271476182038,
6267,39627823471657835,0.5318597998109581,blue,1000,powerlaw1000,101,7,-0.03261410444974899,0.19593574319567,0.13849381294235003,0.17110791739209902,0.17110791739209902,
6267,39627823471657835,0.5318597998109581,red,500,powerlaw500,51,7,1.1112024784088135,0.01706887994493757,1.0869200219055377,-0.024282456503275762,0.024282456503275762,
6267,39627823471657835,0.5318597998109581,red,1000,powerlaw1000,101,7,1.1112024784088135,0.01706887994493757,1.1241134599636509,0.012910981554837386,0.012910981554837386,
5468,39627835538669989,0.0990002467916213,blue,500,powerlaw500,51,10,0.7845243811607361,0.8034106254577636,0.6426797377648777,-0.14184464339585834,0.14184464339585834,
5468,39627835538669989,0.0990002467916213,blue,1000,powerlaw1000,101,10,0.7845243811607361,0.8034106254577636,0.7911346047001324,0.0066102235393963316,0.0066102235393963316,
5468,39627835538669989,0.0990002467916213,red,500,powerlaw500,51,10,0.7039116024971008,0.1014911413192749,0.5692494465433088,-0.13466215595379205,0.13466215595379205,
5468,39627835538669989,0.0990002467916213,red,1000,powerlaw1000,101,10,0.7039116024971008,0.1014911413192749,0.5236475020133216,-0.18026410048377928,0.18026410048377928,
10446,39627853658066375,0.0916000392227032,blue,500,powerlaw500,51,10,-1.007903814315796,2.224910354614258,1.207116434163783,2.215020248479579,2.215020248479579,
10446,39627853658066375,0.0916000392227032,blue,1000,powerlaw1000,101,10,-1.007903814315796,2.224910354614258,0.6405431498125772,1.648446964128373,1.648446964128373,
10446,39627853658066375,0.0916000392227032,red,500,powerlaw500,51,10,0.9648887515068054,0.3308419704437256,1.0277618216219833,0.06287307011517784,0.06287307011517784,
10446,39627853658066375,0.0916000392227032,red,1000,powerlaw1000,101,10,0.9648887515068054,0.3308419704437256,1.0775744796261733,0.11268572811936783,0.11268572811936783,
8010,39627823492630976,0.1239329394193373,blue,500,powerlaw500,51,9,0.8751308917999268,2.518402523464627,0.4878141205095095,-0.38731677129041725,0.38731677129041725,
8010,39627823492630976,0.1239329394193373,blue,1000,powerlaw1000,101,9,0.8751308917999268,2.518402523464627,0.8139933424794485,-0.06113754932047821,0.06113754932047821,
8010,39627823492630976,0.1239329394193373,red,500,powerlaw500,51,9,0.6029584407806396,0.22471117973327637,1.0170331321267176,0.414074691346078,0.414074691346078,
8010,39627823492630976,0.1239329394193373,red,1000,powerlaw1000,101,9,0.6029584407806396,0.22471117973327637,0.8085323193276286,0.20557387854698894,0.20557387854698894,
13061,39627775681758281,0.1620964111461955,blue,500,powerlaw500,51,9,1.7801289558410645,1.1535506778293185,1.134628328646915,-0.6455006271941495,0.6455006271941495,
13061,39627775681758281,0.1620964111461955,blue,1000,powerlaw1000,101,9,1.7801289558410645,1.1535506778293185,1.0682540366920616,-0.7118749191490028,0.7118749191490028,
13061,39627775681758281,0.1620964111461955,red,500,powerlaw500,51,9,0.8090701103210449,0.10874711142645942,0.6169528323387865,-0.19211727798225842,0.19211727798225842,
13061,39627775681758281,0.1620964111461955,red,1000,powerlaw1000,101,9,0.8090701103210449,0.10874711142645942,0.6081903490194778,-0.20087976130156715,0.20087976130156715,
1159,2402788034215939,0.0231609530550036,blue,500,powerlaw500,51,10,0.8857534527778625,0.3387894153594971,0.7965285588952012,-0.0892248938826613,0.0892248938826613,
1159,2402788034215939,0.0231609530550036,blue,1000,powerlaw1000,101,10,0.8857534527778625,0.3387894153594971,0.9184783197349065,0.03272486695704391,0.03272486695704391,
1159,2402788034215939,0.0231609530550036,red,500,powerlaw500,51,10,0.5775914788246155,0.05813169479370117,0.6657254556455163,0.08813397682090085,0.08813397682090085,
1159,2402788034215939,0.0231609530550036,red,1000,powerlaw1000,101,10,0.5775914788246155,0.05813169479370117,0.6230880409176957,0.04549656209308017,0.04549656209308017,
148,39627568999041863,0.8143800031154593,blue,500,powerlaw500,51,6,0.41875743865966797,0.4372170766194661,0.05629895329623316,-0.36245848536343483,0.36245848536343483,
148,39627568999041863,0.8143800031154593,blue,1000,powerlaw1000,101,6,0.41875743865966797,0.4372170766194661,0.14090557573562068,-0.2778518629240473,0.2778518629240473,
148,39627568999041863,0.8143800031154593,red,500,powerlaw500,51,6,1.2974416017532349,0.06634240349133809,1.193041346233441,-0.10440025551979382,0.10440025551979382,
148,39627568999041863,0.8143800031154593,red,1000,powerlaw1000,101,6,1.2974416017532349,0.06634240349133809,1.2365206393647894,-0.060920962388445465,0.060920962388445465,
2520,39627811404645362,0.8712057088794326,blue,500,powerlaw500,51,6,-0.26890793442726135,0.6913088957468668,0.013999731583684033,0.2829076660109454,0.2829076660109454,
2520,39627811404645362,0.8712057088794326,blue,1000,powerlaw1000,101,6,-0.26890793442726135,0.6913088957468668,0.05093642330701493,0.3198443577342763,0.3198443577342763,
2520,39627811404645362,0.8712057088794326,red,500,powerlaw500,51,6,1.6231846809387207,0.09414984782536824,1.2901236588294,-0.33306102210932065,0.33306102210932065,
2520,39627811404645362,0.8712057088794326,red,1000,powerlaw1000,101,6,1.6231846809387207,0.09414984782536824,1.3800974580965548,-0.24308722284216588,0.24308722284216588,
5128,39627859731419187,0.8834152116433805,blue,500,powerlaw500,51,6,3.101158857345581,1.334653377532959,1.7980539977946073,-1.3031048595509738,1.3031048595509738,
5128,39627859731419187,0.8834152116433805,blue,1000,powerlaw1000,101,6,3.101158857345581,1.334653377532959,1.2593325220558764,-1.8418263352897046,1.8418263352897046,
5128,39627859731419187,0.8834152116433805,red,500,powerlaw500,51,6,0.8228011131286621,0.24030049641927084,0.8290667867733063,0.006265673644644143,0.006265673644644143,
5128,39627859731419187,0.8834152116433805,red,1000,powerlaw1000,101,6,0.8228011131286621,0.24030049641927084,0.7733806733812241,-0.04942043974743804,0.04942043974743804,
11079,39627847626655486,0.7457403048966792,blue,500,powerlaw500,51,6,6.76188850402832,0.6533120075861613,4.040470685736857,-2.7214178182914637,2.7214178182914637,
11079,39627847626655486,0.7457403048966792,blue,1000,powerlaw1000,101,6,6.76188850402832,0.6533120075861613,4.49379874011972,-2.2680897639086,2.2680897639086,
11079,39627847626655486,0.7457403048966792,red,500,powerlaw500,51,6,1.1631191968917847,0.047716930508613586,1.2495690590468953,0.08644986215511063,0.08644986215511063,
11079,39627847626655486,0.7457403048966792,red,1000,powerlaw1000,101,6,1.1631191968917847,0.047716930508613586,1.1474646372623447,-0.015654559629439957,0.015654559629439957,
7298,39627841607832276,0.8935296806133989,blue,500,powerlaw500,51,6,0.21690602600574493,0.5518050193786621,0.07082398416639256,-0.14608204183935236,0.14608204183935236,
7298,39627841607832276,0.8935296806133989,blue,1000,powerlaw1000,101,6,0.21690602600574493,0.5518050193786621,0.08665603861374248,-0.13024998739200244,0.13024998739200244,
7298,39627841607832276,0.8935296806133989,red,500,powerlaw500,51,6,1.113036036491394,0.09560731053352356,1.5140596499317367,0.40102361344034265,0.40102361344034265,
7298,39627841607832276,0.8935296806133989,red,1000,powerlaw1000,101,6,1.113036036491394,0.09560731053352356,1.5660568637717833,0.4530208272803893,0.4530208272803893,
4472,39627853691620632,0.8578278607972507,blue,500,powerlaw500,51,6,0.4001806676387787,0.3791617155075073,0.2703193989457114,-0.1298612686930673,0.1298612686930673,
4472,39627853691620632,0.8578278607972507,blue,1000,powerlaw1000,101,6,0.4001806676387787,0.3791617155075073,0.20234546632733832,-0.19783520131144036,0.19783520131144036,
4472,39627853691620632,0.8578278607972507,red,500,powerlaw500,51,6,1.1291784048080444,0.06329951683680217,1.1765328395624424,0.047354434754397934,0.047354434754397934,
4472,39627853691620632,0.8578278607972507,red,1000,powerlaw1000,101,6,1.1291784048080444,0.06329951683680217,1.2445303621559336,0.11535195734788917,0.11535195734788917,
2489,39627811400451701,0.8427356327672872,blue,500,powerlaw500,51,6,-2.0357158184051514,1.9263960520426433,3.7982460630852857,5.833961881490437,5.833961881490437,
2489,39627811400451701,0.8427356327672872,blue,1000,powerlaw1000,101,6,-2.0357158184051514,1.9263960520426433,2.2662842206745553,4.302000039079706,4.302000039079706,
2489,39627811400451701,0.8427356327672872,red,500,powerlaw500,51,6,1.0855802297592163,0.23326190312703451,0.9975073929624517,-0.08807283679676459,0.08807283679676459,
2489,39627811400451701,0.8427356327672872,red,1000,powerlaw1000,101,6,1.0855802297592163,0.23326190312703451,0.9970834453053623,-0.088496784453854,0.088496784453854,
10325,39627847626655697,0.8190501185495827,blue,500,powerlaw500,51,6,2.505528211593628,0.8542485237121582,1.8830904379035973,-0.6224377736900306,0.6224377736900306,
10325,39627847626655697,0.8190501185495827,blue,1000,powerlaw1000,101,6,2.505528211593628,0.8542485237121582,1.3553113808534587,-1.1502168307401692,1.1502168307401692,
10325,39627847626655697,0.8190501185495827,red,500,powerlaw500,51,6,0.995737612247467,0.13281717896461487,0.9191616652211166,-0.0765759470263504,0.0765759470263504,
10325,39627847626655697,0.8190501185495827,red,1000,powerlaw1000,101,6,0.995737612247467,0.13281717896461487,0.9095485378789226,-0.0861890743685444,0.0861890743685444,
10569,39627865737661575,0.8740072316166054,blue,500,powerlaw500,51,6,0.8338639140129089,1.3553473154703777,0.9827287524518983,0.14886483843898934,0.14886483843898934,
10569,39627865737661575,0.8740072316166054,blue,1000,powerlaw1000,101,6,0.8338639140129089,1.3553473154703777,0.6465388761177738,-0.1873250378951351,0.1873250378951351,
10569,39627865737661575,0.8740072316166054,red,500,powerlaw500,51,6,0.7151610255241394,0.16954185565312704,0.7257509547558415,0.0105899292317021,0.0105899292317021,
10569,39627865737661575,0.8740072316166054,red,1000,powerlaw1000,101,6,0.7151610255241394,0.16954185565312704,0.901894563908872,0.1867335383847326,0.1867335383847326,
1768,39627841624605687,0.8318282655922781,blue,500,powerlaw500,51,6,-0.3029772937297821,0.3915973901748657,0.2763511440747633,0.5793284378045453,0.5793284378045453,
1768,39627841624605687,0.8318282655922781,blue,1000,powerlaw1000,101,6,-0.3029772937297821,0.3915973901748657,0.08074659583658461,0.3837238895663667,0.3837238895663667,
1768,39627841624605687,0.8318282655922781,red,500,powerlaw500,51,6,1.1701816320419312,0.04712731142838796,1.137214581147416,-0.03296705089451524,0.03296705089451524,
1768,39627841624605687,0.8318282655922781,red,1000,powerlaw1000,101,6,1.1701816320419312,0.04712731142838796,1.2477116615761277,0.07753002953419652,0.07753002953419652,
943,39627835584808388,0.6934652827372013,blue,500,powerlaw500,51,6,0.024364957585930824,0.20547819137573242,0.06461181648870941,0.040246858902778584,0.040246858902778584,
943,39627835584808388,0.6934652827372013,blue,1000,powerlaw1000,101,6,0.024364957585930824,0.20547819137573242,0.04874171897185472,0.024376761385923894,0.024376761385923894,
943,39627835584808388,0.6934652827372013,red,500,powerlaw500,51,6,1.3315377235412598,0.045515552163124084,1.2625522757626018,-0.068985447778658,0.068985447778658,
943,39627835584808388,0.6934652827372013,red,1000,powerlaw1000,101,6,1.3315377235412598,0.045515552163124084,1.2891898083960494,-0.04234791514521041,0.04234791514521041,
8148,39627829536624262,0.6666369810145285,blue,500,powerlaw500,51,7,-1.1221925020217896,1.1144990239824568,0.18177759366840135,1.303970095690191,1.303970095690191,
8148,39627829536624262,0.6666369810145285,blue,1000,powerlaw1000,101,7,-1.1221925020217896,1.1144990239824568,0.9112622697540155,2.033454771775805,2.033454771775805,
8148,39627829536624262,0.6666369810145285,red,500,powerlaw500,51,7,1.241404414176941,0.12471275670187813,1.08145990279589,-0.15994451138105092,0.15994451138105092,
8148,39627829536624262,0.6666369810145285,red,1000,powerlaw1000,101,7,1.241404414176941,0.12471275670187813,0.9163491400302475,-0.32505527414669344,0.32505527414669344,
7183,39627829532430906,0.7284561374867603,blue,500,powerlaw500,51,6,-0.6475908160209656,0.45212264855702716,4.126450214447201e-09,0.6475908201474158,0.6475908201474158,
7183,39627829532430906,0.7284561374867603,blue,1000,powerlaw1000,101,6,-0.6475908160209656,0.45212264855702716,0.006809439909011613,0.6544002559299772,0.6544002559299772,
7183,39627829532430906,0.7284561374867603,red,500,powerlaw500,51,6,1.4467500448226929,0.0574695219596227,1.4839767752717397,0.037226730449046785,0.037226730449046785,
7183,39627829532430906,0.7284561374867603,red,1000,powerlaw1000,101,6,1.4467500448226929,0.0574695219596227,1.3218849323725455,-0.12486511245014742,0.12486511245014742,
12088,39627787752969500,0.837776776551214,blue,500,powerlaw500,51,6,-0.5631393790245056,0.40249188741048175,0.21476082652754128,0.7779002055520469,0.7779002055520469,
12088,39627787752969500,0.837776776551214,blue,1000,powerlaw1000,101,6,-0.5631393790245056,0.40249188741048175,0.037970782392031215,0.6011101614165368,0.6011101614165368,
12088,39627787752969500,0.837776776551214,red,500,powerlaw500,51,6,1.2473994493484497,0.06545003255208333,1.0747140003835973,-0.17268544896485238,0.17268544896485238,
12088,39627787752969500,0.837776776551214,red,1000,powerlaw1000,101,6,1.2473994493484497,0.06545003255208333,1.2346559923647227,-0.01274345698372703,0.01274345698372703,
8692,39627841599444508,0.7968577550936287,blue,500,powerlaw500,51,6,-0.35817602276802063,0.3572473128636678,0.06846122851738055,0.4266372512854012,0.4266372512854012,
8692,39627841599444508,0.7968577550936287,blue,1000,powerlaw1000,101,6,-0.35817602276802063,0.3572473128636678,0.17690933264708406,0.5350853554151047,0.5350853554151047,
8692,39627841599444508,0.7968577550936287,red,500,powerlaw500,51,6,1.135724663734436,0.05623342593510946,1.1477807668115207,0.012056103077084712,0.012056103077084712,
8692,39627841599444508,0.7968577550936287,red,1000,powerlaw1000,101,6,1.135724663734436,0.05623342593510946,1.1309997080251584,-0.004724955709277667,0.004724955709277667,
8353,39627835568032548,0.8271270684709324,blue,500,powerlaw500,51,6,-0.2574010491371155,0.5150794188181559,0.12500723896000535,0.3824082880971208,0.3824082880971208,
8353,39627835568032548,0.8271270684709324,blue,1000,powerlaw1000,101,6,-0.2574010491371155,0.5150794188181559,0.1541597621667802,0.41156081130389566,0.41156081130389566,
8353,39627835568032548,0.8271270684709324,red,500,powerlaw500,51,6,1.3118256330490112,0.08033140003681183,1.2081195957171758,-0.10370603733183548,0.10370603733183548,
8353,39627835568032548,0.8271270684709324,red,1000,powerlaw1000,101,6,1.3118256330490112,0.08033140003681183,1.2436640726438317,-0.06816156040517951,0.06816156040517951,
10065,39627835559641966,0.7965976769986721,blue,500,powerlaw500,51,6,5.299665927886963,2.36519193649292,1.7035350650782402,-3.5961308628087227,3.5961308628087227,
10065,39627835559641966,0.7965976769986721,blue,1000,powerlaw1000,101,6,5.299665927886963,2.36519193649292,1.5648883413359955,-3.734777586550967,3.734777586550967,
10065,39627835559641966,0.7965976769986721,red,500,powerlaw500,51,6,0.5982997417449951,0.25611478090286255,0.5911764806959479,-0.007123261049047258,0.007123261049047258,
10065,39627835559641966,0.7965976769986721,red,1000,powerlaw1000,101,6,0.5982997417449951,0.25611478090286255,0.7407005718946785,0.1424008301496834,0.1424008301496834,
10408,39627865741856648,0.8289707088973828,blue,500,powerlaw500,51,6,1.7424135208129883,0.7160290082295736,0.8983207417756188,-0.8440927790373695,0.8440927790373695,
10408,39627865741856648,0.8289707088973828,blue,1000,powerlaw1000,101,6,1.7424135208129883,0.7160290082295736,0.9129218604100363,-0.829491660402952,0.829491660402952,
10408,39627865741856648,0.8289707088973828,red,500,powerlaw500,51,6,0.8255643844604492,0.08355563879013062,0.8526953641059288,0.027130979645479614,0.027130979645479614,
10408,39627865741856648,0.8289707088973828,red,1000,powerlaw1000,101,6,0.8255643844604492,0.08355563879013062,1.1425313542829516,0.3169669698225024,0.3169669698225024,
5390,39627835542864160,0.8188062433979824,blue,500,powerlaw500,51,6,0.669215202331543,0.43014752864837646,0.2211969683734399,-0.44801823395810303,0.44801823395810303,
5390,39627835542864160,0.8188062433979824,blue,1000,powerlaw1000,101,6,0.669215202331543,0.43014752864837646,0.23762970208385373,-0.43158550024768927,0.43158550024768927,
5390,39627835542864160,0.8188062433979824,red,500,powerlaw500,51,6,1.040765404701233,0.04889243344465891,0.9783082864815565,-0.062457118219676366,0.062457118219676366,
5390,39627835542864160,0.8188062433979824,red,1000,powerlaw1000,101,6,1.040765404701233,0.04889243344465891,1.0322272774368517,-0.00853812726438119,0.00853812726438119,
12683,39627793796959335,0.759350296441386,blue,500,powerlaw500,51,6,3.1804330348968506,1.2027533849080403,0.9634487988710035,-2.216984236025847,2.216984236025847,
12683,39627793796959335,0.759350296441386,blue,1000,powerlaw1000,101,6,3.1804330348968506,1.2027533849080403,0.9784674650126091,-2.2019655698842415,2.2019655698842415,
12683,39627793796959335,0.759350296441386,red,500,powerlaw500,51,6,1.1706591844558716,0.16878191630045572,0.952213126502604,-0.21844605795326755,0.21844605795326755,
12683,39627793796959335,0.759350296441386,red,1000,powerlaw1000,101,6,1.1706591844558716,0.16878191630045572,0.9358393523434985,-0.23481983211237312,0.23481983211237312,
1940,39627841628803314,0.6247357382225986,blue,500,powerlaw500,51,7,-0.2958206534385681,0.24346435070037842,0.1792472645980956,0.4750679180366637,0.4750679180366637,
1940,39627841628803314,0.6247357382225986,blue,1000,powerlaw1000,101,7,-0.2958206534385681,0.24346435070037842,0.08253471337949587,0.378355366818064,0.378355366818064,
1940,39627841628803314,0.6247357382225986,red,500,powerlaw500,51,7,1.2701432704925537,0.034504675439425876,1.29075159556457,0.020608325072016376,0.020608325072016376,
1940,39627841628803314,0.6247357382225986,red,1000,powerlaw1000,101,7,1.2701432704925537,0.034504675439425876,1.3393938340457157,0.06925056355316195,0.06925056355316195,
12862,39627787752967339,0.8455974444382643,blue,500,powerlaw500,51,6,0.9732044339179993,1.279269536336263,2.1584562516185177,1.1852518177005185,1.1852518177005185,
12862,39627787752967339,0.8455974444382643,blue,1000,powerlaw1000,101,6,0.9732044339179993,1.279269536336263,2.111287038563299,1.1380826046452999,1.1380826046452999,
12862,39627787752967339,0.8455974444382643,red,500,powerlaw500,51,6,0.8949710726737976,0.1299168566862742,0.672476052482503,-0.22249502019129463,0.22249502019129463,
12862,39627787752967339,0.8455974444382643,red,1000,powerlaw1000,101,6,0.8949710726737976,0.1299168566862742,0.7436726151592313,-0.15129845751456628,0.15129845751456628,
6810,39627829515651198,0.746342125710592,blue,500,powerlaw500,51,6,1.8776912689208984,1.7210295995076497,1.7596238451519621,-0.11806742376893631,0.11806742376893631,
6810,39627829515651198,0.746342125710592,blue,1000,powerlaw1000,101,6,1.8776912689208984,1.7210295995076497,1.385266236877758,-0.4924250320431405,0.4924250320431405,
6810,39627829515651198,0.746342125710592,red,500,powerlaw500,51,6,0.39741194248199463,0.26512036720911664,0.6084182367726348,0.21100629429064022,0.21100629429064022,
6810,39627829515651198,0.746342125710592,red,1000,powerlaw1000,101,6,0.39741194248199463,0.26512036720911664,0.7195236333634032,0.32211169088140856,0.32211169088140856,
9321,39627847647626933,0.7396926739092715,blue,500,powerlaw500,51,6,-0.0694698691368103,0.46286014715830487,0.19140546054675064,0.260875329683561,0.260875329683561,
9321,39627847647626933,0.7396926739092715,blue,1000,powerlaw1000,101,6,-0.0694698691368103,0.46286014715830487,0.2892642095909766,0.3587340787277869,0.3587340787277869,
9321,39627847647626933,0.7396926739092715,red,500,powerlaw500,51,6,1.2388335466384888,0.08160962164402008,1.393076975565615,0.15424342892712617,0.15424342892712617,
9321,39627847647626933,0.7396926739092715,red,1000,powerlaw1000,101,6,1.2388335466384888,0.08160962164402008,1.2353035955235703,-0.0035299511149184948,0.0035299511149184948,
6473,39627835542868318,0.7494048941710721,blue,500,powerlaw500,51,6,4.735969066619873,2.134828249613444,3.5497300487216226,-1.1862390178982505,1.1862390178982505,
6473,39627835542868318,0.7494048941710721,blue,1000,powerlaw1000,101,6,4.735969066619873,2.134828249613444,2.7758899186096913,-1.9600791480101818,1.9600791480101818,
6473,39627835542868318,0.7494048941710721,red,500,powerlaw500,51,6,0.6471455097198486,0.24437872568766275,0.6210990904565952,-0.026046419263253462,0.026046419263253462,
6473,39627835542868318,0.7494048941710721,red,1000,powerlaw1000,101,6,0.6471455097198486,0.24437872568766275,0.7585816104940268,0.1114361007741782,0.1114361007741782,
2849,39627823480049765,0.8520494397243463,blue,500,powerlaw500,51,6,1.0498379468917847,0.5291676918665568,1.6407715754458463,0.5909336285540616,0.5909336285540616,
2849,39627823480049765,0.8520494397243463,blue,1000,powerlaw1000,101,6,1.0498379468917847,0.5291676918665568,1.4655782357430136,0.41574028885122893,0.41574028885122893,
2849,39627823480049765,0.8520494397243463,red,500,powerlaw500,51,6,0.65690678358078,0.0714874416589737,0.8361476293448259,0.17924084576404586,0.17924084576404586,
2849,39627823480049765,0.8520494397243463,red,1000,powerlaw1000,101,6,0.65690678358078,0.0714874416589737,0.7966729685704083,0.13976618498962823,0.13976618498962823,
8875,39627847630852038,0.7019484197985806,blue,500,powerlaw500,51,6,0.02387273497879505,0.09362288316090901,0.002202934547466236,-0.021669800431328816,0.021669800431328816,
8875,39627847630852038,0.7019484197985806,blue,1000,powerlaw1000,101,6,0.02387273497879505,0.09362288316090901,0.03388506312241926,0.01001232814362421,0.01001232814362421,
8875,39627847630852038,0.7019484197985806,red,500,powerlaw500,51,6,1.2081425189971924,0.02059819921851158,1.1795943701565277,-0.0285481488406647,0.0285481488406647,
8875,39627847630852038,0.7019484197985806,red,1000,powerlaw1000,101,6,1.2081425189971924,0.02059819921851158,1.161821846114332,-0.04632067288286046,0.04632067288286046,
8494,39627829536625290,0.843183103806451,blue,500,powerlaw500,51,6,0.8206347823143005,0.3254355589548747,0.5612125402859002,-0.25942224202840036,0.25942224202840036,
8494,39627829536625290,0.843183103806451,blue,1000,powerlaw1000,101,6,0.8206347823143005,0.3254355589548747,0.44713764694964264,-0.3734971353646579,0.3734971353646579,
8494,39627829536625290,0.843183103806451,red,500,powerlaw500,51,6,1.1648627519607544,0.04440142214298248,1.1256451652194464,-0.03921758674130804,0.03921758674130804,
8494,39627829536625290,0.843183103806451,red,1000,powerlaw1000,101,6,1.1648627519607544,0.04440142214298248,1.166017194708482,0.0011544427477276908,0.0011544427477276908,
7429,39627835576421923,0.7760036846166825,blue,500,powerlaw500,51,6,2.433814525604248,1.0055864651997883,1.6280702639714286,-0.8057442616328194,0.8057442616328194,
7429,39627835576421923,0.7760036846166825,blue,1000,powerlaw1000,101,6,2.433814525604248,1.0055864651997883,1.5397224156780878,-0.8940921099261603,0.8940921099261603,
7429,39627835576421923,0.7760036846166825,red,500,powerlaw500,51,6,0.8178471922874451,0.18354072173436484,0.7600439894747105,-0.057803202812734544,0.057803202812734544,
7429,39627835576421923,0.7760036846166825,red,1000,powerlaw1000,101,6,0.8178471922874451,0.18354072173436484,0.8628836788337394,0.04503648654629433,0.04503648654629433,
2267,39627853704202152,0.7716205893672567,blue,500,powerlaw500,51,6,0.06307387351989746,0.3785865306854248,0.08413903395970529,0.02106516043980783,0.02106516043980783,
2267,39627853704202152,0.7716205893672567,blue,1000,powerlaw1000,101,6,0.06307387351989746,0.3785865306854248,0.031994118096685925,-0.031079755423211536,0.031079755423211536,
2267,39627853704202152,0.7716205893672567,red,500,powerlaw500,51,6,1.3244062662124634,0.09337628881136577,1.3078294129063444,-0.01657685330611902,0.01657685330611902,
2267,39627853704202152,0.7716205893672567,red,1000,powerlaw1000,101,6,1.3244062662124634,0.09337628881136577,1.2033593749708504,-0.12104689124161294,0.12104689124161294,
10745,39627847626656271,0.7456497615070881,blue,500,powerlaw500,51,6,3.070279121398926,1.9679880142211914,0.1398029141079468,-2.930476207290979,2.930476207290979,
10745,39627847626656271,0.7456497615070881,blue,1000,powerlaw1000,101,6,3.070279121398926,1.9679880142211914,0.1078786734194172,-2.9624004479795087,2.9624004479795087,
10745,39627847626656271,0.7456497615070881,red,500,powerlaw500,51,6,1.0742655992507935,0.23505028088887533,1.021467108965348,-0.052798490285445476,0.052798490285445476,
10745,39627847626656271,0.7456497615070881,red,1000,powerlaw1000,101,6,1.0742655992507935,0.23505028088887533,1.174924519480778,0.10065892022998457,0.10065892022998457,
5733,39627823467464830,0.8976094190604658,blue,500,powerlaw500,51,6,0.8170096278190613,0.4404805103937785,0.8646435428151559,0.047633914996094595,0.047633914996094595,
5733,39627823467464830,0.8976094190604658,blue,1000,powerlaw1000,101,6,0.8170096278190613,0.4404805103937785,0.8950063186618449,0.0779966908427836,0.0779966908427836,
5733,39627823467464830,0.8976094190604658,red,500,powerlaw500,51,6,0.9674552083015442,0.07895965377489726,1.0248066933038054,0.05735148500226117,0.05735148500226117,
5733,39627823467464830,0.8976094190604658,red,1000,powerlaw1000,101,6,0.9674552083015442,0.07895965377489726,1.0798245862543834,0.11236937795283919,0.11236937795283919,
7353,39627835572227845,0.8298888148684127,blue,500,powerlaw500,51,6,0.040288034826517105,0.3363349835077922,0.15447641247972035,0.11418837765320325,0.11418837765320325,
7353,39627835572227845,0.8298888148684127,blue,1000,powerlaw1000,101,6,0.040288034826517105,0.3363349835077922,0.006111540914596463,-0.03417649391192064,0.03417649391192064,
7353,39627835572227845,0.8298888148684127,red,500,powerlaw500,51,6,1.3503631353378296,0.07079651951789856,1.1541289489922952,-0.19623418634553436,0.19623418634553436,
7353,39627835572227845,0.8298888148684127,red,1000,powerlaw1000,101,6,1.3503631353378296,0.07079651951789856,1.2166132653334498,-0.13374987000437977,0.13374987000437977,
7011,39627835568034420,0.6705588043975417,blue,500,powerlaw500,51,6,0.37391433119773865,0.21113012234369913,0.18650712943756073,-0.18740720176017792,0.18740720176017792,
7011,39627835568034420,0.6705588043975417,blue,1000,powerlaw1000,101,6,0.37391433119773865,0.21113012234369913,0.04285112375844602,-0.33106320743929263,0.33106320743929263,
7011,39627835568034420,0.6705588043975417,red,500,powerlaw500,51,6,1.2859870195388794,0.042983303467432656,1.3350421662593703,0.04905514672049094,0.04905514672049094,
7011,39627835568034420,0.6705588043975417,red,1000,powerlaw1000,101,6,1.2859870195388794,0.042983303467432656,1.3404813560039874,0.05449433646510804,0.05449433646510804,
499,39627574963339409,0.7135272875189397,blue,500,powerlaw500,51,6,-0.12353136390447617,0.5933662255605062,0.0523804231595999,0.17591178706407606,0.17591178706407606,
499,39627574963339409,0.7135272875189397,blue,1000,powerlaw1000,101,6,-0.12353136390447617,0.5933662255605062,0.18139724661452114,0.30492861051899733,0.30492861051899733,
499,39627574963339409,0.7135272875189397,red,500,powerlaw500,51,6,1.1902321577072144,0.05609545608361562,1.4016618831002108,0.21142972539299643,0.21142972539299643,
499,39627574963339409,0.7135272875189397,red,1000,powerlaw1000,101,6,1.1902321577072144,0.05609545608361562,1.3283762597176303,0.13814410201041594,0.13814410201041594,
4425,39627859727225282,0.7323683789997016,blue,500,powerlaw500,51,6,-0.8741663098335266,0.7190891901652018,0.42868484080134533,1.302851150634872,1.302851150634872,
4425,39627859727225282,0.7323683789997016,blue,1000,powerlaw1000,101,6,-0.8741663098335266,0.7190891901652018,0.30126820788180547,1.175434517715332,1.175434517715332,
4425,39627859727225282,0.7323683789997016,red,500,powerlaw500,51,6,1.3075470924377441,0.10674254099527995,1.1944167069817773,-0.11313038545596688,0.11313038545596688,
4425,39627859727225282,0.7323683789997016,red,1000,powerlaw1000,101,6,1.3075470924377441,0.10674254099527995,1.112881240471289,-0.19466585196645525,0.19466585196645525,
9615,39627841591051972,0.82574146035671,blue,500,powerlaw500,51,6,-0.34319165349006653,0.4050669272740682,1.1263574666771727e-08,0.3431916647536412,0.3431916647536412,
9615,39627841591051972,0.82574146035671,blue,1000,powerlaw1000,101,6,-0.34319165349006653,0.4050669272740682,0.023981546776293328,0.36717320026635986,0.36717320026635986,
9615,39627841591051972,0.82574146035671,red,500,powerlaw500,51,6,1.2610491514205933,0.030259425441424053,1.20187295723787,-0.05917619418272335,0.05917619418272335,
9615,39627841591051972,0.82574146035671,red,1000,powerlaw1000,101,6,1.2610491514205933,0.030259425441424053,1.2693508410903445,0.0083016896697512,0.0083016896697512,
7081,39627823488439028,0.7369400496320044,blue,500,powerlaw500,51,6,0.5166317224502563,0.2520016630490621,0.09127863142676708,-0.4253530910234893,0.4253530910234893,
7081,39627823488439028,0.7369400496320044,blue,1000,powerlaw1000,101,6,0.5166317224502563,0.2520016630490621,0.028531706482739574,-0.4881000159675168,0.4881000159675168,
7081,39627823488439028,0.7369400496320044,red,500,powerlaw500,51,6,1.3312355279922485,0.04356080790360769,1.2564944450971949,-0.07474108289505366,0.07474108289505366,
7081,39627823488439028,0.7369400496320044,red,1000,powerlaw1000,101,6,1.3312355279922485,0.04356080790360769,1.196817390230657,-0.13441813776159162,0.13441813776159162,
3149,39627817436056703,0.6882051545813045,blue,500,powerlaw500,51,6,-0.734610378742218,0.48940038681030273,0.09094455183272292,0.8255549305749409,0.8255549305749409,
3149,39627817436056703,0.6882051545813045,blue,1000,powerlaw1000,101,6,-0.734610378742218,0.48940038681030273,0.2818313641812032,1.0164417429234212,1.0164417429234212,
3149,39627817436056703,0.6882051545813045,red,500,powerlaw500,51,6,1.2438791990280151,0.05732408662637075,1.1637597950726608,-0.08011940395535433,0.08011940395535433,
3149,39627817436056703,0.6882051545813045,red,1000,powerlaw1000,101,6,1.2438791990280151,0.05732408662637075,1.1661678161099307,-0.07771138291808444,0.07771138291808444,
5215,39627853695816620,0.6087691545825343,blue,500,powerlaw500,51,7,-0.08237944543361664,0.1566913298198155,0.09014835264333573,0.17252779807695237,0.17252779807695237,
5215,39627853695816620,0.6087691545825343,blue,1000,powerlaw1000,101,7,-0.08237944543361664,0.1566913298198155,0.07693568990128918,0.15931513533490582,0.15931513533490582,
5215,39627853695816620,0.6087691545825343,red,500,powerlaw500,51,7,1.1676884889602661,0.023418100816862925,1.1069988391432966,-0.06068964981696956,0.06068964981696956,
5215,39627853695816620,0.6087691545825343,red,1000,powerlaw1000,101,7,1.1676884889602661,0.023418100816862925,1.146360597170535,-0.021327891789731046,0.021327891789731046,
8980,39627841586860179,0.8578147171237703,blue,500,powerlaw500,51,6,1.275026798248291,0.9017981688181559,1.9713723133458154,0.6963455150975244,0.6963455150975244,
8980,39627841586860179,0.8578147171237703,blue,1000,powerlaw1000,101,6,1.275026798248291,0.9017981688181559,1.78127946490468,0.5062526666563889,0.5062526666563889,
8980,39627841586860179,0.8578147171237703,red,500,powerlaw500,51,6,1.0107077360153198,0.17114537954330444,0.9422552797344691,-0.06845245628085073,0.06845245628085073,
8980,39627841586860179,0.8578147171237703,red,1000,powerlaw1000,101,6,1.0107077360153198,0.17114537954330444,0.9139165899062812,-0.0967911461090386,0.0967911461090386,
2586,39627805356463621,0.8989732268823344,blue,500,powerlaw500,51,6,1.3469074964523315,0.3707339366277059,0.35711690321141304,-0.9897905932409186,0.9897905932409186,
2586,39627805356463621,0.8989732268823344,blue,1000,powerlaw1000,101,6,1.3469074964523315,0.3707339366277059,0.21604469583550948,-1.130862800616822,1.130862800616822,
2586,39627805356463621,0.8989732268823344,red,500,powerlaw500,51,6,0.8717138767242432,0.03747672835985819,0.9777372488383022,0.10602337211405899,0.10602337211405899,
2586,39627805356463621,0.8989732268823344,red,1000,powerlaw1000,101,6,0.8717138767242432,0.03747672835985819,1.0407203560957556,0.16900647937151247,0.16900647937151247,
8315,39627823488434276,0.8060242867885473,blue,500,powerlaw500,51,6,-0.7296221852302551,1.618299166361491,1.707108419407821,2.4367306046380763,2.4367306046380763,
8315,39627823488434276,0.8060242867885473,blue,1000,powerlaw1000,101,6,-0.7296221852302551,1.618299166361491,1.5232171425985135,2.2528393278287684,2.2528393278287684,
8315,39627823488434276,0.8060242867885473,red,500,powerlaw500,51,6,0.5902896523475647,0.22689640522003174,0.7935632083824179,0.2032735560348532,0.2032735560348532,
8315,39627823488434276,0.8060242867885473,red,1000,powerlaw1000,101,6,0.5902896523475647,0.22689640522003174,0.7526685639179836,0.16237891157041895,0.16237891157041895,
9208,39627853679034669,0.7370153443154648,blue,500,powerlaw500,51,6,-0.3013811409473419,0.6748596827189127,0.24388242388565295,0.5452635648329949,0.5452635648329949,
9208,39627853679034669,0.7370153443154648,blue,1000,powerlaw1000,101,6,-0.3013811409473419,0.6748596827189127,0.10885734684611818,0.4102384877934601,0.4102384877934601,
9208,39627853679034669,0.7370153443154648,red,500,powerlaw500,51,6,1.207116723060608,0.09498014052708943,1.1969691469879902,-0.010147576072617737,0.010147576072617737,
9208,39627853679034669,0.7370153443154648,red,1000,powerlaw1000,101,6,1.207116723060608,0.09498014052708943,1.1282301612217795,-0.07888656183882836,0.07888656183882836,
34,39627563030545742,0.8667849968146216,blue,500,powerlaw500,51,6,-3.486309051513672,4.072359402974446,3.461551630333996,6.9478606818476685,6.9478606818476685,
34,39627563030545742,0.8667849968146216,blue,1000,powerlaw1000,101,6,-3.486309051513672,4.072359402974446,2.655512325380957,6.1418213768946295,6.1418213768946295,
34,39627563030545742,0.8667849968146216,red,500,powerlaw500,51,6,0.7397589087486267,0.34265629450480145,0.7030194966022628,-0.03673941214636389,0.03673941214636389,
34,39627563030545742,0.8667849968146216,red,1000,powerlaw1000,101,6,0.7397589087486267,0.34265629450480145,0.5710374015693301,-0.16872150717929657,0.16872150717929657,
5639,39627829507262361,0.8027260694238524,blue,500,powerlaw500,51,6,0.13337594270706177,0.22481300433476767,0.276069446950567,0.14269350424350524,0.14269350424350524,
5639,39627829507262361,0.8027260694238524,blue,1000,powerlaw1000,101,6,0.13337594270706177,0.22481300433476767,0.05690148180757667,-0.07647446089948509,0.07647446089948509,
5639,39627829507262361,0.8027260694238524,red,500,powerlaw500,51,6,1.1299012899398804,0.03428473820288976,1.2072830996279662,0.07738180968808583,0.07738180968808583,
5639,39627829507262361,0.8027260694238524,red,1000,powerlaw1000,101,6,1.1299012899398804,0.03428473820288976,1.2089474339483466,0.07904614400846621,0.07904614400846621,
11440,39627847622461149,0.8835806585984486,blue,500,powerlaw500,51,6,3.566716432571411,1.161350170771281,1.6515584812491373,-1.9151579513222738,1.9151579513222738,
11440,39627847622461149,0.8835806585984486,blue,1000,powerlaw1000,101,6,3.566716432571411,1.161350170771281,1.55827648350267,-2.008439949068741,2.008439949068741,
11440,39627847622461149,0.8835806585984486,red,500,powerlaw500,51,6,1.4027585983276367,0.15439510345458984,0.9790529005316229,-0.42370569779601386,0.42370569779601386,
11440,39627847622461149,0.8835806585984486,red,1000,powerlaw1000,101,6,1.4027585983276367,0.15439510345458984,0.8824928356642877,-0.520265762663349,0.520265762663349,
11318,39627853670647866,0.8065238979954202,blue,500,powerlaw500,51,6,0.5066800713539124,0.38880149523417157,0.6381467813856992,0.1314667100317869,0.1314667100317869,
11318,39627853670647866,0.8065238979954202,blue,1000,powerlaw1000,101,6,0.5066800713539124,0.38880149523417157,0.4314916198498899,-0.07518845150402248,0.07518845150402248,
11318,39627853670647866,0.8065238979954202,red,500,powerlaw500,51,6,0.9698800444602966,0.06784668068091075,0.9679366881257144,-0.0019433563345822025,0.0019433563345822025,
11318,39627853670647866,0.8065238979954202,red,1000,powerlaw1000,101,6,0.9698800444602966,0.06784668068091075,1.0438028048121673,0.07392276035187062,0.07392276035187062,
12872,39627787765550971,0.8589817493121125,blue,500,powerlaw500,51,6,0.5153594613075256,1.5002541542053223,3.796333025339468,3.2809735640319424,3.2809735640319424,
12872,39627787765550971,0.8589817493121125,blue,1000,powerlaw1000,101,6,0.5153594613075256,1.5002541542053223,3.611480708609679,3.0961212473021535,3.0961212473021535,
12872,39627787765550971,0.8589817493121125,red,500,powerlaw500,51,6,0.4959350526332855,0.21147153774897257,0.703525685643926,0.2075906330106405,0.2075906330106405,
12872,39627787765550971,0.8589817493121125,red,1000,powerlaw1000,101,6,0.4959350526332855,0.21147153774897257,0.8149752852374504,0.3190402326041649,0.3190402326041649,
6815,39627835555447572,0.8954858114948787,blue,500,powerlaw500,51,6,0.4712441861629486,1.3997963269551594,1.6777113566766466,1.206467170513698,1.206467170513698,
6815,39627835555447572,0.8954858114948787,blue,1000,powerlaw1000,101,6,0.4712441861629486,1.3997963269551594,1.5022285940412736,1.030984407878325,1.030984407878325,
6815,39627835555447572,0.8954858114948787,red,500,powerlaw500,51,6,0.41145721077919006,0.15748368700345358,0.8216530537524344,0.4101958429732443,0.4101958429732443,
6815,39627835555447572,0.8954858114948787,red,1000,powerlaw1000,101,6,0.41145721077919006,0.15748368700345358,0.8905512783747339,0.47909406759554385,0.47909406759554385,
1302,39627847656018516,0.6611347016505661,blue,500,powerlaw500,51,7,-0.15020443499088287,0.1974959032876151,8.963042493469034e-10,0.15020443588718713,0.15020443588718713,
1302,39627847656018516,0.6611347016505661,blue,1000,powerlaw1000,101,7,-0.15020443499088287,0.1974959032876151,0.002468183541922905,0.15267261853280578,0.15267261853280578,
1302,39627847656018516,0.6611347016505661,red,500,powerlaw500,51,7,1.1405130624771118,0.028023055621555874,1.1910049366351168,0.050491874158004935,0.050491874158004935,
1302,39627847656018516,0.6611347016505661,red,1000,powerlaw1000,101,7,1.1405130624771118,0.028023055621555874,1.2253724247776658,0.08485936230055402,0.08485936230055402,
4949,39627865771215608,0.8570035574572558,blue,500,powerlaw500,51,6,4.201904296875,1.0789568424224854,2.1973809717489536,-2.0045233251260464,2.0045233251260464,
4949,39627865771215608,0.8570035574572558,blue,1000,powerlaw1000,101,6,4.201904296875,1.0789568424224854,2.5954232537786486,-1.6064810430963514,1.6064810430963514,
4949,39627865771215608,0.8570035574572558,red,500,powerlaw500,51,6,0.37637972831726074,0.12408248583475749,0.6895878624748032,0.31320813415754245,0.31320813415754245,
4949,39627865771215608,0.8570035574572558,red,1000,powerlaw1000,101,6,0.37637972831726074,0.12408248583475749,0.7512040726170185,0.37482434429975775,0.37482434429975775,
4975,39627853687427098,0.7983455233498902,blue,500,powerlaw500,51,6,0.15877830982208252,0.525390108426412,0.03161763914021478,-0.12716067068186773,0.12716067068186773,
4975,39627853687427098,0.7983455233498902,blue,1000,powerlaw1000,101,6,0.15877830982208252,0.525390108426412,0.024097506133995722,-0.1346808036880868,0.1346808036880868,
4975,39627853687427098,0.7983455233498902,red,500,powerlaw500,51,6,1.2393535375595093,0.06329518556594849,1.1905566845891271,-0.048796852970382165,0.048796852970382165,
4975,39627853687427098,0.7983455233498902,red,1000,powerlaw1000,101,6,1.2393535375595093,0.06329518556594849,1.1682569159317981,-0.07109662162771113,0.07109662162771113,
10522,39627859702057885,0.8750615798643713,blue,500,powerlaw500,51,6,-0.2937605679035187,0.6079481442769369,0.12241587441109288,0.41617644231461154,0.41617644231461154,
10522,39627859702057885,0.8750615798643713,blue,1000,powerlaw1000,101,6,-0.2937605679035187,0.6079481442769369,0.12015000919906359,0.4139105771025823,0.4139105771025823,
10522,39627859702057885,0.8750615798643713,red,500,powerlaw500,51,6,1.1489092111587524,0.06709407269954681,1.2075979238104246,0.05868871265167219,0.05868871265167219,
10522,39627859702057885,0.8750615798643713,red,1000,powerlaw1000,101,6,1.1489092111587524,0.06709407269954681,1.382093892855633,0.23318468169688056,0.23318468169688056,
12889,39627787757161618,0.8156905484071798,blue,500,powerlaw500,51,6,0.9697168469429016,0.45345505078633624,0.1989448669635567,-0.7707719799793449,0.7707719799793449,
12889,39627787757161618,0.8156905484071798,blue,1000,powerlaw1000,101,6,0.9697168469429016,0.45345505078633624,0.06197733441141085,-0.9077395125314908,0.9077395125314908,
12889,39627787757161618,0.8156905484071798,red,500,powerlaw500,51,6,1.2738012075424194,0.07211252053578694,1.1952712627381124,-0.07852994480430708,0.07852994480430708,
12889,39627787757161618,0.8156905484071798,red,1000,powerlaw1000,101,6,1.2738012075424194,0.07211252053578694,1.2544756199479394,-0.019325587594479998,0.019325587594479998,
2410,39627847656018682,0.7259537310262374,blue,500,powerlaw500,51,6,0.6872220635414124,0.356522798538208,0.5017074904077173,-0.18551457313369502,0.18551457313369502,
2410,39627847656018682,0.7259537310262374,blue,1000,powerlaw1000,101,6,0.6872220635414124,0.356522798538208,0.49057251406238206,-0.1966495494790303,0.1966495494790303,
2410,39627847656018682,0.7259537310262374,red,500,powerlaw500,51,6,0.9544165134429932,0.039719924330711365,0.982210678418137,0.027794164975143865,0.027794164975143865,
2410,39627847656018682,0.7259537310262374,red,1000,powerlaw1000,101,6,0.9544165134429932,0.039719924330711365,0.9816050647168636,0.02718855127387043,0.02718855127387043,
392,39627574967539289,0.7102297437287542,blue,500,powerlaw500,51,6,0.8132357597351074,2.201424757639567,1.138250783247763,0.32501502351265565,0.32501502351265565,
392,39627574967539289,0.7102297437287542,blue,1000,powerlaw1000,101,6,0.8132357597351074,2.201424757639567,1.8093794612672403,0.9961437015321328,0.9961437015321328,
392,39627574967539289,0.7102297437287542,red,500,powerlaw500,51,6,0.9289501309394836,0.27843668063481647,0.8692017414872665,-0.059748389452217165,0.059748389452217165,
392,39627574967539289,0.7102297437287542,red,1000,powerlaw1000,101,6,0.9289501309394836,0.27843668063481647,0.7468651283460291,-0.1820850025934545,0.1820850025934545,
2007,39627841620414404,0.7984777618103563,blue,500,powerlaw500,51,6,2.0135204792022705,3.0394986470540366,6.039222174730177,4.025701695527906,4.025701695527906,
2007,39627841620414404,0.7984777618103563,blue,1000,powerlaw1000,101,6,2.0135204792022705,3.0394986470540366,5.145860586269455,3.1323401070671846,3.1323401070671846,
2007,39627841620414404,0.7984777618103563,red,500,powerlaw500,51,6,-0.06075567007064819,0.45094160238901776,0.5842304693790983,0.6449861394497465,0.6449861394497465,
2007,39627841620414404,0.7984777618103563,red,1000,powerlaw1000,101,6,-0.06075567007064819,0.45094160238901776,0.7533215062035863,0.8140771762742345,0.8140771762742345,
2407,39627847656018731,0.8575860799832449,blue,500,powerlaw500,51,6,1.6769884824752808,0.4096735715866089,1.0666014698422608,-0.61038701263302,0.61038701263302,
2407,39627847656018731,0.8575860799832449,blue,1000,powerlaw1000,101,6,1.6769884824752808,0.4096735715866089,1.3456296252924407,-0.3313588571828401,0.3313588571828401,
2407,39627847656018731,0.8575860799832449,red,500,powerlaw500,51,6,0.7854695320129395,0.043312142292658486,0.8247331794170862,0.039263647404146784,0.039263647404146784,
2407,39627847656018731,0.8575860799832449,red,1000,powerlaw1000,101,6,0.7854695320129395,0.043312142292658486,0.9910238745621952,0.20555434254925575,0.20555434254925575,
7995,39627823496824786,0.7290467932538722,blue,500,powerlaw500,51,6,3.0116240978240967,1.2311646143595378,2.627688147010949,-0.38393595081314746,0.38393595081314746,
7995,39627823496824786,0.7290467932538722,blue,1000,powerlaw1000,101,6,3.0116240978240967,1.2311646143595378,1.9194628611737687,-1.092161236650328,1.092161236650328,
7995,39627823496824786,0.7290467932538722,red,500,powerlaw500,51,6,0.5512215495109558,0.12494670351346333,0.7313172609509567,0.18009571144000092,0.18009571144000092,
7995,39627823496824786,0.7290467932538722,red,1000,powerlaw1000,101,6,0.5512215495109558,0.12494670351346333,0.7564835011729708,0.205261951662015,0.205261951662015,
2918,39627817440253315,0.7848627059322232,blue,500,powerlaw500,51,6,2.436521053314209,1.7068710327148438,2.3915288630590816,-0.04499219025512735,0.04499219025512735,
2918,39627817440253315,0.7848627059322232,blue,1000,powerlaw1000,101,6,2.436521053314209,1.7068710327148438,1.7386865648943026,-0.6978344884199064,0.6978344884199064,
2918,39627817440253315,0.7848627059322232,red,500,powerlaw500,51,6,0.3986953794956207,0.2649214466412862,0.6543553596983113,0.25565998020269054,0.25565998020269054,
2918,39627817440253315,0.7848627059322232,red,1000,powerlaw1000,101,6,0.3986953794956207,0.2649214466412862,0.5973184440911976,0.19862306459557688,0.19862306459557688,
6967,39627835551254103,0.8302450401977396,blue,500,powerlaw500,51,6,0.8107754588127136,1.4021695454915364,1.405057592464164,0.5942821336514503,0.5942821336514503,
6967,39627835551254103,0.8302450401977396,blue,1000,powerlaw1000,101,6,0.8107754588127136,1.4021695454915364,1.4234131091461293,0.6126376503334157,0.6126376503334157,
6967,39627835551254103,0.8302450401977396,red,500,powerlaw500,51,6,0.9725900292396545,0.20697778463363647,0.7952645254620885,-0.17732550377756606,0.17732550377756606,
6967,39627835551254103,0.8302450401977396,red,1000,powerlaw1000,101,6,0.9725900292396545,0.20697778463363647,0.9269672682869716,-0.04562276095268292,0.04562276095268292,
435,39627568986458454,0.841018216146867,blue,500,powerlaw500,51,6,2.3903324604034424,1.6774230003356934,3.067167381972613,0.6768349215691707,0.6768349215691707,
435,39627568986458454,0.841018216146867,blue,1000,powerlaw1000,101,6,2.3903324604034424,1.6774230003356934,2.3163566544459826,-0.07397580595745978,0.07397580595745978,
435,39627568986458454,0.841018216146867,red,500,powerlaw500,51,6,1.0210988521575928,0.20989322662353516,0.847089049319378,-0.17400980283821477,0.17400980283821477,
435,39627568986458454,0.841018216146867,red,1000,powerlaw1000,101,6,1.0210988521575928,0.20989322662353516,0.8231446350360483,-0.19795421712154448,0.19795421712154448,
2645,39627811404648629,0.8581469834031085,blue,500,powerlaw500,51,6,1.7794456481933594,1.4316331545511882,2.3767061364957818,0.5972604883024224,0.5972604883024224,
2645,39627811404648629,0.8581469834031085,blue,1000,powerlaw1000,101,6,1.7794456481933594,1.4316331545511882,1.871454274958289,0.0920086267649296,0.0920086267649296,
2645,39627811404648629,0.8581469834031085,red,500,powerlaw500,51,6,-0.07850650697946548,0.24727771679560342,0.6282012014776656,0.706707708457131,0.706707708457131,
2645,39627811404648629,0.8581469834031085,red,1000,powerlaw1000,101,6,-0.07850650697946548,0.24727771679560342,0.817669950210654,0.8961764571901195,0.8961764571901195,
11645,39627781721556429,0.6704920818162825,blue,500,powerlaw500,51,6,0.4671325385570526,1.0233739217122395,0.16703626227717014,-0.30009627627988245,0.30009627627988245,
11645,39627781721556429,0.6704920818162825,blue,1000,powerlaw1000,101,6,0.4671325385570526,1.0233739217122395,0.24176037534424474,-0.22537216321280787,0.22537216321280787,
11645,39627781721556429,0.6704920818162825,red,500,powerlaw500,51,6,1.4804472923278809,0.10174956917762756,1.3403055324219784,-0.1401417599059025,0.1401417599059025,
11645,39627781721556429,0.6704920818162825,red,1000,powerlaw1000,101,6,1.4804472923278809,0.10174956917762756,1.2750077406070304,-0.2054395517208505,0.2054395517208505,
1533,39627847660213350,0.8993677525012757,blue,500,powerlaw500,51,6,0.08953893929719925,0.47475457191467285,0.6133785010303193,0.5238395617331201,0.5238395617331201,
1533,39627847660213350,0.8993677525012757,blue,1000,powerlaw1000,101,6,0.08953893929719925,0.47475457191467285,0.7417451861003518,0.6522062468031525,0.6522062468031525,
1533,39627847660213350,0.8993677525012757,red,500,powerlaw500,51,6,1.0702546834945679,0.05783195296923319,1.0373196896633703,-0.03293499383119758,0.03293499383119758,
1533,39627847660213350,0.8993677525012757,red,1000,powerlaw1000,101,6,1.0702546834945679,0.05783195296923319,1.0845211845034726,0.014266501008904697,0.014266501008904697,
8648,39627847643431334,0.6666866089513617,blue,500,powerlaw500,51,6,0.8305196166038513,0.3897691567738851,0.21399287379315976,-0.6165267428106915,0.6165267428106915,
8648,39627847643431334,0.6666866089513617,blue,1000,powerlaw1000,101,6,0.8305196166038513,0.3897691567738851,0.12569421884373277,-0.7048253977601185,0.7048253977601185,
8648,39627847643431334,0.6666866089513617,red,500,powerlaw500,51,6,1.0882974863052368,0.03234022110700607,1.1437402055418227,0.055442719236585836,0.055442719236585836,
8648,39627847643431334,0.6666866089513617,red,1000,powerlaw1000,101,6,1.0882974863052368,0.03234022110700607,1.1652141691554738,0.076916682850237,0.076916682850237,
6062,39627835538674065,0.8958419045159042,blue,500,powerlaw500,51,6,3.9488027095794678,2.354007879892985,2.8835724665030362,-1.0652302430764315,1.0652302430764315,
6062,39627835538674065,0.8958419045159042,blue,1000,powerlaw1000,101,6,3.9488027095794678,2.354007879892985,2.3720607763278436,-1.5767419332516242,1.5767419332516242,
6062,39627835538674065,0.8958419045159042,red,500,powerlaw500,51,6,0.13871809840202332,0.22684701283772787,0.6791431643323528,0.5404250659303295,0.5404250659303295,
6062,39627835538674065,0.8958419045159042,red,1000,powerlaw1000,101,6,0.13871809840202332,0.22684701283772787,0.8284606889347484,0.6897425905327251,0.6897425905327251,
7321,39627829536623748,0.8438940763373044,blue,500,powerlaw500,51,6,-0.08590424060821533,0.28637558221817017,0.002588321250718572,0.08849256185893391,0.08849256185893391,
7321,39627829536623748,0.8438940763373044,blue,1000,powerlaw1000,101,6,-0.08590424060821533,0.28637558221817017,0.009190649855813596,0.09509489046402893,0.09509489046402893,
7321,39627829536623748,0.8438940763373044,red,500,powerlaw500,51,6,1.3552900552749634,0.05346911152203878,1.2021468630042047,-0.15314319227075868,0.15314319227075868,
7321,39627829536623748,0.8438940763373044,red,1000,powerlaw1000,101,6,1.3552900552749634,0.05346911152203878,1.310294849185231,-0.04499520608973229,0.04499520608973229,
5141,39627847651820700,0.879598439748917,blue,500,powerlaw500,51,6,-0.42628470063209534,0.3207484881083171,0.03179743868961051,0.45808213932170583,0.45808213932170583,
5141,39627847651820700,0.879598439748917,blue,1000,powerlaw1000,101,6,-0.42628470063209534,0.3207484881083171,0.061623214995990404,0.4879079156280857,0.4879079156280857,
5141,39627847651820700,0.879598439748917,red,500,powerlaw500,51,6,1.3559175729751587,0.08866676688194275,1.2103536615441823,-0.14556391143097636,0.14556391143097636,
5141,39627847651820700,0.879598439748917,red,1000,powerlaw1000,101,6,1.3559175729751587,0.08866676688194275,1.3969325939581412,0.041015020982982486,0.041015020982982486,
10301,39627847626656046,0.8745550320838793,blue,500,powerlaw500,51,6,-0.09722218662500381,0.31116050481796265,0.2587706781668356,0.3559928647918394,0.3559928647918394,
10301,39627847626656046,0.8745550320838793,blue,1000,powerlaw1000,101,6,-0.09722218662500381,0.31116050481796265,0.008763755077315772,0.10598594170231959,0.10598594170231959,
10301,39627847626656046,0.8745550320838793,red,500,powerlaw500,51,6,1.1816787719726562,0.05089423060417175,1.3173660143690196,0.13568724239636332,0.13568724239636332,
10301,39627847626656046,0.8745550320838793,red,1000,powerlaw1000,101,6,1.1816787719726562,0.05089423060417175,1.4468211430408509,0.2651423710681946,0.2651423710681946,
9710,39627841595248014,0.6768254807472949,blue,500,powerlaw500,51,6,0.06568312644958496,0.5984053611755371,0.00876406957490448,-0.05691905687468048,0.05691905687468048,
9710,39627841595248014,0.6768254807472949,blue,1000,powerlaw1000,101,6,0.06568312644958496,0.5984053611755371,0.02163703940294444,-0.04404608704664052,0.04404608704664052,
9710,39627841595248014,0.6768254807472949,red,500,powerlaw500,51,6,1.1759613752365112,0.08160142103830974,1.1097735495538934,-0.06618782568261783,0.06618782568261783,
9710,39627841595248014,0.6768254807472949,red,1000,powerlaw1000,101,6,1.1759613752365112,0.08160142103830974,1.1150174691933281,-0.060943906043183116,0.060943906043183116,
6117,39627829498871870,0.7511977026488003,blue,500,powerlaw500,51,6,0.33292630314826965,0.28473536173502606,2.3736615035410782e-09,-0.33292630077460816,0.33292630077460816,
6117,39627829498871870,0.7511977026488003,blue,1000,powerlaw1000,101,6,0.33292630314826965,0.28473536173502606,0.006769768033865361,-0.3261565351144043,0.3261565351144043,
6117,39627829498871870,0.7511977026488003,red,500,powerlaw500,51,6,1.2604851722717285,0.02998136729001999,1.2844036344735656,0.023918462201837132,0.023918462201837132,
6117,39627829498871870,0.7511977026488003,red,1000,powerlaw1000,101,6,1.2604851722717285,0.02998136729001999,1.248782061693955,-0.011703110577773623,0.011703110577773623,
5880,39627829498876275,0.6176700419872422,blue,500,powerlaw500,51,7,0.24793003499507904,0.19961888449532644,0.19196259374835525,-0.05596744124672379,0.05596744124672379,
5880,39627829498876275,0.6176700419872422,blue,1000,powerlaw1000,101,7,0.24793003499507904,0.19961888449532644,0.0640814185351752,-0.18384861645990386,0.18384861645990386,
5880,39627829498876275,0.6176700419872422,red,500,powerlaw500,51,7,1.226911187171936,0.0464077889919281,1.258250511685217,0.03133932451328092,0.03133932451328092,
5880,39627829498876275,0.6176700419872422,red,1000,powerlaw1000,101,7,1.226911187171936,0.0464077889919281,1.3512246834511674,0.12431349627923138,0.12431349627923138,
11652,39627781721559241,0.8234961808297308,blue,500,powerlaw500,51,6,3.3213155269622803,0.9867096741994222,1.7439856888098741,-1.5773298381524061,1.5773298381524061,
11652,39627781721559241,0.8234961808297308,blue,1000,powerlaw1000,101,6,3.3213155269622803,0.9867096741994222,1.4127709855261978,-1.9085445414360824,1.9085445414360824,
11652,39627781721559241,0.8234961808297308,red,500,powerlaw500,51,6,0.6633930802345276,0.14760936299959818,0.8235445217197404,0.16015144148521276,0.16015144148521276,
11652,39627781721559241,0.8234961808297308,red,1000,powerlaw1000,101,6,0.6633930802345276,0.14760936299959818,0.8426774200995301,0.17928433986500247,0.17928433986500247,
6690,39627823471659299,0.7298313831034561,blue,500,powerlaw500,51,6,3.8012142181396484,0.9535287221272787,4.212740003057694,0.41152578491804537,0.41152578491804537,
6690,39627823471659299,0.7298313831034561,blue,1000,powerlaw1000,101,6,3.8012142181396484,0.9535287221272787,3.5784105581061136,-0.2228036600335348,0.2228036600335348,
6690,39627823471659299,0.7298313831034561,red,500,powerlaw500,51,6,0.8930756449699402,0.09904500842094421,0.869215197734729,-0.02386044723521119,0.02386044723521119,
6690,39627823471659299,0.7298313831034561,red,1000,powerlaw1000,101,6,0.8930756449699402,0.09904500842094421,0.7547714208446182,-0.13830422412532195,0.13830422412532195,
1365,39627847660210992,0.8760565601362776,blue,500,powerlaw500,51,6,4.646568775177002,1.4850362141927083,4.449844196257904,-0.19672457891909811,0.19672457891909811,
1365,39627847660210992,0.8760565601362776,blue,1000,powerlaw1000,101,6,4.646568775177002,1.4850362141927083,4.072072169597856,-0.5744966055791458,0.5744966055791458,
1365,39627847660210992,0.8760565601362776,red,500,powerlaw500,51,6,0.43352997303009033,0.2520136833190918,0.6441946465719662,0.2106646735418759,0.2106646735418759,
1365,39627847660210992,0.8760565601362776,red,1000,powerlaw1000,101,6,0.43352997303009033,0.2520136833190918,0.7853779093963239,0.35184793636623357,0.35184793636623357,
12070,39627787765549590,0.7056575834229982,blue,500,powerlaw500,51,6,0.43459537625312805,3.227161725362142,1.0331007066247366,0.5985053303716086,0.5985053303716086,
12070,39627787765549590,0.7056575834229982,blue,1000,powerlaw1000,101,6,0.43459537625312805,3.227161725362142,1.8715806454388029,1.4369852691856748,1.4369852691856748,
12070,39627787765549590,0.7056575834229982,red,500,powerlaw500,51,6,1.843441367149353,0.3611496686935425,0.5385566095934587,-1.3048847575558944,1.3048847575558944,
12070,39627787765549590,0.7056575834229982,red,1000,powerlaw1000,101,6,1.843441367149353,0.3611496686935425,0.2943778886938901,-1.5490634784554629,1.5490634784554629,
1303,39627847656018117,0.8199668765695958,blue,500,powerlaw500,51,6,5.45948600769043,1.8317658106486003,0.9747553341694974,-4.484730673520932,4.484730673520932,
1303,39627847656018117,0.8199668765695958,blue,1000,powerlaw1000,101,6,5.45948600769043,1.8317658106486003,0.8144769916958601,-4.645009015994569,4.645009015994569,
1303,39627847656018117,0.8199668765695958,red,500,powerlaw500,51,6,0.893143355846405,0.25440003474553424,0.5938145220201164,-0.2993288338262886,0.2993288338262886,
1303,39627847656018117,0.8199668765695958,red,1000,powerlaw1000,101,6,0.893143355846405,0.25440003474553424,0.7472385866203228,-0.1459047692260822,0.1459047692260822,
12926,39627787761354079,0.6923397802733819,blue,500,powerlaw500,51,6,-0.08463457226753235,0.2927256027857463,1.2330444951470886e-12,0.08463457226876539,0.08463457226876539,
12926,39627787761354079,0.6923397802733819,blue,1000,powerlaw1000,101,6,-0.08463457226753235,0.2927256027857463,0.014528966380994041,0.0991635386485264,0.0991635386485264,
12926,39627787761354079,0.6923397802733819,red,500,powerlaw500,51,6,1.1837822198867798,0.0426705926656723,1.1895743819113211,0.0057921620245413585,0.0057921620245413585,
12926,39627787761354079,0.6923397802733819,red,1000,powerlaw1000,101,6,1.1837822198867798,0.0426705926656723,1.1943571866275666,0.01057496674078684,0.01057496674078684,
12750,39627793801153076,0.6898674016142236,blue,500,powerlaw500,51,6,0.7121785283088684,7.784508387247722,2.6579855521681934,1.945807023859325,1.945807023859325,
12750,39627793801153076,0.6898674016142236,blue,1000,powerlaw1000,101,6,0.7121785283088684,7.784508387247722,4.663242497467265,3.9510639691583966,3.9510639691583966,
12750,39627793801153076,0.6898674016142236,red,500,powerlaw500,51,6,-1.5313438177108765,0.9808590412139893,0.2718891131503281,1.8032329308612045,1.8032329308612045,
12750,39627793801153076,0.6898674016142236,red,1000,powerlaw1000,101,6,-1.5313438177108765,0.9808590412139893,0.5386273124961779,2.0699711302070543,2.0699711302070543,
3053,39627811392061733,0.6712688338591942,blue,500,powerlaw500,51,6,0.34183502197265625,0.28556394577026367,0.31385871382234326,-0.02797630815031299,0.02797630815031299,
3053,39627811392061733,0.6712688338591942,blue,1000,powerlaw1000,101,6,0.34183502197265625,0.28556394577026367,0.31179057228058654,-0.030044449692069708,0.030044449692069708,
3053,39627811392061733,0.6712688338591942,red,500,powerlaw500,51,6,1.1781004667282104,0.0408030574520429,1.146774763225039,-0.03132570350317154,0.03132570350317154,
3053,39627811392061733,0.6712688338591942,red,1000,powerlaw1000,101,6,1.1781004667282104,0.0408030574520429,1.1464357821699054,-0.03166468455830507,0.03166468455830507,
6273,39627823471657163,0.6762210513290233,blue,500,powerlaw500,51,6,-0.3429694175720215,0.4505644639333089,0.01981649599620836,0.36278591356822987,0.36278591356822987,
6273,39627823471657163,0.6762210513290233,blue,1000,powerlaw1000,101,6,-0.3429694175720215,0.4505644639333089,0.04917814097646441,0.3921475585484859,0.3921475585484859,
6273,39627823471657163,0.6762210513290233,red,500,powerlaw500,51,6,1.1490695476531982,0.04077044874429703,1.2264150463546846,0.07734549870148633,0.07734549870148633,
6273,39627823471657163,0.6762210513290233,red,1000,powerlaw1000,101,6,1.1490695476531982,0.04077044874429703,1.2223625143407975,0.07329296668759921,0.07329296668759921,
7936,39627823488434987,0.6816057635438638,blue,500,powerlaw500,51,6,3.151898145675659,0.955162763595581,2.6688854620615445,-0.48301268361411465,0.48301268361411465,
7936,39627823488434987,0.6816057635438638,blue,1000,powerlaw1000,101,6,3.151898145675659,0.955162763595581,2.4411434661976252,-0.710754679478034,0.710754679478034,
7936,39627823488434987,0.6816057635438638,red,500,powerlaw500,51,6,0.5131437182426453,0.09199671943982442,0.7750891336277433,0.2619454153850981,0.2619454153850981,
7936,39627823488434987,0.6816057635438638,red,1000,powerlaw1000,101,6,0.5131437182426453,0.09199671943982442,0.7308868683330939,0.21774315009044864,0.21774315009044864,
3362,39627811392062310,0.7859042597820358,blue,500,powerlaw500,51,6,0.46138450503349304,0.6937108834584554,5.064697933430519,4.603313428397026,4.603313428397026,
3362,39627811392062310,0.7859042597820358,blue,1000,powerlaw1000,101,6,0.46138450503349304,0.6937108834584554,0.09927084523780623,-0.3621136597956868,0.3621136597956868,
3362,39627811392062310,0.7859042597820358,red,500,powerlaw500,51,6,1.0017976760864258,0.05005837480227152,0.9314888001850234,-0.07030887590140233,0.07030887590140233,
3362,39627811392062310,0.7859042597820358,red,1000,powerlaw1000,101,6,1.0017976760864258,0.05005837480227152,1.100277096142481,0.09847942005605526,0.09847942005605526,
505,39627568990652583,0.8043804624625088,blue,500,powerlaw500,51,6,0.10310781002044678,0.5301256974538168,0.1946657132190405,0.09155790319859372,0.09155790319859372,
505,39627568990652583,0.8043804624625088,blue,1000,powerlaw1000,101,6,0.10310781002044678,0.5301256974538168,0.23765000574899406,0.13454219572854728,0.13454219572854728,
505,39627568990652583,0.8043804624625088,red,500,powerlaw500,51,6,1.3518308401107788,0.06706741452217102,1.331078564494028,-0.02075227561675086,0.02075227561675086,
505,39627568990652583,0.8043804624625088,red,1000,powerlaw1000,101,6,1.3518308401107788,0.06706741452217102,1.3834001612816855,0.03156932117090672,0.03156932117090672,
11312,39627853662261123,0.847789026514961,blue,500,powerlaw500,51,6,0.22064407169818878,0.8197751045227051,2.1557783296652437,1.935134257967055,1.935134257967055,
11312,39627853662261123,0.847789026514961,blue,1000,powerlaw1000,101,6,0.22064407169818878,0.8197751045227051,1.9831731074826138,1.762529035784425,1.762529035784425,
11312,39627853662261123,0.847789026514961,red,500,powerlaw500,51,6,0.7285633087158203,0.10510043303171794,0.7433189907849541,0.014755682069133802,0.014755682069133802,
11312,39627853662261123,0.847789026514961,red,1000,powerlaw1000,101,6,0.7285633087158203,0.10510043303171794,0.7608320830322839,0.03226877431646358,0.03226877431646358,
5982,39627841586856683,0.6792224771234546,blue,500,powerlaw500,51,6,0.396818608045578,0.3070533871650696,0.33654914800510194,-0.060269460040476064,0.060269460040476064,
5982,39627841586856683,0.6792224771234546,blue,1000,powerlaw1000,101,6,0.396818608045578,0.3070533871650696,0.3325181637159668,-0.06430044432961118,0.06430044432961118,
5982,39627841586856683,0.6792224771234546,red,500,powerlaw500,51,6,1.0891191959381104,0.05301927030086517,1.1068480956300317,0.017728899691921374,0.017728899691921374,
5982,39627841586856683,0.6792224771234546,red,1000,powerlaw1000,101,6,1.0891191959381104,0.05301927030086517,1.1267355228010845,0.037616326862974114,0.037616326862974114,
3720,39627811396257290,0.6286389886772166,blue,500,powerlaw500,51,7,0.1239599660038948,0.17251171384538924,0.0741045892819885,-0.049855376721906305,0.049855376721906305,
3720,39627811396257290,0.6286389886772166,blue,1000,powerlaw1000,101,7,0.1239599660038948,0.17251171384538924,0.06565418674367637,-0.05830577926021843,0.05830577926021843,
3720,39627811396257290,0.6286389886772166,red,500,powerlaw500,51,7,1.3046493530273438,0.024480875049318587,1.2378594025042553,-0.06678995052308845,0.06678995052308845,
3720,39627811396257290,0.6286389886772166,red,1000,powerlaw1000,101,7,1.3046493530273438,0.024480875049318587,1.2877673023956695,-0.01688205063167425,0.01688205063167425,
1408,39627841628803655,0.6036013006603506,blue,500,powerlaw500,51,7,-0.01012637373059988,0.1748781715120588,0.07203784115624282,0.0821642148868427,0.0821642148868427,
1408,39627841628803655,0.6036013006603506,blue,1000,powerlaw1000,101,7,-0.01012637373059988,0.1748781715120588,0.11400679736121032,0.1241331710918102,0.1241331710918102,
1408,39627841628803655,0.6036013006603506,red,500,powerlaw500,51,7,1.2082233428955078,0.028099175010408674,1.2128531591418354,0.004629816246327634,0.004629816246327634,
1408,39627841628803655,0.6036013006603506,red,1000,powerlaw1000,101,7,1.2082233428955078,0.028099175010408674,1.2292650468424307,0.02104170394692284,0.02104170394692284,
2383,39627835584807017,0.7397877804687701,blue,500,powerlaw500,51,6,3.7944624423980713,1.5232772827148438,2.9167525489964734,-0.8777098934015979,0.8777098934015979,
2383,39627835584807017,0.7397877804687701,blue,1000,powerlaw1000,101,6,3.7944624423980713,1.5232772827148438,2.621216308034205,-1.1732461343638665,1.1732461343638665,
2383,39627835584807017,0.7397877804687701,red,500,powerlaw500,51,6,0.5898483395576477,0.16904648145039877,0.8174757375605289,0.22762739800288123,0.22762739800288123,
2383,39627835584807017,0.7397877804687701,red,1000,powerlaw1000,101,6,0.5898483395576477,0.16904648145039877,0.6873298930227421,0.09748155346509435,0.09748155346509435,
7117,39627841607832463,0.8672293530720755,blue,500,powerlaw500,51,6,2.329904317855835,1.4769242604573567,1.4467071849750461,-0.8831971328807888,0.8831971328807888,
7117,39627841607832463,0.8672293530720755,blue,1000,powerlaw1000,101,6,2.329904317855835,1.4769242604573567,2.001711840560311,-0.32819247729552403,0.32819247729552403,
7117,39627841607832463,0.8672293530720755,red,500,powerlaw500,51,6,0.6680681109428406,0.21622014045715332,0.7980331472577075,0.1299650363148669,0.1299650363148669,
7117,39627841607832463,0.8672293530720755,red,1000,powerlaw1000,101,6,0.6680681109428406,0.21622014045715332,0.8081912793230622,0.14012316838022165,0.14012316838022165,
7309,39627829536620564,0.8271397056548224,blue,500,powerlaw500,51,6,1.9213690757751465,1.304896593093872,2.4852449609532523,0.5638758851781058,0.5638758851781058,
7309,39627829536620564,0.8271397056548224,blue,1000,powerlaw1000,101,6,1.9213690757751465,1.304896593093872,2.9587547449616403,1.0373856691864938,1.0373856691864938,
7309,39627829536620564,0.8271397056548224,red,500,powerlaw500,51,6,0.42559289932250977,0.26422955592473346,0.7361774688380339,0.31058456951552416,0.31058456951552416,
7309,39627829536620564,0.8271397056548224,red,1000,powerlaw1000,101,6,0.42559289932250977,0.26422955592473346,0.8635620781665075,0.4379691788439978,0.4379691788439978,
6661,39627835551252971,0.8649042036900639,blue,500,powerlaw500,51,6,1.6634520292282104,1.4230197270711262,5.887524752240456,4.224072723012245,4.224072723012245,
6661,39627835551252971,0.8649042036900639,blue,1000,powerlaw1000,101,6,1.6634520292282104,1.4230197270711262,6.681697551674707,5.018245522446496,5.018245522446496,
6661,39627835551252971,0.8649042036900639,red,500,powerlaw500,51,6,0.9974991679191589,0.12588655948638916,0.805746697894528,-0.19175247002463092,0.19175247002463092,
6661,39627835551252971,0.8649042036900639,red,1000,powerlaw1000,101,6,0.9974991679191589,0.12588655948638916,0.866184629605656,-0.13131453831350293,0.13131453831350293,
5387,39627835542864766,0.7457406260368086,blue,500,powerlaw500,51,6,-1.9184061288833618,0.8906755447387695,0.40424210274043165,2.3226482316237935,2.3226482316237935,
5387,39627835542864766,0.7457406260368086,blue,1000,powerlaw1000,101,6,-1.9184061288833618,0.8906755447387695,0.12263336229221496,2.0410394911755767,2.0410394911755767,
5387,39627835542864766,0.7457406260368086,red,500,powerlaw500,51,6,1.1788774728775024,0.0871629814306895,1.2265571788357545,0.047679705958252105,0.047679705958252105,
5387,39627835542864766,0.7457406260368086,red,1000,powerlaw1000,101,6,1.1788774728775024,0.0871629814306895,1.228670331381271,0.04979285850376858,0.04979285850376858,
5138,39627847647631192,0.8891692601841168,blue,500,powerlaw500,51,6,-0.11122045665979385,0.31613006194432575,0.09507466107878254,0.2062951177385764,0.2062951177385764,
5138,39627847647631192,0.8891692601841168,blue,1000,powerlaw1000,101,6,-0.11122045665979385,0.31613006194432575,0.1359664942205022,0.24718695088029605,0.24718695088029605,
5138,39627847647631192,0.8891692601841168,red,500,powerlaw500,51,6,1.1593056917190552,0.0698027362426122,1.0968306151068552,-0.062475076612199976,0.062475076612199976,
5138,39627847647631192,0.8891692601841168,red,1000,powerlaw1000,101,6,1.1593056917190552,0.0698027362426122,1.210434090893798,0.05112839917474288,0.05112839917474288,
12378,39627787761356923,0.612765756045482,blue,500,powerlaw500,51,7,0.6813160181045532,0.5221238136291504,0.25666973002664667,-0.42464628807790655,0.42464628807790655,
12378,39627787761356923,0.612765756045482,blue,1000,powerlaw1000,101,7,0.6813160181045532,0.5221238136291504,0.2489152620299093,-0.4324007560746439,0.4324007560746439,
12378,39627787761356923,0.612765756045482,red,500,powerlaw500,51,7,1.1204845905303955,0.07354297808238439,1.3187750022769615,0.19829041174656603,0.19829041174656603,
12378,39627787761356923,0.612765756045482,red,1000,powerlaw1000,101,7,1.1204845905303955,0.07354297808238439,1.3605657236530126,0.24008113312261714,0.24008113312261714,
10688,39627853670646219,0.840763498437685,blue,500,powerlaw500,51,6,2.0775859355926514,1.716051419576009,2.1020047010742187,0.024418765481567295,0.024418765481567295,
10688,39627853670646219,0.840763498437685,blue,1000,powerlaw1000,101,6,2.0775859355926514,1.716051419576009,2.4824172430763367,0.40483130748368534,0.40483130748368534,
10688,39627853670646219,0.840763498437685,red,500,powerlaw500,51,6,1.4475412368774414,0.27289750178654987,1.230371564827145,-0.21716967205029647,0.21716967205029647,
10688,39627853670646219,0.840763498437685,red,1000,powerlaw1000,101,6,1.4475412368774414,0.27289750178654987,1.0889142420360407,-0.3586269948414007,0.3586269948414007,
3552,39627817431864410,0.6292414473488471,blue,500,powerlaw500,51,7,0.31483227014541626,0.16646575927734375,0.0878618217279314,-0.22697044841748487,0.22697044841748487,
3552,39627817431864410,0.6292414473488471,blue,1000,powerlaw1000,101,7,0.31483227014541626,0.16646575927734375,0.035299094983978006,-0.2795331751614383,0.2795331751614383,
3552,39627817431864410,0.6292414473488471,red,500,powerlaw500,51,7,1.1180819272994995,0.016852814171995436,1.1176960203026418,-0.0003859069968576989,0.0003859069968576989,
3552,39627817431864410,0.6292414473488471,red,1000,powerlaw1000,101,7,1.1180819272994995,0.016852814171995436,1.157167691767599,0.039085764468099526,0.039085764468099526,
11055,39627853666455233,0.8751707149373432,blue,500,powerlaw500,51,6,4.600226879119873,1.1314771970113118,2.6290061186531677,-1.9712207604667054,1.9712207604667054,
11055,39627853666455233,0.8751707149373432,blue,1000,powerlaw1000,101,6,4.600226879119873,1.1314771970113118,2.5887327156248117,-2.0114941634950614,2.0114941634950614,
11055,39627853666455233,0.8751707149373432,red,500,powerlaw500,51,6,0.7963064312934875,0.09237271547317505,0.7429739202870212,-0.0533325110064663,0.0533325110064663,
11055,39627853666455233,0.8751707149373432,red,1000,powerlaw1000,101,6,0.7963064312934875,0.09237271547317505,0.8731571479352741,0.07685071664178655,0.07685071664178655,
39,39627563030545148,1.187620920148387,blue,500,powerlaw500,51,5,8.082475662231445,3.5659969329833983,2.5444466636058696,-5.538028998625576,5.538028998625576,
39,39627563030545148,1.187620920148387,blue,1000,powerlaw1000,101,5,8.082475662231445,3.5659969329833983,2.042449508585274,-6.0400261536461715,6.0400261536461715,
39,39627563030545148,1.187620920148387,red,500,powerlaw500,51,5,1.1947245597839355,0.29268631935119627,1.051887384242106,-0.14283717554182962,0.14283717554182962,
39,39627563030545148,1.187620920148387,red,1000,powerlaw1000,101,5,1.1947245597839355,0.29268631935119627,1.158588717293386,-0.036135842490549575,0.036135842490549575,
1782,39627847664402774,1.015670825924322,blue,500,powerlaw500,51,5,3.9153735637664795,1.3070507049560547,2.6404128704831793,-1.2749606932833002,1.2749606932833002,
1782,39627847664402774,1.015670825924322,blue,1000,powerlaw1000,101,5,3.9153735637664795,1.3070507049560547,3.0075527885846562,-0.9078207751818232,0.9078207751818232,
1782,39627847664402774,1.015670825924322,red,500,powerlaw500,51,5,1.826257348060608,0.13721535205841065,0.660801897411949,-1.165455450648659,1.165455450648659,
1782,39627847664402774,1.015670825924322,red,1000,powerlaw1000,101,5,1.826257348060608,0.13721535205841065,0.8290329314371551,-0.9972244166234528,0.9972244166234528,
6656,39627835551254721,0.9518519753672792,blue,500,powerlaw500,51,6,0.47869762778282166,0.3503121534983317,0.8607949771517814,0.3820973493689598,0.3820973493689598,
6656,39627835551254721,0.9518519753672792,blue,1000,powerlaw1000,101,6,0.47869762778282166,0.3503121534983317,0.8264852905226897,0.34778766273986805,0.34778766273986805,
6656,39627835551254721,0.9518519753672792,red,500,powerlaw500,51,6,1.2442572116851807,0.03669565667708715,1.2587678334510186,0.01451062176583795,0.01451062176583795,
6656,39627835551254721,0.9518519753672792,red,1000,powerlaw1000,101,6,1.2442572116851807,0.03669565667708715,1.3396466523977775,0.0953894407125968,0.0953894407125968,
2335,39627835584807031,1.137429445148225,blue,500,powerlaw500,51,5,5.671353816986084,2.4149173736572265,4.508345253486874,-1.1630085634992096,1.1630085634992096,
2335,39627835584807031,1.137429445148225,blue,1000,powerlaw1000,101,5,5.671353816986084,2.4149173736572265,5.28751445883866,-0.38383935814742376,0.38383935814742376,
2335,39627835584807031,1.137429445148225,red,500,powerlaw500,51,5,0.3163052201271057,0.33826844692230223,1.1026768013860768,0.7863715812589711,0.7863715812589711,
2335,39627835584807031,1.137429445148225,red,1000,powerlaw1000,101,5,0.3163052201271057,0.33826844692230223,0.737326934234642,0.4210217141075363,0.4210217141075363,
6219,39627841582666273,0.97621719096545,blue,500,powerlaw500,51,6,4.261650562286377,2.1474417050679526,3.698652495428313,-0.5629980668580639,0.5629980668580639,
6219,39627841582666273,0.97621719096545,blue,1000,powerlaw1000,101,6,4.261650562286377,2.1474417050679526,1.937687829748043,-2.323962732538334,2.323962732538334,
6219,39627841582666273,0.97621719096545,red,500,powerlaw500,51,6,2.155377149581909,0.24334579706192017,1.0296938884835438,-1.1256832610983654,1.1256832610983654,
6219,39627841582666273,0.97621719096545,red,1000,powerlaw1000,101,6,2.155377149581909,0.24334579706192017,0.7867084524022657,-1.3686686971796433,1.3686686971796433,
1106,39627835580615684,1.0876133908280212,blue,500,powerlaw500,51,5,0.396093487739563,0.3290014505386353,0.6260945846166637,0.23000109687710069,0.23000109687710069,
1106,39627835580615684,1.0876133908280212,blue,1000,powerlaw1000,101,5,0.396093487739563,0.3290014505386353,0.36472723856618217,-0.03136624917338082,0.03136624917338082,
1106,39627835580615684,1.0876133908280212,red,500,powerlaw500,51,5,1.395668387413025,0.0667816460132599,1.3010099457620368,-0.09465844165098813,0.09465844165098813,
1106,39627835580615684,1.0876133908280212,red,1000,powerlaw1000,101,5,1.395668387413025,0.0667816460132599,1.3960337543408925,0.00036536692786759417,0.00036536692786759417,
5282,39627853683230660,1.0283830604137831,blue,500,powerlaw500,51,5,2.074094295501709,1.2328700065612792,3.4113996545019085,1.3373053590001995,1.3373053590001995,
5282,39627853683230660,1.0283830604137831,blue,1000,powerlaw1000,101,5,2.074094295501709,1.2328700065612792,2.8884404695190855,0.8143461740173765,0.8143461740173765,
5282,39627853683230660,1.0283830604137831,red,500,powerlaw500,51,5,0.8740027546882629,0.13157249689102174,1.05709276717507,0.18309001248680712,0.18309001248680712,
5282,39627853683230660,1.0283830604137831,red,1000,powerlaw1000,101,5,0.8740027546882629,0.13157249689102174,0.9517917015732624,0.07778894688499949,0.07778894688499949,
12454,39627787752967519,0.930494552879961,blue,500,powerlaw500,51,6,4.232621669769287,0.5498591264088949,3.1104334376736524,-1.1221882320956347,1.1221882320956347,
12454,39627787752967519,0.930494552879961,blue,1000,powerlaw1000,101,6,4.232621669769287,0.5498591264088949,3.0249374683513857,-1.2076842014179014,1.2076842014179014,
12454,39627787752967519,0.930494552879961,red,500,powerlaw500,51,6,0.7383248209953308,0.07657414674758911,0.8728215685746692,0.13449674757933838,0.13449674757933838,
12454,39627787752967519,0.930494552879961,red,1000,powerlaw1000,101,6,0.7383248209953308,0.07657414674758911,0.8152251025499675,0.07690028155463668,0.07690028155463668,
7492,39627829532426536,1.1211715576197272,blue,500,powerlaw500,51,5,4.6801910400390625,1.5547906875610351,4.790365249594335,0.11017420955527246,0.11017420955527246,
7492,39627829532426536,1.1211715576197272,blue,1000,powerlaw1000,101,5,4.6801910400390625,1.5547906875610351,3.8412230149187594,-0.8389680251203031,0.8389680251203031,
7492,39627829532426536,1.1211715576197272,red,500,powerlaw500,51,5,0.966446578502655,0.2089776039123535,0.8685893990404882,-0.09785717946216688,0.09785717946216688,
7492,39627829532426536,1.1211715576197272,red,1000,powerlaw1000,101,5,0.966446578502655,0.2089776039123535,1.060671833999488,0.09422525549683303,0.09422525549683303,
3049,39627805356462519,1.168746704717308,blue,500,powerlaw500,51,5,0.2962426543235779,1.8229335784912108,2.2151642116071186,1.9189215572835407,1.9189215572835407,
3049,39627805356462519,1.168746704717308,blue,1000,powerlaw1000,101,5,0.2962426543235779,1.8229335784912108,2.9012197386092824,2.6049770842857045,2.6049770842857045,
3049,39627805356462519,1.168746704717308,red,500,powerlaw500,51,5,0.7581084966659546,0.18390944004058837,0.8394098126197422,0.08130131595378765,0.08130131595378765,
3049,39627805356462519,1.168746704717308,red,1000,powerlaw1000,101,5,0.7581084966659546,0.18390944004058837,0.943225387102826,0.1851168904368714,0.1851168904368714,
1086,39627835584808392,0.9465040133277376,blue,500,powerlaw500,51,6,-0.178288534283638,0.37405117352803546,0.09852857141477749,0.2768171056984155,0.2768171056984155,
1086,39627835584808392,0.9465040133277376,blue,1000,powerlaw1000,101,6,-0.178288534283638,0.37405117352803546,0.16483923014675647,0.3431277644303945,0.3431277644303945,
1086,39627835584808392,0.9465040133277376,red,500,powerlaw500,51,6,1.1069167852401733,0.06691361963748932,1.2834879855676677,0.1765712003274944,0.1765712003274944,
1086,39627835584808392,0.9465040133277376,red,1000,powerlaw1000,101,6,1.1069167852401733,0.06691361963748932,1.3495995339734101,0.2426827487332368,0.2426827487332368,
5256,39627853679038363,0.9400349242052684,blue,500,powerlaw500,51,6,4.010718822479248,1.5465585390726726,4.667388907338061,0.6566700848588134,0.6566700848588134,
5256,39627853679038363,0.9400349242052684,blue,1000,powerlaw1000,101,6,4.010718822479248,1.5465585390726726,4.371212726359258,0.3604939038800099,0.3604939038800099,
5256,39627853679038363,0.9400349242052684,red,500,powerlaw500,51,6,2.5387370586395264,0.19146575530370077,0.6413833656560718,-1.8973536929834545,1.8973536929834545,
5256,39627853679038363,0.9400349242052684,red,1000,powerlaw1000,101,6,2.5387370586395264,0.19146575530370077,0.5952939705766016,-1.9434430880629248,1.9434430880629248,
4623,39627865771213426,0.903577701343822,blue,500,powerlaw500,51,6,0.132452130317688,1.3314929803212483,2.376259067477937,2.243806937160249,2.243806937160249,
4623,39627865771213426,0.903577701343822,blue,1000,powerlaw1000,101,6,0.132452130317688,1.3314929803212483,2.149266986794675,2.016814856476987,2.016814856476987,
4623,39627865771213426,0.903577701343822,red,500,powerlaw500,51,6,0.8113943934440613,0.09569785992304485,0.6634500446875004,-0.14794434875656093,0.14794434875656093,
4623,39627865771213426,0.903577701343822,red,1000,powerlaw1000,101,6,0.8113943934440613,0.09569785992304485,0.8198994383048213,0.00850504486075998,0.00850504486075998,
3444,39627823480047130,0.9720678957513924,blue,500,powerlaw500,51,6,-1.6803404092788696,1.1330995559692383,1.0215691811532905,2.70190959043216,2.70190959043216,
3444,39627823480047130,0.9720678957513924,blue,1000,powerlaw1000,101,6,-1.6803404092788696,1.1330995559692383,0.12524176482029584,1.8055821740991655,1.8055821740991655,
3444,39627823480047130,0.9720678957513924,red,500,powerlaw500,51,6,0.860499918460846,0.09465365608533223,0.9748518380578474,0.11435191959700142,0.11435191959700142,
3444,39627823480047130,0.9720678957513924,red,1000,powerlaw1000,101,6,0.860499918460846,0.09465365608533223,1.1003311861247682,0.23983126766392227,0.23983126766392227,
5604,39627823467465130,1.1722678458171802,blue,500,powerlaw500,51,5,5.117685794830322,1.9048917770385743,4.4964924345161155,-0.6211933603142068,0.6211933603142068,
5604,39627823467465130,1.1722678458171802,blue,1000,powerlaw1000,101,5,5.117685794830322,1.9048917770385743,3.9913071496840997,-1.1263786451462225,1.1263786451462225,
5604,39627823467465130,1.1722678458171802,red,500,powerlaw500,51,5,0.7467671632766724,0.23709437847137452,0.7603481245231352,0.013580961246462797,0.013580961246462797,
5604,39627823467465130,1.1722678458171802,red,1000,powerlaw1000,101,5,0.7467671632766724,0.23709437847137452,0.9699293844888169,0.22316222121214457,0.22316222121214457,
3911,39627823484242731,1.0310543991164305,blue,500,powerlaw500,51,5,0.8472816348075867,1.2136778831481934,2.4153300507024404,1.5680484158948538,1.5680484158948538,
3911,39627823484242731,1.0310543991164305,blue,1000,powerlaw1000,101,5,0.8472816348075867,1.2136778831481934,2.2096177679628632,1.3623361331552766,1.3623361331552766,
3911,39627823484242731,1.0310543991164305,red,500,powerlaw500,51,5,1.000734567642212,0.12172605991363525,1.0854804850075892,0.08474591736537729,0.08474591736537729,
3911,39627823484242731,1.0310543991164305,red,1000,powerlaw1000,101,5,1.000734567642212,0.12172605991363525,0.9563098905382047,-0.044424677104007215,0.044424677104007215,
3448,39627811396258086,0.9556774731158286,blue,500,powerlaw500,51,6,-1.4079707860946655,1.0610068639119465,0.7472767640887059,2.1552475501833714,2.1552475501833714,
3448,39627811396258086,0.9556774731158286,blue,1000,powerlaw1000,101,6,-1.4079707860946655,1.0610068639119465,0.4131648208972038,1.8211356069918694,1.8211356069918694,
3448,39627811396258086,0.9556774731158286,red,500,powerlaw500,51,6,0.780127763748169,0.08310173451900482,0.8115351676131172,0.031407403864948225,0.031407403864948225,
3448,39627811396258086,0.9556774731158286,red,1000,powerlaw1000,101,6,0.780127763748169,0.08310173451900482,0.875174359268907,0.09504659552073802,0.09504659552073802,
5019,39627859735610583,1.169080471568952,blue,500,powerlaw500,51,5,4.266157627105713,0.7517795085906982,3.562595120409175,-0.7035625066965379,0.7035625066965379,
5019,39627859735610583,1.169080471568952,blue,1000,powerlaw1000,101,5,4.266157627105713,0.7517795085906982,3.1423823216351527,-1.1237753054705601,1.1237753054705601,
5019,39627859735610583,1.169080471568952,red,500,powerlaw500,51,5,0.6821373701095581,0.11370694637298584,0.8753868870618163,0.19324951695225823,0.19324951695225823,
5019,39627859735610583,1.169080471568952,red,1000,powerlaw1000,101,5,0.6821373701095581,0.11370694637298584,1.0569538235257532,0.3748164534161951,0.3748164534161951,
6169,39627829507261172,1.1309918380523147,blue,500,powerlaw500,51,5,9.571696281433105,4.375096130371094,5.078660505447196,-4.493035775985909,4.493035775985909,
6169,39627829507261172,1.1309918380523147,blue,1000,powerlaw1000,101,5,9.571696281433105,4.375096130371094,7.158402222128851,-2.4132940593042544,2.4132940593042544,
6169,39627829507261172,1.1309918380523147,red,500,powerlaw500,51,5,-1.1206996440887451,0.4571127414703369,0.6310313257829868,1.751730969871732,1.751730969871732,
6169,39627829507261172,1.1309918380523147,red,1000,powerlaw1000,101,5,-1.1206996440887451,0.4571127414703369,0.7212218555429459,1.841921499631691,1.841921499631691,
6874,39627829515650745,0.9853310291504384,blue,500,powerlaw500,51,6,3.098816156387329,1.0568590958913167,1.9369016757788133,-1.1619144806085158,1.1619144806085158,
6874,39627829515650745,0.9853310291504384,blue,1000,powerlaw1000,101,6,3.098816156387329,1.0568590958913167,2.0090646319805545,-1.0897515244067746,1.0897515244067746,
6874,39627829515650745,0.9853310291504384,red,500,powerlaw500,51,6,1.0046606063842773,0.12571385502815247,1.0130837133971047,0.008423107012827336,0.008423107012827336,
6874,39627829515650745,0.9853310291504384,red,1000,powerlaw1000,101,6,1.0046606063842773,0.12571385502815247,0.9164094409870035,-0.08825116539727385,0.08825116539727385,
6494,39627823471657785,0.9855442523809836,blue,500,powerlaw500,51,6,-0.14299878478050232,0.28050315380096436,0.312196515148827,0.45519529992932933,0.45519529992932933,
6494,39627823471657785,0.9855442523809836,blue,1000,powerlaw1000,101,6,-0.14299878478050232,0.28050315380096436,0.20202106344254434,0.34501984822304665,0.34501984822304665,
6494,39627823471657785,0.9855442523809836,red,500,powerlaw500,51,6,1.465074896812439,0.05220764378706614,1.4122884977034873,-0.052786399108951665,0.052786399108951665,
6494,39627823471657785,0.9855442523809836,red,1000,powerlaw1000,101,6,1.465074896812439,0.05220764378706614,1.4383346165716875,-0.02674028024075148,0.02674028024075148,
12195,39627787765548684,1.1763157656078629,blue,500,powerlaw500,51,5,0.5440425872802734,2.2390169143676757,2.6123952505420407,2.0683526632617673,2.0683526632617673,
12195,39627787765548684,1.1763157656078629,blue,1000,powerlaw1000,101,5,0.5440425872802734,2.2390169143676757,3.3505957562165705,2.806553168936297,2.806553168936297,
12195,39627787765548684,1.1763157656078629,red,500,powerlaw500,51,5,-0.0036797046195715666,0.2927405595779419,0.5646315459043166,0.5683112505238882,0.5683112505238882,
12195,39627787765548684,1.1763157656078629,red,1000,powerlaw1000,101,5,-0.0036797046195715666,0.2927405595779419,0.7705463068942967,0.7742260115138683,0.7742260115138683,
5471,39627835538673110,1.186473349652791,blue,500,powerlaw500,51,5,1.7229557037353516,2.0889541625976564,1.2477946578704437,-0.4751610458649078,0.4751610458649078,
5471,39627835538673110,1.186473349652791,blue,1000,powerlaw1000,101,5,1.7229557037353516,2.0889541625976564,2.120763297512247,0.39780759377689545,0.39780759377689545,
5471,39627835538673110,1.186473349652791,red,500,powerlaw500,51,5,0.5935295820236206,0.27342829704284666,0.8459867704412922,0.2524571884176716,0.2524571884176716,
5471,39627835538673110,1.186473349652791,red,1000,powerlaw1000,101,5,0.5935295820236206,0.27342829704284666,1.0235683615977649,0.43003877957414427,0.43003877957414427,
2411,39627841616220404,0.9860407703406344,blue,500,powerlaw500,51,6,0.40747103095054626,0.6577589909235636,0.1456516605949644,-0.2618193703555819,0.2618193703555819,
2411,39627841616220404,0.9860407703406344,blue,1000,powerlaw1000,101,6,0.40747103095054626,0.6577589909235636,0.05547826217601486,-0.3519927687745314,0.3519927687745314,
2411,39627841616220404,0.9860407703406344,red,500,powerlaw500,51,6,1.156842827796936,0.09340783953666687,1.1036138171592198,-0.053229010637716234,0.053229010637716234,
2411,39627841616220404,0.9860407703406344,red,1000,powerlaw1000,101,6,1.156842827796936,0.09340783953666687,1.2810017033577326,0.12415887556079652,0.12415887556079652,
9530,39627841595244763,0.9458196521678004,blue,500,powerlaw500,51,6,-0.47399449348449707,0.5406500101089478,0.08778793501435632,0.5617824284988534,0.5617824284988534,
9530,39627841595244763,0.9458196521678004,blue,1000,powerlaw1000,101,6,-0.47399449348449707,0.5406500101089478,0.022290336164124163,0.49628482964862125,0.49628482964862125,
9530,39627841595244763,0.9458196521678004,red,500,powerlaw500,51,6,1.1675976514816284,0.06031712889671326,1.3456566055313461,0.17805895404971772,0.17805895404971772,
9530,39627841595244763,0.9458196521678004,red,1000,powerlaw1000,101,6,1.1675976514816284,0.06031712889671326,1.5247261270307775,0.35712847554914906,0.35712847554914906,
5235,39627853683231385,1.1475439273508046,blue,500,powerlaw500,51,5,-0.7104254961013794,2.1865314483642577,2.809023057944751,3.5194485540461304,3.5194485540461304,
5235,39627853683231385,1.1475439273508046,blue,1000,powerlaw1000,101,5,-0.7104254961013794,2.1865314483642577,3.105395195664995,3.8158206917663744,3.8158206917663744,
5235,39627853683231385,1.1475439273508046,red,500,powerlaw500,51,5,0.334903746843338,0.30804781913757323,0.7877079248178054,0.45280417797446737,0.45280417797446737,
5235,39627853683231385,1.1475439273508046,red,1000,powerlaw1000,101,5,0.334903746843338,0.30804781913757323,0.8282350075270106,0.4933312606836726,0.4933312606836726,
2855,39627811404646966,1.0779353471456994,blue,500,powerlaw500,51,5,8.969118118286133,2.876500701904297,4.060828311067331,-4.908289807218802,4.908289807218802,
2855,39627811404646966,1.0779353471456994,blue,1000,powerlaw1000,101,5,8.969118118286133,2.876500701904297,3.5284080525010717,-5.440710065785061,5.440710065785061,
2855,39627811404646966,1.0779353471456994,red,500,powerlaw500,51,5,0.6654516458511353,0.33316171169281006,0.9776600038168045,0.31220835796566926,0.31220835796566926,
2855,39627811404646966,1.0779353471456994,red,1000,powerlaw1000,101,5,0.6654516458511353,0.33316171169281006,0.9120336924299186,0.24658204657878335,0.24658204657878335,
11052,39627853666454292,0.9581699887978288,blue,500,powerlaw500,51,6,0.39707955718040466,1.0315402348836262,1.7032753750747454,1.3061958178943407,1.3061958178943407,
11052,39627853666454292,0.9581699887978288,blue,1000,powerlaw1000,101,6,0.39707955718040466,1.0315402348836262,1.3295420719646527,0.932462514784248,0.932462514784248,
11052,39627853666454292,0.9581699887978288,red,500,powerlaw500,51,6,0.8479058742523193,0.0873694618542989,0.8657060004476079,0.01780012619528859,0.01780012619528859,
11052,39627853666454292,0.9581699887978288,red,1000,powerlaw1000,101,6,0.8479058742523193,0.0873694618542989,0.7715696084925351,-0.07633626575978425,0.07633626575978425,
1680,39627835584811400,0.9262710409805688,blue,500,powerlaw500,51,6,-5.42909574508667,2.721757253011068,0.14045847339606252,5.5695542184827325,5.5695542184827325,
1680,39627835584811400,0.9262710409805688,blue,1000,powerlaw1000,101,6,-5.42909574508667,2.721757253011068,0.7019929484015929,6.1310886934882625,6.1310886934882625,
1680,39627835584811400,0.9262710409805688,red,500,powerlaw500,51,6,0.4453323781490326,0.28183335065841675,0.672364474870314,0.22703209672128144,0.22703209672128144,
1680,39627835584811400,0.9262710409805688,red,1000,powerlaw1000,101,6,0.4453323781490326,0.28183335065841675,0.775215926850219,0.3298835487011864,0.3298835487011864,
6183,39627835547059128,1.1304950835609242,blue,500,powerlaw500,51,5,3.8388569355010986,1.599222183227539,2.7207978454989035,-1.1180590900021952,1.1180590900021952,
6183,39627835547059128,1.1304950835609242,blue,1000,powerlaw1000,101,5,3.8388569355010986,1.599222183227539,2.601395696630078,-1.2374612388710204,1.2374612388710204,
6183,39627835547059128,1.1304950835609242,red,500,powerlaw500,51,5,0.7309815287590027,0.16383724212646483,0.8090900491891462,0.07810852043014349,0.07810852043014349,
6183,39627835547059128,1.1304950835609242,red,1000,powerlaw1000,101,5,0.7309815287590027,0.16383724212646483,0.9887752605240998,0.2577937317650971,0.2577937317650971,
11793,39627787757161272,1.1045108733521858,blue,500,powerlaw500,51,5,4.175651550292969,1.5521843910217286,4.605565509925194,0.42991395963222523,0.42991395963222523,
11793,39627787757161272,1.1045108733521858,blue,1000,powerlaw1000,101,5,4.175651550292969,1.5521843910217286,3.511087259544522,-0.6645642907484466,0.6645642907484466,
11793,39627787757161272,1.1045108733521858,red,500,powerlaw500,51,5,0.8485339879989624,0.1642054796218872,0.708702745842143,-0.1398312421568194,0.1398312421568194,
11793,39627787757161272,1.1045108733521858,red,1000,powerlaw1000,101,5,0.8485339879989624,0.1642054796218872,0.8682239226136339,0.0196899346146715,0.0196899346146715,
4166,39627829519843367,0.9900171343132308,blue,500,powerlaw500,51,6,2.8682377338409424,1.952934741973877,2.083345420735217,-0.7848923131057255,0.7848923131057255,
4166,39627829519843367,0.9900171343132308,blue,1000,powerlaw1000,101,6,2.8682377338409424,1.952934741973877,1.98940663629209,-0.8788310975488525,0.8788310975488525,
4166,39627829519843367,0.9900171343132308,red,500,powerlaw500,51,6,1.174017310142517,0.2501705288887024,1.0642267905106673,-0.10979051963184983,0.10979051963184983,
4166,39627829519843367,0.9900171343132308,red,1000,powerlaw1000,101,6,1.174017310142517,0.2501705288887024,0.9944848887482096,-0.17953242139430747,0.17953242139430747,
11251,39627859706251459,1.1962857837234917,blue,500,powerlaw500,51,5,1.9444087743759155,1.444663143157959,2.9492875786105257,1.0048788042346102,1.0048788042346102,
11251,39627859706251459,1.1962857837234917,blue,1000,powerlaw1000,101,5,1.9444087743759155,1.444663143157959,2.1960096316791105,0.2516008573031949,0.2516008573031949,
11251,39627859706251459,1.1962857837234917,red,500,powerlaw500,51,5,0.8995312452316284,0.19361655712127684,1.0276285017229854,0.12809725649135695,0.12809725649135695,
11251,39627859706251459,1.1962857837234917,red,1000,powerlaw1000,101,5,0.8995312452316284,0.19361655712127684,1.1268554786692893,0.22732423343766084,0.22732423343766084,
5336,39627865767019915,0.9051633786755404,blue,500,powerlaw500,51,6,0.2718139588832855,1.810174783070882,1.9940028883697078,1.7221889294864223,1.7221889294864223,
5336,39627865767019915,0.9051633786755404,blue,1000,powerlaw1000,101,6,0.2718139588832855,1.810174783070882,2.523903670111108,2.2520897112278226,2.2520897112278226,
5336,39627865767019915,0.9051633786755404,red,500,powerlaw500,51,6,0.8414933085441589,0.17872287829717,1.0150687375918466,0.17357542904768763,0.17357542904768763,
5336,39627865767019915,0.9051633786755404,red,1000,powerlaw1000,101,6,0.8414933085441589,0.17872287829717,1.0577762513294062,0.2162829427852473,0.2162829427852473,
9631,39627859718833399,0.9525367578640784,blue,500,powerlaw500,51,6,1.325890064239502,0.7370791435241699,1.950252235077383,0.624362170837881,0.624362170837881,
9631,39627859718833399,0.9525367578640784,blue,1000,powerlaw1000,101,6,1.325890064239502,0.7370791435241699,1.3846223301240486,0.05873226588454661,0.05873226588454661,
9631,39627859718833399,0.9525367578640784,red,500,powerlaw500,51,6,0.6161969900131226,0.12949398159980774,0.9141310440565104,0.2979340540433878,0.2979340540433878,
9631,39627859718833399,0.9525367578640784,red,1000,powerlaw1000,101,6,0.6161969900131226,0.12949398159980774,0.9455557780711598,0.3293587880580372,0.3293587880580372,
12152,39627787769742381,1.1321042828030887,blue,500,powerlaw500,51,5,0.7042606472969055,1.282240390777588,0.7877268261814765,0.08346617888457097,0.08346617888457097,
12152,39627787769742381,1.1321042828030887,blue,1000,powerlaw1000,101,5,0.7042606472969055,1.282240390777588,1.0643087378349068,0.36004809053800124,0.36004809053800124,
12152,39627787769742381,1.1321042828030887,red,500,powerlaw500,51,5,0.8482829332351685,0.1936151146888733,0.8508068256467898,0.00252389241162132,0.00252389241162132,
12152,39627787769742381,1.1321042828030887,red,1000,powerlaw1000,101,5,0.8482829332351685,0.1936151146888733,1.089633251306507,0.24135031807133855,0.24135031807133855,
10392,39627859702058943,1.1661596675842163,blue,500,powerlaw500,51,5,-0.7693114280700684,2.9580326080322266,5.168340175278538,5.937651603348606,5.937651603348606,
10392,39627859702058943,1.1661596675842163,blue,1000,powerlaw1000,101,5,-0.7693114280700684,2.9580326080322266,2.5369918342504953,3.3063032623205637,3.3063032623205637,
10392,39627859702058943,1.1661596675842163,red,500,powerlaw500,51,5,-0.17518611252307892,0.445873498916626,0.8800887611520244,1.0552748736751032,1.0552748736751032,
10392,39627859702058943,1.1661596675842163,red,1000,powerlaw1000,101,5,-0.17518611252307892,0.445873498916626,1.0088895879029196,1.1840757004259985,1.1840757004259985,
3295,39627817440250458,1.0936068797681069,blue,500,powerlaw500,51,5,2.9510700702667236,1.5504795074462892,3.073778898082557,0.12270882781583348,0.12270882781583348,
3295,39627817440250458,1.0936068797681069,blue,1000,powerlaw1000,101,5,2.9510700702667236,1.5504795074462892,3.080243343014364,0.12917327274764023,0.12917327274764023,
3295,39627817440250458,1.0936068797681069,red,500,powerlaw500,51,5,0.636349081993103,0.1434484004974365,0.8592998392848784,0.22295075729177538,0.22295075729177538,
3295,39627817440250458,1.0936068797681069,red,1000,powerlaw1000,101,5,0.636349081993103,0.1434484004974365,0.9175427077680782,0.2811936257749752,0.2811936257749752,
10432,39627865741856906,0.914281064747458,blue,500,powerlaw500,51,6,8.624804496765137,3.5208683013916016,2.97790608595739,-5.646898410807747,5.646898410807747,
10432,39627865741856906,0.914281064747458,blue,1000,powerlaw1000,101,6,8.624804496765137,3.5208683013916016,3.1536448158946997,-5.4711596808704375,5.4711596808704375,
10432,39627865741856906,0.914281064747458,red,500,powerlaw500,51,6,0.19046366214752197,0.35103897253672284,1.0039258552016932,0.8134621930541712,0.8134621930541712,
10432,39627865741856906,0.914281064747458,red,1000,powerlaw1000,101,6,0.19046366214752197,0.35103897253672284,0.5950745397699317,0.40461087762240977,0.40461087762240977,
7027,39627829532426764,1.1712645646736977,blue,500,powerlaw500,51,5,2.5355567932128906,2.7774248123168945,7.543829926154034,5.008273132941143,5.008273132941143,
7027,39627829532426764,1.1712645646736977,blue,1000,powerlaw1000,101,5,2.5355567932128906,2.7774248123168945,6.677579064956373,4.142022271743483,4.142022271743483,
7027,39627829532426764,1.1712645646736977,red,500,powerlaw500,51,5,0.7177359461784363,0.2773017168045044,1.1061158163094476,0.3883798701310113,0.3883798701310113,
7027,39627829532426764,1.1712645646736977,red,1000,powerlaw1000,101,5,0.7177359461784363,0.2773017168045044,1.0218810728921368,0.30414512671370053,0.30414512671370053,
12531,39627787748774685,1.1981110618798487,blue,500,powerlaw500,51,5,2.845226764678955,2.7597496032714846,2.2958488629682323,-0.5493779017107228,0.5493779017107228,
12531,39627787748774685,1.1981110618798487,blue,1000,powerlaw1000,101,5,2.845226764678955,2.7597496032714846,2.560010474282147,-0.28521629039680807,0.28521629039680807,
12531,39627787748774685,1.1981110618798487,red,500,powerlaw500,51,5,1.2355024814605713,0.34408130645751955,1.129130223641488,-0.10637225781908333,0.10637225781908333,
12531,39627787748774685,1.1981110618798487,red,1000,powerlaw1000,101,5,1.2355024814605713,0.34408130645751955,1.124073062099973,-0.11142941936059825,0.11142941936059825,
10082,39627835555446951,0.9515059827554552,blue,500,powerlaw500,51,6,3.368243455886841,1.1312491099039714,2.4152711142263743,-0.9529723416604665,0.9529723416604665,
10082,39627835555446951,0.9515059827554552,blue,1000,powerlaw1000,101,6,3.368243455886841,1.1312491099039714,2.3756202438200535,-0.9926232120667873,0.9926232120667873,
10082,39627835555446951,0.9515059827554552,red,500,powerlaw500,51,6,1.2829266786575317,0.14042811592419943,0.7799392052085166,-0.5029874734490152,0.5029874734490152,
10082,39627835555446951,0.9515059827554552,red,1000,powerlaw1000,101,6,1.2829266786575317,0.14042811592419943,0.8840849238806481,-0.39884175477688366,0.39884175477688366,
12587,39627781717360771,1.0990866572964344,blue,500,powerlaw500,51,5,1.877110242843628,2.069741630554199,0.9186071041269048,-0.9585031387167231,0.9585031387167231,
12587,39627781717360771,1.0990866572964344,blue,1000,powerlaw1000,101,5,1.877110242843628,2.069741630554199,1.7556790433376936,-0.12143119950593428,0.12143119950593428,
12587,39627781717360771,1.0990866572964344,red,500,powerlaw500,51,5,0.723888635635376,0.23631997108459474,0.7880055968355696,0.06411696120019361,0.06411696120019361,
12587,39627781717360771,1.0990866572964344,red,1000,powerlaw1000,101,5,0.723888635635376,0.23631997108459474,1.1568638129603022,0.4329751773249262,0.4329751773249262,
2562,39627823480048193,0.997804375704896,blue,500,powerlaw500,51,6,1.8403207063674927,1.673439661661784,2.5032615596302623,0.6629408532627696,0.6629408532627696,
2562,39627823480048193,0.997804375704896,blue,1000,powerlaw1000,101,6,1.8403207063674927,1.673439661661784,1.9869208991866234,0.14660019281913073,0.14660019281913073,
2562,39627823480048193,0.997804375704896,red,500,powerlaw500,51,6,1.2285542488098145,0.2682734727859497,0.7804403437235282,-0.44811390508628623,0.44811390508628623,
2562,39627823480048193,0.997804375704896,red,1000,powerlaw1000,101,6,1.2285542488098145,0.2682734727859497,0.7363500868289367,-0.4922041619808778,0.4922041619808778,
5698,39627829511459498,0.9843371043611808,blue,500,powerlaw500,51,6,3.643181800842285,2.197720209757487,2.7878665186047793,-0.8553152822375059,0.8553152822375059,
5698,39627829511459498,0.9843371043611808,blue,1000,powerlaw1000,101,6,3.643181800842285,2.197720209757487,2.0080383035542395,-1.6351434972880456,1.6351434972880456,
5698,39627829511459498,0.9843371043611808,red,500,powerlaw500,51,6,1.4260958433151245,0.24356339375178018,0.8391843117575295,-0.586911531557595,0.586911531557595,
5698,39627829511459498,0.9843371043611808,red,1000,powerlaw1000,101,6,1.4260958433151245,0.24356339375178018,0.9539910373943652,-0.4721048059207593,0.4721048059207593,
9176,39627847643436457,1.0837261233734312,blue,500,powerlaw500,51,5,5.877267837524414,2.247621536254883,3.572524890263491,-2.304742947260923,2.304742947260923,
9176,39627847643436457,1.0837261233734312,blue,1000,powerlaw1000,101,5,5.877267837524414,2.247621536254883,2.8390183333425343,-3.03824950418188,3.03824950418188,
9176,39627847643436457,1.0837261233734312,red,500,powerlaw500,51,5,0.43303221464157104,0.22314026355743408,0.7412980144756551,0.3082657998340841,0.3082657998340841,
9176,39627847643436457,1.0837261233734312,red,1000,powerlaw1000,101,5,0.43303221464157104,0.22314026355743408,0.978595447615298,0.545563232973727,0.545563232973727,
12079,39627787752966852,0.9998524207810188,blue,500,powerlaw500,51,6,1.454645037651062,0.6294229427973429,2.7088112010544516,1.2541661634033896,1.2541661634033896,
12079,39627787752966852,0.9998524207810188,blue,1000,powerlaw1000,101,6,1.454645037651062,0.6294229427973429,2.684974769739729,1.2303297320886668,1.2303297320886668,
12079,39627787752966852,0.9998524207810188,red,500,powerlaw500,51,6,1.4270673990249634,0.067494402329127,0.819207247097633,-0.6078601519273303,0.6078601519273303,
12079,39627787752966852,0.9998524207810188,red,1000,powerlaw1000,101,6,1.4270673990249634,0.067494402329127,0.7418204869213197,-0.6852469121036436,0.6852469121036436,
1490,39627847664403376,1.068185433464243,blue,500,powerlaw500,51,5,-1.045975685119629,5.011490249633789,5.595751031836811,6.64172671695644,6.64172671695644,
1490,39627847664403376,1.068185433464243,blue,1000,powerlaw1000,101,5,-1.045975685119629,5.011490249633789,3.1238706193362766,4.1698463044559055,4.1698463044559055,
1490,39627847664403376,1.068185433464243,red,500,powerlaw500,51,5,0.33501997590065,0.4258988380432129,0.9057709323979397,0.5707509564972897,0.5707509564972897,
1490,39627847664403376,1.068185433464243,red,1000,powerlaw1000,101,5,0.33501997590065,0.4258988380432129,0.7931647597228253,0.45814478382217527,0.45814478382217527,
6975,39627835551253363,1.0018791958639717,blue,500,powerlaw500,51,5,6.837118625640869,2.042428970336914,5.850127886409138,-0.9869907392317314,0.9869907392317314,
6975,39627835551253363,1.0018791958639717,blue,1000,powerlaw1000,101,5,6.837118625640869,2.042428970336914,5.83380126913889,-1.003317356501979,1.003317356501979,
6975,39627835551253363,1.0018791958639717,red,500,powerlaw500,51,5,0.823095977306366,0.2617948055267334,0.7591801763968138,-0.06391580090955218,0.06391580090955218,
6975,39627835551253363,1.0018791958639717,red,1000,powerlaw1000,101,5,0.823095977306366,0.2617948055267334,0.7027990182548984,-0.12029695905146753,0.12029695905146753,
1985,39627853708394865,0.9581712359925204,blue,500,powerlaw500,51,6,5.379946231842041,1.507738431294759,1.8148499579635364,-3.5650962738785044,3.5650962738785044,
1985,39627853708394865,0.9581712359925204,blue,1000,powerlaw1000,101,6,5.379946231842041,1.507738431294759,2.1007134228476847,-3.2792328089943563,3.2792328089943563,
1985,39627853708394865,0.9581712359925204,red,500,powerlaw500,51,6,1.7458547353744507,0.17625552415847778,1.106074071353644,-0.6397806640208066,0.6397806640208066,
1985,39627853708394865,0.9581712359925204,red,1000,powerlaw1000,101,6,1.7458547353744507,0.17625552415847778,0.9231592503831724,-0.8226954849912783,0.8226954849912783,
6235,39627829507262601,0.9214040162487822,blue,500,powerlaw500,51,6,2.158768892288208,0.9553389549255371,1.3650324867879633,-0.7937364055002447,0.7937364055002447,
6235,39627829507262601,0.9214040162487822,blue,1000,powerlaw1000,101,6,2.158768892288208,0.9553389549255371,1.8576927195520356,-0.3010761727361724,0.3010761727361724,
6235,39627829507262601,0.9214040162487822,red,500,powerlaw500,51,6,0.6564813256263733,0.08880349000295003,0.9515438112113754,0.29506248558500214,0.29506248558500214,
6235,39627829507262601,0.9214040162487822,red,1000,powerlaw1000,101,6,0.6564813256263733,0.08880349000295003,0.9023759510567225,0.24589462543034923,0.24589462543034923,
3164,39627823480047092,1.0234454240720046,blue,500,powerlaw500,51,5,8.449907302856445,1.6725902557373047,3.668755842927338,-4.781151459929108,4.781151459929108,
3164,39627823480047092,1.0234454240720046,blue,1000,powerlaw1000,101,5,8.449907302856445,1.6725902557373047,3.811934044909936,-4.637973257946509,4.637973257946509,
3164,39627823480047092,1.0234454240720046,red,500,powerlaw500,51,5,0.7695702314376831,0.20996372699737548,0.6816700548397501,-0.08790017659793303,0.08790017659793303,
3164,39627823480047092,1.0234454240720046,red,1000,powerlaw1000,101,5,0.7695702314376831,0.20996372699737548,0.7105172073605207,-0.0590530240771624,0.0590530240771624,
6097,39627835538672106,1.0240508329893874,blue,500,powerlaw500,51,5,3.783062696456909,2.5961374282836913,1.667847724993599,-2.11521497146331,2.11521497146331,
6097,39627835538672106,1.0240508329893874,blue,1000,powerlaw1000,101,5,3.783062696456909,2.5961374282836913,1.9507052389187585,-1.8323574575381507,1.8323574575381507,
6097,39627835538672106,1.0240508329893874,red,500,powerlaw500,51,5,0.9388296008110046,0.24623510837554932,0.8711852257039521,-0.06764437510705257,0.06764437510705257,
6097,39627835538672106,1.0240508329893874,red,1000,powerlaw1000,101,5,0.9388296008110046,0.24623510837554932,0.8740000993148171,-0.06482950149618749,0.06482950149618749,
3380,39627811392063168,1.0912676335060991,blue,500,powerlaw500,51,5,2.100999355316162,1.9965164184570312,3.446085272612759,1.345085917296597,1.345085917296597,
3380,39627811392063168,1.0912676335060991,blue,1000,powerlaw1000,101,5,2.100999355316162,1.9965164184570312,1.491435111247545,-0.6095642440686171,0.6095642440686171,
3380,39627811392063168,1.0912676335060991,red,500,powerlaw500,51,5,0.9224101901054382,0.19039757251739503,0.917260471745226,-0.005149718360212274,0.005149718360212274,
3380,39627811392063168,1.0912676335060991,red,1000,powerlaw1000,101,5,0.9224101901054382,0.19039757251739503,1.0652315198317885,0.1428213297263503,0.1428213297263503,
1780,39627853695815137,1.0136417936132052,blue,500,powerlaw500,51,5,3.14363431930542,1.0959228515625,3.0269263736539918,-0.11670794565142817,0.11670794565142817,
1780,39627853695815137,1.0136417936132052,blue,1000,powerlaw1000,101,5,3.14363431930542,1.0959228515625,2.761819941117616,-0.38181437818780406,0.38181437818780406,
1780,39627853695815137,1.0136417936132052,red,500,powerlaw500,51,5,0.7248347997665405,0.1316758394241333,0.7485617804740079,0.02372698070746737,0.02372698070746737,
1780,39627853695815137,1.0136417936132052,red,1000,powerlaw1000,101,5,0.7248347997665405,0.1316758394241333,0.8677640364649892,0.1429292366984487,0.1429292366984487,
12480,39627793801153627,1.0786490455953726,blue,500,powerlaw500,51,5,2.652832508087158,2.1932910919189452,1.7882733583483659,-0.8645591497387923,0.8645591497387923,
12480,39627793801153627,1.0786490455953726,blue,1000,powerlaw1000,101,5,2.652832508087158,2.1932910919189452,1.333919617099427,-1.3189128909877312,1.3189128909877312,
12480,39627793801153627,1.0786490455953726,red,500,powerlaw500,51,5,0.645550012588501,0.302668833732605,0.5766360230500398,-0.06891398953846117,0.06891398953846117,
12480,39627793801153627,1.0786490455953726,red,1000,powerlaw1000,101,5,0.645550012588501,0.302668833732605,0.9131475501964689,0.2675975376079679,0.2675975376079679,
8566,39627823492630330,0.9718097678787416,blue,500,powerlaw500,51,6,-0.03237388655543327,0.545261025428772,0.3844406969760812,0.41681458353151446,0.41681458353151446,
8566,39627823492630330,0.9718097678787416,blue,1000,powerlaw1000,101,6,-0.03237388655543327,0.545261025428772,0.34730668320331626,0.37968056975874953,0.37968056975874953,
8566,39627823492630330,0.9718097678787416,red,500,powerlaw500,51,6,0.8400130271911621,0.0871256689230601,1.0249613534195,0.1849483262283378,0.1849483262283378,
8566,39627823492630330,0.9718097678787416,red,1000,powerlaw1000,101,6,0.8400130271911621,0.0871256689230601,1.1300108885661986,0.28999786137503647,0.28999786137503647,
12403,39627787757163659,1.0329850343826417,blue,500,powerlaw500,51,5,3.793299436569214,1.9289129257202149,1.9817957819765362,-1.8115036545926777,1.8115036545926777,
12403,39627787757163659,1.0329850343826417,blue,1000,powerlaw1000,101,5,3.793299436569214,1.9289129257202149,2.443793460117501,-1.349505976451713,1.349505976451713,
12403,39627787757163659,1.0329850343826417,red,500,powerlaw500,51,5,0.4188162386417389,0.18324557542800904,0.8115442284111948,0.3927279897694559,0.3927279897694559,
12403,39627787757163659,1.0329850343826417,red,1000,powerlaw1000,101,5,0.4188162386417389,0.18324557542800904,0.8280678616558458,0.4092516230141069,0.4092516230141069,
9386,39627853679035209,1.189018634339216,blue,500,powerlaw500,51,5,0.005974388215690851,2.2619150161743162,1.4514246252286542,1.4454502370129634,1.4454502370129634,
9386,39627853679035209,1.189018634339216,blue,1000,powerlaw1000,101,5,0.005974388215690851,2.2619150161743162,2.303623008330962,2.2976486201152713,2.2976486201152713,
9386,39627853679035209,1.189018634339216,red,500,powerlaw500,51,5,1.1504108905792236,0.24985506534576415,0.7272612202031612,-0.42314967037606244,0.42314967037606244,
9386,39627853679035209,1.189018634339216,red,1000,powerlaw1000,101,5,1.1504108905792236,0.24985506534576415,0.9686148102915941,-0.1817960802876295,0.1817960802876295,
11813,39627793792766234,1.0867696627620382,blue,500,powerlaw500,51,5,3.8695919513702393,3.784046173095703,3.6716599106243946,-0.1979320407458447,0.1979320407458447,
11813,39627793792766234,1.0867696627620382,blue,1000,powerlaw1000,101,5,3.8695919513702393,3.784046173095703,2.9349871001139087,-0.9346048512563305,0.9346048512563305,
11813,39627793792766234,1.0867696627620382,red,500,powerlaw500,51,5,0.6126003265380859,0.39084296226501464,0.764916847658466,0.15231652112038008,0.15231652112038008,
11813,39627793792766234,1.0867696627620382,red,1000,powerlaw1000,101,5,0.6126003265380859,0.39084296226501464,0.678396977162279,0.06579665062419304,0.06579665062419304,
6200,39627823467465693,1.1563689484093942,blue,500,powerlaw500,51,5,-0.632826030254364,2.057018280029297,1.4869134830583035,2.1197395133126675,2.1197395133126675,
6200,39627823467465693,1.1563689484093942,blue,1000,powerlaw1000,101,5,-0.632826030254364,2.057018280029297,1.7600549259859257,2.3928809562402895,2.3928809562402895,
6200,39627823467465693,1.1563689484093942,red,500,powerlaw500,51,5,1.3682769536972046,0.2983074426651001,0.9536520548985891,-0.4146248987986155,0.4146248987986155,
6200,39627823467465693,1.1563689484093942,red,1000,powerlaw1000,101,5,1.3682769536972046,0.2983074426651001,1.178087639894742,-0.19018931380246262,0.19018931380246262,
9866,39627847639239192,1.0062082556314522,blue,500,powerlaw500,51,5,1.926987886428833,0.8516039848327637,2.3314070674287075,0.4044191809998745,0.4044191809998745,
9866,39627847639239192,1.0062082556314522,blue,1000,powerlaw1000,101,5,1.926987886428833,0.8516039848327637,1.773523930887808,-0.1534639555410251,0.1534639555410251,
9866,39627847639239192,1.0062082556314522,red,500,powerlaw500,51,5,1.1714985370635986,0.111900794506073,0.900009208632019,-0.2714893284315796,0.2714893284315796,
9866,39627847639239192,1.0062082556314522,red,1000,powerlaw1000,101,5,1.1714985370635986,0.111900794506073,0.891928494899167,-0.2795700421644316,0.2795700421644316,
1381,39627847656014425,0.9614720304759592,blue,500,powerlaw500,51,6,0.3116534650325775,0.5705147186915079,0.15489288538810844,-0.15676057964446907,0.15676057964446907,
1381,39627847656014425,0.9614720304759592,blue,1000,powerlaw1000,101,6,0.3116534650325775,0.5705147186915079,0.18926020641606037,-0.12239325861651715,0.12239325861651715,
1381,39627847656014425,0.9614720304759592,red,500,powerlaw500,51,6,0.9996280074119568,0.09454001983006795,1.3024750498706996,0.30284704245874283,0.30284704245874283,
1381,39627847656014425,0.9614720304759592,red,1000,powerlaw1000,101,6,0.9996280074119568,0.09454001983006795,1.399040279592379,0.3994122721804223,0.3994122721804223,
2293,39627835584807452,1.0932524269936637,blue,500,powerlaw500,51,5,0.9621802568435669,2.170873832702637,0.6431382343546073,-0.31904202248895963,0.31904202248895963,
2293,39627835584807452,1.0932524269936637,blue,1000,powerlaw1000,101,5,0.9621802568435669,2.170873832702637,0.8097192627954506,-0.1524609940481163,0.1524609940481163,
2293,39627835584807452,1.0932524269936637,red,500,powerlaw500,51,5,1.4184372425079346,0.2173696756362915,1.1452094104966926,-0.273227832011242,0.273227832011242,
2293,39627835584807452,1.0932524269936637,red,1000,powerlaw1000,101,5,1.4184372425079346,0.2173696756362915,0.944132679804038,-0.47430456270389654,0.47430456270389654,
477,39627568982262493,1.0094952508481922,blue,500,powerlaw500,51,5,2.9844658374786377,1.761639404296875,1.952200229872784,-1.0322656076058536,1.0322656076058536,
477,39627568982262493,1.0094952508481922,blue,1000,powerlaw1000,101,5,2.9844658374786377,1.761639404296875,1.6424171766291387,-1.342048660849499,1.342048660849499,
477,39627568982262493,1.0094952508481922,red,500,powerlaw500,51,5,1.2186211347579956,0.1698957562446594,1.0807991674115673,-0.13782196734642826,0.13782196734642826,
477,39627568982262493,1.0094952508481922,red,1000,powerlaw1000,101,5,1.2186211347579956,0.1698957562446594,1.1455855224924643,-0.07303561226553135,0.07303561226553135,
5233,39627853695812949,1.145719686853517,blue,500,powerlaw500,51,5,5.159924507141113,2.3924432754516602,2.458093189876449,-2.701831317264664,2.701831317264664,
5233,39627853695812949,1.145719686853517,blue,1000,powerlaw1000,101,5,5.159924507141113,2.3924432754516602,2.491446391957879,-2.6684781151832344,2.6684781151832344,
5233,39627853695812949,1.145719686853517,red,500,powerlaw500,51,5,1.1463278532028198,0.2765770196914673,0.6252184359437252,-0.5211094172590947,0.5211094172590947,
5233,39627853695812949,1.145719686853517,red,1000,powerlaw1000,101,5,1.1463278532028198,0.2765770196914673,0.8951065146338356,-0.2512213385689842,0.2512213385689842,
7082,39627823492630790,0.9002042245453433,blue,500,powerlaw500,51,6,1.504828929901123,0.6658504406611124,2.150898396133961,0.6460694662328379,0.6460694662328379,
7082,39627823492630790,0.9002042245453433,blue,1000,powerlaw1000,101,6,1.504828929901123,0.6658504406611124,1.3436771591271783,-0.1611517707739447,0.1611517707739447,
7082,39627823492630790,0.9002042245453433,red,500,powerlaw500,51,6,0.8260766863822937,0.09103236595789592,0.8472577954910162,0.021181109108722507,0.021181109108722507,
7082,39627823492630790,0.9002042245453433,red,1000,powerlaw1000,101,6,0.8260766863822937,0.09103236595789592,0.8900571296817317,0.06398044329943797,0.06398044329943797,
11610,39627787761355818,1.1737626833823935,blue,500,powerlaw500,51,5,4.551375389099121,2.5326601028442384,2.753995454713295,-1.7973799343858259,1.7973799343858259,
11610,39627787761355818,1.1737626833823935,blue,1000,powerlaw1000,101,5,4.551375389099121,2.5326601028442384,2.902795786735246,-1.648579602363875,1.648579602363875,
11610,39627787761355818,1.1737626833823935,red,500,powerlaw500,51,5,0.26645880937576294,0.33266260623931887,0.7510595950082558,0.48460078563249287,0.48460078563249287,
11610,39627787761355818,1.1737626833823935,red,1000,powerlaw1000,101,5,0.26645880937576294,0.33266260623931887,0.9871918615899709,0.7207330522142079,0.7207330522142079,
3550,39627823475851414,0.9802129904899328,blue,500,powerlaw500,51,6,-5.8296661376953125,1.9949571291605632,5.739372266377174,11.569038404072487,11.569038404072487,
3550,39627823475851414,0.9802129904899328,blue,1000,powerlaw1000,101,6,-5.8296661376953125,1.9949571291605632,0.11748114154726945,5.947147279242582,5.947147279242582,
3550,39627823475851414,0.9802129904899328,red,500,powerlaw500,51,6,1.730735182762146,0.20180873076121011,0.8897769017974545,-0.8409582809646915,0.8409582809646915,
3550,39627823475851414,0.9802129904899328,red,1000,powerlaw1000,101,6,1.730735182762146,0.20180873076121011,1.0227437629691984,-0.7079914197929476,0.7079914197929476,
4295,39627859723028549,0.9795452138919064,blue,500,powerlaw500,51,6,1.2664941549301147,1.1821315288543701,1.0597797908443505,-0.20671436408576427,0.20671436408576427,
4295,39627859723028549,0.9795452138919064,blue,1000,powerlaw1000,101,6,1.2664941549301147,1.1821315288543701,1.1331045728096474,-0.13338958212046736,0.13338958212046736,
4295,39627859723028549,0.9795452138919064,red,500,powerlaw500,51,6,1.0275557041168213,0.18288572629292807,0.6998283175608754,-0.3277273865559459,0.3277273865559459,
4295,39627859723028549,0.9795452138919064,red,1000,powerlaw1000,101,6,1.0275557041168213,0.18288572629292807,0.86737140226965,-0.16018430184717125,0.16018430184717125,
11018,39627865741854922,0.9629256274550756,blue,500,powerlaw500,51,6,2.9028127193450928,1.645337422688802,2.871677544388417,-0.031135174956675726,0.031135174956675726,
11018,39627865741854922,0.9629256274550756,blue,1000,powerlaw1000,101,6,2.9028127193450928,1.645337422688802,1.1748080483910217,-1.728004670954071,1.728004670954071,
11018,39627865741854922,0.9629256274550756,red,500,powerlaw500,51,6,0.8724928498268127,0.22675389051437378,0.7057573623591175,-0.1667354874676953,0.1667354874676953,
11018,39627865741854922,0.9629256274550756,red,1000,powerlaw1000,101,6,0.8724928498268127,0.22675389051437378,0.9315940946091325,0.059101244782319706,0.059101244782319706,
12672,39627787757159594,0.9685256654240412,blue,500,powerlaw500,51,6,2.122563362121582,1.2854605515797932,1.7344145626654555,-0.38814879945612657,0.38814879945612657,
12672,39627787757159594,0.9685256654240412,blue,1000,powerlaw1000,101,6,2.122563362121582,1.2854605515797932,1.6508427843691378,-0.47172057775244425,0.47172057775244425,
12672,39627787757159594,0.9685256654240412,red,500,powerlaw500,51,6,0.7609612941741943,0.169142484664917,1.0111923892728223,0.25023109509862795,0.25023109509862795,
12672,39627787757159594,0.9685256654240412,red,1000,powerlaw1000,101,6,0.7609612941741943,0.169142484664917,0.9171473827294646,0.15618608855527027,0.15618608855527027,
4275,39627853683232410,1.0111630182127844,blue,500,powerlaw500,51,5,-0.5377844572067261,1.141566562652588,0.0886546282043357,0.6264390854110617,0.6264390854110617,
4275,39627853683232410,1.0111630182127844,blue,1000,powerlaw1000,101,5,-0.5377844572067261,1.141566562652588,0.061314940282359634,0.5990993974890857,0.5990993974890857,
4275,39627853683232410,1.0111630182127844,red,500,powerlaw500,51,5,1.085601568222046,0.07787253856658935,1.1758705140728765,0.09026894585083056,0.09026894585083056,
4275,39627853683232410,1.0111630182127844,red,1000,powerlaw1000,101,5,1.085601568222046,0.07787253856658935,1.2707798664699894,0.18517829824794352,0.18517829824794352,
12853,39627793801151080,1.1472725177272476,blue,500,powerlaw500,51,5,-0.14982962608337402,2.687366485595703,2.180747911551941,2.330577537635315,2.330577537635315,
12853,39627793801151080,1.1472725177272476,blue,1000,powerlaw1000,101,5,-0.14982962608337402,2.687366485595703,2.5882656245735234,2.7380952506568974,2.7380952506568974,
12853,39627793801151080,1.1472725177272476,red,500,powerlaw500,51,5,0.5487613677978516,0.5591392993927002,0.6802252526823225,0.13146388488447092,0.13146388488447092,
12853,39627793801151080,1.1472725177272476,red,1000,powerlaw1000,101,5,0.5487613677978516,0.5591392993927002,0.9116608601408313,0.3628994923429797,0.3628994923429797,
5328,39627865771213290,1.0664890382566623,blue,500,powerlaw500,51,5,2.595324993133545,2.347414970397949,3.484920588096184,0.8895955949626391,0.8895955949626391,
5328,39627865771213290,1.0664890382566623,blue,1000,powerlaw1000,101,5,2.595324993133545,2.347414970397949,2.1979911377799395,-0.39733385535360544,0.39733385535360544,
5328,39627865771213290,1.0664890382566623,red,500,powerlaw500,51,5,0.7316927909851074,0.25801470279693606,0.8834250102097393,0.15173221922463187,0.15173221922463187,
5328,39627865771213290,1.0664890382566623,red,1000,powerlaw1000,101,5,0.7316927909851074,0.25801470279693606,1.0574605712534206,0.3257677802683132,0.3257677802683132,
6084,39627829498872893,0.952439327200422,blue,500,powerlaw500,51,6,1.7261110544204712,1.5995203653971355,0.8594691067160944,-0.8666419477043767,0.8666419477043767,
6084,39627829498872893,0.952439327200422,blue,1000,powerlaw1000,101,6,1.7261110544204712,1.5995203653971355,1.1958019674834517,-0.5303090869370195,0.5303090869370195,
6084,39627829498872893,0.952439327200422,red,500,powerlaw500,51,6,0.6054051518440247,0.1881056030591329,0.7071445954353188,0.10173944359129417,0.10173944359129417,
6084,39627829498872893,0.952439327200422,red,1000,powerlaw1000,101,6,0.6054051518440247,0.1881056030591329,0.9356118086625953,0.33020665681857064,0.33020665681857064,
5838,39627829498872497,1.1666063967926943,blue,500,powerlaw500,51,5,0.23466873168945312,1.8703710556030273,3.5234839734993555,3.2888152418099024,3.2888152418099024,
5838,39627829498872497,1.1666063967926943,blue,1000,powerlaw1000,101,5,0.23466873168945312,1.8703710556030273,2.874845633513446,2.6401769018239927,2.6401769018239927,
5838,39627829498872497,1.1666063967926943,red,500,powerlaw500,51,5,0.49094581604003906,0.27608575820922854,1.0153641376303668,0.5244183215903278,0.5244183215903278,
5838,39627829498872497,1.1666063967926943,red,1000,powerlaw1000,101,5,0.49094581604003906,0.27608575820922854,1.1551908915761981,0.6642450755361591,0.6642450755361591,
3813,39627811392066865,0.9369611777673008,blue,500,powerlaw500,51,6,4.238454341888428,1.7842199007670085,5.921577451969042,1.683123110080614,1.683123110080614,
3813,39627811392066865,0.9369611777673008,blue,1000,powerlaw1000,101,6,4.238454341888428,1.7842199007670085,4.171111866561422,-0.06734247532700532,0.06734247532700532,
3813,39627811392066865,0.9369611777673008,red,500,powerlaw500,51,6,0.8590582013130188,0.15670788288116455,0.7546737797032724,-0.10438442160974637,0.10438442160974637,
3813,39627811392066865,0.9369611777673008,red,1000,powerlaw1000,101,6,0.8590582013130188,0.15670788288116455,0.7044710463741839,-0.1545871549388349,0.1545871549388349,
8893,39627847626656157,1.054975358164484,blue,500,powerlaw500,51,5,3.3888206481933594,2.7440542221069335,4.7268719589212616,1.3380513107279022,1.3380513107279022,
8893,39627847626656157,1.054975358164484,blue,1000,powerlaw1000,101,5,3.3888206481933594,2.7440542221069335,4.780633583993403,1.3918129358000435,1.3918129358000435,
8893,39627847626656157,1.054975358164484,red,500,powerlaw500,51,5,0.7846970558166504,0.4139223575592041,0.7516916352783276,-0.03300542053832278,0.03300542053832278,
8893,39627847626656157,1.054975358164484,red,1000,powerlaw1000,101,5,0.7846970558166504,0.4139223575592041,0.8976168615967669,0.11291980578011651,0.11291980578011651,
7129,39627835568034526,0.9622849405679702,blue,500,powerlaw500,51,6,0.3540290892124176,0.9869383970896403,1.910300556838829,1.5562714676264113,1.5562714676264113,
7129,39627835568034526,0.9622849405679702,blue,1000,powerlaw1000,101,6,0.3540290892124176,0.9869383970896403,1.3974244563166476,1.04339536710423,1.04339536710423,
7129,39627835568034526,0.9622849405679702,red,500,powerlaw500,51,6,0.4150889813899994,0.15983199079831442,0.6849278109744268,0.2698388295844274,0.2698388295844274,
7129,39627835568034526,0.9622849405679702,red,1000,powerlaw1000,101,6,0.4150889813899994,0.15983199079831442,0.8279759595837551,0.41288697819375575,0.41288697819375575,
1539,39627847664403132,1.0015033843829886,blue,500,powerlaw500,51,5,4.164739608764648,2.258961486816406,3.465731256838383,-0.6990083519262655,0.6990083519262655,
1539,39627847664403132,1.0015033843829886,blue,1000,powerlaw1000,101,5,4.164739608764648,2.258961486816406,3.7149675676273617,-0.44977204113728675,0.44977204113728675,
1539,39627847664403132,1.0015033843829886,red,500,powerlaw500,51,5,0.8035593032836914,0.26606791019439696,0.7030156600774695,-0.10054364320622189,0.10054364320622189,
1539,39627847664403132,1.0015033843829886,red,1000,powerlaw1000,101,5,0.8035593032836914,0.26606791019439696,0.7923294390296922,-0.011229864253999189,0.011229864253999189,
7958,39627829524041854,0.9954448438911186,blue,500,powerlaw500,51,6,0.8289434313774109,0.492532213528951,1.3061362632048314,0.47719283182742056,0.47719283182742056,
7958,39627829524041854,0.9954448438911186,blue,1000,powerlaw1000,101,6,0.8289434313774109,0.492532213528951,0.6232255322895641,-0.20571789908784677,0.20571789908784677,
7958,39627829524041854,0.9954448438911186,red,500,powerlaw500,51,6,0.7455920577049255,0.05865562458833059,0.7716960959849658,0.026104038280040265,0.026104038280040265,
7958,39627829524041854,0.9954448438911186,red,1000,powerlaw1000,101,6,0.7455920577049255,0.05865562458833059,0.7964481502814506,0.050856092576525014,0.050856092576525014,
2458,39627841624606483,1.106843606195938,blue,500,powerlaw500,51,5,3.7577271461486816,2.3643625259399412,2.600747229924766,-1.1569799162239156,1.1569799162239156,
2458,39627841624606483,1.106843606195938,blue,1000,powerlaw1000,101,5,3.7577271461486816,2.3643625259399412,2.509997029934943,-1.2477301162137389,1.2477301162137389,
2458,39627841624606483,1.106843606195938,red,500,powerlaw500,51,5,0.6326874494552612,0.2620975971221924,0.6047868810060785,-0.02790056844918276,0.02790056844918276,
2458,39627841624606483,1.106843606195938,red,1000,powerlaw1000,101,5,0.6326874494552612,0.2620975971221924,0.8471155494294201,0.2144280999741589,0.2144280999741589,
10712,39627853670648244,0.9616620629562508,blue,500,powerlaw500,51,6,2.3889195919036865,2.1422144571940103,1.6280274009582525,-0.760892190945434,0.760892190945434,
10712,39627853670648244,0.9616620629562508,blue,1000,powerlaw1000,101,6,2.3889195919036865,2.1422144571940103,2.382886550964103,-0.006033040939583678,0.006033040939583678,
10712,39627853670648244,0.9616620629562508,red,500,powerlaw500,51,6,2.838289499282837,0.29472092787424725,0.9415238348119335,-1.8967656644709034,1.8967656644709034,
10712,39627853670648244,0.9616620629562508,red,1000,powerlaw1000,101,6,2.838289499282837,0.29472092787424725,1.0175267225654812,-1.8207627767173558,1.8207627767173558,
941,39627841620416018,0.996904941953594,blue,500,powerlaw500,51,6,0.9183470606803894,0.30665796995162964,0.3457017160676564,-0.5726453446127331,0.5726453446127331,
941,39627841620416018,0.996904941953594,blue,1000,powerlaw1000,101,6,0.9183470606803894,0.30665796995162964,0.3362968521064287,-0.5820502085739607,0.5820502085739607,
941,39627841620416018,0.996904941953594,red,500,powerlaw500,51,6,0.8923446536064148,0.049656217296918236,1.1843104936730244,0.29196584006660964,0.29196584006660964,
941,39627841620416018,0.996904941953594,red,1000,powerlaw1000,101,6,0.8923446536064148,0.049656217296918236,1.2655794197939574,0.3732347661875426,0.3732347661875426,
9981,39627853674840731,1.0248541434337308,blue,500,powerlaw500,51,5,4.830117225646973,1.4567441940307617,3.4125993092167404,-1.4175179164302323,1.4175179164302323,
9981,39627853674840731,1.0248541434337308,blue,1000,powerlaw1000,101,5,4.830117225646973,1.4567441940307617,3.5376061492140183,-1.2925110764329544,1.2925110764329544,
9981,39627853674840731,1.0248541434337308,red,500,powerlaw500,51,5,0.7376188635826111,0.1660132646560669,0.7041312292516847,-0.033487634330926386,0.033487634330926386,
9981,39627853674840731,1.0248541434337308,red,1000,powerlaw1000,101,5,0.7376188635826111,0.1660132646560669,0.8358786425768591,0.09825977899424798,0.09825977899424798,
11731,39627793801152053,1.0557558083957284,blue,500,powerlaw500,51,5,5.981381893157959,3.252330780029297,1.166703187649358,-4.814678705508601,4.814678705508601,
11731,39627793801152053,1.0557558083957284,blue,1000,powerlaw1000,101,5,5.981381893157959,3.252330780029297,2.521922643698643,-3.459459249459316,3.459459249459316,
11731,39627793801152053,1.0557558083957284,red,500,powerlaw500,51,5,0.7304014563560486,0.29156606197357177,0.7624146434506598,0.032013187094611206,0.032013187094611206,
11731,39627793801152053,1.0557558083957284,red,1000,powerlaw1000,101,5,0.7304014563560486,0.29156606197357177,0.8546708902580743,0.12426943390202572,0.12426943390202572,
12295,39627787752964760,0.998746721465538,blue,500,powerlaw500,51,6,0.03801338002085686,3.390950838724772,3.98162626531169,3.943612885290833,3.943612885290833,
12295,39627787752964760,0.998746721465538,blue,1000,powerlaw1000,101,6,0.03801338002085686,3.390950838724772,3.8289375882876637,3.790924208266807,3.790924208266807,
12295,39627787752964760,0.998746721465538,red,500,powerlaw500,51,6,0.7348325252532959,0.26623352368672687,0.8523384767047508,0.11750595145145493,0.11750595145145493,
12295,39627787752964760,0.998746721465538,red,1000,powerlaw1000,101,6,0.7348325252532959,0.26623352368672687,0.8752061778598468,0.14037365260655088,0.14037365260655088,
3615,39627805356461092,0.9268038298230442,blue,500,powerlaw500,51,6,0.7800092101097107,2.5963613192240396,2.592243331124152,1.8122341210144413,1.8122341210144413,
3615,39627805356461092,0.9268038298230442,blue,1000,powerlaw1000,101,6,0.7800092101097107,2.5963613192240396,2.70392870788273,1.9239194977730194,1.9239194977730194,
3615,39627805356461092,0.9268038298230442,red,500,powerlaw500,51,6,1.1653486490249634,0.29895957310994464,0.5079256592515512,-0.6574229897734122,0.6574229897734122,
3615,39627805356461092,0.9268038298230442,red,1000,powerlaw1000,101,6,1.1653486490249634,0.29895957310994464,0.7676887222304374,-0.397659926794526,0.397659926794526,
9985,39627835563836870,1.1523985093787672,blue,500,powerlaw500,51,5,3.339360475540161,1.8856576919555663,2.2577872995882453,-1.0815731759519158,1.0815731759519158,
9985,39627835563836870,1.1523985093787672,blue,1000,powerlaw1000,101,5,3.339360475540161,1.8856576919555663,2.5784344356779525,-0.7609260398622086,0.7609260398622086,
9985,39627835563836870,1.1523985093787672,red,500,powerlaw500,51,5,0.8619001507759094,0.2470524549484253,0.9197322558815955,0.05783210510568604,0.05783210510568604,
9985,39627835563836870,1.1523985093787672,red,1000,powerlaw1000,101,5,0.8619001507759094,0.2470524549484253,1.095989245854604,0.2340890950786947,0.2340890950786947,
4651,39627847651821207,1.004703128449214,blue,500,powerlaw500,51,5,4.099895477294922,1.5488267898559571,1.9883486615874886,-2.1115468157074333,2.1115468157074333,
4651,39627847651821207,1.004703128449214,blue,1000,powerlaw1000,101,5,4.099895477294922,1.5488267898559571,1.4919157122889757,-2.607979765005946,2.607979765005946,
4651,39627847651821207,1.004703128449214,red,500,powerlaw500,51,5,1.0850422382354736,0.14635900259017945,1.052087370363426,-0.03295486787204771,0.03295486787204771,
4651,39627847651821207,1.004703128449214,red,1000,powerlaw1000,101,5,1.0850422382354736,0.14635900259017945,0.8930471582160932,-0.19199508001938048,0.19199508001938048,
11618,39627787761353940,1.0398372987853868,blue,500,powerlaw500,51,5,5.30720853805542,1.578460693359375,3.031401558918667,-2.275806979136753,2.275806979136753,
11618,39627787761353940,1.0398372987853868,blue,1000,powerlaw1000,101,5,5.30720853805542,1.578460693359375,2.554766070687812,-2.752442467367608,2.752442467367608,
11618,39627787761353940,1.0398372987853868,red,500,powerlaw500,51,5,0.7973368763923645,0.24711990356445312,0.6979901611280792,-0.09934671526428529,0.09934671526428529,
11618,39627787761353940,1.0398372987853868,red,1000,powerlaw1000,101,5,0.7973368763923645,0.24711990356445312,0.8897827229715445,0.09244584657917998,0.09244584657917998,
5757,39627835538672709,1.1082234803262432,blue,500,powerlaw500,51,5,0.877189040184021,0.96463623046875,1.917429398673022,1.040240358489001,1.040240358489001,
5757,39627835538672709,1.1082234803262432,blue,1000,powerlaw1000,101,5,0.877189040184021,0.96463623046875,2.442523967296721,1.5653349271127,1.5653349271127,
5757,39627835538672709,1.1082234803262432,red,500,powerlaw500,51,5,0.6158060431480408,0.14972620010375975,0.9071103161661787,0.2913042730181379,0.2913042730181379,
5757,39627835538672709,1.1082234803262432,red,1000,powerlaw1000,101,5,0.6158060431480408,0.14972620010375975,1.0113952656089762,0.3955892224609354,0.3955892224609354,
3947,39627823475853387,0.9264285100818856,blue,500,powerlaw500,51,6,-3.4458189010620117,1.9008355140686035,1.9113310778156105,5.357149978877622,5.357149978877622,
3947,39627823475853387,0.9264285100818856,blue,1000,powerlaw1000,101,6,-3.4458189010620117,1.9008355140686035,1.6636209557117219,5.109439856773734,5.109439856773734,
3947,39627823475853387,0.9264285100818856,red,500,powerlaw500,51,6,1.6584619283676147,0.25924404462178546,1.056174371357705,-0.6022875570099098,0.6022875570099098,
3947,39627823475853387,0.9264285100818856,red,1000,powerlaw1000,101,6,1.6584619283676147,0.25924404462178546,0.7279393609064302,-0.9305225674611846,0.9305225674611846,
9603,39627841603637919,1.1704142680035854,blue,500,powerlaw500,51,5,3.114287853240967,2.0071647644042967,2.701415546800138,-0.41287230644082884,0.41287230644082884,
9603,39627841603637919,1.1704142680035854,blue,1000,powerlaw1000,101,5,3.114287853240967,2.0071647644042967,2.9258583825652007,-0.1884294706757661,0.1884294706757661,
9603,39627841603637919,1.1704142680035854,red,500,powerlaw500,51,5,2.0560879707336426,0.4869266986846924,0.8347021449551313,-1.2213858257785113,1.2213858257785113,
9603,39627841603637919,1.1704142680035854,red,1000,powerlaw1000,101,5,2.0560879707336426,0.4869266986846924,0.8550712842301621,-1.2010166865034804,1.2010166865034804,
2724,39627823475855007,0.9498930469719497,blue,500,powerlaw500,51,6,1.3289426565170288,1.755677064259847,2.2785906156894833,0.9496479591724545,0.9496479591724545,
2724,39627823475855007,0.9498930469719497,blue,1000,powerlaw1000,101,6,1.3289426565170288,1.755677064259847,0.7026383651274511,-0.6263042913895777,0.6263042913895777,
2724,39627823475855007,0.9498930469719497,red,500,powerlaw500,51,6,1.5319334268569946,0.20791194836298624,0.8793613051680941,-0.6525721216889006,0.6525721216889006,
2724,39627823475855007,0.9498930469719497,red,1000,powerlaw1000,101,6,1.5319334268569946,0.20791194836298624,0.8522889059625731,-0.6796445208944215,0.6796445208944215,
6139,39627835547063428,0.9920298524836598,blue,500,powerlaw500,51,6,-0.8275554776191711,1.2910638650258381,1.0370514083386981,1.8646068859578693,1.8646068859578693,
6139,39627835547063428,0.9920298524836598,blue,1000,powerlaw1000,101,6,-0.8275554776191711,1.2910638650258381,1.040922102338666,1.8684775799578373,1.8684775799578373,
6139,39627835547063428,0.9920298524836598,red,500,powerlaw500,51,6,1.237397313117981,0.15579641858736673,0.8623506611157787,-0.3750466520022022,0.3750466520022022,
6139,39627835547063428,0.9920298524836598,red,1000,powerlaw1000,101,6,1.237397313117981,0.15579641858736673,0.8835015282912603,-0.3538957848267207,0.3538957848267207,
11828,39627793805345815,1.16047538767111,blue,500,powerlaw500,51,5,1.391417145729065,0.7862123489379883,0.14556538789217002,-1.2458517578368948,1.2458517578368948,
11828,39627793805345815,1.16047538767111,blue,1000,powerlaw1000,101,5,1.391417145729065,0.7862123489379883,0.403748118211133,-0.987669027517932,0.987669027517932,
11828,39627793805345815,1.16047538767111,red,500,powerlaw500,51,5,1.443212866783142,0.12427593469619751,1.379381821433296,-0.06383104534984607,0.06383104534984607,
11828,39627793805345815,1.16047538767111,red,1000,powerlaw1000,101,5,1.443212866783142,0.12427593469619751,1.6245539395161253,0.18134107273298317,0.18134107273298317,
9580,39627853674841145,0.9920272810007554,blue,500,powerlaw500,51,6,-0.0997680053114891,1.5094475746154785,2.0088805131221084,2.1086485184335975,2.1086485184335975,
9580,39627853674841145,0.9920272810007554,blue,1000,powerlaw1000,101,6,-0.0997680053114891,1.5094475746154785,2.0525982186657328,2.152366223977222,2.152366223977222,
9580,39627853674841145,0.9920272810007554,red,500,powerlaw500,51,6,0.9473166465759277,0.17652503649393717,1.038129578780486,0.09081293220455833,0.09081293220455833,
9580,39627853674841145,0.9920272810007554,red,1000,powerlaw1000,101,6,0.9473166465759277,0.17652503649393717,0.857967069385078,-0.08934957719084968,0.08934957719084968,
5416,39627823463269614,0.988820601777058,blue,500,powerlaw500,51,6,2.0754175186157227,0.7726688385009766,2.414401970411819,0.3389844517960965,0.3389844517960965,
5416,39627823463269614,0.988820601777058,blue,1000,powerlaw1000,101,6,2.0754175186157227,0.7726688385009766,1.9120959224552987,-0.16332159616042397,0.16332159616042397,
5416,39627823463269614,0.988820601777058,red,500,powerlaw500,51,6,0.660800576210022,0.08845019340515137,1.0014119266832389,0.3406113504732169,0.3406113504732169,
5416,39627823463269614,0.988820601777058,red,1000,powerlaw1000,101,6,0.660800576210022,0.08845019340515137,0.9555000813551454,0.29469950514512344,0.29469950514512344,
4588,39627865771215611,1.2412959160419066,blue,500,powerlaw500,51,5,-0.028348302468657494,2.4915958404541017,2.832493438396967,2.8608417408656246,2.8608417408656246,
4588,39627865771215611,1.2412959160419066,blue,1000,powerlaw1000,101,5,-0.028348302468657494,2.4915958404541017,2.2223699711938645,2.250718273662522,2.250718273662522,
4588,39627865771215611,1.2412959160419066,red,500,powerlaw500,51,5,1.068926215171814,0.2530387878417969,1.0891702872443183,0.020244072072504338,0.020244072072504338,
4588,39627865771215611,1.2412959160419066,red,1000,powerlaw1000,101,5,1.068926215171814,0.2530387878417969,1.3384736271490767,0.26954741197726273,0.26954741197726273,
12012,39627787748774797,1.2911508275437202,blue,500,powerlaw500,51,5,2.0135529041290283,1.0200032234191894,3.642904064142752,1.6293511600137238,1.6293511600137238,
12012,39627787748774797,1.2911508275437202,blue,1000,powerlaw1000,101,5,2.0135529041290283,1.0200032234191894,3.3529428132699812,1.339389909140953,1.339389909140953,
12012,39627787748774797,1.2911508275437202,red,500,powerlaw500,51,5,1.0514068603515625,0.13230158090591432,0.8955197902732819,-0.15588707007828062,0.15588707007828062,
12012,39627787748774797,1.2911508275437202,red,1000,powerlaw1000,101,5,1.0514068603515625,0.13230158090591432,0.9656363752072007,-0.08577048514436181,0.08577048514436181,
10170,39627841595247566,1.2476716525081852,blue,500,powerlaw500,51,5,8.232333183288574,5.3329002380371096,6.663414120384923,-1.5689190629036514,1.5689190629036514,
10170,39627841595247566,1.2476716525081852,blue,1000,powerlaw1000,101,5,8.232333183288574,5.3329002380371096,8.738008481385815,0.5056752980972412,0.5056752980972412,
10170,39627841595247566,1.2476716525081852,red,500,powerlaw500,51,5,1.288550615310669,0.5156599998474121,0.781729015139552,-0.506821600171117,0.506821600171117,
10170,39627841595247566,1.2476716525081852,red,1000,powerlaw1000,101,5,1.288550615310669,0.5156599998474121,1.0445964243268056,-0.2439541909838634,0.2439541909838634,
5726,39627823467467428,1.3346303700291982,blue,500,powerlaw500,51,5,-0.8144753575325012,1.9849430084228517,1.9154394366937146,2.729914794226216,2.729914794226216,
5726,39627823467467428,1.3346303700291982,blue,1000,powerlaw1000,101,5,-0.8144753575325012,1.9849430084228517,1.674640348459087,2.4891157059915883,2.4891157059915883,
5726,39627823467467428,1.3346303700291982,red,500,powerlaw500,51,5,1.1500251293182373,0.24560832977294922,1.3928594986732326,0.24283436935499525,0.24283436935499525,
5726,39627823467467428,1.3346303700291982,red,1000,powerlaw1000,101,5,1.1500251293182373,0.24560832977294922,1.0708656046837024,-0.0791595246345349,0.0791595246345349,
298,39627574963343594,1.248842970532584,blue,500,powerlaw500,51,5,0.9408861994743347,1.874946403503418,2.644434824170916,1.7035486246965812,1.7035486246965812,
298,39627574963343594,1.248842970532584,blue,1000,powerlaw1000,101,5,0.9408861994743347,1.874946403503418,2.527546430146118,1.5866602306717832,1.5866602306717832,
298,39627574963343594,1.248842970532584,red,500,powerlaw500,51,5,1.1421935558319092,0.21535823345184327,0.8289005749358619,-0.3132929808960473,0.3132929808960473,
298,39627574963343594,1.248842970532584,red,1000,powerlaw1000,101,5,1.1421935558319092,0.21535823345184327,1.031940014879843,-0.11025354095206619,0.11025354095206619,
3202,39627823471662128,1.3198437865771198,blue,500,powerlaw500,51,5,2.346839666366577,3.2215816497802736,2.786509735103889,0.43967006873731185,0.43967006873731185,
3202,39627823471662128,1.3198437865771198,blue,1000,powerlaw1000,101,5,2.346839666366577,3.2215816497802736,4.369299014777833,2.022459348411256,2.022459348411256,
3202,39627823471662128,1.3198437865771198,red,500,powerlaw500,51,5,1.1875121593475342,0.19823813438415527,0.9235809678869119,-0.26393119146062227,0.26393119146062227,
3202,39627823471662128,1.3198437865771198,red,1000,powerlaw1000,101,5,1.1875121593475342,0.19823813438415527,1.02021447755634,-0.1672976817911942,0.1672976817911942,
5932,39627823463273097,1.2510625042902248,blue,500,powerlaw500,51,5,2.1355972290039062,1.737739372253418,2.3530410120622554,0.2174437830583491,0.2174437830583491,
5932,39627823463273097,1.2510625042902248,blue,1000,powerlaw1000,101,5,2.1355972290039062,1.737739372253418,2.5201450780779617,0.3845478490740555,0.3845478490740555,
5932,39627823463273097,1.2510625042902248,red,500,powerlaw500,51,5,1.2461553812026978,0.3051570415496826,0.9445525719200086,-0.3016028092826891,0.3016028092826891,
5932,39627823463273097,1.2510625042902248,red,1000,powerlaw1000,101,5,1.2461553812026978,0.3051570415496826,1.0410305688969896,-0.20512481230570812,0.20512481230570812,
9384,39627853674843204,1.3249760616582127,blue,500,powerlaw500,51,5,3.5751163959503174,2.692787933349609,3.687151925391902,0.11203552944158446,0.11203552944158446,
9384,39627853674843204,1.3249760616582127,blue,1000,powerlaw1000,101,5,3.5751163959503174,2.692787933349609,2.649936949053366,-0.9251794468969514,0.9251794468969514,
9384,39627853674843204,1.3249760616582127,red,500,powerlaw500,51,5,1.7809566259384155,0.32943334579467776,0.9964450455867813,-0.7845115803516343,0.7845115803516343,
9384,39627853674843204,1.3249760616582127,red,1000,powerlaw1000,101,5,1.7809566259384155,0.32943334579467776,0.9847876527817864,-0.7961689731566292,0.7961689731566292,
12132,39627787761353074,1.4326446044579615,blue,500,powerlaw500,51,5,2.565542697906494,1.0598085403442383,2.1145404603919373,-0.4510022375145568,0.4510022375145568,
12132,39627787761353074,1.4326446044579615,blue,1000,powerlaw1000,101,5,2.565542697906494,1.0598085403442383,2.289392135395989,-0.2761505625105052,0.2761505625105052,
12132,39627787761353074,1.4326446044579615,red,500,powerlaw500,51,5,1.5634939670562744,0.1610743522644043,1.2422880557816973,-0.3212059112745771,0.3212059112745771,
12132,39627787761353074,1.4326446044579615,red,1000,powerlaw1000,101,5,1.5634939670562744,0.1610743522644043,1.006683567535412,-0.5568103995208624,0.5568103995208624,
10777,39627847626657080,1.3632117601045148,blue,500,powerlaw500,51,5,7.331360816955566,6.56524887084961,10.201639789307912,2.870278972352345,2.870278972352345,
10777,39627847626657080,1.3632117601045148,blue,1000,powerlaw1000,101,5,7.331360816955566,6.56524887084961,7.1320075050681355,-0.19935331188743088,0.19935331188743088,
10777,39627847626657080,1.3632117601045148,red,500,powerlaw500,51,5,-0.0031426907517015934,1.047783660888672,1.1009714372133832,1.1041141279650848,1.1041141279650848,
10777,39627847626657080,1.3632117601045148,red,1000,powerlaw1000,101,5,-0.0031426907517015934,1.047783660888672,0.6882001941918852,0.6913428849435868,0.6913428849435868,
9420,39627835559645950,1.568283101013829,blue,500,powerlaw500,51,4,30.932132720947266,15.831785202026367,3.25105775640857,-27.681074964538695,27.681074964538695,
9420,39627835559645950,1.568283101013829,blue,1000,powerlaw1000,101,4,30.932132720947266,15.831785202026367,7.495870604317995,-23.436262116629273,23.436262116629273,
9420,39627835559645950,1.568283101013829,red,500,powerlaw500,51,4,1.8630530834197998,1.715149998664856,1.0335953918002927,-0.8294576916195071,0.8294576916195071,
9420,39627835559645950,1.568283101013829,red,1000,powerlaw1000,101,4,1.8630530834197998,1.715149998664856,1.054574625025409,-0.8084784583943907,0.8084784583943907,
231,39627563030545557,1.347997823227218,blue,500,powerlaw500,51,5,2.633145809173584,1.611894416809082,2.3641308417539304,-0.2690149674196536,0.2690149674196536,
231,39627563030545557,1.347997823227218,blue,1000,powerlaw1000,101,5,2.633145809173584,1.611894416809082,2.290335488268407,-0.34281032090517716,0.34281032090517716,
231,39627563030545557,1.347997823227218,red,500,powerlaw500,51,5,0.9138456583023071,0.1464046359062195,1.3299291180642643,0.41608345976195715,0.41608345976195715,
231,39627563030545557,1.347997823227218,red,1000,powerlaw1000,101,5,0.9138456583023071,0.1464046359062195,1.0431099940218829,0.12926433571957574,0.12926433571957574,
117,39627563022156824,1.5610555994848516,blue,500,powerlaw500,51,4,5.903576850891113,3.941279649734497,5.204639063734894,-0.6989377871562192,0.6989377871562192,
117,39627563022156824,1.5610555994848516,blue,1000,powerlaw1000,101,4,5.903576850891113,3.941279649734497,3.6053145259138915,-2.298262324977222,2.298262324977222,
117,39627563022156824,1.5610555994848516,red,500,powerlaw500,51,4,0.7400755286216736,0.7919756770133972,0.9932764951834558,0.25320096656178226,0.25320096656178226,
117,39627563022156824,1.5610555994848516,red,1000,powerlaw1000,101,4,0.7400755286216736,0.7919756770133972,0.9526660943817983,0.2125905657601247,0.2125905657601247,
1224,39627841624607359,1.4094580745720913,blue,500,powerlaw500,51,5,11.298563003540039,3.3840286254882814,8.397511371201224,-2.901051632338815,2.901051632338815,
1224,39627841624607359,1.4094580745720913,blue,1000,powerlaw1000,101,5,11.298563003540039,3.3840286254882814,8.442609239219204,-2.8559537643208355,2.8559537643208355,
1224,39627841624607359,1.4094580745720913,red,500,powerlaw500,51,5,0.23332969844341278,0.6271703720092774,1.1381798438060438,0.904850145362631,0.904850145362631,
1224,39627841624607359,1.4094580745720913,red,1000,powerlaw1000,101,5,0.23332969844341278,0.6271703720092774,0.8867039216788604,0.6533742232354476,0.6533742232354476,
11549,39627793801153520,1.271770118619023,blue,500,powerlaw500,51,5,3.9883148670196533,4.700737380981446,6.651147298617914,2.662832431598261,2.662832431598261,
11549,39627793801153520,1.271770118619023,blue,1000,powerlaw1000,101,5,3.9883148670196533,4.700737380981446,8.831168977016207,4.842854109996553,4.842854109996553,
11549,39627793801153520,1.271770118619023,red,500,powerlaw500,51,5,1.4377809762954712,0.4767928123474121,0.6256886479145123,-0.8120923283809589,0.8120923283809589,
11549,39627793801153520,1.271770118619023,red,1000,powerlaw1000,101,5,1.4377809762954712,0.4767928123474121,0.6093916286585467,-0.8283893476369245,0.8283893476369245,
5000,39627859727225731,1.4315370520775408,blue,500,powerlaw500,51,5,2.9707629680633545,2.112995910644531,3.9924167361243574,1.021653768061003,1.021653768061003,
5000,39627859727225731,1.4315370520775408,blue,1000,powerlaw1000,101,5,2.9707629680633545,2.112995910644531,3.4953745542235177,0.5246115861601632,0.5246115861601632,
5000,39627859727225731,1.4315370520775408,red,500,powerlaw500,51,5,0.6116846203804016,0.2909294605255127,1.0204692679586755,0.40878464757827393,0.40878464757827393,
5000,39627859727225731,1.4315370520775408,red,1000,powerlaw1000,101,5,0.6116846203804016,0.2909294605255127,0.8697166630215032,0.2580320426411016,0.2580320426411016,
10089,39627835551257004,1.4491783791217565,blue,500,powerlaw500,51,5,4.56911563873291,2.7055593490600587,5.355137296321204,0.7860216575882939,0.7860216575882939,
10089,39627835551257004,1.4491783791217565,blue,1000,powerlaw1000,101,5,4.56911563873291,2.7055593490600587,5.688544181311116,1.1194285425782056,1.1194285425782056,
10089,39627835551257004,1.4491783791217565,red,500,powerlaw500,51,5,1.144049882888794,0.37580482959747313,0.922774676202826,-0.2212752066859679,0.2212752066859679,
10089,39627835551257004,1.4491783791217565,red,1000,powerlaw1000,101,5,1.144049882888794,0.37580482959747313,0.8107006362815495,-0.3333492466072444,0.3333492466072444,
9471,39627835551257210,1.3190823015332698,blue,500,powerlaw500,51,5,-3.540943145751953,2.306763458251953,3.7537383754836595,7.294681521235613,7.294681521235613,
9471,39627835551257210,1.3190823015332698,blue,1000,powerlaw1000,101,5,-3.540943145751953,2.306763458251953,4.366011079899994,7.906954225651947,7.906954225651947,
9471,39627835551257210,1.3190823015332698,red,500,powerlaw500,51,5,0.5302296280860901,0.2898761510848999,1.3556918304319332,0.8254622023458431,0.8254622023458431,
9471,39627835551257210,1.3190823015332698,red,1000,powerlaw1000,101,5,0.5302296280860901,0.2898761510848999,1.0765450598327861,0.5463154317466961,0.5463154317466961,
9253,39627853679039174,1.3149872246899943,blue,500,powerlaw500,51,5,6.281806468963623,2.8495515823364257,4.678312909051099,-1.6034935599125237,1.6034935599125237,
9253,39627853679039174,1.3149872246899943,blue,1000,powerlaw1000,101,5,6.281806468963623,2.8495515823364257,4.952858380396873,-1.32894808856675,1.32894808856675,
9253,39627853679039174,1.3149872246899943,red,500,powerlaw500,51,5,0.16805748641490936,0.49193263053894043,1.2213000952454167,1.0532426088305074,1.0532426088305074,
9253,39627853679039174,1.3149872246899943,red,1000,powerlaw1000,101,5,0.16805748641490936,0.49193263053894043,1.030222177401536,0.8621646909866267,0.8621646909866267,
11474,39627853666451686,1.324863085579408,blue,500,powerlaw500,51,5,4.0962605476379395,2.099346160888672,3.5020898955953164,-0.5941706520426231,0.5941706520426231,
11474,39627853666451686,1.324863085579408,blue,1000,powerlaw1000,101,5,4.0962605476379395,2.099346160888672,3.2507031764513847,-0.8455573711865547,0.8455573711865547,
11474,39627853666451686,1.324863085579408,red,500,powerlaw500,51,5,1.5508390665054321,0.3553602695465088,1.1387593233808992,-0.4120797431245329,0.4120797431245329,
11474,39627853666451686,1.324863085579408,red,1000,powerlaw1000,101,5,1.5508390665054321,0.3553602695465088,1.2185120754498575,-0.3323269910555746,0.3323269910555746,
9008,39627841599439369,1.4551429224005246,blue,500,powerlaw500,51,5,1.995155692100525,2.610416221618652,1.9257924809743407,-0.06936321112618415,0.06936321112618415,
9008,39627841599439369,1.4551429224005246,blue,1000,powerlaw1000,101,5,1.995155692100525,2.610416221618652,1.8882489249918162,-0.10690676710870872,0.10690676710870872,
9008,39627841599439369,1.4551429224005246,red,500,powerlaw500,51,5,0.4837201237678528,0.32008042335510256,0.9752972893414379,0.4915771655735851,0.4915771655735851,
9008,39627841599439369,1.4551429224005246,red,1000,powerlaw1000,101,5,0.4837201237678528,0.32008042335510256,0.9470098626856684,0.46328973891781566,0.46328973891781566,
2043,39627847664404619,1.5141021773065937,blue,500,powerlaw500,51,4,4.068284034729004,2.8419554233551025,5.08107769277178,1.012793658042776,1.012793658042776,
2043,39627847664404619,1.5141021773065937,blue,1000,powerlaw1000,101,4,4.068284034729004,2.8419554233551025,5.440285280880458,1.372001246151454,1.372001246151454,
2043,39627847664404619,1.5141021773065937,red,500,powerlaw500,51,4,0.0770101249217987,0.44709768891334534,0.8075240176025666,0.7305138926807679,0.7305138926807679,
2043,39627847664404619,1.5141021773065937,red,1000,powerlaw1000,101,4,0.0770101249217987,0.44709768891334534,0.880124847506669,0.8031147225848703,0.8031147225848703,
9782,39627853674843632,1.4144599411182714,blue,500,powerlaw500,51,5,3.163423538208008,1.8939987182617188,1.7130685793934344,-1.4503549588145734,1.4503549588145734,
9782,39627853674843632,1.4144599411182714,blue,1000,powerlaw1000,101,5,3.163423538208008,1.8939987182617188,1.6130754688225868,-1.550348069385421,1.550348069385421,
9782,39627853674843632,1.4144599411182714,red,500,powerlaw500,51,5,1.130422830581665,0.2597184419631958,1.1136554238675345,-0.016767406714130573,0.016767406714130573,
9782,39627853674843632,1.4144599411182714,red,1000,powerlaw1000,101,5,1.130422830581665,0.2597184419631958,0.7285192333458838,-0.4019035972357813,0.4019035972357813,
53,39627568999042896,1.253059151579144,blue,500,powerlaw500,51,5,1.482164978981018,1.3707512855529784,2.3836011767623626,0.9014361977813445,0.9014361977813445,
53,39627568999042896,1.253059151579144,blue,1000,powerlaw1000,101,5,1.482164978981018,1.3707512855529784,1.9042942522270017,0.4221292732459836,0.4221292732459836,
53,39627568999042896,1.253059151579144,red,500,powerlaw500,51,5,1.343580961227417,0.1392688512802124,1.224973889120026,-0.11860707210739108,0.11860707210739108,
53,39627568999042896,1.253059151579144,red,1000,powerlaw1000,101,5,1.343580961227417,0.1392688512802124,1.1871609857080756,-0.1564199755193414,0.1564199755193414,
7097,39627829524042026,1.5125204915794874,blue,500,powerlaw500,51,4,4.239527225494385,1.099294662475586,3.856842864435553,-0.38268436105883197,0.38268436105883197,
7097,39627829524042026,1.5125204915794874,blue,1000,powerlaw1000,101,4,4.239527225494385,1.099294662475586,3.5084712711061288,-0.731055954388256,0.731055954388256,
7097,39627829524042026,1.5125204915794874,red,500,powerlaw500,51,4,0.975212812423706,0.1423172801733017,0.9465657266398361,-0.028647085783869985,0.028647085783869985,
7097,39627829524042026,1.5125204915794874,red,1000,powerlaw1000,101,4,0.975212812423706,0.1423172801733017,0.9607480588393307,-0.014464753584375378,0.014464753584375378,
7205,39627829536620690,1.2971527204269442,blue,500,powerlaw500,51,5,5.197314262390137,1.1368623733520509,2.86597846915951,-2.3313357932306267,2.3313357932306267,
7205,39627829536620690,1.2971527204269442,blue,1000,powerlaw1000,101,5,5.197314262390137,1.1368623733520509,2.786302343564482,-2.411011918825655,2.411011918825655,
7205,39627829536620690,1.2971527204269442,red,500,powerlaw500,51,5,0.9243999719619751,0.20600342750549316,1.1996618528258878,0.2752618808639127,0.2752618808639127,
7205,39627829536620690,1.2971527204269442,red,1000,powerlaw1000,101,5,0.9243999719619751,0.20600342750549316,1.1670292834924367,0.24262931153046163,0.24262931153046163,
1333,39627853700009719,1.3982328201184089,blue,500,powerlaw500,51,5,3.8904128074645996,2.1173608779907225,2.173153331168665,-1.7172594762959346,1.7172594762959346,
1333,39627853700009719,1.3982328201184089,blue,1000,powerlaw1000,101,5,3.8904128074645996,2.1173608779907225,1.92973909059499,-1.9606737168696096,1.9606737168696096,
1333,39627853700009719,1.3982328201184089,red,500,powerlaw500,51,5,0.8741145133972168,0.2875578165054321,1.2525674083191867,0.3784528949219699,0.3784528949219699,
1333,39627853700009719,1.3982328201184089,red,1000,powerlaw1000,101,5,0.8741145133972168,0.2875578165054321,1.0081044022038808,0.13398988880666396,0.13398988880666396,
12473,39627799836758514,1.5475915866344516,blue,500,powerlaw500,51,4,1.902025818824768,3.411600351333618,3.0032241795688215,1.1011983607440534,1.1011983607440534,
12473,39627799836758514,1.5475915866344516,blue,1000,powerlaw1000,101,4,1.902025818824768,3.411600351333618,3.9361457138586085,2.0341198950338404,2.0341198950338404,
12473,39627799836758514,1.5475915866344516,red,500,powerlaw500,51,4,0.7048071622848511,0.4886900782585144,0.8669228184237807,0.16211565613892964,0.16211565613892964,
12473,39627799836758514,1.5475915866344516,red,1000,powerlaw1000,101,4,0.7048071622848511,0.4886900782585144,0.9552223492836085,0.2504151869987574,0.2504151869987574,
1765,39627835580613720,1.5979359547134,blue,500,powerlaw500,51,4,2.6052567958831787,0.8086212873458862,2.77587331735439,0.17061652147121142,0.17061652147121142,
1765,39627835580613720,1.5979359547134,blue,1000,powerlaw1000,101,4,2.6052567958831787,0.8086212873458862,3.011338906226071,0.4060821103428922,0.4060821103428922,
1765,39627835580613720,1.5979359547134,red,500,powerlaw500,51,4,0.8822858333587646,0.09959918260574341,0.8937399148558957,0.011454081497131008,0.011454081497131008,
1765,39627835580613720,1.5979359547134,red,1000,powerlaw1000,101,4,0.8822858333587646,0.09959918260574341,0.8488563094297181,-0.03342952392904652,0.03342952392904652,
7554,39627835576420327,1.4283294606007453,blue,500,powerlaw500,51,5,4.295479774475098,1.3192570686340332,2.394131536459642,-1.9013482380154558,1.9013482380154558,
7554,39627835576420327,1.4283294606007453,blue,1000,powerlaw1000,101,5,4.295479774475098,1.3192570686340332,2.6679059012799753,-1.6275738731951224,1.6275738731951224,
7554,39627835576420327,1.4283294606007453,red,500,powerlaw500,51,5,1.2105251550674438,0.19909037351608277,1.0887389539964105,-0.12178620107103333,0.12178620107103333,
7554,39627835576420327,1.4283294606007453,red,1000,powerlaw1000,101,5,1.2105251550674438,0.19909037351608277,0.8846617936780576,-0.3258633613893862,0.3258633613893862,
12670,39627793796959352,1.4305871601982665,blue,500,powerlaw500,51,5,4.115319728851318,1.871261978149414,2.6158846293605476,-1.4994350994907708,1.4994350994907708,
12670,39627793796959352,1.4305871601982665,blue,1000,powerlaw1000,101,5,4.115319728851318,1.871261978149414,2.425824392571305,-1.6894953362800131,1.6894953362800131,
12670,39627793796959352,1.4305871601982665,red,500,powerlaw500,51,5,1.0036447048187256,0.20211715698242189,1.1651344193901825,0.1614897145714569,0.1614897145714569,
12670,39627793796959352,1.4305871601982665,red,1000,powerlaw1000,101,5,1.0036447048187256,0.20211715698242189,1.0402680634822272,0.03662335866350164,0.03662335866350164,
6126,39627829498874494,1.273219183282016,blue,500,powerlaw500,51,5,0.30762532353401184,0.846320915222168,2.0229430952645613,1.7153177717305494,1.7153177717305494,
6126,39627829498874494,1.273219183282016,blue,1000,powerlaw1000,101,5,0.30762532353401184,0.846320915222168,3.043470850679703,2.735845527145691,2.735845527145691,
6126,39627829498874494,1.273219183282016,red,500,powerlaw500,51,5,0.8726941347122192,0.08577523827552795,1.1942753710333038,0.3215812363210846,0.3215812363210846,
6126,39627829498874494,1.273219183282016,red,1000,powerlaw1000,101,5,0.8726941347122192,0.08577523827552795,1.1575621962917846,0.28486806157956535,0.28486806157956535,
11784,39627787757161092,1.2020691475331982,blue,500,powerlaw500,51,5,-1.2186564207077026,2.009912872314453,3.4300606924481274,4.64871711315583,4.64871711315583,
11784,39627787757161092,1.2020691475331982,blue,1000,powerlaw1000,101,5,-1.2186564207077026,2.009912872314453,2.5350433800269663,3.753699800734669,3.753699800734669,
11784,39627787757161092,1.2020691475331982,red,500,powerlaw500,51,5,0.7381088137626648,0.2739502191543579,1.0080636552418452,0.26995484147918036,0.26995484147918036,
11784,39627787757161092,1.2020691475331982,red,1000,powerlaw1000,101,5,0.7381088137626648,0.2739502191543579,1.0593679372521383,0.3212591234894735,0.3212591234894735,
1107,39627841616221893,1.4337126569226997,blue,500,powerlaw500,51,5,4.789480686187744,3.0670192718505858,4.178981538516071,-0.610499147671673,0.610499147671673,
1107,39627841616221893,1.4337126569226997,blue,1000,powerlaw1000,101,5,4.789480686187744,3.0670192718505858,4.8564120838133285,0.06693139762558431,0.06693139762558431,
1107,39627841616221893,1.4337126569226997,red,500,powerlaw500,51,5,1.5766363143920898,0.5285099983215332,0.9755840299589023,-0.6010522844331876,0.6010522844331876,
1107,39627841616221893,1.4337126569226997,red,1000,powerlaw1000,101,5,1.5766363143920898,0.5285099983215332,0.964646882562298,-0.6119894318297918,0.6119894318297918,
2573,39627805360653639,1.4455308310850172,blue,500,powerlaw500,51,5,2.0203683376312256,3.3919395446777343,2.8585010152790007,0.8381326776477751,0.8381326776477751,
2573,39627805360653639,1.4455308310850172,blue,1000,powerlaw1000,101,5,2.0203683376312256,3.3919395446777343,2.184650836311738,0.16428249868051248,0.16428249868051248,
2573,39627805360653639,1.4455308310850172,red,500,powerlaw500,51,5,1.2382957935333252,0.599972152709961,0.6680496354376126,-0.5702461580957126,0.5702461580957126,
2573,39627805360653639,1.4455308310850172,red,1000,powerlaw1000,101,5,1.2382957935333252,0.599972152709961,0.6399714751387082,-0.598324318394617,0.598324318394617,
11167,39627859706250480,1.2203965431844137,blue,500,powerlaw500,51,5,-0.559988796710968,2.0993003845214844,1.8767749893986803,2.4367637861096485,2.4367637861096485,
11167,39627859706250480,1.2203965431844137,blue,1000,powerlaw1000,101,5,-0.559988796710968,2.0993003845214844,1.9853173683516985,2.5453061650626667,2.5453061650626667,
11167,39627859706250480,1.2203965431844137,red,500,powerlaw500,51,5,1.15842604637146,0.2887451410293579,1.1250304485031148,-0.03339559786834512,0.03339559786834512,
11167,39627859706250480,1.2203965431844137,red,1000,powerlaw1000,101,5,1.15842604637146,0.2887451410293579,1.1508425953461914,-0.007583451025268584,0.007583451025268584,
3519,39627817440252824,1.343629467398889,blue,500,powerlaw500,51,5,2.4306812286376953,2.6684566497802735,2.3525447539370266,-0.07813647470066876,0.07813647470066876,
3519,39627817440252824,1.343629467398889,blue,1000,powerlaw1000,101,5,2.4306812286376953,2.6684566497802735,1.977972537222719,-0.45270869141497627,0.45270869141497627,
3519,39627817440252824,1.343629467398889,red,500,powerlaw500,51,5,1.0145186185836792,0.2871544599533081,1.279179089004375,0.26466047042069585,0.26466047042069585,
3519,39627817440252824,1.343629467398889,red,1000,powerlaw1000,101,5,1.0145186185836792,0.2871544599533081,1.0553662251967977,0.04084760661311848,0.04084760661311848,
9499,39627841599441088,1.4559375240445849,blue,500,powerlaw500,51,5,8.5293607711792,2.2463747024536134,3.877007365708802,-4.652353405470397,4.652353405470397,
9499,39627841599441088,1.4559375240445849,blue,1000,powerlaw1000,101,5,8.5293607711792,2.2463747024536134,3.0940496736738012,-5.435311097505398,5.435311097505398,
9499,39627841599441088,1.4559375240445849,red,500,powerlaw500,51,5,0.8678073883056641,0.285734224319458,0.8901440541515127,0.02233666584584859,0.02233666584584859,
9499,39627841599441088,1.4559375240445849,red,1000,powerlaw1000,101,5,0.8678073883056641,0.285734224319458,0.8947597169252834,0.02695232861961938,0.02695232861961938,
546,39627580940225006,1.3488877905072727,blue,500,powerlaw500,51,5,5.452868461608887,1.5123435020446778,2.3747258117991956,-3.078142649809691,3.078142649809691,
546,39627580940225006,1.3488877905072727,blue,1000,powerlaw1000,101,5,5.452868461608887,1.5123435020446778,2.3704718182206097,-3.082396643388277,3.082396643388277,
546,39627580940225006,1.3488877905072727,red,500,powerlaw500,51,5,0.23870277404785156,0.19795398712158202,1.1943387279334456,0.9556359538855941,0.9556359538855941,
546,39627580940225006,1.3488877905072727,red,1000,powerlaw1000,101,5,0.23870277404785156,0.19795398712158202,1.0950010107200447,0.8562982366721932,0.8562982366721932,
6364,39627829515652610,1.3815514689287756,blue,500,powerlaw500,51,5,1.6140663623809814,1.8454389572143555,3.0606424531703498,1.4465760907893683,1.4465760907893683,
6364,39627829515652610,1.3815514689287756,blue,1000,powerlaw1000,101,5,1.6140663623809814,1.8454389572143555,2.393175538630368,0.7791091762493867,0.7791091762493867,
6364,39627829515652610,1.3815514689287756,red,500,powerlaw500,51,5,1.437909722328186,0.2528540849685669,1.375671615500228,-0.06223810682795805,0.06223810682795805,
6364,39627829515652610,1.3815514689287756,red,1000,powerlaw1000,101,5,1.437909722328186,0.2528540849685669,1.0511854452725573,-0.38672427705562873,0.38672427705562873,
9168,39627847647626161,1.3604897748516225,blue,500,powerlaw500,51,5,1.0624998807907104,2.7030712127685548,2.3220882538812946,1.2595883730905841,1.2595883730905841,
9168,39627847647626161,1.3604897748516225,blue,1000,powerlaw1000,101,5,1.0624998807907104,2.7030712127685548,1.9634375181402315,0.900937637349521,0.900937637349521,
9168,39627847647626161,1.3604897748516225,red,500,powerlaw500,51,5,-0.44766849279403687,0.2837209939956665,1.1682022752329952,1.6158707680270321,1.6158707680270321,
9168,39627847647626161,1.3604897748516225,red,1000,powerlaw1000,101,5,-0.44766849279403687,0.2837209939956665,1.0530345386933597,1.5007030314873966,1.5007030314873966,
8407,39627829528237054,1.2899606335580207,blue,500,powerlaw500,51,5,5.479031085968018,1.6451606750488281,3.2350457557684598,-2.243985330199558,2.243985330199558,
8407,39627829528237054,1.2899606335580207,blue,1000,powerlaw1000,101,5,5.479031085968018,1.6451606750488281,3.0057977132923055,-2.473233372675712,2.473233372675712,
8407,39627829528237054,1.2899606335580207,red,500,powerlaw500,51,5,0.9365941882133484,0.2803014278411865,0.9667506471468604,0.030156458933512043,0.030156458933512043,
8407,39627829528237054,1.2899606335580207,red,1000,powerlaw1000,101,5,0.9365941882133484,0.2803014278411865,0.9980556366772673,0.06146144846391888,0.06146144846391888,
12704,39627775677566419,1.4001822416852938,blue,500,powerlaw500,51,5,3.9417693614959717,2.525747299194336,3.8876476087358482,-0.05412175276012343,0.05412175276012343,
12704,39627775677566419,1.4001822416852938,blue,1000,powerlaw1000,101,5,3.9417693614959717,2.525747299194336,3.7163573070922444,-0.22541205440372725,0.22541205440372725,
12704,39627775677566419,1.4001822416852938,red,500,powerlaw500,51,5,1.3931796550750732,0.2951574087142944,1.4632533128079017,0.07007365773282848,0.07007365773282848,
12704,39627775677566419,1.4001822416852938,red,1000,powerlaw1000,101,5,1.3931796550750732,0.2951574087142944,0.9401281568890537,-0.45305149818601953,0.45305149818601953,
10057,39627835555448716,1.3340169843439955,blue,500,powerlaw500,51,5,1.6942436695098877,2.1008405685424805,0.8410630634287406,-0.8531806060811471,0.8531806060811471,
10057,39627835555448716,1.3340169843439955,blue,1000,powerlaw1000,101,5,1.6942436695098877,2.1008405685424805,1.1731447636639187,-0.521098905845969,0.521098905845969,
10057,39627835555448716,1.3340169843439955,red,500,powerlaw500,51,5,0.28436118364334106,0.26025559902191164,0.9558458363557696,0.6714846527124285,0.6714846527124285,
10057,39627835555448716,1.3340169843439955,red,1000,powerlaw1000,101,5,0.28436118364334106,0.26025559902191164,1.1202683319284659,0.8359071482851248,0.8359071482851248,
4105,39627811392066024,1.3436994260567665,blue,500,powerlaw500,51,5,1.8587007522583008,2.719067192077637,1.0042863683163779,-0.8544143839419229,0.8544143839419229,
4105,39627811392066024,1.3436994260567665,blue,1000,powerlaw1000,101,5,1.8587007522583008,2.719067192077637,1.3366420597668156,-0.5220586924914852,0.5220586924914852,
4105,39627811392066024,1.3436994260567665,red,500,powerlaw500,51,5,1.691441297531128,0.27531516551971436,1.4239572248402488,-0.26748407269087915,0.26748407269087915,
4105,39627811392066024,1.3436994260567665,red,1000,powerlaw1000,101,5,1.691441297531128,0.27531516551971436,1.1882874688505662,-0.5031538286805617,0.5031538286805617,
6888,39627841586858028,1.4582529256544905,blue,500,powerlaw500,51,5,1.1938592195510864,1.4108514785766602,2.526696765350107,1.3328375457990207,1.3328375457990207,
6888,39627841586858028,1.4582529256544905,blue,1000,powerlaw1000,101,5,1.1938592195510864,1.4108514785766602,2.1079005864053317,0.9140413668542453,0.9140413668542453,
6888,39627841586858028,1.4582529256544905,red,500,powerlaw500,51,5,1.9599241018295288,0.2108070135116577,0.9846842316297495,-0.9752398701997793,0.9752398701997793,
6888,39627841586858028,1.4582529256544905,red,1000,powerlaw1000,101,5,1.9599241018295288,0.2108070135116577,0.8575651958258594,-1.1023589060036694,1.1023589060036694,
11593,39627793801152533,1.3442235890546792,blue,500,powerlaw500,51,5,-9.464723587036133,4.631549072265625,5.100947427937735,14.565671014973868,14.565671014973868,
11593,39627793801152533,1.3442235890546792,blue,1000,powerlaw1000,101,5,-9.464723587036133,4.631549072265625,2.801880112279801,12.266603699315933,12.266603699315933,
11593,39627793801152533,1.3442235890546792,red,500,powerlaw500,51,5,0.0942014679312706,0.5341343402862548,1.0813263496540393,0.9871248817227687,0.9871248817227687,
11593,39627793801152533,1.3442235890546792,red,1000,powerlaw1000,101,5,0.0942014679312706,0.5341343402862548,1.3044957434899416,1.210294275558671,1.210294275558671,
841,39627835580615712,1.5828495552268325,blue,500,powerlaw500,51,4,2.436082363128662,1.4432896375656128,1.8161294827977246,-0.6199528803309375,0.6199528803309375,
841,39627835580615712,1.5828495552268325,blue,1000,powerlaw1000,101,4,2.436082363128662,1.4432896375656128,2.221157816987759,-0.21492454614090306,0.21492454614090306,
841,39627835580615712,1.5828495552268325,red,500,powerlaw500,51,4,0.6436646580696106,0.269535630941391,0.8828325881973969,0.23916793012778625,0.23916793012778625,
841,39627835580615712,1.5828495552268325,red,1000,powerlaw1000,101,4,0.6436646580696106,0.269535630941391,0.6396614820398803,-0.0040031760297303265,0.0040031760297303265,
12724,39627793801151030,1.4911110656398394,blue,500,powerlaw500,51,5,4.164003849029541,3.591050720214844,5.965439494730838,1.8014356457012966,1.8014356457012966,
12724,39627793801151030,1.4911110656398394,blue,1000,powerlaw1000,101,5,4.164003849029541,3.591050720214844,4.496549012785401,0.3325451637558601,0.3325451637558601,
12724,39627793801151030,1.4911110656398394,red,500,powerlaw500,51,5,1.064297080039978,0.44287891387939454,0.8214455077867455,-0.2428515722532325,0.2428515722532325,
12724,39627793801151030,1.4911110656398394,red,1000,powerlaw1000,101,5,1.064297080039978,0.44287891387939454,0.6940437032177753,-0.3702533768222027,0.3702533768222027,
8444,39627829532429975,1.271050292594729,blue,500,powerlaw500,51,5,2.7698464393615723,3.097428321838379,4.302331405196848,1.532484965835276,1.532484965835276,
8444,39627829532429975,1.271050292594729,blue,1000,powerlaw1000,101,5,2.7698464393615723,3.097428321838379,4.480930216991952,1.71108377763038,1.71108377763038,
8444,39627829532429975,1.271050292594729,red,500,powerlaw500,51,5,-0.02472536638379097,0.7227652072906494,0.6002672147876478,0.6249925811714387,0.6249925811714387,
8444,39627829532429975,1.271050292594729,red,1000,powerlaw1000,101,5,-0.02472536638379097,0.7227652072906494,0.9385957912225331,0.9633211576063241,0.9633211576063241,
6440,39627841582665687,1.245333523344185,blue,500,powerlaw500,51,5,-1.7726871967315674,1.895634078979492,1.900455592344414,3.6731427890759814,3.6731427890759814,
6440,39627841582665687,1.245333523344185,blue,1000,powerlaw1000,101,5,-1.7726871967315674,1.895634078979492,2.4174307526531194,4.190117949384687,4.190117949384687,
6440,39627841582665687,1.245333523344185,red,500,powerlaw500,51,5,0.6561223864555359,0.3648079872131348,0.9690397860386263,0.3129173995830904,0.3129173995830904,
6440,39627841582665687,1.245333523344185,red,1000,powerlaw1000,101,5,0.6561223864555359,0.3648079872131348,0.960939061403792,0.30481667494825615,0.30481667494825615,
10544,39627859710445195,1.253592651724477,blue,500,powerlaw500,51,5,3.864683151245117,2.2766996383666993,2.9984071447554177,-0.8662760064896995,0.8662760064896995,
10544,39627859710445195,1.253592651724477,blue,1000,powerlaw1000,101,5,3.864683151245117,2.2766996383666993,1.8985641312342036,-1.9661190200109135,1.9661190200109135,
10544,39627859710445195,1.253592651724477,red,500,powerlaw500,51,5,0.6066586375236511,0.28169467449188235,0.9003361771088262,0.29367753958517506,0.29367753958517506,
10544,39627859710445195,1.253592651724477,red,1000,powerlaw1000,101,5,0.6066586375236511,0.28169467449188235,1.147779472244518,0.5411208347208669,0.5411208347208669,
7656,39627829532429519,1.564235094748227,blue,500,powerlaw500,51,4,3.486311674118042,1.4176894426345825,2.2325961043651446,-1.2537155697528974,1.2537155697528974,
7656,39627829532429519,1.564235094748227,blue,1000,powerlaw1000,101,4,3.486311674118042,1.4176894426345825,1.991417018926822,-1.49489465519122,1.49489465519122,
7656,39627829532429519,1.564235094748227,red,500,powerlaw500,51,4,1.1133084297180176,0.1625552475452423,0.9353993389077373,-0.17790909081028028,0.17790909081028028,
7656,39627829532429519,1.564235094748227,red,1000,powerlaw1000,101,4,1.1133084297180176,0.1625552475452423,0.7382001469808631,-0.37510828273715446,0.37510828273715446,
3517,39627805356463699,1.2633811905670624,blue,500,powerlaw500,51,5,6.84557580947876,2.7483732223510744,8.35886383583265,1.5132880263538908,1.5132880263538908,
3517,39627805356463699,1.2633811905670624,blue,1000,powerlaw1000,101,5,6.84557580947876,2.7483732223510744,8.26120939056588,1.4156335810871195,1.4156335810871195,
3517,39627805356463699,1.2633811905670624,red,500,powerlaw500,51,5,0.8629330396652222,0.2559287309646606,1.2279701515961918,0.36503711193096966,0.36503711193096966,
3517,39627805356463699,1.2633811905670624,red,1000,powerlaw1000,101,5,0.8629330396652222,0.2559287309646606,1.0939432943160126,0.2310102546507904,0.2310102546507904,
2190,39627847660210834,1.3681759764879469,blue,500,powerlaw500,51,5,2.3971900939941406,0.9171805381774902,3.101986283396567,0.7047961894024262,0.7047961894024262,
2190,39627847660210834,1.3681759764879469,blue,1000,powerlaw1000,101,5,2.3971900939941406,0.9171805381774902,2.857251693894665,0.4600615999005244,0.4600615999005244,
2190,39627847660210834,1.3681759764879469,red,500,powerlaw500,51,5,0.9674803614616394,0.10246902704238892,1.1591569994531696,0.19167663799153023,0.19167663799153023,
2190,39627847660210834,1.3681759764879469,red,1000,powerlaw1000,101,5,0.9674803614616394,0.10246902704238892,0.9903714158118987,0.022891054350259288,0.022891054350259288,
8323,39627835568032657,1.4055321858978111,blue,500,powerlaw500,51,5,4.1418561935424805,2.4683300018310548,1.2886696338681094,-2.853186559674371,2.853186559674371,
8323,39627835568032657,1.4055321858978111,blue,1000,powerlaw1000,101,5,4.1418561935424805,2.4683300018310548,2.1585958992811323,-1.9832602942613482,1.9832602942613482,
8323,39627835568032657,1.4055321858978111,red,500,powerlaw500,51,5,0.5773552656173706,0.3359742403030396,0.791545046233792,0.21418978061642135,0.21418978061642135,
8323,39627835568032657,1.4055321858978111,red,1000,powerlaw1000,101,5,0.5773552656173706,0.3359742403030396,1.005616159310022,0.4282608936926513,0.4282608936926513,
2354,39627847656016465,1.3327382023700851,blue,500,powerlaw500,51,5,3.0087814331054688,1.7534801483154296,1.8525290612721914,-1.1562523718332773,1.1562523718332773,
2354,39627847656016465,1.3327382023700851,blue,1000,powerlaw1000,101,5,3.0087814331054688,1.7534801483154296,1.902902828771668,-1.1058786043338007,1.1058786043338007,
2354,39627847656016465,1.3327382023700851,red,500,powerlaw500,51,5,0.8004286885261536,0.21201462745666505,1.1592967171446151,0.35886802861846157,0.35886802861846157,
2354,39627847656016465,1.3327382023700851,red,1000,powerlaw1000,101,5,0.8004286885261536,0.21201462745666505,1.1308581198082446,0.330429431282091,0.330429431282091,
8312,39627823484242125,1.4428483340526306,blue,500,powerlaw500,51,5,3.40059232711792,2.8594263076782225,4.815054609584719,1.4144622824667987,1.4144622824667987,
8312,39627823484242125,1.4428483340526306,blue,1000,powerlaw1000,101,5,3.40059232711792,2.8594263076782225,4.529348379117728,1.128756051999808,1.128756051999808,
8312,39627823484242125,1.4428483340526306,red,500,powerlaw500,51,5,1.0766270160675049,0.45407533645629883,1.1802626151221178,0.10363559905461295,0.10363559905461295,
8312,39627823484242125,1.4428483340526306,red,1000,powerlaw1000,101,5,1.0766270160675049,0.45407533645629883,1.1962859826876269,0.11965896662012199,0.11965896662012199,
8982,39627847626658244,1.2554766480709072,blue,500,powerlaw500,51,5,2.5148301124572754,1.9872955322265624,3.6238278250604843,1.108997712603209,1.108997712603209,
8982,39627847626658244,1.2554766480709072,blue,1000,powerlaw1000,101,5,2.5148301124572754,1.9872955322265624,3.6162167764041486,1.1013866639468732,1.1013866639468732,
8982,39627847626658244,1.2554766480709072,red,500,powerlaw500,51,5,0.6260451078414917,0.4954662322998047,0.9756452231618713,0.3496001153203796,0.3496001153203796,
8982,39627847626658244,1.2554766480709072,red,1000,powerlaw1000,101,5,0.6260451078414917,0.4954662322998047,1.1813268287992402,0.5552817209577485,0.5552817209577485,
5139,39627847651819567,1.341377810035367,blue,500,powerlaw500,51,5,2.8275094032287598,1.4757090568542481,1.5943005303826883,-1.2332088728460715,1.2332088728460715,
5139,39627847651819567,1.341377810035367,blue,1000,powerlaw1000,101,5,2.8275094032287598,1.4757090568542481,1.5462553445335583,-1.2812540586952015,1.2812540586952015,
5139,39627847651819567,1.341377810035367,red,500,powerlaw500,51,5,1.3096554279327393,0.3945147037506104,1.1295257470841595,-0.18012968084857972,0.18012968084857972,
5139,39627847651819567,1.341377810035367,red,1000,powerlaw1000,101,5,1.3096554279327393,0.3945147037506104,1.0447265275012914,-0.2649289004314479,0.2649289004314479,
8274,39627835572225327,1.340556436538083,blue,500,powerlaw500,51,5,4.7958173751831055,2.401303291320801,5.437241848971081,0.6414244737879757,0.6414244737879757,
8274,39627835572225327,1.340556436538083,blue,1000,powerlaw1000,101,5,4.7958173751831055,2.401303291320801,4.7481908792276535,-0.047626495955451986,0.047626495955451986,
8274,39627835572225327,1.340556436538083,red,500,powerlaw500,51,5,1.2535840272903442,0.32056996822357176,1.0078678637201688,-0.24571616357017545,0.24571616357017545,
8274,39627835572225327,1.340556436538083,red,1000,powerlaw1000,101,5,1.2535840272903442,0.32056996822357176,0.9519305115035397,-0.30165351578680455,0.30165351578680455,
4209,39627865758635194,1.3511570719430834,blue,500,powerlaw500,51,5,3.948701858520508,6.246721649169922,2.700709593510275,-1.2479922650102329,1.2479922650102329,
4209,39627865758635194,1.3511570719430834,blue,1000,powerlaw1000,101,5,3.948701858520508,6.246721649169922,3.2026580175156725,-0.7460438410048353,0.7460438410048353,
4209,39627865758635194,1.3511570719430834,red,500,powerlaw500,51,5,-0.2546985149383545,0.6045568466186524,0.7190436415189585,0.973742156457313,0.973742156457313,
4209,39627865758635194,1.3511570719430834,red,1000,powerlaw1000,101,5,-0.2546985149383545,0.6045568466186524,0.9656673882487062,1.2203659031870608,1.2203659031870608,
10188,39627853658067023,1.433365632643069,blue,500,powerlaw500,51,5,3.495619297027588,3.6679195404052733,4.794290416875864,1.2986711198482759,1.2986711198482759,
10188,39627853658067023,1.433365632643069,blue,1000,powerlaw1000,101,5,3.495619297027588,3.6679195404052733,4.860087555529551,1.3644682585019634,1.3644682585019634,
10188,39627853658067023,1.433365632643069,red,500,powerlaw500,51,5,2.0568289756774902,0.5780365943908692,0.8480552506513991,-1.208773725026091,1.208773725026091,
10188,39627853658067023,1.433365632643069,red,1000,powerlaw1000,101,5,2.0568289756774902,0.5780365943908692,0.9120148817258048,-1.1448140939516853,1.1448140939516853,
714,39627563034739324,1.4899463805718451,blue,500,powerlaw500,51,5,0.296097993850708,2.1276212692260743,1.8588662232010342,1.5627682293503262,1.5627682293503262,
714,39627563034739324,1.4899463805718451,blue,1000,powerlaw1000,101,5,0.296097993850708,2.1276212692260743,1.9881767459043693,1.6920787520536613,1.6920787520536613,
714,39627563034739324,1.4899463805718451,red,500,powerlaw500,51,5,0.8684325218200684,0.21876540184020996,0.7307309741385408,-0.13770154768152754,0.13770154768152754,
714,39627563034739324,1.4899463805718451,red,1000,powerlaw1000,101,5,0.8684325218200684,0.21876540184020996,0.7125831597732356,-0.15584936204683275,0.15584936204683275,
2762,39627817431860151,1.4689439081696405,blue,500,powerlaw500,51,5,6.827664852142334,2.759095573425293,3.118154840508352,-3.709510011633982,3.709510011633982,
2762,39627817431860151,1.4689439081696405,blue,1000,powerlaw1000,101,5,6.827664852142334,2.759095573425293,3.943361633305713,-2.884303218836621,2.884303218836621,
2762,39627817431860151,1.4689439081696405,red,500,powerlaw500,51,5,1.5753910541534424,0.4341909885406494,1.5013687284537667,-0.0740223256996757,0.0740223256996757,
2762,39627817431860151,1.4689439081696405,red,1000,powerlaw1000,101,5,1.5753910541534424,0.4341909885406494,0.9162279804337938,-0.6591630737196486,0.6591630737196486,
11426,39627853670648707,1.2804256753390335,blue,500,powerlaw500,51,5,5.571168422698975,2.24157829284668,4.093024455878322,-1.4781439668206522,1.4781439668206522,
11426,39627853670648707,1.2804256753390335,blue,1000,powerlaw1000,101,5,5.571168422698975,2.24157829284668,4.3492614756174905,-1.221906947081484,1.221906947081484,
11426,39627853670648707,1.2804256753390335,red,500,powerlaw500,51,5,0.8530539274215698,0.3048290252685547,0.7829293831608297,-0.07012454426074011,0.07012454426074011,
11426,39627853670648707,1.2804256753390335,red,1000,powerlaw1000,101,5,0.8530539274215698,0.3048290252685547,1.183054625428755,0.33000069800718523,0.33000069800718523,
10760,39627853666453386,1.409201728928988,blue,500,powerlaw500,51,5,2.9346938133239746,1.4626811027526856,2.244049481118813,-0.6906443322051614,0.6906443322051614,
10760,39627853666453386,1.409201728928988,blue,1000,powerlaw1000,101,5,2.9346938133239746,1.4626811027526856,2.4247039436811706,-0.509989869642804,0.509989869642804,
10760,39627853666453386,1.409201728928988,red,500,powerlaw500,51,5,0.7750576138496399,0.22388677597045897,1.097529478943936,0.32247186509429615,0.32247186509429615,
10760,39627853666453386,1.409201728928988,red,1000,powerlaw1000,101,5,0.7750576138496399,0.22388677597045897,0.979033595809123,0.20397598195948308,0.20397598195948308,
7274,39627829540815815,1.2434303243528848,blue,500,powerlaw500,51,5,0.6323599815368652,0.3552725076675415,0.06631924165742642,-0.5660407398794388,0.5660407398794388,
7274,39627829540815815,1.2434303243528848,blue,1000,powerlaw1000,101,5,0.6323599815368652,0.3552725076675415,0.16928236959571383,-0.4630776119411514,0.4630776119411514,
7274,39627829540815815,1.2434303243528848,red,500,powerlaw500,51,5,1.0888807773590088,0.05160436630249023,1.375376379277776,0.2864956019187672,0.2864956019187672,
7274,39627829540815815,1.2434303243528848,red,1000,powerlaw1000,101,5,1.0888807773590088,0.05160436630249023,1.5325770465018025,0.4436962691427937,0.4436962691427937,
6902,39627829507265330,1.3106950711369891,blue,500,powerlaw500,51,5,5.165322303771973,3.916749954223633,5.9340560496534085,0.7687337458814358,0.7687337458814358,
6902,39627829507265330,1.3106950711369891,blue,1000,powerlaw1000,101,5,5.165322303771973,3.916749954223633,4.6700036309278925,-0.49531867284408015,0.49531867284408015,
6902,39627829507265330,1.3106950711369891,red,500,powerlaw500,51,5,0.7888311147689819,0.3873866319656372,0.8883445168049284,0.0995134020359465,0.0995134020359465,
6902,39627829507265330,1.3106950711369891,red,1000,powerlaw1000,101,5,0.7888311147689819,0.3873866319656372,0.9951568469190761,0.2063257321500942,0.2063257321500942,
5427,39627829503067911,1.6019546022111184,blue,500,powerlaw500,51,4,8.391275405883789,2.0994367599487305,4.39284449271798,-3.9984309131658087,3.9984309131658087,
5427,39627829503067911,1.6019546022111184,blue,1000,powerlaw1000,101,4,8.391275405883789,2.0994367599487305,4.717843361385258,-3.673432044498531,3.673432044498531,
5427,39627829503067911,1.6019546022111184,red,500,powerlaw500,51,4,0.5518621206283569,0.37274858355522156,1.073672621677475,0.5218105010491181,0.5218105010491181,
5427,39627829503067911,1.6019546022111184,red,1000,powerlaw1000,101,4,0.5518621206283569,0.37274858355522156,0.9702732503044319,0.41841112967607497,0.41841112967607497,
1912,39627835580615706,1.200217635184179,blue,500,powerlaw500,51,5,2.762068271636963,2.8252080917358398,3.2435187985050398,0.4814505268680769,0.4814505268680769,
1912,39627835580615706,1.200217635184179,blue,1000,powerlaw1000,101,5,2.762068271636963,2.8252080917358398,2.0212250815406536,-0.7408431900963093,0.7408431900963093,
1912,39627835580615706,1.200217635184179,red,500,powerlaw500,51,5,0.9363816380500793,0.5015274524688721,0.7308107243827049,-0.20557091366737446,0.20557091366737446,
1912,39627835580615706,1.200217635184179,red,1000,powerlaw1000,101,5,0.9363816380500793,0.5015274524688721,1.0130305235289314,0.07664888547885207,0.07664888547885207,
2263,39627853704203458,1.4742124035425577,blue,500,powerlaw500,51,5,3.775669574737549,1.248546314239502,1.6546744785253515,-2.120995096212197,2.120995096212197,
2263,39627853704203458,1.4742124035425577,blue,1000,powerlaw1000,101,5,3.775669574737549,1.248546314239502,2.1106037948520155,-1.6650657798855333,1.6650657798855333,
2263,39627853704203458,1.4742124035425577,red,500,powerlaw500,51,5,0.9794785380363464,0.18721915483474733,1.2098945044466076,0.23041596641026119,0.23041596641026119,
2263,39627853704203458,1.4742124035425577,red,1000,powerlaw1000,101,5,0.9794785380363464,0.18721915483474733,0.820790332754615,-0.15868820528173144,0.15868820528173144,
3866,39627811400452167,1.2230861556508787,blue,500,powerlaw500,51,5,3.7354190349578857,1.1830001831054688,2.1711176177140286,-1.5643014172438572,1.5643014172438572,
3866,39627811400452167,1.2230861556508787,blue,1000,powerlaw1000,101,5,3.7354190349578857,1.1830001831054688,2.0977996147671267,-1.637619420190759,1.637619420190759,
3866,39627811400452167,1.2230861556508787,red,500,powerlaw500,51,5,0.7280867099761963,0.10520251989364623,0.8998693833743887,0.17178267339819242,0.17178267339819242,
3866,39627811400452167,1.2230861556508787,red,1000,powerlaw1000,101,5,0.7280867099761963,0.10520251989364623,1.1068986891181116,0.37881197914191533,0.37881197914191533,
11841,39627781713170627,1.3642280290061946,blue,500,powerlaw500,51,5,2.3450701236724854,1.7519847869873046,1.7661916190026212,-0.5788785046698641,0.5788785046698641,
11841,39627781713170627,1.3642280290061946,blue,1000,powerlaw1000,101,5,2.3450701236724854,1.7519847869873046,1.744998609701911,-0.6000715139705743,0.6000715139705743,
11841,39627781713170627,1.3642280290061946,red,500,powerlaw500,51,5,1.1494991779327393,0.14697293043136597,1.2777742607764229,0.1282750828436836,0.1282750828436836,
11841,39627781713170627,1.3642280290061946,red,1000,powerlaw1000,101,5,1.1494991779327393,0.14697293043136597,1.0667823233475358,-0.0827168545852035,0.0827168545852035,
711,39627574959149530,1.3297708634010696,blue,500,powerlaw500,51,5,2.481788396835327,1.3597043991088866,1.5323861020538156,-0.9494022947815115,0.9494022947815115,
711,39627574959149530,1.3297708634010696,blue,1000,powerlaw1000,101,5,2.481788396835327,1.3597043991088866,1.6407741754712624,-0.8410142213640648,0.8410142213640648,
711,39627574959149530,1.3297708634010696,red,500,powerlaw500,51,5,1.2705066204071045,0.20776233673095704,1.1281256552525998,-0.1423809651545047,0.1423809651545047,
711,39627574959149530,1.3297708634010696,red,1000,powerlaw1000,101,5,1.2705066204071045,0.20776233673095704,1.0756652029663776,-0.19484141744072692,0.19484141744072692,
4334,39627865767023256,1.268234706824708,blue,500,powerlaw500,51,5,-1.1311171054840088,2.445240783691406,2.746420197624706,3.877537303108715,3.877537303108715,
4334,39627865767023256,1.268234706824708,blue,1000,powerlaw1000,101,5,-1.1311171054840088,2.445240783691406,0.49255083558999546,1.6236679410740043,1.6236679410740043,
4334,39627865767023256,1.268234706824708,red,500,powerlaw500,51,5,0.4541858732700348,0.33489294052124025,0.9373869804058952,0.4832011071358604,0.4832011071358604,
4334,39627865767023256,1.268234706824708,red,1000,powerlaw1000,101,5,0.4541858732700348,0.33489294052124025,0.8791655747888061,0.4249797015187713,0.4249797015187713,
4558,39627853691621149,1.263399377555538,blue,500,powerlaw500,51,5,3.151027202606201,1.6255353927612304,3.2309436568743792,0.07991645426817806,0.07991645426817806,
4558,39627853691621149,1.263399377555538,blue,1000,powerlaw1000,101,5,3.151027202606201,1.6255353927612304,3.056713256999532,-0.09431394560666906,0.09431394560666906,
4558,39627853691621149,1.263399377555538,red,500,powerlaw500,51,5,0.772059440612793,0.2320244312286377,1.3092907466051997,0.5372313059924068,0.5372313059924068,
4558,39627853691621149,1.263399377555538,red,1000,powerlaw1000,101,5,0.772059440612793,0.2320244312286377,1.2706475960547459,0.4985881554419529,0.4985881554419529,
1492,39627853700009315,1.5509367214338317,blue,500,powerlaw500,51,4,9.132612228393555,3.160186529159546,2.330429411035963,-6.802182817357592,6.802182817357592,
1492,39627853700009315,1.5509367214338317,blue,1000,powerlaw1000,101,4,9.132612228393555,3.160186529159546,2.8159327590514835,-6.316679469342072,6.316679469342072,
1492,39627853700009315,1.5509367214338317,red,500,powerlaw500,51,4,1.1219103336334229,0.25164175033569336,0.8560208544826773,-0.26588947915074557,0.26588947915074557,
1492,39627853700009315,1.5509367214338317,red,1000,powerlaw1000,101,4,1.1219103336334229,0.25164175033569336,0.8612894660633589,-0.260620867570064,0.260620867570064,
3609,39627817444442240,1.5205296849333905,blue,500,powerlaw500,51,4,-1.2050167322158813,4.771528720855713,4.4880044557527965,5.693021187968678,5.693021187968678,
3609,39627817444442240,1.5205296849333905,blue,1000,powerlaw1000,101,4,-1.2050167322158813,4.771528720855713,4.505127733521771,5.7101444657376526,5.7101444657376526,
3609,39627817444442240,1.5205296849333905,red,500,powerlaw500,51,4,0.703803539276123,0.5707148313522339,1.6431794000066549,0.9393758607305318,0.9393758607305318,
3609,39627817444442240,1.5205296849333905,red,1000,powerlaw1000,101,4,0.703803539276123,0.5707148313522339,1.0735731552893044,0.36976961601318137,0.36976961601318137,
10410,39627859706253658,1.4124234456424192,blue,500,powerlaw500,51,5,1.5820616483688354,2.6650033950805665,5.789678396523262,4.207616748154426,4.207616748154426,
10410,39627859706253658,1.4124234456424192,blue,1000,powerlaw1000,101,5,1.5820616483688354,2.6650033950805665,5.040109532563308,3.458047884194473,3.458047884194473,
10410,39627859706253658,1.4124234456424192,red,500,powerlaw500,51,5,1.0400129556655884,0.2582524538040161,1.3997332726088365,0.35972031694324813,0.35972031694324813,
10410,39627859706253658,1.4124234456424192,red,1000,powerlaw1000,101,5,1.0400129556655884,0.2582524538040161,1.1098898524987177,0.06987689683312936,0.06987689683312936,
3255,39627823475854952,1.6427853372042591,blue,500,powerlaw500,51,4,7.216819763183594,1.258347749710083,9.907577078391657,2.6907573152080637,2.6907573152080637,
3255,39627823475854952,1.6427853372042591,blue,1000,powerlaw1000,101,4,7.216819763183594,1.258347749710083,9.407513839536469,2.190694076352875,2.190694076352875,
3255,39627823475854952,1.6427853372042591,red,500,powerlaw500,51,4,1.0079442262649536,0.17458270490169525,1.0442097128897743,0.03626548662482065,0.03626548662482065,
3255,39627823475854952,1.6427853372042591,red,1000,powerlaw1000,101,4,1.0079442262649536,0.17458270490169525,1.1011098710682692,0.09316564480331557,0.09316564480331557,
1166,39627847660212771,1.2368357146564777,blue,500,powerlaw500,51,5,3.2380950450897217,2.3122028350830077,3.525320733136907,0.2872256880471853,0.2872256880471853,
1166,39627847660212771,1.2368357146564777,blue,1000,powerlaw1000,101,5,3.2380950450897217,2.3122028350830077,4.349949010982537,1.1118539658928155,1.1118539658928155,
1166,39627847660212771,1.2368357146564777,red,500,powerlaw500,51,5,1.237240195274353,0.34523496627807615,0.922452602655663,-0.31478759261869005,0.31478759261869005,
1166,39627847660212771,1.2368357146564777,red,1000,powerlaw1000,101,5,1.237240195274353,0.34523496627807615,1.0932815646106921,-0.14395863066366088,0.14395863066366088,
7919,39627817448640669,1.4169115897986482,blue,500,powerlaw500,51,5,2.429797649383545,2.4638544082641602,5.390841565147868,2.961043915764323,2.961043915764323,
7919,39627817448640669,1.4169115897986482,blue,1000,powerlaw1000,101,5,2.429797649383545,2.4638544082641602,4.949330755868543,2.5195331064849977,2.5195331064849977,
7919,39627817448640669,1.4169115897986482,red,500,powerlaw500,51,5,1.5398656129837036,0.2330737829208374,1.3344908304287748,-0.2053747825549288,0.2053747825549288,
7919,39627817448640669,1.4169115897986482,red,1000,powerlaw1000,101,5,1.5398656129837036,0.2330737829208374,0.9487171245389536,-0.59114848844475,0.59114848844475,
7042,39627835572224790,1.5987934094786056,blue,500,powerlaw500,51,4,1.4831668138504028,2.1525826454162598,2.038849832944739,0.555683019094336,0.555683019094336,
7042,39627835572224790,1.5987934094786056,blue,1000,powerlaw1000,101,4,1.4831668138504028,2.1525826454162598,1.3021373559973726,-0.18102945785303026,0.18102945785303026,
7042,39627835572224790,1.5987934094786056,red,500,powerlaw500,51,4,1.325006127357483,0.2874448299407959,0.661363914850902,-0.663642212506581,0.663642212506581,
7042,39627835572224790,1.5987934094786056,red,1000,powerlaw1000,101,4,1.325006127357483,0.2874448299407959,0.5415135858940427,-0.7834925414634402,0.7834925414634402,
3931,39627823484241904,1.377098489844074,blue,500,powerlaw500,51,5,1.6463725566864014,0.8706969261169434,1.831004984006951,0.18463242732054974,0.18463242732054974,
3931,39627823484241904,1.377098489844074,blue,1000,powerlaw1000,101,5,1.6463725566864014,0.8706969261169434,1.8170665699286654,0.17069401324226408,0.17069401324226408,
3931,39627823484241904,1.377098489844074,red,500,powerlaw500,51,5,1.165923833847046,0.12913153171539307,1.13746473052917,-0.028459103317875822,0.028459103317875822,
3931,39627823484241904,1.377098489844074,red,1000,powerlaw1000,101,5,1.165923833847046,0.12913153171539307,0.9595527271512092,-0.2063711066958367,0.2063711066958367,
10973,39627865737659347,1.4613922742226495,blue,500,powerlaw500,51,5,3.1785848140716553,2.3144140243530273,3.5245772814010827,0.34599246732942746,0.34599246732942746,
10973,39627865737659347,1.4613922742226495,blue,1000,powerlaw1000,101,5,3.1785848140716553,2.3144140243530273,3.271289686027886,0.09270487195623067,0.09270487195623067,
10973,39627865737659347,1.4613922742226495,red,500,powerlaw500,51,5,0.8536485433578491,0.2275399684906006,0.9819826892213077,0.1283341458634586,0.1283341458634586,
10973,39627865737659347,1.4613922742226495,red,1000,powerlaw1000,101,5,0.8536485433578491,0.2275399684906006,1.0125740075263043,0.1589254641684552,0.1589254641684552,
6000,39627823463272205,1.336635982394552,blue,500,powerlaw500,51,5,7.6727776527404785,3.756295013427734,1.9594705112121062,-5.7133071415283725,5.7133071415283725,
6000,39627823463272205,1.336635982394552,blue,1000,powerlaw1000,101,5,7.6727776527404785,3.756295013427734,1.99398831038109,-5.678789342359389,5.678789342359389,
6000,39627823463272205,1.336635982394552,red,500,powerlaw500,51,5,1.2071908712387085,0.2813718795776367,1.6455128657029285,0.43832199446422004,0.43832199446422004,
6000,39627823463272205,1.336635982394552,red,1000,powerlaw1000,101,5,1.2071908712387085,0.2813718795776367,1.3582594737213416,0.1510686024826331,0.1510686024826331,
2035,39627853700006381,1.435394832675809,blue,500,powerlaw500,51,5,5.335814952850342,1.506984043121338,4.24202070711482,-1.0937942457355216,1.0937942457355216,
2035,39627853700006381,1.435394832675809,blue,1000,powerlaw1000,101,5,5.335814952850342,1.506984043121338,3.5145712288819717,-1.82124372396837,1.82124372396837,
2035,39627853700006381,1.435394832675809,red,500,powerlaw500,51,5,0.9091475605964661,0.26083543300628664,0.8403650622410694,-0.06878249835539663,0.06878249835539663,
2035,39627853700006381,1.435394832675809,red,1000,powerlaw1000,101,5,0.9091475605964661,0.26083543300628664,0.7938406416561297,-0.1153069189403364,0.1153069189403364,
11651,39627781721558391,1.291056346660115,blue,500,powerlaw500,51,5,3.2899386882781982,5.615488433837891,4.28160247037943,0.9916637821012317,0.9916637821012317,
11651,39627781721558391,1.291056346660115,blue,1000,powerlaw1000,101,5,3.2899386882781982,5.615488433837891,2.8363457746056278,-0.4535929136725705,0.4535929136725705,
11651,39627781721558391,1.291056346660115,red,500,powerlaw500,51,5,0.6553348302841187,0.4522602081298828,0.952184762271929,0.2968499319878104,0.2968499319878104,
11651,39627781721558391,1.291056346660115,red,1000,powerlaw1000,101,5,0.6553348302841187,0.4522602081298828,0.9918831359599277,0.33654830567580907,0.33654830567580907,
440,39627574959145128,1.6205230444860037,blue,500,powerlaw500,51,4,2.4722445011138916,0.5985884666442871,0.49745012493957425,-1.9747943761743174,1.9747943761743174,
440,39627574959145128,1.6205230444860037,blue,1000,powerlaw1000,101,4,2.4722445011138916,0.5985884666442871,0.6448290448403391,-1.8274154562735525,1.8274154562735525,
440,39627574959145128,1.6205230444860037,red,500,powerlaw500,51,4,1.0294214487075806,0.07472770661115646,1.0312406815825021,0.0018192328749215836,0.0018192328749215836,
440,39627574959145128,1.6205230444860037,red,1000,powerlaw1000,101,4,1.0294214487075806,0.07472770661115646,1.0552683668226748,0.02584691811509421,0.02584691811509421,
2272,39627847664406158,1.2888713230128286,blue,500,powerlaw500,51,5,1.3995325565338135,1.2017935752868651,2.8716373357479723,1.4721047792141588,1.4721047792141588,
2272,39627847664406158,1.2888713230128286,blue,1000,powerlaw1000,101,5,1.3995325565338135,1.2017935752868651,2.7972630988439997,1.3977305423101862,1.3977305423101862,
2272,39627847664406158,1.2888713230128286,red,500,powerlaw500,51,5,0.8699252009391785,0.16958727836608886,0.9532374432963048,0.08331224235712631,0.08331224235712631,
2272,39627847664406158,1.2888713230128286,red,1000,powerlaw1000,101,5,0.8699252009391785,0.16958727836608886,0.9187860301086976,0.04886082916951917,0.04886082916951917,
5889,39627829503067786,1.4874467676761167,blue,500,powerlaw500,51,5,4.670638084411621,0.6011818885803223,3.9200501294902237,-0.7505879549213974,0.7505879549213974,
5889,39627829503067786,1.4874467676761167,blue,1000,powerlaw1000,101,5,4.670638084411621,0.6011818885803223,3.870622335897277,-0.800015748514344,0.800015748514344,
5889,39627829503067786,1.4874467676761167,red,500,powerlaw500,51,5,0.9192794561386108,0.1471221089363098,0.9200196176623049,0.0007401615236940495,0.0007401615236940495,
5889,39627829503067786,1.4874467676761167,red,1000,powerlaw1000,101,5,0.9192794561386108,0.1471221089363098,0.9002422984205717,-0.019037157718039155,0.019037157718039155,
3447,39627811396257255,1.4285636455390625,blue,500,powerlaw500,51,5,6.576718807220459,2.911308479309082,5.779900368785169,-0.7968184384352899,0.7968184384352899,
3447,39627811396257255,1.4285636455390625,blue,1000,powerlaw1000,101,5,6.576718807220459,2.911308479309082,6.333739097385245,-0.24297970983521378,0.24297970983521378,
3447,39627811396257255,1.4285636455390625,red,500,powerlaw500,51,5,1.4986095428466797,0.17710887193679808,0.965614417429056,-0.5329951254176237,0.5329951254176237,
3447,39627811396257255,1.4285636455390625,red,1000,powerlaw1000,101,5,1.4986095428466797,0.17710887193679808,1.1387961249811451,-0.35981341786553456,0.35981341786553456,
8710,39627835559642678,1.3947655932049483,blue,500,powerlaw500,51,5,8.521437644958496,4.315248489379883,3.057847798200955,-5.463589846757541,5.463589846757541,
8710,39627835559642678,1.3947655932049483,blue,1000,powerlaw1000,101,5,8.521437644958496,4.315248489379883,4.28563194075823,-4.235805704200266,4.235805704200266,
8710,39627835559642678,1.3947655932049483,red,500,powerlaw500,51,5,1.3293812274932861,0.54078688621521,1.0071062748268957,-0.3222749526663904,0.3222749526663904,
8710,39627835559642678,1.3947655932049483,red,1000,powerlaw1000,101,5,1.3293812274932861,0.54078688621521,1.0792952638580684,-0.25008596363521773,0.25008596363521773,
7767,39627835563839462,1.3370290676353285,blue,500,powerlaw500,51,5,-0.2633076608181,1.2194149017333984,2.215325461309507,2.478633122127607,2.478633122127607,
7767,39627835563839462,1.3370290676353285,blue,1000,powerlaw1000,101,5,-0.2633076608181,1.2194149017333984,2.0011824149835116,2.2644900758016115,2.2644900758016115,
7767,39627835563839462,1.3370290676353285,red,500,powerlaw500,51,5,0.9286497831344604,0.11646487712860107,1.1797452562972683,0.2510954731628079,0.2510954731628079,
7767,39627835563839462,1.3370290676353285,red,1000,powerlaw1000,101,5,0.9286497831344604,0.11646487712860107,1.0288815441683377,0.10023176103387721,0.10023176103387721,
4600,39627865771216908,1.2108929813438685,blue,500,powerlaw500,51,5,8.849285125732422,2.7722082138061523,3.5019516888952618,-5.34733343683716,5.34733343683716,
4600,39627865771216908,1.2108929813438685,blue,1000,powerlaw1000,101,5,8.849285125732422,2.7722082138061523,4.110544355121902,-4.73874077061052,4.73874077061052,
4600,39627865771216908,1.2108929813438685,red,500,powerlaw500,51,5,0.5532735586166382,0.30659162998199463,0.9554100627666324,0.40213650414999424,0.40213650414999424,
4600,39627865771216908,1.2108929813438685,red,1000,powerlaw1000,101,5,0.5532735586166382,0.30659162998199463,0.9836211744250386,0.4303476158084004,0.4303476158084004,
9391,39627853679034570,1.408887725268244,blue,500,powerlaw500,51,5,2.7588889598846436,1.7235647201538087,4.688556826305718,1.9296678664210747,1.9296678664210747,
9391,39627853679034570,1.408887725268244,blue,1000,powerlaw1000,101,5,2.7588889598846436,1.7235647201538087,4.219473018509135,1.4605840586244918,1.4605840586244918,
9391,39627853679034570,1.408887725268244,red,500,powerlaw500,51,5,0.9042443037033081,0.21190414428710938,1.1303072923019517,0.2260629885986436,0.2260629885986436,
9391,39627853679034570,1.408887725268244,red,1000,powerlaw1000,101,5,0.9042443037033081,0.21190414428710938,0.908927235818671,0.004682932115362859,0.004682932115362859,
11356,39627865733469299,1.209426369698703,blue,500,powerlaw500,51,5,10.919114112854004,5.942473220825195,6.976667720323261,-3.9424463925307425,3.9424463925307425,
11356,39627865733469299,1.209426369698703,blue,1000,powerlaw1000,101,5,10.919114112854004,5.942473220825195,5.2438740970980255,-5.675240015755978,5.675240015755978,
11356,39627865733469299,1.209426369698703,red,500,powerlaw500,51,5,0.8823353052139282,0.7425611019134521,0.988231132507214,0.10589582729328573,0.10589582729328573,
11356,39627865733469299,1.209426369698703,red,1000,powerlaw1000,101,5,0.8823353052139282,0.7425611019134521,0.9152181499708043,0.032882844756876084,0.032882844756876084,
7517,39627829536620856,1.440226761747837,blue,500,powerlaw500,51,5,3.1260085105895996,1.0752320289611816,2.0711160043031165,-1.0548925062864831,1.0548925062864831,
7517,39627829536620856,1.440226761747837,blue,1000,powerlaw1000,101,5,3.1260085105895996,1.0752320289611816,2.2230995917086114,-0.9029089188809882,0.9029089188809882,
7517,39627829536620856,1.440226761747837,red,500,powerlaw500,51,5,1.0091606378555298,0.21196177005767822,0.8876551596018885,-0.12150547825364133,0.12150547825364133,
7517,39627829536620856,1.440226761747837,red,1000,powerlaw1000,101,5,1.0091606378555298,0.21196177005767822,0.8832766370028949,-0.12588400085263485,0.12588400085263485,
11636,39627781721559370,1.542133089130447,blue,500,powerlaw500,51,4,4.798456192016602,2.7570254802703857,1.6582547414622006,-3.140201450554401,3.140201450554401,
11636,39627781721559370,1.542133089130447,blue,1000,powerlaw1000,101,4,4.798456192016602,2.7570254802703857,2.7587685204769903,-2.0396876715396113,2.0396876715396113,
11636,39627781721559370,1.542133089130447,red,500,powerlaw500,51,4,0.926243245601654,0.2322043776512146,0.9465129675029078,0.020269721901253757,0.020269721901253757,
11636,39627781721559370,1.542133089130447,red,1000,powerlaw1000,101,4,0.926243245601654,0.2322043776512146,0.9210571276942059,-0.005186117907448162,0.005186117907448162,
