row,targetid,z,side,width_rest_aa,method,n_fit_bins,n_held_bins,true_mean,mean_sigma,predicted_mean,signed_mean_error,absolute_mean_error,failure
616,39627574971727955,0.4158203458099331,blue,100,powerlaw100,11,8,-0.04649901017546654,0.1130131408572197,0.8046816841445441,0.8511806943200106,0.8511806943200106,
616,39627574971727955,0.4158203458099331,blue,200,powerlaw200,21,8,-0.04649901017546654,0.1130131408572197,0.15506920513171904,0.20156821530718558,0.20156821530718558,
616,39627574971727955,0.4158203458099331,blue,300,powerlaw300,31,8,-0.04649901017546654,0.1130131408572197,0.20224776167906483,0.24874677185453137,0.24874677185453137,
616,39627574971727955,0.4158203458099331,blue,500,powerlaw500,51,8,-0.04649901017546654,0.1130131408572197,0.13587026602912006,0.1823692762045866,0.1823692762045866,
616,39627574971727955,0.4158203458099331,red,100,powerlaw100,11,8,1.0497510433197021,0.02110443264245987,1.1384687572641128,0.08871771394441064,0.08871771394441064,
616,39627574971727955,0.4158203458099331,red,200,powerlaw200,21,8,1.0497510433197021,0.02110443264245987,1.0987357391056156,0.04898469578591347,0.04898469578591347,
616,39627574971727955,0.4158203458099331,red,300,powerlaw300,31,8,1.0497510433197021,0.02110443264245987,1.0769789122368059,0.027227868917103715,0.027227868917103715,
616,39627574971727955,0.4158203458099331,red,500,powerlaw500,51,8,1.0497510433197021,0.02110443264245987,1.1164449971939234,0.06669395387422128,0.06669395387422128,
10496,2402794023682048,0.0705990407429481,blue,100,powerlaw100,11,10,0.7622243165969849,0.3741210222244263,1.0770425806626924,0.31481826406570756,0.31481826406570756,
10496,2402794023682048,0.0705990407429481,blue,200,powerlaw200,21,10,0.7622243165969849,0.3741210222244263,1.5307738588021316,0.7685495422051467,0.7685495422051467,
10496,2402794023682048,0.0705990407429481,blue,300,powerlaw300,31,10,0.7622243165969849,0.3741210222244263,1.6338411800652133,0.8716168634682284,0.8716168634682284,
10496,2402794023682048,0.0705990407429481,blue,500,powerlaw500,51,10,0.7622243165969849,0.3741210222244263,0.9578483276702252,0.19562401107324034,0.19562401107324034,
10496,2402794023682048,0.0705990407429481,red,100,powerlaw100,11,10,0.7490453720092773,0.04482752680778503,1.175454529170019,0.42640915716074157,0.42640915716074157,
10496,2402794023682048,0.0705990407429481,red,200,powerlaw200,21,10,0.7490453720092773,0.04482752680778503,0.9634067135419823,0.21436134153270492,0.21436134153270492,
10496,2402794023682048,0.0705990407429481,red,300,powerlaw300,31,10,0.7490453720092773,0.04482752680778503,0.8284175990847951,0.07937222707551772,0.07937222707551772,
10496,2402794023682048,0.0705990407429481,red,500,powerlaw500,51,10,0.7490453720092773,0.04482752680778503,0.7632794844786304,0.014234112469353022,0.014234112469353022,
2275,39627847664405713,0.3316881116625737,blue,100,powerlaw100,11,8,3.66372013092041,2.6358258724212646,3.3201440273281055e-07,-3.6637197989060075,3.6637197989060075,
2275,39627847664405713,0.3316881116625737,blue,200,powerlaw200,21,8,3.66372013092041,2.6358258724212646,1.151055856144847,-2.512664274775563,2.512664274775563,
2275,39627847664405713,0.3316881116625737,blue,300,powerlaw300,31,8,3.66372013092041,2.6358258724212646,0.48978331817015786,-3.1739368127502523,3.1739368127502523,
2275,39627847664405713,0.3316881116625737,blue,500,powerlaw500,51,8,3.66372013092041,2.6358258724212646,1.1947575626612084,-2.468962568259202,2.468962568259202,
2275,39627847664405713,0.3316881116625737,red,100,powerlaw100,11,8,0.1988440603017807,0.41535964608192444,0.03572110678903072,-0.16312295351274997,0.16312295351274997,
2275,39627847664405713,0.3316881116625737,red,200,powerlaw200,21,8,0.1988440603017807,0.41535964608192444,0.29612765757555015,0.09728359727376945,0.09728359727376945,
2275,39627847664405713,0.3316881116625737,red,300,powerlaw300,31,8,0.1988440603017807,0.41535964608192444,0.4874479995980024,0.2886039392962217,0.2886039392962217,
2275,39627847664405713,0.3316881116625737,red,500,powerlaw500,51,8,0.1988440603017807,0.41535964608192444,0.5986311169328483,0.3997870566310676,0.3997870566310676,
2261,39627847664405229,0.3739905296441744,blue,100,powerlaw100,11,8,0.1312282383441925,0.05489831417798996,0.18096599827874787,0.04973775993455537,0.04973775993455537,
2261,39627847664405229,0.3739905296441744,blue,200,powerlaw200,21,8,0.1312282383441925,0.05489831417798996,0.1028857739391402,-0.02834246440505231,0.02834246440505231,
2261,39627847664405229,0.3739905296441744,blue,300,powerlaw300,31,8,0.1312282383441925,0.05489831417798996,0.06445593246393144,-0.06677230588026106,0.06677230588026106,
2261,39627847664405229,0.3739905296441744,blue,500,powerlaw500,51,8,0.1312282383441925,0.05489831417798996,0.06063622946570372,-0.0705920088784888,0.0705920088784888,
2261,39627847664405229,0.3739905296441744,red,100,powerlaw100,11,8,0.9616200923919678,0.009496143087744713,1.00454792632593,0.04292783393396227,0.04292783393396227,
2261,39627847664405229,0.3739905296441744,red,200,powerlaw200,21,8,0.9616200923919678,0.009496143087744713,1.0083044691842764,0.046684376792308635,0.046684376792308635,
2261,39627847664405229,0.3739905296441744,red,300,powerlaw300,31,8,0.9616200923919678,0.009496143087744713,1.0503294044367317,0.08870931204476395,0.08870931204476395,
2261,39627847664405229,0.3739905296441744,red,500,powerlaw500,51,8,0.9616200923919678,0.009496143087744713,1.0303290658455166,0.06870897345354887,0.06870897345354887,
11900,39627793792766468,0.1051468718031301,blue,100,powerlaw100,11,10,2.3751227855682373,1.8398544311523437,2.2461839613357384,-0.12893882423249892,0.12893882423249892,
11900,39627793792766468,0.1051468718031301,blue,200,powerlaw200,21,10,2.3751227855682373,1.8398544311523437,6.155829722364045,3.7807069367958075,3.7807069367958075,
11900,39627793792766468,0.1051468718031301,blue,300,powerlaw300,31,10,2.3751227855682373,1.8398544311523437,2.716922344756683,0.34179955918844573,0.34179955918844573,
11900,39627793792766468,0.1051468718031301,blue,500,powerlaw500,51,10,2.3751227855682373,1.8398544311523437,2.3665534547465197,-0.008569330821717625,0.008569330821717625,
11900,39627793792766468,0.1051468718031301,red,100,powerlaw100,11,10,-0.28752559423446655,0.19367798566818237,0.1789612288793861,0.46648682311385264,0.46648682311385264,
11900,39627793792766468,0.1051468718031301,red,200,powerlaw200,21,10,-0.28752559423446655,0.19367798566818237,0.36910659612080277,0.6566321903552693,0.6566321903552693,
11900,39627793792766468,0.1051468718031301,red,300,powerlaw300,31,10,-0.28752559423446655,0.19367798566818237,0.37339991266056044,0.660925506895027,0.660925506895027,
11900,39627793792766468,0.1051468718031301,red,500,powerlaw500,51,10,-0.28752559423446655,0.19367798566818237,0.37627169811366407,0.6637972923481306,0.6637972923481306,
12253,39627787765550319,0.0931222397295957,blue,100,powerlaw100,11,10,0.6771858930587769,0.8210721015930176,2.420890017837882,1.743704124779105,1.743704124779105,
12253,39627787765550319,0.0931222397295957,blue,200,powerlaw200,21,10,0.6771858930587769,0.8210721015930176,3.582845575160836,2.9056596821020593,2.9056596821020593,
12253,39627787765550319,0.0931222397295957,blue,300,powerlaw300,31,10,0.6771858930587769,0.8210721015930176,0.44863048549854445,-0.2285554075602324,0.2285554075602324,
12253,39627787765550319,0.0931222397295957,blue,500,powerlaw500,51,10,0.6771858930587769,0.8210721015930176,0.6332648189532081,-0.04392107410556878,0.04392107410556878,
12253,39627787765550319,0.0931222397295957,red,100,powerlaw100,11,10,1.9547115564346313,0.11400825977325439,2.022140989168954,0.06742943273432278,0.06742943273432278,
12253,39627787765550319,0.0931222397295957,red,200,powerlaw200,21,10,1.9547115564346313,0.11400825977325439,1.8336190518278734,-0.12109250460675791,0.12109250460675791,
12253,39627787765550319,0.0931222397295957,red,300,powerlaw300,31,10,1.9547115564346313,0.11400825977325439,1.765742104312568,-0.1889694521220633,0.1889694521220633,
12253,39627787765550319,0.0931222397295957,red,500,powerlaw500,51,10,1.9547115564346313,0.11400825977325439,1.7795477413286087,-0.17516381510602264,0.17516381510602264,
7470,39627835572227638,0.368003520963086,blue,100,powerlaw100,11,8,0.2997090220451355,0.08028997480869293,0.30427985997864887,0.004570837933513372,0.004570837933513372,
7470,39627835572227638,0.368003520963086,blue,200,powerlaw200,21,8,0.2997090220451355,0.08028997480869293,0.19437261197103625,-0.10533641007409925,0.10533641007409925,
7470,39627835572227638,0.368003520963086,blue,300,powerlaw300,31,8,0.2997090220451355,0.08028997480869293,0.23023808017149372,-0.06947094187364178,0.06947094187364178,
7470,39627835572227638,0.368003520963086,blue,500,powerlaw500,51,8,0.2997090220451355,0.08028997480869293,0.23623456508117902,-0.06347445696395648,0.06347445696395648,
7470,39627835572227638,0.368003520963086,red,100,powerlaw100,11,8,1.021817684173584,0.012455285526812077,1.0428207308343844,0.02100304666080044,0.02100304666080044,
7470,39627835572227638,0.368003520963086,red,200,powerlaw200,21,8,1.021817684173584,0.012455285526812077,1.0652822672422253,0.043464583068641316,0.043464583068641316,
7470,39627835572227638,0.368003520963086,red,300,powerlaw300,31,8,1.021817684173584,0.012455285526812077,1.084084961502283,0.06226727732869897,0.06226727732869897,
7470,39627835572227638,0.368003520963086,red,500,powerlaw500,51,8,1.021817684173584,0.012455285526812077,1.0967584780363249,0.07494079386274088,0.07494079386274088,
1215,39627841624609199,0.0451061333812131,blue,100,powerlaw100,11,10,1.272275686264038,0.4561717987060547,0.5923940861230048,-0.6798816001410333,0.6798816001410333,
1215,39627841624609199,0.0451061333812131,blue,200,powerlaw200,21,10,1.272275686264038,0.4561717987060547,0.45896141248193656,-0.8133142737821015,0.8133142737821015,
1215,39627841624609199,0.0451061333812131,blue,300,powerlaw300,31,10,1.272275686264038,0.4561717987060547,0.5563225535044056,-0.7159531327596325,0.7159531327596325,
1215,39627841624609199,0.0451061333812131,blue,500,powerlaw500,51,10,1.272275686264038,0.4561717987060547,0.7496270000050335,-0.5226486862590046,0.5226486862590046,
1215,39627841624609199,0.0451061333812131,red,100,powerlaw100,11,10,0.5197553038597107,0.07479490637779236,1.0582862450964554,0.5385309412367447,0.5385309412367447,
1215,39627841624609199,0.0451061333812131,red,200,powerlaw200,21,10,0.5197553038597107,0.07479490637779236,0.5406901256635626,0.020934821803851866,0.020934821803851866,
1215,39627841624609199,0.0451061333812131,red,300,powerlaw300,31,10,0.5197553038597107,0.07479490637779236,0.5789497680044612,0.05919446414475049,0.05919446414475049,
1215,39627841624609199,0.0451061333812131,red,500,powerlaw500,51,10,0.5197553038597107,0.07479490637779236,0.48360245161748255,-0.03615285224222814,0.03615285224222814,
5890,39627829498875562,0.0923651088291834,blue,100,powerlaw100,11,10,0.9459172487258911,0.8864606857299805,1.5337110336655932,0.5877937849397021,0.5877937849397021,
5890,39627829498875562,0.0923651088291834,blue,200,powerlaw200,21,10,0.9459172487258911,0.8864606857299805,1.5103763564970056,0.5644591077711145,0.5644591077711145,
5890,39627829498875562,0.0923651088291834,blue,300,powerlaw300,31,10,0.9459172487258911,0.8864606857299805,0.00511038281858893,-0.9408068659073022,0.9408068659073022,
5890,39627829498875562,0.0923651088291834,blue,500,powerlaw500,51,10,0.9459172487258911,0.8864606857299805,0.2715902976944992,-0.6743269510313918,0.6743269510313918,
5890,39627829498875562,0.0923651088291834,red,100,powerlaw100,11,10,0.1586277037858963,0.19469536542892457,0.06276570402628906,-0.09586199975960724,0.09586199975960724,
5890,39627829498875562,0.0923651088291834,red,200,powerlaw200,21,10,0.1586277037858963,0.19469536542892457,0.16853132188434045,0.009903618098444145,0.009903618098444145,
5890,39627829498875562,0.0923651088291834,red,300,powerlaw300,31,10,0.1586277037858963,0.19469536542892457,0.1703816049369707,0.011753901151074386,0.011753901151074386,
5890,39627829498875562,0.0923651088291834,red,500,powerlaw500,51,10,0.1586277037858963,0.19469536542892457,0.1538349380448183,-0.004792765741078009,0.004792765741078009,
9533,39627841591054435,0.4335234889511798,blue,100,powerlaw100,11,7,0.24475014209747314,0.12936734301703318,0.0008587821526678101,-0.24389135994480535,0.24389135994480535,
9533,39627841591054435,0.4335234889511798,blue,200,powerlaw200,21,7,0.24475014209747314,0.12936734301703318,0.06611586771226338,-0.17863427438520976,0.17863427438520976,
9533,39627841591054435,0.4335234889511798,blue,300,powerlaw300,31,7,0.24475014209747314,0.12936734301703318,0.08227901757676018,-0.16247112452071297,0.16247112452071297,
9533,39627841591054435,0.4335234889511798,blue,500,powerlaw500,51,7,0.24475014209747314,0.12936734301703318,0.08406739859584003,-0.1606827435016331,0.1606827435016331,
9533,39627841591054435,0.4335234889511798,red,100,powerlaw100,11,7,1.0620299577713013,0.014500842562743596,1.0375689460101611,-0.024461011761140128,0.024461011761140128,
9533,39627841591054435,0.4335234889511798,red,200,powerlaw200,21,7,1.0620299577713013,0.014500842562743596,1.011541565010126,-0.05048839276117523,0.05048839276117523,
9533,39627841591054435,0.4335234889511798,red,300,powerlaw300,31,7,1.0620299577713013,0.014500842562743596,1.0650107016837052,0.0029807439124038826,0.0029807439124038826,
9533,39627841591054435,0.4335234889511798,red,500,powerlaw500,51,7,1.0620299577713013,0.014500842562743596,1.0994951090079788,0.037465151236677485,0.037465151236677485,
3338,39627811404646657,0.0851557155756855,blue,100,powerlaw100,11,10,2.0553805828094482,1.897282028198242,8.35107876334254,6.295698180533092,6.295698180533092,
3338,39627811404646657,0.0851557155756855,blue,200,powerlaw200,21,10,2.0553805828094482,1.897282028198242,0.0003904053123278188,-2.05499017749712,2.05499017749712,
3338,39627811404646657,0.0851557155756855,blue,300,powerlaw300,31,10,2.0553805828094482,1.897282028198242,1.884456272824623,-0.17092430998482522,0.17092430998482522,
3338,39627811404646657,0.0851557155756855,blue,500,powerlaw500,51,10,2.0553805828094482,1.897282028198242,0.6512698947545452,-1.404110688054903,1.404110688054903,
3338,39627811404646657,0.0851557155756855,red,100,powerlaw100,11,10,0.10805126279592514,0.21027932167053223,0.20953020615829016,0.10147894336236502,0.10147894336236502,
3338,39627811404646657,0.0851557155756855,red,200,powerlaw200,21,10,0.10805126279592514,0.21027932167053223,0.5646540721400891,0.456602809344164,0.456602809344164,
3338,39627811404646657,0.0851557155756855,red,300,powerlaw300,31,10,0.10805126279592514,0.21027932167053223,0.7831712303411117,0.6751199675451866,0.6751199675451866,
3338,39627811404646657,0.0851557155756855,red,500,powerlaw500,51,10,0.10805126279592514,0.21027932167053223,1.0232365117496451,0.91518524895372,0.91518524895372,
2975,39627823484242836,0.2483291227476399,blue,100,powerlaw100,11,9,2.3860366344451904,0.9592581854926215,4.522868192155716,2.1368315577105257,2.1368315577105257,
2975,39627823484242836,0.2483291227476399,blue,200,powerlaw200,21,9,2.3860366344451904,0.9592581854926215,2.8486318065640535,0.46259517211886303,0.46259517211886303,
2975,39627823484242836,0.2483291227476399,blue,300,powerlaw300,31,9,2.3860366344451904,0.9592581854926215,1.9384344773008095,-0.4476021571443809,0.4476021571443809,
2975,39627823484242836,0.2483291227476399,blue,500,powerlaw500,51,9,2.3860366344451904,0.9592581854926215,2.5752774084834726,0.1892407740382822,0.1892407740382822,
2975,39627823484242836,0.2483291227476399,red,100,powerlaw100,11,9,0.8414369225502014,0.15164952807956272,0.47714072725977236,-0.36429619529042906,0.36429619529042906,
2975,39627823484242836,0.2483291227476399,red,200,powerlaw200,21,9,0.8414369225502014,0.15164952807956272,0.5890005814096417,-0.2524363411405597,0.2524363411405597,
2975,39627823484242836,0.2483291227476399,red,300,powerlaw300,31,9,0.8414369225502014,0.15164952807956272,0.8829473090534801,0.04151038650327865,0.04151038650327865,
2975,39627823484242836,0.2483291227476399,red,500,powerlaw500,51,9,0.8414369225502014,0.15164952807956272,0.2632942065904136,-0.5781427159597878,0.5781427159597878,
7351,39627835568034061,0.2143582598526386,blue,100,powerlaw100,11,9,0.4635878801345825,0.8821032842000326,1.6470096417512339,1.1834217616166514,1.1834217616166514,
7351,39627835568034061,0.2143582598526386,blue,200,powerlaw200,21,9,0.4635878801345825,0.8821032842000326,2.380098975091242,1.9165110949566593,1.9165110949566593,
7351,39627835568034061,0.2143582598526386,blue,300,powerlaw300,31,9,0.4635878801345825,0.8821032842000326,1.5656458401448274,1.102057960010245,1.102057960010245,
7351,39627835568034061,0.2143582598526386,blue,500,powerlaw500,51,9,0.4635878801345825,0.8821032842000326,0.5128090434667615,0.04922116333217896,0.04922116333217896,
7351,39627835568034061,0.2143582598526386,red,100,powerlaw100,11,9,0.6664671897888184,0.18901154730055067,1.8855368523798905,1.2190696625910722,1.2190696625910722,
7351,39627835568034061,0.2143582598526386,red,200,powerlaw200,21,9,0.6664671897888184,0.18901154730055067,0.9357313002455678,0.2692641104567495,0.2692641104567495,
7351,39627835568034061,0.2143582598526386,red,300,powerlaw300,31,9,0.6664671897888184,0.18901154730055067,1.2064518794589074,0.5399846896700891,0.5399846896700891,
7351,39627835568034061,0.2143582598526386,red,500,powerlaw500,51,9,0.6664671897888184,0.18901154730055067,1.1868137860850327,0.5203465962962144,0.5203465962962144,
5812,39627835551253449,0.5456582463541787,blue,100,powerlaw100,11,7,0.16980372369289398,0.1685539824622018,1.3566477224490063,1.1868439987561124,1.1868439987561124,
5812,39627835551253449,0.5456582463541787,blue,200,powerlaw200,21,7,0.16980372369289398,0.1685539824622018,0.5267045653755623,0.35690084168266833,0.35690084168266833,
5812,39627835551253449,0.5456582463541787,blue,300,powerlaw300,31,7,0.16980372369289398,0.1685539824622018,0.33125536130530076,0.16145163761240677,0.16145163761240677,
5812,39627835551253449,0.5456582463541787,blue,500,powerlaw500,51,7,0.16980372369289398,0.1685539824622018,0.18828889585587555,0.018485172162981567,0.018485172162981567,
5812,39627835551253449,0.5456582463541787,red,100,powerlaw100,11,7,1.1382262706756592,0.04319781916482108,1.2434041282525272,0.10517785757686804,0.10517785757686804,
5812,39627835551253449,0.5456582463541787,red,200,powerlaw200,21,7,1.1382262706756592,0.04319781916482108,1.1373195865358534,-0.000906684139805769,0.000906684139805769,
5812,39627835551253449,0.5456582463541787,red,300,powerlaw300,31,7,1.1382262706756592,0.04319781916482108,1.0768689925529562,-0.061357278122702974,0.061357278122702974,
5812,39627835551253449,0.5456582463541787,red,500,powerlaw500,51,7,1.1382262706756592,0.04319781916482108,1.097531802469885,-0.04069446820577416,0.04069446820577416,
9204,39627853679036621,0.2198216984398181,blue,100,powerlaw100,11,9,1.0088822841644287,1.3169815275404189,1.75179162005056e-93,-1.0088822841644287,1.0088822841644287,
9204,39627853679036621,0.2198216984398181,blue,200,powerlaw200,21,9,1.0088822841644287,1.3169815275404189,0.20150620424612165,-0.8073760799183071,0.8073760799183071,
9204,39627853679036621,0.2198216984398181,blue,300,powerlaw300,31,9,1.0088822841644287,1.3169815275404189,0.5314924707904669,-0.4773898133739618,0.4773898133739618,
9204,39627853679036621,0.2198216984398181,blue,500,powerlaw500,51,9,1.0088822841644287,1.3169815275404189,0.8822324173241408,-0.1266498668402879,0.1266498668402879,
9204,39627853679036621,0.2198216984398181,red,100,powerlaw100,11,9,0.6178334355354309,0.1443023549185859,0.5649756879084037,-0.05285774762702722,0.05285774762702722,
9204,39627853679036621,0.2198216984398181,red,200,powerlaw200,21,9,0.6178334355354309,0.1443023549185859,0.4334784347671717,-0.18435500076825923,0.18435500076825923,
9204,39627853679036621,0.2198216984398181,red,300,powerlaw300,31,9,0.6178334355354309,0.1443023549185859,0.5344991476296754,-0.08333428790575548,0.08333428790575548,
9204,39627853679036621,0.2198216984398181,red,500,powerlaw500,51,9,0.6178334355354309,0.1443023549185859,0.40116024323807925,-0.21667319229735166,0.21667319229735166,
4110,2851346470404097,0.183903877544252,blue,100,powerlaw100,11,9,0.12729647755622864,0.040317399634255305,0.1041295481741077,-0.023166929382120935,0.023166929382120935,
4110,2851346470404097,0.183903877544252,blue,200,powerlaw200,21,9,0.12729647755622864,0.040317399634255305,0.14452887431501013,0.017232396758781493,0.017232396758781493,
4110,2851346470404097,0.183903877544252,blue,300,powerlaw300,31,9,0.12729647755622864,0.040317399634255305,0.1659148255911511,0.03861834803492245,0.03861834803492245,
4110,2851346470404097,0.183903877544252,blue,500,powerlaw500,51,9,0.12729647755622864,0.040317399634255305,0.19265444838619344,0.0653579708299648,0.0653579708299648,
4110,2851346470404097,0.183903877544252,red,100,powerlaw100,11,9,1.040246605873108,0.005706109520461824,1.0465754594453516,0.0063288535722436645,0.0063288535722436645,
4110,2851346470404097,0.183903877544252,red,200,powerlaw200,21,9,1.040246605873108,0.005706109520461824,1.0453695458705676,0.005122939997459719,0.005122939997459719,
4110,2851346470404097,0.183903877544252,red,300,powerlaw300,31,9,1.040246605873108,0.005706109520461824,1.0749934357980768,0.034746829924968914,0.034746829924968914,
4110,2851346470404097,0.183903877544252,red,500,powerlaw500,51,9,1.040246605873108,0.005706109520461824,1.0557024337821859,0.015455827909077957,0.015455827909077957,
12928,39627787761354325,0.5610406289310123,blue,100,powerlaw100,11,7,0.28616243600845337,0.3404911586216518,0.09687425356847686,-0.18928818243997653,0.18928818243997653,
12928,39627787761354325,0.5610406289310123,blue,200,powerlaw200,21,7,0.28616243600845337,0.3404911586216518,0.17270915178069776,-0.11345328422775561,0.11345328422775561,
12928,39627787761354325,0.5610406289310123,blue,300,powerlaw300,31,7,0.28616243600845337,0.3404911586216518,0.3626600201668442,0.07649758415839081,0.07649758415839081,
12928,39627787761354325,0.5610406289310123,blue,500,powerlaw500,51,7,0.28616243600845337,0.3404911586216518,0.4654485957728283,0.17928615976437495,0.17928615976437495,
12928,39627787761354325,0.5610406289310123,red,100,powerlaw100,11,7,1.0726416110992432,0.04905196598597935,1.108123353378948,0.03548174227970491,0.03548174227970491,
12928,39627787761354325,0.5610406289310123,red,200,powerlaw200,21,7,1.0726416110992432,0.04905196598597935,1.0974049839326971,0.024763372833453978,0.024763372833453978,
12928,39627787761354325,0.5610406289310123,red,300,powerlaw300,31,7,1.0726416110992432,0.04905196598597935,1.1660162644580587,0.09337465335881556,0.09337465335881556,
12928,39627787761354325,0.5610406289310123,red,500,powerlaw500,51,7,1.0726416110992432,0.04905196598597935,1.1449264350035073,0.07228482390426416,0.07228482390426416,
3045,39627805356463318,0.5480306883658168,blue,100,powerlaw100,11,7,1.648349404335022,0.47485106331961496,0.7695125851991481,-0.8788368191358739,0.8788368191358739,
3045,39627805356463318,0.5480306883658168,blue,200,powerlaw200,21,7,1.648349404335022,0.47485106331961496,0.4718149045482443,-1.1765344997867777,1.1765344997867777,
3045,39627805356463318,0.5480306883658168,blue,300,powerlaw300,31,7,1.648349404335022,0.47485106331961496,0.2936657095453298,-1.354683694789692,1.354683694789692,
3045,39627805356463318,0.5480306883658168,blue,500,powerlaw500,51,7,1.648349404335022,0.47485106331961496,0.528118692122497,-1.120230712212525,1.120230712212525,
3045,39627805356463318,0.5480306883658168,red,100,powerlaw100,11,7,1.0402384996414185,0.0701896037374224,0.8284989126025667,-0.21173958703885176,0.21173958703885176,
3045,39627805356463318,0.5480306883658168,red,200,powerlaw200,21,7,1.0402384996414185,0.0701896037374224,1.076152432398694,0.0359139327572755,0.0359139327572755,
3045,39627805356463318,0.5480306883658168,red,300,powerlaw300,31,7,1.0402384996414185,0.0701896037374224,1.1082115065401763,0.06797300689875785,0.06797300689875785,
3045,39627805356463318,0.5480306883658168,red,500,powerlaw500,51,7,1.0402384996414185,0.0701896037374224,1.0887467580818428,0.04850825844042439,0.04850825844042439,
12615,39627787757163721,0.3759539712555434,blue,100,powerlaw100,11,8,0.06590956449508667,0.05690905824303627,0.07533517666954535,0.009425612174458683,0.009425612174458683,
12615,39627787757163721,0.3759539712555434,blue,200,powerlaw200,21,8,0.06590956449508667,0.05690905824303627,0.026870391347713622,-0.03903917314737305,0.03903917314737305,
12615,39627787757163721,0.3759539712555434,blue,300,powerlaw300,31,8,0.06590956449508667,0.05690905824303627,0.05156153274764107,-0.014348031747445603,0.014348031747445603,
12615,39627787757163721,0.3759539712555434,blue,500,powerlaw500,51,8,0.06590956449508667,0.05690905824303627,0.059533355943592686,-0.006376208551493984,0.006376208551493984,
12615,39627787757163721,0.3759539712555434,red,100,powerlaw100,11,8,0.9906295537948608,0.01165443379431963,1.1335566462452082,0.1429270924503474,0.1429270924503474,
12615,39627787757163721,0.3759539712555434,red,200,powerlaw200,21,8,0.9906295537948608,0.01165443379431963,1.111132314963647,0.12050276116878611,0.12050276116878611,
12615,39627787757163721,0.3759539712555434,red,300,powerlaw300,31,8,0.9906295537948608,0.01165443379431963,1.1198594298620188,0.12922987606715797,0.12922987606715797,
12615,39627787757163721,0.3759539712555434,red,500,powerlaw500,51,8,0.9906295537948608,0.01165443379431963,1.0980608036852482,0.10743124989038733,0.10743124989038733,
2561,39627817436059180,0.5979975481846802,blue,100,powerlaw100,11,7,0.11321921646595001,0.2776210308074951,2.6627450482937884e-09,-0.11321921380320496,0.11321921380320496,
2561,39627817436059180,0.5979975481846802,blue,200,powerlaw200,21,7,0.11321921646595001,0.2776210308074951,0.0002416065490811352,-0.11297760991686888,0.11297760991686888,
2561,39627817436059180,0.5979975481846802,blue,300,powerlaw300,31,7,0.11321921646595001,0.2776210308074951,0.04550958810324185,-0.06770962836270816,0.06770962836270816,
2561,39627817436059180,0.5979975481846802,blue,500,powerlaw500,51,7,0.11321921646595001,0.2776210308074951,0.04536630317399932,-0.0678529132919507,0.0678529132919507,
2561,39627817436059180,0.5979975481846802,red,100,powerlaw100,11,7,1.1366946697235107,0.04322957566806248,1.1101215347422266,-0.026573134981284108,0.026573134981284108,
2561,39627817436059180,0.5979975481846802,red,200,powerlaw200,21,7,1.1366946697235107,0.04322957566806248,1.1356779079189376,-0.0010167618045731075,0.0010167618045731075,
2561,39627817436059180,0.5979975481846802,red,300,powerlaw300,31,7,1.1366946697235107,0.04322957566806248,1.063458995847881,-0.07323567387562968,0.07323567387562968,
2561,39627817436059180,0.5979975481846802,red,500,powerlaw500,51,7,1.1366946697235107,0.04322957566806248,1.1172232792100403,-0.019471390513470466,0.019471390513470466,
6925,39627841586860921,0.1265416126887426,blue,100,powerlaw100,11,9,2.298584461212158,1.6085983912150066,0.16916271933777002,-2.1294217418743884,2.1294217418743884,
6925,39627841586860921,0.1265416126887426,blue,200,powerlaw200,21,9,2.298584461212158,1.6085983912150066,1.4926849723182876,-0.8058994888938706,0.8058994888938706,
6925,39627841586860921,0.1265416126887426,blue,300,powerlaw300,31,9,2.298584461212158,1.6085983912150066,1.6548959205357032,-0.643688540676455,0.643688540676455,
6925,39627841586860921,0.1265416126887426,blue,500,powerlaw500,51,9,2.298584461212158,1.6085983912150066,0.7171445088637506,-1.5814399523484077,1.5814399523484077,
6925,39627841586860921,0.1265416126887426,red,100,powerlaw100,11,9,0.40103113651275635,0.16239150365193686,0.00874803522747672,-0.39228310128527966,0.39228310128527966,
6925,39627841586860921,0.1265416126887426,red,200,powerlaw200,21,9,0.40103113651275635,0.16239150365193686,0.17921612933452924,-0.2218150071782271,0.2218150071782271,
6925,39627841586860921,0.1265416126887426,red,300,powerlaw300,31,9,0.40103113651275635,0.16239150365193686,0.3413316465110679,-0.05969949000168845,0.05969949000168845,
6925,39627841586860921,0.1265416126887426,red,500,powerlaw500,51,9,0.40103113651275635,0.16239150365193686,0.36628545298849624,-0.03474568352426011,0.03474568352426011,
3618,2402739686473735,0.0643342258731362,blue,100,powerlaw100,11,10,0.46708860993385315,0.26452183723449707,0.28129264977530716,-0.185795960158546,0.185795960158546,
3618,2402739686473735,0.0643342258731362,blue,200,powerlaw200,21,10,0.46708860993385315,0.26452183723449707,0.15930228092397353,-0.3077863290098796,0.3077863290098796,
3618,2402739686473735,0.0643342258731362,blue,300,powerlaw300,31,10,0.46708860993385315,0.26452183723449707,0.27238925903023453,-0.19469935090361862,0.19469935090361862,
3618,2402739686473735,0.0643342258731362,blue,500,powerlaw500,51,10,0.46708860993385315,0.26452183723449707,0.5319297490222923,0.06484113908843914,0.06484113908843914,
3618,2402739686473735,0.0643342258731362,red,100,powerlaw100,11,10,0.5977417230606079,0.026467999815940856,0.778637894541801,0.18089617148119308,0.18089617148119308,
3618,2402739686473735,0.0643342258731362,red,200,powerlaw200,21,10,0.5977417230606079,0.026467999815940856,0.7383595465292851,0.14061782346867724,0.14061782346867724,
3618,2402739686473735,0.0643342258731362,red,300,powerlaw300,31,10,0.5977417230606079,0.026467999815940856,0.6830349838177685,0.0852932607571606,0.0852932607571606,
3618,2402739686473735,0.0643342258731362,red,500,powerlaw500,51,10,0.5977417230606079,0.026467999815940856,0.6556428280198934,0.057901104959285465,0.057901104959285465,
7808,2715025152147456,0.2266819361222974,blue,100,powerlaw100,11,9,0.75251704454422,0.25425778494940865,0.6814678272536937,-0.07104921729052627,0.07104921729052627,
7808,2715025152147456,0.2266819361222974,blue,200,powerlaw200,21,9,0.75251704454422,0.25425778494940865,0.7183949353596344,-0.03412210918458558,0.03412210918458558,
7808,2715025152147456,0.2266819361222974,blue,300,powerlaw300,31,9,0.75251704454422,0.25425778494940865,0.8575949158208004,0.10507787127658041,0.10507787127658041,
7808,2715025152147456,0.2266819361222974,blue,500,powerlaw500,51,9,0.75251704454422,0.25425778494940865,0.9427246018940834,0.1902075573498634,0.1902075573498634,
7808,2715025152147456,0.2266819361222974,red,100,powerlaw100,11,9,0.6412842273712158,0.03246126903427972,0.7415458449460998,0.10026161757488394,0.10026161757488394,
7808,2715025152147456,0.2266819361222974,red,200,powerlaw200,21,9,0.6412842273712158,0.03246126903427972,0.7249092211648434,0.08362499379362753,0.08362499379362753,
7808,2715025152147456,0.2266819361222974,red,300,powerlaw300,31,9,0.6412842273712158,0.03246126903427972,0.6887558399292523,0.04747161255803645,0.04747161255803645,
7808,2715025152147456,0.2266819361222974,red,500,powerlaw500,51,9,0.6412842273712158,0.03246126903427972,0.7198757351974557,0.07859150782623991,0.07859150782623991,
1482,2842580605730816,0.0464169173430912,blue,100,powerlaw100,11,10,0.6655288934707642,0.2904950141906738,0.18246863562319451,-0.4830602578475697,0.4830602578475697,
1482,2842580605730816,0.0464169173430912,blue,200,powerlaw200,21,10,0.6655288934707642,0.2904950141906738,0.15966906479837242,-0.5058598286723918,0.5058598286723918,
1482,2842580605730816,0.0464169173430912,blue,300,powerlaw300,31,10,0.6655288934707642,0.2904950141906738,0.3875696949292965,-0.27795919854146767,0.27795919854146767,
1482,2842580605730816,0.0464169173430912,blue,500,powerlaw500,51,10,0.6655288934707642,0.2904950141906738,0.23597881239815469,-0.4295500810726095,0.4295500810726095,
1482,2842580605730816,0.0464169173430912,red,100,powerlaw100,11,10,0.7851909399032593,0.032974150776863095,0.7779133451662948,-0.007277594736964432,0.007277594736964432,
1482,2842580605730816,0.0464169173430912,red,200,powerlaw200,21,10,0.7851909399032593,0.032974150776863095,0.8496443776858374,0.06445343778257817,0.06445343778257817,
1482,2842580605730816,0.0464169173430912,red,300,powerlaw300,31,10,0.7851909399032593,0.032974150776863095,0.8752377503200657,0.0900468104168064,0.0900468104168064,
1482,2842580605730816,0.0464169173430912,red,500,powerlaw500,51,10,0.7851909399032593,0.032974150776863095,0.8669426336964324,0.08175169379317315,0.08175169379317315,
9322,39627847647627092,0.4082686322869648,blue,100,powerlaw100,11,8,7.09550666809082,1.532267689704895,3.7627944105509656,-3.3327122575398547,3.3327122575398547,
9322,39627847647627092,0.4082686322869648,blue,200,powerlaw200,21,8,7.09550666809082,1.532267689704895,2.669851747283519,-4.425654920807301,4.425654920807301,
9322,39627847647627092,0.4082686322869648,blue,300,powerlaw300,31,8,7.09550666809082,1.532267689704895,1.3683855047359623,-5.727121163354858,5.727121163354858,
9322,39627847647627092,0.4082686322869648,blue,500,powerlaw500,51,8,7.09550666809082,1.532267689704895,2.0471716079126487,-5.048335060178172,5.048335060178172,
9322,39627847647627092,0.4082686322869648,red,100,powerlaw100,11,8,0.3718685209751129,0.2848135530948639,0.2433209747697762,-0.1285475462053367,0.1285475462053367,
9322,39627847647627092,0.4082686322869648,red,200,powerlaw200,21,8,0.3718685209751129,0.2848135530948639,0.36652570026144216,-0.0053428207136707595,0.0053428207136707595,
9322,39627847647627092,0.4082686322869648,red,300,powerlaw300,31,8,0.3718685209751129,0.2848135530948639,0.5531755345148066,0.1813070135396937,0.1813070135396937,
9322,39627847647627092,0.4082686322869648,red,500,powerlaw500,51,8,0.3718685209751129,0.2848135530948639,0.764520045558869,0.3926515245837561,0.3926515245837561,
12226,39627793796961309,0.4478410317895243,blue,100,powerlaw100,11,7,0.914362370967865,0.44871439252580914,1.831348091414556,0.9169857204466909,0.9169857204466909,
12226,39627793796961309,0.4478410317895243,blue,200,powerlaw200,21,7,0.914362370967865,0.44871439252580914,1.022204552715992,0.10784218174812699,0.10784218174812699,
12226,39627793796961309,0.4478410317895243,blue,300,powerlaw300,31,7,0.914362370967865,0.44871439252580914,1.1265694562228818,0.21220708525501686,0.21220708525501686,
12226,39627793796961309,0.4478410317895243,blue,500,powerlaw500,51,7,0.914362370967865,0.44871439252580914,0.9534295118314977,0.03906714086363272,0.03906714086363272,
12226,39627793796961309,0.4478410317895243,red,100,powerlaw100,11,7,1.2220803499221802,0.09161506380353655,1.1484719487549573,-0.07360840116722289,0.07360840116722289,
12226,39627793796961309,0.4478410317895243,red,200,powerlaw200,21,7,1.2220803499221802,0.09161506380353655,0.8113044646277563,-0.4107758852944239,0.4107758852944239,
12226,39627793796961309,0.4478410317895243,red,300,powerlaw300,31,7,1.2220803499221802,0.09161506380353655,0.9475340252384958,-0.27454632468368434,0.27454632468368434,
12226,39627793796961309,0.4478410317895243,red,500,powerlaw500,51,7,1.2220803499221802,0.09161506380353655,0.9817386192340484,-0.2403417306881318,0.2403417306881318,
12905,39627793796959006,0.5232407110910429,blue,100,powerlaw100,11,7,0.11283773928880692,0.12430897780827113,0.040317892884848175,-0.07251984640395874,0.07251984640395874,
12905,39627793796959006,0.5232407110910429,blue,200,powerlaw200,21,7,0.11283773928880692,0.12430897780827113,0.055747173409580235,-0.05709056587922668,0.05709056587922668,
12905,39627793796959006,0.5232407110910429,blue,300,powerlaw300,31,7,0.11283773928880692,0.12430897780827113,0.03157351885380244,-0.08126422043500448,0.08126422043500448,
12905,39627793796959006,0.5232407110910429,blue,500,powerlaw500,51,7,0.11283773928880692,0.12430897780827113,0.06712873642538411,-0.045709002863422804,0.045709002863422804,
12905,39627793796959006,0.5232407110910429,red,100,powerlaw100,11,7,1.0772886276245117,0.021016367844172885,1.0588257353385992,-0.01846289228591247,0.01846289228591247,
12905,39627793796959006,0.5232407110910429,red,200,powerlaw200,21,7,1.0772886276245117,0.021016367844172885,1.0794235353155393,0.002134907691027532,0.002134907691027532,
12905,39627793796959006,0.5232407110910429,red,300,powerlaw300,31,7,1.0772886276245117,0.021016367844172885,1.0522332058918924,-0.02505542173261932,0.02505542173261932,
12905,39627793796959006,0.5232407110910429,red,500,powerlaw500,51,7,1.0772886276245117,0.021016367844172885,1.0467894165236644,-0.0304992111008473,0.0304992111008473,
1510,39627847651824976,0.1711271424129847,blue,100,powerlaw100,11,9,1.4237619638442993,1.679329342312283,0.00017413311726869194,-1.4235878307270307,1.4235878307270307,
1510,39627847651824976,0.1711271424129847,blue,200,powerlaw200,21,9,1.4237619638442993,1.679329342312283,0.8046055599061688,-0.6191564039381305,0.6191564039381305,
1510,39627847651824976,0.1711271424129847,blue,300,powerlaw300,31,9,1.4237619638442993,1.679329342312283,1.0849934327260928,-0.3387685311182065,0.3387685311182065,
1510,39627847651824976,0.1711271424129847,blue,500,powerlaw500,51,9,1.4237619638442993,1.679329342312283,1.2219370658264175,-0.20182489801788184,0.20182489801788184,
1510,39627847651824976,0.1711271424129847,red,100,powerlaw100,11,9,0.6308936476707458,0.22297316127353245,0.2830652479483426,-0.34782839972240326,0.34782839972240326,
1510,39627847651824976,0.1711271424129847,red,200,powerlaw200,21,9,0.6308936476707458,0.22297316127353245,0.6429956770568213,0.012102029386075408,0.012102029386075408,
1510,39627847651824976,0.1711271424129847,red,300,powerlaw300,31,9,0.6308936476707458,0.22297316127353245,0.5571162532612328,-0.07377739440951303,0.07377739440951303,
1510,39627847651824976,0.1711271424129847,red,500,powerlaw500,51,9,0.6308936476707458,0.22297316127353245,0.5175822491320575,-0.11331139853868832,0.11331139853868832,
6829,39627829507264460,0.0167632735241637,blue,100,powerlaw100,11,10,0.8267033696174622,0.43993406295776366,1.7474938951814818,0.9207905255640196,0.9207905255640196,
6829,39627829507264460,0.0167632735241637,blue,200,powerlaw200,21,10,0.8267033696174622,0.43993406295776366,1.0860356614412645,0.25933229182380235,0.25933229182380235,
6829,39627829507264460,0.0167632735241637,blue,300,powerlaw300,31,10,0.8267033696174622,0.43993406295776366,1.1272601889600256,0.3005568193425634,0.3005568193425634,
6829,39627829507264460,0.0167632735241637,blue,500,powerlaw500,51,10,0.8267033696174622,0.43993406295776366,1.1187907954780716,0.29208742586060943,0.29208742586060943,
6829,39627829507264460,0.0167632735241637,red,100,powerlaw100,11,10,0.2615140974521637,0.05428978204727173,0.1556395932700964,-0.10587450418206729,0.10587450418206729,
6829,39627829507264460,0.0167632735241637,red,200,powerlaw200,21,10,0.2615140974521637,0.05428978204727173,0.3800337917959998,0.11851969434383608,0.11851969434383608,
6829,39627829507264460,0.0167632735241637,red,300,powerlaw300,31,10,0.2615140974521637,0.05428978204727173,0.4266216035433388,0.16510750609117508,0.16510750609117508,
6829,39627829507264460,0.0167632735241637,red,500,powerlaw500,51,10,0.2615140974521637,0.05428978204727173,0.3229431158335791,0.0614290183814154,0.0614290183814154,
5922,39627835547060165,0.3760721376667936,blue,100,powerlaw100,11,8,0.03100202977657318,0.05917366221547127,0.6875704331877224,0.6565684034111492,0.6565684034111492,
5922,39627835547060165,0.3760721376667936,blue,200,powerlaw200,21,8,0.03100202977657318,0.05917366221547127,0.2568448627001241,0.2258428329235509,0.2258428329235509,
5922,39627835547060165,0.3760721376667936,blue,300,powerlaw300,31,8,0.03100202977657318,0.05917366221547127,0.02905359006615833,-0.0019484397104148517,0.0019484397104148517,
5922,39627835547060165,0.3760721376667936,blue,500,powerlaw500,51,8,0.03100202977657318,0.05917366221547127,0.037620541914323444,0.006618512137750263,0.006618512137750263,
5922,39627835547060165,0.3760721376667936,red,100,powerlaw100,11,8,1.039501667022705,0.017107119783759117,1.1338457434959202,0.09434407647321508,0.09434407647321508,
5922,39627835547060165,0.3760721376667936,red,200,powerlaw200,21,8,1.039501667022705,0.017107119783759117,1.1789958829140326,0.1394942158913275,0.1394942158913275,
5922,39627835547060165,0.3760721376667936,red,300,powerlaw300,31,8,1.039501667022705,0.017107119783759117,1.1611273296433606,0.12162566262065555,0.12162566262065555,
5922,39627835547060165,0.3760721376667936,red,500,powerlaw500,51,8,1.039501667022705,0.017107119783759117,1.0983402944753915,0.05883862745268642,0.05883862745268642,
4168,2842562456977408,0.0281936156448863,blue,100,powerlaw100,11,10,0.4480600357055664,0.20809462070465087,0.3565643091633004,-0.09149572654226601,0.09149572654226601,
4168,2842562456977408,0.0281936156448863,blue,200,powerlaw200,21,10,0.4480600357055664,0.20809462070465087,0.3903547835213571,-0.0577052521842093,0.0577052521842093,
4168,2842562456977408,0.0281936156448863,blue,300,powerlaw300,31,10,0.4480600357055664,0.20809462070465087,0.4247197791322841,-0.023340256573282314,0.023340256573282314,
4168,2842562456977408,0.0281936156448863,blue,500,powerlaw500,51,10,0.4480600357055664,0.20809462070465087,0.645159821257623,0.19709978555205654,0.19709978555205654,
4168,2842562456977408,0.0281936156448863,red,100,powerlaw100,11,10,0.5480617880821228,0.026687878370285033,0.49735040003961706,-0.050711388042505745,0.050711388042505745,
4168,2842562456977408,0.0281936156448863,red,200,powerlaw200,21,10,0.5480617880821228,0.026687878370285033,0.5327829518505596,-0.015278836231563231,0.015278836231563231,
4168,2842562456977408,0.0281936156448863,red,300,powerlaw300,31,10,0.5480617880821228,0.026687878370285033,0.5762107995306035,0.0281490114484807,0.0281490114484807,
4168,2842562456977408,0.0281936156448863,red,500,powerlaw500,51,10,0.5480617880821228,0.026687878370285033,0.5951390968195402,0.047077308737417445,0.047077308737417445,
12854,39627787752966787,0.1695809213128639,blue,100,powerlaw100,11,9,-2.5486373901367188,2.8416366577148438,6.8319474869583745e-09,2.548637396968666,2.548637396968666,
12854,39627787752966787,0.1695809213128639,blue,200,powerlaw200,21,9,-2.5486373901367188,2.8416366577148438,5.096053209520752e-06,2.5486424861899284,2.5486424861899284,
12854,39627787752966787,0.1695809213128639,blue,300,powerlaw300,31,9,-2.5486373901367188,2.8416366577148438,1.1189688325612288e-07,2.548637502033602,2.548637502033602,
12854,39627787752966787,0.1695809213128639,blue,500,powerlaw500,51,9,-2.5486373901367188,2.8416366577148438,0.051931571686857164,2.600568961823576,2.600568961823576,
12854,39627787752966787,0.1695809213128639,red,100,powerlaw100,11,9,0.9207086563110352,0.33118971188863117,0.4985964377277186,-0.42211221858331655,0.42211221858331655,
12854,39627787752966787,0.1695809213128639,red,200,powerlaw200,21,9,0.9207086563110352,0.33118971188863117,0.7622861528316536,-0.15842250347938158,0.15842250347938158,
12854,39627787752966787,0.1695809213128639,red,300,powerlaw300,31,9,0.9207086563110352,0.33118971188863117,0.5736947041367448,-0.3470139521742903,0.3470139521742903,
12854,39627787752966787,0.1695809213128639,red,500,powerlaw500,51,9,0.9207086563110352,0.33118971188863117,0.5623380512908102,-0.358370605020225,0.358370605020225,
6370,39627829511459693,0.5736303520624962,blue,100,powerlaw100,11,7,0.16964371502399445,0.22768044471740723,5.453243099613004,5.283599384589009,5.283599384589009,
6370,39627829511459693,0.5736303520624962,blue,200,powerlaw200,21,7,0.16964371502399445,0.22768044471740723,0.3839675648424028,0.21432384981840835,0.21432384981840835,
6370,39627829511459693,0.5736303520624962,blue,300,powerlaw300,31,7,0.16964371502399445,0.22768044471740723,0.07580088545136002,-0.09384282957263443,0.09384282957263443,
6370,39627829511459693,0.5736303520624962,blue,500,powerlaw500,51,7,0.16964371502399445,0.22768044471740723,0.14712836672025034,-0.022515348303744104,0.022515348303744104,
6370,39627829511459693,0.5736303520624962,red,100,powerlaw100,11,7,1.0538322925567627,0.028956666588783264,1.0707873335019227,0.016955040945159983,0.016955040945159983,
6370,39627829511459693,0.5736303520624962,red,200,powerlaw200,21,7,1.0538322925567627,0.028956666588783264,1.1329511224999975,0.07911882994323483,0.07911882994323483,
6370,39627829511459693,0.5736303520624962,red,300,powerlaw300,31,7,1.0538322925567627,0.028956666588783264,1.2032193087774792,0.14938701622071648,0.14938701622071648,
6370,39627829511459693,0.5736303520624962,red,500,powerlaw500,51,7,1.0538322925567627,0.028956666588783264,1.1547285454954979,0.10089625293873516,0.10089625293873516,
974,39627835580616763,0.4723174633084611,blue,100,powerlaw100,11,7,-0.02131587266921997,0.3000805377960205,2.0820463876736723,2.1033622603428923,2.1033622603428923,
974,39627835580616763,0.4723174633084611,blue,200,powerlaw200,21,7,-0.02131587266921997,0.3000805377960205,2.388872968812575,2.410188841481795,2.410188841481795,
974,39627835580616763,0.4723174633084611,blue,300,powerlaw300,31,7,-0.02131587266921997,0.3000805377960205,0.11497969749178659,0.13629557016100657,0.13629557016100657,
974,39627835580616763,0.4723174633084611,blue,500,powerlaw500,51,7,-0.02131587266921997,0.3000805377960205,0.2677224316588795,0.28903830432809946,0.28903830432809946,
974,39627835580616763,0.4723174633084611,red,100,powerlaw100,11,7,1.2730634212493896,0.0667111873626709,2.673619719791185,1.4005562985417952,1.4005562985417952,
974,39627835580616763,0.4723174633084611,red,200,powerlaw200,21,7,1.2730634212493896,0.0667111873626709,1.9818648153083025,0.7088013940589128,0.7088013940589128,
974,39627835580616763,0.4723174633084611,red,300,powerlaw300,31,7,1.2730634212493896,0.0667111873626709,1.453929301570756,0.1808658803213663,0.1808658803213663,
974,39627835580616763,0.4723174633084611,red,500,powerlaw500,51,7,1.2730634212493896,0.0667111873626709,1.3591037752182138,0.08604035396882415,0.08604035396882415,
2663,39627823480046220,0.0681721820471413,blue,100,powerlaw100,11,10,1.3574374914169312,0.3261694431304932,0.4535169344200651,-0.903920556996866,0.903920556996866,
2663,39627823480046220,0.0681721820471413,blue,200,powerlaw200,21,10,1.3574374914169312,0.3261694431304932,0.7231446751178943,-0.6342928162990369,0.6342928162990369,
2663,39627823480046220,0.0681721820471413,blue,300,powerlaw300,31,10,1.3574374914169312,0.3261694431304932,0.4465113682300387,-0.9109261231868925,0.9109261231868925,
2663,39627823480046220,0.0681721820471413,blue,500,powerlaw500,51,10,1.3574374914169312,0.3261694431304932,0.5052396073839607,-0.8521978840329705,0.8521978840329705,
2663,39627823480046220,0.0681721820471413,red,100,powerlaw100,11,10,0.6096135377883911,0.05114112496376037,0.4003102708519298,-0.20930326693646134,0.20930326693646134,
2663,39627823480046220,0.0681721820471413,red,200,powerlaw200,21,10,0.6096135377883911,0.05114112496376037,0.5085353299644124,-0.1010782078239787,0.1010782078239787,
2663,39627823480046220,0.0681721820471413,red,300,powerlaw300,31,10,0.6096135377883911,0.05114112496376037,0.5688258003170361,-0.040787737471355,0.040787737471355,
2663,39627823480046220,0.0681721820471413,red,500,powerlaw500,51,10,0.6096135377883911,0.05114112496376037,0.6317674071599179,0.022153869371526747,0.022153869371526747,
542,39627580936033060,0.3031609031710275,blue,100,powerlaw100,11,8,0.2582172751426697,0.3416755497455597,1.2817347289945153,1.0235174538518457,1.0235174538518457,
542,39627580936033060,0.3031609031710275,blue,200,powerlaw200,21,8,0.2582172751426697,0.3416755497455597,1.0962772711663447,0.838059996023675,0.838059996023675,
542,39627580936033060,0.3031609031710275,blue,300,powerlaw300,31,8,0.2582172751426697,0.3416755497455597,0.8823873368837107,0.6241700617410411,0.6241700617410411,
542,39627580936033060,0.3031609031710275,blue,500,powerlaw500,51,8,0.2582172751426697,0.3416755497455597,0.7038230913372292,0.4456058161945595,0.4456058161945595,
542,39627580936033060,0.3031609031710275,red,100,powerlaw100,11,8,0.815762996673584,0.04127079248428345,1.0273319312730966,0.21156893459951265,0.21156893459951265,
542,39627580936033060,0.3031609031710275,red,200,powerlaw200,21,8,0.815762996673584,0.04127079248428345,0.8168562086671449,0.0010932119935609386,0.0010932119935609386,
542,39627580936033060,0.3031609031710275,red,300,powerlaw300,31,8,0.815762996673584,0.04127079248428345,0.8364190476919573,0.02065605101837331,0.02065605101837331,
542,39627580936033060,0.3031609031710275,red,500,powerlaw500,51,8,0.815762996673584,0.04127079248428345,0.8544432411095726,0.03868024443598861,0.03868024443598861,
1627,39627853704204742,0.5326220280668471,blue,100,powerlaw100,11,7,-0.28983888030052185,0.4270138740539551,0.596385269283043,0.8862241495835649,0.8862241495835649,
1627,39627853704204742,0.5326220280668471,blue,200,powerlaw200,21,7,-0.28983888030052185,0.4270138740539551,0.06923175121534297,0.3590706315158648,0.3590706315158648,
1627,39627853704204742,0.5326220280668471,blue,300,powerlaw300,31,7,-0.28983888030052185,0.4270138740539551,0.199064067083117,0.4889029473836388,0.4889029473836388,
1627,39627853704204742,0.5326220280668471,blue,500,powerlaw500,51,7,-0.28983888030052185,0.4270138740539551,0.02553783251345912,0.31537671281398094,0.31537671281398094,
1627,39627853704204742,0.5326220280668471,red,100,powerlaw100,11,7,1.1986684799194336,0.037104981286185126,1.1740892299803303,-0.02457924993910332,0.02457924993910332,
1627,39627853704204742,0.5326220280668471,red,200,powerlaw200,21,7,1.1986684799194336,0.037104981286185126,1.0989361078763955,-0.09973237204303809,0.09973237204303809,
1627,39627853704204742,0.5326220280668471,red,300,powerlaw300,31,7,1.1986684799194336,0.037104981286185126,1.1189565588042283,-0.07971192111520531,0.07971192111520531,
1627,39627853704204742,0.5326220280668471,red,500,powerlaw500,51,7,1.1986684799194336,0.037104981286185126,1.137105561338312,-0.061562918581121506,0.061562918581121506,
2769,39627829515653030,0.3229768187582894,blue,100,powerlaw100,11,8,0.006168485153466463,0.06493745744228363,0.11480672944303702,0.10863824428957056,0.10863824428957056,
2769,39627829515653030,0.3229768187582894,blue,200,powerlaw200,21,8,0.006168485153466463,0.06493745744228363,0.07061951108824278,0.06445102593477632,0.06445102593477632,
2769,39627829515653030,0.3229768187582894,blue,300,powerlaw300,31,8,0.006168485153466463,0.06493745744228363,0.11049001737438523,0.10432153222091876,0.10432153222091876,
2769,39627829515653030,0.3229768187582894,blue,500,powerlaw500,51,8,0.006168485153466463,0.06493745744228363,0.10323446129953048,0.09706597614606402,0.09706597614606402,
2769,39627829515653030,0.3229768187582894,red,100,powerlaw100,11,8,1.078002691268921,0.010862363502383232,1.1213976999835031,0.04339500871458224,0.04339500871458224,
2769,39627829515653030,0.3229768187582894,red,200,powerlaw200,21,8,1.078002691268921,0.010862363502383232,1.1090544685549968,0.031051777286075888,0.031051777286075888,
2769,39627829515653030,0.3229768187582894,red,300,powerlaw300,31,8,1.078002691268921,0.010862363502383232,1.0695495960079588,-0.008453095260962051,0.008453095260962051,
2769,39627829515653030,0.3229768187582894,red,500,powerlaw500,51,8,1.078002691268921,0.010862363502383232,0.9963552292539293,-0.08164746201499162,0.08164746201499162,
3859,39627817436056733,0.130754402825237,blue,100,powerlaw100,11,9,1.7773282527923584,0.5527799924214681,2.4113490571121066,0.6340208043197482,0.6340208043197482,
3859,39627817436056733,0.130754402825237,blue,200,powerlaw200,21,9,1.7773282527923584,0.5527799924214681,2.002071468150051,0.2247432153576927,0.2247432153576927,
3859,39627817436056733,0.130754402825237,blue,300,powerlaw300,31,9,1.7773282527923584,0.5527799924214681,1.1934418608761237,-0.5838863919162347,0.5838863919162347,
3859,39627817436056733,0.130754402825237,blue,500,powerlaw500,51,9,1.7773282527923584,0.5527799924214681,0.9617533001523767,-0.8155749526399817,0.8155749526399817,
3859,39627817436056733,0.130754402825237,red,100,powerlaw100,11,9,0.5292422771453857,0.0413340065214369,0.47635390852272214,-0.052888368622663606,0.052888368622663606,
3859,39627817436056733,0.130754402825237,red,200,powerlaw200,21,9,0.5292422771453857,0.0413340065214369,0.5164829173728602,-0.012759359772525514,0.012759359772525514,
3859,39627817436056733,0.130754402825237,red,300,powerlaw300,31,9,0.5292422771453857,0.0413340065214369,0.5215521184257681,-0.007690158719617646,0.007690158719617646,
3859,39627817436056733,0.130754402825237,red,500,powerlaw500,51,9,0.5292422771453857,0.0413340065214369,0.4838865472577461,-0.04535572988763964,0.04535572988763964,
6577,39627823467466867,0.3094879998868189,blue,100,powerlaw100,11,8,-0.5935331583023071,0.38043782114982605,0.0004666618655591872,0.5939998201678663,0.5939998201678663,
6577,39627823467466867,0.3094879998868189,blue,200,powerlaw200,21,8,-0.5935331583023071,0.38043782114982605,0.010182503628465657,0.6037156619307728,0.6037156619307728,
6577,39627823467466867,0.3094879998868189,blue,300,powerlaw300,31,8,-0.5935331583023071,0.38043782114982605,0.10519029274864372,0.6987234510509508,0.6987234510509508,
6577,39627823467466867,0.3094879998868189,blue,500,powerlaw500,51,8,-0.5935331583023071,0.38043782114982605,0.00784022776520742,0.6013733860675146,0.6013733860675146,
6577,39627823467466867,0.3094879998868189,red,100,powerlaw100,11,8,0.6730817556381226,0.03653036803007126,0.7767513482613977,0.10366959262327513,0.10366959262327513,
6577,39627823467466867,0.3094879998868189,red,200,powerlaw200,21,8,0.6730817556381226,0.03653036803007126,0.7913738157364439,0.11829206009832138,0.11829206009832138,
6577,39627823467466867,0.3094879998868189,red,300,powerlaw300,31,8,0.6730817556381226,0.03653036803007126,0.7690409546052908,0.0959591989671682,0.0959591989671682,
6577,39627823467466867,0.3094879998868189,red,500,powerlaw500,51,8,0.6730817556381226,0.03653036803007126,0.7812757296351143,0.10819397399699171,0.10819397399699171,
6873,2842568492580864,0.0323794601806772,blue,100,powerlaw100,11,10,0.40765833854675293,0.020122888684272765,0.343046994442238,-0.06461134410451491,0.06461134410451491,
6873,2842568492580864,0.0323794601806772,blue,200,powerlaw200,21,10,0.40765833854675293,0.020122888684272765,0.3828204587587519,-0.024837879788001005,0.024837879788001005,
6873,2842568492580864,0.0323794601806772,blue,300,powerlaw300,31,10,0.40765833854675293,0.020122888684272765,0.428577853348399,0.020919514801646055,0.020919514801646055,
6873,2842568492580864,0.0323794601806772,blue,500,powerlaw500,51,10,0.40765833854675293,0.020122888684272765,0.30766607703650783,-0.0999922615102451,0.0999922615102451,
6873,2842568492580864,0.0323794601806772,red,100,powerlaw100,11,10,0.8320733308792114,0.003846578299999237,0.7924726517866519,-0.03960067909255949,0.03960067909255949,
6873,2842568492580864,0.0323794601806772,red,200,powerlaw200,21,10,0.8320733308792114,0.003846578299999237,0.8127391164707449,-0.0193342144084665,0.0193342144084665,
6873,2842568492580864,0.0323794601806772,red,300,powerlaw300,31,10,0.8320733308792114,0.003846578299999237,0.8001452830784517,-0.03192804780075975,0.03192804780075975,
6873,2842568492580864,0.0323794601806772,red,500,powerlaw500,51,10,0.8320733308792114,0.003846578299999237,0.8100956262134472,-0.02197770466576421,0.02197770466576421,
8092,39627829524040288,0.5315879475232077,blue,100,powerlaw100,11,7,-0.059338025748729706,0.19077789783477783,0.02279369504861033,0.08213172079734003,0.08213172079734003,
8092,39627829524040288,0.5315879475232077,blue,200,powerlaw200,21,7,-0.059338025748729706,0.19077789783477783,0.057608650279631156,0.11694667602836087,0.11694667602836087,
8092,39627829524040288,0.5315879475232077,blue,300,powerlaw300,31,7,-0.059338025748729706,0.19077789783477783,0.14551058900954641,0.20484861475827612,0.20484861475827612,
8092,39627829524040288,0.5315879475232077,blue,500,powerlaw500,51,7,-0.059338025748729706,0.19077789783477783,0.002401071458690615,0.061739097207420324,0.061739097207420324,
8092,39627829524040288,0.5315879475232077,red,100,powerlaw100,11,7,1.2326500415802002,0.02485846621649606,1.2836570136840462,0.05100697210384597,0.05100697210384597,
8092,39627829524040288,0.5315879475232077,red,200,powerlaw200,21,7,1.2326500415802002,0.02485846621649606,1.2227333037715609,-0.009916737808639331,0.009916737808639331,
8092,39627829524040288,0.5315879475232077,red,300,powerlaw300,31,7,1.2326500415802002,0.02485846621649606,1.1856935240180106,-0.04695651756218955,0.04695651756218955,
8092,39627829524040288,0.5315879475232077,red,500,powerlaw500,51,7,1.2326500415802002,0.02485846621649606,1.2036164131309948,-0.02903362844920543,0.02903362844920543,
5325,39627865767018542,0.1244513715613633,blue,100,powerlaw100,11,9,4.227533340454102,1.8706559075249567,29171209052.62659,29171209048.399055,29171209048.399055,
5325,39627865767018542,0.1244513715613633,blue,200,powerlaw200,21,9,4.227533340454102,1.8706559075249567,0.9940863599828348,-3.2334469804712667,3.2334469804712667,
5325,39627865767018542,0.1244513715613633,blue,300,powerlaw300,31,9,4.227533340454102,1.8706559075249567,2.1573353346210573,-2.0701980058330443,2.0701980058330443,
5325,39627865767018542,0.1244513715613633,blue,500,powerlaw500,51,9,4.227533340454102,1.8706559075249567,1.7102812814294535,-2.5172520590246483,2.5172520590246483,
5325,39627865767018542,0.1244513715613633,red,100,powerlaw100,11,9,-0.2078796774148941,0.2116714186138577,0.02835836578745842,0.23623804320235253,0.23623804320235253,
5325,39627865767018542,0.1244513715613633,red,200,powerlaw200,21,9,-0.2078796774148941,0.2116714186138577,0.20583944739707058,0.4137191248119647,0.4137191248119647,
5325,39627865767018542,0.1244513715613633,red,300,powerlaw300,31,9,-0.2078796774148941,0.2116714186138577,0.3346445706948349,0.542524248109729,0.542524248109729,
5325,39627865767018542,0.1244513715613633,red,500,powerlaw500,51,9,-0.2078796774148941,0.2116714186138577,0.5965214060883035,0.8044010835031976,0.8044010835031976,
6489,39627823471657401,0.3551855495922,blue,100,powerlaw100,11,8,0.18784567713737488,0.07002906501293182,0.022923032375452367,-0.1649226447619225,0.1649226447619225,
6489,39627823471657401,0.3551855495922,blue,200,powerlaw200,21,8,0.18784567713737488,0.07002906501293182,0.003763130545346844,-0.18408254659202802,0.18408254659202802,
6489,39627823471657401,0.3551855495922,blue,300,powerlaw300,31,8,0.18784567713737488,0.07002906501293182,0.02507822042328011,-0.16276745671409476,0.16276745671409476,
6489,39627823471657401,0.3551855495922,blue,500,powerlaw500,51,8,0.18784567713737488,0.07002906501293182,0.07887209893037718,-0.1089735782069977,0.1089735782069977,
6489,39627823471657401,0.3551855495922,red,100,powerlaw100,11,8,1.0271146297454834,0.013386834412813187,0.9506640404676976,-0.07645058927778581,0.07645058927778581,
6489,39627823471657401,0.3551855495922,red,200,powerlaw200,21,8,1.0271146297454834,0.013386834412813187,0.9755753851463487,-0.051539244599134726,0.051539244599134726,
6489,39627823471657401,0.3551855495922,red,300,powerlaw300,31,8,1.0271146297454834,0.013386834412813187,1.008129411172972,-0.018985218572511453,0.018985218572511453,
6489,39627823471657401,0.3551855495922,red,500,powerlaw500,51,8,1.0271146297454834,0.013386834412813187,1.0397485126505759,0.012633882905092486,0.012633882905092486,
506,39627574954954299,0.5259665970561116,blue,100,powerlaw100,11,7,0.07588129490613937,0.1661529541015625,0.001116718686639006,-0.07476457621950036,0.07476457621950036,
506,39627574954954299,0.5259665970561116,blue,200,powerlaw200,21,7,0.07588129490613937,0.1661529541015625,0.004730372964330333,-0.07115092194180904,0.07115092194180904,
506,39627574954954299,0.5259665970561116,blue,300,powerlaw300,31,7,0.07588129490613937,0.1661529541015625,0.03480876880009337,-0.041072526106046,0.041072526106046,
506,39627574954954299,0.5259665970561116,blue,500,powerlaw500,51,7,0.07588129490613937,0.1661529541015625,0.005504035639419424,-0.07037725926671995,0.07037725926671995,
506,39627574954954299,0.5259665970561116,red,100,powerlaw100,11,7,1.1559079885482788,0.022939581956182207,1.1583919433981713,0.0024839548498925,0.0024839548498925,
506,39627574954954299,0.5259665970561116,red,200,powerlaw200,21,7,1.1559079885482788,0.022939581956182207,1.1836486772532453,0.027740688704966487,0.027740688704966487,
506,39627574954954299,0.5259665970561116,red,300,powerlaw300,31,7,1.1559079885482788,0.022939581956182207,1.1445961591452904,-0.01131182940298836,0.01131182940298836,
506,39627574954954299,0.5259665970561116,red,500,powerlaw500,51,7,1.1559079885482788,0.022939581956182207,1.178755540011855,0.0228475514635762,0.0228475514635762,
611,39627568994848893,0.2921581104373164,blue,100,powerlaw100,11,8,0.20403558015823364,0.3496011793613434,0.9365150745897417,0.7324794944315081,0.7324794944315081,
611,39627568994848893,0.2921581104373164,blue,200,powerlaw200,21,8,0.20403558015823364,0.3496011793613434,0.6726696658555168,0.46863408569728315,0.46863408569728315,
611,39627568994848893,0.2921581104373164,blue,300,powerlaw300,31,8,0.20403558015823364,0.3496011793613434,0.5219985092990377,0.31796292914080404,0.31796292914080404,
611,39627568994848893,0.2921581104373164,blue,500,powerlaw500,51,8,0.20403558015823364,0.3496011793613434,0.49117747727939304,0.2871418971211594,0.2871418971211594,
611,39627568994848893,0.2921581104373164,red,100,powerlaw100,11,8,1.0351892709732056,0.05119682848453522,1.1729484835406658,0.13775921256746027,0.13775921256746027,
611,39627568994848893,0.2921581104373164,red,200,powerlaw200,21,8,1.0351892709732056,0.05119682848453522,1.2754149964584334,0.2402257254852278,0.2402257254852278,
611,39627568994848893,0.2921581104373164,red,300,powerlaw300,31,8,1.0351892709732056,0.05119682848453522,1.2042462842085309,0.1690570132353253,0.1690570132353253,
611,39627568994848893,0.2921581104373164,red,500,powerlaw500,51,8,1.0351892709732056,0.05119682848453522,1.1101471370066,0.0749578660333945,0.0749578660333945,
3752,39627811404646085,0.2194465798369882,blue,100,powerlaw100,11,9,1.325448751449585,0.4761117829216851,1.8235312681150466,0.49808251666546166,0.49808251666546166,
3752,39627811404646085,0.2194465798369882,blue,200,powerlaw200,21,9,1.325448751449585,0.4761117829216851,2.8778588514044214,1.5524100999548365,1.5524100999548365,
3752,39627811404646085,0.2194465798369882,blue,300,powerlaw300,31,9,1.325448751449585,0.4761117829216851,2.2990622783053856,0.9736135268558006,0.9736135268558006,
3752,39627811404646085,0.2194465798369882,blue,500,powerlaw500,51,9,1.325448751449585,0.4761117829216851,0.9351440026409085,-0.3903047488086765,0.3903047488086765,
3752,39627811404646085,0.2194465798369882,red,100,powerlaw100,11,9,0.6439855098724365,0.05723749266730414,0.634888882400505,-0.009096627471931518,0.009096627471931518,
3752,39627811404646085,0.2194465798369882,red,200,powerlaw200,21,9,0.6439855098724365,0.05723749266730414,0.5155076690809113,-0.12847784079152524,0.12847784079152524,
3752,39627811404646085,0.2194465798369882,red,300,powerlaw300,31,9,0.6439855098724365,0.05723749266730414,0.6327224247417059,-0.011263085130730599,0.011263085130730599,
3752,39627811404646085,0.2194465798369882,red,500,powerlaw500,51,9,0.6439855098724365,0.05723749266730414,0.6100670084617039,-0.033918501410732604,0.033918501410732604,
9025,39627835555450600,0.1242178958762002,blue,100,powerlaw100,11,9,1.8079571723937988,1.5205087661743164,3.755203824722412e-09,-1.807957168638595,1.807957168638595,
9025,39627835555450600,0.1242178958762002,blue,200,powerlaw200,21,9,1.8079571723937988,1.5205087661743164,0.20682063952421612,-1.6011365328695828,1.6011365328695828,
9025,39627835555450600,0.1242178958762002,blue,300,powerlaw300,31,9,1.8079571723937988,1.5205087661743164,0.4673114737902814,-1.3406456986035176,1.3406456986035176,
9025,39627835555450600,0.1242178958762002,blue,500,powerlaw500,51,9,1.8079571723937988,1.5205087661743164,0.9985065513864367,-0.8094506210073621,0.8094506210073621,
9025,39627835555450600,0.1242178958762002,red,100,powerlaw100,11,9,-0.759585976600647,0.18694534566667345,5.342509055493393e-09,0.7595859819431561,0.7595859819431561,
9025,39627835555450600,0.1242178958762002,red,200,powerlaw200,21,9,-0.759585976600647,0.18694534566667345,3.933010702727773e-09,0.7595859805336577,0.7595859805336577,
9025,39627835555450600,0.1242178958762002,red,300,powerlaw300,31,9,-0.759585976600647,0.18694534566667345,1.2981421138365859e-08,0.7595859895820681,0.7595859895820681,
9025,39627835555450600,0.1242178958762002,red,500,powerlaw500,51,9,-0.759585976600647,0.18694534566667345,0.02336835624649144,0.7829543328471384,0.7829543328471384,
806,39627841612025438,0.1193565291569476,blue,100,powerlaw100,11,9,-2.7800912857055664,1.405710220336914,0.8886646859291449,3.6687559716347113,3.6687559716347113,
806,39627841612025438,0.1193565291569476,blue,200,powerlaw200,21,9,-2.7800912857055664,1.405710220336914,1.1421521346495713,3.9222434203551377,3.9222434203551377,
806,39627841612025438,0.1193565291569476,blue,300,powerlaw300,31,9,-2.7800912857055664,1.405710220336914,1.8784542050506705,4.658545490756237,4.658545490756237,
806,39627841612025438,0.1193565291569476,blue,500,powerlaw500,51,9,-2.7800912857055664,1.405710220336914,1.6665422201816815,4.446633505887248,4.446633505887248,
806,39627841612025438,0.1193565291569476,red,100,powerlaw100,11,9,0.20445077121257782,0.22170257568359375,5.727055657115073e-06,-0.2044450441569207,0.2044450441569207,
806,39627841612025438,0.1193565291569476,red,200,powerlaw200,21,9,0.20445077121257782,0.22170257568359375,0.21770316880244997,0.01325239758987215,0.01325239758987215,
806,39627841612025438,0.1193565291569476,red,300,powerlaw300,31,9,0.20445077121257782,0.22170257568359375,0.23621466005041813,0.031763888837840315,0.031763888837840315,
806,39627841612025438,0.1193565291569476,red,500,powerlaw500,51,9,0.20445077121257782,0.22170257568359375,0.5317849079050853,0.32733413669250744,0.32733413669250744,
3272,39627823475856084,0.1243946961063919,blue,100,powerlaw100,11,9,2.1530399322509766,0.5207077132331001,2.342954195619255,0.18991426336827866,0.18991426336827866,
3272,39627823475856084,0.1243946961063919,blue,200,powerlaw200,21,9,2.1530399322509766,0.5207077132331001,1.766129891528968,-0.3869100407220085,0.3869100407220085,
3272,39627823475856084,0.1243946961063919,blue,300,powerlaw300,31,9,2.1530399322509766,0.5207077132331001,1.7012562367644581,-0.4517836954865184,0.4517836954865184,
3272,39627823475856084,0.1243946961063919,blue,500,powerlaw500,51,9,2.1530399322509766,0.5207077132331001,1.5174943114011716,-0.6355456208498049,0.6355456208498049,
3272,39627823475856084,0.1243946961063919,red,100,powerlaw100,11,9,0.5505033135414124,0.05279916856024,0.7619486574849991,0.21144534394358672,0.21144534394358672,
3272,39627823475856084,0.1243946961063919,red,200,powerlaw200,21,9,0.5505033135414124,0.05279916856024,0.4748834720575606,-0.07561984148385176,0.07561984148385176,
3272,39627823475856084,0.1243946961063919,red,300,powerlaw300,31,9,0.5505033135414124,0.05279916856024,0.47032574771140123,-0.08017756583001112,0.08017756583001112,
3272,39627823475856084,0.1243946961063919,red,500,powerlaw500,51,9,0.5505033135414124,0.05279916856024,0.4827910109193784,-0.06771230262203393,0.06771230262203393,
6536,39627823471658492,0.5106211990053792,blue,100,powerlaw100,11,7,1.0054222345352173,0.1389421054295131,0.8714500461338733,-0.13397218840134395,0.13397218840134395,
6536,39627823471658492,0.5106211990053792,blue,200,powerlaw200,21,7,1.0054222345352173,0.1389421054295131,0.7362539227176101,-0.26916831181760714,0.26916831181760714,
6536,39627823471658492,0.5106211990053792,blue,300,powerlaw300,31,7,1.0054222345352173,0.1389421054295131,0.5772679384360005,-0.42815429609921674,0.42815429609921674,
6536,39627823471658492,0.5106211990053792,blue,500,powerlaw500,51,7,1.0054222345352173,0.1389421054295131,0.6542508720722263,-0.35117136246299097,0.35117136246299097,
6536,39627823471658492,0.5106211990053792,red,100,powerlaw100,11,7,1.3186861276626587,0.014768077858856745,1.2802561368440633,-0.03842999081859544,0.03842999081859544,
6536,39627823471658492,0.5106211990053792,red,200,powerlaw200,21,7,1.3186861276626587,0.014768077858856745,1.320253676118941,0.001567548456282264,0.001567548456282264,
6536,39627823471658492,0.5106211990053792,red,300,powerlaw300,31,7,1.3186861276626587,0.014768077858856745,1.2803562323169513,-0.03832989534570741,0.03832989534570741,
6536,39627823471658492,0.5106211990053792,red,500,powerlaw500,51,7,1.3186861276626587,0.014768077858856745,1.2768085459490572,-0.04187758171360145,0.04187758171360145,
1644,39627847651822643,0.3295183285466317,blue,100,powerlaw100,11,8,2.19840407371521,1.9662033319473267,179.57401877155112,177.3756146978359,177.3756146978359,
1644,39627847651822643,0.3295183285466317,blue,200,powerlaw200,21,8,2.19840407371521,1.9662033319473267,0.8505074477282487,-1.3478966259869614,1.3478966259869614,
1644,39627847651822643,0.3295183285466317,blue,300,powerlaw300,31,8,2.19840407371521,1.9662033319473267,1.365642102895607,-0.832761970819603,0.832761970819603,
1644,39627847651822643,0.3295183285466317,blue,500,powerlaw500,51,8,2.19840407371521,1.9662033319473267,1.5248545067066483,-0.6735495670085616,0.6735495670085616,
1644,39627847651822643,0.3295183285466317,red,100,powerlaw100,11,8,0.7345219254493713,0.17603416740894318,0.18014312279630681,-0.5543788026530645,0.5543788026530645,
1644,39627847651822643,0.3295183285466317,red,200,powerlaw200,21,8,0.7345219254493713,0.17603416740894318,0.5953226299068579,-0.13919929554251342,0.13919929554251342,
1644,39627847651822643,0.3295183285466317,red,300,powerlaw300,31,8,0.7345219254493713,0.17603416740894318,0.830540404235742,0.09601847878637071,0.09601847878637071,
1644,39627847651822643,0.3295183285466317,red,500,powerlaw500,51,8,0.7345219254493713,0.17603416740894318,0.49524536909329414,-0.2392765563560772,0.2392765563560772,
899,39627841616221866,0.5612730943237612,blue,100,powerlaw100,11,7,0.338935911655426,0.13824463742119925,1.9641335951201723e-09,-0.33893590969129245,0.33893590969129245,
899,39627841616221866,0.5612730943237612,blue,200,powerlaw200,21,7,0.338935911655426,0.13824463742119925,3.601292082220338e-163,-0.338935911655426,0.338935911655426,
899,39627841616221866,0.5612730943237612,blue,300,powerlaw300,31,7,0.338935911655426,0.13824463742119925,0.00045200168853502934,-0.338483909966891,0.338483909966891,
899,39627841616221866,0.5612730943237612,blue,500,powerlaw500,51,7,0.338935911655426,0.13824463742119925,0.019371512575152048,-0.31956439908027395,0.31956439908027395,
899,39627841616221866,0.5612730943237612,red,100,powerlaw100,11,7,1.0639760494232178,0.02975222042628697,1.1127234233222874,0.04874737389906958,0.04874737389906958,
899,39627841616221866,0.5612730943237612,red,200,powerlaw200,21,7,1.0639760494232178,0.02975222042628697,1.0934554990077514,0.029479449584533635,0.029479449584533635,
899,39627841616221866,0.5612730943237612,red,300,powerlaw300,31,7,1.0639760494232178,0.02975222042628697,1.1578307636825078,0.09385471425929004,0.09385471425929004,
899,39627841616221866,0.5612730943237612,red,500,powerlaw500,51,7,1.0639760494232178,0.02975222042628697,1.1189228282034867,0.05494677878026888,0.05494677878026888,
2064,39627847656019121,0.0723708703316156,blue,100,powerlaw100,11,10,2.7047648429870605,1.1500517845153808,878.2413848490553,875.5366200060682,875.5366200060682,
2064,39627847656019121,0.0723708703316156,blue,200,powerlaw200,21,10,2.7047648429870605,1.1500517845153808,0.012263428800312545,-2.692501414186748,2.692501414186748,
2064,39627847656019121,0.0723708703316156,blue,300,powerlaw300,31,10,2.7047648429870605,1.1500517845153808,0.5218507922167699,-2.1829140507702904,2.1829140507702904,
2064,39627847656019121,0.0723708703316156,blue,500,powerlaw500,51,10,2.7047648429870605,1.1500517845153808,1.0221170537541622,-1.6826477892328984,1.6826477892328984,
2064,39627847656019121,0.0723708703316156,red,100,powerlaw100,11,10,0.37228652834892273,0.23440883159637452,0.3540219742056201,-0.018264554143302636,0.018264554143302636,
2064,39627847656019121,0.0723708703316156,red,200,powerlaw200,21,10,0.37228652834892273,0.23440883159637452,0.43604076138324765,0.06375423303432493,0.06375423303432493,
2064,39627847656019121,0.0723708703316156,red,300,powerlaw300,31,10,0.37228652834892273,0.23440883159637452,0.5516078810198849,0.17932135267096216,0.17932135267096216,
2064,39627847656019121,0.0723708703316156,red,500,powerlaw500,51,10,0.37228652834892273,0.23440883159637452,0.48646758730721834,0.11418105895829561,0.11418105895829561,
2963,39627805360652764,0.0925521251668854,blue,100,powerlaw100,11,10,1.7353919744491577,0.5217753410339355,0.14055589629096576,-1.5948360781581918,1.5948360781581918,
2963,39627805360652764,0.0925521251668854,blue,200,powerlaw200,21,10,1.7353919744491577,0.5217753410339355,0.6432171443436092,-1.0921748301055485,1.0921748301055485,
2963,39627805360652764,0.0925521251668854,blue,300,powerlaw300,31,10,1.7353919744491577,0.5217753410339355,0.6969345912207348,-1.038457383228423,1.038457383228423,
2963,39627805360652764,0.0925521251668854,blue,500,powerlaw500,51,10,1.7353919744491577,0.5217753410339355,1.0474737423423481,-0.6879182321068096,0.6879182321068096,
2963,39627805360652764,0.0925521251668854,red,100,powerlaw100,11,10,0.5836295485496521,0.07983876466751098,0.9153386439265118,0.33170909537685966,0.33170909537685966,
2963,39627805360652764,0.0925521251668854,red,200,powerlaw200,21,10,0.5836295485496521,0.07983876466751098,0.8485769771011089,0.2649474285514568,0.2649474285514568,
2963,39627805360652764,0.0925521251668854,red,300,powerlaw300,31,10,0.5836295485496521,0.07983876466751098,0.7072414717342337,0.12361192318458158,0.12361192318458158,
2963,39627805360652764,0.0925521251668854,red,500,powerlaw500,51,10,0.5836295485496521,0.07983876466751098,0.5010952800191788,-0.0825342685304733,0.0825342685304733,
2615,39627805356458724,0.3036570472055792,blue,100,powerlaw100,11,8,1.2126820087432861,0.44724979996681213,1.0821425016215231,-0.130539507121763,0.130539507121763,
2615,39627805356458724,0.3036570472055792,blue,200,powerlaw200,21,8,1.2126820087432861,0.44724979996681213,1.6890859249236512,0.47640391618036504,0.47640391618036504,
2615,39627805356458724,0.3036570472055792,blue,300,powerlaw300,31,8,1.2126820087432861,0.44724979996681213,1.7461338800144723,0.5334518712711862,0.5334518712711862,
2615,39627805356458724,0.3036570472055792,blue,500,powerlaw500,51,8,1.2126820087432861,0.44724979996681213,1.5866917232971147,0.3740097145538286,0.3740097145538286,
2615,39627805356458724,0.3036570472055792,red,100,powerlaw100,11,8,0.5845019817352295,0.05428136885166168,0.5700696348960138,-0.014432346839215682,0.014432346839215682,
2615,39627805356458724,0.3036570472055792,red,200,powerlaw200,21,8,0.5845019817352295,0.05428136885166168,0.6216103686862371,0.0371083869510076,0.0371083869510076,
2615,39627805356458724,0.3036570472055792,red,300,powerlaw300,31,8,0.5845019817352295,0.05428136885166168,0.6111996481027651,0.026697666367535566,0.026697666367535566,
2615,39627805356458724,0.3036570472055792,red,500,powerlaw500,51,8,0.5845019817352295,0.05428136885166168,0.6236830022547974,0.039181020519567955,0.039181020519567955,
12709,39627781725751590,0.5761660668318359,blue,100,powerlaw100,11,7,-0.33425721526145935,0.1517564058303833,0.029577162228062708,0.3638343774895221,0.3638343774895221,
12709,39627781725751590,0.5761660668318359,blue,200,powerlaw200,21,7,-0.33425721526145935,0.1517564058303833,0.06116660419323262,0.39542381945469196,0.39542381945469196,
12709,39627781725751590,0.5761660668318359,blue,300,powerlaw300,31,7,-0.33425721526145935,0.1517564058303833,2.6639185234992444e-07,0.3342574816533117,0.3342574816533117,
12709,39627781725751590,0.5761660668318359,blue,500,powerlaw500,51,7,-0.33425721526145935,0.1517564058303833,0.009330076327051035,0.34358729158851037,0.34358729158851037,
12709,39627781725751590,0.5761660668318359,red,100,powerlaw100,11,7,1.1230748891830444,0.024588084646633694,1.190084191508355,0.06700930232531066,0.06700930232531066,
12709,39627781725751590,0.5761660668318359,red,200,powerlaw200,21,7,1.1230748891830444,0.024588084646633694,1.2104444916340396,0.08736960245099512,0.08736960245099512,
12709,39627781725751590,0.5761660668318359,red,300,powerlaw300,31,7,1.1230748891830444,0.024588084646633694,1.2359594768333486,0.11288458765030418,0.11288458765030418,
12709,39627781725751590,0.5761660668318359,red,500,powerlaw500,51,7,1.1230748891830444,0.024588084646633694,1.2035352936185955,0.08046040443555103,0.08046040443555103,
12927,39627775681759686,0.5623968568519109,blue,100,powerlaw100,11,7,0.1581544578075409,0.22371644633156912,0.07514965541073775,-0.08300480239680315,0.08300480239680315,
12927,39627775681759686,0.5623968568519109,blue,200,powerlaw200,21,7,0.1581544578075409,0.22371644633156912,0.265357507945103,0.1072030501375621,0.1072030501375621,
12927,39627775681759686,0.5623968568519109,blue,300,powerlaw300,31,7,0.1581544578075409,0.22371644633156912,0.3283670902661394,0.17021263245859852,0.17021263245859852,
12927,39627775681759686,0.5623968568519109,blue,500,powerlaw500,51,7,0.1581544578075409,0.22371644633156912,0.38073730912697223,0.22258285131943134,0.22258285131943134,
12927,39627775681759686,0.5623968568519109,red,100,powerlaw100,11,7,0.9348717331886292,0.03938711541039603,0.9585998157223393,0.02372808253371017,0.02372808253371017,
12927,39627775681759686,0.5623968568519109,red,200,powerlaw200,21,7,0.9348717331886292,0.03938711541039603,0.9445330930741022,0.009661359885473009,0.009661359885473009,
12927,39627775681759686,0.5623968568519109,red,300,powerlaw300,31,7,0.9348717331886292,0.03938711541039603,0.9784106323398384,0.04353889915120923,0.04353889915120923,
12927,39627775681759686,0.5623968568519109,red,500,powerlaw500,51,7,0.9348717331886292,0.03938711541039603,0.9757610137553182,0.04088928056668906,0.04088928056668906,
6614,39627829503068829,0.5675563664809766,blue,100,powerlaw100,11,7,-0.2995770275592804,0.14861937931605748,0.6304206402471101,0.9299976678063905,0.9299976678063905,
6614,39627829503068829,0.5675563664809766,blue,200,powerlaw200,21,7,-0.2995770275592804,0.14861937931605748,0.7961012085523803,1.0956782361116608,1.0956782361116608,
6614,39627829503068829,0.5675563664809766,blue,300,powerlaw300,31,7,-0.2995770275592804,0.14861937931605748,7.896969191330112e-05,0.2996559972511937,0.2996559972511937,
6614,39627829503068829,0.5675563664809766,blue,500,powerlaw500,51,7,-0.2995770275592804,0.14861937931605748,0.05437133242534449,0.35394835998462487,0.35394835998462487,
6614,39627829503068829,0.5675563664809766,red,100,powerlaw100,11,7,1.1230852603912354,0.01792470259325845,1.1105084019749047,-0.012576858416330605,0.012576858416330605,
6614,39627829503068829,0.5675563664809766,red,200,powerlaw200,21,7,1.1230852603912354,0.01792470259325845,1.1581880344194304,0.03510277402819506,0.03510277402819506,
6614,39627829503068829,0.5675563664809766,red,300,powerlaw300,31,7,1.1230852603912354,0.01792470259325845,1.1900420214246312,0.06695676103339587,0.06695676103339587,
6614,39627829503068829,0.5675563664809766,red,500,powerlaw500,51,7,1.1230852603912354,0.01792470259325845,1.1743704585790884,0.05128519818785304,0.05128519818785304,
6250,39627829507262695,0.4115783257331982,blue,100,powerlaw100,11,8,0.05788655951619148,0.2049974501132965,0.0802989551352493,0.02241239561905782,0.02241239561905782,
6250,39627829507262695,0.4115783257331982,blue,200,powerlaw200,21,8,0.05788655951619148,0.2049974501132965,0.35341686950498985,0.29553030998879837,0.29553030998879837,
6250,39627829507262695,0.4115783257331982,blue,300,powerlaw300,31,8,0.05788655951619148,0.2049974501132965,0.0893872593102866,0.031500699794095116,0.031500699794095116,
6250,39627829507262695,0.4115783257331982,blue,500,powerlaw500,51,8,0.05788655951619148,0.2049974501132965,0.3326564080469787,0.27476984853078723,0.27476984853078723,
6250,39627829507262695,0.4115783257331982,red,100,powerlaw100,11,8,0.9669462442398071,0.016734689474105835,0.9803188829460783,0.013372638706271145,0.013372638706271145,
6250,39627829507262695,0.4115783257331982,red,200,powerlaw200,21,8,0.9669462442398071,0.016734689474105835,0.969815334323679,0.002869090083871817,0.002869090083871817,
6250,39627829507262695,0.4115783257331982,red,300,powerlaw300,31,8,0.9669462442398071,0.016734689474105835,0.9559062336174433,-0.011040010622363816,0.011040010622363816,
6250,39627829507262695,0.4115783257331982,red,500,powerlaw500,51,8,0.9669462442398071,0.016734689474105835,0.9910112064710674,0.024064962231260312,0.024064962231260312,
10350,39627859714640012,0.3315897320719759,blue,100,powerlaw100,11,8,-0.1912526786327362,0.5728055238723755,0.015003536850799512,0.20625621548353573,0.20625621548353573,
10350,39627859714640012,0.3315897320719759,blue,200,powerlaw200,21,8,-0.1912526786327362,0.5728055238723755,0.749712773087819,0.9409654517205552,0.9409654517205552,
10350,39627859714640012,0.3315897320719759,blue,300,powerlaw300,31,8,-0.1912526786327362,0.5728055238723755,0.18038913818866148,0.3716418168213977,0.3716418168213977,
10350,39627859714640012,0.3315897320719759,blue,500,powerlaw500,51,8,-0.1912526786327362,0.5728055238723755,0.028023895652382814,0.219276574285119,0.219276574285119,
10350,39627859714640012,0.3315897320719759,red,100,powerlaw100,11,8,0.9417155981063843,0.1092924103140831,1.903811772175453,0.9620961740690688,0.9620961740690688,
10350,39627859714640012,0.3315897320719759,red,200,powerlaw200,21,8,0.9417155981063843,0.1092924103140831,0.8332768498426792,-0.10843874826370503,0.10843874826370503,
10350,39627859714640012,0.3315897320719759,red,300,powerlaw300,31,8,0.9417155981063843,0.1092924103140831,0.6317814530136355,-0.30993414509274875,0.30993414509274875,
10350,39627859714640012,0.3315897320719759,red,500,powerlaw500,51,8,0.9417155981063843,0.1092924103140831,0.7736810350988494,-0.16803456300753483,0.16803456300753483,
1090,39627841620413378,0.0471658435833079,blue,100,powerlaw100,11,10,4.485445499420166,1.454072856903076,30.911166366791758,26.42572086737159,26.42572086737159,
1090,39627841620413378,0.0471658435833079,blue,200,powerlaw200,21,10,4.485445499420166,1.454072856903076,1.262372706155006,-3.22307279326516,3.22307279326516,
1090,39627841620413378,0.0471658435833079,blue,300,powerlaw300,31,10,4.485445499420166,1.454072856903076,0.7766803046626705,-3.7087651947574956,3.7087651947574956,
1090,39627841620413378,0.0471658435833079,blue,500,powerlaw500,51,10,4.485445499420166,1.454072856903076,1.5961075609318818,-2.8893379384882842,2.8893379384882842,
1090,39627841620413378,0.0471658435833079,red,100,powerlaw100,11,10,-0.20362916588783264,0.22467193603515626,0.03070631812084352,0.23433548400867615,0.23433548400867615,
1090,39627841620413378,0.0471658435833079,red,200,powerlaw200,21,10,-0.20362916588783264,0.22467193603515626,0.2592882141653498,0.46291738005318245,0.46291738005318245,
1090,39627841620413378,0.0471658435833079,red,300,powerlaw300,31,10,-0.20362916588783264,0.22467193603515626,0.4038456350131149,0.6074748009009475,0.6074748009009475,
1090,39627841620413378,0.0471658435833079,red,500,powerlaw500,51,10,-0.20362916588783264,0.22467193603515626,0.0053367107691809895,0.20896587665701363,0.20896587665701363,
1262,39627853700008528,0.3323940889430451,blue,100,powerlaw100,11,8,1.7495630979537964,0.2604371905326843,1.3612182857640414,-0.38834481218975503,0.38834481218975503,
1262,39627853700008528,0.3323940889430451,blue,200,powerlaw200,21,8,1.7495630979537964,0.2604371905326843,1.6938026129077546,-0.05576048504604181,0.05576048504604181,
1262,39627853700008528,0.3323940889430451,blue,300,powerlaw300,31,8,1.7495630979537964,0.2604371905326843,1.464511025511309,-0.2850520724424874,0.2850520724424874,
1262,39627853700008528,0.3323940889430451,blue,500,powerlaw500,51,8,1.7495630979537964,0.2604371905326843,1.448981286203407,-0.30058181175038934,0.30058181175038934,
1262,39627853700008528,0.3323940889430451,red,100,powerlaw100,11,8,0.6696381568908691,0.03312290087342262,0.5727086222580464,-0.09692953463282272,0.09692953463282272,
1262,39627853700008528,0.3323940889430451,red,200,powerlaw200,21,8,0.6696381568908691,0.03312290087342262,0.6517094598838904,-0.017928697006978744,0.017928697006978744,
1262,39627853700008528,0.3323940889430451,red,300,powerlaw300,31,8,0.6696381568908691,0.03312290087342262,0.6459236508276944,-0.023714506063174712,0.023714506063174712,
1262,39627853700008528,0.3323940889430451,red,500,powerlaw500,51,8,0.6696381568908691,0.03312290087342262,0.6660658207216883,-0.0035723361691808453,0.0035723361691808453,
9016,39627841599441303,0.3712666833589805,blue,100,powerlaw100,11,8,0.34535542130470276,0.07351834326982498,0.38287402272804283,0.03751860142334007,0.03751860142334007,
9016,39627841599441303,0.3712666833589805,blue,200,powerlaw200,21,8,0.34535542130470276,0.07351834326982498,0.06490646148032943,-0.28044895982437335,0.28044895982437335,
9016,39627841599441303,0.3712666833589805,blue,300,powerlaw300,31,8,0.34535542130470276,0.07351834326982498,0.0494061614020916,-0.2959492599026112,0.2959492599026112,
9016,39627841599441303,0.3712666833589805,blue,500,powerlaw500,51,8,0.34535542130470276,0.07351834326982498,0.0786658642337412,-0.26668955707096154,0.26668955707096154,
9016,39627841599441303,0.3712666833589805,red,100,powerlaw100,11,8,0.9336864352226257,0.010316443629562855,0.9914518959226699,0.05776546070004418,0.05776546070004418,
9016,39627841599441303,0.3712666833589805,red,200,powerlaw200,21,8,0.9336864352226257,0.010316443629562855,1.0190514316694026,0.08536499644677686,0.08536499644677686,
9016,39627841599441303,0.3712666833589805,red,300,powerlaw300,31,8,0.9336864352226257,0.010316443629562855,1.0364729637270143,0.10278652850438852,0.10278652850438852,
9016,39627841599441303,0.3712666833589805,red,500,powerlaw500,51,8,0.9336864352226257,0.010316443629562855,1.022011349618002,0.08832491439537637,0.08832491439537637,
9082,39627847630852661,0.3734156211768329,blue,100,powerlaw100,11,8,0.2924625873565674,0.09262984991073608,0.22497941867034982,-0.06748316868621757,0.06748316868621757,
9082,39627847630852661,0.3734156211768329,blue,200,powerlaw200,21,8,0.2924625873565674,0.09262984991073608,0.08260251291806447,-0.2098600744385029,0.2098600744385029,
9082,39627847630852661,0.3734156211768329,blue,300,powerlaw300,31,8,0.2924625873565674,0.09262984991073608,0.12509127560938416,-0.16737131174718323,0.16737131174718323,
9082,39627847630852661,0.3734156211768329,blue,500,powerlaw500,51,8,0.2924625873565674,0.09262984991073608,0.13520154801691603,-0.15726103933965135,0.15726103933965135,
9082,39627847630852661,0.3734156211768329,red,100,powerlaw100,11,8,1.1106077432632446,0.016611404716968536,1.140342287023011,0.029734543759766474,0.029734543759766474,
9082,39627847630852661,0.3734156211768329,red,200,powerlaw200,21,8,1.1106077432632446,0.016611404716968536,1.197917908262888,0.08731016499964328,0.08731016499964328,
9082,39627847630852661,0.3734156211768329,red,300,powerlaw300,31,8,1.1106077432632446,0.016611404716968536,1.1987498481450054,0.08814210488176077,0.08814210488176077,
9082,39627847630852661,0.3734156211768329,red,500,powerlaw500,51,8,1.1106077432632446,0.016611404716968536,1.184292105227256,0.07368436196401129,0.07368436196401129,
7198,39627823492629302,0.3698602647880401,blue,100,powerlaw100,11,8,-0.009011328220367432,0.2911830246448517,9.132994597519306e-10,0.009011329133666892,0.009011329133666892,
7198,39627823492629302,0.3698602647880401,blue,200,powerlaw200,21,8,-0.009011328220367432,0.2911830246448517,0.014305616131266395,0.023316944351633825,0.023316944351633825,
7198,39627823492629302,0.3698602647880401,blue,300,powerlaw300,31,8,-0.009011328220367432,0.2911830246448517,0.0042904434472952006,0.013301771667662632,0.013301771667662632,
7198,39627823492629302,0.3698602647880401,blue,500,powerlaw500,51,8,-0.009011328220367432,0.2911830246448517,0.07231854552055482,0.08132987374092225,0.08132987374092225,
7198,39627823492629302,0.3698602647880401,red,100,powerlaw100,11,8,1.2654478549957275,0.041754499077796936,1.0370632338865835,-0.22838462110914404,0.22838462110914404,
7198,39627823492629302,0.3698602647880401,red,200,powerlaw200,21,8,1.2654478549957275,0.041754499077796936,1.307844296031282,0.0423964410355544,0.0423964410355544,
7198,39627823492629302,0.3698602647880401,red,300,powerlaw300,31,8,1.2654478549957275,0.041754499077796936,1.365936248240315,0.10048839324458747,0.10048839324458747,
7198,39627823492629302,0.3698602647880401,red,500,powerlaw500,51,8,1.2654478549957275,0.041754499077796936,1.2354883138188644,-0.02995954117686317,0.02995954117686317,
9191,39627853679035520,0.4924159382057153,blue,100,powerlaw100,11,7,0.03117208741605282,0.13951651539121354,8.271320969020955e-08,-0.031172004702843127,0.031172004702843127,
9191,39627853679035520,0.4924159382057153,blue,200,powerlaw200,21,7,0.03117208741605282,0.13951651539121354,0.010476519653066988,-0.020695567762985832,0.020695567762985832,
9191,39627853679035520,0.4924159382057153,blue,300,powerlaw300,31,7,0.03117208741605282,0.13951651539121354,0.008420132645169772,-0.022751954770883046,0.022751954770883046,
9191,39627853679035520,0.4924159382057153,blue,500,powerlaw500,51,7,0.03117208741605282,0.13951651539121354,0.013355773393420771,-0.01781631402263205,0.01781631402263205,
9191,39627853679035520,0.4924159382057153,red,100,powerlaw100,11,7,1.099206805229187,0.01643030984061105,1.16609920571838,0.0668924004891931,0.0668924004891931,
9191,39627853679035520,0.4924159382057153,red,200,powerlaw200,21,7,1.099206805229187,0.01643030984061105,1.2000802792441738,0.10087347401498681,0.10087347401498681,
9191,39627853679035520,0.4924159382057153,red,300,powerlaw300,31,7,1.099206805229187,0.01643030984061105,1.1842038876479555,0.08499708241876847,0.08499708241876847,
9191,39627853679035520,0.4924159382057153,red,500,powerlaw500,51,7,1.099206805229187,0.01643030984061105,1.126252404201638,0.027045598972450957,0.027045598972450957,
7972,39627823484242623,0.1839508275394066,blue,100,powerlaw100,11,9,2.905730724334717,1.5356161329481337,0.13108300254583521,-2.7746477217888814,2.7746477217888814,
7972,39627823484242623,0.1839508275394066,blue,200,powerlaw200,21,9,2.905730724334717,1.5356161329481337,1.7694791633681897,-1.1362515609665271,1.1362515609665271,
7972,39627823484242623,0.1839508275394066,blue,300,powerlaw300,31,9,2.905730724334717,1.5356161329481337,0.9405973634506137,-1.965133360884103,1.965133360884103,
7972,39627823484242623,0.1839508275394066,blue,500,powerlaw500,51,9,2.905730724334717,1.5356161329481337,0.6977702627967067,-2.20796046153801,2.20796046153801,
7972,39627823484242623,0.1839508275394066,red,100,powerlaw100,11,9,0.441680371761322,0.1655344698164198,1.4616897312123478,1.0200093594510258,1.0200093594510258,
7972,39627823484242623,0.1839508275394066,red,200,powerlaw200,21,9,0.441680371761322,0.1655344698164198,1.3814377901934705,0.9397574184321484,0.9397574184321484,
7972,39627823484242623,0.1839508275394066,red,300,powerlaw300,31,9,0.441680371761322,0.1655344698164198,0.6957144000630979,0.2540340283017759,0.2540340283017759,
7972,39627823484242623,0.1839508275394066,red,500,powerlaw500,51,9,0.441680371761322,0.1655344698164198,0.8784797577392359,0.4367993859779139,0.4367993859779139,
8185,39627841607829529,0.457905872213739,blue,100,powerlaw100,11,7,0.029128704220056534,0.7847846576145717,1.720331601048489,1.6912028968284325,1.6912028968284325,
8185,39627841607829529,0.457905872213739,blue,200,powerlaw200,21,7,0.029128704220056534,0.7847846576145717,1.6885064912887693,1.6593777870687128,1.6593777870687128,
8185,39627841607829529,0.457905872213739,blue,300,powerlaw300,31,7,0.029128704220056534,0.7847846576145717,2.2981790293218856,2.269050325101829,2.269050325101829,
8185,39627841607829529,0.457905872213739,blue,500,powerlaw500,51,7,0.029128704220056534,0.7847846576145717,1.7241980243339354,1.695069320113879,1.695069320113879,
8185,39627841607829529,0.457905872213739,red,100,powerlaw100,11,7,0.8729788064956665,0.16921678611210414,0.607946407421876,-0.2650323990737905,0.2650323990737905,
8185,39627841607829529,0.457905872213739,red,200,powerlaw200,21,7,0.8729788064956665,0.16921678611210414,0.7443462411652307,-0.12863256533043577,0.12863256533043577,
8185,39627841607829529,0.457905872213739,red,300,powerlaw300,31,7,0.8729788064956665,0.16921678611210414,0.678269830998162,-0.19470897549750454,0.19470897549750454,
8185,39627841607829529,0.457905872213739,red,500,powerlaw500,51,7,0.8729788064956665,0.16921678611210414,0.419799339007458,-0.45317946748820853,0.45317946748820853,
4124,2402739686473730,0.0391537235520369,blue,100,powerlaw100,11,10,0.7444277405738831,0.2386885404586792,0.8427765831849298,0.0983488426110467,0.0983488426110467,
4124,2402739686473730,0.0391537235520369,blue,200,powerlaw200,21,10,0.7444277405738831,0.2386885404586792,0.9129879841032661,0.16856024352938304,0.16856024352938304,
4124,2402739686473730,0.0391537235520369,blue,300,powerlaw300,31,10,0.7444277405738831,0.2386885404586792,0.4761731502721093,-0.26825459030177373,0.26825459030177373,
4124,2402739686473730,0.0391537235520369,blue,500,powerlaw500,51,10,0.7444277405738831,0.2386885404586792,0.4665906181144945,-0.2778371224593886,0.2778371224593886,
4124,2402739686473730,0.0391537235520369,red,100,powerlaw100,11,10,0.512184202671051,0.02180611789226532,0.5043525497415322,-0.007831652929518818,0.007831652929518818,
4124,2402739686473730,0.0391537235520369,red,200,powerlaw200,21,10,0.512184202671051,0.02180611789226532,0.5445976112155277,0.03241340854447672,0.03241340854447672,
4124,2402739686473730,0.0391537235520369,red,300,powerlaw300,31,10,0.512184202671051,0.02180611789226532,0.5288343716159687,0.016650168944917665,0.016650168944917665,
4124,2402739686473730,0.0391537235520369,red,500,powerlaw500,51,10,0.512184202671051,0.02180611789226532,0.5458516450880669,0.033667442417015914,0.033667442417015914,
12766,39627799840949763,0.5616482501062317,blue,100,powerlaw100,11,7,0.013015219010412693,0.11558623824800764,0.10065475973543847,0.08763954072502578,0.08763954072502578,
12766,39627799840949763,0.5616482501062317,blue,200,powerlaw200,21,7,0.013015219010412693,0.11558623824800764,0.08123597704265258,0.06822075803223988,0.06822075803223988,
12766,39627799840949763,0.5616482501062317,blue,300,powerlaw300,31,7,0.013015219010412693,0.11558623824800764,0.06127816799381243,0.04826294898339974,0.04826294898339974,
12766,39627799840949763,0.5616482501062317,blue,500,powerlaw500,51,7,0.013015219010412693,0.11558623824800764,0.09470607652879126,0.08169085751837857,0.08169085751837857,
12766,39627799840949763,0.5616482501062317,red,100,powerlaw100,11,7,1.0666999816894531,0.022943715964044844,1.0409307438059159,-0.025769237883537244,0.025769237883537244,
12766,39627799840949763,0.5616482501062317,red,200,powerlaw200,21,7,1.0666999816894531,0.022943715964044844,1.0492182015426974,-0.01748178014675572,0.01748178014675572,
12766,39627799840949763,0.5616482501062317,red,300,powerlaw300,31,7,1.0666999816894531,0.022943715964044844,1.1275175860729347,0.060817604383481605,0.060817604383481605,
12766,39627799840949763,0.5616482501062317,red,500,powerlaw500,51,7,1.0666999816894531,0.022943715964044844,1.1096474794457447,0.042947497756291586,0.042947497756291586,
11323,39627847626658021,0.5386532716069896,blue,100,powerlaw100,11,7,0.17084293067455292,0.13080361911228724,0.20904273043644303,0.03819979976189011,0.03819979976189011,
11323,39627847626658021,0.5386532716069896,blue,200,powerlaw200,21,7,0.17084293067455292,0.13080361911228724,0.12071268995476504,-0.050130240719787875,0.050130240719787875,
11323,39627847626658021,0.5386532716069896,blue,300,powerlaw300,31,7,0.17084293067455292,0.13080361911228724,0.08630974818641943,-0.08453318248813349,0.08453318248813349,
11323,39627847626658021,0.5386532716069896,blue,500,powerlaw500,51,7,0.17084293067455292,0.13080361911228724,0.04061770819773513,-0.13022522247681778,0.13022522247681778,
11323,39627847626658021,0.5386532716069896,red,100,powerlaw100,11,7,1.0972899198532104,0.02161000669002533,1.0403806271259273,-0.05690929272728318,0.05690929272728318,
11323,39627847626658021,0.5386532716069896,red,200,powerlaw200,21,7,1.0972899198532104,0.02161000669002533,1.0353823862088274,-0.06190753364438306,0.06190753364438306,
11323,39627847626658021,0.5386532716069896,red,300,powerlaw300,31,7,1.0972899198532104,0.02161000669002533,1.0183681920447554,-0.07892172780845508,0.07892172780845508,
11323,39627847626658021,0.5386532716069896,red,500,powerlaw500,51,7,1.0972899198532104,0.02161000669002533,1.0398964878488486,-0.057393432004361866,0.057393432004361866,
3336,39627811400453679,0.4992804659680818,blue,100,powerlaw100,11,7,0.20170603692531586,0.1725985492978777,0.16174333495305074,-0.03996270197226512,0.03996270197226512,
3336,39627811400453679,0.4992804659680818,blue,200,powerlaw200,21,7,0.20170603692531586,0.1725985492978777,0.12893351177201487,-0.07277252515330099,0.07277252515330099,
3336,39627811400453679,0.4992804659680818,blue,300,powerlaw300,31,7,0.20170603692531586,0.1725985492978777,0.21729427493134215,0.015588238006026295,0.015588238006026295,
3336,39627811400453679,0.4992804659680818,blue,500,powerlaw500,51,7,0.20170603692531586,0.1725985492978777,0.17478805930945604,-0.026917977615859817,0.026917977615859817,
3336,39627811400453679,0.4992804659680818,red,100,powerlaw100,11,7,1.1682411432266235,0.02056570989745004,1.1109009923419884,-0.05734015088463518,0.05734015088463518,
3336,39627811400453679,0.4992804659680818,red,200,powerlaw200,21,7,1.1682411432266235,0.02056570989745004,1.1533369837553766,-0.014904159471246903,0.014904159471246903,
3336,39627811400453679,0.4992804659680818,red,300,powerlaw300,31,7,1.1682411432266235,0.02056570989745004,1.1552044526536929,-0.013036690572930665,0.013036690572930665,
3336,39627811400453679,0.4992804659680818,red,500,powerlaw500,51,7,1.1682411432266235,0.02056570989745004,1.1060660948577794,-0.06217504836884413,0.06217504836884413,
9288,39627847630848910,0.3777074668560684,blue,100,powerlaw100,11,8,0.6474301218986511,0.40690985321998596,0.9164066133300335,0.26897649143138236,0.26897649143138236,
9288,39627847630848910,0.3777074668560684,blue,200,powerlaw200,21,8,0.6474301218986511,0.40690985321998596,0.5102858108274233,-0.13714431107122782,0.13714431107122782,
9288,39627847630848910,0.3777074668560684,blue,300,powerlaw300,31,8,0.6474301218986511,0.40690985321998596,0.49573755955419474,-0.15169256234445638,0.15169256234445638,
9288,39627847630848910,0.3777074668560684,blue,500,powerlaw500,51,8,0.6474301218986511,0.40690985321998596,0.5007114298585802,-0.14671869204007093,0.14671869204007093,
9288,39627847630848910,0.3777074668560684,red,100,powerlaw100,11,8,1.0282886028289795,0.06399077922105789,1.0943569239188045,0.06606832108982497,0.06606832108982497,
9288,39627847630848910,0.3777074668560684,red,200,powerlaw200,21,8,1.0282886028289795,0.06399077922105789,1.1918402905847674,0.16355168775578788,0.16355168775578788,
9288,39627847630848910,0.3777074668560684,red,300,powerlaw300,31,8,1.0282886028289795,0.06399077922105789,1.210735804291342,0.1824472014623626,0.1824472014623626,
9288,39627847630848910,0.3777074668560684,red,500,powerlaw500,51,8,1.0282886028289795,0.06399077922105789,1.0853845603574215,0.05709595752844199,0.05709595752844199,
13,39627568982264829,0.4833061210876013,blue,100,powerlaw100,11,7,0.1607629507780075,0.15541057927267893,0.21725710749059707,0.05649415671258956,0.05649415671258956,
13,39627568982264829,0.4833061210876013,blue,200,powerlaw200,21,7,0.1607629507780075,0.15541057927267893,0.147395965439999,-0.013366985338008508,0.013366985338008508,
13,39627568982264829,0.4833061210876013,blue,300,powerlaw300,31,7,0.1607629507780075,0.15541057927267893,0.15952654000106303,-0.0012364107769444743,0.0012364107769444743,
13,39627568982264829,0.4833061210876013,blue,500,powerlaw500,51,7,0.1607629507780075,0.15541057927267893,0.02405325302135635,-0.13670969775665115,0.13670969775665115,
13,39627568982264829,0.4833061210876013,red,100,powerlaw100,11,7,1.1568926572799683,0.022342532873153687,1.2436009135412764,0.08670825626130818,0.08670825626130818,
13,39627568982264829,0.4833061210876013,red,200,powerlaw200,21,7,1.1568926572799683,0.022342532873153687,1.2033103705418287,0.046417713261860394,0.046417713261860394,
13,39627568982264829,0.4833061210876013,red,300,powerlaw300,31,7,1.1568926572799683,0.022342532873153687,1.240815799269352,0.08392314198938378,0.08392314198938378,
13,39627568982264829,0.4833061210876013,red,500,powerlaw500,51,7,1.1568926572799683,0.022342532873153687,1.199536475461823,0.0426438181818547,0.0426438181818547,
7683,39627829524037891,0.1244965370028075,blue,100,powerlaw100,11,9,0.6533660888671875,0.7084574699401855,3.3441890012089397,2.690822912341752,2.690822912341752,
7683,39627829524037891,0.1244965370028075,blue,200,powerlaw200,21,9,0.6533660888671875,0.7084574699401855,1.6674752687931123,1.0141091799259248,1.0141091799259248,
7683,39627829524037891,0.1244965370028075,blue,300,powerlaw300,31,9,0.6533660888671875,0.7084574699401855,1.863109883990517,1.2097437951233294,1.2097437951233294,
7683,39627829524037891,0.1244965370028075,blue,500,powerlaw500,51,9,0.6533660888671875,0.7084574699401855,1.9094267038140258,1.2560606149468383,1.2560606149468383,
7683,39627829524037891,0.1244965370028075,red,100,powerlaw100,11,9,0.2405320554971695,0.06935759385426839,0.13142734850807433,-0.10910470698909516,0.10910470698909516,
7683,39627829524037891,0.1244965370028075,red,200,powerlaw200,21,9,0.2405320554971695,0.06935759385426839,0.18572285535259356,-0.05480920014457594,0.05480920014457594,
7683,39627829524037891,0.1244965370028075,red,300,powerlaw300,31,9,0.2405320554971695,0.06935759385426839,0.2153219491946032,-0.025210106302566287,0.025210106302566287,
7683,39627829524037891,0.1244965370028075,red,500,powerlaw500,51,9,0.2405320554971695,0.06935759385426839,0.17913192393222757,-0.06140013156494192,0.06140013156494192,
3233,39627811400454313,0.549950735046926,blue,100,powerlaw100,11,7,0.051379721611738205,0.1246966975075858,0.07661147105099274,0.025231749439254533,0.025231749439254533,
3233,39627811400454313,0.549950735046926,blue,200,powerlaw200,21,7,0.051379721611738205,0.1246966975075858,0.08602844525433995,0.03464872364260174,0.03464872364260174,
3233,39627811400454313,0.549950735046926,blue,300,powerlaw300,31,7,0.051379721611738205,0.1246966975075858,0.056675118814234114,0.005295397202495909,0.005295397202495909,
3233,39627811400454313,0.549950735046926,blue,500,powerlaw500,51,7,0.051379721611738205,0.1246966975075858,0.07489954628419124,0.023519824672453032,0.023519824672453032,
3233,39627811400454313,0.549950735046926,red,100,powerlaw100,11,7,0.9766241312026978,0.015401556023529597,0.9444455922881777,-0.03217853891452005,0.03217853891452005,
3233,39627811400454313,0.549950735046926,red,200,powerlaw200,21,7,0.9766241312026978,0.015401556023529597,0.9471306683979843,-0.029493462804713433,0.029493462804713433,
3233,39627811400454313,0.549950735046926,red,300,powerlaw300,31,7,0.9766241312026978,0.015401556023529597,0.958412358129194,-0.018211773073503745,0.018211773073503745,
3233,39627811400454313,0.549950735046926,red,500,powerlaw500,51,7,0.9766241312026978,0.015401556023529597,0.9817335448935348,0.005109413690837061,0.005109413690837061,
10956,39627865733469343,0.3486988676699505,blue,100,powerlaw100,11,8,0.7929180860519409,0.2704378068447113,816.0581772940892,815.2652592080373,815.2652592080373,
10956,39627865733469343,0.3486988676699505,blue,200,powerlaw200,21,8,0.7929180860519409,0.2704378068447113,0.4370187780760195,-0.3558993079759214,0.3558993079759214,
10956,39627865733469343,0.3486988676699505,blue,300,powerlaw300,31,8,0.7929180860519409,0.2704378068447113,0.16443813979340047,-0.6284799462585404,0.6284799462585404,
10956,39627865733469343,0.3486988676699505,blue,500,powerlaw500,51,8,0.7929180860519409,0.2704378068447113,0.20267204940351452,-0.5902460366484263,0.5902460366484263,
10956,39627865733469343,0.3486988676699505,red,100,powerlaw100,11,8,1.1427087783813477,0.03580811619758606,1.1674695649994693,0.024760786618121644,0.024760786618121644,
10956,39627865733469343,0.3486988676699505,red,200,powerlaw200,21,8,1.1427087783813477,0.03580811619758606,1.1732761447408138,0.030567366359466108,0.030567366359466108,
10956,39627865733469343,0.3486988676699505,red,300,powerlaw300,31,8,1.1427087783813477,0.03580811619758606,1.2357570977588472,0.09304831937749958,0.09304831937749958,
10956,39627865733469343,0.3486988676699505,red,500,powerlaw500,51,8,1.1427087783813477,0.03580811619758606,1.1463420122882604,0.003633233906912725,0.003633233906912725,
2959,39627805360654445,0.1739586142755505,blue,100,powerlaw100,11,9,0.5246031284332275,0.38168443573845756,0.475660577844941,-0.04894255058828656,0.04894255058828656,
2959,39627805360654445,0.1739586142755505,blue,200,powerlaw200,21,9,0.5246031284332275,0.38168443573845756,0.8457828686670291,0.3211797402338016,0.3211797402338016,
2959,39627805360654445,0.1739586142755505,blue,300,powerlaw300,31,9,0.5246031284332275,0.38168443573845756,1.1870287007442804,0.6624255723110528,0.6624255723110528,
2959,39627805360654445,0.1739586142755505,blue,500,powerlaw500,51,9,0.5246031284332275,0.38168443573845756,0.9883959633217396,0.4637928348885121,0.4637928348885121,
2959,39627805360654445,0.1739586142755505,red,100,powerlaw100,11,9,0.5396576523780823,0.05223259992069668,0.5579221744448808,0.018264522066798516,0.018264522066798516,
2959,39627805360654445,0.1739586142755505,red,200,powerlaw200,21,9,0.5396576523780823,0.05223259992069668,0.567222895180703,0.027565242802620737,0.027565242802620737,
2959,39627805360654445,0.1739586142755505,red,300,powerlaw300,31,9,0.5396576523780823,0.05223259992069668,0.5108427097673518,-0.028814942610730476,0.028814942610730476,
2959,39627805360654445,0.1739586142755505,red,500,powerlaw500,51,9,0.5396576523780823,0.05223259992069668,0.5155820004174572,-0.02407565196062511,0.02407565196062511,
10848,39627859702057174,0.2168722440527853,blue,100,powerlaw100,11,9,2.4115099906921387,1.1135327021280925,0.9723247779757267,-1.439185212716412,1.439185212716412,
10848,39627859702057174,0.2168722440527853,blue,200,powerlaw200,21,9,2.4115099906921387,1.1135327021280925,2.545253918091124,0.1337439273989851,0.1337439273989851,
10848,39627859702057174,0.2168722440527853,blue,300,powerlaw300,31,9,2.4115099906921387,1.1135327021280925,1.2440133137114642,-1.1674966769806745,1.1674966769806745,
10848,39627859702057174,0.2168722440527853,blue,500,powerlaw500,51,9,2.4115099906921387,1.1135327021280925,0.809560958170499,-1.6019490325216397,1.6019490325216397,
10848,39627859702057174,0.2168722440527853,red,100,powerlaw100,11,9,0.14107802510261536,0.1001411345269945,0.3999674821817888,0.25888945707917344,0.25888945707917344,
10848,39627859702057174,0.2168722440527853,red,200,powerlaw200,21,9,0.14107802510261536,0.1001411345269945,0.308320618469815,0.16724259336719965,0.16724259336719965,
10848,39627859702057174,0.2168722440527853,red,300,powerlaw300,31,9,0.14107802510261536,0.1001411345269945,0.43773610535959667,0.2966580802569813,0.2966580802569813,
10848,39627859702057174,0.2168722440527853,red,500,powerlaw500,51,9,0.14107802510261536,0.1001411345269945,0.5188885757205371,0.3778105506179218,0.3778105506179218,
5525,39627823463269366,0.2214983275064155,blue,100,powerlaw100,11,9,1.110065221786499,0.24039414193895128,1.7254653806762736,0.6154001588897746,0.6154001588897746,
5525,39627823463269366,0.2214983275064155,blue,200,powerlaw200,21,9,1.110065221786499,0.24039414193895128,1.3084342280507824,0.19836900626428333,0.19836900626428333,
5525,39627823463269366,0.2214983275064155,blue,300,powerlaw300,31,9,1.110065221786499,0.24039414193895128,1.1606234817392647,0.05055825995276564,0.05055825995276564,
5525,39627823463269366,0.2214983275064155,blue,500,powerlaw500,51,9,1.110065221786499,0.24039414193895128,1.2103548241312745,0.10028960234477546,0.10028960234477546,
5525,39627823463269366,0.2214983275064155,red,100,powerlaw100,11,9,0.48233985900878906,0.032839321427875094,0.5966538446473426,0.11431398563855355,0.11431398563855355,
5525,39627823463269366,0.2214983275064155,red,200,powerlaw200,21,9,0.48233985900878906,0.032839321427875094,0.6182032550594451,0.135863396050656,0.135863396050656,
5525,39627823463269366,0.2214983275064155,red,300,powerlaw300,31,9,0.48233985900878906,0.032839321427875094,0.6035775259051624,0.12123766689637339,0.12123766689637339,
5525,39627823463269366,0.2214983275064155,red,500,powerlaw500,51,9,0.48233985900878906,0.032839321427875094,0.5839562242677658,0.10161636525897677,0.10161636525897677,
12556,39627787765549822,0.1597898112552769,blue,100,powerlaw100,11,9,0.06461285799741745,0.510206487443712,0.169825847421992,0.10521298942457455,0.10521298942457455,
12556,39627787765549822,0.1597898112552769,blue,200,powerlaw200,21,9,0.06461285799741745,0.510206487443712,0.763727372800344,0.6991145148029265,0.6991145148029265,
12556,39627787765549822,0.1597898112552769,blue,300,powerlaw300,31,9,0.06461285799741745,0.510206487443712,0.7667118366743759,0.7020989786769585,0.7020989786769585,
12556,39627787765549822,0.1597898112552769,blue,500,powerlaw500,51,9,0.06461285799741745,0.510206487443712,0.872545372799348,0.8079325148019305,0.8079325148019305,
12556,39627787765549822,0.1597898112552769,red,100,powerlaw100,11,9,0.6994116306304932,0.06243044137954712,0.911701729766942,0.2122900991364488,0.2122900991364488,
12556,39627787765549822,0.1597898112552769,red,200,powerlaw200,21,9,0.6994116306304932,0.06243044137954712,0.8306164731132173,0.13120484248272413,0.13120484248272413,
12556,39627787765549822,0.1597898112552769,red,300,powerlaw300,31,9,0.6994116306304932,0.06243044137954712,0.8955764142487266,0.19616478361823342,0.19616478361823342,
12556,39627787765549822,0.1597898112552769,red,500,powerlaw500,51,9,0.6994116306304932,0.06243044137954712,0.8783803221675831,0.17896869153708994,0.17896869153708994,
47,39627569003233862,0.3643113216749744,blue,100,powerlaw100,11,8,0.058999039232730865,0.0742124691605568,0.23009658966356694,0.17109755043083608,0.17109755043083608,
47,39627569003233862,0.3643113216749744,blue,200,powerlaw200,21,8,0.058999039232730865,0.0742124691605568,0.31591314022333805,0.2569141009906072,0.2569141009906072,
47,39627569003233862,0.3643113216749744,blue,300,powerlaw300,31,8,0.058999039232730865,0.0742124691605568,0.21601296203737663,0.15701392280464577,0.15701392280464577,
47,39627569003233862,0.3643113216749744,blue,500,powerlaw500,51,8,0.058999039232730865,0.0742124691605568,0.06672657401549165,0.007727534782760781,0.007727534782760781,
47,39627569003233862,0.3643113216749744,red,100,powerlaw100,11,8,0.9654242992401123,0.010352110490202904,0.9114836398301887,-0.05394065940992365,0.05394065940992365,
47,39627569003233862,0.3643113216749744,red,200,powerlaw200,21,8,0.9654242992401123,0.010352110490202904,0.97676019878172,0.011335899541607741,0.011335899541607741,
47,39627569003233862,0.3643113216749744,red,300,powerlaw300,31,8,0.9654242992401123,0.010352110490202904,1.0160488330369077,0.050624533796795435,0.050624533796795435,
47,39627569003233862,0.3643113216749744,red,500,powerlaw500,51,8,0.9654242992401123,0.010352110490202904,1.0497493079791402,0.08432500873902793,0.08432500873902793,
9592,39627841607829708,0.3614834821513839,blue,100,powerlaw100,11,8,0.11597087234258652,0.05097910016775131,0.13887772860583775,0.02290685626325123,0.02290685626325123,
9592,39627841607829708,0.3614834821513839,blue,200,powerlaw200,21,8,0.11597087234258652,0.05097910016775131,0.07611763820485469,-0.03985323413773183,0.03985323413773183,
9592,39627841607829708,0.3614834821513839,blue,300,powerlaw300,31,8,0.11597087234258652,0.05097910016775131,0.07413093286050457,-0.04183993948208195,0.04183993948208195,
9592,39627841607829708,0.3614834821513839,blue,500,powerlaw500,51,8,0.11597087234258652,0.05097910016775131,0.07558188880786641,-0.040388983534720105,0.040388983534720105,
9592,39627841607829708,0.3614834821513839,red,100,powerlaw100,11,8,0.9997714757919312,0.014864463359117508,0.9439959956908643,-0.05577548010106681,0.05577548010106681,
9592,39627841607829708,0.3614834821513839,red,200,powerlaw200,21,8,0.9997714757919312,0.014864463359117508,1.0141604467345346,0.014388970942603496,0.014388970942603496,
9592,39627841607829708,0.3614834821513839,red,300,powerlaw300,31,8,0.9997714757919312,0.014864463359117508,1.0240378865577855,0.02426641076585434,0.02426641076585434,
9592,39627841607829708,0.3614834821513839,red,500,powerlaw500,51,8,0.9997714757919312,0.014864463359117508,1.0580215321951587,0.05825005640322756,0.05825005640322756,
5442,39627829503069728,0.374648216633829,blue,100,powerlaw100,11,8,0.036039143800735474,0.09753356128931046,5.333391972210364e-10,-0.036039143267396274,0.036039143267396274,
5442,39627829503069728,0.374648216633829,blue,200,powerlaw200,21,8,0.036039143800735474,0.09753356128931046,0.001448785159196759,-0.03459035864153871,0.03459035864153871,
5442,39627829503069728,0.374648216633829,blue,300,powerlaw300,31,8,0.036039143800735474,0.09753356128931046,0.026334998129615084,-0.00970414567112039,0.00970414567112039,
5442,39627829503069728,0.374648216633829,blue,500,powerlaw500,51,8,0.036039143800735474,0.09753356128931046,0.04402777298253994,0.007988629181804464,0.007988629181804464,
5442,39627829503069728,0.374648216633829,red,100,powerlaw100,11,8,1.0901386737823486,0.017301058396697044,1.2087496593059024,0.11861098552355376,0.11861098552355376,
5442,39627829503069728,0.374648216633829,red,200,powerlaw200,21,8,1.0901386737823486,0.017301058396697044,1.1549446406091946,0.06480596682684592,0.06480596682684592,
5442,39627829503069728,0.374648216633829,red,300,powerlaw300,31,8,1.0901386737823486,0.017301058396697044,1.1658611680222277,0.07572249423987909,0.07572249423987909,
5442,39627829503069728,0.374648216633829,red,500,powerlaw500,51,8,1.0901386737823486,0.017301058396697044,1.1517814336194092,0.06164275983706058,0.06164275983706058,
405,39627568999041670,0.5437485529055509,blue,100,powerlaw100,11,7,-0.031163152307271957,0.1460305963243757,412.42880892681904,412.4599720791263,412.4599720791263,
405,39627568999041670,0.5437485529055509,blue,200,powerlaw200,21,7,-0.031163152307271957,0.1460305963243757,411.5403994437091,411.57156259601635,411.57156259601635,
405,39627568999041670,0.5437485529055509,blue,300,powerlaw300,31,7,-0.031163152307271957,0.1460305963243757,0.02873672743057672,0.059899879737848674,0.059899879737848674,
405,39627568999041670,0.5437485529055509,blue,500,powerlaw500,51,7,-0.031163152307271957,0.1460305963243757,0.005127239796948372,0.03629039210422033,0.03629039210422033,
405,39627568999041670,0.5437485529055509,red,100,powerlaw100,11,7,1.103468894958496,0.01835510560444423,1.1188895184133365,0.01542062345484041,0.01542062345484041,
405,39627568999041670,0.5437485529055509,red,200,powerlaw200,21,7,1.103468894958496,0.01835510560444423,1.0206845819435342,-0.08278431301496192,0.08278431301496192,
405,39627568999041670,0.5437485529055509,red,300,powerlaw300,31,7,1.103468894958496,0.01835510560444423,1.0410372463281141,-0.062431648630381975,0.062431648630381975,
405,39627568999041670,0.5437485529055509,red,500,powerlaw500,51,7,1.103468894958496,0.01835510560444423,1.069559972460604,-0.033908922497892124,0.033908922497892124,
5343,39627865767021217,0.1731308645737805,blue,100,powerlaw100,11,9,0.41460609436035156,0.29236933920118546,3.2481458963347736,2.833539801974422,2.833539801974422,
5343,39627865767021217,0.1731308645737805,blue,200,powerlaw200,21,9,0.41460609436035156,0.29236933920118546,0.33934305968540257,-0.07526303467494899,0.07526303467494899,
5343,39627865767021217,0.1731308645737805,blue,300,powerlaw300,31,9,0.41460609436035156,0.29236933920118546,0.6330794945418049,0.21847340018145334,0.21847340018145334,
5343,39627865767021217,0.1731308645737805,blue,500,powerlaw500,51,9,0.41460609436035156,0.29236933920118546,0.7551336248586722,0.34052753049832063,0.34052753049832063,
5343,39627865767021217,0.1731308645737805,red,100,powerlaw100,11,9,0.6200191378593445,0.03460239701800876,0.7306241062782148,0.11060496841887035,0.11060496841887035,
5343,39627865767021217,0.1731308645737805,red,200,powerlaw200,21,9,0.6200191378593445,0.03460239701800876,0.6655617515696468,0.045542613710302327,0.045542613710302327,
5343,39627865767021217,0.1731308645737805,red,300,powerlaw300,31,9,0.6200191378593445,0.03460239701800876,0.6314110586383154,0.011391920778970888,0.011391920778970888,
5343,39627865767021217,0.1731308645737805,red,500,powerlaw500,51,9,0.6200191378593445,0.03460239701800876,0.6573913761754326,0.03737223831608816,0.03737223831608816,
11334,39627853670645815,0.1073857583721663,blue,100,powerlaw100,11,10,0.37510067224502563,0.7417875766754151,0.3349587894504899,-0.04014188279453573,0.04014188279453573,
11334,39627853670645815,0.1073857583721663,blue,200,powerlaw200,21,10,0.37510067224502563,0.7417875766754151,0.46411125302912826,0.08901058078410262,0.08901058078410262,
11334,39627853670645815,0.1073857583721663,blue,300,powerlaw300,31,10,0.37510067224502563,0.7417875766754151,0.7558814482898677,0.38078077604484206,0.38078077604484206,
11334,39627853670645815,0.1073857583721663,blue,500,powerlaw500,51,10,0.37510067224502563,0.7417875766754151,0.8734520720451512,0.49835139980012555,0.49835139980012555,
11334,39627853670645815,0.1073857583721663,red,100,powerlaw100,11,10,0.2817111313343048,0.132294225692749,0.7993186764721518,0.517607545137847,0.517607545137847,
11334,39627853670645815,0.1073857583721663,red,200,powerlaw200,21,10,0.2817111313343048,0.132294225692749,0.6556100942138141,0.3738989628795093,0.3738989628795093,
11334,39627853670645815,0.1073857583721663,red,300,powerlaw300,31,10,0.2817111313343048,0.132294225692749,0.6064469638110417,0.3247358324767369,0.3247358324767369,
11334,39627853670645815,0.1073857583721663,red,500,powerlaw500,51,10,0.2817111313343048,0.132294225692749,0.641362562608626,0.3596514312743212,0.3596514312743212,
12338,39627793801152633,0.5619271323161094,blue,100,powerlaw100,11,7,-0.7690792083740234,0.5752460615975517,4.180477131281044e-09,0.7690792125545006,0.7690792125545006,
12338,39627793801152633,0.5619271323161094,blue,200,powerlaw200,21,7,-0.7690792083740234,0.5752460615975517,0.0027623741812860076,0.7718415825553094,0.7718415825553094,
12338,39627793801152633,0.5619271323161094,blue,300,powerlaw300,31,7,-0.7690792083740234,0.5752460615975517,0.0430833797945735,0.812162588168597,0.812162588168597,
12338,39627793801152633,0.5619271323161094,blue,500,powerlaw500,51,7,-0.7690792083740234,0.5752460615975517,1.734659065352128e-08,0.769079225720614,0.769079225720614,
12338,39627793801152633,0.5619271323161094,red,100,powerlaw100,11,7,1.0548409223556519,0.07108168091092791,0.9000329087277971,-0.1548080136278548,0.1548080136278548,
12338,39627793801152633,0.5619271323161094,red,200,powerlaw200,21,7,1.0548409223556519,0.07108168091092791,1.0114927288829254,-0.04334819347272645,0.04334819347272645,
12338,39627793801152633,0.5619271323161094,red,300,powerlaw300,31,7,1.0548409223556519,0.07108168091092791,1.0119455614413453,-0.04289536091430657,0.04289536091430657,
12338,39627793801152633,0.5619271323161094,red,500,powerlaw500,51,7,1.0548409223556519,0.07108168091092791,0.9891068071996535,-0.06573411515599836,0.06573411515599836,
7855,39627829536621045,0.3092706760169366,blue,100,powerlaw100,11,8,0.4126008152961731,0.17778058350086212,1.036649682104547,0.6240488668083739,0.6240488668083739,
7855,39627829536621045,0.3092706760169366,blue,200,powerlaw200,21,8,0.4126008152961731,0.17778058350086212,0.2081570239251111,-0.204443791371062,0.204443791371062,
7855,39627829536621045,0.3092706760169366,blue,300,powerlaw300,31,8,0.4126008152961731,0.17778058350086212,0.26809958136649853,-0.14450123392967457,0.14450123392967457,
7855,39627829536621045,0.3092706760169366,blue,500,powerlaw500,51,8,0.4126008152961731,0.17778058350086212,0.16436497402914862,-0.24823584126702447,0.24823584126702447,
7855,39627829536621045,0.3092706760169366,red,100,powerlaw100,11,8,1.1399519443511963,0.020184457302093506,1.1438771042394151,0.003925159888218843,0.003925159888218843,
7855,39627829536621045,0.3092706760169366,red,200,powerlaw200,21,8,1.1399519443511963,0.020184457302093506,1.2110671777237894,0.07111523337259307,0.07111523337259307,
7855,39627829536621045,0.3092706760169366,red,300,powerlaw300,31,8,1.1399519443511963,0.020184457302093506,1.1935410152598211,0.05358907090862486,0.05358907090862486,
7855,39627829536621045,0.3092706760169366,red,500,powerlaw500,51,8,1.1399519443511963,0.020184457302093506,1.1375749178226786,-0.0023770265285176784,0.0023770265285176784,
5511,2842568484192257,0.1004049592786162,blue,100,powerlaw100,11,10,0.3888583779335022,0.031029397249221803,0.43620142606678264,0.04734304813328044,0.04734304813328044,
5511,2842568484192257,0.1004049592786162,blue,200,powerlaw200,21,10,0.3888583779335022,0.031029397249221803,0.4174861317734332,0.02862775383993099,0.02862775383993099,
5511,2842568484192257,0.1004049592786162,blue,300,powerlaw300,31,10,0.3888583779335022,0.031029397249221803,0.3600190652749529,-0.028839312658549277,0.028839312658549277,
5511,2842568484192257,0.1004049592786162,blue,500,powerlaw500,51,10,0.3888583779335022,0.031029397249221803,0.37345762571052504,-0.015400752222977154,0.015400752222977154,
5511,2842568484192257,0.1004049592786162,red,100,powerlaw100,11,10,0.8766352534294128,0.005427912995219231,0.9023422881228962,0.025707034693483344,0.025707034693483344,
5511,2842568484192257,0.1004049592786162,red,200,powerlaw200,21,10,0.8766352534294128,0.005427912995219231,0.921948772574385,0.04531351914497217,0.04531351914497217,
5511,2842568484192257,0.1004049592786162,red,300,powerlaw300,31,10,0.8766352534294128,0.005427912995219231,0.9240748310042477,0.04743957757483486,0.04743957757483486,
5511,2842568484192257,0.1004049592786162,red,500,powerlaw500,51,10,0.8766352534294128,0.005427912995219231,0.8579200812800151,-0.018715172149397774,0.018715172149397774,
12159,39627787765551489,0.08269151185868,blue,100,powerlaw100,11,10,0.9060696363449097,0.20621604919433595,1.1194559793799141,0.21338634303500448,0.21338634303500448,
12159,39627787765551489,0.08269151185868,blue,200,powerlaw200,21,10,0.9060696363449097,0.20621604919433595,1.0216839003356228,0.11561426399071317,0.11561426399071317,
12159,39627787765551489,0.08269151185868,blue,300,powerlaw300,31,10,0.9060696363449097,0.20621604919433595,0.8779435779561258,-0.028126058388783903,0.028126058388783903,
12159,39627787765551489,0.08269151185868,blue,500,powerlaw500,51,10,0.9060696363449097,0.20621604919433595,0.7179626846532547,-0.18810695169165492,0.18810695169165492,
12159,39627787765551489,0.08269151185868,red,100,powerlaw100,11,10,0.8294159770011902,0.028533393144607545,0.9544078360372865,0.12499185903609633,0.12499185903609633,
12159,39627787765551489,0.08269151185868,red,200,powerlaw200,21,10,0.8294159770011902,0.028533393144607545,0.8325508532768243,0.0031348762756341353,0.0031348762756341353,
12159,39627787765551489,0.08269151185868,red,300,powerlaw300,31,10,0.8294159770011902,0.028533393144607545,0.814370613937399,-0.015045363063791228,0.015045363063791228,
12159,39627787765551489,0.08269151185868,red,500,powerlaw500,51,10,0.8294159770011902,0.028533393144607545,0.8599484141804868,0.030532437179296656,0.030532437179296656,
5806,39627835547062997,0.3422893682414323,blue,100,powerlaw100,11,8,0.7267816066741943,0.2674751877784729,0.7494032008789371,0.022621594204742745,0.022621594204742745,
5806,39627835547062997,0.3422893682414323,blue,200,powerlaw200,21,8,0.7267816066741943,0.2674751877784729,1.0563899719888454,0.3296083653146511,0.3296083653146511,
5806,39627835547062997,0.3422893682414323,blue,300,powerlaw300,31,8,0.7267816066741943,0.2674751877784729,0.9700433653642215,0.2432617586900272,0.2432617586900272,
5806,39627835547062997,0.3422893682414323,blue,500,powerlaw500,51,8,0.7267816066741943,0.2674751877784729,0.04066109351975142,-0.6861205131544429,0.6861205131544429,
5806,39627835547062997,0.3422893682414323,red,100,powerlaw100,11,8,1.1617501974105835,0.05825328081846237,1.0159271294003145,-0.145823068010269,0.145823068010269,
5806,39627835547062997,0.3422893682414323,red,200,powerlaw200,21,8,1.1617501974105835,0.05825328081846237,1.1627987250722456,0.0010485276616620798,0.0010485276616620798,
5806,39627835547062997,0.3422893682414323,red,300,powerlaw300,31,8,1.1617501974105835,0.05825328081846237,1.2532287708216392,0.0914785734110557,0.0914785734110557,
5806,39627835547062997,0.3422893682414323,red,500,powerlaw500,51,8,1.1617501974105835,0.05825328081846237,1.264938994327002,0.10318879691641847,0.10318879691641847,
12807,39627781721559341,0.5809858040208472,blue,100,powerlaw100,11,7,-0.035702843219041824,1.3906416211809431,2.820835669308002,2.856538512527044,2.856538512527044,
12807,39627781721559341,0.5809858040208472,blue,200,powerlaw200,21,7,-0.035702843219041824,1.3906416211809431,1.4460190610678976,1.4817219042869394,1.4817219042869394,
12807,39627781721559341,0.5809858040208472,blue,300,powerlaw300,31,7,-0.035702843219041824,1.3906416211809431,0.9282575613241401,0.9639604045431819,0.9639604045431819,
12807,39627781721559341,0.5809858040208472,blue,500,powerlaw500,51,7,-0.035702843219041824,1.3906416211809431,1.1436508915385732,1.179353734757615,1.179353734757615,
12807,39627781721559341,0.5809858040208472,red,100,powerlaw100,11,7,1.0374664068222046,0.14970476286751883,0.7648360047010866,-0.272630402121118,0.272630402121118,
12807,39627781721559341,0.5809858040208472,red,200,powerlaw200,21,7,1.0374664068222046,0.14970476286751883,0.7318616036480529,-0.30560480317415173,0.30560480317415173,
12807,39627781721559341,0.5809858040208472,red,300,powerlaw300,31,7,1.0374664068222046,0.14970476286751883,0.9357332769060027,-0.10173312991620187,0.10173312991620187,
12807,39627781721559341,0.5809858040208472,red,500,powerlaw500,51,7,1.0374664068222046,0.14970476286751883,0.9766714725373147,-0.06079493428488991,0.06079493428488991,
6267,39627823471657835,0.5318597998109581,blue,100,powerlaw100,11,7,-0.03261410444974899,0.19593574319567,1.330505493609604,1.363119598059353,1.363119598059353,
6267,39627823471657835,0.5318597998109581,blue,200,powerlaw200,21,7,-0.03261410444974899,0.19593574319567,1.4228587670826272,1.4554728715323761,1.4554728715323761,
6267,39627823471657835,0.5318597998109581,blue,300,powerlaw300,31,7,-0.03261410444974899,0.19593574319567,0.011673983366845445,0.044288087816594435,0.044288087816594435,
6267,39627823471657835,0.5318597998109581,blue,500,powerlaw500,51,7,-0.03261410444974899,0.19593574319567,0.05714861031207138,0.08976271476182038,0.08976271476182038,
6267,39627823471657835,0.5318597998109581,red,100,powerlaw100,11,7,1.1112024784088135,0.01706887994493757,1.158718298571367,0.047515820162553624,0.047515820162553624,
6267,39627823471657835,0.5318597998109581,red,200,powerlaw200,21,7,1.1112024784088135,0.01706887994493757,1.084048727019667,-0.02715375138914644,0.02715375138914644,
6267,39627823471657835,0.5318597998109581,red,300,powerlaw300,31,7,1.1112024784088135,0.01706887994493757,1.0219098456115872,-0.08929263279722632,0.08929263279722632,
6267,39627823471657835,0.5318597998109581,red,500,powerlaw500,51,7,1.1112024784088135,0.01706887994493757,1.0869200219055377,-0.024282456503275762,0.024282456503275762,
5468,39627835538669989,0.0990002467916213,blue,100,powerlaw100,11,10,0.7845243811607361,0.8034106254577636,0.3064312846286124,-0.4780930965321237,0.4780930965321237,
5468,39627835538669989,0.0990002467916213,blue,200,powerlaw200,21,10,0.7845243811607361,0.8034106254577636,0.09808913815562156,-0.6864352430051145,0.6864352430051145,
5468,39627835538669989,0.0990002467916213,blue,300,powerlaw300,31,10,0.7845243811607361,0.8034106254577636,0.5928780798796045,-0.19164630128113158,0.19164630128113158,
5468,39627835538669989,0.0990002467916213,blue,500,powerlaw500,51,10,0.7845243811607361,0.8034106254577636,0.6426797377648777,-0.14184464339585834,0.14184464339585834,
5468,39627835538669989,0.0990002467916213,red,100,powerlaw100,11,10,0.7039116024971008,0.1014911413192749,0.6735900806505895,-0.03032152184651138,0.03032152184651138,
5468,39627835538669989,0.0990002467916213,red,200,powerlaw200,21,10,0.7039116024971008,0.1014911413192749,0.6135262416682056,-0.09038536082889526,0.09038536082889526,
5468,39627835538669989,0.0990002467916213,red,300,powerlaw300,31,10,0.7039116024971008,0.1014911413192749,0.5544677995161094,-0.14944380298099147,0.14944380298099147,
5468,39627835538669989,0.0990002467916213,red,500,powerlaw500,51,10,0.7039116024971008,0.1014911413192749,0.5692494465433088,-0.13466215595379205,0.13466215595379205,
10446,39627853658066375,0.0916000392227032,blue,100,powerlaw100,11,10,-1.007903814315796,2.224910354614258,7.298388153472219e-08,1.0079038872996775,1.0079038872996775,
10446,39627853658066375,0.0916000392227032,blue,200,powerlaw200,21,10,-1.007903814315796,2.224910354614258,1.2347697638801558e-05,1.0079161620134347,1.0079161620134347,
10446,39627853658066375,0.0916000392227032,blue,300,powerlaw300,31,10,-1.007903814315796,2.224910354614258,0.45417948488921134,1.4620832992050072,1.4620832992050072,
10446,39627853658066375,0.0916000392227032,blue,500,powerlaw500,51,10,-1.007903814315796,2.224910354614258,1.207116434163783,2.215020248479579,2.215020248479579,
10446,39627853658066375,0.0916000392227032,red,100,powerlaw100,11,10,0.9648887515068054,0.3308419704437256,2.041364823689066,1.0764760721822606,1.0764760721822606,
10446,39627853658066375,0.0916000392227032,red,200,powerlaw200,21,10,0.9648887515068054,0.3308419704437256,1.2477805160763475,0.2828917645695421,0.2828917645695421,
10446,39627853658066375,0.0916000392227032,red,300,powerlaw300,31,10,0.9648887515068054,0.3308419704437256,1.074044879182668,0.10915612767586258,0.10915612767586258,
10446,39627853658066375,0.0916000392227032,red,500,powerlaw500,51,10,0.9648887515068054,0.3308419704437256,1.0277618216219833,0.06287307011517784,0.06287307011517784,
8010,39627823492630976,0.1239329394193373,blue,100,powerlaw100,11,9,0.8751308917999268,2.518402523464627,13.164911178513375,12.289780286713448,12.289780286713448,
8010,39627823492630976,0.1239329394193373,blue,200,powerlaw200,21,9,0.8751308917999268,2.518402523464627,19.698765431419815,18.82363453961989,18.82363453961989,
8010,39627823492630976,0.1239329394193373,blue,300,powerlaw300,31,9,0.8751308917999268,2.518402523464627,17.960561988642283,17.085431096842356,17.085431096842356,
8010,39627823492630976,0.1239329394193373,blue,500,powerlaw500,51,9,0.8751308917999268,2.518402523464627,0.4878141205095095,-0.38731677129041725,0.38731677129041725,
8010,39627823492630976,0.1239329394193373,red,100,powerlaw100,11,9,0.6029584407806396,0.22471117973327637,1.7451923297021534,1.1422338889215138,1.1422338889215138,
8010,39627823492630976,0.1239329394193373,red,200,powerlaw200,21,9,0.6029584407806396,0.22471117973327637,1.0307490897561893,0.42779064897554964,0.42779064897554964,
8010,39627823492630976,0.1239329394193373,red,300,powerlaw300,31,9,0.6029584407806396,0.22471117973327637,0.7639366314067277,0.1609781906260881,0.1609781906260881,
8010,39627823492630976,0.1239329394193373,red,500,powerlaw500,51,9,0.6029584407806396,0.22471117973327637,1.0170331321267176,0.414074691346078,0.414074691346078,
13061,39627775681758281,0.1620964111461955,blue,100,powerlaw100,11,9,1.7801289558410645,1.1535506778293185,0.05391439359509806,-1.7262145622459664,1.7262145622459664,
13061,39627775681758281,0.1620964111461955,blue,200,powerlaw200,21,9,1.7801289558410645,1.1535506778293185,0.6291362029808582,-1.1509927528602062,1.1509927528602062,
13061,39627775681758281,0.1620964111461955,blue,300,powerlaw300,31,9,1.7801289558410645,1.1535506778293185,0.38411567725811424,-1.3960132785829502,1.3960132785829502,
13061,39627775681758281,0.1620964111461955,blue,500,powerlaw500,51,9,1.7801289558410645,1.1535506778293185,1.134628328646915,-0.6455006271941495,0.6455006271941495,
13061,39627775681758281,0.1620964111461955,red,100,powerlaw100,11,9,0.8090701103210449,0.10874711142645942,0.2117546958440889,-0.597315414476956,0.597315414476956,
13061,39627775681758281,0.1620964111461955,red,200,powerlaw200,21,9,0.8090701103210449,0.10874711142645942,0.4315507239638875,-0.3775193863571574,0.3775193863571574,
13061,39627775681758281,0.1620964111461955,red,300,powerlaw300,31,9,0.8090701103210449,0.10874711142645942,0.4834133016575552,-0.3256568086634897,0.3256568086634897,
13061,39627775681758281,0.1620964111461955,red,500,powerlaw500,51,9,0.8090701103210449,0.10874711142645942,0.6169528323387865,-0.19211727798225842,0.19211727798225842,
1159,2402788034215939,0.0231609530550036,blue,100,powerlaw100,11,10,0.8857534527778625,0.3387894153594971,0.43406394434265216,-0.4516895084352104,0.4516895084352104,
1159,2402788034215939,0.0231609530550036,blue,200,powerlaw200,21,10,0.8857534527778625,0.3387894153594971,0.5783779601236989,-0.30737549265416364,0.30737549265416364,
1159,2402788034215939,0.0231609530550036,blue,300,powerlaw300,31,10,0.8857534527778625,0.3387894153594971,0.9028978279618141,0.01714437518395151,0.01714437518395151,
1159,2402788034215939,0.0231609530550036,blue,500,powerlaw500,51,10,0.8857534527778625,0.3387894153594971,0.7965285588952012,-0.0892248938826613,0.0892248938826613,
1159,2402788034215939,0.0231609530550036,red,100,powerlaw100,11,10,0.5775914788246155,0.05813169479370117,0.7489631107545196,0.17137163192990412,0.17137163192990412,
1159,2402788034215939,0.0231609530550036,red,200,powerlaw200,21,10,0.5775914788246155,0.05813169479370117,0.6364290595543618,0.05883758072974632,0.05883758072974632,
1159,2402788034215939,0.0231609530550036,red,300,powerlaw300,31,10,0.5775914788246155,0.05813169479370117,0.5578194238313394,-0.019772054993276056,0.019772054993276056,
1159,2402788034215939,0.0231609530550036,red,500,powerlaw500,51,10,0.5775914788246155,0.05813169479370117,0.6657254556455163,0.08813397682090085,0.08813397682090085,
148,39627568999041863,0.8143800031154593,blue,100,powerlaw100,11,6,0.41875743865966797,0.4372170766194661,311141467.7838462,311141467.36508876,311141467.36508876,
148,39627568999041863,0.8143800031154593,blue,200,powerlaw200,21,6,0.41875743865966797,0.4372170766194661,2.161018551303865e-05,-0.4187358284741549,0.4187358284741549,
148,39627568999041863,0.8143800031154593,blue,300,powerlaw300,31,6,0.41875743865966797,0.4372170766194661,6.132463782743849e-05,-0.41869611402184054,0.41869611402184054,
148,39627568999041863,0.8143800031154593,blue,500,powerlaw500,51,6,0.41875743865966797,0.4372170766194661,0.05629895329623316,-0.36245848536343483,0.36245848536343483,
148,39627568999041863,0.8143800031154593,red,100,powerlaw100,11,6,1.2974416017532349,0.06634240349133809,1.3009780126729258,0.0035364109196909244,0.0035364109196909244,
148,39627568999041863,0.8143800031154593,red,200,powerlaw200,21,6,1.2974416017532349,0.06634240349133809,1.3032513849909932,0.005809783237758381,0.005809783237758381,
148,39627568999041863,0.8143800031154593,red,300,powerlaw300,31,6,1.2974416017532349,0.06634240349133809,1.2232029136700078,-0.07423868808322709,0.07423868808322709,
148,39627568999041863,0.8143800031154593,red,500,powerlaw500,51,6,1.2974416017532349,0.06634240349133809,1.193041346233441,-0.10440025551979382,0.10440025551979382,
2520,39627811404645362,0.8712057088794326,blue,100,powerlaw100,11,6,-0.26890793442726135,0.6913088957468668,0.28697423273061984,0.5558821671578812,0.5558821671578812,
2520,39627811404645362,0.8712057088794326,blue,200,powerlaw200,21,6,-0.26890793442726135,0.6913088957468668,0.8362862213845847,1.105194155811846,1.105194155811846,
2520,39627811404645362,0.8712057088794326,blue,300,powerlaw300,31,6,-0.26890793442726135,0.6913088957468668,0.9180283349433612,1.1869362693706225,1.1869362693706225,
2520,39627811404645362,0.8712057088794326,blue,500,powerlaw500,51,6,-0.26890793442726135,0.6913088957468668,0.013999731583684033,0.2829076660109454,0.2829076660109454,
2520,39627811404645362,0.8712057088794326,red,100,powerlaw100,11,6,1.6231846809387207,0.09414984782536824,1.3939219960326508,-0.22926268490606994,0.22926268490606994,
2520,39627811404645362,0.8712057088794326,red,200,powerlaw200,21,6,1.6231846809387207,0.09414984782536824,1.3609590623135182,-0.26222561862520255,0.26222561862520255,
2520,39627811404645362,0.8712057088794326,red,300,powerlaw300,31,6,1.6231846809387207,0.09414984782536824,1.425303758708737,-0.19788092222998377,0.19788092222998377,
2520,39627811404645362,0.8712057088794326,red,500,powerlaw500,51,6,1.6231846809387207,0.09414984782536824,1.2901236588294,-0.33306102210932065,0.33306102210932065,
5128,39627859731419187,0.8834152116433805,blue,100,powerlaw100,11,6,3.101158857345581,1.334653377532959,5.612837368020752,2.5116785106751713,2.5116785106751713,
5128,39627859731419187,0.8834152116433805,blue,200,powerlaw200,21,6,3.101158857345581,1.334653377532959,5.61576840152503,2.514609544179449,2.514609544179449,
5128,39627859731419187,0.8834152116433805,blue,300,powerlaw300,31,6,3.101158857345581,1.334653377532959,5.025053993386016,1.9238951360404348,1.9238951360404348,
5128,39627859731419187,0.8834152116433805,blue,500,powerlaw500,51,6,3.101158857345581,1.334653377532959,1.7980539977946073,-1.3031048595509738,1.3031048595509738,
5128,39627859731419187,0.8834152116433805,red,100,powerlaw100,11,6,0.8228011131286621,0.24030049641927084,0.5836227411747404,-0.23917837195392166,0.23917837195392166,
5128,39627859731419187,0.8834152116433805,red,200,powerlaw200,21,6,0.8228011131286621,0.24030049641927084,0.7286788689242809,-0.0941222442043812,0.0941222442043812,
5128,39627859731419187,0.8834152116433805,red,300,powerlaw300,31,6,0.8228011131286621,0.24030049641927084,0.47930469391784275,-0.34349641921081936,0.34349641921081936,
5128,39627859731419187,0.8834152116433805,red,500,powerlaw500,51,6,0.8228011131286621,0.24030049641927084,0.8290667867733063,0.006265673644644143,0.006265673644644143,
11079,39627847626655486,0.7457403048966792,blue,100,powerlaw100,11,6,6.76188850402832,0.6533120075861613,5.742341125761185,-1.0195473782671352,1.0195473782671352,
11079,39627847626655486,0.7457403048966792,blue,200,powerlaw200,21,6,6.76188850402832,0.6533120075861613,3.8531444077739025,-2.9087440962544178,2.9087440962544178,
11079,39627847626655486,0.7457403048966792,blue,300,powerlaw300,31,6,6.76188850402832,0.6533120075861613,3.7819173385152474,-2.979971165513073,2.979971165513073,
11079,39627847626655486,0.7457403048966792,blue,500,powerlaw500,51,6,6.76188850402832,0.6533120075861613,4.040470685736857,-2.7214178182914637,2.7214178182914637,
11079,39627847626655486,0.7457403048966792,red,100,powerlaw100,11,6,1.1631191968917847,0.047716930508613586,1.3363904813194285,0.17327128442764383,0.17327128442764383,
11079,39627847626655486,0.7457403048966792,red,200,powerlaw200,21,6,1.1631191968917847,0.047716930508613586,1.2051808983400036,0.04206170144821897,0.04206170144821897,
11079,39627847626655486,0.7457403048966792,red,300,powerlaw300,31,6,1.1631191968917847,0.047716930508613586,1.2322834783571377,0.06916428146535303,0.06916428146535303,
11079,39627847626655486,0.7457403048966792,red,500,powerlaw500,51,6,1.1631191968917847,0.047716930508613586,1.2495690590468953,0.08644986215511063,0.08644986215511063,
7298,39627841607832276,0.8935296806133989,blue,100,powerlaw100,11,6,0.21690602600574493,0.5518050193786621,3.040557571732756e-09,-0.21690602296518735,0.21690602296518735,
7298,39627841607832276,0.8935296806133989,blue,200,powerlaw200,21,6,0.21690602600574493,0.5518050193786621,8.719901148883365e-05,-0.21681882699425611,0.21681882699425611,
7298,39627841607832276,0.8935296806133989,blue,300,powerlaw300,31,6,0.21690602600574493,0.5518050193786621,0.036718753916742904,-0.18018727208900204,0.18018727208900204,
7298,39627841607832276,0.8935296806133989,blue,500,powerlaw500,51,6,0.21690602600574493,0.5518050193786621,0.07082398416639256,-0.14608204183935236,0.14608204183935236,
7298,39627841607832276,0.8935296806133989,red,100,powerlaw100,11,6,1.113036036491394,0.09560731053352356,1.5311665811891626,0.41813054469776856,0.41813054469776856,
7298,39627841607832276,0.8935296806133989,red,200,powerlaw200,21,6,1.113036036491394,0.09560731053352356,1.3633548209562452,0.2503187844648511,0.2503187844648511,
7298,39627841607832276,0.8935296806133989,red,300,powerlaw300,31,6,1.113036036491394,0.09560731053352356,1.5548882564111868,0.44185221991979273,0.44185221991979273,
7298,39627841607832276,0.8935296806133989,red,500,powerlaw500,51,6,1.113036036491394,0.09560731053352356,1.5140596499317367,0.40102361344034265,0.40102361344034265,
4472,39627853691620632,0.8578278607972507,blue,100,powerlaw100,11,6,0.4001806676387787,0.3791617155075073,0.0008814140246815022,-0.3992992536140972,0.3992992536140972,
4472,39627853691620632,0.8578278607972507,blue,200,powerlaw200,21,6,0.4001806676387787,0.3791617155075073,0.10298287141430695,-0.29719779622447173,0.29719779622447173,
4472,39627853691620632,0.8578278607972507,blue,300,powerlaw300,31,6,0.4001806676387787,0.3791617155075073,0.1729779723181115,-0.2272026953206672,0.2272026953206672,
4472,39627853691620632,0.8578278607972507,blue,500,powerlaw500,51,6,0.4001806676387787,0.3791617155075073,0.2703193989457114,-0.1298612686930673,0.1298612686930673,
4472,39627853691620632,0.8578278607972507,red,100,powerlaw100,11,6,1.1291784048080444,0.06329951683680217,1.258495506796556,0.12931710198851154,0.12931710198851154,
4472,39627853691620632,0.8578278607972507,red,200,powerlaw200,21,6,1.1291784048080444,0.06329951683680217,1.2402193611734784,0.11104095636543398,0.11104095636543398,
4472,39627853691620632,0.8578278607972507,red,300,powerlaw300,31,6,1.1291784048080444,0.06329951683680217,1.1443370786401017,0.015158673832057268,0.015158673832057268,
4472,39627853691620632,0.8578278607972507,red,500,powerlaw500,51,6,1.1291784048080444,0.06329951683680217,1.1765328395624424,0.047354434754397934,0.047354434754397934,
2489,39627811400451701,0.8427356327672872,blue,100,powerlaw100,11,6,-2.0357158184051514,1.9263960520426433,3.035447315443056,5.0711631338482075,5.0711631338482075,
2489,39627811400451701,0.8427356327672872,blue,200,powerlaw200,21,6,-2.0357158184051514,1.9263960520426433,5.149441510510992,7.1851573289161434,7.1851573289161434,
2489,39627811400451701,0.8427356327672872,blue,300,powerlaw300,31,6,-2.0357158184051514,1.9263960520426433,3.6575320094437607,5.6932478278489125,5.6932478278489125,
2489,39627811400451701,0.8427356327672872,blue,500,powerlaw500,51,6,-2.0357158184051514,1.9263960520426433,3.7982460630852857,5.833961881490437,5.833961881490437,
2489,39627811400451701,0.8427356327672872,red,100,powerlaw100,11,6,1.0855802297592163,0.23326190312703451,1.0242979951421105,-0.0612822346171058,0.0612822346171058,
2489,39627811400451701,0.8427356327672872,red,200,powerlaw200,21,6,1.0855802297592163,0.23326190312703451,0.7943936234536381,-0.29118660630557824,0.29118660630557824,
2489,39627811400451701,0.8427356327672872,red,300,powerlaw300,31,6,1.0855802297592163,0.23326190312703451,1.1262624626760829,0.04068223291686657,0.04068223291686657,
2489,39627811400451701,0.8427356327672872,red,500,powerlaw500,51,6,1.0855802297592163,0.23326190312703451,0.9975073929624517,-0.08807283679676459,0.08807283679676459,
10325,39627847626655697,0.8190501185495827,blue,100,powerlaw100,11,6,2.505528211593628,0.8542485237121582,0.4745643625395824,-2.0309638490540456,2.0309638490540456,
10325,39627847626655697,0.8190501185495827,blue,200,powerlaw200,21,6,2.505528211593628,0.8542485237121582,1.3902771119560893,-1.1152510996375387,1.1152510996375387,
10325,39627847626655697,0.8190501185495827,blue,300,powerlaw300,31,6,2.505528211593628,0.8542485237121582,1.5318209598964552,-0.9737072516971728,0.9737072516971728,
10325,39627847626655697,0.8190501185495827,blue,500,powerlaw500,51,6,2.505528211593628,0.8542485237121582,1.8830904379035973,-0.6224377736900306,0.6224377736900306,
10325,39627847626655697,0.8190501185495827,red,100,powerlaw100,11,6,0.995737612247467,0.13281717896461487,0.9249572503327169,-0.07078036191475012,0.07078036191475012,
10325,39627847626655697,0.8190501185495827,red,200,powerlaw200,21,6,0.995737612247467,0.13281717896461487,1.0413426621488118,0.04560504990134473,0.04560504990134473,
10325,39627847626655697,0.8190501185495827,red,300,powerlaw300,31,6,0.995737612247467,0.13281717896461487,1.09027298918456,0.09453537693709291,0.09453537693709291,
10325,39627847626655697,0.8190501185495827,red,500,powerlaw500,51,6,0.995737612247467,0.13281717896461487,0.9191616652211166,-0.0765759470263504,0.0765759470263504,
10569,39627865737661575,0.8740072316166054,blue,100,powerlaw100,11,6,0.8338639140129089,1.3553473154703777,0.875748005703949,0.041884091691040015,0.041884091691040015,
10569,39627865737661575,0.8740072316166054,blue,200,powerlaw200,21,6,0.8338639140129089,1.3553473154703777,0.8891323159657817,0.05526840195287275,0.05526840195287275,
10569,39627865737661575,0.8740072316166054,blue,300,powerlaw300,31,6,0.8338639140129089,1.3553473154703777,1.1678901946382976,0.33402628062538864,0.33402628062538864,
10569,39627865737661575,0.8740072316166054,blue,500,powerlaw500,51,6,0.8338639140129089,1.3553473154703777,0.9827287524518983,0.14886483843898934,0.14886483843898934,
10569,39627865737661575,0.8740072316166054,red,100,powerlaw100,11,6,0.7151610255241394,0.16954185565312704,0.7490751459937774,0.03391412046963804,0.03391412046963804,
10569,39627865737661575,0.8740072316166054,red,200,powerlaw200,21,6,0.7151610255241394,0.16954185565312704,0.7367362907311333,0.021575265206993932,0.021575265206993932,
10569,39627865737661575,0.8740072316166054,red,300,powerlaw300,31,6,0.7151610255241394,0.16954185565312704,0.7793681214988745,0.06420709597473506,0.06420709597473506,
10569,39627865737661575,0.8740072316166054,red,500,powerlaw500,51,6,0.7151610255241394,0.16954185565312704,0.7257509547558415,0.0105899292317021,0.0105899292317021,
1768,39627841624605687,0.8318282655922781,blue,100,powerlaw100,11,6,-0.3029772937297821,0.3915973901748657,0.004506028162163787,0.3074833218919459,0.3074833218919459,
1768,39627841624605687,0.8318282655922781,blue,200,powerlaw200,21,6,-0.3029772937297821,0.3915973901748657,0.12261253879782875,0.42558983252761085,0.42558983252761085,
1768,39627841624605687,0.8318282655922781,blue,300,powerlaw300,31,6,-0.3029772937297821,0.3915973901748657,0.18303382365919407,0.4860111173889762,0.4860111173889762,
1768,39627841624605687,0.8318282655922781,blue,500,powerlaw500,51,6,-0.3029772937297821,0.3915973901748657,0.2763511440747633,0.5793284378045453,0.5793284378045453,
1768,39627841624605687,0.8318282655922781,red,100,powerlaw100,11,6,1.1701816320419312,0.04712731142838796,1.4308670502078005,0.2606854181658693,0.2606854181658693,
1768,39627841624605687,0.8318282655922781,red,200,powerlaw200,21,6,1.1701816320419312,0.04712731142838796,1.2972501373948335,0.12706850535290237,0.12706850535290237,
1768,39627841624605687,0.8318282655922781,red,300,powerlaw300,31,6,1.1701816320419312,0.04712731142838796,1.163330565893464,-0.006851066148467089,0.006851066148467089,
1768,39627841624605687,0.8318282655922781,red,500,powerlaw500,51,6,1.1701816320419312,0.04712731142838796,1.137214581147416,-0.03296705089451524,0.03296705089451524,
943,39627835584808388,0.6934652827372013,blue,100,powerlaw100,11,6,0.024364957585930824,0.20547819137573242,0.9703985933647039,0.9460336357787731,0.9460336357787731,
943,39627835584808388,0.6934652827372013,blue,200,powerlaw200,21,6,0.024364957585930824,0.20547819137573242,0.3911741171132504,0.3668091595273196,0.3668091595273196,
943,39627835584808388,0.6934652827372013,blue,300,powerlaw300,31,6,0.024364957585930824,0.20547819137573242,6.40649157217721e-05,-0.024300892670209052,0.024300892670209052,
943,39627835584808388,0.6934652827372013,blue,500,powerlaw500,51,6,0.024364957585930824,0.20547819137573242,0.06461181648870941,0.040246858902778584,0.040246858902778584,
943,39627835584808388,0.6934652827372013,red,100,powerlaw100,11,6,1.3315377235412598,0.045515552163124084,1.309364983328794,-0.022172740212465847,0.022172740212465847,
943,39627835584808388,0.6934652827372013,red,200,powerlaw200,21,6,1.3315377235412598,0.045515552163124084,1.295717628728206,-0.035820094813053815,0.035820094813053815,
943,39627835584808388,0.6934652827372013,red,300,powerlaw300,31,6,1.3315377235412598,0.045515552163124084,1.2530957533569789,-0.0784419701842809,0.0784419701842809,
943,39627835584808388,0.6934652827372013,red,500,powerlaw500,51,6,1.3315377235412598,0.045515552163124084,1.2625522757626018,-0.068985447778658,0.068985447778658,
8148,39627829536624262,0.6666369810145285,blue,100,powerlaw100,11,7,-1.1221925020217896,1.1144990239824568,1.6617104652313064,2.7839029672530957,2.7839029672530957,
8148,39627829536624262,0.6666369810145285,blue,200,powerlaw200,21,7,-1.1221925020217896,1.1144990239824568,1.4989866160033638,2.6211791180251534,2.6211791180251534,
8148,39627829536624262,0.6666369810145285,blue,300,powerlaw300,31,7,-1.1221925020217896,1.1144990239824568,0.5705812842108983,1.6927737862326877,1.6927737862326877,
8148,39627829536624262,0.6666369810145285,blue,500,powerlaw500,51,7,-1.1221925020217896,1.1144990239824568,0.18177759366840135,1.303970095690191,1.303970095690191,
8148,39627829536624262,0.6666369810145285,red,100,powerlaw100,11,7,1.241404414176941,0.12471275670187813,0.5921025117025931,-0.6493019024743478,0.6493019024743478,
8148,39627829536624262,0.6666369810145285,red,200,powerlaw200,21,7,1.241404414176941,0.12471275670187813,0.8956562049716686,-0.34574820920527227,0.34574820920527227,
8148,39627829536624262,0.6666369810145285,red,300,powerlaw300,31,7,1.241404414176941,0.12471275670187813,1.1571715754449445,-0.08423283873199638,0.08423283873199638,
8148,39627829536624262,0.6666369810145285,red,500,powerlaw500,51,7,1.241404414176941,0.12471275670187813,1.08145990279589,-0.15994451138105092,0.15994451138105092,
7183,39627829532430906,0.7284561374867603,blue,100,powerlaw100,11,6,-0.6475908160209656,0.45212264855702716,4.446324886614034e-09,0.6475908204672904,0.6475908204672904,
7183,39627829532430906,0.7284561374867603,blue,200,powerlaw200,21,6,-0.6475908160209656,0.45212264855702716,0.0004272617671068225,0.6480180777880724,0.6480180777880724,
7183,39627829532430906,0.7284561374867603,blue,300,powerlaw300,31,6,-0.6475908160209656,0.45212264855702716,1.0578828498956945e-08,0.6475908265997941,0.6475908265997941,
7183,39627829532430906,0.7284561374867603,blue,500,powerlaw500,51,6,-0.6475908160209656,0.45212264855702716,4.126450214447201e-09,0.6475908201474158,0.6475908201474158,
7183,39627829532430906,0.7284561374867603,red,100,powerlaw100,11,6,1.4467500448226929,0.0574695219596227,1.2998571854434082,-0.14689285937928465,0.14689285937928465,
7183,39627829532430906,0.7284561374867603,red,200,powerlaw200,21,6,1.4467500448226929,0.0574695219596227,1.3917816145277984,-0.05496843029489451,0.05496843029489451,
7183,39627829532430906,0.7284561374867603,red,300,powerlaw300,31,6,1.4467500448226929,0.0574695219596227,1.4391596172554293,-0.00759042756726358,0.00759042756726358,
7183,39627829532430906,0.7284561374867603,red,500,powerlaw500,51,6,1.4467500448226929,0.0574695219596227,1.4839767752717397,0.037226730449046785,0.037226730449046785,
12088,39627787752969500,0.837776776551214,blue,100,powerlaw100,11,6,-0.5631393790245056,0.40249188741048175,0.17121485005094106,0.7343542290754467,0.7343542290754467,
12088,39627787752969500,0.837776776551214,blue,200,powerlaw200,21,6,-0.5631393790245056,0.40249188741048175,0.1133878636665181,0.6765272426910237,0.6765272426910237,
12088,39627787752969500,0.837776776551214,blue,300,powerlaw300,31,6,-0.5631393790245056,0.40249188741048175,1.7192423987143168e-10,0.5631393791964299,0.5631393791964299,
12088,39627787752969500,0.837776776551214,blue,500,powerlaw500,51,6,-0.5631393790245056,0.40249188741048175,0.21476082652754128,0.7779002055520469,0.7779002055520469,
12088,39627787752969500,0.837776776551214,red,100,powerlaw100,11,6,1.2473994493484497,0.06545003255208333,1.2357564001176673,-0.01164304923078241,0.01164304923078241,
12088,39627787752969500,0.837776776551214,red,200,powerlaw200,21,6,1.2473994493484497,0.06545003255208333,1.2281466638508092,-0.019252785497640534,0.019252785497640534,
12088,39627787752969500,0.837776776551214,red,300,powerlaw300,31,6,1.2473994493484497,0.06545003255208333,1.0487018270602666,-0.1986976222881831,0.1986976222881831,
12088,39627787752969500,0.837776776551214,red,500,powerlaw500,51,6,1.2473994493484497,0.06545003255208333,1.0747140003835973,-0.17268544896485238,0.17268544896485238,
8692,39627841599444508,0.7968577550936287,blue,100,powerlaw100,11,6,-0.35817602276802063,0.3572473128636678,0.7415865342060576,1.099762556974078,1.099762556974078,
8692,39627841599444508,0.7968577550936287,blue,200,powerlaw200,21,6,-0.35817602276802063,0.3572473128636678,0.4560327235514938,0.8142087463195145,0.8142087463195145,
8692,39627841599444508,0.7968577550936287,blue,300,powerlaw300,31,6,-0.35817602276802063,0.3572473128636678,0.27044141619840767,0.6286174389664283,0.6286174389664283,
8692,39627841599444508,0.7968577550936287,blue,500,powerlaw500,51,6,-0.35817602276802063,0.3572473128636678,0.06846122851738055,0.4266372512854012,0.4266372512854012,
8692,39627841599444508,0.7968577550936287,red,100,powerlaw100,11,6,1.135724663734436,0.05623342593510946,1.1883849804958573,0.052660316761421244,0.052660316761421244,
8692,39627841599444508,0.7968577550936287,red,200,powerlaw200,21,6,1.135724663734436,0.05623342593510946,1.2672444009041044,0.13151973716966836,0.13151973716966836,
8692,39627841599444508,0.7968577550936287,red,300,powerlaw300,31,6,1.135724663734436,0.05623342593510946,1.195789275730606,0.06006461199616986,0.06006461199616986,
8692,39627841599444508,0.7968577550936287,red,500,powerlaw500,51,6,1.135724663734436,0.05623342593510946,1.1477807668115207,0.012056103077084712,0.012056103077084712,
8353,39627835568032548,0.8271270684709324,blue,100,powerlaw100,11,6,-0.2574010491371155,0.5150794188181559,1.5086849121061079e-09,0.2574010506458004,0.2574010506458004,
8353,39627835568032548,0.8271270684709324,blue,200,powerlaw200,21,6,-0.2574010491371155,0.5150794188181559,0.037297325211884495,0.294698374349,0.294698374349,
8353,39627835568032548,0.8271270684709324,blue,300,powerlaw300,31,6,-0.2574010491371155,0.5150794188181559,0.13818590193029898,0.3955869510674145,0.3955869510674145,
8353,39627835568032548,0.8271270684709324,blue,500,powerlaw500,51,6,-0.2574010491371155,0.5150794188181559,0.12500723896000535,0.3824082880971208,0.3824082880971208,
8353,39627835568032548,0.8271270684709324,red,100,powerlaw100,11,6,1.3118256330490112,0.08033140003681183,1.4150770421429317,0.1032514090939205,0.1032514090939205,
8353,39627835568032548,0.8271270684709324,red,200,powerlaw200,21,6,1.3118256330490112,0.08033140003681183,1.3041533962035041,-0.007672236845507108,0.007672236845507108,
8353,39627835568032548,0.8271270684709324,red,300,powerlaw300,31,6,1.3118256330490112,0.08033140003681183,1.2416337564427191,-0.07019187660629211,0.07019187660629211,
8353,39627835568032548,0.8271270684709324,red,500,powerlaw500,51,6,1.3118256330490112,0.08033140003681183,1.2081195957171758,-0.10370603733183548,0.10370603733183548,
10065,39627835559641966,0.7965976769986721,blue,100,powerlaw100,11,6,5.299665927886963,2.36519193649292,7.02971725587055,1.7300513279835874,1.7300513279835874,
10065,39627835559641966,0.7965976769986721,blue,200,powerlaw200,21,6,5.299665927886963,2.36519193649292,3.0433269531518214,-2.2563389747351414,2.2563389747351414,
10065,39627835559641966,0.7965976769986721,blue,300,powerlaw300,31,6,5.299665927886963,2.36519193649292,2.921675740068847,-2.3779901878181158,2.3779901878181158,
10065,39627835559641966,0.7965976769986721,blue,500,powerlaw500,51,6,5.299665927886963,2.36519193649292,1.7035350650782402,-3.5961308628087227,3.5961308628087227,
10065,39627835559641966,0.7965976769986721,red,100,powerlaw100,11,6,0.5982997417449951,0.25611478090286255,0.2878755985562566,-0.3104241431887385,0.3104241431887385,
10065,39627835559641966,0.7965976769986721,red,200,powerlaw200,21,6,0.5982997417449951,0.25611478090286255,0.616841743658296,0.01854200191330091,0.01854200191330091,
10065,39627835559641966,0.7965976769986721,red,300,powerlaw300,31,6,0.5982997417449951,0.25611478090286255,0.5089514149691146,-0.08934832677588056,0.08934832677588056,
10065,39627835559641966,0.7965976769986721,red,500,powerlaw500,51,6,0.5982997417449951,0.25611478090286255,0.5911764806959479,-0.007123261049047258,0.007123261049047258,
10408,39627865741856648,0.8289707088973828,blue,100,powerlaw100,11,6,1.7424135208129883,0.7160290082295736,0.48772357590440785,-1.2546899449085804,1.2546899449085804,
10408,39627865741856648,0.8289707088973828,blue,200,powerlaw200,21,6,1.7424135208129883,0.7160290082295736,1.2095982687422449,-0.5328152520707434,0.5328152520707434,
10408,39627865741856648,0.8289707088973828,blue,300,powerlaw300,31,6,1.7424135208129883,0.7160290082295736,1.0951411000800255,-0.6472724207329628,0.6472724207329628,
10408,39627865741856648,0.8289707088973828,blue,500,powerlaw500,51,6,1.7424135208129883,0.7160290082295736,0.8983207417756188,-0.8440927790373695,0.8440927790373695,
10408,39627865741856648,0.8289707088973828,red,100,powerlaw100,11,6,0.8255643844604492,0.08355563879013062,0.9687517219929896,0.14318733753254043,0.14318733753254043,
10408,39627865741856648,0.8289707088973828,red,200,powerlaw200,21,6,0.8255643844604492,0.08355563879013062,0.7793099486337133,-0.04625443582673594,0.04625443582673594,
10408,39627865741856648,0.8289707088973828,red,300,powerlaw300,31,6,0.8255643844604492,0.08355563879013062,0.8936881585917008,0.06812377413125159,0.06812377413125159,
10408,39627865741856648,0.8289707088973828,red,500,powerlaw500,51,6,0.8255643844604492,0.08355563879013062,0.8526953641059288,0.027130979645479614,0.027130979645479614,
5390,39627835542864160,0.8188062433979824,blue,100,powerlaw100,11,6,0.669215202331543,0.43014752864837646,2.4598682341241433,1.7906530317926004,1.7906530317926004,
5390,39627835542864160,0.8188062433979824,blue,200,powerlaw200,21,6,0.669215202331543,0.43014752864837646,0.5362028637116408,-0.13301233861990214,0.13301233861990214,
5390,39627835542864160,0.8188062433979824,blue,300,powerlaw300,31,6,0.669215202331543,0.43014752864837646,0.20465244831767104,-0.4645627540138719,0.4645627540138719,
5390,39627835542864160,0.8188062433979824,blue,500,powerlaw500,51,6,0.669215202331543,0.43014752864837646,0.2211969683734399,-0.44801823395810303,0.44801823395810303,
5390,39627835542864160,0.8188062433979824,red,100,powerlaw100,11,6,1.040765404701233,0.04889243344465891,0.8941445157535027,-0.14662088894773018,0.14662088894773018,
5390,39627835542864160,0.8188062433979824,red,200,powerlaw200,21,6,1.040765404701233,0.04889243344465891,1.0203296902152732,-0.02043571448595971,0.02043571448595971,
5390,39627835542864160,0.8188062433979824,red,300,powerlaw300,31,6,1.040765404701233,0.04889243344465891,1.0230448097890907,-0.017720594912142174,0.017720594912142174,
5390,39627835542864160,0.8188062433979824,red,500,powerlaw500,51,6,1.040765404701233,0.04889243344465891,0.9783082864815565,-0.062457118219676366,0.062457118219676366,
12683,39627793796959335,0.759350296441386,blue,100,powerlaw100,11,6,3.1804330348968506,1.2027533849080403,0.21084368335568437,-2.969589351541166,2.969589351541166,
12683,39627793796959335,0.759350296441386,blue,200,powerlaw200,21,6,3.1804330348968506,1.2027533849080403,0.4257960191884473,-2.7546370157084032,2.7546370157084032,
12683,39627793796959335,0.759350296441386,blue,300,powerlaw300,31,6,3.1804330348968506,1.2027533849080403,0.6887847890895958,-2.4916482458072546,2.4916482458072546,
12683,39627793796959335,0.759350296441386,blue,500,powerlaw500,51,6,3.1804330348968506,1.2027533849080403,0.9634487988710035,-2.216984236025847,2.216984236025847,
12683,39627793796959335,0.759350296441386,red,100,powerlaw100,11,6,1.1706591844558716,0.16878191630045572,0.8889355213303222,-0.2817236631255494,0.2817236631255494,
12683,39627793796959335,0.759350296441386,red,200,powerlaw200,21,6,1.1706591844558716,0.16878191630045572,0.9633742281291803,-0.2072849563266913,0.2072849563266913,
12683,39627793796959335,0.759350296441386,red,300,powerlaw300,31,6,1.1706591844558716,0.16878191630045572,0.956293948648681,-0.21436523580719058,0.21436523580719058,
12683,39627793796959335,0.759350296441386,red,500,powerlaw500,51,6,1.1706591844558716,0.16878191630045572,0.952213126502604,-0.21844605795326755,0.21844605795326755,
1940,39627841628803314,0.6247357382225986,blue,100,powerlaw100,11,7,-0.2958206534385681,0.24346435070037842,0.30569876748505254,0.6015194209236207,0.6015194209236207,
1940,39627841628803314,0.6247357382225986,blue,200,powerlaw200,21,7,-0.2958206534385681,0.24346435070037842,0.5680188934065244,0.8638395468450926,0.8638395468450926,
1940,39627841628803314,0.6247357382225986,blue,300,powerlaw300,31,7,-0.2958206534385681,0.24346435070037842,0.34716561262700585,0.642986266065574,0.642986266065574,
1940,39627841628803314,0.6247357382225986,blue,500,powerlaw500,51,7,-0.2958206534385681,0.24346435070037842,0.1792472645980956,0.4750679180366637,0.4750679180366637,
1940,39627841628803314,0.6247357382225986,red,100,powerlaw100,11,7,1.2701432704925537,0.034504675439425876,1.3923149888163275,0.12217171832377383,0.12217171832377383,
1940,39627841628803314,0.6247357382225986,red,200,powerlaw200,21,7,1.2701432704925537,0.034504675439425876,1.1993429991071132,-0.07080027138544054,0.07080027138544054,
1940,39627841628803314,0.6247357382225986,red,300,powerlaw300,31,7,1.2701432704925537,0.034504675439425876,1.2602054847929878,-0.009937785699565937,0.009937785699565937,
1940,39627841628803314,0.6247357382225986,red,500,powerlaw500,51,7,1.2701432704925537,0.034504675439425876,1.29075159556457,0.020608325072016376,0.020608325072016376,
12862,39627787752967339,0.8455974444382643,blue,100,powerlaw100,11,6,0.9732044339179993,1.279269536336263,4.53134358103389,3.5581391471158907,3.5581391471158907,
12862,39627787752967339,0.8455974444382643,blue,200,powerlaw200,21,6,0.9732044339179993,1.279269536336263,1.912832019705485,0.9396275857874858,0.9396275857874858,
12862,39627787752967339,0.8455974444382643,blue,300,powerlaw300,31,6,0.9732044339179993,1.279269536336263,1.9336994368315956,0.9604950029135964,0.9604950029135964,
12862,39627787752967339,0.8455974444382643,blue,500,powerlaw500,51,6,0.9732044339179993,1.279269536336263,2.1584562516185177,1.1852518177005185,1.1852518177005185,
12862,39627787752967339,0.8455974444382643,red,100,powerlaw100,11,6,0.8949710726737976,0.1299168566862742,1.3579405477152322,0.4629694750414346,0.4629694750414346,
12862,39627787752967339,0.8455974444382643,red,200,powerlaw200,21,6,0.8949710726737976,0.1299168566862742,1.032434943193063,0.13746387051926545,0.13746387051926545,
12862,39627787752967339,0.8455974444382643,red,300,powerlaw300,31,6,0.8949710726737976,0.1299168566862742,0.8121016473205924,-0.08286942535320518,0.08286942535320518,
12862,39627787752967339,0.8455974444382643,red,500,powerlaw500,51,6,0.8949710726737976,0.1299168566862742,0.672476052482503,-0.22249502019129463,0.22249502019129463,
6810,39627829515651198,0.746342125710592,blue,100,powerlaw100,11,6,1.8776912689208984,1.7210295995076497,0.398435058338338,-1.4792562105825604,1.4792562105825604,
6810,39627829515651198,0.746342125710592,blue,200,powerlaw200,21,6,1.8776912689208984,1.7210295995076497,0.5391985915684597,-1.3384926773524386,1.3384926773524386,
6810,39627829515651198,0.746342125710592,blue,300,powerlaw300,31,6,1.8776912689208984,1.7210295995076497,1.330448803679845,-0.5472424652410535,0.5472424652410535,
6810,39627829515651198,0.746342125710592,blue,500,powerlaw500,51,6,1.8776912689208984,1.7210295995076497,1.7596238451519621,-0.11806742376893631,0.11806742376893631,
6810,39627829515651198,0.746342125710592,red,100,powerlaw100,11,6,0.39741194248199463,0.26512036720911664,0.3991481701153497,0.0017362276333550697,0.0017362276333550697,
6810,39627829515651198,0.746342125710592,red,200,powerlaw200,21,6,0.39741194248199463,0.26512036720911664,0.2961123956736304,-0.10129954680836423,0.10129954680836423,
6810,39627829515651198,0.746342125710592,red,300,powerlaw300,31,6,0.39741194248199463,0.26512036720911664,0.403906556627822,0.00649461414582736,0.00649461414582736,
6810,39627829515651198,0.746342125710592,red,500,powerlaw500,51,6,0.39741194248199463,0.26512036720911664,0.6084182367726348,0.21100629429064022,0.21100629429064022,
9321,39627847647626933,0.7396926739092715,blue,100,powerlaw100,11,6,-0.0694698691368103,0.46286014715830487,0.22872260196687053,0.29819247110368086,0.29819247110368086,
9321,39627847647626933,0.7396926739092715,blue,200,powerlaw200,21,6,-0.0694698691368103,0.46286014715830487,0.6759689725913752,0.7454388417281855,0.7454388417281855,
9321,39627847647626933,0.7396926739092715,blue,300,powerlaw300,31,6,-0.0694698691368103,0.46286014715830487,0.7197649345924878,0.7892348037292981,0.7892348037292981,
9321,39627847647626933,0.7396926739092715,blue,500,powerlaw500,51,6,-0.0694698691368103,0.46286014715830487,0.19140546054675064,0.260875329683561,0.260875329683561,
9321,39627847647626933,0.7396926739092715,red,100,powerlaw100,11,6,1.2388335466384888,0.08160962164402008,1.268392516111173,0.029558969472684327,0.029558969472684327,
9321,39627847647626933,0.7396926739092715,red,200,powerlaw200,21,6,1.2388335466384888,0.08160962164402008,1.2486612548593998,0.009827708220911058,0.009827708220911058,
9321,39627847647626933,0.7396926739092715,red,300,powerlaw300,31,6,1.2388335466384888,0.08160962164402008,1.346430682203665,0.10759713556517614,0.10759713556517614,
9321,39627847647626933,0.7396926739092715,red,500,powerlaw500,51,6,1.2388335466384888,0.08160962164402008,1.393076975565615,0.15424342892712617,0.15424342892712617,
6473,39627835542868318,0.7494048941710721,blue,100,powerlaw100,11,6,4.735969066619873,2.134828249613444,2.790097089608782,-1.945871977011091,1.945871977011091,
6473,39627835542868318,0.7494048941710721,blue,200,powerlaw200,21,6,4.735969066619873,2.134828249613444,4.109139886402381,-0.6268291802174923,0.6268291802174923,
6473,39627835542868318,0.7494048941710721,blue,300,powerlaw300,31,6,4.735969066619873,2.134828249613444,3.507780169795838,-1.2281888968240349,1.2281888968240349,
6473,39627835542868318,0.7494048941710721,blue,500,powerlaw500,51,6,4.735969066619873,2.134828249613444,3.5497300487216226,-1.1862390178982505,1.1862390178982505,
6473,39627835542868318,0.7494048941710721,red,100,powerlaw100,11,6,0.6471455097198486,0.24437872568766275,0.349361496835197,-0.2977840128846516,0.2977840128846516,
6473,39627835542868318,0.7494048941710721,red,200,powerlaw200,21,6,0.6471455097198486,0.24437872568766275,0.29378106692529776,-0.35336444279455087,0.35336444279455087,
6473,39627835542868318,0.7494048941710721,red,300,powerlaw300,31,6,0.6471455097198486,0.24437872568766275,0.4592665116958583,-0.18787899802399033,0.18787899802399033,
6473,39627835542868318,0.7494048941710721,red,500,powerlaw500,51,6,0.6471455097198486,0.24437872568766275,0.6210990904565952,-0.026046419263253462,0.026046419263253462,
2849,39627823480049765,0.8520494397243463,blue,100,powerlaw100,11,6,1.0498379468917847,0.5291676918665568,1.4353555920219288,0.3855176451301441,0.3855176451301441,
2849,39627823480049765,0.8520494397243463,blue,200,powerlaw200,21,6,1.0498379468917847,0.5291676918665568,1.6587724639025845,0.6089345170107998,0.6089345170107998,
2849,39627823480049765,0.8520494397243463,blue,300,powerlaw300,31,6,1.0498379468917847,0.5291676918665568,1.5986668967134916,0.5488289498217069,0.5488289498217069,
2849,39627823480049765,0.8520494397243463,blue,500,powerlaw500,51,6,1.0498379468917847,0.5291676918665568,1.6407715754458463,0.5909336285540616,0.5909336285540616,
2849,39627823480049765,0.8520494397243463,red,100,powerlaw100,11,6,0.65690678358078,0.0714874416589737,0.6057968820128322,-0.05110990156794781,0.05110990156794781,
2849,39627823480049765,0.8520494397243463,red,200,powerlaw200,21,6,0.65690678358078,0.0714874416589737,0.8025276361159338,0.14562085253515378,0.14562085253515378,
2849,39627823480049765,0.8520494397243463,red,300,powerlaw300,31,6,0.65690678358078,0.0714874416589737,0.7462115821857589,0.08930479860497886,0.08930479860497886,
2849,39627823480049765,0.8520494397243463,red,500,powerlaw500,51,6,0.65690678358078,0.0714874416589737,0.8361476293448259,0.17924084576404586,0.17924084576404586,
8875,39627847630852038,0.7019484197985806,blue,100,powerlaw100,11,6,0.02387273497879505,0.09362288316090901,0.1871882816316084,0.16331554665281334,0.16331554665281334,
8875,39627847630852038,0.7019484197985806,blue,200,powerlaw200,21,6,0.02387273497879505,0.09362288316090901,0.20558272888100326,0.1817099939022082,0.1817099939022082,
8875,39627847630852038,0.7019484197985806,blue,300,powerlaw300,31,6,0.02387273497879505,0.09362288316090901,0.2638026937896942,0.23992995881089912,0.23992995881089912,
8875,39627847630852038,0.7019484197985806,blue,500,powerlaw500,51,6,0.02387273497879505,0.09362288316090901,0.002202934547466236,-0.021669800431328816,0.021669800431328816,
8875,39627847630852038,0.7019484197985806,red,100,powerlaw100,11,6,1.2081425189971924,0.02059819921851158,1.1359314082113399,-0.07221111078585252,0.07221111078585252,
8875,39627847630852038,0.7019484197985806,red,200,powerlaw200,21,6,1.2081425189971924,0.02059819921851158,1.1798017915490462,-0.028340727448146197,0.028340727448146197,
8875,39627847630852038,0.7019484197985806,red,300,powerlaw300,31,6,1.2081425189971924,0.02059819921851158,1.166157663588417,-0.04198485540877539,0.04198485540877539,
8875,39627847630852038,0.7019484197985806,red,500,powerlaw500,51,6,1.2081425189971924,0.02059819921851158,1.1795943701565277,-0.0285481488406647,0.0285481488406647,
8494,39627829536625290,0.843183103806451,blue,100,powerlaw100,11,6,0.8206347823143005,0.3254355589548747,0.7584130893110675,-0.06222169300323299,0.06222169300323299,
8494,39627829536625290,0.843183103806451,blue,200,powerlaw200,21,6,0.8206347823143005,0.3254355589548747,0.6802876678756977,-0.14034711443860282,0.14034711443860282,
8494,39627829536625290,0.843183103806451,blue,300,powerlaw300,31,6,0.8206347823143005,0.3254355589548747,0.6227074196419168,-0.19792736267238376,0.19792736267238376,
8494,39627829536625290,0.843183103806451,blue,500,powerlaw500,51,6,0.8206347823143005,0.3254355589548747,0.5612125402859002,-0.25942224202840036,0.25942224202840036,
8494,39627829536625290,0.843183103806451,red,100,powerlaw100,11,6,1.1648627519607544,0.04440142214298248,1.2781670642743337,0.11330431231357929,0.11330431231357929,
8494,39627829536625290,0.843183103806451,red,200,powerlaw200,21,6,1.1648627519607544,0.04440142214298248,1.2081543526009522,0.04329160064019777,0.04329160064019777,
8494,39627829536625290,0.843183103806451,red,300,powerlaw300,31,6,1.1648627519607544,0.04440142214298248,1.1770497402152285,0.012186988254474063,0.012186988254474063,
8494,39627829536625290,0.843183103806451,red,500,powerlaw500,51,6,1.1648627519607544,0.04440142214298248,1.1256451652194464,-0.03921758674130804,0.03921758674130804,
7429,39627835576421923,0.7760036846166825,blue,100,powerlaw100,11,6,2.433814525604248,1.0055864651997883,1.9284719971804007,-0.5053425284238473,0.5053425284238473,
7429,39627835576421923,0.7760036846166825,blue,200,powerlaw200,21,6,2.433814525604248,1.0055864651997883,1.2452062805780983,-1.1886082450261497,1.1886082450261497,
7429,39627835576421923,0.7760036846166825,blue,300,powerlaw300,31,6,2.433814525604248,1.0055864651997883,1.9053013390259979,-0.5285131865782502,0.5285131865782502,
7429,39627835576421923,0.7760036846166825,blue,500,powerlaw500,51,6,2.433814525604248,1.0055864651997883,1.6280702639714286,-0.8057442616328194,0.8057442616328194,
7429,39627835576421923,0.7760036846166825,red,100,powerlaw100,11,6,0.8178471922874451,0.18354072173436484,1.1118240500231218,0.2939768577356767,0.2939768577356767,
7429,39627835576421923,0.7760036846166825,red,200,powerlaw200,21,6,0.8178471922874451,0.18354072173436484,0.9643608982612711,0.14651370597382607,0.14651370597382607,
7429,39627835576421923,0.7760036846166825,red,300,powerlaw300,31,6,0.8178471922874451,0.18354072173436484,0.8163751711988075,-0.0014720210886375318,0.0014720210886375318,
7429,39627835576421923,0.7760036846166825,red,500,powerlaw500,51,6,0.8178471922874451,0.18354072173436484,0.7600439894747105,-0.057803202812734544,0.057803202812734544,
2267,39627853704202152,0.7716205893672567,blue,100,powerlaw100,11,6,0.06307387351989746,0.3785865306854248,8.121864991360957e-09,-0.06307386539803247,0.06307386539803247,
2267,39627853704202152,0.7716205893672567,blue,200,powerlaw200,21,6,0.06307387351989746,0.3785865306854248,0.01806141613781131,-0.045012457382086146,0.045012457382086146,
2267,39627853704202152,0.7716205893672567,blue,300,powerlaw300,31,6,0.06307387351989746,0.3785865306854248,0.04294624095710698,-0.02012763256279048,0.02012763256279048,
2267,39627853704202152,0.7716205893672567,blue,500,powerlaw500,51,6,0.06307387351989746,0.3785865306854248,0.08413903395970529,0.02106516043980783,0.02106516043980783,
2267,39627853704202152,0.7716205893672567,red,100,powerlaw100,11,6,1.3244062662124634,0.09337628881136577,1.2119797754774047,-0.11242649073505873,0.11242649073505873,
2267,39627853704202152,0.7716205893672567,red,200,powerlaw200,21,6,1.3244062662124634,0.09337628881136577,1.2489159094507765,-0.07549035676168692,0.07549035676168692,
2267,39627853704202152,0.7716205893672567,red,300,powerlaw300,31,6,1.3244062662124634,0.09337628881136577,1.3648003335612788,0.040394067348815454,0.040394067348815454,
2267,39627853704202152,0.7716205893672567,red,500,powerlaw500,51,6,1.3244062662124634,0.09337628881136577,1.3078294129063444,-0.01657685330611902,0.01657685330611902,
10745,39627847626656271,0.7456497615070881,blue,100,powerlaw100,11,6,3.070279121398926,1.9679880142211914,0.5539114455395894,-2.5163676758593363,2.5163676758593363,
10745,39627847626656271,0.7456497615070881,blue,200,powerlaw200,21,6,3.070279121398926,1.9679880142211914,1.3356002880628222,-1.7346788333361036,1.7346788333361036,
10745,39627847626656271,0.7456497615070881,blue,300,powerlaw300,31,6,3.070279121398926,1.9679880142211914,8.56469840093845e-08,-3.0702790357519416,3.0702790357519416,
10745,39627847626656271,0.7456497615070881,blue,500,powerlaw500,51,6,3.070279121398926,1.9679880142211914,0.1398029141079468,-2.930476207290979,2.930476207290979,
10745,39627847626656271,0.7456497615070881,red,100,powerlaw100,11,6,1.0742655992507935,0.23505028088887533,0.9065894800214256,-0.16767611922936787,0.16767611922936787,
10745,39627847626656271,0.7456497615070881,red,200,powerlaw200,21,6,1.0742655992507935,0.23505028088887533,0.9104215609200613,-0.16384403833073213,0.16384403833073213,
10745,39627847626656271,0.7456497615070881,red,300,powerlaw300,31,6,1.0742655992507935,0.23505028088887533,1.5035255979056625,0.4292599986548691,0.4292599986548691,
10745,39627847626656271,0.7456497615070881,red,500,powerlaw500,51,6,1.0742655992507935,0.23505028088887533,1.021467108965348,-0.052798490285445476,0.052798490285445476,
5733,39627823467464830,0.8976094190604658,blue,100,powerlaw100,11,6,0.8170096278190613,0.4404805103937785,1.0230916823453728,0.20608205452631156,0.20608205452631156,
5733,39627823467464830,0.8976094190604658,blue,200,powerlaw200,21,6,0.8170096278190613,0.4404805103937785,1.369514005286426,0.5525043774673648,0.5525043774673648,
5733,39627823467464830,0.8976094190604658,blue,300,powerlaw300,31,6,0.8170096278190613,0.4404805103937785,1.000930601128977,0.18392097330991564,0.18392097330991564,
5733,39627823467464830,0.8976094190604658,blue,500,powerlaw500,51,6,0.8170096278190613,0.4404805103937785,0.8646435428151559,0.047633914996094595,0.047633914996094595,
5733,39627823467464830,0.8976094190604658,red,100,powerlaw100,11,6,0.9674552083015442,0.07895965377489726,0.6791546819166582,-0.288300526384886,0.288300526384886,
5733,39627823467464830,0.8976094190604658,red,200,powerlaw200,21,6,0.9674552083015442,0.07895965377489726,0.8056723604031856,-0.16178284789835862,0.16178284789835862,
5733,39627823467464830,0.8976094190604658,red,300,powerlaw300,31,6,0.9674552083015442,0.07895965377489726,0.8942151123876257,-0.07324009591391845,0.07324009591391845,
5733,39627823467464830,0.8976094190604658,red,500,powerlaw500,51,6,0.9674552083015442,0.07895965377489726,1.0248066933038054,0.05735148500226117,0.05735148500226117,
7353,39627835572227845,0.8298888148684127,blue,100,powerlaw100,11,6,0.040288034826517105,0.3363349835077922,71965.55209861779,71965.51181058296,71965.51181058296,
7353,39627835572227845,0.8298888148684127,blue,200,powerlaw200,21,6,0.040288034826517105,0.3363349835077922,0.3347320233835355,0.2944439885570184,0.2944439885570184,
7353,39627835572227845,0.8298888148684127,blue,300,powerlaw300,31,6,0.040288034826517105,0.3363349835077922,0.08660383294643825,0.04631579811992115,0.04631579811992115,
7353,39627835572227845,0.8298888148684127,blue,500,powerlaw500,51,6,0.040288034826517105,0.3363349835077922,0.15447641247972035,0.11418837765320325,0.11418837765320325,
7353,39627835572227845,0.8298888148684127,red,100,powerlaw100,11,6,1.3503631353378296,0.07079651951789856,1.4976363204766088,0.14727318513877918,0.14727318513877918,
7353,39627835572227845,0.8298888148684127,red,200,powerlaw200,21,6,1.3503631353378296,0.07079651951789856,1.3827492350388961,0.03238609970106654,0.03238609970106654,
7353,39627835572227845,0.8298888148684127,red,300,powerlaw300,31,6,1.3503631353378296,0.07079651951789856,1.2440610707116453,-0.1063020646261843,0.1063020646261843,
7353,39627835572227845,0.8298888148684127,red,500,powerlaw500,51,6,1.3503631353378296,0.07079651951789856,1.1541289489922952,-0.19623418634553436,0.19623418634553436,
7011,39627835568034420,0.6705588043975417,blue,100,powerlaw100,11,6,0.37391433119773865,0.21113012234369913,0.10462986211965007,-0.26928446907808856,0.26928446907808856,
7011,39627835568034420,0.6705588043975417,blue,200,powerlaw200,21,6,0.37391433119773865,0.21113012234369913,0.2664588514740313,-0.10745547972370734,0.10745547972370734,
7011,39627835568034420,0.6705588043975417,blue,300,powerlaw300,31,6,0.37391433119773865,0.21113012234369913,0.3430492600557596,-0.03086507114197906,0.03086507114197906,
7011,39627835568034420,0.6705588043975417,blue,500,powerlaw500,51,6,0.37391433119773865,0.21113012234369913,0.18650712943756073,-0.18740720176017792,0.18740720176017792,
7011,39627835568034420,0.6705588043975417,red,100,powerlaw100,11,6,1.2859870195388794,0.042983303467432656,1.305694418716887,0.01970739917800768,0.01970739917800768,
7011,39627835568034420,0.6705588043975417,red,200,powerlaw200,21,6,1.2859870195388794,0.042983303467432656,1.3343754531816459,0.04838843364276646,0.04838843364276646,
7011,39627835568034420,0.6705588043975417,red,300,powerlaw300,31,6,1.2859870195388794,0.042983303467432656,1.3449256476256377,0.058938628086758316,0.058938628086758316,
7011,39627835568034420,0.6705588043975417,red,500,powerlaw500,51,6,1.2859870195388794,0.042983303467432656,1.3350421662593703,0.04905514672049094,0.04905514672049094,
499,39627574963339409,0.7135272875189397,blue,100,powerlaw100,11,6,-0.12353136390447617,0.5933662255605062,0.019188298511573554,0.14271966241604972,0.14271966241604972,
499,39627574963339409,0.7135272875189397,blue,200,powerlaw200,21,6,-0.12353136390447617,0.5933662255605062,0.09481033234370095,0.21834169624817712,0.21834169624817712,
499,39627574963339409,0.7135272875189397,blue,300,powerlaw300,31,6,-0.12353136390447617,0.5933662255605062,0.04919417564717462,0.1727255395516508,0.1727255395516508,
499,39627574963339409,0.7135272875189397,blue,500,powerlaw500,51,6,-0.12353136390447617,0.5933662255605062,0.0523804231595999,0.17591178706407606,0.17591178706407606,
499,39627574963339409,0.7135272875189397,red,100,powerlaw100,11,6,1.1902321577072144,0.05609545608361562,1.2528610812551977,0.06262892354798333,0.06262892354798333,
499,39627574963339409,0.7135272875189397,red,200,powerlaw200,21,6,1.1902321577072144,0.05609545608361562,1.2772262132169805,0.08699405550976613,0.08699405550976613,
499,39627574963339409,0.7135272875189397,red,300,powerlaw300,31,6,1.1902321577072144,0.05609545608361562,1.336185697947008,0.14595354023979357,0.14595354023979357,
499,39627574963339409,0.7135272875189397,red,500,powerlaw500,51,6,1.1902321577072144,0.05609545608361562,1.4016618831002108,0.21142972539299643,0.21142972539299643,
4425,39627859727225282,0.7323683789997016,blue,100,powerlaw100,11,6,-0.8741663098335266,0.7190891901652018,0.061339130275641085,0.9355054401091677,0.9355054401091677,
4425,39627859727225282,0.7323683789997016,blue,200,powerlaw200,21,6,-0.8741663098335266,0.7190891901652018,0.5715971980696212,1.445763507903148,1.445763507903148,
4425,39627859727225282,0.7323683789997016,blue,300,powerlaw300,31,6,-0.8741663098335266,0.7190891901652018,0.5193902135257352,1.393556523359262,1.393556523359262,
4425,39627859727225282,0.7323683789997016,blue,500,powerlaw500,51,6,-0.8741663098335266,0.7190891901652018,0.42868484080134533,1.302851150634872,1.302851150634872,
4425,39627859727225282,0.7323683789997016,red,100,powerlaw100,11,6,1.3075470924377441,0.10674254099527995,0.9023647275048718,-0.4051823649328723,0.4051823649328723,
4425,39627859727225282,0.7323683789997016,red,200,powerlaw200,21,6,1.3075470924377441,0.10674254099527995,1.1224558672974585,-0.18509122514028564,0.18509122514028564,
4425,39627859727225282,0.7323683789997016,red,300,powerlaw300,31,6,1.3075470924377441,0.10674254099527995,1.351710454740389,0.04416336230264495,0.04416336230264495,
4425,39627859727225282,0.7323683789997016,red,500,powerlaw500,51,6,1.3075470924377441,0.10674254099527995,1.1944167069817773,-0.11313038545596688,0.11313038545596688,
9615,39627841591051972,0.82574146035671,blue,100,powerlaw100,11,6,-0.34319165349006653,0.4050669272740682,0.32482786852257,0.6680195220126366,0.6680195220126366,
9615,39627841591051972,0.82574146035671,blue,200,powerlaw200,21,6,-0.34319165349006653,0.4050669272740682,1.0506517747203554,1.393843428210422,1.393843428210422,
9615,39627841591051972,0.82574146035671,blue,300,powerlaw300,31,6,-0.34319165349006653,0.4050669272740682,1.2750634537621421,1.6182551072522087,1.6182551072522087,
9615,39627841591051972,0.82574146035671,blue,500,powerlaw500,51,6,-0.34319165349006653,0.4050669272740682,1.1263574666771727e-08,0.3431916647536412,0.3431916647536412,
9615,39627841591051972,0.82574146035671,red,100,powerlaw100,11,6,1.2610491514205933,0.030259425441424053,1.3666325750530117,0.10558342363241846,0.10558342363241846,
9615,39627841591051972,0.82574146035671,red,200,powerlaw200,21,6,1.2610491514205933,0.030259425441424053,1.3042841297171652,0.04323497829657197,0.04323497829657197,
9615,39627841591051972,0.82574146035671,red,300,powerlaw300,31,6,1.2610491514205933,0.030259425441424053,1.2688461750903313,0.007797023669738001,0.007797023669738001,
9615,39627841591051972,0.82574146035671,red,500,powerlaw500,51,6,1.2610491514205933,0.030259425441424053,1.20187295723787,-0.05917619418272335,0.05917619418272335,
7081,39627823488439028,0.7369400496320044,blue,100,powerlaw100,11,6,0.5166317224502563,0.2520016630490621,0.16827942430817444,-0.3483522981420819,0.3483522981420819,
7081,39627823488439028,0.7369400496320044,blue,200,powerlaw200,21,6,0.5166317224502563,0.2520016630490621,0.5531826404819794,0.036550918031723056,0.036550918031723056,
7081,39627823488439028,0.7369400496320044,blue,300,powerlaw300,31,6,0.5166317224502563,0.2520016630490621,0.31979159585688494,-0.1968401265933714,0.1968401265933714,
7081,39627823488439028,0.7369400496320044,blue,500,powerlaw500,51,6,0.5166317224502563,0.2520016630490621,0.09127863142676708,-0.4253530910234893,0.4253530910234893,
7081,39627823488439028,0.7369400496320044,red,100,powerlaw100,11,6,1.3312355279922485,0.04356080790360769,1.098204543599909,-0.2330309843923395,0.2330309843923395,
7081,39627823488439028,0.7369400496320044,red,200,powerlaw200,21,6,1.3312355279922485,0.04356080790360769,1.1640941107198606,-0.16714141727238796,0.16714141727238796,
7081,39627823488439028,0.7369400496320044,red,300,powerlaw300,31,6,1.3312355279922485,0.04356080790360769,1.1566254263457716,-0.17461010164647695,0.17461010164647695,
7081,39627823488439028,0.7369400496320044,red,500,powerlaw500,51,6,1.3312355279922485,0.04356080790360769,1.2564944450971949,-0.07474108289505366,0.07474108289505366,
3149,39627817436056703,0.6882051545813045,blue,100,powerlaw100,11,6,-0.734610378742218,0.48940038681030273,1.8350722624927667,2.5696826412349845,2.5696826412349845,
3149,39627817436056703,0.6882051545813045,blue,200,powerlaw200,21,6,-0.734610378742218,0.48940038681030273,0.9377847532327251,1.6723951319749433,1.6723951319749433,
3149,39627817436056703,0.6882051545813045,blue,300,powerlaw300,31,6,-0.734610378742218,0.48940038681030273,0.3518384900410865,1.0864488687833045,1.0864488687833045,
3149,39627817436056703,0.6882051545813045,blue,500,powerlaw500,51,6,-0.734610378742218,0.48940038681030273,0.09094455183272292,0.8255549305749409,0.8255549305749409,
3149,39627817436056703,0.6882051545813045,red,100,powerlaw100,11,6,1.2438791990280151,0.05732408662637075,1.2293179579456959,-0.014561241082319265,0.014561241082319265,
3149,39627817436056703,0.6882051545813045,red,200,powerlaw200,21,6,1.2438791990280151,0.05732408662637075,1.260626296176403,0.016747097148387846,0.016747097148387846,
3149,39627817436056703,0.6882051545813045,red,300,powerlaw300,31,6,1.2438791990280151,0.05732408662637075,1.1977552896423471,-0.046123909385668016,0.046123909385668016,
3149,39627817436056703,0.6882051545813045,red,500,powerlaw500,51,6,1.2438791990280151,0.05732408662637075,1.1637597950726608,-0.08011940395535433,0.08011940395535433,
5215,39627853695816620,0.6087691545825343,blue,100,powerlaw100,11,7,-0.08237944543361664,0.1566913298198155,0.005761870212775917,0.08814131564639255,0.08814131564639255,
5215,39627853695816620,0.6087691545825343,blue,200,powerlaw200,21,7,-0.08237944543361664,0.1566913298198155,0.04450056745807738,0.126880012891694,0.126880012891694,
5215,39627853695816620,0.6087691545825343,blue,300,powerlaw300,31,7,-0.08237944543361664,0.1566913298198155,0.11300421560238375,0.19538366103600038,0.19538366103600038,
5215,39627853695816620,0.6087691545825343,blue,500,powerlaw500,51,7,-0.08237944543361664,0.1566913298198155,0.09014835264333573,0.17252779807695237,0.17252779807695237,
5215,39627853695816620,0.6087691545825343,red,100,powerlaw100,11,7,1.1676884889602661,0.023418100816862925,1.087916644918049,-0.07977184404221704,0.07977184404221704,
5215,39627853695816620,0.6087691545825343,red,200,powerlaw200,21,7,1.1676884889602661,0.023418100816862925,1.0935986512516749,-0.07408983770859123,0.07408983770859123,
5215,39627853695816620,0.6087691545825343,red,300,powerlaw300,31,7,1.1676884889602661,0.023418100816862925,1.0816114489160964,-0.08607704004416972,0.08607704004416972,
5215,39627853695816620,0.6087691545825343,red,500,powerlaw500,51,7,1.1676884889602661,0.023418100816862925,1.1069988391432966,-0.06068964981696956,0.06068964981696956,
8980,39627841586860179,0.8578147171237703,blue,100,powerlaw100,11,6,1.275026798248291,0.9017981688181559,4.059956776964314,2.784929978716023,2.784929978716023,
8980,39627841586860179,0.8578147171237703,blue,200,powerlaw200,21,6,1.275026798248291,0.9017981688181559,3.294238425866734,2.019211627618443,2.019211627618443,
8980,39627841586860179,0.8578147171237703,blue,300,powerlaw300,31,6,1.275026798248291,0.9017981688181559,2.6337825610232466,1.3587557627749556,1.3587557627749556,
8980,39627841586860179,0.8578147171237703,blue,500,powerlaw500,51,6,1.275026798248291,0.9017981688181559,1.9713723133458154,0.6963455150975244,0.6963455150975244,
8980,39627841586860179,0.8578147171237703,red,100,powerlaw100,11,6,1.0107077360153198,0.17114537954330444,0.5286561779321832,-0.4820515580831366,0.4820515580831366,
8980,39627841586860179,0.8578147171237703,red,200,powerlaw200,21,6,1.0107077360153198,0.17114537954330444,0.8990974131015413,-0.11161032291377848,0.11161032291377848,
8980,39627841586860179,0.8578147171237703,red,300,powerlaw300,31,6,1.0107077360153198,0.17114537954330444,0.9587430386753447,-0.05196469733997511,0.05196469733997511,
8980,39627841586860179,0.8578147171237703,red,500,powerlaw500,51,6,1.0107077360153198,0.17114537954330444,0.9422552797344691,-0.06845245628085073,0.06845245628085073,
2586,39627805356463621,0.8989732268823344,blue,100,powerlaw100,11,6,1.3469074964523315,0.3707339366277059,0.7118707773966558,-0.6350367190556757,0.6350367190556757,
2586,39627805356463621,0.8989732268823344,blue,200,powerlaw200,21,6,1.3469074964523315,0.3707339366277059,0.645733623984377,-0.7011738724679546,0.7011738724679546,
2586,39627805356463621,0.8989732268823344,blue,300,powerlaw300,31,6,1.3469074964523315,0.3707339366277059,0.44576554963495507,-0.9011419468173765,0.9011419468173765,
2586,39627805356463621,0.8989732268823344,blue,500,powerlaw500,51,6,1.3469074964523315,0.3707339366277059,0.35711690321141304,-0.9897905932409186,0.9897905932409186,
2586,39627805356463621,0.8989732268823344,red,100,powerlaw100,11,6,0.8717138767242432,0.03747672835985819,0.9998929945809004,0.12817911785665725,0.12817911785665725,
2586,39627805356463621,0.8989732268823344,red,200,powerlaw200,21,6,0.8717138767242432,0.03747672835985819,1.0173813295026188,0.14566745277837567,0.14566745277837567,
2586,39627805356463621,0.8989732268823344,red,300,powerlaw300,31,6,0.8717138767242432,0.03747672835985819,0.9992142750843187,0.12750039836007554,0.12750039836007554,
2586,39627805356463621,0.8989732268823344,red,500,powerlaw500,51,6,0.8717138767242432,0.03747672835985819,0.9777372488383022,0.10602337211405899,0.10602337211405899,
8315,39627823488434276,0.8060242867885473,blue,100,powerlaw100,11,6,-0.7296221852302551,1.618299166361491,3.154431802947686,3.884053988177941,3.884053988177941,
8315,39627823488434276,0.8060242867885473,blue,200,powerlaw200,21,6,-0.7296221852302551,1.618299166361491,0.1036692812519952,0.8332914664822504,0.8332914664822504,
8315,39627823488434276,0.8060242867885473,blue,300,powerlaw300,31,6,-0.7296221852302551,1.618299166361491,0.9170529156642863,1.6466751008945413,1.6466751008945413,
8315,39627823488434276,0.8060242867885473,blue,500,powerlaw500,51,6,-0.7296221852302551,1.618299166361491,1.707108419407821,2.4367306046380763,2.4367306046380763,
8315,39627823488434276,0.8060242867885473,red,100,powerlaw100,11,6,0.5902896523475647,0.22689640522003174,0.41536309492653123,-0.17492655742103347,0.17492655742103347,
8315,39627823488434276,0.8060242867885473,red,200,powerlaw200,21,6,0.5902896523475647,0.22689640522003174,0.8271528627223751,0.2368632103748104,0.2368632103748104,
8315,39627823488434276,0.8060242867885473,red,300,powerlaw300,31,6,0.5902896523475647,0.22689640522003174,0.7723451280163891,0.1820554756688244,0.1820554756688244,
8315,39627823488434276,0.8060242867885473,red,500,powerlaw500,51,6,0.5902896523475647,0.22689640522003174,0.7935632083824179,0.2032735560348532,0.2032735560348532,
9208,39627853679034669,0.7370153443154648,blue,100,powerlaw100,11,6,-0.3013811409473419,0.6748596827189127,0.021248471261610457,0.32262961220895237,0.32262961220895237,
9208,39627853679034669,0.7370153443154648,blue,200,powerlaw200,21,6,-0.3013811409473419,0.6748596827189127,0.08838620481396364,0.38976734576130556,0.38976734576130556,
9208,39627853679034669,0.7370153443154648,blue,300,powerlaw300,31,6,-0.3013811409473419,0.6748596827189127,0.14193052735986153,0.4433116683072035,0.4433116683072035,
9208,39627853679034669,0.7370153443154648,blue,500,powerlaw500,51,6,-0.3013811409473419,0.6748596827189127,0.24388242388565295,0.5452635648329949,0.5452635648329949,
9208,39627853679034669,0.7370153443154648,red,100,powerlaw100,11,6,1.207116723060608,0.09498014052708943,1.1541495584949544,-0.052967164565653535,0.052967164565653535,
9208,39627853679034669,0.7370153443154648,red,200,powerlaw200,21,6,1.207116723060608,0.09498014052708943,1.080154869728483,-0.12696185333212484,0.12696185333212484,
9208,39627853679034669,0.7370153443154648,red,300,powerlaw300,31,6,1.207116723060608,0.09498014052708943,1.0652168767044727,-0.14189984635613517,0.14189984635613517,
9208,39627853679034669,0.7370153443154648,red,500,powerlaw500,51,6,1.207116723060608,0.09498014052708943,1.1969691469879902,-0.010147576072617737,0.010147576072617737,
34,39627563030545742,0.8667849968146216,blue,100,powerlaw100,11,6,-3.486309051513672,4.072359402974446,2.256798152608851,5.7431072041225235,5.7431072041225235,
34,39627563030545742,0.8667849968146216,blue,200,powerlaw200,21,6,-3.486309051513672,4.072359402974446,2.5402693442844884,6.02657839579816,6.02657839579816,
34,39627563030545742,0.8667849968146216,blue,300,powerlaw300,31,6,-3.486309051513672,4.072359402974446,2.9433918252982245,6.429700876811896,6.429700876811896,
34,39627563030545742,0.8667849968146216,blue,500,powerlaw500,51,6,-3.486309051513672,4.072359402974446,3.461551630333996,6.9478606818476685,6.9478606818476685,
34,39627563030545742,0.8667849968146216,red,100,powerlaw100,11,6,0.7397589087486267,0.34265629450480145,0.36719918326206996,-0.37255972548655675,0.37255972548655675,
34,39627563030545742,0.8667849968146216,red,200,powerlaw200,21,6,0.7397589087486267,0.34265629450480145,0.7422356417903018,0.002476733041675061,0.002476733041675061,
34,39627563030545742,0.8667849968146216,red,300,powerlaw300,31,6,0.7397589087486267,0.34265629450480145,0.6075988836076184,-0.13216002514100833,0.13216002514100833,
34,39627563030545742,0.8667849968146216,red,500,powerlaw500,51,6,0.7397589087486267,0.34265629450480145,0.7030194966022628,-0.03673941214636389,0.03673941214636389,
5639,39627829507262361,0.8027260694238524,blue,100,powerlaw100,11,6,0.13337594270706177,0.22481300433476767,0.26233722790420905,0.12896128519714728,0.12896128519714728,
5639,39627829507262361,0.8027260694238524,blue,200,powerlaw200,21,6,0.13337594270706177,0.22481300433476767,0.39729673452534714,0.26392079181828537,0.26392079181828537,
5639,39627829507262361,0.8027260694238524,blue,300,powerlaw300,31,6,0.13337594270706177,0.22481300433476767,0.3206600999691774,0.1872841572621156,0.1872841572621156,
5639,39627829507262361,0.8027260694238524,blue,500,powerlaw500,51,6,0.13337594270706177,0.22481300433476767,0.276069446950567,0.14269350424350524,0.14269350424350524,
5639,39627829507262361,0.8027260694238524,red,100,powerlaw100,11,6,1.1299012899398804,0.03428473820288976,1.1174774753461711,-0.012423814593709226,0.012423814593709226,
5639,39627829507262361,0.8027260694238524,red,200,powerlaw200,21,6,1.1299012899398804,0.03428473820288976,1.2341081011719022,0.1042068112320218,0.1042068112320218,
5639,39627829507262361,0.8027260694238524,red,300,powerlaw300,31,6,1.1299012899398804,0.03428473820288976,1.2394205896918955,0.10951929975201513,0.10951929975201513,
5639,39627829507262361,0.8027260694238524,red,500,powerlaw500,51,6,1.1299012899398804,0.03428473820288976,1.2072830996279662,0.07738180968808583,0.07738180968808583,
11440,39627847622461149,0.8835806585984486,blue,100,powerlaw100,11,6,3.566716432571411,1.161350170771281,1.5622292614539326,-2.0044871711174785,2.0044871711174785,
11440,39627847622461149,0.8835806585984486,blue,200,powerlaw200,21,6,3.566716432571411,1.161350170771281,1.24262205370993,-2.3240943788614814,2.3240943788614814,
11440,39627847622461149,0.8835806585984486,blue,300,powerlaw300,31,6,3.566716432571411,1.161350170771281,1.7191231690974567,-1.8475932634739545,1.8475932634739545,
11440,39627847622461149,0.8835806585984486,blue,500,powerlaw500,51,6,3.566716432571411,1.161350170771281,1.6515584812491373,-1.9151579513222738,1.9151579513222738,
11440,39627847622461149,0.8835806585984486,red,100,powerlaw100,11,6,1.4027585983276367,0.15439510345458984,1.585292672257105,0.1825340739294683,0.1825340739294683,
11440,39627847622461149,0.8835806585984486,red,200,powerlaw200,21,6,1.4027585983276367,0.15439510345458984,0.7905500895380131,-0.6122085087896236,0.6122085087896236,
11440,39627847622461149,0.8835806585984486,red,300,powerlaw300,31,6,1.4027585983276367,0.15439510345458984,0.9615076896208176,-0.44125090870681916,0.44125090870681916,
11440,39627847622461149,0.8835806585984486,red,500,powerlaw500,51,6,1.4027585983276367,0.15439510345458984,0.9790529005316229,-0.42370569779601386,0.42370569779601386,
11318,39627853670647866,0.8065238979954202,blue,100,powerlaw100,11,6,0.5066800713539124,0.38880149523417157,0.2219471349688432,-0.28473293638506914,0.28473293638506914,
11318,39627853670647866,0.8065238979954202,blue,200,powerlaw200,21,6,0.5066800713539124,0.38880149523417157,0.6789801030275795,0.17230003167366714,0.17230003167366714,
11318,39627853670647866,0.8065238979954202,blue,300,powerlaw300,31,6,0.5066800713539124,0.38880149523417157,0.7813405213297617,0.2746604499758494,0.2746604499758494,
11318,39627853670647866,0.8065238979954202,blue,500,powerlaw500,51,6,0.5066800713539124,0.38880149523417157,0.6381467813856992,0.1314667100317869,0.1314667100317869,
11318,39627853670647866,0.8065238979954202,red,100,powerlaw100,11,6,0.9698800444602966,0.06784668068091075,1.1723168098528667,0.20243676539257005,0.20243676539257005,
11318,39627853670647866,0.8065238979954202,red,200,powerlaw200,21,6,0.9698800444602966,0.06784668068091075,1.1224225427584238,0.15254249829812716,0.15254249829812716,
11318,39627853670647866,0.8065238979954202,red,300,powerlaw300,31,6,0.9698800444602966,0.06784668068091075,1.0273116656417216,0.057431621181424974,0.057431621181424974,
11318,39627853670647866,0.8065238979954202,red,500,powerlaw500,51,6,0.9698800444602966,0.06784668068091075,0.9679366881257144,-0.0019433563345822025,0.0019433563345822025,
12872,39627787765550971,0.8589817493121125,blue,100,powerlaw100,11,6,0.5153594613075256,1.5002541542053223,3.0701727307007065,2.554813269393181,2.554813269393181,
12872,39627787765550971,0.8589817493121125,blue,200,powerlaw200,21,6,0.5153594613075256,1.5002541542053223,3.1088442556387217,2.593484794331196,2.593484794331196,
12872,39627787765550971,0.8589817493121125,blue,300,powerlaw300,31,6,0.5153594613075256,1.5002541542053223,3.9003110373812113,3.3849515760736857,3.3849515760736857,
12872,39627787765550971,0.8589817493121125,blue,500,powerlaw500,51,6,0.5153594613075256,1.5002541542053223,3.796333025339468,3.2809735640319424,3.2809735640319424,
12872,39627787765550971,0.8589817493121125,red,100,powerlaw100,11,6,0.4959350526332855,0.21147153774897257,0.9951744422585705,0.499239389625285,0.499239389625285,
12872,39627787765550971,0.8589817493121125,red,200,powerlaw200,21,6,0.4959350526332855,0.21147153774897257,0.752461772760214,0.25652672012692845,0.25652672012692845,
12872,39627787765550971,0.8589817493121125,red,300,powerlaw300,31,6,0.4959350526332855,0.21147153774897257,0.8352273878232609,0.33929233518997537,0.33929233518997537,
12872,39627787765550971,0.8589817493121125,red,500,powerlaw500,51,6,0.4959350526332855,0.21147153774897257,0.703525685643926,0.2075906330106405,0.2075906330106405,
6815,39627835555447572,0.8954858114948787,blue,100,powerlaw100,11,6,0.4712441861629486,1.3997963269551594,0.7787813642182045,0.30753717805525593,0.30753717805525593,
6815,39627835555447572,0.8954858114948787,blue,200,powerlaw200,21,6,0.4712441861629486,1.3997963269551594,1.7265792888002969,1.2553351026373483,1.2553351026373483,
6815,39627835555447572,0.8954858114948787,blue,300,powerlaw300,31,6,0.4712441861629486,1.3997963269551594,1.4960445335602273,1.0248003473972787,1.0248003473972787,
6815,39627835555447572,0.8954858114948787,blue,500,powerlaw500,51,6,0.4712441861629486,1.3997963269551594,1.6777113566766466,1.206467170513698,1.206467170513698,
6815,39627835555447572,0.8954858114948787,red,100,powerlaw100,11,6,0.41145721077919006,0.15748368700345358,0.2897248106492157,-0.12173240012997438,0.12173240012997438,
6815,39627835555447572,0.8954858114948787,red,200,powerlaw200,21,6,0.41145721077919006,0.15748368700345358,0.5729434541676265,0.16148624338843642,0.16148624338843642,
6815,39627835555447572,0.8954858114948787,red,300,powerlaw300,31,6,0.41145721077919006,0.15748368700345358,0.7872205646660925,0.3757633538869024,0.3757633538869024,
6815,39627835555447572,0.8954858114948787,red,500,powerlaw500,51,6,0.41145721077919006,0.15748368700345358,0.8216530537524344,0.4101958429732443,0.4101958429732443,
1302,39627847656018516,0.6611347016505661,blue,100,powerlaw100,11,7,-0.15020443499088287,0.1974959032876151,0.5078696896408725,0.6580741246317554,0.6580741246317554,
1302,39627847656018516,0.6611347016505661,blue,200,powerlaw200,21,7,-0.15020443499088287,0.1974959032876151,0.4626926471894576,0.6128970821803404,0.6128970821803404,
1302,39627847656018516,0.6611347016505661,blue,300,powerlaw300,31,7,-0.15020443499088287,0.1974959032876151,1.0912402205531816e-09,0.15020443608212308,0.15020443608212308,
1302,39627847656018516,0.6611347016505661,blue,500,powerlaw500,51,7,-0.15020443499088287,0.1974959032876151,8.963042493469034e-10,0.15020443588718713,0.15020443588718713,
1302,39627847656018516,0.6611347016505661,red,100,powerlaw100,11,7,1.1405130624771118,0.028023055621555874,1.2785199003665366,0.1380068378894248,0.1380068378894248,
1302,39627847656018516,0.6611347016505661,red,200,powerlaw200,21,7,1.1405130624771118,0.028023055621555874,1.2495821272175227,0.10906906474041089,0.10906906474041089,
1302,39627847656018516,0.6611347016505661,red,300,powerlaw300,31,7,1.1405130624771118,0.028023055621555874,1.207473130065725,0.06696006758861328,0.06696006758861328,
1302,39627847656018516,0.6611347016505661,red,500,powerlaw500,51,7,1.1405130624771118,0.028023055621555874,1.1910049366351168,0.050491874158004935,0.050491874158004935,
4949,39627865771215608,0.8570035574572558,blue,100,powerlaw100,11,6,4.201904296875,1.0789568424224854,1.48097468966846,-2.72092960720654,2.72092960720654,
4949,39627865771215608,0.8570035574572558,blue,200,powerlaw200,21,6,4.201904296875,1.0789568424224854,1.9342067860547363,-2.2676975108202635,2.2676975108202635,
4949,39627865771215608,0.8570035574572558,blue,300,powerlaw300,31,6,4.201904296875,1.0789568424224854,2.648003232043581,-1.553901064831419,1.553901064831419,
4949,39627865771215608,0.8570035574572558,blue,500,powerlaw500,51,6,4.201904296875,1.0789568424224854,2.1973809717489536,-2.0045233251260464,2.0045233251260464,
4949,39627865771215608,0.8570035574572558,red,100,powerlaw100,11,6,0.37637972831726074,0.12408248583475749,0.5964870766029668,0.2201073482857061,0.2201073482857061,
4949,39627865771215608,0.8570035574572558,red,200,powerlaw200,21,6,0.37637972831726074,0.12408248583475749,0.8215703699020871,0.44519064158482635,0.44519064158482635,
4949,39627865771215608,0.8570035574572558,red,300,powerlaw300,31,6,0.37637972831726074,0.12408248583475749,0.706340771933625,0.32996104361636425,0.32996104361636425,
4949,39627865771215608,0.8570035574572558,red,500,powerlaw500,51,6,0.37637972831726074,0.12408248583475749,0.6895878624748032,0.31320813415754245,0.31320813415754245,
4975,39627853687427098,0.7983455233498902,blue,100,powerlaw100,11,6,0.15877830982208252,0.525390108426412,6.102881751518355e-09,-0.15877830371920076,0.15877830371920076,
4975,39627853687427098,0.7983455233498902,blue,200,powerlaw200,21,6,0.15877830982208252,0.525390108426412,0.009681966248881317,-0.1490963435732012,0.1490963435732012,
4975,39627853687427098,0.7983455233498902,blue,300,powerlaw300,31,6,0.15877830982208252,0.525390108426412,1.967319393212392e-08,-0.15877829014888858,0.15877829014888858,
4975,39627853687427098,0.7983455233498902,blue,500,powerlaw500,51,6,0.15877830982208252,0.525390108426412,0.03161763914021478,-0.12716067068186773,0.12716067068186773,
4975,39627853687427098,0.7983455233498902,red,100,powerlaw100,11,6,1.2393535375595093,0.06329518556594849,1.2248798880083231,-0.01447364955118613,0.01447364955118613,
4975,39627853687427098,0.7983455233498902,red,200,powerlaw200,21,6,1.2393535375595093,0.06329518556594849,1.3141600229207901,0.07480648536128087,0.07480648536128087,
4975,39627853687427098,0.7983455233498902,red,300,powerlaw300,31,6,1.2393535375595093,0.06329518556594849,1.2684836288835901,0.029130091324080842,0.029130091324080842,
4975,39627853687427098,0.7983455233498902,red,500,powerlaw500,51,6,1.2393535375595093,0.06329518556594849,1.1905566845891271,-0.048796852970382165,0.048796852970382165,
10522,39627859702057885,0.8750615798643713,blue,100,powerlaw100,11,6,-0.2937605679035187,0.6079481442769369,6.128390190047774e-92,0.2937605679035187,0.2937605679035187,
10522,39627859702057885,0.8750615798643713,blue,200,powerlaw200,21,6,-0.2937605679035187,0.6079481442769369,0.046100914610070515,0.33986148251358916,0.33986148251358916,
10522,39627859702057885,0.8750615798643713,blue,300,powerlaw300,31,6,-0.2937605679035187,0.6079481442769369,0.09644595905280695,0.39020652695632563,0.39020652695632563,
10522,39627859702057885,0.8750615798643713,blue,500,powerlaw500,51,6,-0.2937605679035187,0.6079481442769369,0.12241587441109288,0.41617644231461154,0.41617644231461154,
10522,39627859702057885,0.8750615798643713,red,100,powerlaw100,11,6,1.1489092111587524,0.06709407269954681,1.0575293740791372,-0.09137983707961528,0.09137983707961528,
10522,39627859702057885,0.8750615798643713,red,200,powerlaw200,21,6,1.1489092111587524,0.06709407269954681,1.0962702039943484,-0.05263900716440406,0.05263900716440406,
10522,39627859702057885,0.8750615798643713,red,300,powerlaw300,31,6,1.1489092111587524,0.06709407269954681,1.1593494429183417,0.010440231759589302,0.010440231759589302,
10522,39627859702057885,0.8750615798643713,red,500,powerlaw500,51,6,1.1489092111587524,0.06709407269954681,1.2075979238104246,0.05868871265167219,0.05868871265167219,
12889,39627787757161618,0.8156905484071798,blue,100,powerlaw100,11,6,0.9697168469429016,0.45345505078633624,1.214311864257622,0.24459501731472044,0.24459501731472044,
12889,39627787757161618,0.8156905484071798,blue,200,powerlaw200,21,6,0.9697168469429016,0.45345505078633624,1.0565476369587885,0.0868307900158869,0.0868307900158869,
12889,39627787757161618,0.8156905484071798,blue,300,powerlaw300,31,6,0.9697168469429016,0.45345505078633624,0.9206571790617434,-0.04905966788115823,0.04905966788115823,
12889,39627787757161618,0.8156905484071798,blue,500,powerlaw500,51,6,0.9697168469429016,0.45345505078633624,0.1989448669635567,-0.7707719799793449,0.7707719799793449,
12889,39627787757161618,0.8156905484071798,red,100,powerlaw100,11,6,1.2738012075424194,0.07211252053578694,1.5855359035805232,0.3117346960381038,0.3117346960381038,
12889,39627787757161618,0.8156905484071798,red,200,powerlaw200,21,6,1.2738012075424194,0.07211252053578694,1.5472677934590495,0.2734665859166301,0.2734665859166301,
12889,39627787757161618,0.8156905484071798,red,300,powerlaw300,31,6,1.2738012075424194,0.07211252053578694,1.3594365902183574,0.08563538267593795,0.08563538267593795,
12889,39627787757161618,0.8156905484071798,red,500,powerlaw500,51,6,1.2738012075424194,0.07211252053578694,1.1952712627381124,-0.07852994480430708,0.07852994480430708,
2410,39627847656018682,0.7259537310262374,blue,100,powerlaw100,11,6,0.6872220635414124,0.356522798538208,0.2353797568897209,-0.45184230665169145,0.45184230665169145,
2410,39627847656018682,0.7259537310262374,blue,200,powerlaw200,21,6,0.6872220635414124,0.356522798538208,0.3511817166350244,-0.33604034690638795,0.33604034690638795,
2410,39627847656018682,0.7259537310262374,blue,300,powerlaw300,31,6,0.6872220635414124,0.356522798538208,0.5156935717385259,-0.17152849180288643,0.17152849180288643,
2410,39627847656018682,0.7259537310262374,blue,500,powerlaw500,51,6,0.6872220635414124,0.356522798538208,0.5017074904077173,-0.18551457313369502,0.18551457313369502,
2410,39627847656018682,0.7259537310262374,red,100,powerlaw100,11,6,0.9544165134429932,0.039719924330711365,1.1530624013087285,0.19864588786573534,0.19864588786573534,
2410,39627847656018682,0.7259537310262374,red,200,powerlaw200,21,6,0.9544165134429932,0.039719924330711365,0.9540178640616243,-0.0003986493813689096,0.0003986493813689096,
2410,39627847656018682,0.7259537310262374,red,300,powerlaw300,31,6,0.9544165134429932,0.039719924330711365,0.9547982794605235,0.00038176601753037165,0.00038176601753037165,
2410,39627847656018682,0.7259537310262374,red,500,powerlaw500,51,6,0.9544165134429932,0.039719924330711365,0.982210678418137,0.027794164975143865,0.027794164975143865,
392,39627574967539289,0.7102297437287542,blue,100,powerlaw100,11,6,0.8132357597351074,2.201424757639567,0.09372571862126484,-0.7195100411138425,0.7195100411138425,
392,39627574967539289,0.7102297437287542,blue,200,powerlaw200,21,6,0.8132357597351074,2.201424757639567,0.11195544786638033,-0.7012803118687271,0.7012803118687271,
392,39627574967539289,0.7102297437287542,blue,300,powerlaw300,31,6,0.8132357597351074,2.201424757639567,0.4285441462177353,-0.38469161351737213,0.38469161351737213,
392,39627574967539289,0.7102297437287542,blue,500,powerlaw500,51,6,0.8132357597351074,2.201424757639567,1.138250783247763,0.32501502351265565,0.32501502351265565,
392,39627574967539289,0.7102297437287542,red,100,powerlaw100,11,6,0.9289501309394836,0.27843668063481647,0.7820387200740272,-0.14691141086545645,0.14691141086545645,
392,39627574967539289,0.7102297437287542,red,200,powerlaw200,21,6,0.9289501309394836,0.27843668063481647,0.9250974941431539,-0.0038526367963297448,0.0038526367963297448,
392,39627574967539289,0.7102297437287542,red,300,powerlaw300,31,6,0.9289501309394836,0.27843668063481647,0.8644476825575987,-0.0645024483818849,0.0645024483818849,
392,39627574967539289,0.7102297437287542,red,500,powerlaw500,51,6,0.9289501309394836,0.27843668063481647,0.8692017414872665,-0.059748389452217165,0.059748389452217165,
2007,39627841620414404,0.7984777618103563,blue,100,powerlaw100,11,6,2.0135204792022705,3.0394986470540366,2.1919397598459405,0.17841928064366996,0.17841928064366996,
2007,39627841620414404,0.7984777618103563,blue,200,powerlaw200,21,6,2.0135204792022705,3.0394986470540366,3.748730083477638,1.7352096042753673,1.7352096042753673,
2007,39627841620414404,0.7984777618103563,blue,300,powerlaw300,31,6,2.0135204792022705,3.0394986470540366,5.488024699785609,3.4745042205833387,3.4745042205833387,
2007,39627841620414404,0.7984777618103563,blue,500,powerlaw500,51,6,2.0135204792022705,3.0394986470540366,6.039222174730177,4.025701695527906,4.025701695527906,
2007,39627841620414404,0.7984777618103563,red,100,powerlaw100,11,6,-0.06075567007064819,0.45094160238901776,4.303552161294529,4.364307831365177,4.364307831365177,
2007,39627841620414404,0.7984777618103563,red,200,powerlaw200,21,6,-0.06075567007064819,0.45094160238901776,3.033445498104065,3.0942011681747132,3.0942011681747132,
2007,39627841620414404,0.7984777618103563,red,300,powerlaw300,31,6,-0.06075567007064819,0.45094160238901776,0.19262178474277883,0.253377454813427,0.253377454813427,
2007,39627841620414404,0.7984777618103563,red,500,powerlaw500,51,6,-0.06075567007064819,0.45094160238901776,0.5842304693790983,0.6449861394497465,0.6449861394497465,
2407,39627847656018731,0.8575860799832449,blue,100,powerlaw100,11,6,1.6769884824752808,0.4096735715866089,1.465248939880239,-0.21173954259504169,0.21173954259504169,
2407,39627847656018731,0.8575860799832449,blue,200,powerlaw200,21,6,1.6769884824752808,0.4096735715866089,1.0963726379270777,-0.580615844548203,0.580615844548203,
2407,39627847656018731,0.8575860799832449,blue,300,powerlaw300,31,6,1.6769884824752808,0.4096735715866089,1.1320580880629214,-0.5449303944123594,0.5449303944123594,
2407,39627847656018731,0.8575860799832449,blue,500,powerlaw500,51,6,1.6769884824752808,0.4096735715866089,1.0666014698422608,-0.61038701263302,0.61038701263302,
2407,39627847656018731,0.8575860799832449,red,100,powerlaw100,11,6,0.7854695320129395,0.043312142292658486,0.7727255660390773,-0.012743965973862181,0.012743965973862181,
2407,39627847656018731,0.8575860799832449,red,200,powerlaw200,21,6,0.7854695320129395,0.043312142292658486,0.7478028525445403,-0.03766667946839919,0.03766667946839919,
2407,39627847656018731,0.8575860799832449,red,300,powerlaw300,31,6,0.7854695320129395,0.043312142292658486,0.6995910194386498,-0.08587851257428969,0.08587851257428969,
2407,39627847656018731,0.8575860799832449,red,500,powerlaw500,51,6,0.7854695320129395,0.043312142292658486,0.8247331794170862,0.039263647404146784,0.039263647404146784,
7995,39627823496824786,0.7290467932538722,blue,100,powerlaw100,11,6,3.0116240978240967,1.2311646143595378,6.05514496730708,3.0435208694829834,3.0435208694829834,
7995,39627823496824786,0.7290467932538722,blue,200,powerlaw200,21,6,3.0116240978240967,1.2311646143595378,4.258802266835551,1.2471781690114545,1.2471781690114545,
7995,39627823496824786,0.7290467932538722,blue,300,powerlaw300,31,6,3.0116240978240967,1.2311646143595378,2.90652469209382,-0.10509940573027654,0.10509940573027654,
7995,39627823496824786,0.7290467932538722,blue,500,powerlaw500,51,6,3.0116240978240967,1.2311646143595378,2.627688147010949,-0.38393595081314746,0.38393595081314746,
7995,39627823496824786,0.7290467932538722,red,100,powerlaw100,11,6,0.5512215495109558,0.12494670351346333,0.30111700101572436,-0.25010454849523145,0.25010454849523145,
7995,39627823496824786,0.7290467932538722,red,200,powerlaw200,21,6,0.5512215495109558,0.12494670351346333,0.5550499185061847,0.00382836899522887,0.00382836899522887,
7995,39627823496824786,0.7290467932538722,red,300,powerlaw300,31,6,0.5512215495109558,0.12494670351346333,0.7092777183773858,0.15805616886643004,0.15805616886643004,
7995,39627823496824786,0.7290467932538722,red,500,powerlaw500,51,6,0.5512215495109558,0.12494670351346333,0.7313172609509567,0.18009571144000092,0.18009571144000092,
2918,39627817440253315,0.7848627059322232,blue,100,powerlaw100,11,6,2.436521053314209,1.7068710327148438,2.016822276842935,-0.41969877647127385,0.41969877647127385,
2918,39627817440253315,0.7848627059322232,blue,200,powerlaw200,21,6,2.436521053314209,1.7068710327148438,2.431085849759084,-0.005435203555125057,0.005435203555125057,
2918,39627817440253315,0.7848627059322232,blue,300,powerlaw300,31,6,2.436521053314209,1.7068710327148438,3.0940891203344414,0.6575680670202324,0.6575680670202324,
2918,39627817440253315,0.7848627059322232,blue,500,powerlaw500,51,6,2.436521053314209,1.7068710327148438,2.3915288630590816,-0.04499219025512735,0.04499219025512735,
2918,39627817440253315,0.7848627059322232,red,100,powerlaw100,11,6,0.3986953794956207,0.2649214466412862,1.6209577729865032,1.2222623934908825,1.2222623934908825,
2918,39627817440253315,0.7848627059322232,red,200,powerlaw200,21,6,0.3986953794956207,0.2649214466412862,0.9011993439182354,0.5025039644226147,0.5025039644226147,
2918,39627817440253315,0.7848627059322232,red,300,powerlaw300,31,6,0.3986953794956207,0.2649214466412862,0.8043649385902135,0.4056695590945928,0.4056695590945928,
2918,39627817440253315,0.7848627059322232,red,500,powerlaw500,51,6,0.3986953794956207,0.2649214466412862,0.6543553596983113,0.25565998020269054,0.25565998020269054,
6967,39627835551254103,0.8302450401977396,blue,100,powerlaw100,11,6,0.8107754588127136,1.4021695454915364,1.5959526651941143,0.7851772063814006,0.7851772063814006,
6967,39627835551254103,0.8302450401977396,blue,200,powerlaw200,21,6,0.8107754588127136,1.4021695454915364,2.1732043196753867,1.3624288608626731,1.3624288608626731,
6967,39627835551254103,0.8302450401977396,blue,300,powerlaw300,31,6,0.8107754588127136,1.4021695454915364,1.7342016259173068,0.9234261671045931,0.9234261671045931,
6967,39627835551254103,0.8302450401977396,blue,500,powerlaw500,51,6,0.8107754588127136,1.4021695454915364,1.405057592464164,0.5942821336514503,0.5942821336514503,
6967,39627835551254103,0.8302450401977396,red,100,powerlaw100,11,6,0.9725900292396545,0.20697778463363647,0.7348910999977746,-0.23769892924187996,0.23769892924187996,
6967,39627835551254103,0.8302450401977396,red,200,powerlaw200,21,6,0.9725900292396545,0.20697778463363647,0.6481714254500544,-0.3244186037896002,0.3244186037896002,
6967,39627835551254103,0.8302450401977396,red,300,powerlaw300,31,6,0.9725900292396545,0.20697778463363647,0.7911871732520509,-0.18140285598760364,0.18140285598760364,
6967,39627835551254103,0.8302450401977396,red,500,powerlaw500,51,6,0.9725900292396545,0.20697778463363647,0.7952645254620885,-0.17732550377756606,0.17732550377756606,
435,39627568986458454,0.841018216146867,blue,100,powerlaw100,11,6,2.3903324604034424,1.6774230003356934,2.846880844860555,0.45654838445711254,0.45654838445711254,
435,39627568986458454,0.841018216146867,blue,200,powerlaw200,21,6,2.3903324604034424,1.6774230003356934,3.3668741669459585,0.9765417065425162,0.9765417065425162,
435,39627568986458454,0.841018216146867,blue,300,powerlaw300,31,6,2.3903324604034424,1.6774230003356934,2.507144454461383,0.11681199405794063,0.11681199405794063,
435,39627568986458454,0.841018216146867,blue,500,powerlaw500,51,6,2.3903324604034424,1.6774230003356934,3.067167381972613,0.6768349215691707,0.6768349215691707,
435,39627568986458454,0.841018216146867,red,100,powerlaw100,11,6,1.0210988521575928,0.20989322662353516,0.8322421083397237,-0.1888567438178691,0.1888567438178691,
435,39627568986458454,0.841018216146867,red,200,powerlaw200,21,6,1.0210988521575928,0.20989322662353516,0.9196763726520633,-0.10142247950552952,0.10142247950552952,
435,39627568986458454,0.841018216146867,red,300,powerlaw300,31,6,1.0210988521575928,0.20989322662353516,0.8875407427497956,-0.13355810940779722,0.13355810940779722,
435,39627568986458454,0.841018216146867,red,500,powerlaw500,51,6,1.0210988521575928,0.20989322662353516,0.847089049319378,-0.17400980283821477,0.17400980283821477,
2645,39627811404648629,0.8581469834031085,blue,100,powerlaw100,11,6,1.7794456481933594,1.4316331545511882,0.8038384702976223,-0.975607177895737,0.975607177895737,
2645,39627811404648629,0.8581469834031085,blue,200,powerlaw200,21,6,1.7794456481933594,1.4316331545511882,0.7553751863112996,-1.0240704618820597,1.0240704618820597,
2645,39627811404648629,0.8581469834031085,blue,300,powerlaw300,31,6,1.7794456481933594,1.4316331545511882,1.985840217713588,0.20639456952022872,0.20639456952022872,
2645,39627811404648629,0.8581469834031085,blue,500,powerlaw500,51,6,1.7794456481933594,1.4316331545511882,2.3767061364957818,0.5972604883024224,0.5972604883024224,
2645,39627811404648629,0.8581469834031085,red,100,powerlaw100,11,6,-0.07850650697946548,0.24727771679560342,0.3795872553847017,0.4580937623641672,0.4580937623641672,
2645,39627811404648629,0.8581469834031085,red,200,powerlaw200,21,6,-0.07850650697946548,0.24727771679560342,0.39145699004750817,0.46996349702697365,0.46996349702697365,
2645,39627811404648629,0.8581469834031085,red,300,powerlaw300,31,6,-0.07850650697946548,0.24727771679560342,0.3994856326366015,0.47799213961606696,0.47799213961606696,
2645,39627811404648629,0.8581469834031085,red,500,powerlaw500,51,6,-0.07850650697946548,0.24727771679560342,0.6282012014776656,0.706707708457131,0.706707708457131,
11645,39627781721556429,0.6704920818162825,blue,100,powerlaw100,11,6,0.4671325385570526,1.0233739217122395,2.010303494517596e-05,-0.46711243552210746,0.46711243552210746,
11645,39627781721556429,0.6704920818162825,blue,200,powerlaw200,21,6,0.4671325385570526,1.0233739217122395,2.27457380159889e-08,-0.4671325158113146,0.4671325158113146,
11645,39627781721556429,0.6704920818162825,blue,300,powerlaw300,31,6,0.4671325385570526,1.0233739217122395,0.03676566957369642,-0.4303668689833562,0.4303668689833562,
11645,39627781721556429,0.6704920818162825,blue,500,powerlaw500,51,6,0.4671325385570526,1.0233739217122395,0.16703626227717014,-0.30009627627988245,0.30009627627988245,
11645,39627781721556429,0.6704920818162825,red,100,powerlaw100,11,6,1.4804472923278809,0.10174956917762756,1.6005502522419857,0.1201029599141048,0.1201029599141048,
11645,39627781721556429,0.6704920818162825,red,200,powerlaw200,21,6,1.4804472923278809,0.10174956917762756,1.400176004609202,-0.08027128771867886,0.08027128771867886,
11645,39627781721556429,0.6704920818162825,red,300,powerlaw300,31,6,1.4804472923278809,0.10174956917762756,1.2472405613755655,-0.23320673095231537,0.23320673095231537,
11645,39627781721556429,0.6704920818162825,red,500,powerlaw500,51,6,1.4804472923278809,0.10174956917762756,1.3403055324219784,-0.1401417599059025,0.1401417599059025,
1533,39627847660213350,0.8993677525012757,blue,100,powerlaw100,11,6,0.08953893929719925,0.47475457191467285,0.5293884649647489,0.43984952566754965,0.43984952566754965,
1533,39627847660213350,0.8993677525012757,blue,200,powerlaw200,21,6,0.08953893929719925,0.47475457191467285,0.378189385629401,0.28865044633220177,0.28865044633220177,
1533,39627847660213350,0.8993677525012757,blue,300,powerlaw300,31,6,0.08953893929719925,0.47475457191467285,0.5219852391489693,0.4324462998517701,0.4324462998517701,
1533,39627847660213350,0.8993677525012757,blue,500,powerlaw500,51,6,0.08953893929719925,0.47475457191467285,0.6133785010303193,0.5238395617331201,0.5238395617331201,
1533,39627847660213350,0.8993677525012757,red,100,powerlaw100,11,6,1.0702546834945679,0.05783195296923319,1.181212541351815,0.11095785785724721,0.11095785785724721,
1533,39627847660213350,0.8993677525012757,red,200,powerlaw200,21,6,1.0702546834945679,0.05783195296923319,1.0519739017101994,-0.018280781784368427,0.018280781784368427,
1533,39627847660213350,0.8993677525012757,red,300,powerlaw300,31,6,1.0702546834945679,0.05783195296923319,1.1080050881714796,0.03775040467691171,0.03775040467691171,
1533,39627847660213350,0.8993677525012757,red,500,powerlaw500,51,6,1.0702546834945679,0.05783195296923319,1.0373196896633703,-0.03293499383119758,0.03293499383119758,
8648,39627847643431334,0.6666866089513617,blue,100,powerlaw100,11,6,0.8305196166038513,0.3897691567738851,1.449377055952435,0.6188574393485837,0.6188574393485837,
8648,39627847643431334,0.6666866089513617,blue,200,powerlaw200,21,6,0.8305196166038513,0.3897691567738851,0.5279963120499738,-0.30252330455387755,0.30252330455387755,
8648,39627847643431334,0.6666866089513617,blue,300,powerlaw300,31,6,0.8305196166038513,0.3897691567738851,0.4640735710136607,-0.3664460455901906,0.3664460455901906,
8648,39627847643431334,0.6666866089513617,blue,500,powerlaw500,51,6,0.8305196166038513,0.3897691567738851,0.21399287379315976,-0.6165267428106915,0.6165267428106915,
8648,39627847643431334,0.6666866089513617,red,100,powerlaw100,11,6,1.0882974863052368,0.03234022110700607,1.086035544972877,-0.002261941332359907,0.002261941332359907,
8648,39627847643431334,0.6666866089513617,red,200,powerlaw200,21,6,1.0882974863052368,0.03234022110700607,1.1061106692407197,0.01781318293548284,0.01781318293548284,
8648,39627847643431334,0.6666866089513617,red,300,powerlaw300,31,6,1.0882974863052368,0.03234022110700607,1.1454585834463216,0.05716109714108475,0.05716109714108475,
8648,39627847643431334,0.6666866089513617,red,500,powerlaw500,51,6,1.0882974863052368,0.03234022110700607,1.1437402055418227,0.055442719236585836,0.055442719236585836,
6062,39627835538674065,0.8958419045159042,blue,100,powerlaw100,11,6,3.9488027095794678,2.354007879892985,3.55507713148767,-0.39372557809179787,0.39372557809179787,
6062,39627835538674065,0.8958419045159042,blue,200,powerlaw200,21,6,3.9488027095794678,2.354007879892985,4.490957280770075,0.5421545711906068,0.5421545711906068,
6062,39627835538674065,0.8958419045159042,blue,300,powerlaw300,31,6,3.9488027095794678,2.354007879892985,2.372181430158479,-1.5766212794209888,1.5766212794209888,
6062,39627835538674065,0.8958419045159042,blue,500,powerlaw500,51,6,3.9488027095794678,2.354007879892985,2.8835724665030362,-1.0652302430764315,1.0652302430764315,
6062,39627835538674065,0.8958419045159042,red,100,powerlaw100,11,6,0.13871809840202332,0.22684701283772787,1.6117206066755922,1.473002508273569,1.473002508273569,
6062,39627835538674065,0.8958419045159042,red,200,powerlaw200,21,6,0.13871809840202332,0.22684701283772787,0.9002428922699902,0.7615247938679669,0.7615247938679669,
6062,39627835538674065,0.8958419045159042,red,300,powerlaw300,31,6,0.13871809840202332,0.22684701283772787,0.7724889028530271,0.6337708044510038,0.6337708044510038,
6062,39627835538674065,0.8958419045159042,red,500,powerlaw500,51,6,0.13871809840202332,0.22684701283772787,0.6791431643323528,0.5404250659303295,0.5404250659303295,
7321,39627829536623748,0.8438940763373044,blue,100,powerlaw100,11,6,-0.08590424060821533,0.28637558221817017,7.603639527954525e-10,0.08590424136857928,0.08590424136857928,
7321,39627829536623748,0.8438940763373044,blue,200,powerlaw200,21,6,-0.08590424060821533,0.28637558221817017,3.729628299028027e-05,0.08594153689120561,0.08594153689120561,
7321,39627829536623748,0.8438940763373044,blue,300,powerlaw300,31,6,-0.08590424060821533,0.28637558221817017,0.001159264469332018,0.08706350507754736,0.08706350507754736,
7321,39627829536623748,0.8438940763373044,blue,500,powerlaw500,51,6,-0.08590424060821533,0.28637558221817017,0.002588321250718572,0.08849256185893391,0.08849256185893391,
7321,39627829536623748,0.8438940763373044,red,100,powerlaw100,11,6,1.3552900552749634,0.05346911152203878,1.473600773925101,0.11831071865013754,0.11831071865013754,
7321,39627829536623748,0.8438940763373044,red,200,powerlaw200,21,6,1.3552900552749634,0.05346911152203878,1.2936147897368129,-0.0616752655381505,0.0616752655381505,
7321,39627829536623748,0.8438940763373044,red,300,powerlaw300,31,6,1.3552900552749634,0.05346911152203878,1.2414863655520405,-0.11380368972292287,0.11380368972292287,
7321,39627829536623748,0.8438940763373044,red,500,powerlaw500,51,6,1.3552900552749634,0.05346911152203878,1.2021468630042047,-0.15314319227075868,0.15314319227075868,
5141,39627847651820700,0.879598439748917,blue,100,powerlaw100,11,6,-0.42628470063209534,0.3207484881083171,3.4767241822549576e-09,0.4262847041088195,0.4262847041088195,
5141,39627847651820700,0.879598439748917,blue,200,powerlaw200,21,6,-0.42628470063209534,0.3207484881083171,2.291869592139228e-22,0.42628470063209534,0.42628470063209534,
5141,39627847651820700,0.879598439748917,blue,300,powerlaw300,31,6,-0.42628470063209534,0.3207484881083171,0.024482728844834604,0.45076742947692994,0.45076742947692994,
5141,39627847651820700,0.879598439748917,blue,500,powerlaw500,51,6,-0.42628470063209534,0.3207484881083171,0.03179743868961051,0.45808213932170583,0.45808213932170583,
5141,39627847651820700,0.879598439748917,red,100,powerlaw100,11,6,1.3559175729751587,0.08866676688194275,1.278689252825519,-0.07722832014963976,0.07722832014963976,
5141,39627847651820700,0.879598439748917,red,200,powerlaw200,21,6,1.3559175729751587,0.08866676688194275,1.1459932474260695,-0.20992432554908924,0.20992432554908924,
5141,39627847651820700,0.879598439748917,red,300,powerlaw300,31,6,1.3559175729751587,0.08866676688194275,1.193565720572141,-0.16235185240301764,0.16235185240301764,
5141,39627847651820700,0.879598439748917,red,500,powerlaw500,51,6,1.3559175729751587,0.08866676688194275,1.2103536615441823,-0.14556391143097636,0.14556391143097636,
10301,39627847626656046,0.8745550320838793,blue,100,powerlaw100,11,6,-0.09722218662500381,0.31116050481796265,0.16182013727011027,0.25904232389511406,0.25904232389511406,
10301,39627847626656046,0.8745550320838793,blue,200,powerlaw200,21,6,-0.09722218662500381,0.31116050481796265,0.3195748576218617,0.41679704424686553,0.41679704424686553,
10301,39627847626656046,0.8745550320838793,blue,300,powerlaw300,31,6,-0.09722218662500381,0.31116050481796265,0.26380176136657935,0.36102394799158316,0.36102394799158316,
10301,39627847626656046,0.8745550320838793,blue,500,powerlaw500,51,6,-0.09722218662500381,0.31116050481796265,0.2587706781668356,0.3559928647918394,0.3559928647918394,
10301,39627847626656046,0.8745550320838793,red,100,powerlaw100,11,6,1.1816787719726562,0.05089423060417175,1.0850467041769025,-0.09663206779575373,0.09663206779575373,
10301,39627847626656046,0.8745550320838793,red,200,powerlaw200,21,6,1.1816787719726562,0.05089423060417175,1.2211791648405443,0.03950039286788809,0.03950039286788809,
10301,39627847626656046,0.8745550320838793,red,300,powerlaw300,31,6,1.1816787719726562,0.05089423060417175,1.2157809042370358,0.034102132264379525,0.034102132264379525,
10301,39627847626656046,0.8745550320838793,red,500,powerlaw500,51,6,1.1816787719726562,0.05089423060417175,1.3173660143690196,0.13568724239636332,0.13568724239636332,
9710,39627841595248014,0.6768254807472949,blue,100,powerlaw100,11,6,0.06568312644958496,0.5984053611755371,9.467771528152315e+48,9.467771528152315e+48,9.467771528152315e+48,
9710,39627841595248014,0.6768254807472949,blue,200,powerlaw200,21,6,0.06568312644958496,0.5984053611755371,3.496775241473617e-08,-0.06568309148183255,0.06568309148183255,
9710,39627841595248014,0.6768254807472949,blue,300,powerlaw300,31,6,0.06568312644958496,0.5984053611755371,1.235807030484183e-09,-0.06568312521377793,0.06568312521377793,
9710,39627841595248014,0.6768254807472949,blue,500,powerlaw500,51,6,0.06568312644958496,0.5984053611755371,0.00876406957490448,-0.05691905687468048,0.05691905687468048,
9710,39627841595248014,0.6768254807472949,red,100,powerlaw100,11,6,1.1759613752365112,0.08160142103830974,1.1338508125264775,-0.04211056271003377,0.04211056271003377,
9710,39627841595248014,0.6768254807472949,red,200,powerlaw200,21,6,1.1759613752365112,0.08160142103830974,1.15621679145784,-0.019744583778671165,0.019744583778671165,
9710,39627841595248014,0.6768254807472949,red,300,powerlaw300,31,6,1.1759613752365112,0.08160142103830974,1.1874233885101058,0.011462013273594529,0.011462013273594529,
9710,39627841595248014,0.6768254807472949,red,500,powerlaw500,51,6,1.1759613752365112,0.08160142103830974,1.1097735495538934,-0.06618782568261783,0.06618782568261783,
6117,39627829498871870,0.7511977026488003,blue,100,powerlaw100,11,6,0.33292630314826965,0.28473536173502606,1.4373233623044053e-09,-0.3329263017109463,0.3329263017109463,
6117,39627829498871870,0.7511977026488003,blue,200,powerlaw200,21,6,0.33292630314826965,0.28473536173502606,1.4593333329375408e-09,-0.33292630168893633,0.33292630168893633,
6117,39627829498871870,0.7511977026488003,blue,300,powerlaw300,31,6,0.33292630314826965,0.28473536173502606,5.05472223674754e-10,-0.33292630264279743,0.33292630264279743,
6117,39627829498871870,0.7511977026488003,blue,500,powerlaw500,51,6,0.33292630314826965,0.28473536173502606,2.3736615035410782e-09,-0.33292630077460816,0.33292630077460816,
6117,39627829498871870,0.7511977026488003,red,100,powerlaw100,11,6,1.2604851722717285,0.02998136729001999,1.1864449900891014,-0.07404018218262709,0.07404018218262709,
6117,39627829498871870,0.7511977026488003,red,200,powerlaw200,21,6,1.2604851722717285,0.02998136729001999,1.1604671921953462,-0.1000179800763823,0.1000179800763823,
6117,39627829498871870,0.7511977026488003,red,300,powerlaw300,31,6,1.2604851722717285,0.02998136729001999,1.2520065360741885,-0.008478636197539968,0.008478636197539968,
6117,39627829498871870,0.7511977026488003,red,500,powerlaw500,51,6,1.2604851722717285,0.02998136729001999,1.2844036344735656,0.023918462201837132,0.023918462201837132,
5880,39627829498876275,0.6176700419872422,blue,100,powerlaw100,11,7,0.24793003499507904,0.19961888449532644,0.0011573899517370871,-0.24677264504334195,0.24677264504334195,
5880,39627829498876275,0.6176700419872422,blue,200,powerlaw200,21,7,0.24793003499507904,0.19961888449532644,0.09847134555350101,-0.14945868944157803,0.14945868944157803,
5880,39627829498876275,0.6176700419872422,blue,300,powerlaw300,31,7,0.24793003499507904,0.19961888449532644,0.1729681206112144,-0.07496191438386465,0.07496191438386465,
5880,39627829498876275,0.6176700419872422,blue,500,powerlaw500,51,7,0.24793003499507904,0.19961888449532644,0.19196259374835525,-0.05596744124672379,0.05596744124672379,
5880,39627829498876275,0.6176700419872422,red,100,powerlaw100,11,7,1.226911187171936,0.0464077889919281,1.2699809074445305,0.04306972027259448,0.04306972027259448,
5880,39627829498876275,0.6176700419872422,red,200,powerlaw200,21,7,1.226911187171936,0.0464077889919281,1.2235160177044229,-0.0033951694675131705,0.0033951694675131705,
5880,39627829498876275,0.6176700419872422,red,300,powerlaw300,31,7,1.226911187171936,0.0464077889919281,1.21534152125885,-0.011569665913085947,0.011569665913085947,
5880,39627829498876275,0.6176700419872422,red,500,powerlaw500,51,7,1.226911187171936,0.0464077889919281,1.258250511685217,0.03133932451328092,0.03133932451328092,
11652,39627781721559241,0.8234961808297308,blue,100,powerlaw100,11,6,3.3213155269622803,0.9867096741994222,2.830729253018791,-0.4905862739434892,0.4905862739434892,
11652,39627781721559241,0.8234961808297308,blue,200,powerlaw200,21,6,3.3213155269622803,0.9867096741994222,2.4221055799592723,-0.8992099470030079,0.8992099470030079,
11652,39627781721559241,0.8234961808297308,blue,300,powerlaw300,31,6,3.3213155269622803,0.9867096741994222,2.640428618637139,-0.6808869083251414,0.6808869083251414,
11652,39627781721559241,0.8234961808297308,blue,500,powerlaw500,51,6,3.3213155269622803,0.9867096741994222,1.7439856888098741,-1.5773298381524061,1.5773298381524061,
11652,39627781721559241,0.8234961808297308,red,100,powerlaw100,11,6,0.6633930802345276,0.14760936299959818,0.7914804281759852,0.1280873479414576,0.1280873479414576,
11652,39627781721559241,0.8234961808297308,red,200,powerlaw200,21,6,0.6633930802345276,0.14760936299959818,0.7943481067892934,0.13095502655476576,0.13095502655476576,
11652,39627781721559241,0.8234961808297308,red,300,powerlaw300,31,6,0.6633930802345276,0.14760936299959818,0.8697533603106767,0.20636028007614915,0.20636028007614915,
11652,39627781721559241,0.8234961808297308,red,500,powerlaw500,51,6,0.6633930802345276,0.14760936299959818,0.8235445217197404,0.16015144148521276,0.16015144148521276,
6690,39627823471659299,0.7298313831034561,blue,100,powerlaw100,11,6,3.8012142181396484,0.9535287221272787,3.8092919275994603,0.0080777094598119,0.0080777094598119,
6690,39627823471659299,0.7298313831034561,blue,200,powerlaw200,21,6,3.8012142181396484,0.9535287221272787,3.973424537550407,0.17221031941075848,0.17221031941075848,
6690,39627823471659299,0.7298313831034561,blue,300,powerlaw300,31,6,3.8012142181396484,0.9535287221272787,4.348667330012793,0.5474531118731445,0.5474531118731445,
6690,39627823471659299,0.7298313831034561,blue,500,powerlaw500,51,6,3.8012142181396484,0.9535287221272787,4.212740003057694,0.41152578491804537,0.41152578491804537,
6690,39627823471659299,0.7298313831034561,red,100,powerlaw100,11,6,0.8930756449699402,0.09904500842094421,1.2788370934385915,0.38576144846865135,0.38576144846865135,
6690,39627823471659299,0.7298313831034561,red,200,powerlaw200,21,6,0.8930756449699402,0.09904500842094421,1.0654444274838883,0.17236878251394816,0.17236878251394816,
6690,39627823471659299,0.7298313831034561,red,300,powerlaw300,31,6,0.8930756449699402,0.09904500842094421,0.949007858213989,0.055932213244048845,0.055932213244048845,
6690,39627823471659299,0.7298313831034561,red,500,powerlaw500,51,6,0.8930756449699402,0.09904500842094421,0.869215197734729,-0.02386044723521119,0.02386044723521119,
1365,39627847660210992,0.8760565601362776,blue,100,powerlaw100,11,6,4.646568775177002,1.4850362141927083,3.561549510566307,-1.085019264610695,1.085019264610695,
1365,39627847660210992,0.8760565601362776,blue,200,powerlaw200,21,6,4.646568775177002,1.4850362141927083,4.7939030320321505,0.14733425685514856,0.14733425685514856,
1365,39627847660210992,0.8760565601362776,blue,300,powerlaw300,31,6,4.646568775177002,1.4850362141927083,4.774408653205478,0.1278398780284764,0.1278398780284764,
1365,39627847660210992,0.8760565601362776,blue,500,powerlaw500,51,6,4.646568775177002,1.4850362141927083,4.449844196257904,-0.19672457891909811,0.19672457891909811,
1365,39627847660210992,0.8760565601362776,red,100,powerlaw100,11,6,0.43352997303009033,0.2520136833190918,0.06566779097978871,-0.36786218205030163,0.36786218205030163,
1365,39627847660210992,0.8760565601362776,red,200,powerlaw200,21,6,0.43352997303009033,0.2520136833190918,0.25161419039775973,-0.1819157826323306,0.1819157826323306,
1365,39627847660210992,0.8760565601362776,red,300,powerlaw300,31,6,0.43352997303009033,0.2520136833190918,0.5359519754402392,0.10242200241014887,0.10242200241014887,
1365,39627847660210992,0.8760565601362776,red,500,powerlaw500,51,6,0.43352997303009033,0.2520136833190918,0.6441946465719662,0.2106646735418759,0.2106646735418759,
12070,39627787765549590,0.7056575834229982,blue,100,powerlaw100,11,6,0.43459537625312805,3.227161725362142,0.0001470091000747275,-0.43444836715305335,0.43444836715305335,
12070,39627787765549590,0.7056575834229982,blue,200,powerlaw200,21,6,0.43459537625312805,3.227161725362142,1.3382861282377057,0.9036907519845776,0.9036907519845776,
12070,39627787765549590,0.7056575834229982,blue,300,powerlaw300,31,6,0.43459537625312805,3.227161725362142,0.29772804588573526,-0.1368673303673928,0.1368673303673928,
12070,39627787765549590,0.7056575834229982,blue,500,powerlaw500,51,6,0.43459537625312805,3.227161725362142,1.0331007066247366,0.5985053303716086,0.5985053303716086,
12070,39627787765549590,0.7056575834229982,red,100,powerlaw100,11,6,1.843441367149353,0.3611496686935425,2.2707017039215764,0.4272603367722234,0.4272603367722234,
12070,39627787765549590,0.7056575834229982,red,200,powerlaw200,21,6,1.843441367149353,0.3611496686935425,2.870322688833284,1.026881321683931,1.026881321683931,
12070,39627787765549590,0.7056575834229982,red,300,powerlaw300,31,6,1.843441367149353,0.3611496686935425,0.5545951974262728,-1.2888461697230802,1.2888461697230802,
12070,39627787765549590,0.7056575834229982,red,500,powerlaw500,51,6,1.843441367149353,0.3611496686935425,0.5385566095934587,-1.3048847575558944,1.3048847575558944,
1303,39627847656018117,0.8199668765695958,blue,100,powerlaw100,11,6,5.45948600769043,1.8317658106486003,3.739863106516495,-1.7196229011739348,1.7196229011739348,
1303,39627847656018117,0.8199668765695958,blue,200,powerlaw200,21,6,5.45948600769043,1.8317658106486003,2.825454288850033,-2.6340317188403968,2.6340317188403968,
1303,39627847656018117,0.8199668765695958,blue,300,powerlaw300,31,6,5.45948600769043,1.8317658106486003,3.862196810024693,-1.5972891976657366,1.5972891976657366,
1303,39627847656018117,0.8199668765695958,blue,500,powerlaw500,51,6,5.45948600769043,1.8317658106486003,0.9747553341694974,-4.484730673520932,4.484730673520932,
1303,39627847656018117,0.8199668765695958,red,100,powerlaw100,11,6,0.893143355846405,0.25440003474553424,1.105011224508,0.2118678686615949,0.2118678686615949,
1303,39627847656018117,0.8199668765695958,red,200,powerlaw200,21,6,0.893143355846405,0.25440003474553424,0.9206900424872552,0.027546686640850138,0.027546686640850138,
1303,39627847656018117,0.8199668765695958,red,300,powerlaw300,31,6,0.893143355846405,0.25440003474553424,0.726952876826684,-0.16619047901972106,0.16619047901972106,
1303,39627847656018117,0.8199668765695958,red,500,powerlaw500,51,6,0.893143355846405,0.25440003474553424,0.5938145220201164,-0.2993288338262886,0.2993288338262886,
12926,39627787761354079,0.6923397802733819,blue,100,powerlaw100,11,6,-0.08463457226753235,0.2927256027857463,1.0578001126501083e-09,0.08463457332533246,0.08463457332533246,
12926,39627787761354079,0.6923397802733819,blue,200,powerlaw200,21,6,-0.08463457226753235,0.2927256027857463,1.3958679135503627e-08,0.08463458622621148,0.08463458622621148,
12926,39627787761354079,0.6923397802733819,blue,300,powerlaw300,31,6,-0.08463457226753235,0.2927256027857463,0.00016332242709417362,0.08479789469462652,0.08479789469462652,
12926,39627787761354079,0.6923397802733819,blue,500,powerlaw500,51,6,-0.08463457226753235,0.2927256027857463,1.2330444951470886e-12,0.08463457226876539,0.08463457226876539,
12926,39627787761354079,0.6923397802733819,red,100,powerlaw100,11,6,1.1837822198867798,0.0426705926656723,1.2561497411206386,0.07236752123385881,0.07236752123385881,
12926,39627787761354079,0.6923397802733819,red,200,powerlaw200,21,6,1.1837822198867798,0.0426705926656723,1.2301546638558445,0.0463724439690647,0.0463724439690647,
12926,39627787761354079,0.6923397802733819,red,300,powerlaw300,31,6,1.1837822198867798,0.0426705926656723,1.2261821127447798,0.042399892858000054,0.042399892858000054,
12926,39627787761354079,0.6923397802733819,red,500,powerlaw500,51,6,1.1837822198867798,0.0426705926656723,1.1895743819113211,0.0057921620245413585,0.0057921620245413585,
12750,39627793801153076,0.6898674016142236,blue,100,powerlaw100,11,6,0.7121785283088684,7.784508387247722,3.956918849860662e-09,-0.7121785243519495,0.7121785243519495,
12750,39627793801153076,0.6898674016142236,blue,200,powerlaw200,21,6,0.7121785283088684,7.784508387247722,0.031094237526946997,-0.6810842907819215,0.6810842907819215,
12750,39627793801153076,0.6898674016142236,blue,300,powerlaw300,31,6,0.7121785283088684,7.784508387247722,0.790682526994669,0.0785039986858006,0.0785039986858006,
12750,39627793801153076,0.6898674016142236,blue,500,powerlaw500,51,6,0.7121785283088684,7.784508387247722,2.6579855521681934,1.945807023859325,1.945807023859325,
12750,39627793801153076,0.6898674016142236,red,100,powerlaw100,11,6,-1.5313438177108765,0.9808590412139893,2.1601466535361603e-09,1.5313438198710232,1.5313438198710232,
12750,39627793801153076,0.6898674016142236,red,200,powerlaw200,21,6,-1.5313438177108765,0.9808590412139893,1.860910516500875e-09,1.531343819571787,1.531343819571787,
12750,39627793801153076,0.6898674016142236,red,300,powerlaw300,31,6,-1.5313438177108765,0.9808590412139893,5.707709835752668e-07,1.53134438848186,1.53134438848186,
12750,39627793801153076,0.6898674016142236,red,500,powerlaw500,51,6,-1.5313438177108765,0.9808590412139893,0.2718891131503281,1.8032329308612045,1.8032329308612045,
3053,39627811392061733,0.6712688338591942,blue,100,powerlaw100,11,6,0.34183502197265625,0.28556394577026367,0.47151623417177674,0.1296812121991205,0.1296812121991205,
3053,39627811392061733,0.6712688338591942,blue,200,powerlaw200,21,6,0.34183502197265625,0.28556394577026367,0.1424273550109988,-0.19940766696165746,0.19940766696165746,
3053,39627811392061733,0.6712688338591942,blue,300,powerlaw300,31,6,0.34183502197265625,0.28556394577026367,0.23810209824415304,-0.1037329237285032,0.1037329237285032,
3053,39627811392061733,0.6712688338591942,blue,500,powerlaw500,51,6,0.34183502197265625,0.28556394577026367,0.31385871382234326,-0.02797630815031299,0.02797630815031299,
3053,39627811392061733,0.6712688338591942,red,100,powerlaw100,11,6,1.1781004667282104,0.0408030574520429,1.0884116900092418,-0.08968877671896869,0.08968877671896869,
3053,39627811392061733,0.6712688338591942,red,200,powerlaw200,21,6,1.1781004667282104,0.0408030574520429,1.1608779879763373,-0.017222478751873105,0.017222478751873105,
3053,39627811392061733,0.6712688338591942,red,300,powerlaw300,31,6,1.1781004667282104,0.0408030574520429,1.1762937466195977,-0.0018067201086127138,0.0018067201086127138,
3053,39627811392061733,0.6712688338591942,red,500,powerlaw500,51,6,1.1781004667282104,0.0408030574520429,1.146774763225039,-0.03132570350317154,0.03132570350317154,
6273,39627823471657163,0.6762210513290233,blue,100,powerlaw100,11,6,-0.3429694175720215,0.4505644639333089,3.1898385657660573e-09,0.34296942076186004,0.34296942076186004,
6273,39627823471657163,0.6762210513290233,blue,200,powerlaw200,21,6,-0.3429694175720215,0.4505644639333089,6.9730025672940435e-09,0.34296942454502405,0.34296942454502405,
6273,39627823471657163,0.6762210513290233,blue,300,powerlaw300,31,6,-0.3429694175720215,0.4505644639333089,4.699683476880061e-09,0.34296942227170496,0.34296942227170496,
6273,39627823471657163,0.6762210513290233,blue,500,powerlaw500,51,6,-0.3429694175720215,0.4505644639333089,0.01981649599620836,0.36278591356822987,0.36278591356822987,
6273,39627823471657163,0.6762210513290233,red,100,powerlaw100,11,6,1.1490695476531982,0.04077044874429703,1.2480398145423328,0.09897026688913457,0.09897026688913457,
6273,39627823471657163,0.6762210513290233,red,200,powerlaw200,21,6,1.1490695476531982,0.04077044874429703,1.3266164664781595,0.1775469188249612,0.1775469188249612,
6273,39627823471657163,0.6762210513290233,red,300,powerlaw300,31,6,1.1490695476531982,0.04077044874429703,1.235831469788329,0.08676192213513079,0.08676192213513079,
6273,39627823471657163,0.6762210513290233,red,500,powerlaw500,51,6,1.1490695476531982,0.04077044874429703,1.2264150463546846,0.07734549870148633,0.07734549870148633,
7936,39627823488434987,0.6816057635438638,blue,100,powerlaw100,11,6,3.151898145675659,0.955162763595581,2.694042592892757,-0.457855552782902,0.457855552782902,
7936,39627823488434987,0.6816057635438638,blue,200,powerlaw200,21,6,3.151898145675659,0.955162763595581,1.9576026683459948,-1.1942954773296643,1.1942954773296643,
7936,39627823488434987,0.6816057635438638,blue,300,powerlaw300,31,6,3.151898145675659,0.955162763595581,2.5127497102113248,-0.6391484354643344,0.6391484354643344,
7936,39627823488434987,0.6816057635438638,blue,500,powerlaw500,51,6,3.151898145675659,0.955162763595581,2.6688854620615445,-0.48301268361411465,0.48301268361411465,
7936,39627823488434987,0.6816057635438638,red,100,powerlaw100,11,6,0.5131437182426453,0.09199671943982442,0.82955158251092,0.3164078642682747,0.3164078642682747,
7936,39627823488434987,0.6816057635438638,red,200,powerlaw200,21,6,0.5131437182426453,0.09199671943982442,0.7421975067595842,0.22905378851693892,0.22905378851693892,
7936,39627823488434987,0.6816057635438638,red,300,powerlaw300,31,6,0.5131437182426453,0.09199671943982442,0.7584743074789215,0.24533058923627626,0.24533058923627626,
7936,39627823488434987,0.6816057635438638,red,500,powerlaw500,51,6,0.5131437182426453,0.09199671943982442,0.7750891336277433,0.2619454153850981,0.2619454153850981,
3362,39627811392062310,0.7859042597820358,blue,100,powerlaw100,11,6,0.46138450503349304,0.6937108834584554,4.958276142713579,4.496891637680086,4.496891637680086,
3362,39627811392062310,0.7859042597820358,blue,200,powerlaw200,21,6,0.46138450503349304,0.6937108834584554,5.180333468790443,4.71894896375695,4.71894896375695,
3362,39627811392062310,0.7859042597820358,blue,300,powerlaw300,31,6,0.46138450503349304,0.6937108834584554,5.158011090634894,4.696626585601401,4.696626585601401,
3362,39627811392062310,0.7859042597820358,blue,500,powerlaw500,51,6,0.46138450503349304,0.6937108834584554,5.064697933430519,4.603313428397026,4.603313428397026,
3362,39627811392062310,0.7859042597820358,red,100,powerlaw100,11,6,1.0017976760864258,0.05005837480227152,1.1565811132696284,0.15478343718320264,0.15478343718320264,
3362,39627811392062310,0.7859042597820358,red,200,powerlaw200,21,6,1.0017976760864258,0.05005837480227152,1.1121419526385374,0.11034427655211165,0.11034427655211165,
3362,39627811392062310,0.7859042597820358,red,300,powerlaw300,31,6,1.0017976760864258,0.05005837480227152,1.0351476742989494,0.0333499982125236,0.0333499982125236,
3362,39627811392062310,0.7859042597820358,red,500,powerlaw500,51,6,1.0017976760864258,0.05005837480227152,0.9314888001850234,-0.07030887590140233,0.07030887590140233,
505,39627568990652583,0.8043804624625088,blue,100,powerlaw100,11,6,0.10310781002044678,0.5301256974538168,1.8448181789209748,1.741710368900528,1.741710368900528,
505,39627568990652583,0.8043804624625088,blue,200,powerlaw200,21,6,0.10310781002044678,0.5301256974538168,1.102302220957408,0.9991944109369613,0.9991944109369613,
505,39627568990652583,0.8043804624625088,blue,300,powerlaw300,31,6,0.10310781002044678,0.5301256974538168,1.1802371259743982,1.0771293159539514,1.0771293159539514,
505,39627568990652583,0.8043804624625088,blue,500,powerlaw500,51,6,0.10310781002044678,0.5301256974538168,0.1946657132190405,0.09155790319859372,0.09155790319859372,
505,39627568990652583,0.8043804624625088,red,100,powerlaw100,11,6,1.3518308401107788,0.06706741452217102,1.5976226495187291,0.2457918094079503,0.2457918094079503,
505,39627568990652583,0.8043804624625088,red,200,powerlaw200,21,6,1.3518308401107788,0.06706741452217102,1.517271046556701,0.16544020644592217,0.16544020644592217,
505,39627568990652583,0.8043804624625088,red,300,powerlaw300,31,6,1.3518308401107788,0.06706741452217102,1.432874239598159,0.08104339948738026,0.08104339948738026,
505,39627568990652583,0.8043804624625088,red,500,powerlaw500,51,6,1.3518308401107788,0.06706741452217102,1.331078564494028,-0.02075227561675086,0.02075227561675086,
11312,39627853662261123,0.847789026514961,blue,100,powerlaw100,11,6,0.22064407169818878,0.8197751045227051,2.9355760129818997,2.714931941283711,2.714931941283711,
11312,39627853662261123,0.847789026514961,blue,200,powerlaw200,21,6,0.22064407169818878,0.8197751045227051,2.8569442089399906,2.636300137241802,2.636300137241802,
11312,39627853662261123,0.847789026514961,blue,300,powerlaw300,31,6,0.22064407169818878,0.8197751045227051,2.1647531340455624,1.9441090623473736,1.9441090623473736,
11312,39627853662261123,0.847789026514961,blue,500,powerlaw500,51,6,0.22064407169818878,0.8197751045227051,2.1557783296652437,1.935134257967055,1.935134257967055,
11312,39627853662261123,0.847789026514961,red,100,powerlaw100,11,6,0.7285633087158203,0.10510043303171794,0.6367655736878924,-0.09179773502792787,0.09179773502792787,
11312,39627853662261123,0.847789026514961,red,200,powerlaw200,21,6,0.7285633087158203,0.10510043303171794,0.6847656049000403,-0.043797703815779965,0.043797703815779965,
11312,39627853662261123,0.847789026514961,red,300,powerlaw300,31,6,0.7285633087158203,0.10510043303171794,0.7249993819842553,-0.003563926731565026,0.003563926731565026,
11312,39627853662261123,0.847789026514961,red,500,powerlaw500,51,6,0.7285633087158203,0.10510043303171794,0.7433189907849541,0.014755682069133802,0.014755682069133802,
5982,39627841586856683,0.6792224771234546,blue,100,powerlaw100,11,6,0.396818608045578,0.3070533871650696,0.7050199729804776,0.3082013649348996,0.3082013649348996,
5982,39627841586856683,0.6792224771234546,blue,200,powerlaw200,21,6,0.396818608045578,0.3070533871650696,0.4752813911089651,0.07846278306338711,0.07846278306338711,
5982,39627841586856683,0.6792224771234546,blue,300,powerlaw300,31,6,0.396818608045578,0.3070533871650696,0.42321372051907535,0.02639511247349735,0.02639511247349735,
5982,39627841586856683,0.6792224771234546,blue,500,powerlaw500,51,6,0.396818608045578,0.3070533871650696,0.33654914800510194,-0.060269460040476064,0.060269460040476064,
5982,39627841586856683,0.6792224771234546,red,100,powerlaw100,11,6,1.0891191959381104,0.05301927030086517,1.2006983631122201,0.11157916717410976,0.11157916717410976,
5982,39627841586856683,0.6792224771234546,red,200,powerlaw200,21,6,1.0891191959381104,0.05301927030086517,1.0973307969507256,0.0082116010126152,0.0082116010126152,
5982,39627841586856683,0.6792224771234546,red,300,powerlaw300,31,6,1.0891191959381104,0.05301927030086517,1.0947039395704792,0.005584743632368827,0.005584743632368827,
5982,39627841586856683,0.6792224771234546,red,500,powerlaw500,51,6,1.0891191959381104,0.05301927030086517,1.1068480956300317,0.017728899691921374,0.017728899691921374,
3720,39627811396257290,0.6286389886772166,blue,100,powerlaw100,11,7,0.1239599660038948,0.17251171384538924,0.016157679654840183,-0.10780228634905462,0.10780228634905462,
3720,39627811396257290,0.6286389886772166,blue,200,powerlaw200,21,7,0.1239599660038948,0.17251171384538924,0.01682424880811158,-0.10713571719578323,0.10713571719578323,
3720,39627811396257290,0.6286389886772166,blue,300,powerlaw300,31,7,0.1239599660038948,0.17251171384538924,0.07926909747218074,-0.04469086853171407,0.04469086853171407,
3720,39627811396257290,0.6286389886772166,blue,500,powerlaw500,51,7,0.1239599660038948,0.17251171384538924,0.0741045892819885,-0.049855376721906305,0.049855376721906305,
3720,39627811396257290,0.6286389886772166,red,100,powerlaw100,11,7,1.3046493530273438,0.024480875049318587,1.3436665228930205,0.039017169865676715,0.039017169865676715,
3720,39627811396257290,0.6286389886772166,red,200,powerlaw200,21,7,1.3046493530273438,0.024480875049318587,1.136914929790808,-0.16773442323653565,0.16773442323653565,
3720,39627811396257290,0.6286389886772166,red,300,powerlaw300,31,7,1.3046493530273438,0.024480875049318587,1.2238919609616785,-0.08075739206566523,0.08075739206566523,
3720,39627811396257290,0.6286389886772166,red,500,powerlaw500,51,7,1.3046493530273438,0.024480875049318587,1.2378594025042553,-0.06678995052308845,0.06678995052308845,
1408,39627841628803655,0.6036013006603506,blue,100,powerlaw100,11,7,-0.01012637373059988,0.1748781715120588,2.192011561212414e-09,0.010126375922611442,0.010126375922611442,
1408,39627841628803655,0.6036013006603506,blue,200,powerlaw200,21,7,-0.01012637373059988,0.1748781715120588,0.0038663265470347996,0.01399270027763468,0.01399270027763468,
1408,39627841628803655,0.6036013006603506,blue,300,powerlaw300,31,7,-0.01012637373059988,0.1748781715120588,0.010593760139365764,0.020720133869965643,0.020720133869965643,
1408,39627841628803655,0.6036013006603506,blue,500,powerlaw500,51,7,-0.01012637373059988,0.1748781715120588,0.07203784115624282,0.0821642148868427,0.0821642148868427,
1408,39627841628803655,0.6036013006603506,red,100,powerlaw100,11,7,1.2082233428955078,0.028099175010408674,1.0977507352473859,-0.11047260764812195,0.11047260764812195,
1408,39627841628803655,0.6036013006603506,red,200,powerlaw200,21,7,1.2082233428955078,0.028099175010408674,1.198008301675918,-0.010215041219589827,0.010215041219589827,
1408,39627841628803655,0.6036013006603506,red,300,powerlaw300,31,7,1.2082233428955078,0.028099175010408674,1.1789529970889947,-0.02927034580651311,0.02927034580651311,
1408,39627841628803655,0.6036013006603506,red,500,powerlaw500,51,7,1.2082233428955078,0.028099175010408674,1.2128531591418354,0.004629816246327634,0.004629816246327634,
2383,39627835584807017,0.7397877804687701,blue,100,powerlaw100,11,6,3.7944624423980713,1.5232772827148438,1.5084929032778447,-2.2859695391202264,2.2859695391202264,
2383,39627835584807017,0.7397877804687701,blue,200,powerlaw200,21,6,3.7944624423980713,1.5232772827148438,2.748585189142658,-1.0458772532554135,1.0458772532554135,
2383,39627835584807017,0.7397877804687701,blue,300,powerlaw300,31,6,3.7944624423980713,1.5232772827148438,2.8430705686004996,-0.9513918737975717,0.9513918737975717,
2383,39627835584807017,0.7397877804687701,blue,500,powerlaw500,51,6,3.7944624423980713,1.5232772827148438,2.9167525489964734,-0.8777098934015979,0.8777098934015979,
2383,39627835584807017,0.7397877804687701,red,100,powerlaw100,11,6,0.5898483395576477,0.16904648145039877,1.6403895278045804,1.0505411882469327,1.0505411882469327,
2383,39627835584807017,0.7397877804687701,red,200,powerlaw200,21,6,0.5898483395576477,0.16904648145039877,0.6791266390577837,0.089278299500136,0.089278299500136,
2383,39627835584807017,0.7397877804687701,red,300,powerlaw300,31,6,0.5898483395576477,0.16904648145039877,0.7061824932578765,0.11633415370022882,0.11633415370022882,
2383,39627835584807017,0.7397877804687701,red,500,powerlaw500,51,6,0.5898483395576477,0.16904648145039877,0.8174757375605289,0.22762739800288123,0.22762739800288123,
7117,39627841607832463,0.8672293530720755,blue,100,powerlaw100,11,6,2.329904317855835,1.4769242604573567,5.281711074764099,2.9518067569082644,2.9518067569082644,
7117,39627841607832463,0.8672293530720755,blue,200,powerlaw200,21,6,2.329904317855835,1.4769242604573567,3.2002890818166114,0.8703847639607765,0.8703847639607765,
7117,39627841607832463,0.8672293530720755,blue,300,powerlaw300,31,6,2.329904317855835,1.4769242604573567,1.4212452125815966,-0.9086591052742383,0.9086591052742383,
7117,39627841607832463,0.8672293530720755,blue,500,powerlaw500,51,6,2.329904317855835,1.4769242604573567,1.4467071849750461,-0.8831971328807888,0.8831971328807888,
7117,39627841607832463,0.8672293530720755,red,100,powerlaw100,11,6,0.6680681109428406,0.21622014045715332,0.6420563617521348,-0.026011749190705813,0.026011749190705813,
7117,39627841607832463,0.8672293530720755,red,200,powerlaw200,21,6,0.6680681109428406,0.21622014045715332,0.32111902840914947,-0.3469490825336911,0.3469490825336911,
7117,39627841607832463,0.8672293530720755,red,300,powerlaw300,31,6,0.6680681109428406,0.21622014045715332,0.6469405628723667,-0.0211275480704739,0.0211275480704739,
7117,39627841607832463,0.8672293530720755,red,500,powerlaw500,51,6,0.6680681109428406,0.21622014045715332,0.7980331472577075,0.1299650363148669,0.1299650363148669,
7309,39627829536620564,0.8271397056548224,blue,100,powerlaw100,11,6,1.9213690757751465,1.304896593093872,1.062207323236246,-0.8591617525389006,0.8591617525389006,
7309,39627829536620564,0.8271397056548224,blue,200,powerlaw200,21,6,1.9213690757751465,1.304896593093872,1.8881503421540735,-0.03321873362107297,0.03321873362107297,
7309,39627829536620564,0.8271397056548224,blue,300,powerlaw300,31,6,1.9213690757751465,1.304896593093872,2.258280042290892,0.3369109665157457,0.3369109665157457,
7309,39627829536620564,0.8271397056548224,blue,500,powerlaw500,51,6,1.9213690757751465,1.304896593093872,2.4852449609532523,0.5638758851781058,0.5638758851781058,
7309,39627829536620564,0.8271397056548224,red,100,powerlaw100,11,6,0.42559289932250977,0.26422955592473346,0.5282334106527334,0.10264051133022367,0.10264051133022367,
7309,39627829536620564,0.8271397056548224,red,200,powerlaw200,21,6,0.42559289932250977,0.26422955592473346,0.5556325524308194,0.13003965310830967,0.13003965310830967,
7309,39627829536620564,0.8271397056548224,red,300,powerlaw300,31,6,0.42559289932250977,0.26422955592473346,0.8547264932425339,0.42913359392002415,0.42913359392002415,
7309,39627829536620564,0.8271397056548224,red,500,powerlaw500,51,6,0.42559289932250977,0.26422955592473346,0.7361774688380339,0.31058456951552416,0.31058456951552416,
6661,39627835551252971,0.8649042036900639,blue,100,powerlaw100,11,6,1.6634520292282104,1.4230197270711262,3.4264657745230758,1.7630137452948653,1.7630137452948653,
6661,39627835551252971,0.8649042036900639,blue,200,powerlaw200,21,6,1.6634520292282104,1.4230197270711262,3.5425406253611746,1.8790885961329642,1.8790885961329642,
6661,39627835551252971,0.8649042036900639,blue,300,powerlaw300,31,6,1.6634520292282104,1.4230197270711262,4.732283221448154,3.0688311922199434,3.0688311922199434,
6661,39627835551252971,0.8649042036900639,blue,500,powerlaw500,51,6,1.6634520292282104,1.4230197270711262,5.887524752240456,4.224072723012245,4.224072723012245,
6661,39627835551252971,0.8649042036900639,red,100,powerlaw100,11,6,0.9974991679191589,0.12588655948638916,0.6500397409183941,-0.3474594270007648,0.3474594270007648,
6661,39627835551252971,0.8649042036900639,red,200,powerlaw200,21,6,0.9974991679191589,0.12588655948638916,0.6722571565873291,-0.32524201133182984,0.32524201133182984,
6661,39627835551252971,0.8649042036900639,red,300,powerlaw300,31,6,0.9974991679191589,0.12588655948638916,0.7857686686921505,-0.21173049922700848,0.21173049922700848,
6661,39627835551252971,0.8649042036900639,red,500,powerlaw500,51,6,0.9974991679191589,0.12588655948638916,0.805746697894528,-0.19175247002463092,0.19175247002463092,
5387,39627835542864766,0.7457406260368086,blue,100,powerlaw100,11,6,-1.9184061288833618,0.8906755447387695,0.0032663169464683048,1.9216724458298302,1.9216724458298302,
5387,39627835542864766,0.7457406260368086,blue,200,powerlaw200,21,6,-1.9184061288833618,0.8906755447387695,0.8521887557766714,2.7705948846600332,2.7705948846600332,
5387,39627835542864766,0.7457406260368086,blue,300,powerlaw300,31,6,-1.9184061288833618,0.8906755447387695,0.965486875987827,2.883893004871189,2.883893004871189,
5387,39627835542864766,0.7457406260368086,blue,500,powerlaw500,51,6,-1.9184061288833618,0.8906755447387695,0.40424210274043165,2.3226482316237935,2.3226482316237935,
5387,39627835542864766,0.7457406260368086,red,100,powerlaw100,11,6,1.1788774728775024,0.0871629814306895,1.4229032703696323,0.24402579749212983,0.24402579749212983,
5387,39627835542864766,0.7457406260368086,red,200,powerlaw200,21,6,1.1788774728775024,0.0871629814306895,1.2402341203020137,0.0613566474245113,0.0613566474245113,
5387,39627835542864766,0.7457406260368086,red,300,powerlaw300,31,6,1.1788774728775024,0.0871629814306895,1.2286586484467248,0.04978117556922235,0.04978117556922235,
5387,39627835542864766,0.7457406260368086,red,500,powerlaw500,51,6,1.1788774728775024,0.0871629814306895,1.2265571788357545,0.047679705958252105,0.047679705958252105,
5138,39627847647631192,0.8891692601841168,blue,100,powerlaw100,11,6,-0.11122045665979385,0.31613006194432575,0.20449068280332475,0.3157111394631186,0.3157111394631186,
5138,39627847647631192,0.8891692601841168,blue,200,powerlaw200,21,6,-0.11122045665979385,0.31613006194432575,0.3817876392823883,0.49300809594218215,0.49300809594218215,
5138,39627847647631192,0.8891692601841168,blue,300,powerlaw300,31,6,-0.11122045665979385,0.31613006194432575,0.18098381616162965,0.29220427282142347,0.29220427282142347,
5138,39627847647631192,0.8891692601841168,blue,500,powerlaw500,51,6,-0.11122045665979385,0.31613006194432575,0.09507466107878254,0.2062951177385764,0.2062951177385764,
5138,39627847647631192,0.8891692601841168,red,100,powerlaw100,11,6,1.1593056917190552,0.0698027362426122,0.9872283582053935,-0.17207733351366172,0.17207733351366172,
5138,39627847647631192,0.8891692601841168,red,200,powerlaw200,21,6,1.1593056917190552,0.0698027362426122,1.0263881683020277,-0.13291752341702745,0.13291752341702745,
5138,39627847647631192,0.8891692601841168,red,300,powerlaw300,31,6,1.1593056917190552,0.0698027362426122,1.1668408977876743,0.007535206068619127,0.007535206068619127,
5138,39627847647631192,0.8891692601841168,red,500,powerlaw500,51,6,1.1593056917190552,0.0698027362426122,1.0968306151068552,-0.062475076612199976,0.062475076612199976,
12378,39627787761356923,0.612765756045482,blue,100,powerlaw100,11,7,0.6813160181045532,0.5221238136291504,0.043506425164490097,-0.6378095929400631,0.6378095929400631,
12378,39627787761356923,0.612765756045482,blue,200,powerlaw200,21,7,0.6813160181045532,0.5221238136291504,0.24506913786061427,-0.436246880243939,0.436246880243939,
12378,39627787761356923,0.612765756045482,blue,300,powerlaw300,31,7,0.6813160181045532,0.5221238136291504,0.1426309239650116,-0.5386850941395416,0.5386850941395416,
12378,39627787761356923,0.612765756045482,blue,500,powerlaw500,51,7,0.6813160181045532,0.5221238136291504,0.25666973002664667,-0.42464628807790655,0.42464628807790655,
12378,39627787761356923,0.612765756045482,red,100,powerlaw100,11,7,1.1204845905303955,0.07354297808238439,1.1670665017032291,0.04658191117283361,0.04658191117283361,
12378,39627787761356923,0.612765756045482,red,200,powerlaw200,21,7,1.1204845905303955,0.07354297808238439,1.1750121906911954,0.05452760016079994,0.05452760016079994,
12378,39627787761356923,0.612765756045482,red,300,powerlaw300,31,7,1.1204845905303955,0.07354297808238439,1.2468733959710676,0.1263888054406721,0.1263888054406721,
12378,39627787761356923,0.612765756045482,red,500,powerlaw500,51,7,1.1204845905303955,0.07354297808238439,1.3187750022769615,0.19829041174656603,0.19829041174656603,
10688,39627853670646219,0.840763498437685,blue,100,powerlaw100,11,6,2.0775859355926514,1.716051419576009,2.327900660912848,0.2503147253201967,0.2503147253201967,
10688,39627853670646219,0.840763498437685,blue,200,powerlaw200,21,6,2.0775859355926514,1.716051419576009,1.7455772809007069,-0.3320086546919445,0.3320086546919445,
10688,39627853670646219,0.840763498437685,blue,300,powerlaw300,31,6,2.0775859355926514,1.716051419576009,1.4498295203605867,-0.6277564152320647,0.6277564152320647,
10688,39627853670646219,0.840763498437685,blue,500,powerlaw500,51,6,2.0775859355926514,1.716051419576009,2.1020047010742187,0.024418765481567295,0.024418765481567295,
10688,39627853670646219,0.840763498437685,red,100,powerlaw100,11,6,1.4475412368774414,0.27289750178654987,0.9675964017931675,-0.4799448350842739,0.4799448350842739,
10688,39627853670646219,0.840763498437685,red,200,powerlaw200,21,6,1.4475412368774414,0.27289750178654987,1.0986673518666719,-0.34887388501076955,0.34887388501076955,
10688,39627853670646219,0.840763498437685,red,300,powerlaw300,31,6,1.4475412368774414,0.27289750178654987,1.3829595081737864,-0.06458172870365497,0.06458172870365497,
10688,39627853670646219,0.840763498437685,red,500,powerlaw500,51,6,1.4475412368774414,0.27289750178654987,1.230371564827145,-0.21716967205029647,0.21716967205029647,
3552,39627817431864410,0.6292414473488471,blue,100,powerlaw100,11,7,0.31483227014541626,0.16646575927734375,12.468461408265952,12.153629138120536,12.153629138120536,
3552,39627817431864410,0.6292414473488471,blue,200,powerlaw200,21,7,0.31483227014541626,0.16646575927734375,0.002597403096430584,-0.3122348670489857,0.3122348670489857,
3552,39627817431864410,0.6292414473488471,blue,300,powerlaw300,31,7,0.31483227014541626,0.16646575927734375,0.09286755296709015,-0.2219647171783261,0.2219647171783261,
3552,39627817431864410,0.6292414473488471,blue,500,powerlaw500,51,7,0.31483227014541626,0.16646575927734375,0.0878618217279314,-0.22697044841748487,0.22697044841748487,
3552,39627817431864410,0.6292414473488471,red,100,powerlaw100,11,7,1.1180819272994995,0.016852814171995436,1.147761809962295,0.02967988266279553,0.02967988266279553,
3552,39627817431864410,0.6292414473488471,red,200,powerlaw200,21,7,1.1180819272994995,0.016852814171995436,1.0966790633767227,-0.021402863922776794,0.021402863922776794,
3552,39627817431864410,0.6292414473488471,red,300,powerlaw300,31,7,1.1180819272994995,0.016852814171995436,1.1239686843507124,0.0058867570512128875,0.0058867570512128875,
3552,39627817431864410,0.6292414473488471,red,500,powerlaw500,51,7,1.1180819272994995,0.016852814171995436,1.1176960203026418,-0.0003859069968576989,0.0003859069968576989,
11055,39627853666455233,0.8751707149373432,blue,100,powerlaw100,11,6,4.600226879119873,1.1314771970113118,3.712683415103138,-0.8875434640167352,0.8875434640167352,
11055,39627853666455233,0.8751707149373432,blue,200,powerlaw200,21,6,4.600226879119873,1.1314771970113118,1.4692830714102634,-3.1309438077096097,3.1309438077096097,
11055,39627853666455233,0.8751707149373432,blue,300,powerlaw300,31,6,4.600226879119873,1.1314771970113118,2.8977387295644057,-1.7024881495554673,1.7024881495554673,
11055,39627853666455233,0.8751707149373432,blue,500,powerlaw500,51,6,4.600226879119873,1.1314771970113118,2.6290061186531677,-1.9712207604667054,1.9712207604667054,
11055,39627853666455233,0.8751707149373432,red,100,powerlaw100,11,6,0.7963064312934875,0.09237271547317505,0.7699161078628282,-0.02639032343065939,0.02639032343065939,
11055,39627853666455233,0.8751707149373432,red,200,powerlaw200,21,6,0.7963064312934875,0.09237271547317505,0.5698919879323666,-0.22641444336112093,0.22641444336112093,
11055,39627853666455233,0.8751707149373432,red,300,powerlaw300,31,6,0.7963064312934875,0.09237271547317505,0.7357896695083862,-0.06051676178510135,0.06051676178510135,
11055,39627853666455233,0.8751707149373432,red,500,powerlaw500,51,6,0.7963064312934875,0.09237271547317505,0.7429739202870212,-0.0533325110064663,0.0533325110064663,
39,39627563030545148,1.187620920148387,blue,100,powerlaw100,11,5,8.082475662231445,3.5659969329833983,1.8054076883352734,-6.277067973896171,6.277067973896171,
39,39627563030545148,1.187620920148387,blue,200,powerlaw200,21,5,8.082475662231445,3.5659969329833983,3.562354609418694,-4.520121052812751,4.520121052812751,
39,39627563030545148,1.187620920148387,blue,300,powerlaw300,31,5,8.082475662231445,3.5659969329833983,3.8488773757194465,-4.233598286511999,4.233598286511999,
39,39627563030545148,1.187620920148387,blue,500,powerlaw500,51,5,8.082475662231445,3.5659969329833983,2.5444466636058696,-5.538028998625576,5.538028998625576,
39,39627563030545148,1.187620920148387,red,100,powerlaw100,11,5,1.1947245597839355,0.29268631935119627,0.29477994943572544,-0.89994461034821,0.89994461034821,
39,39627563030545148,1.187620920148387,red,200,powerlaw200,21,5,1.1947245597839355,0.29268631935119627,0.6644212893105942,-0.5303032704733414,0.5303032704733414,
39,39627563030545148,1.187620920148387,red,300,powerlaw300,31,5,1.1947245597839355,0.29268631935119627,0.8435640112959074,-0.35116054848802813,0.35116054848802813,
39,39627563030545148,1.187620920148387,red,500,powerlaw500,51,5,1.1947245597839355,0.29268631935119627,1.051887384242106,-0.14283717554182962,0.14283717554182962,
1782,39627847664402774,1.015670825924322,blue,100,powerlaw100,11,5,3.9153735637664795,1.3070507049560547,4.072564213679017,0.15719064991253795,0.15719064991253795,
1782,39627847664402774,1.015670825924322,blue,200,powerlaw200,21,5,3.9153735637664795,1.3070507049560547,3.318989653820099,-0.5963839099463804,0.5963839099463804,
1782,39627847664402774,1.015670825924322,blue,300,powerlaw300,31,5,3.9153735637664795,1.3070507049560547,2.5393927237700877,-1.3759808399963918,1.3759808399963918,
1782,39627847664402774,1.015670825924322,blue,500,powerlaw500,51,5,3.9153735637664795,1.3070507049560547,2.6404128704831793,-1.2749606932833002,1.2749606932833002,
1782,39627847664402774,1.015670825924322,red,100,powerlaw100,11,5,1.826257348060608,0.13721535205841065,0.3943891960476031,-1.4318681520130048,1.4318681520130048,
1782,39627847664402774,1.015670825924322,red,200,powerlaw200,21,5,1.826257348060608,0.13721535205841065,0.5271522404903599,-1.299105107570248,1.299105107570248,
1782,39627847664402774,1.015670825924322,red,300,powerlaw300,31,5,1.826257348060608,0.13721535205841065,0.9532979417771308,-0.8729594062834771,0.8729594062834771,
1782,39627847664402774,1.015670825924322,red,500,powerlaw500,51,5,1.826257348060608,0.13721535205841065,0.660801897411949,-1.165455450648659,1.165455450648659,
6656,39627835551254721,0.9518519753672792,blue,100,powerlaw100,11,6,0.47869762778282166,0.3503121534983317,0.4555678187606209,-0.023129809022200742,0.023129809022200742,
6656,39627835551254721,0.9518519753672792,blue,200,powerlaw200,21,6,0.47869762778282166,0.3503121534983317,0.3553668684830909,-0.12333075929973075,0.12333075929973075,
6656,39627835551254721,0.9518519753672792,blue,300,powerlaw300,31,6,0.47869762778282166,0.3503121534983317,0.6091232837805701,0.13042565599774847,0.13042565599774847,
6656,39627835551254721,0.9518519753672792,blue,500,powerlaw500,51,6,0.47869762778282166,0.3503121534983317,0.8607949771517814,0.3820973493689598,0.3820973493689598,
6656,39627835551254721,0.9518519753672792,red,100,powerlaw100,11,6,1.2442572116851807,0.03669565667708715,1.245575731075341,0.0013185193901603665,0.0013185193901603665,
6656,39627835551254721,0.9518519753672792,red,200,powerlaw200,21,6,1.2442572116851807,0.03669565667708715,1.1677433967657531,-0.07651381491942755,0.07651381491942755,
6656,39627835551254721,0.9518519753672792,red,300,powerlaw300,31,6,1.2442572116851807,0.03669565667708715,1.2972920582136929,0.0530348465285122,0.0530348465285122,
6656,39627835551254721,0.9518519753672792,red,500,powerlaw500,51,6,1.2442572116851807,0.03669565667708715,1.2587678334510186,0.01451062176583795,0.01451062176583795,
2335,39627835584807031,1.137429445148225,blue,100,powerlaw100,11,5,5.671353816986084,2.4149173736572265,7.248286813724187,1.576932996738103,1.576932996738103,
2335,39627835584807031,1.137429445148225,blue,200,powerlaw200,21,5,5.671353816986084,2.4149173736572265,6.2884987579373846,0.6171449409513006,0.6171449409513006,
2335,39627835584807031,1.137429445148225,blue,300,powerlaw300,31,5,5.671353816986084,2.4149173736572265,4.5910689974344345,-1.0802848195516495,1.0802848195516495,
2335,39627835584807031,1.137429445148225,blue,500,powerlaw500,51,5,5.671353816986084,2.4149173736572265,4.508345253486874,-1.1630085634992096,1.1630085634992096,
2335,39627835584807031,1.137429445148225,red,100,powerlaw100,11,5,0.3163052201271057,0.33826844692230223,1.1255173610240328,0.8092121408969271,0.8092121408969271,
2335,39627835584807031,1.137429445148225,red,200,powerlaw200,21,5,0.3163052201271057,0.33826844692230223,1.1756170173057998,0.8593117971786941,0.8593117971786941,
2335,39627835584807031,1.137429445148225,red,300,powerlaw300,31,5,0.3163052201271057,0.33826844692230223,0.8581131503326109,0.5418079302055052,0.5418079302055052,
2335,39627835584807031,1.137429445148225,red,500,powerlaw500,51,5,0.3163052201271057,0.33826844692230223,1.1026768013860768,0.7863715812589711,0.7863715812589711,
6219,39627841582666273,0.97621719096545,blue,100,powerlaw100,11,6,4.261650562286377,2.1474417050679526,2.9455212368800283,-1.3161293254063486,1.3161293254063486,
6219,39627841582666273,0.97621719096545,blue,200,powerlaw200,21,6,4.261650562286377,2.1474417050679526,3.145826624912907,-1.1158239373734697,1.1158239373734697,
6219,39627841582666273,0.97621719096545,blue,300,powerlaw300,31,6,4.261650562286377,2.1474417050679526,4.933257918093862,0.6716073558074847,0.6716073558074847,
6219,39627841582666273,0.97621719096545,blue,500,powerlaw500,51,6,4.261650562286377,2.1474417050679526,3.698652495428313,-0.5629980668580639,0.5629980668580639,
6219,39627841582666273,0.97621719096545,red,100,powerlaw100,11,6,2.155377149581909,0.24334579706192017,2.147862257140056,-0.007514892441853327,0.007514892441853327,
6219,39627841582666273,0.97621719096545,red,200,powerlaw200,21,6,2.155377149581909,0.24334579706192017,1.8475670564043405,-0.3078100931775687,0.3078100931775687,
6219,39627841582666273,0.97621719096545,red,300,powerlaw300,31,6,2.155377149581909,0.24334579706192017,1.4225199591827202,-0.732857190399189,0.732857190399189,
6219,39627841582666273,0.97621719096545,red,500,powerlaw500,51,6,2.155377149581909,0.24334579706192017,1.0296938884835438,-1.1256832610983654,1.1256832610983654,
1106,39627835580615684,1.0876133908280212,blue,100,powerlaw100,11,5,0.396093487739563,0.3290014505386353,0.42726694199639237,0.03117345425682938,0.03117345425682938,
1106,39627835580615684,1.0876133908280212,blue,200,powerlaw200,21,5,0.396093487739563,0.3290014505386353,0.35606893965367575,-0.040024548085887235,0.040024548085887235,
1106,39627835580615684,1.0876133908280212,blue,300,powerlaw300,31,5,0.396093487739563,0.3290014505386353,0.41312332560345466,0.017029837863891673,0.017029837863891673,
1106,39627835580615684,1.0876133908280212,blue,500,powerlaw500,51,5,0.396093487739563,0.3290014505386353,0.6260945846166637,0.23000109687710069,0.23000109687710069,
1106,39627835580615684,1.0876133908280212,red,100,powerlaw100,11,5,1.395668387413025,0.0667816460132599,1.3123814435344827,-0.08328694387854219,0.08328694387854219,
1106,39627835580615684,1.0876133908280212,red,200,powerlaw200,21,5,1.395668387413025,0.0667816460132599,1.3369359194885837,-0.0587324679244412,0.0587324679244412,
1106,39627835580615684,1.0876133908280212,red,300,powerlaw300,31,5,1.395668387413025,0.0667816460132599,1.3039463505434674,-0.09172203686955749,0.09172203686955749,
1106,39627835580615684,1.0876133908280212,red,500,powerlaw500,51,5,1.395668387413025,0.0667816460132599,1.3010099457620368,-0.09465844165098813,0.09465844165098813,
5282,39627853683230660,1.0283830604137831,blue,100,powerlaw100,11,5,2.074094295501709,1.2328700065612792,4.185240294582295,2.111145999080586,2.111145999080586,
5282,39627853683230660,1.0283830604137831,blue,200,powerlaw200,21,5,2.074094295501709,1.2328700065612792,3.500027331795276,1.425933036293567,1.425933036293567,
5282,39627853683230660,1.0283830604137831,blue,300,powerlaw300,31,5,2.074094295501709,1.2328700065612792,3.162697528502851,1.088603233001142,1.088603233001142,
5282,39627853683230660,1.0283830604137831,blue,500,powerlaw500,51,5,2.074094295501709,1.2328700065612792,3.4113996545019085,1.3373053590001995,1.3373053590001995,
5282,39627853683230660,1.0283830604137831,red,100,powerlaw100,11,5,0.8740027546882629,0.13157249689102174,1.062657995273537,0.18865524058527416,0.18865524058527416,
5282,39627853683230660,1.0283830604137831,red,200,powerlaw200,21,5,0.8740027546882629,0.13157249689102174,1.077867154834475,0.203864400146212,0.203864400146212,
5282,39627853683230660,1.0283830604137831,red,300,powerlaw300,31,5,0.8740027546882629,0.13157249689102174,1.024116684523976,0.15011392983571303,0.15011392983571303,
5282,39627853683230660,1.0283830604137831,red,500,powerlaw500,51,5,0.8740027546882629,0.13157249689102174,1.05709276717507,0.18309001248680712,0.18309001248680712,
12454,39627787752967519,0.930494552879961,blue,100,powerlaw100,11,6,4.232621669769287,0.5498591264088949,2.31602299982634,-1.916598669942947,1.916598669942947,
12454,39627787752967519,0.930494552879961,blue,200,powerlaw200,21,6,4.232621669769287,0.5498591264088949,3.027355448307914,-1.2052662214613732,1.2052662214613732,
12454,39627787752967519,0.930494552879961,blue,300,powerlaw300,31,6,4.232621669769287,0.5498591264088949,2.9524324268409408,-1.2801892429283463,1.2801892429283463,
12454,39627787752967519,0.930494552879961,blue,500,powerlaw500,51,6,4.232621669769287,0.5498591264088949,3.1104334376736524,-1.1221882320956347,1.1221882320956347,
12454,39627787752967519,0.930494552879961,red,100,powerlaw100,11,6,0.7383248209953308,0.07657414674758911,1.1025295433099405,0.36420472231460965,0.36420472231460965,
12454,39627787752967519,0.930494552879961,red,200,powerlaw200,21,6,0.7383248209953308,0.07657414674758911,0.9615083514006436,0.2231835304053128,0.2231835304053128,
12454,39627787752967519,0.930494552879961,red,300,powerlaw300,31,6,0.7383248209953308,0.07657414674758911,0.7941080252381503,0.05578320424281946,0.05578320424281946,
12454,39627787752967519,0.930494552879961,red,500,powerlaw500,51,6,0.7383248209953308,0.07657414674758911,0.8728215685746692,0.13449674757933838,0.13449674757933838,
7492,39627829532426536,1.1211715576197272,blue,100,powerlaw100,11,5,4.6801910400390625,1.5547906875610351,6.594138239325649,1.9139471992865866,1.9139471992865866,
7492,39627829532426536,1.1211715576197272,blue,200,powerlaw200,21,5,4.6801910400390625,1.5547906875610351,4.933138291259448,0.25294725122038564,0.25294725122038564,
7492,39627829532426536,1.1211715576197272,blue,300,powerlaw300,31,5,4.6801910400390625,1.5547906875610351,5.2044440976174915,0.524253057578429,0.524253057578429,
7492,39627829532426536,1.1211715576197272,blue,500,powerlaw500,51,5,4.6801910400390625,1.5547906875610351,4.790365249594335,0.11017420955527246,0.11017420955527246,
7492,39627829532426536,1.1211715576197272,red,100,powerlaw100,11,5,0.966446578502655,0.2089776039123535,1.8022070036108953,0.8357604251082402,0.8357604251082402,
7492,39627829532426536,1.1211715576197272,red,200,powerlaw200,21,5,0.966446578502655,0.2089776039123535,1.0601701845124771,0.0937236060098221,0.0937236060098221,
7492,39627829532426536,1.1211715576197272,red,300,powerlaw300,31,5,0.966446578502655,0.2089776039123535,0.9612694708945113,-0.005177107608143716,0.005177107608143716,
7492,39627829532426536,1.1211715576197272,red,500,powerlaw500,51,5,0.966446578502655,0.2089776039123535,0.8685893990404882,-0.09785717946216688,0.09785717946216688,
3049,39627805356462519,1.168746704717308,blue,100,powerlaw100,11,5,0.2962426543235779,1.8229335784912108,2.1376781086730574,1.8414354543494795,1.8414354543494795,
3049,39627805356462519,1.168746704717308,blue,200,powerlaw200,21,5,0.2962426543235779,1.8229335784912108,2.4946782698630963,2.1984356155395184,2.1984356155395184,
3049,39627805356462519,1.168746704717308,blue,300,powerlaw300,31,5,0.2962426543235779,1.8229335784912108,2.478858477364529,2.182615823040951,2.182615823040951,
3049,39627805356462519,1.168746704717308,blue,500,powerlaw500,51,5,0.2962426543235779,1.8229335784912108,2.2151642116071186,1.9189215572835407,1.9189215572835407,
3049,39627805356462519,1.168746704717308,red,100,powerlaw100,11,5,0.7581084966659546,0.18390944004058837,0.7174675626307403,-0.04064093403521429,0.04064093403521429,
3049,39627805356462519,1.168746704717308,red,200,powerlaw200,21,5,0.7581084966659546,0.18390944004058837,0.8035075598359478,0.0453990631699932,0.0453990631699932,
3049,39627805356462519,1.168746704717308,red,300,powerlaw300,31,5,0.7581084966659546,0.18390944004058837,0.8332147183703617,0.07510622170440706,0.07510622170440706,
3049,39627805356462519,1.168746704717308,red,500,powerlaw500,51,5,0.7581084966659546,0.18390944004058837,0.8394098126197422,0.08130131595378765,0.08130131595378765,
1086,39627835584808392,0.9465040133277376,blue,100,powerlaw100,11,6,-0.178288534283638,0.37405117352803546,1.251991887596475e-101,0.178288534283638,0.178288534283638,
1086,39627835584808392,0.9465040133277376,blue,200,powerlaw200,21,6,-0.178288534283638,0.37405117352803546,0.1274119543437142,0.3057004886273522,0.3057004886273522,
1086,39627835584808392,0.9465040133277376,blue,300,powerlaw300,31,6,-0.178288534283638,0.37405117352803546,0.017861941283551532,0.19615047556718954,0.19615047556718954,
1086,39627835584808392,0.9465040133277376,blue,500,powerlaw500,51,6,-0.178288534283638,0.37405117352803546,0.09852857141477749,0.2768171056984155,0.2768171056984155,
1086,39627835584808392,0.9465040133277376,red,100,powerlaw100,11,6,1.1069167852401733,0.06691361963748932,1.4025634101860236,0.29564662494585026,0.29564662494585026,
1086,39627835584808392,0.9465040133277376,red,200,powerlaw200,21,6,1.1069167852401733,0.06691361963748932,1.3189171727753535,0.21200038753518013,0.21200038753518013,
1086,39627835584808392,0.9465040133277376,red,300,powerlaw300,31,6,1.1069167852401733,0.06691361963748932,1.3056241454215876,0.19870736018141422,0.19870736018141422,
1086,39627835584808392,0.9465040133277376,red,500,powerlaw500,51,6,1.1069167852401733,0.06691361963748932,1.2834879855676677,0.1765712003274944,0.1765712003274944,
5256,39627853679038363,0.9400349242052684,blue,100,powerlaw100,11,6,4.010718822479248,1.5465585390726726,7.880544349354197,3.8698255268749486,3.8698255268749486,
5256,39627853679038363,0.9400349242052684,blue,200,powerlaw200,21,6,4.010718822479248,1.5465585390726726,5.289386466243208,1.27866764376396,1.27866764376396,
5256,39627853679038363,0.9400349242052684,blue,300,powerlaw300,31,6,4.010718822479248,1.5465585390726726,4.662705924487157,0.6519871020079089,0.6519871020079089,
5256,39627853679038363,0.9400349242052684,blue,500,powerlaw500,51,6,4.010718822479248,1.5465585390726726,4.667388907338061,0.6566700848588134,0.6566700848588134,
5256,39627853679038363,0.9400349242052684,red,100,powerlaw100,11,6,2.5387370586395264,0.19146575530370077,0.4700073392962103,-2.068729719343316,2.068729719343316,
5256,39627853679038363,0.9400349242052684,red,200,powerlaw200,21,6,2.5387370586395264,0.19146575530370077,0.5808701298067355,-1.9578669288327908,1.9578669288327908,
5256,39627853679038363,0.9400349242052684,red,300,powerlaw300,31,6,2.5387370586395264,0.19146575530370077,0.5536738688464621,-1.9850631897930642,1.9850631897930642,
5256,39627853679038363,0.9400349242052684,red,500,powerlaw500,51,6,2.5387370586395264,0.19146575530370077,0.6413833656560718,-1.8973536929834545,1.8973536929834545,
4623,39627865771213426,0.903577701343822,blue,100,powerlaw100,11,6,0.132452130317688,1.3314929803212483,1.6592122396797675,1.5267601093620795,1.5267601093620795,
4623,39627865771213426,0.903577701343822,blue,200,powerlaw200,21,6,0.132452130317688,1.3314929803212483,2.773179635300204,2.640727504982516,2.640727504982516,
4623,39627865771213426,0.903577701343822,blue,300,powerlaw300,31,6,0.132452130317688,1.3314929803212483,2.667399878470908,2.53494774815322,2.53494774815322,
4623,39627865771213426,0.903577701343822,blue,500,powerlaw500,51,6,0.132452130317688,1.3314929803212483,2.376259067477937,2.243806937160249,2.243806937160249,
4623,39627865771213426,0.903577701343822,red,100,powerlaw100,11,6,0.8113943934440613,0.09569785992304485,0.4952053359196862,-0.3161890575243751,0.3161890575243751,
4623,39627865771213426,0.903577701343822,red,200,powerlaw200,21,6,0.8113943934440613,0.09569785992304485,0.5508839644221369,-0.26051042902192434,0.26051042902192434,
4623,39627865771213426,0.903577701343822,red,300,powerlaw300,31,6,0.8113943934440613,0.09569785992304485,0.5771460953466286,-0.23424829809743264,0.23424829809743264,
4623,39627865771213426,0.903577701343822,red,500,powerlaw500,51,6,0.8113943934440613,0.09569785992304485,0.6634500446875004,-0.14794434875656093,0.14794434875656093,
3444,39627823480047130,0.9720678957513924,blue,100,powerlaw100,11,6,-1.6803404092788696,1.1330995559692383,0.29363531783587254,1.9739757271147422,1.9739757271147422,
3444,39627823480047130,0.9720678957513924,blue,200,powerlaw200,21,6,-1.6803404092788696,1.1330995559692383,0.7583222597948795,2.438662669073749,2.438662669073749,
3444,39627823480047130,0.9720678957513924,blue,300,powerlaw300,31,6,-1.6803404092788696,1.1330995559692383,0.9817642414813568,2.6621046507602264,2.6621046507602264,
3444,39627823480047130,0.9720678957513924,blue,500,powerlaw500,51,6,-1.6803404092788696,1.1330995559692383,1.0215691811532905,2.70190959043216,2.70190959043216,
3444,39627823480047130,0.9720678957513924,red,100,powerlaw100,11,6,0.860499918460846,0.09465365608533223,0.9536527104152263,0.09315279195438031,0.09315279195438031,
3444,39627823480047130,0.9720678957513924,red,200,powerlaw200,21,6,0.860499918460846,0.09465365608533223,0.958486396242475,0.09798647778162906,0.09798647778162906,
3444,39627823480047130,0.9720678957513924,red,300,powerlaw300,31,6,0.860499918460846,0.09465365608533223,1.0702817386859431,0.20978182022509717,0.20978182022509717,
3444,39627823480047130,0.9720678957513924,red,500,powerlaw500,51,6,0.860499918460846,0.09465365608533223,0.9748518380578474,0.11435191959700142,0.11435191959700142,
5604,39627823467465130,1.1722678458171802,blue,100,powerlaw100,11,5,5.117685794830322,1.9048917770385743,7.627717560406717,2.510031765576395,2.510031765576395,
5604,39627823467465130,1.1722678458171802,blue,200,powerlaw200,21,5,5.117685794830322,1.9048917770385743,3.7678034790013557,-1.3498823158289666,1.3498823158289666,
5604,39627823467465130,1.1722678458171802,blue,300,powerlaw300,31,5,5.117685794830322,1.9048917770385743,4.837686357120759,-0.2799994377095629,0.2799994377095629,
5604,39627823467465130,1.1722678458171802,blue,500,powerlaw500,51,5,5.117685794830322,1.9048917770385743,4.4964924345161155,-0.6211933603142068,0.6211933603142068,
5604,39627823467465130,1.1722678458171802,red,100,powerlaw100,11,5,0.7467671632766724,0.23709437847137452,0.642754797420558,-0.1040123658561144,0.1040123658561144,
5604,39627823467465130,1.1722678458171802,red,200,powerlaw200,21,5,0.7467671632766724,0.23709437847137452,0.9736557449102838,0.22688858163361147,0.22688858163361147,
5604,39627823467465130,1.1722678458171802,red,300,powerlaw300,31,5,0.7467671632766724,0.23709437847137452,0.7997984395174964,0.05303127624082404,0.05303127624082404,
5604,39627823467465130,1.1722678458171802,red,500,powerlaw500,51,5,0.7467671632766724,0.23709437847137452,0.7603481245231352,0.013580961246462797,0.013580961246462797,
3911,39627823484242731,1.0310543991164305,blue,100,powerlaw100,11,5,0.8472816348075867,1.2136778831481934,1.6477399124845704,0.8004582776769837,0.8004582776769837,
3911,39627823484242731,1.0310543991164305,blue,200,powerlaw200,21,5,0.8472816348075867,1.2136778831481934,2.302640827633102,1.4553591928255152,1.4553591928255152,
3911,39627823484242731,1.0310543991164305,blue,300,powerlaw300,31,5,0.8472816348075867,1.2136778831481934,2.190686410937563,1.3434047761299763,1.3434047761299763,
3911,39627823484242731,1.0310543991164305,blue,500,powerlaw500,51,5,0.8472816348075867,1.2136778831481934,2.4153300507024404,1.5680484158948538,1.5680484158948538,
3911,39627823484242731,1.0310543991164305,red,100,powerlaw100,11,5,1.000734567642212,0.12172605991363525,0.9628703266099141,-0.037864241032297796,0.037864241032297796,
3911,39627823484242731,1.0310543991164305,red,200,powerlaw200,21,5,1.000734567642212,0.12172605991363525,1.2108347920738998,0.21010022443168785,0.21010022443168785,
3911,39627823484242731,1.0310543991164305,red,300,powerlaw300,31,5,1.000734567642212,0.12172605991363525,0.9061562880159167,-0.09457827962629517,0.09457827962629517,
3911,39627823484242731,1.0310543991164305,red,500,powerlaw500,51,5,1.000734567642212,0.12172605991363525,1.0854804850075892,0.08474591736537729,0.08474591736537729,
3448,39627811396258086,0.9556774731158286,blue,100,powerlaw100,11,6,-1.4079707860946655,1.0610068639119465,0.2728111091423783,1.680781895237044,1.680781895237044,
3448,39627811396258086,0.9556774731158286,blue,200,powerlaw200,21,6,-1.4079707860946655,1.0610068639119465,0.7469122724976365,2.154883058592302,2.154883058592302,
3448,39627811396258086,0.9556774731158286,blue,300,powerlaw300,31,6,-1.4079707860946655,1.0610068639119465,0.44198124060139005,1.8499520266960556,1.8499520266960556,
3448,39627811396258086,0.9556774731158286,blue,500,powerlaw500,51,6,-1.4079707860946655,1.0610068639119465,0.7472767640887059,2.1552475501833714,2.1552475501833714,
3448,39627811396258086,0.9556774731158286,red,100,powerlaw100,11,6,0.780127763748169,0.08310173451900482,0.9421853235690799,0.16205755982091097,0.16205755982091097,
3448,39627811396258086,0.9556774731158286,red,200,powerlaw200,21,6,0.780127763748169,0.08310173451900482,0.877028229297748,0.0969004655495791,0.0969004655495791,
3448,39627811396258086,0.9556774731158286,red,300,powerlaw300,31,6,0.780127763748169,0.08310173451900482,0.7467952392862203,-0.033332524461948676,0.033332524461948676,
3448,39627811396258086,0.9556774731158286,red,500,powerlaw500,51,6,0.780127763748169,0.08310173451900482,0.8115351676131172,0.031407403864948225,0.031407403864948225,
5019,39627859735610583,1.169080471568952,blue,100,powerlaw100,11,5,4.266157627105713,0.7517795085906982,4.406307790224793,0.14015016311908024,0.14015016311908024,
5019,39627859735610583,1.169080471568952,blue,200,powerlaw200,21,5,4.266157627105713,0.7517795085906982,4.737167935545296,0.4710103084395829,0.4710103084395829,
5019,39627859735610583,1.169080471568952,blue,300,powerlaw300,31,5,4.266157627105713,0.7517795085906982,4.327205155282843,0.061047528177129884,0.061047528177129884,
5019,39627859735610583,1.169080471568952,blue,500,powerlaw500,51,5,4.266157627105713,0.7517795085906982,3.562595120409175,-0.7035625066965379,0.7035625066965379,
5019,39627859735610583,1.169080471568952,red,100,powerlaw100,11,5,0.6821373701095581,0.11370694637298584,0.9463306835100005,0.2641933134004424,0.2641933134004424,
5019,39627859735610583,1.169080471568952,red,200,powerlaw200,21,5,0.6821373701095581,0.11370694637298584,0.7555384226900297,0.07340105258047158,0.07340105258047158,
5019,39627859735610583,1.169080471568952,red,300,powerlaw300,31,5,0.6821373701095581,0.11370694637298584,0.7897037630464614,0.10756639293690329,0.10756639293690329,
5019,39627859735610583,1.169080471568952,red,500,powerlaw500,51,5,0.6821373701095581,0.11370694637298584,0.8753868870618163,0.19324951695225823,0.19324951695225823,
6169,39627829507261172,1.1309918380523147,blue,100,powerlaw100,11,5,9.571696281433105,4.375096130371094,16.7794608496224,7.207764568189294,7.207764568189294,
6169,39627829507261172,1.1309918380523147,blue,200,powerlaw200,21,5,9.571696281433105,4.375096130371094,7.774040976258981,-1.7976553051741249,1.7976553051741249,
6169,39627829507261172,1.1309918380523147,blue,300,powerlaw300,31,5,9.571696281433105,4.375096130371094,4.951730440227242,-4.619965841205864,4.619965841205864,
6169,39627829507261172,1.1309918380523147,blue,500,powerlaw500,51,5,9.571696281433105,4.375096130371094,5.078660505447196,-4.493035775985909,4.493035775985909,
6169,39627829507261172,1.1309918380523147,red,100,powerlaw100,11,5,-1.1206996440887451,0.4571127414703369,0.08890243022837395,1.209602074317119,1.209602074317119,
6169,39627829507261172,1.1309918380523147,red,200,powerlaw200,21,5,-1.1206996440887451,0.4571127414703369,0.31751276022805136,1.4382124043167965,1.4382124043167965,
6169,39627829507261172,1.1309918380523147,red,300,powerlaw300,31,5,-1.1206996440887451,0.4571127414703369,0.4411030269843927,1.5618026710731379,1.5618026710731379,
6169,39627829507261172,1.1309918380523147,red,500,powerlaw500,51,5,-1.1206996440887451,0.4571127414703369,0.6310313257829868,1.751730969871732,1.751730969871732,
6874,39627829515650745,0.9853310291504384,blue,100,powerlaw100,11,6,3.098816156387329,1.0568590958913167,0.7216992252874826,-2.3771169310998466,2.3771169310998466,
6874,39627829515650745,0.9853310291504384,blue,200,powerlaw200,21,6,3.098816156387329,1.0568590958913167,2.0826225503405755,-1.0161936060467536,1.0161936060467536,
6874,39627829515650745,0.9853310291504384,blue,300,powerlaw300,31,6,3.098816156387329,1.0568590958913167,1.7397116775396606,-1.3591044788476685,1.3591044788476685,
6874,39627829515650745,0.9853310291504384,blue,500,powerlaw500,51,6,3.098816156387329,1.0568590958913167,1.9369016757788133,-1.1619144806085158,1.1619144806085158,
6874,39627829515650745,0.9853310291504384,red,100,powerlaw100,11,6,1.0046606063842773,0.12571385502815247,2.0350257845843607,1.0303651782000833,1.0303651782000833,
6874,39627829515650745,0.9853310291504384,red,200,powerlaw200,21,6,1.0046606063842773,0.12571385502815247,1.5112490881037164,0.506588481719439,0.506588481719439,
6874,39627829515650745,0.9853310291504384,red,300,powerlaw300,31,6,1.0046606063842773,0.12571385502815247,1.0235666424071177,0.018906036022840356,0.018906036022840356,
6874,39627829515650745,0.9853310291504384,red,500,powerlaw500,51,6,1.0046606063842773,0.12571385502815247,1.0130837133971047,0.008423107012827336,0.008423107012827336,
6494,39627823471657785,0.9855442523809836,blue,100,powerlaw100,11,6,-0.14299878478050232,0.28050315380096436,1.0720077648497965,1.2150065496302989,1.2150065496302989,
6494,39627823471657785,0.9855442523809836,blue,200,powerlaw200,21,6,-0.14299878478050232,0.28050315380096436,0.6807430703092616,0.8237418550897639,0.8237418550897639,
6494,39627823471657785,0.9855442523809836,blue,300,powerlaw300,31,6,-0.14299878478050232,0.28050315380096436,0.15596494847632525,0.29896373325682757,0.29896373325682757,
6494,39627823471657785,0.9855442523809836,blue,500,powerlaw500,51,6,-0.14299878478050232,0.28050315380096436,0.312196515148827,0.45519529992932933,0.45519529992932933,
6494,39627823471657785,0.9855442523809836,red,100,powerlaw100,11,6,1.465074896812439,0.05220764378706614,1.373431297180695,-0.09164359963174395,0.09164359963174395,
6494,39627823471657785,0.9855442523809836,red,200,powerlaw200,21,6,1.465074896812439,0.05220764378706614,1.3958980054767436,-0.06917689133569538,0.06917689133569538,
6494,39627823471657785,0.9855442523809836,red,300,powerlaw300,31,6,1.465074896812439,0.05220764378706614,1.3166874547768967,-0.14838744203554222,0.14838744203554222,
6494,39627823471657785,0.9855442523809836,red,500,powerlaw500,51,6,1.465074896812439,0.05220764378706614,1.4122884977034873,-0.052786399108951665,0.052786399108951665,
12195,39627787765548684,1.1763157656078629,blue,100,powerlaw100,11,5,0.5440425872802734,2.2390169143676757,1.6854943097251986,1.1414517224449252,1.1414517224449252,
12195,39627787765548684,1.1763157656078629,blue,200,powerlaw200,21,5,0.5440425872802734,2.2390169143676757,2.0224379148889904,1.478395327608717,1.478395327608717,
12195,39627787765548684,1.1763157656078629,blue,300,powerlaw300,31,5,0.5440425872802734,2.2390169143676757,2.501118553263221,1.9570759659829475,1.9570759659829475,
12195,39627787765548684,1.1763157656078629,blue,500,powerlaw500,51,5,0.5440425872802734,2.2390169143676757,2.6123952505420407,2.0683526632617673,2.0683526632617673,
12195,39627787765548684,1.1763157656078629,red,100,powerlaw100,11,5,-0.0036797046195715666,0.2927405595779419,0.29283275882886983,0.2965124634484414,0.2965124634484414,
12195,39627787765548684,1.1763157656078629,red,200,powerlaw200,21,5,-0.0036797046195715666,0.2927405595779419,0.3274469374932325,0.33112664211280407,0.33112664211280407,
12195,39627787765548684,1.1763157656078629,red,300,powerlaw300,31,5,-0.0036797046195715666,0.2927405595779419,0.41445126289082185,0.4181309675103934,0.4181309675103934,
12195,39627787765548684,1.1763157656078629,red,500,powerlaw500,51,5,-0.0036797046195715666,0.2927405595779419,0.5646315459043166,0.5683112505238882,0.5683112505238882,
5471,39627835538673110,1.186473349652791,blue,100,powerlaw100,11,5,1.7229557037353516,2.0889541625976564,5.43087824083441,3.7079225370990585,3.7079225370990585,
5471,39627835538673110,1.186473349652791,blue,200,powerlaw200,21,5,1.7229557037353516,2.0889541625976564,4.753222891777324,3.0302671880419725,3.0302671880419725,
5471,39627835538673110,1.186473349652791,blue,300,powerlaw300,31,5,1.7229557037353516,2.0889541625976564,3.5392458980115338,1.8162901942761822,1.8162901942761822,
5471,39627835538673110,1.186473349652791,blue,500,powerlaw500,51,5,1.7229557037353516,2.0889541625976564,1.2477946578704437,-0.4751610458649078,0.4751610458649078,
5471,39627835538673110,1.186473349652791,red,100,powerlaw100,11,5,0.5935295820236206,0.27342829704284666,0.645501858171096,0.05197227614747535,0.05197227614747535,
5471,39627835538673110,1.186473349652791,red,200,powerlaw200,21,5,0.5935295820236206,0.27342829704284666,0.5539709824589298,-0.039558599564690766,0.039558599564690766,
5471,39627835538673110,1.186473349652791,red,300,powerlaw300,31,5,0.5935295820236206,0.27342829704284666,0.6624761852538914,0.0689466032302708,0.0689466032302708,
5471,39627835538673110,1.186473349652791,red,500,powerlaw500,51,5,0.5935295820236206,0.27342829704284666,0.8459867704412922,0.2524571884176716,0.2524571884176716,
2411,39627841616220404,0.9860407703406344,blue,100,powerlaw100,11,6,0.40747103095054626,0.6577589909235636,1.7269523630058899e-09,-0.4074710292235939,0.4074710292235939,
2411,39627841616220404,0.9860407703406344,blue,200,powerlaw200,21,6,0.40747103095054626,0.6577589909235636,0.0170447999138704,-0.39042623103667584,0.39042623103667584,
2411,39627841616220404,0.9860407703406344,blue,300,powerlaw300,31,6,0.40747103095054626,0.6577589909235636,0.061666144901871146,-0.3458048860486751,0.3458048860486751,
2411,39627841616220404,0.9860407703406344,blue,500,powerlaw500,51,6,0.40747103095054626,0.6577589909235636,0.1456516605949644,-0.2618193703555819,0.2618193703555819,
2411,39627841616220404,0.9860407703406344,red,100,powerlaw100,11,6,1.156842827796936,0.09340783953666687,0.7690720085676167,-0.38777081922931933,0.38777081922931933,
2411,39627841616220404,0.9860407703406344,red,200,powerlaw200,21,6,1.156842827796936,0.09340783953666687,1.013994866927795,-0.1428479608691411,0.1428479608691411,
2411,39627841616220404,0.9860407703406344,red,300,powerlaw300,31,6,1.156842827796936,0.09340783953666687,1.0170139785110768,-0.13982884928585926,0.13982884928585926,
2411,39627841616220404,0.9860407703406344,red,500,powerlaw500,51,6,1.156842827796936,0.09340783953666687,1.1036138171592198,-0.053229010637716234,0.053229010637716234,
9530,39627841595244763,0.9458196521678004,blue,100,powerlaw100,11,6,-0.47399449348449707,0.5406500101089478,0.021810836200270106,0.4958053296847672,0.4958053296847672,
9530,39627841595244763,0.9458196521678004,blue,200,powerlaw200,21,6,-0.47399449348449707,0.5406500101089478,0.020001190421487243,0.4939956839059843,0.4939956839059843,
9530,39627841595244763,0.9458196521678004,blue,300,powerlaw300,31,6,-0.47399449348449707,0.5406500101089478,0.10681347494845929,0.5808079684329563,0.5808079684329563,
9530,39627841595244763,0.9458196521678004,blue,500,powerlaw500,51,6,-0.47399449348449707,0.5406500101089478,0.08778793501435632,0.5617824284988534,0.5617824284988534,
9530,39627841595244763,0.9458196521678004,red,100,powerlaw100,11,6,1.1675976514816284,0.06031712889671326,1.3055612722285166,0.13796362074688817,0.13796362074688817,
9530,39627841595244763,0.9458196521678004,red,200,powerlaw200,21,6,1.1675976514816284,0.06031712889671326,1.2411845139535271,0.07358686247189872,0.07358686247189872,
9530,39627841595244763,0.9458196521678004,red,300,powerlaw300,31,6,1.1675976514816284,0.06031712889671326,1.335654574522289,0.16805692304066056,0.16805692304066056,
9530,39627841595244763,0.9458196521678004,red,500,powerlaw500,51,6,1.1675976514816284,0.06031712889671326,1.3456566055313461,0.17805895404971772,0.17805895404971772,
5235,39627853683231385,1.1475439273508046,blue,100,powerlaw100,11,5,-0.7104254961013794,2.1865314483642577,4.783968549376931,5.494394045478311,5.494394045478311,
5235,39627853683231385,1.1475439273508046,blue,200,powerlaw200,21,5,-0.7104254961013794,2.1865314483642577,1.8954445420543575,2.6058700381557367,2.6058700381557367,
5235,39627853683231385,1.1475439273508046,blue,300,powerlaw300,31,5,-0.7104254961013794,2.1865314483642577,2.681353854632133,3.3917793507335126,3.3917793507335126,
5235,39627853683231385,1.1475439273508046,blue,500,powerlaw500,51,5,-0.7104254961013794,2.1865314483642577,2.809023057944751,3.5194485540461304,3.5194485540461304,
5235,39627853683231385,1.1475439273508046,red,100,powerlaw100,11,5,0.334903746843338,0.30804781913757323,0.5990080576827109,0.2641043108393729,0.2641043108393729,
5235,39627853683231385,1.1475439273508046,red,200,powerlaw200,21,5,0.334903746843338,0.30804781913757323,0.9817669031238389,0.6468631562805008,0.6468631562805008,
5235,39627853683231385,1.1475439273508046,red,300,powerlaw300,31,5,0.334903746843338,0.30804781913757323,0.9442119310925502,0.6093081842492122,0.6093081842492122,
5235,39627853683231385,1.1475439273508046,red,500,powerlaw500,51,5,0.334903746843338,0.30804781913757323,0.7877079248178054,0.45280417797446737,0.45280417797446737,
2855,39627811404646966,1.0779353471456994,blue,100,powerlaw100,11,5,8.969118118286133,2.876500701904297,6.970966259231709,-1.998151859054424,1.998151859054424,
2855,39627811404646966,1.0779353471456994,blue,200,powerlaw200,21,5,8.969118118286133,2.876500701904297,8.786777596524075,-0.1823405217620575,0.1823405217620575,
2855,39627811404646966,1.0779353471456994,blue,300,powerlaw300,31,5,8.969118118286133,2.876500701904297,7.599251153920397,-1.3698669643657357,1.3698669643657357,
2855,39627811404646966,1.0779353471456994,blue,500,powerlaw500,51,5,8.969118118286133,2.876500701904297,4.060828311067331,-4.908289807218802,4.908289807218802,
2855,39627811404646966,1.0779353471456994,red,100,powerlaw100,11,5,0.6654516458511353,0.33316171169281006,1.5411699905802063,0.8757183447290711,0.8757183447290711,
2855,39627811404646966,1.0779353471456994,red,200,powerlaw200,21,5,0.6654516458511353,0.33316171169281006,1.317473550312523,0.6520219044613877,0.6520219044613877,
2855,39627811404646966,1.0779353471456994,red,300,powerlaw300,31,5,0.6654516458511353,0.33316171169281006,0.9202148732660902,0.25476322741495494,0.25476322741495494,
2855,39627811404646966,1.0779353471456994,red,500,powerlaw500,51,5,0.6654516458511353,0.33316171169281006,0.9776600038168045,0.31220835796566926,0.31220835796566926,
11052,39627853666454292,0.9581699887978288,blue,100,powerlaw100,11,6,0.39707955718040466,1.0315402348836262,2.410138918498071,2.013059361317666,2.013059361317666,
11052,39627853666454292,0.9581699887978288,blue,200,powerlaw200,21,6,0.39707955718040466,1.0315402348836262,2.06329895600576,1.6662193988253553,1.6662193988253553,
11052,39627853666454292,0.9581699887978288,blue,300,powerlaw300,31,6,0.39707955718040466,1.0315402348836262,2.590144665217614,2.193065108037209,2.193065108037209,
11052,39627853666454292,0.9581699887978288,blue,500,powerlaw500,51,6,0.39707955718040466,1.0315402348836262,1.7032753750747454,1.3061958178943407,1.3061958178943407,
11052,39627853666454292,0.9581699887978288,red,100,powerlaw100,11,6,0.8479058742523193,0.0873694618542989,0.8403916289610188,-0.007514245291300514,0.007514245291300514,
11052,39627853666454292,0.9581699887978288,red,200,powerlaw200,21,6,0.8479058742523193,0.0873694618542989,0.829262407454146,-0.018643466798173303,0.018643466798173303,
11052,39627853666454292,0.9581699887978288,red,300,powerlaw300,31,6,0.8479058742523193,0.0873694618542989,1.1679816446377995,0.3200757703854802,0.3200757703854802,
11052,39627853666454292,0.9581699887978288,red,500,powerlaw500,51,6,0.8479058742523193,0.0873694618542989,0.8657060004476079,0.01780012619528859,0.01780012619528859,
1680,39627835584811400,0.9262710409805688,blue,100,powerlaw100,11,6,-5.42909574508667,2.721757253011068,3.419712698927349e-102,5.42909574508667,5.42909574508667,
1680,39627835584811400,0.9262710409805688,blue,200,powerlaw200,21,6,-5.42909574508667,2.721757253011068,3.717795702762462e-08,5.429095782264627,5.429095782264627,
1680,39627835584811400,0.9262710409805688,blue,300,powerlaw300,31,6,-5.42909574508667,2.721757253011068,0.0015137571040275037,5.4306095021906975,5.4306095021906975,
1680,39627835584811400,0.9262710409805688,blue,500,powerlaw500,51,6,-5.42909574508667,2.721757253011068,0.14045847339606252,5.5695542184827325,5.5695542184827325,
1680,39627835584811400,0.9262710409805688,red,100,powerlaw100,11,6,0.4453323781490326,0.28183335065841675,1.199457567750531,0.7541251896014984,0.7541251896014984,
1680,39627835584811400,0.9262710409805688,red,200,powerlaw200,21,6,0.4453323781490326,0.28183335065841675,0.9357807633297534,0.49044838518072076,0.49044838518072076,
1680,39627835584811400,0.9262710409805688,red,300,powerlaw300,31,6,0.4453323781490326,0.28183335065841675,0.9294973862143586,0.48416500806532603,0.48416500806532603,
1680,39627835584811400,0.9262710409805688,red,500,powerlaw500,51,6,0.4453323781490326,0.28183335065841675,0.672364474870314,0.22703209672128144,0.22703209672128144,
6183,39627835547059128,1.1304950835609242,blue,100,powerlaw100,11,5,3.8388569355010986,1.599222183227539,1.536564505838589,-2.3022924296625096,2.3022924296625096,
6183,39627835547059128,1.1304950835609242,blue,200,powerlaw200,21,5,3.8388569355010986,1.599222183227539,1.8860208081314507,-1.952836127369648,1.952836127369648,
6183,39627835547059128,1.1304950835609242,blue,300,powerlaw300,31,5,3.8388569355010986,1.599222183227539,2.4520398779001953,-1.3868170576009033,1.3868170576009033,
6183,39627835547059128,1.1304950835609242,blue,500,powerlaw500,51,5,3.8388569355010986,1.599222183227539,2.7207978454989035,-1.1180590900021952,1.1180590900021952,
6183,39627835547059128,1.1304950835609242,red,100,powerlaw100,11,5,0.7309815287590027,0.16383724212646483,0.7296693393618601,-0.0013121893971426157,0.0013121893971426157,
6183,39627835547059128,1.1304950835609242,red,200,powerlaw200,21,5,0.7309815287590027,0.16383724212646483,0.8063639657985032,0.07538243703950054,0.07538243703950054,
6183,39627835547059128,1.1304950835609242,red,300,powerlaw300,31,5,0.7309815287590027,0.16383724212646483,0.7089285335667738,-0.02205299519222892,0.02205299519222892,
6183,39627835547059128,1.1304950835609242,red,500,powerlaw500,51,5,0.7309815287590027,0.16383724212646483,0.8090900491891462,0.07810852043014349,0.07810852043014349,
11793,39627787757161272,1.1045108733521858,blue,100,powerlaw100,11,5,4.175651550292969,1.5521843910217286,5.1419591716542,0.9663076213612314,0.9663076213612314,
11793,39627787757161272,1.1045108733521858,blue,200,powerlaw200,21,5,4.175651550292969,1.5521843910217286,6.810648978105014,2.6349974278120456,2.6349974278120456,
11793,39627787757161272,1.1045108733521858,blue,300,powerlaw300,31,5,4.175651550292969,1.5521843910217286,5.205304509737422,1.0296529594444532,1.0296529594444532,
11793,39627787757161272,1.1045108733521858,blue,500,powerlaw500,51,5,4.175651550292969,1.5521843910217286,4.605565509925194,0.42991395963222523,0.42991395963222523,
11793,39627787757161272,1.1045108733521858,red,100,powerlaw100,11,5,0.8485339879989624,0.1642054796218872,1.3600919259980746,0.5115579379991122,0.5115579379991122,
11793,39627787757161272,1.1045108733521858,red,200,powerlaw200,21,5,0.8485339879989624,0.1642054796218872,0.6949249911214124,-0.15360899687755003,0.15360899687755003,
11793,39627787757161272,1.1045108733521858,red,300,powerlaw300,31,5,0.8485339879989624,0.1642054796218872,0.8534643804822034,0.004930392483241008,0.004930392483241008,
11793,39627787757161272,1.1045108733521858,red,500,powerlaw500,51,5,0.8485339879989624,0.1642054796218872,0.708702745842143,-0.1398312421568194,0.1398312421568194,
4166,39627829519843367,0.9900171343132308,blue,100,powerlaw100,11,6,2.8682377338409424,1.952934741973877,0.2830290157973925,-2.5852087180435497,2.5852087180435497,
4166,39627829519843367,0.9900171343132308,blue,200,powerlaw200,21,6,2.8682377338409424,1.952934741973877,1.3308325010780349,-1.5374052327629075,1.5374052327629075,
4166,39627829519843367,0.9900171343132308,blue,300,powerlaw300,31,6,2.8682377338409424,1.952934741973877,0.9281441451270429,-1.9400935887138995,1.9400935887138995,
4166,39627829519843367,0.9900171343132308,blue,500,powerlaw500,51,6,2.8682377338409424,1.952934741973877,2.083345420735217,-0.7848923131057255,0.7848923131057255,
4166,39627829519843367,0.9900171343132308,red,100,powerlaw100,11,6,1.174017310142517,0.2501705288887024,1.012121425587442,-0.1618958845550751,0.1618958845550751,
4166,39627829519843367,0.9900171343132308,red,200,powerlaw200,21,6,1.174017310142517,0.2501705288887024,0.9397638573367466,-0.23425345280577048,0.23425345280577048,
4166,39627829519843367,0.9900171343132308,red,300,powerlaw300,31,6,1.174017310142517,0.2501705288887024,0.8959438646738338,-0.2780734454686833,0.2780734454686833,
4166,39627829519843367,0.9900171343132308,red,500,powerlaw500,51,6,1.174017310142517,0.2501705288887024,1.0642267905106673,-0.10979051963184983,0.10979051963184983,
11251,39627859706251459,1.1962857837234917,blue,100,powerlaw100,11,5,1.9444087743759155,1.444663143157959,3.2318240951650075,1.287415320789092,1.287415320789092,
11251,39627859706251459,1.1962857837234917,blue,200,powerlaw200,21,5,1.9444087743759155,1.444663143157959,3.087095299964126,1.1426865255882106,1.1426865255882106,
11251,39627859706251459,1.1962857837234917,blue,300,powerlaw300,31,5,1.9444087743759155,1.444663143157959,2.6962987757692316,0.7518900013933161,0.7518900013933161,
11251,39627859706251459,1.1962857837234917,blue,500,powerlaw500,51,5,1.9444087743759155,1.444663143157959,2.9492875786105257,1.0048788042346102,1.0048788042346102,
11251,39627859706251459,1.1962857837234917,red,100,powerlaw100,11,5,0.8995312452316284,0.19361655712127684,0.8418905733336197,-0.0576406718980087,0.0576406718980087,
11251,39627859706251459,1.1962857837234917,red,200,powerlaw200,21,5,0.8995312452316284,0.19361655712127684,1.1021912956133417,0.2026600503817133,0.2026600503817133,
11251,39627859706251459,1.1962857837234917,red,300,powerlaw300,31,5,0.8995312452316284,0.19361655712127684,1.2095900603533938,0.31005881512176536,0.31005881512176536,
11251,39627859706251459,1.1962857837234917,red,500,powerlaw500,51,5,0.8995312452316284,0.19361655712127684,1.0276285017229854,0.12809725649135695,0.12809725649135695,
5336,39627865767019915,0.9051633786755404,blue,100,powerlaw100,11,6,0.2718139588832855,1.810174783070882,1.8983867115076116,1.626572752624326,1.626572752624326,
5336,39627865767019915,0.9051633786755404,blue,200,powerlaw200,21,6,0.2718139588832855,1.810174783070882,1.726905943214928,1.4550919843316426,1.4550919843316426,
5336,39627865767019915,0.9051633786755404,blue,300,powerlaw300,31,6,0.2718139588832855,1.810174783070882,1.577106606282385,1.3052926473990996,1.3052926473990996,
5336,39627865767019915,0.9051633786755404,blue,500,powerlaw500,51,6,0.2718139588832855,1.810174783070882,1.9940028883697078,1.7221889294864223,1.7221889294864223,
5336,39627865767019915,0.9051633786755404,red,100,powerlaw100,11,6,0.8414933085441589,0.17872287829717,0.5408878203987474,-0.30060548814541155,0.30060548814541155,
5336,39627865767019915,0.9051633786755404,red,200,powerlaw200,21,6,0.8414933085441589,0.17872287829717,0.6200372294208886,-0.22145607912327037,0.22145607912327037,
5336,39627865767019915,0.9051633786755404,red,300,powerlaw300,31,6,0.8414933085441589,0.17872287829717,0.8684031357497405,0.02690982720558155,0.02690982720558155,
5336,39627865767019915,0.9051633786755404,red,500,powerlaw500,51,6,0.8414933085441589,0.17872287829717,1.0150687375918466,0.17357542904768763,0.17357542904768763,
9631,39627859718833399,0.9525367578640784,blue,100,powerlaw100,11,6,1.325890064239502,0.7370791435241699,1.7224072349391655,0.3965171706996635,0.3965171706996635,
9631,39627859718833399,0.9525367578640784,blue,200,powerlaw200,21,6,1.325890064239502,0.7370791435241699,3.72711475785522,2.401224693615718,2.401224693615718,
9631,39627859718833399,0.9525367578640784,blue,300,powerlaw300,31,6,1.325890064239502,0.7370791435241699,3.344706083565215,2.018816019325713,2.018816019325713,
9631,39627859718833399,0.9525367578640784,blue,500,powerlaw500,51,6,1.325890064239502,0.7370791435241699,1.950252235077383,0.624362170837881,0.624362170837881,
9631,39627859718833399,0.9525367578640784,red,100,powerlaw100,11,6,0.6161969900131226,0.12949398159980774,0.9473969175045589,0.33119992749143634,0.33119992749143634,
9631,39627859718833399,0.9525367578640784,red,200,powerlaw200,21,6,0.6161969900131226,0.12949398159980774,1.0380772929549618,0.4218803029418392,0.4218803029418392,
9631,39627859718833399,0.9525367578640784,red,300,powerlaw300,31,6,0.6161969900131226,0.12949398159980774,0.9399241537566462,0.3237271637435236,0.3237271637435236,
9631,39627859718833399,0.9525367578640784,red,500,powerlaw500,51,6,0.6161969900131226,0.12949398159980774,0.9141310440565104,0.2979340540433878,0.2979340540433878,
12152,39627787769742381,1.1321042828030887,blue,100,powerlaw100,11,5,0.7042606472969055,1.282240390777588,0.47028179139314547,-0.23397885590376005,0.23397885590376005,
12152,39627787769742381,1.1321042828030887,blue,200,powerlaw200,21,5,0.7042606472969055,1.282240390777588,0.888265409331358,0.18400476203445248,0.18400476203445248,
12152,39627787769742381,1.1321042828030887,blue,300,powerlaw300,31,5,0.7042606472969055,1.282240390777588,0.8892391936668146,0.18497854636990907,0.18497854636990907,
12152,39627787769742381,1.1321042828030887,blue,500,powerlaw500,51,5,0.7042606472969055,1.282240390777588,0.7877268261814765,0.08346617888457097,0.08346617888457097,
12152,39627787769742381,1.1321042828030887,red,100,powerlaw100,11,5,0.8482829332351685,0.1936151146888733,0.4413069328494331,-0.40697600038573534,0.40697600038573534,
12152,39627787769742381,1.1321042828030887,red,200,powerlaw200,21,5,0.8482829332351685,0.1936151146888733,0.8774200540825612,0.029137120847392728,0.029137120847392728,
12152,39627787769742381,1.1321042828030887,red,300,powerlaw300,31,5,0.8482829332351685,0.1936151146888733,1.13963075770533,0.2913478244701615,0.2913478244701615,
12152,39627787769742381,1.1321042828030887,red,500,powerlaw500,51,5,0.8482829332351685,0.1936151146888733,0.8508068256467898,0.00252389241162132,0.00252389241162132,
10392,39627859702058943,1.1661596675842163,blue,100,powerlaw100,11,5,-0.7693114280700684,2.9580326080322266,2.981637898344791,3.7509493264148595,3.7509493264148595,
10392,39627859702058943,1.1661596675842163,blue,200,powerlaw200,21,5,-0.7693114280700684,2.9580326080322266,3.3358124828509594,4.105123910921028,4.105123910921028,
10392,39627859702058943,1.1661596675842163,blue,300,powerlaw300,31,5,-0.7693114280700684,2.9580326080322266,4.084725645483717,4.854037073553785,4.854037073553785,
10392,39627859702058943,1.1661596675842163,blue,500,powerlaw500,51,5,-0.7693114280700684,2.9580326080322266,5.168340175278538,5.937651603348606,5.937651603348606,
10392,39627859702058943,1.1661596675842163,red,100,powerlaw100,11,5,-0.17518611252307892,0.445873498916626,0.9711023975867814,1.1462885101098603,1.1462885101098603,
10392,39627859702058943,1.1661596675842163,red,200,powerlaw200,21,5,-0.17518611252307892,0.445873498916626,1.3396310453518656,1.5148171578749445,1.5148171578749445,
10392,39627859702058943,1.1661596675842163,red,300,powerlaw300,31,5,-0.17518611252307892,0.445873498916626,1.0842937883702732,1.2594799008933522,1.2594799008933522,
10392,39627859702058943,1.1661596675842163,red,500,powerlaw500,51,5,-0.17518611252307892,0.445873498916626,0.8800887611520244,1.0552748736751032,1.0552748736751032,
3295,39627817440250458,1.0936068797681069,blue,100,powerlaw100,11,5,2.9510700702667236,1.5504795074462892,4.49918315613113,1.548113085864406,1.548113085864406,
3295,39627817440250458,1.0936068797681069,blue,200,powerlaw200,21,5,2.9510700702667236,1.5504795074462892,2.6950178009756636,-0.25605226929106006,0.25605226929106006,
3295,39627817440250458,1.0936068797681069,blue,300,powerlaw300,31,5,2.9510700702667236,1.5504795074462892,2.97467021308251,0.023600142815786374,0.023600142815786374,
3295,39627817440250458,1.0936068797681069,blue,500,powerlaw500,51,5,2.9510700702667236,1.5504795074462892,3.073778898082557,0.12270882781583348,0.12270882781583348,
3295,39627817440250458,1.0936068797681069,red,100,powerlaw100,11,5,0.636349081993103,0.1434484004974365,1.2350093182092796,0.5986602362161766,0.5986602362161766,
3295,39627817440250458,1.0936068797681069,red,200,powerlaw200,21,5,0.636349081993103,0.1434484004974365,0.9616417633402776,0.3252926813471746,0.3252926813471746,
3295,39627817440250458,1.0936068797681069,red,300,powerlaw300,31,5,0.636349081993103,0.1434484004974365,0.8844727954548521,0.2481237134617491,0.2481237134617491,
3295,39627817440250458,1.0936068797681069,red,500,powerlaw500,51,5,0.636349081993103,0.1434484004974365,0.8592998392848784,0.22295075729177538,0.22295075729177538,
10432,39627865741856906,0.914281064747458,blue,100,powerlaw100,11,6,8.624804496765137,3.5208683013916016,4.969869844786669,-3.6549346519784676,3.6549346519784676,
10432,39627865741856906,0.914281064747458,blue,200,powerlaw200,21,6,8.624804496765137,3.5208683013916016,2.4375589688619077,-6.1872455279032295,6.1872455279032295,
10432,39627865741856906,0.914281064747458,blue,300,powerlaw300,31,6,8.624804496765137,3.5208683013916016,2.9803795283569308,-5.644424968408206,5.644424968408206,
10432,39627865741856906,0.914281064747458,blue,500,powerlaw500,51,6,8.624804496765137,3.5208683013916016,2.97790608595739,-5.646898410807747,5.646898410807747,
10432,39627865741856906,0.914281064747458,red,100,powerlaw100,11,6,0.19046366214752197,0.35103897253672284,0.5557561122974704,0.3652924501499484,0.3652924501499484,
10432,39627865741856906,0.914281064747458,red,200,powerlaw200,21,6,0.19046366214752197,0.35103897253672284,0.9830266457432338,0.7925629835957119,0.7925629835957119,
10432,39627865741856906,0.914281064747458,red,300,powerlaw300,31,6,0.19046366214752197,0.35103897253672284,0.8607617963171125,0.6702981341695905,0.6702981341695905,
10432,39627865741856906,0.914281064747458,red,500,powerlaw500,51,6,0.19046366214752197,0.35103897253672284,1.0039258552016932,0.8134621930541712,0.8134621930541712,
7027,39627829532426764,1.1712645646736977,blue,100,powerlaw100,11,5,2.5355567932128906,2.7774248123168945,7.777858192352466,5.242301399139575,5.242301399139575,
7027,39627829532426764,1.1712645646736977,blue,200,powerlaw200,21,5,2.5355567932128906,2.7774248123168945,8.626101823390247,6.090545030177356,6.090545030177356,
7027,39627829532426764,1.1712645646736977,blue,300,powerlaw300,31,5,2.5355567932128906,2.7774248123168945,7.791144056268235,5.255587263055344,5.255587263055344,
7027,39627829532426764,1.1712645646736977,blue,500,powerlaw500,51,5,2.5355567932128906,2.7774248123168945,7.543829926154034,5.008273132941143,5.008273132941143,
7027,39627829532426764,1.1712645646736977,red,100,powerlaw100,11,5,0.7177359461784363,0.2773017168045044,1.2660049581879824,0.5482690120095461,0.5482690120095461,
7027,39627829532426764,1.1712645646736977,red,200,powerlaw200,21,5,0.7177359461784363,0.2773017168045044,0.6191124627739893,-0.09862348340444693,0.09862348340444693,
7027,39627829532426764,1.1712645646736977,red,300,powerlaw300,31,5,0.7177359461784363,0.2773017168045044,1.006690091760512,0.28895414558207566,0.28895414558207566,
7027,39627829532426764,1.1712645646736977,red,500,powerlaw500,51,5,0.7177359461784363,0.2773017168045044,1.1061158163094476,0.3883798701310113,0.3883798701310113,
12531,39627787748774685,1.1981110618798487,blue,100,powerlaw100,11,5,2.845226764678955,2.7597496032714846,0.9054489768738669,-1.9397777878050881,1.9397777878050881,
12531,39627787748774685,1.1981110618798487,blue,200,powerlaw200,21,5,2.845226764678955,2.7597496032714846,1.8690218375680892,-0.9762049271108659,0.9762049271108659,
12531,39627787748774685,1.1981110618798487,blue,300,powerlaw300,31,5,2.845226764678955,2.7597496032714846,2.3552635718050876,-0.48996319287386747,0.48996319287386747,
12531,39627787748774685,1.1981110618798487,blue,500,powerlaw500,51,5,2.845226764678955,2.7597496032714846,2.2958488629682323,-0.5493779017107228,0.5493779017107228,
12531,39627787748774685,1.1981110618798487,red,100,powerlaw100,11,5,1.2355024814605713,0.34408130645751955,0.9247624241719354,-0.31074005728863585,0.31074005728863585,
12531,39627787748774685,1.1981110618798487,red,200,powerlaw200,21,5,1.2355024814605713,0.34408130645751955,0.8846227901734605,-0.35087969128711083,0.35087969128711083,
12531,39627787748774685,1.1981110618798487,red,300,powerlaw300,31,5,1.2355024814605713,0.34408130645751955,1.1635952590703649,-0.07190722239020642,0.07190722239020642,
12531,39627787748774685,1.1981110618798487,red,500,powerlaw500,51,5,1.2355024814605713,0.34408130645751955,1.129130223641488,-0.10637225781908333,0.10637225781908333,
10082,39627835555446951,0.9515059827554552,blue,100,powerlaw100,11,6,3.368243455886841,1.1312491099039714,3.312617297145264,-0.05562615874157695,0.05562615874157695,
10082,39627835555446951,0.9515059827554552,blue,200,powerlaw200,21,6,3.368243455886841,1.1312491099039714,2.3845699622159793,-0.9836734936708615,0.9836734936708615,
10082,39627835555446951,0.9515059827554552,blue,300,powerlaw300,31,6,3.368243455886841,1.1312491099039714,2.473348818829491,-0.8948946370573498,0.8948946370573498,
10082,39627835555446951,0.9515059827554552,blue,500,powerlaw500,51,6,3.368243455886841,1.1312491099039714,2.4152711142263743,-0.9529723416604665,0.9529723416604665,
10082,39627835555446951,0.9515059827554552,red,100,powerlaw100,11,6,1.2829266786575317,0.14042811592419943,0.19400912660053868,-1.0889175520569931,1.0889175520569931,
10082,39627835555446951,0.9515059827554552,red,200,powerlaw200,21,6,1.2829266786575317,0.14042811592419943,0.4540044654409689,-0.8289222132165628,0.8289222132165628,
10082,39627835555446951,0.9515059827554552,red,300,powerlaw300,31,6,1.2829266786575317,0.14042811592419943,0.7476764166141604,-0.5352502620433713,0.5352502620433713,
10082,39627835555446951,0.9515059827554552,red,500,powerlaw500,51,6,1.2829266786575317,0.14042811592419943,0.7799392052085166,-0.5029874734490152,0.5029874734490152,
12587,39627781717360771,1.0990866572964344,blue,100,powerlaw100,11,5,1.877110242843628,2.069741630554199,0.8403812709125684,-1.0367289719310595,1.0367289719310595,
12587,39627781717360771,1.0990866572964344,blue,200,powerlaw200,21,5,1.877110242843628,2.069741630554199,1.9949700833575723,0.11785984051394438,0.11785984051394438,
12587,39627781717360771,1.0990866572964344,blue,300,powerlaw300,31,5,1.877110242843628,2.069741630554199,0.6186035689529353,-1.2585066738906927,1.2585066738906927,
12587,39627781717360771,1.0990866572964344,blue,500,powerlaw500,51,5,1.877110242843628,2.069741630554199,0.9186071041269048,-0.9585031387167231,0.9585031387167231,
12587,39627781717360771,1.0990866572964344,red,100,powerlaw100,11,5,0.723888635635376,0.23631997108459474,0.6821558546218839,-0.04173278101349209,0.04173278101349209,
12587,39627781717360771,1.0990866572964344,red,200,powerlaw200,21,5,0.723888635635376,0.23631997108459474,0.7669433217114734,0.043054686076097415,0.043054686076097415,
12587,39627781717360771,1.0990866572964344,red,300,powerlaw300,31,5,0.723888635635376,0.23631997108459474,1.3251566976212725,0.6012680619858966,0.6012680619858966,
12587,39627781717360771,1.0990866572964344,red,500,powerlaw500,51,5,0.723888635635376,0.23631997108459474,0.7880055968355696,0.06411696120019361,0.06411696120019361,
2562,39627823480048193,0.997804375704896,blue,100,powerlaw100,11,6,1.8403207063674927,1.673439661661784,1.1950489237402697,-0.645271782627223,0.645271782627223,
2562,39627823480048193,0.997804375704896,blue,200,powerlaw200,21,6,1.8403207063674927,1.673439661661784,2.1321681699673465,0.2918474635998538,0.2918474635998538,
2562,39627823480048193,0.997804375704896,blue,300,powerlaw300,31,6,1.8403207063674927,1.673439661661784,2.1753779552220807,0.335057248854588,0.335057248854588,
2562,39627823480048193,0.997804375704896,blue,500,powerlaw500,51,6,1.8403207063674927,1.673439661661784,2.5032615596302623,0.6629408532627696,0.6629408532627696,
2562,39627823480048193,0.997804375704896,red,100,powerlaw100,11,6,1.2285542488098145,0.2682734727859497,0.1326733695294279,-1.0958808792803865,1.0958808792803865,
2562,39627823480048193,0.997804375704896,red,200,powerlaw200,21,6,1.2285542488098145,0.2682734727859497,0.4491024395234751,-0.7794518092863394,0.7794518092863394,
2562,39627823480048193,0.997804375704896,red,300,powerlaw300,31,6,1.2285542488098145,0.2682734727859497,0.6457608752035074,-0.582793373606307,0.582793373606307,
2562,39627823480048193,0.997804375704896,red,500,powerlaw500,51,6,1.2285542488098145,0.2682734727859497,0.7804403437235282,-0.44811390508628623,0.44811390508628623,
5698,39627829511459498,0.9843371043611808,blue,100,powerlaw100,11,6,3.643181800842285,2.197720209757487,10.663468059505963,7.020286258663678,7.020286258663678,
5698,39627829511459498,0.9843371043611808,blue,200,powerlaw200,21,6,3.643181800842285,2.197720209757487,1.4784715272841407,-2.1647102735581445,2.1647102735581445,
5698,39627829511459498,0.9843371043611808,blue,300,powerlaw300,31,6,3.643181800842285,2.197720209757487,4.953822922166817,1.3106411213245321,1.3106411213245321,
5698,39627829511459498,0.9843371043611808,blue,500,powerlaw500,51,6,3.643181800842285,2.197720209757487,2.7878665186047793,-0.8553152822375059,0.8553152822375059,
5698,39627829511459498,0.9843371043611808,red,100,powerlaw100,11,6,1.4260958433151245,0.24356339375178018,1.5583151347518287,0.1322192914367042,0.1322192914367042,
5698,39627829511459498,0.9843371043611808,red,200,powerlaw200,21,6,1.4260958433151245,0.24356339375178018,1.0276918498611998,-0.39840399345392474,0.39840399345392474,
5698,39627829511459498,0.9843371043611808,red,300,powerlaw300,31,6,1.4260958433151245,0.24356339375178018,1.1948731845017504,-0.23122265881337412,0.23122265881337412,
5698,39627829511459498,0.9843371043611808,red,500,powerlaw500,51,6,1.4260958433151245,0.24356339375178018,0.8391843117575295,-0.586911531557595,0.586911531557595,
9176,39627847643436457,1.0837261233734312,blue,100,powerlaw100,11,5,5.877267837524414,2.247621536254883,7.119878496312994,1.2426106587885801,1.2426106587885801,
9176,39627847643436457,1.0837261233734312,blue,200,powerlaw200,21,5,5.877267837524414,2.247621536254883,3.3493226211510723,-2.527945216373342,2.527945216373342,
9176,39627847643436457,1.0837261233734312,blue,300,powerlaw300,31,5,5.877267837524414,2.247621536254883,2.8389752601838856,-3.0382925773405285,3.0382925773405285,
9176,39627847643436457,1.0837261233734312,blue,500,powerlaw500,51,5,5.877267837524414,2.247621536254883,3.572524890263491,-2.304742947260923,2.304742947260923,
9176,39627847643436457,1.0837261233734312,red,100,powerlaw100,11,5,0.43303221464157104,0.22314026355743408,1.1196078340506852,0.6865756194091142,0.6865756194091142,
9176,39627847643436457,1.0837261233734312,red,200,powerlaw200,21,5,0.43303221464157104,0.22314026355743408,0.771795631873746,0.33876341723217496,0.33876341723217496,
9176,39627847643436457,1.0837261233734312,red,300,powerlaw300,31,5,0.43303221464157104,0.22314026355743408,0.6381008856153949,0.20506867097382386,0.20506867097382386,
9176,39627847643436457,1.0837261233734312,red,500,powerlaw500,51,5,0.43303221464157104,0.22314026355743408,0.7412980144756551,0.3082657998340841,0.3082657998340841,
12079,39627787752966852,0.9998524207810188,blue,100,powerlaw100,11,6,1.454645037651062,0.6294229427973429,2.4368029904060253,0.9821579527549633,0.9821579527549633,
12079,39627787752966852,0.9998524207810188,blue,200,powerlaw200,21,6,1.454645037651062,0.6294229427973429,2.9530499546057336,1.4984049169546716,1.4984049169546716,
12079,39627787752966852,0.9998524207810188,blue,300,powerlaw300,31,6,1.454645037651062,0.6294229427973429,2.8391846750575254,1.3845396374064634,1.3845396374064634,
12079,39627787752966852,0.9998524207810188,blue,500,powerlaw500,51,6,1.454645037651062,0.6294229427973429,2.7088112010544516,1.2541661634033896,1.2541661634033896,
12079,39627787752966852,0.9998524207810188,red,100,powerlaw100,11,6,1.4270673990249634,0.067494402329127,0.8690658032835286,-0.5580015957414348,0.5580015957414348,
12079,39627787752966852,0.9998524207810188,red,200,powerlaw200,21,6,1.4270673990249634,0.067494402329127,0.8505773735146772,-0.5764900255102862,0.5764900255102862,
12079,39627787752966852,0.9998524207810188,red,300,powerlaw300,31,6,1.4270673990249634,0.067494402329127,0.9300833341666231,-0.49698406485834024,0.49698406485834024,
12079,39627787752966852,0.9998524207810188,red,500,powerlaw500,51,6,1.4270673990249634,0.067494402329127,0.819207247097633,-0.6078601519273303,0.6078601519273303,
1490,39627847664403376,1.068185433464243,blue,100,powerlaw100,11,5,-1.045975685119629,5.011490249633789,6.880145669410422,7.926121354530051,7.926121354530051,
1490,39627847664403376,1.068185433464243,blue,200,powerlaw200,21,5,-1.045975685119629,5.011490249633789,4.600149759216697,5.646125444336326,5.646125444336326,
1490,39627847664403376,1.068185433464243,blue,300,powerlaw300,31,5,-1.045975685119629,5.011490249633789,4.894793531141369,5.940769216260998,5.940769216260998,
1490,39627847664403376,1.068185433464243,blue,500,powerlaw500,51,5,-1.045975685119629,5.011490249633789,5.595751031836811,6.64172671695644,6.64172671695644,
1490,39627847664403376,1.068185433464243,red,100,powerlaw100,11,5,0.33501997590065,0.4258988380432129,0.5080258741906103,0.17300589828996027,0.17300589828996027,
1490,39627847664403376,1.068185433464243,red,200,powerlaw200,21,5,0.33501997590065,0.4258988380432129,0.6408253058571016,0.3058053299564516,0.3058053299564516,
1490,39627847664403376,1.068185433464243,red,300,powerlaw300,31,5,0.33501997590065,0.4258988380432129,0.6444360203745038,0.30941604447385374,0.30941604447385374,
1490,39627847664403376,1.068185433464243,red,500,powerlaw500,51,5,0.33501997590065,0.4258988380432129,0.9057709323979397,0.5707509564972897,0.5707509564972897,
6975,39627835551253363,1.0018791958639717,blue,100,powerlaw100,11,5,6.837118625640869,2.042428970336914,3.8623621049830192,-2.97475652065785,2.97475652065785,
6975,39627835551253363,1.0018791958639717,blue,200,powerlaw200,21,5,6.837118625640869,2.042428970336914,4.568001297357127,-2.269117328283742,2.269117328283742,
6975,39627835551253363,1.0018791958639717,blue,300,powerlaw300,31,5,6.837118625640869,2.042428970336914,4.830205189255144,-2.006913436385725,2.006913436385725,
6975,39627835551253363,1.0018791958639717,blue,500,powerlaw500,51,5,6.837118625640869,2.042428970336914,5.850127886409138,-0.9869907392317314,0.9869907392317314,
6975,39627835551253363,1.0018791958639717,red,100,powerlaw100,11,5,0.823095977306366,0.2617948055267334,1.587592107215551,0.764496129909185,0.764496129909185,
6975,39627835551253363,1.0018791958639717,red,200,powerlaw200,21,5,0.823095977306366,0.2617948055267334,0.8655807991920117,0.04248482188564573,0.04248482188564573,
6975,39627835551253363,1.0018791958639717,red,300,powerlaw300,31,5,0.823095977306366,0.2617948055267334,0.8650613302643894,0.041965352958023394,0.041965352958023394,
6975,39627835551253363,1.0018791958639717,red,500,powerlaw500,51,5,0.823095977306366,0.2617948055267334,0.7591801763968138,-0.06391580090955218,0.06391580090955218,
1985,39627853708394865,0.9581712359925204,blue,100,powerlaw100,11,6,5.379946231842041,1.507738431294759,0.8141618323661325,-4.565784399475908,4.565784399475908,
1985,39627853708394865,0.9581712359925204,blue,200,powerlaw200,21,6,5.379946231842041,1.507738431294759,1.3082613918848376,-4.071684839957204,4.071684839957204,
1985,39627853708394865,0.9581712359925204,blue,300,powerlaw300,31,6,5.379946231842041,1.507738431294759,1.407533312670853,-3.9724129191711883,3.9724129191711883,
1985,39627853708394865,0.9581712359925204,blue,500,powerlaw500,51,6,5.379946231842041,1.507738431294759,1.8148499579635364,-3.5650962738785044,3.5650962738785044,
1985,39627853708394865,0.9581712359925204,red,100,powerlaw100,11,6,1.7458547353744507,0.17625552415847778,1.3369687148115048,-0.4088860205629459,0.4088860205629459,
1985,39627853708394865,0.9581712359925204,red,200,powerlaw200,21,6,1.7458547353744507,0.17625552415847778,1.4797269017251944,-0.2661278336492563,0.2661278336492563,
1985,39627853708394865,0.9581712359925204,red,300,powerlaw300,31,6,1.7458547353744507,0.17625552415847778,1.3270897206847276,-0.41876501468972305,0.41876501468972305,
1985,39627853708394865,0.9581712359925204,red,500,powerlaw500,51,6,1.7458547353744507,0.17625552415847778,1.106074071353644,-0.6397806640208066,0.6397806640208066,
6235,39627829507262601,0.9214040162487822,blue,100,powerlaw100,11,6,2.158768892288208,0.9553389549255371,3.874603730498398,1.7158348382101898,1.7158348382101898,
6235,39627829507262601,0.9214040162487822,blue,200,powerlaw200,21,6,2.158768892288208,0.9553389549255371,4.11498159998295,1.9562127076947418,1.9562127076947418,
6235,39627829507262601,0.9214040162487822,blue,300,powerlaw300,31,6,2.158768892288208,0.9553389549255371,1.8278583077448,-0.33091058454340794,0.33091058454340794,
6235,39627829507262601,0.9214040162487822,blue,500,powerlaw500,51,6,2.158768892288208,0.9553389549255371,1.3650324867879633,-0.7937364055002447,0.7937364055002447,
6235,39627829507262601,0.9214040162487822,red,100,powerlaw100,11,6,0.6564813256263733,0.08880349000295003,0.7934122665765027,0.13693094095012937,0.13693094095012937,
6235,39627829507262601,0.9214040162487822,red,200,powerlaw200,21,6,0.6564813256263733,0.08880349000295003,0.8274295566929194,0.1709482310665461,0.1709482310665461,
6235,39627829507262601,0.9214040162487822,red,300,powerlaw300,31,6,0.6564813256263733,0.08880349000295003,0.896923040403844,0.24044171477747067,0.24044171477747067,
6235,39627829507262601,0.9214040162487822,red,500,powerlaw500,51,6,0.6564813256263733,0.08880349000295003,0.9515438112113754,0.29506248558500214,0.29506248558500214,
3164,39627823480047092,1.0234454240720046,blue,100,powerlaw100,11,5,8.449907302856445,1.6725902557373047,6.648323516153633,-1.8015837867028122,1.8015837867028122,
3164,39627823480047092,1.0234454240720046,blue,200,powerlaw200,21,5,8.449907302856445,1.6725902557373047,4.713845192825245,-3.7360621100312006,3.7360621100312006,
3164,39627823480047092,1.0234454240720046,blue,300,powerlaw300,31,5,8.449907302856445,1.6725902557373047,3.920549921170955,-4.52935738168549,4.52935738168549,
3164,39627823480047092,1.0234454240720046,blue,500,powerlaw500,51,5,8.449907302856445,1.6725902557373047,3.668755842927338,-4.781151459929108,4.781151459929108,
3164,39627823480047092,1.0234454240720046,red,100,powerlaw100,11,5,0.7695702314376831,0.20996372699737548,1.3879387321964778,0.6183685007587947,0.6183685007587947,
3164,39627823480047092,1.0234454240720046,red,200,powerlaw200,21,5,0.7695702314376831,0.20996372699737548,0.7132591496391145,-0.056311081798568585,0.056311081798568585,
3164,39627823480047092,1.0234454240720046,red,300,powerlaw300,31,5,0.7695702314376831,0.20996372699737548,0.6055162363397825,-0.16405399509790064,0.16405399509790064,
3164,39627823480047092,1.0234454240720046,red,500,powerlaw500,51,5,0.7695702314376831,0.20996372699737548,0.6816700548397501,-0.08790017659793303,0.08790017659793303,
6097,39627835538672106,1.0240508329893874,blue,100,powerlaw100,11,5,3.783062696456909,2.5961374282836913,0.04947464715170652,-3.7335880493052027,3.7335880493052027,
6097,39627835538672106,1.0240508329893874,blue,200,powerlaw200,21,5,3.783062696456909,2.5961374282836913,0.4755895666225377,-3.3074731298343716,3.3074731298343716,
6097,39627835538672106,1.0240508329893874,blue,300,powerlaw300,31,5,3.783062696456909,2.5961374282836913,1.3716172253327918,-2.411445471124117,2.411445471124117,
6097,39627835538672106,1.0240508329893874,blue,500,powerlaw500,51,5,3.783062696456909,2.5961374282836913,1.667847724993599,-2.11521497146331,2.11521497146331,
6097,39627835538672106,1.0240508329893874,red,100,powerlaw100,11,5,0.9388296008110046,0.24623510837554932,0.6946345204642699,-0.24419508034673476,0.24419508034673476,
6097,39627835538672106,1.0240508329893874,red,200,powerlaw200,21,5,0.9388296008110046,0.24623510837554932,0.8612291170725884,-0.07760048373841621,0.07760048373841621,
6097,39627835538672106,1.0240508329893874,red,300,powerlaw300,31,5,0.9388296008110046,0.24623510837554932,1.1195296701780835,0.18070006936707883,0.18070006936707883,
6097,39627835538672106,1.0240508329893874,red,500,powerlaw500,51,5,0.9388296008110046,0.24623510837554932,0.8711852257039521,-0.06764437510705257,0.06764437510705257,
3380,39627811392063168,1.0912676335060991,blue,100,powerlaw100,11,5,2.100999355316162,1.9965164184570312,6.6356480593612215,4.534648704045059,4.534648704045059,
3380,39627811392063168,1.0912676335060991,blue,200,powerlaw200,21,5,2.100999355316162,1.9965164184570312,2.235573585758474,0.1345742304423121,0.1345742304423121,
3380,39627811392063168,1.0912676335060991,blue,300,powerlaw300,31,5,2.100999355316162,1.9965164184570312,2.0933977497095397,-0.007601605606622375,0.007601605606622375,
3380,39627811392063168,1.0912676335060991,blue,500,powerlaw500,51,5,2.100999355316162,1.9965164184570312,3.446085272612759,1.345085917296597,1.345085917296597,
3380,39627811392063168,1.0912676335060991,red,100,powerlaw100,11,5,0.9224101901054382,0.19039757251739503,0.4029609074320746,-0.5194492826733637,0.5194492826733637,
3380,39627811392063168,1.0912676335060991,red,200,powerlaw200,21,5,0.9224101901054382,0.19039757251739503,0.6482952766141158,-0.27411491349132244,0.27411491349132244,
3380,39627811392063168,1.0912676335060991,red,300,powerlaw300,31,5,0.9224101901054382,0.19039757251739503,0.8272447608184418,-0.09516542928699645,0.09516542928699645,
3380,39627811392063168,1.0912676335060991,red,500,powerlaw500,51,5,0.9224101901054382,0.19039757251739503,0.917260471745226,-0.005149718360212274,0.005149718360212274,
1780,39627853695815137,1.0136417936132052,blue,100,powerlaw100,11,5,3.14363431930542,1.0959228515625,3.4201966711023863,0.2765623517969664,0.2765623517969664,
1780,39627853695815137,1.0136417936132052,blue,200,powerlaw200,21,5,3.14363431930542,1.0959228515625,3.2533599580382466,0.1097256387328267,0.1097256387328267,
1780,39627853695815137,1.0136417936132052,blue,300,powerlaw300,31,5,3.14363431930542,1.0959228515625,2.925548878459612,-0.21808544084580772,0.21808544084580772,
1780,39627853695815137,1.0136417936132052,blue,500,powerlaw500,51,5,3.14363431930542,1.0959228515625,3.0269263736539918,-0.11670794565142817,0.11670794565142817,
1780,39627853695815137,1.0136417936132052,red,100,powerlaw100,11,5,0.7248347997665405,0.1316758394241333,0.5789992242074407,-0.14583557555909987,0.14583557555909987,
1780,39627853695815137,1.0136417936132052,red,200,powerlaw200,21,5,0.7248347997665405,0.1316758394241333,0.630058053750258,-0.0947767460162825,0.0947767460162825,
1780,39627853695815137,1.0136417936132052,red,300,powerlaw300,31,5,0.7248347997665405,0.1316758394241333,0.7776439845826894,0.052809184816148824,0.052809184816148824,
1780,39627853695815137,1.0136417936132052,red,500,powerlaw500,51,5,0.7248347997665405,0.1316758394241333,0.7485617804740079,0.02372698070746737,0.02372698070746737,
12480,39627793801153627,1.0786490455953726,blue,100,powerlaw100,11,5,2.652832508087158,2.1932910919189452,10.506462664620106,7.853630156532947,7.853630156532947,
12480,39627793801153627,1.0786490455953726,blue,200,powerlaw200,21,5,2.652832508087158,2.1932910919189452,3.517141533821963,0.864309025734805,0.864309025734805,
12480,39627793801153627,1.0786490455953726,blue,300,powerlaw300,31,5,2.652832508087158,2.1932910919189452,1.760710413293222,-0.8921220947939361,0.8921220947939361,
12480,39627793801153627,1.0786490455953726,blue,500,powerlaw500,51,5,2.652832508087158,2.1932910919189452,1.7882733583483659,-0.8645591497387923,0.8645591497387923,
12480,39627793801153627,1.0786490455953726,red,100,powerlaw100,11,5,0.645550012588501,0.302668833732605,0.6205563497905585,-0.024993662797942462,0.024993662797942462,
12480,39627793801153627,1.0786490455953726,red,200,powerlaw200,21,5,0.645550012588501,0.302668833732605,0.6951955143327571,0.04964550174425608,0.04964550174425608,
12480,39627793801153627,1.0786490455953726,red,300,powerlaw300,31,5,0.645550012588501,0.302668833732605,0.6683620292203372,0.022812016631836185,0.022812016631836185,
12480,39627793801153627,1.0786490455953726,red,500,powerlaw500,51,5,0.645550012588501,0.302668833732605,0.5766360230500398,-0.06891398953846117,0.06891398953846117,
8566,39627823492630330,0.9718097678787416,blue,100,powerlaw100,11,6,-0.03237388655543327,0.545261025428772,0.807849414252474,0.8402233008079073,0.8402233008079073,
8566,39627823492630330,0.9718097678787416,blue,200,powerlaw200,21,6,-0.03237388655543327,0.545261025428772,0.42055472850145303,0.4529286150568863,0.4529286150568863,
8566,39627823492630330,0.9718097678787416,blue,300,powerlaw300,31,6,-0.03237388655543327,0.545261025428772,0.1760440862741723,0.20841797282960559,0.20841797282960559,
8566,39627823492630330,0.9718097678787416,blue,500,powerlaw500,51,6,-0.03237388655543327,0.545261025428772,0.3844406969760812,0.41681458353151446,0.41681458353151446,
8566,39627823492630330,0.9718097678787416,red,100,powerlaw100,11,6,0.8400130271911621,0.0871256689230601,0.9386279463298699,0.09861491913870779,0.09861491913870779,
8566,39627823492630330,0.9718097678787416,red,200,powerlaw200,21,6,0.8400130271911621,0.0871256689230601,0.8542026130019623,0.01418958581080021,0.01418958581080021,
8566,39627823492630330,0.9718097678787416,red,300,powerlaw300,31,6,0.8400130271911621,0.0871256689230601,0.9950793498259595,0.15506632263479736,0.15506632263479736,
8566,39627823492630330,0.9718097678787416,red,500,powerlaw500,51,6,0.8400130271911621,0.0871256689230601,1.0249613534195,0.1849483262283378,0.1849483262283378,
12403,39627787757163659,1.0329850343826417,blue,100,powerlaw100,11,5,3.793299436569214,1.9289129257202149,5.192066974166545,1.3987675375973314,1.3987675375973314,
12403,39627787757163659,1.0329850343826417,blue,200,powerlaw200,21,5,3.793299436569214,1.9289129257202149,4.881944557815832,1.0886451212466177,1.0886451212466177,
12403,39627787757163659,1.0329850343826417,blue,300,powerlaw300,31,5,3.793299436569214,1.9289129257202149,3.5130451957278823,-0.28025424084133155,0.28025424084133155,
12403,39627787757163659,1.0329850343826417,blue,500,powerlaw500,51,5,3.793299436569214,1.9289129257202149,1.9817957819765362,-1.8115036545926777,1.8115036545926777,
12403,39627787757163659,1.0329850343826417,red,100,powerlaw100,11,5,0.4188162386417389,0.18324557542800904,0.7155149690957602,0.2966987304540213,0.2966987304540213,
12403,39627787757163659,1.0329850343826417,red,200,powerlaw200,21,5,0.4188162386417389,0.18324557542800904,0.7716785615835718,0.35286232294183295,0.35286232294183295,
12403,39627787757163659,1.0329850343826417,red,300,powerlaw300,31,5,0.4188162386417389,0.18324557542800904,0.9093092066632668,0.49049296802152786,0.49049296802152786,
12403,39627787757163659,1.0329850343826417,red,500,powerlaw500,51,5,0.4188162386417389,0.18324557542800904,0.8115442284111948,0.3927279897694559,0.3927279897694559,
9386,39627853679035209,1.189018634339216,blue,100,powerlaw100,11,5,0.005974388215690851,2.2619150161743162,1.0065012705447385,1.0005268823290476,1.0005268823290476,
9386,39627853679035209,1.189018634339216,blue,200,powerlaw200,21,5,0.005974388215690851,2.2619150161743162,2.1379682357772842,2.1319938475615934,2.1319938475615934,
9386,39627853679035209,1.189018634339216,blue,300,powerlaw300,31,5,0.005974388215690851,2.2619150161743162,1.6842027324512916,1.6782283442356007,1.6782283442356007,
9386,39627853679035209,1.189018634339216,blue,500,powerlaw500,51,5,0.005974388215690851,2.2619150161743162,1.4514246252286542,1.4454502370129634,1.4454502370129634,
9386,39627853679035209,1.189018634339216,red,100,powerlaw100,11,5,1.1504108905792236,0.24985506534576415,0.2842096910685066,-0.8662011995107171,0.8662011995107171,
9386,39627853679035209,1.189018634339216,red,200,powerlaw200,21,5,1.1504108905792236,0.24985506534576415,0.6033736288619395,-0.5470372617172842,0.5470372617172842,
9386,39627853679035209,1.189018634339216,red,300,powerlaw300,31,5,1.1504108905792236,0.24985506534576415,0.8999893509465812,-0.25042153963264246,0.25042153963264246,
9386,39627853679035209,1.189018634339216,red,500,powerlaw500,51,5,1.1504108905792236,0.24985506534576415,0.7272612202031612,-0.42314967037606244,0.42314967037606244,
11813,39627793792766234,1.0867696627620382,blue,100,powerlaw100,11,5,3.8695919513702393,3.784046173095703,5.485011596203558,1.6154196448333185,1.6154196448333185,
11813,39627793792766234,1.0867696627620382,blue,200,powerlaw200,21,5,3.8695919513702393,3.784046173095703,2.3566296335941255,-1.5129623177761138,1.5129623177761138,
11813,39627793792766234,1.0867696627620382,blue,300,powerlaw300,31,5,3.8695919513702393,3.784046173095703,2.978588888492257,-0.8910030628779824,0.8910030628779824,
11813,39627793792766234,1.0867696627620382,blue,500,powerlaw500,51,5,3.8695919513702393,3.784046173095703,3.6716599106243946,-0.1979320407458447,0.1979320407458447,
11813,39627793792766234,1.0867696627620382,red,100,powerlaw100,11,5,0.6126003265380859,0.39084296226501464,3.7054676161237383,3.0928672895856524,3.0928672895856524,
11813,39627793792766234,1.0867696627620382,red,200,powerlaw200,21,5,0.6126003265380859,0.39084296226501464,0.3626491059627467,-0.24995122057533925,0.24995122057533925,
11813,39627793792766234,1.0867696627620382,red,300,powerlaw300,31,5,0.6126003265380859,0.39084296226501464,0.5886546821360961,-0.023945644401989874,0.023945644401989874,
11813,39627793792766234,1.0867696627620382,red,500,powerlaw500,51,5,0.6126003265380859,0.39084296226501464,0.764916847658466,0.15231652112038008,0.15231652112038008,
6200,39627823467465693,1.1563689484093942,blue,100,powerlaw100,11,5,-0.632826030254364,2.057018280029297,0.2837203878279815,0.9165464180823455,0.9165464180823455,
6200,39627823467465693,1.1563689484093942,blue,200,powerlaw200,21,5,-0.632826030254364,2.057018280029297,1.3380715868982054,1.9708976171525694,1.9708976171525694,
6200,39627823467465693,1.1563689484093942,blue,300,powerlaw300,31,5,-0.632826030254364,2.057018280029297,1.0328077298417604,1.6656337600961244,1.6656337600961244,
6200,39627823467465693,1.1563689484093942,blue,500,powerlaw500,51,5,-0.632826030254364,2.057018280029297,1.4869134830583035,2.1197395133126675,2.1197395133126675,
6200,39627823467465693,1.1563689484093942,red,100,powerlaw100,11,5,1.3682769536972046,0.2983074426651001,0.733585414215412,-0.6346915394817926,0.6346915394817926,
6200,39627823467465693,1.1563689484093942,red,200,powerlaw200,21,5,1.3682769536972046,0.2983074426651001,0.7449559488035838,-0.6233210048936207,0.6233210048936207,
6200,39627823467465693,1.1563689484093942,red,300,powerlaw300,31,5,1.3682769536972046,0.2983074426651001,0.9413997484769618,-0.42687720522024275,0.42687720522024275,
6200,39627823467465693,1.1563689484093942,red,500,powerlaw500,51,5,1.3682769536972046,0.2983074426651001,0.9536520548985891,-0.4146248987986155,0.4146248987986155,
9866,39627847639239192,1.0062082556314522,blue,100,powerlaw100,11,5,1.926987886428833,0.8516039848327637,3.629413260352789,1.702425373923956,1.702425373923956,
9866,39627847639239192,1.0062082556314522,blue,200,powerlaw200,21,5,1.926987886428833,0.8516039848327637,2.9167495362562286,0.9897616498273956,0.9897616498273956,
9866,39627847639239192,1.0062082556314522,blue,300,powerlaw300,31,5,1.926987886428833,0.8516039848327637,2.536902129819162,0.6099142433903291,0.6099142433903291,
9866,39627847639239192,1.0062082556314522,blue,500,powerlaw500,51,5,1.926987886428833,0.8516039848327637,2.3314070674287075,0.4044191809998745,0.4044191809998745,
9866,39627847639239192,1.0062082556314522,red,100,powerlaw100,11,5,1.1714985370635986,0.111900794506073,0.9877695231964874,-0.18372901386711127,0.18372901386711127,
9866,39627847639239192,1.0062082556314522,red,200,powerlaw200,21,5,1.1714985370635986,0.111900794506073,0.770615647440061,-0.4008828896235377,0.4008828896235377,
9866,39627847639239192,1.0062082556314522,red,300,powerlaw300,31,5,1.1714985370635986,0.111900794506073,0.8099618821649852,-0.3615366548986134,0.3615366548986134,
9866,39627847639239192,1.0062082556314522,red,500,powerlaw500,51,5,1.1714985370635986,0.111900794506073,0.900009208632019,-0.2714893284315796,0.2714893284315796,
1381,39627847656014425,0.9614720304759592,blue,100,powerlaw100,11,6,0.3116534650325775,0.5705147186915079,0.004695936769499184,-0.3069575282630783,0.3069575282630783,
1381,39627847656014425,0.9614720304759592,blue,200,powerlaw200,21,6,0.3116534650325775,0.5705147186915079,0.05958924512539313,-0.25206421990718436,0.25206421990718436,
1381,39627847656014425,0.9614720304759592,blue,300,powerlaw300,31,6,0.3116534650325775,0.5705147186915079,0.03586296055809441,-0.2757905044744831,0.2757905044744831,
1381,39627847656014425,0.9614720304759592,blue,500,powerlaw500,51,6,0.3116534650325775,0.5705147186915079,0.15489288538810844,-0.15676057964446907,0.15676057964446907,
1381,39627847656014425,0.9614720304759592,red,100,powerlaw100,11,6,0.9996280074119568,0.09454001983006795,1.3087452843773428,0.30911727696538605,0.30911727696538605,
1381,39627847656014425,0.9614720304759592,red,200,powerlaw200,21,6,0.9996280074119568,0.09454001983006795,1.2782737613748283,0.2786457539628715,0.2786457539628715,
1381,39627847656014425,0.9614720304759592,red,300,powerlaw300,31,6,0.9996280074119568,0.09454001983006795,1.3144061871137547,0.3147781797017979,0.3147781797017979,
1381,39627847656014425,0.9614720304759592,red,500,powerlaw500,51,6,0.9996280074119568,0.09454001983006795,1.3024750498706996,0.30284704245874283,0.30284704245874283,
2293,39627835584807452,1.0932524269936637,blue,100,powerlaw100,11,5,0.9621802568435669,2.170873832702637,0.011681706661736494,-0.9504985501818304,0.9504985501818304,
2293,39627835584807452,1.0932524269936637,blue,200,powerlaw200,21,5,0.9621802568435669,2.170873832702637,0.09649088972064257,-0.8656893671229243,0.8656893671229243,
2293,39627835584807452,1.0932524269936637,blue,300,powerlaw300,31,5,0.9621802568435669,2.170873832702637,0.4521878318675238,-0.509992424976043,0.509992424976043,
2293,39627835584807452,1.0932524269936637,blue,500,powerlaw500,51,5,0.9621802568435669,2.170873832702637,0.6431382343546073,-0.31904202248895963,0.31904202248895963,
2293,39627835584807452,1.0932524269936637,red,100,powerlaw100,11,5,1.4184372425079346,0.2173696756362915,1.2080143857375485,-0.21042285677038608,0.21042285677038608,
2293,39627835584807452,1.0932524269936637,red,200,powerlaw200,21,5,1.4184372425079346,0.2173696756362915,1.182255441741676,-0.2361818007662586,0.2361818007662586,
2293,39627835584807452,1.0932524269936637,red,300,powerlaw300,31,5,1.4184372425079346,0.2173696756362915,1.4379144706825886,0.019477228174654027,0.019477228174654027,
2293,39627835584807452,1.0932524269936637,red,500,powerlaw500,51,5,1.4184372425079346,0.2173696756362915,1.1452094104966926,-0.273227832011242,0.273227832011242,
477,39627568982262493,1.0094952508481922,blue,100,powerlaw100,11,5,2.9844658374786377,1.761639404296875,1.3492419844718695,-1.6352238530067682,1.6352238530067682,
477,39627568982262493,1.0094952508481922,blue,200,powerlaw200,21,5,2.9844658374786377,1.761639404296875,1.7816193285457955,-1.2028465089328422,1.2028465089328422,
477,39627568982262493,1.0094952508481922,blue,300,powerlaw300,31,5,2.9844658374786377,1.761639404296875,2.0555233289633876,-0.9289425085152501,0.9289425085152501,
477,39627568982262493,1.0094952508481922,blue,500,powerlaw500,51,5,2.9844658374786377,1.761639404296875,1.952200229872784,-1.0322656076058536,1.0322656076058536,
477,39627568982262493,1.0094952508481922,red,100,powerlaw100,11,5,1.2186211347579956,0.1698957562446594,0.7140993156979769,-0.5045218190600187,0.5045218190600187,
477,39627568982262493,1.0094952508481922,red,200,powerlaw200,21,5,1.2186211347579956,0.1698957562446594,0.8974913433385829,-0.32112979141941267,0.32112979141941267,
477,39627568982262493,1.0094952508481922,red,300,powerlaw300,31,5,1.2186211347579956,0.1698957562446594,0.9835199624910518,-0.23510117226694383,0.23510117226694383,
477,39627568982262493,1.0094952508481922,red,500,powerlaw500,51,5,1.2186211347579956,0.1698957562446594,1.0807991674115673,-0.13782196734642826,0.13782196734642826,
5233,39627853695812949,1.145719686853517,blue,100,powerlaw100,11,5,5.159924507141113,2.3924432754516602,6.575391696592942,1.415467189451829,1.415467189451829,
5233,39627853695812949,1.145719686853517,blue,200,powerlaw200,21,5,5.159924507141113,2.3924432754516602,3.279552426884204,-1.8803720802569095,1.8803720802569095,
5233,39627853695812949,1.145719686853517,blue,300,powerlaw300,31,5,5.159924507141113,2.3924432754516602,1.8668077893252117,-3.2931167178159013,3.2931167178159013,
5233,39627853695812949,1.145719686853517,blue,500,powerlaw500,51,5,5.159924507141113,2.3924432754516602,2.458093189876449,-2.701831317264664,2.701831317264664,
5233,39627853695812949,1.145719686853517,red,100,powerlaw100,11,5,1.1463278532028198,0.2765770196914673,1.1271125594768843,-0.019215293725935556,0.019215293725935556,
5233,39627853695812949,1.145719686853517,red,200,powerlaw200,21,5,1.1463278532028198,0.2765770196914673,0.9822561956222735,-0.16407165758054632,0.16407165758054632,
5233,39627853695812949,1.145719686853517,red,300,powerlaw300,31,5,1.1463278532028198,0.2765770196914673,0.9326447779591558,-0.21368307524366403,0.21368307524366403,
5233,39627853695812949,1.145719686853517,red,500,powerlaw500,51,5,1.1463278532028198,0.2765770196914673,0.6252184359437252,-0.5211094172590947,0.5211094172590947,
7082,39627823492630790,0.9002042245453433,blue,100,powerlaw100,11,6,1.504828929901123,0.6658504406611124,4.9278660708483715,3.4230371409472484,3.4230371409472484,
7082,39627823492630790,0.9002042245453433,blue,200,powerlaw200,21,6,1.504828929901123,0.6658504406611124,2.8619947623661246,1.3571658324650016,1.3571658324650016,
7082,39627823492630790,0.9002042245453433,blue,300,powerlaw300,31,6,1.504828929901123,0.6658504406611124,2.6513312440485337,1.1465023141474107,1.1465023141474107,
7082,39627823492630790,0.9002042245453433,blue,500,powerlaw500,51,6,1.504828929901123,0.6658504406611124,2.150898396133961,0.6460694662328379,0.6460694662328379,
7082,39627823492630790,0.9002042245453433,red,100,powerlaw100,11,6,0.8260766863822937,0.09103236595789592,0.6931991053077801,-0.13287758107451364,0.13287758107451364,
7082,39627823492630790,0.9002042245453433,red,200,powerlaw200,21,6,0.8260766863822937,0.09103236595789592,0.7680061129752543,-0.05807057340703936,0.05807057340703936,
7082,39627823492630790,0.9002042245453433,red,300,powerlaw300,31,6,0.8260766863822937,0.09103236595789592,0.815777663508741,-0.010299022873552666,0.010299022873552666,
7082,39627823492630790,0.9002042245453433,red,500,powerlaw500,51,6,0.8260766863822937,0.09103236595789592,0.8472577954910162,0.021181109108722507,0.021181109108722507,
11610,39627787761355818,1.1737626833823935,blue,100,powerlaw100,11,5,4.551375389099121,2.5326601028442384,2.096519172628075,-2.454856216471046,2.454856216471046,
11610,39627787761355818,1.1737626833823935,blue,200,powerlaw200,21,5,4.551375389099121,2.5326601028442384,3.8753713621844468,-0.6760040269146743,0.6760040269146743,
11610,39627787761355818,1.1737626833823935,blue,300,powerlaw300,31,5,4.551375389099121,2.5326601028442384,3.442027147450813,-1.1093482416483083,1.1093482416483083,
11610,39627787761355818,1.1737626833823935,blue,500,powerlaw500,51,5,4.551375389099121,2.5326601028442384,2.753995454713295,-1.7973799343858259,1.7973799343858259,
11610,39627787761355818,1.1737626833823935,red,100,powerlaw100,11,5,0.26645880937576294,0.33266260623931887,0.5226666238934865,0.25620781451772356,0.25620781451772356,
11610,39627787761355818,1.1737626833823935,red,200,powerlaw200,21,5,0.26645880937576294,0.33266260623931887,0.6236018778664321,0.3571430684906691,0.3571430684906691,
11610,39627787761355818,1.1737626833823935,red,300,powerlaw300,31,5,0.26645880937576294,0.33266260623931887,0.48875491143353295,0.22229610205777,0.22229610205777,
11610,39627787761355818,1.1737626833823935,red,500,powerlaw500,51,5,0.26645880937576294,0.33266260623931887,0.7510595950082558,0.48460078563249287,0.48460078563249287,
3550,39627823475851414,0.9802129904899328,blue,100,powerlaw100,11,6,-5.8296661376953125,1.9949571291605632,0.8555670745261598,6.685233212221473,6.685233212221473,
3550,39627823475851414,0.9802129904899328,blue,200,powerlaw200,21,6,-5.8296661376953125,1.9949571291605632,4.615017793308951,10.444683931004263,10.444683931004263,
3550,39627823475851414,0.9802129904899328,blue,300,powerlaw300,31,6,-5.8296661376953125,1.9949571291605632,4.922401582779455,10.752067720474766,10.752067720474766,
3550,39627823475851414,0.9802129904899328,blue,500,powerlaw500,51,6,-5.8296661376953125,1.9949571291605632,5.739372266377174,11.569038404072487,11.569038404072487,
3550,39627823475851414,0.9802129904899328,red,100,powerlaw100,11,6,1.730735182762146,0.20180873076121011,0.8191634549552681,-0.9115717278068779,0.9115717278068779,
3550,39627823475851414,0.9802129904899328,red,200,powerlaw200,21,6,1.730735182762146,0.20180873076121011,0.8223698943586851,-0.9083652884034609,0.9083652884034609,
3550,39627823475851414,0.9802129904899328,red,300,powerlaw300,31,6,1.730735182762146,0.20180873076121011,0.7561897066413134,-0.9745454761208326,0.9745454761208326,
3550,39627823475851414,0.9802129904899328,red,500,powerlaw500,51,6,1.730735182762146,0.20180873076121011,0.8897769017974545,-0.8409582809646915,0.8409582809646915,
4295,39627859723028549,0.9795452138919064,blue,100,powerlaw100,11,6,1.2664941549301147,1.1821315288543701,1.2763149473050837,0.009820792374968912,0.009820792374968912,
4295,39627859723028549,0.9795452138919064,blue,200,powerlaw200,21,6,1.2664941549301147,1.1821315288543701,0.26143777619322434,-1.0050563787368905,1.0050563787368905,
4295,39627859723028549,0.9795452138919064,blue,300,powerlaw300,31,6,1.2664941549301147,1.1821315288543701,0.6898072675965801,-0.5766868873335347,0.5766868873335347,
4295,39627859723028549,0.9795452138919064,blue,500,powerlaw500,51,6,1.2664941549301147,1.1821315288543701,1.0597797908443505,-0.20671436408576427,0.20671436408576427,
4295,39627859723028549,0.9795452138919064,red,100,powerlaw100,11,6,1.0275557041168213,0.18288572629292807,0.8892647236341342,-0.13829098048268706,0.13829098048268706,
4295,39627859723028549,0.9795452138919064,red,200,powerlaw200,21,6,1.0275557041168213,0.18288572629292807,0.7982941621345576,-0.22926154198226367,0.22926154198226367,
4295,39627859723028549,0.9795452138919064,red,300,powerlaw300,31,6,1.0275557041168213,0.18288572629292807,0.641213929212285,-0.38634177490453625,0.38634177490453625,
4295,39627859723028549,0.9795452138919064,red,500,powerlaw500,51,6,1.0275557041168213,0.18288572629292807,0.6998283175608754,-0.3277273865559459,0.3277273865559459,
11018,39627865741854922,0.9629256274550756,blue,100,powerlaw100,11,6,2.9028127193450928,1.645337422688802,6.354429672350489,3.451616953005396,3.451616953005396,
11018,39627865741854922,0.9629256274550756,blue,200,powerlaw200,21,6,2.9028127193450928,1.645337422688802,4.594427193903738,1.6916144745586452,1.6916144745586452,
11018,39627865741854922,0.9629256274550756,blue,300,powerlaw300,31,6,2.9028127193450928,1.645337422688802,1.5448078710561752,-1.3580048482889175,1.3580048482889175,
11018,39627865741854922,0.9629256274550756,blue,500,powerlaw500,51,6,2.9028127193450928,1.645337422688802,2.871677544388417,-0.031135174956675726,0.031135174956675726,
11018,39627865741854922,0.9629256274550756,red,100,powerlaw100,11,6,0.8724928498268127,0.22675389051437378,1.0175111115736535,0.14501826174684074,0.14501826174684074,
11018,39627865741854922,0.9629256274550756,red,200,powerlaw200,21,6,0.8724928498268127,0.22675389051437378,0.8509618267803383,-0.021531023046474473,0.021531023046474473,
11018,39627865741854922,0.9629256274550756,red,300,powerlaw300,31,6,0.8724928498268127,0.22675389051437378,0.722476254075469,-0.15001659575134374,0.15001659575134374,
11018,39627865741854922,0.9629256274550756,red,500,powerlaw500,51,6,0.8724928498268127,0.22675389051437378,0.7057573623591175,-0.1667354874676953,0.1667354874676953,
12672,39627787757159594,0.9685256654240412,blue,100,powerlaw100,11,6,2.122563362121582,1.2854605515797932,4.375052660086364,2.2524892979647824,2.2524892979647824,
12672,39627787757159594,0.9685256654240412,blue,200,powerlaw200,21,6,2.122563362121582,1.2854605515797932,3.0250807035100973,0.9025173413885152,0.9025173413885152,
12672,39627787757159594,0.9685256654240412,blue,300,powerlaw300,31,6,2.122563362121582,1.2854605515797932,0.8007965505851695,-1.3217668115364125,1.3217668115364125,
12672,39627787757159594,0.9685256654240412,blue,500,powerlaw500,51,6,2.122563362121582,1.2854605515797932,1.7344145626654555,-0.38814879945612657,0.38814879945612657,
12672,39627787757159594,0.9685256654240412,red,100,powerlaw100,11,6,0.7609612941741943,0.169142484664917,1.8610419457484244,1.10008065157423,1.10008065157423,
12672,39627787757159594,0.9685256654240412,red,200,powerlaw200,21,6,0.7609612941741943,0.169142484664917,1.4372253441229386,0.6762640499487442,0.6762640499487442,
12672,39627787757159594,0.9685256654240412,red,300,powerlaw300,31,6,0.7609612941741943,0.169142484664917,0.8756504276130722,0.11468913343887788,0.11468913343887788,
12672,39627787757159594,0.9685256654240412,red,500,powerlaw500,51,6,0.7609612941741943,0.169142484664917,1.0111923892728223,0.25023109509862795,0.25023109509862795,
4275,39627853683232410,1.0111630182127844,blue,100,powerlaw100,11,5,-0.5377844572067261,1.141566562652588,1.1322471800089212e-08,0.5377844685291979,0.5377844685291979,
4275,39627853683232410,1.0111630182127844,blue,200,powerlaw200,21,5,-0.5377844572067261,1.141566562652588,0.007602525194264635,0.5453869824009907,0.5453869824009907,
4275,39627853683232410,1.0111630182127844,blue,300,powerlaw300,31,5,-0.5377844572067261,1.141566562652588,0.09562473242603646,0.6334091896327625,0.6334091896327625,
4275,39627853683232410,1.0111630182127844,blue,500,powerlaw500,51,5,-0.5377844572067261,1.141566562652588,0.0886546282043357,0.6264390854110617,0.6264390854110617,
4275,39627853683232410,1.0111630182127844,red,100,powerlaw100,11,5,1.085601568222046,0.07787253856658935,1.2914973835505061,0.20589581532846024,0.20589581532846024,
4275,39627853683232410,1.0111630182127844,red,200,powerlaw200,21,5,1.085601568222046,0.07787253856658935,1.0033383626261156,-0.08226320559593026,0.08226320559593026,
4275,39627853683232410,1.0111630182127844,red,300,powerlaw300,31,5,1.085601568222046,0.07787253856658935,1.1246843975211867,0.03908282929914075,0.03908282929914075,
4275,39627853683232410,1.0111630182127844,red,500,powerlaw500,51,5,1.085601568222046,0.07787253856658935,1.1758705140728765,0.09026894585083056,0.09026894585083056,
12853,39627793801151080,1.1472725177272476,blue,100,powerlaw100,11,5,-0.14982962608337402,2.687366485595703,2.228224887935139,2.378054514018513,2.378054514018513,
12853,39627793801151080,1.1472725177272476,blue,200,powerlaw200,21,5,-0.14982962608337402,2.687366485595703,2.0235371488427,2.173366774926074,2.173366774926074,
12853,39627793801151080,1.1472725177272476,blue,300,powerlaw300,31,5,-0.14982962608337402,2.687366485595703,1.5750818170133254,1.7249114430966994,1.7249114430966994,
12853,39627793801151080,1.1472725177272476,blue,500,powerlaw500,51,5,-0.14982962608337402,2.687366485595703,2.180747911551941,2.330577537635315,2.330577537635315,
12853,39627793801151080,1.1472725177272476,red,100,powerlaw100,11,5,0.5487613677978516,0.5591392993927002,1.292253469331371,0.7434921015335194,0.7434921015335194,
12853,39627793801151080,1.1472725177272476,red,200,powerlaw200,21,5,0.5487613677978516,0.5591392993927002,0.644613946409266,0.09585257861141439,0.09585257861141439,
12853,39627793801151080,1.1472725177272476,red,300,powerlaw300,31,5,0.5487613677978516,0.5591392993927002,0.8762348542776074,0.3274734864797558,0.3274734864797558,
12853,39627793801151080,1.1472725177272476,red,500,powerlaw500,51,5,0.5487613677978516,0.5591392993927002,0.6802252526823225,0.13146388488447092,0.13146388488447092,
5328,39627865771213290,1.0664890382566623,blue,100,powerlaw100,11,5,2.595324993133545,2.347414970397949,0.28627769825265376,-2.3090472948808913,2.3090472948808913,
5328,39627865771213290,1.0664890382566623,blue,200,powerlaw200,21,5,2.595324993133545,2.347414970397949,2.698698527988162,0.10337353485461698,0.10337353485461698,
5328,39627865771213290,1.0664890382566623,blue,300,powerlaw300,31,5,2.595324993133545,2.347414970397949,4.4684696753689765,1.8731446822354316,1.8731446822354316,
5328,39627865771213290,1.0664890382566623,blue,500,powerlaw500,51,5,2.595324993133545,2.347414970397949,3.484920588096184,0.8895955949626391,0.8895955949626391,
5328,39627865771213290,1.0664890382566623,red,100,powerlaw100,11,5,0.7316927909851074,0.25801470279693606,0.6247246718194479,-0.10696811916565951,0.10696811916565951,
5328,39627865771213290,1.0664890382566623,red,200,powerlaw200,21,5,0.7316927909851074,0.25801470279693606,0.9788278484488038,0.24713505746369635,0.24713505746369635,
5328,39627865771213290,1.0664890382566623,red,300,powerlaw300,31,5,0.7316927909851074,0.25801470279693606,1.045405991318169,0.3137132003330616,0.3137132003330616,
5328,39627865771213290,1.0664890382566623,red,500,powerlaw500,51,5,0.7316927909851074,0.25801470279693606,0.8834250102097393,0.15173221922463187,0.15173221922463187,
6084,39627829498872893,0.952439327200422,blue,100,powerlaw100,11,6,1.7261110544204712,1.5995203653971355,0.47562082697159297,-1.2504902274488783,1.2504902274488783,
6084,39627829498872893,0.952439327200422,blue,200,powerlaw200,21,6,1.7261110544204712,1.5995203653971355,0.7801093831753297,-0.9460016712451415,0.9460016712451415,
6084,39627829498872893,0.952439327200422,blue,300,powerlaw300,31,6,1.7261110544204712,1.5995203653971355,0.9829145651747684,-0.7431964892457028,0.7431964892457028,
6084,39627829498872893,0.952439327200422,blue,500,powerlaw500,51,6,1.7261110544204712,1.5995203653971355,0.8594691067160944,-0.8666419477043767,0.8666419477043767,
6084,39627829498872893,0.952439327200422,red,100,powerlaw100,11,6,0.6054051518440247,0.1881056030591329,0.6013807603553698,-0.004024391488654855,0.004024391488654855,
6084,39627829498872893,0.952439327200422,red,200,powerlaw200,21,6,0.6054051518440247,0.1881056030591329,0.6129685181020776,0.007563366258052984,0.007563366258052984,
6084,39627829498872893,0.952439327200422,red,300,powerlaw300,31,6,0.6054051518440247,0.1881056030591329,0.6782388129030648,0.0728336610590401,0.0728336610590401,
6084,39627829498872893,0.952439327200422,red,500,powerlaw500,51,6,0.6054051518440247,0.1881056030591329,0.7071445954353188,0.10173944359129417,0.10173944359129417,
5838,39627829498872497,1.1666063967926943,blue,100,powerlaw100,11,5,0.23466873168945312,1.8703710556030273,5.898345507356247,5.663676775666794,5.663676775666794,
5838,39627829498872497,1.1666063967926943,blue,200,powerlaw200,21,5,0.23466873168945312,1.8703710556030273,6.335451631316562,6.1007828996271085,6.1007828996271085,
5838,39627829498872497,1.1666063967926943,blue,300,powerlaw300,31,5,0.23466873168945312,1.8703710556030273,3.953653324292831,3.7189845926033778,3.7189845926033778,
5838,39627829498872497,1.1666063967926943,blue,500,powerlaw500,51,5,0.23466873168945312,1.8703710556030273,3.5234839734993555,3.2888152418099024,3.2888152418099024,
5838,39627829498872497,1.1666063967926943,red,100,powerlaw100,11,5,0.49094581604003906,0.27608575820922854,0.9089302605239373,0.41798444448389827,0.41798444448389827,
5838,39627829498872497,1.1666063967926943,red,200,powerlaw200,21,5,0.49094581604003906,0.27608575820922854,0.6892444864734201,0.198298670433381,0.198298670433381,
5838,39627829498872497,1.1666063967926943,red,300,powerlaw300,31,5,0.49094581604003906,0.27608575820922854,0.8482721162578815,0.3573263002178424,0.3573263002178424,
5838,39627829498872497,1.1666063967926943,red,500,powerlaw500,51,5,0.49094581604003906,0.27608575820922854,1.0153641376303668,0.5244183215903278,0.5244183215903278,
3813,39627811392066865,0.9369611777673008,blue,100,powerlaw100,11,6,4.238454341888428,1.7842199007670085,4.50586680729652,0.2674124654080918,0.2674124654080918,
3813,39627811392066865,0.9369611777673008,blue,200,powerlaw200,21,6,4.238454341888428,1.7842199007670085,4.661354624654114,0.4229002827656867,0.4229002827656867,
3813,39627811392066865,0.9369611777673008,blue,300,powerlaw300,31,6,4.238454341888428,1.7842199007670085,5.79819833852108,1.559743996632652,1.559743996632652,
3813,39627811392066865,0.9369611777673008,blue,500,powerlaw500,51,6,4.238454341888428,1.7842199007670085,5.921577451969042,1.683123110080614,1.683123110080614,
3813,39627811392066865,0.9369611777673008,red,100,powerlaw100,11,6,0.8590582013130188,0.15670788288116455,1.3609627325417961,0.5019045312287773,0.5019045312287773,
3813,39627811392066865,0.9369611777673008,red,200,powerlaw200,21,6,0.8590582013130188,0.15670788288116455,0.921232404391629,0.06217420307861021,0.06217420307861021,
3813,39627811392066865,0.9369611777673008,red,300,powerlaw300,31,6,0.8590582013130188,0.15670788288116455,0.7973468440531782,-0.06171135725984056,0.06171135725984056,
3813,39627811392066865,0.9369611777673008,red,500,powerlaw500,51,6,0.8590582013130188,0.15670788288116455,0.7546737797032724,-0.10438442160974637,0.10438442160974637,
8893,39627847626656157,1.054975358164484,blue,100,powerlaw100,11,5,3.3888206481933594,2.7440542221069335,10.005615780546835,6.6167951323534755,6.6167951323534755,
8893,39627847626656157,1.054975358164484,blue,200,powerlaw200,21,5,3.3888206481933594,2.7440542221069335,7.7087390805312435,4.319918432337884,4.319918432337884,
8893,39627847626656157,1.054975358164484,blue,300,powerlaw300,31,5,3.3888206481933594,2.7440542221069335,4.580396085228134,1.1915754370347749,1.1915754370347749,
8893,39627847626656157,1.054975358164484,blue,500,powerlaw500,51,5,3.3888206481933594,2.7440542221069335,4.7268719589212616,1.3380513107279022,1.3380513107279022,
8893,39627847626656157,1.054975358164484,red,100,powerlaw100,11,5,0.7846970558166504,0.4139223575592041,0.9366964704333954,0.15199941461674504,0.15199941461674504,
8893,39627847626656157,1.054975358164484,red,200,powerlaw200,21,5,0.7846970558166504,0.4139223575592041,0.6832311172960542,-0.10146593852059616,0.10146593852059616,
8893,39627847626656157,1.054975358164484,red,300,powerlaw300,31,5,0.7846970558166504,0.4139223575592041,0.860058648564886,0.07536159274823562,0.07536159274823562,
8893,39627847626656157,1.054975358164484,red,500,powerlaw500,51,5,0.7846970558166504,0.4139223575592041,0.7516916352783276,-0.03300542053832278,0.03300542053832278,
7129,39627835568034526,0.9622849405679702,blue,100,powerlaw100,11,6,0.3540290892124176,0.9869383970896403,1.298241468184539,0.9442123789721213,0.9442123789721213,
7129,39627835568034526,0.9622849405679702,blue,200,powerlaw200,21,6,0.3540290892124176,0.9869383970896403,2.0746113911150776,1.72058230190266,1.72058230190266,
7129,39627835568034526,0.9622849405679702,blue,300,powerlaw300,31,6,0.3540290892124176,0.9869383970896403,1.5612064316020726,1.207177342389655,1.207177342389655,
7129,39627835568034526,0.9622849405679702,blue,500,powerlaw500,51,6,0.3540290892124176,0.9869383970896403,1.910300556838829,1.5562714676264113,1.5562714676264113,
7129,39627835568034526,0.9622849405679702,red,100,powerlaw100,11,6,0.4150889813899994,0.15983199079831442,0.3955431052505994,-0.01954587613940001,0.01954587613940001,
7129,39627835568034526,0.9622849405679702,red,200,powerlaw200,21,6,0.4150889813899994,0.15983199079831442,0.595251663517575,0.18016268212757558,0.18016268212757558,
7129,39627835568034526,0.9622849405679702,red,300,powerlaw300,31,6,0.4150889813899994,0.15983199079831442,0.6381002567678946,0.22301127537789522,0.22301127537789522,
7129,39627835568034526,0.9622849405679702,red,500,powerlaw500,51,6,0.4150889813899994,0.15983199079831442,0.6849278109744268,0.2698388295844274,0.2698388295844274,
1539,39627847664403132,1.0015033843829886,blue,100,powerlaw100,11,5,4.164739608764648,2.258961486816406,0.16598507713552055,-3.9987545316291278,3.9987545316291278,
1539,39627847664403132,1.0015033843829886,blue,200,powerlaw200,21,5,4.164739608764648,2.258961486816406,2.6233971701572516,-1.5413424386073968,1.5413424386073968,
1539,39627847664403132,1.0015033843829886,blue,300,powerlaw300,31,5,4.164739608764648,2.258961486816406,3.0104053343736044,-1.154334274391044,1.154334274391044,
1539,39627847664403132,1.0015033843829886,blue,500,powerlaw500,51,5,4.164739608764648,2.258961486816406,3.465731256838383,-0.6990083519262655,0.6990083519262655,
1539,39627847664403132,1.0015033843829886,red,100,powerlaw100,11,5,0.8035593032836914,0.26606791019439696,0.48450691176041305,-0.31905239152327836,0.31905239152327836,
1539,39627847664403132,1.0015033843829886,red,200,powerlaw200,21,5,0.8035593032836914,0.26606791019439696,0.559953546354456,-0.24360575692923536,0.24360575692923536,
1539,39627847664403132,1.0015033843829886,red,300,powerlaw300,31,5,0.8035593032836914,0.26606791019439696,0.6666816741088264,-0.136877629174865,0.136877629174865,
1539,39627847664403132,1.0015033843829886,red,500,powerlaw500,51,5,0.8035593032836914,0.26606791019439696,0.7030156600774695,-0.10054364320622189,0.10054364320622189,
7958,39627829524041854,0.9954448438911186,blue,100,powerlaw100,11,6,0.8289434313774109,0.492532213528951,0.9459470930543551,0.1170036616769442,0.1170036616769442,
7958,39627829524041854,0.9954448438911186,blue,200,powerlaw200,21,6,0.8289434313774109,0.492532213528951,1.21776806836457,0.3888246369871591,0.3888246369871591,
7958,39627829524041854,0.9954448438911186,blue,300,powerlaw300,31,6,0.8289434313774109,0.492532213528951,1.3780395462078723,0.5490961148304614,0.5490961148304614,
7958,39627829524041854,0.9954448438911186,blue,500,powerlaw500,51,6,0.8289434313774109,0.492532213528951,1.3061362632048314,0.47719283182742056,0.47719283182742056,
7958,39627829524041854,0.9954448438911186,red,100,powerlaw100,11,6,0.7455920577049255,0.05865562458833059,0.8327610865133916,0.08716902880846611,0.08716902880846611,
7958,39627829524041854,0.9954448438911186,red,200,powerlaw200,21,6,0.7455920577049255,0.05865562458833059,0.7953647310684507,0.0497726733635252,0.0497726733635252,
7958,39627829524041854,0.9954448438911186,red,300,powerlaw300,31,6,0.7455920577049255,0.05865562458833059,0.7823811371064071,0.03678907940148157,0.03678907940148157,
7958,39627829524041854,0.9954448438911186,red,500,powerlaw500,51,6,0.7455920577049255,0.05865562458833059,0.7716960959849658,0.026104038280040265,0.026104038280040265,
2458,39627841624606483,1.106843606195938,blue,100,powerlaw100,11,5,3.7577271461486816,2.3643625259399412,7.7319403445523704,3.974213198403689,3.974213198403689,
2458,39627841624606483,1.106843606195938,blue,200,powerlaw200,21,5,3.7577271461486816,2.3643625259399412,1.6243962403265226,-2.133330905822159,2.133330905822159,
2458,39627841624606483,1.106843606195938,blue,300,powerlaw300,31,5,3.7577271461486816,2.3643625259399412,2.2169617811656415,-1.5407653649830402,1.5407653649830402,
2458,39627841624606483,1.106843606195938,blue,500,powerlaw500,51,5,3.7577271461486816,2.3643625259399412,2.600747229924766,-1.1569799162239156,1.1569799162239156,
2458,39627841624606483,1.106843606195938,red,100,powerlaw100,11,5,0.6326874494552612,0.2620975971221924,0.39536042560649715,-0.23732702384876408,0.23732702384876408,
2458,39627841624606483,1.106843606195938,red,200,powerlaw200,21,5,0.6326874494552612,0.2620975971221924,0.8007444766583287,0.16805702720306748,0.16805702720306748,
2458,39627841624606483,1.106843606195938,red,300,powerlaw300,31,5,0.6326874494552612,0.2620975971221924,0.7870962528593379,0.1544088034040767,0.1544088034040767,
2458,39627841624606483,1.106843606195938,red,500,powerlaw500,51,5,0.6326874494552612,0.2620975971221924,0.6047868810060785,-0.02790056844918276,0.02790056844918276,
10712,39627853670648244,0.9616620629562508,blue,100,powerlaw100,11,6,2.3889195919036865,2.1422144571940103,0.0011290908486094665,-2.387790501055077,2.387790501055077,
10712,39627853670648244,0.9616620629562508,blue,200,powerlaw200,21,6,2.3889195919036865,2.1422144571940103,4.86799132718001,2.4790717352763236,2.4790717352763236,
10712,39627853670648244,0.9616620629562508,blue,300,powerlaw300,31,6,2.3889195919036865,2.1422144571940103,1.8126906293175675,-0.576228962586119,0.576228962586119,
10712,39627853670648244,0.9616620629562508,blue,500,powerlaw500,51,6,2.3889195919036865,2.1422144571940103,1.6280274009582525,-0.760892190945434,0.760892190945434,
10712,39627853670648244,0.9616620629562508,red,100,powerlaw100,11,6,2.838289499282837,0.29472092787424725,0.508672612655107,-2.32961688662773,2.32961688662773,
10712,39627853670648244,0.9616620629562508,red,200,powerlaw200,21,6,2.838289499282837,0.29472092787424725,0.9946930794821505,-1.8435964198006864,1.8435964198006864,
10712,39627853670648244,0.9616620629562508,red,300,powerlaw300,31,6,2.838289499282837,0.29472092787424725,0.682908890347539,-2.155380608935298,2.155380608935298,
10712,39627853670648244,0.9616620629562508,red,500,powerlaw500,51,6,2.838289499282837,0.29472092787424725,0.9415238348119335,-1.8967656644709034,1.8967656644709034,
941,39627841620416018,0.996904941953594,blue,100,powerlaw100,11,6,0.9183470606803894,0.30665796995162964,0.1043171624737005,-0.8140298982066889,0.8140298982066889,
941,39627841620416018,0.996904941953594,blue,200,powerlaw200,21,6,0.9183470606803894,0.30665796995162964,0.33974226770788724,-0.5786047929725022,0.5786047929725022,
941,39627841620416018,0.996904941953594,blue,300,powerlaw300,31,6,0.9183470606803894,0.30665796995162964,0.2663602394253519,-0.6519868212550375,0.6519868212550375,
941,39627841620416018,0.996904941953594,blue,500,powerlaw500,51,6,0.9183470606803894,0.30665796995162964,0.3457017160676564,-0.5726453446127331,0.5726453446127331,
941,39627841620416018,0.996904941953594,red,100,powerlaw100,11,6,0.8923446536064148,0.049656217296918236,1.075665449103585,0.18332079549717029,0.18332079549717029,
941,39627841620416018,0.996904941953594,red,200,powerlaw200,21,6,0.8923446536064148,0.049656217296918236,1.1297743995524314,0.23742974594601662,0.23742974594601662,
941,39627841620416018,0.996904941953594,red,300,powerlaw300,31,6,0.8923446536064148,0.049656217296918236,1.157292256507812,0.2649476029013973,0.2649476029013973,
941,39627841620416018,0.996904941953594,red,500,powerlaw500,51,6,0.8923446536064148,0.049656217296918236,1.1843104936730244,0.29196584006660964,0.29196584006660964,
9981,39627853674840731,1.0248541434337308,blue,100,powerlaw100,11,5,4.830117225646973,1.4567441940307617,2.4412774408569193,-2.3888397847900533,2.3888397847900533,
9981,39627853674840731,1.0248541434337308,blue,200,powerlaw200,21,5,4.830117225646973,1.4567441940307617,3.3987012730959414,-1.4314159525510313,1.4314159525510313,
9981,39627853674840731,1.0248541434337308,blue,300,powerlaw300,31,5,4.830117225646973,1.4567441940307617,3.264671454419063,-1.5654457712279095,1.5654457712279095,
9981,39627853674840731,1.0248541434337308,blue,500,powerlaw500,51,5,4.830117225646973,1.4567441940307617,3.4125993092167404,-1.4175179164302323,1.4175179164302323,
9981,39627853674840731,1.0248541434337308,red,100,powerlaw100,11,5,0.7376188635826111,0.1660132646560669,0.681267201077685,-0.05635166250492607,0.05635166250492607,
9981,39627853674840731,1.0248541434337308,red,200,powerlaw200,21,5,0.7376188635826111,0.1660132646560669,0.6558842691517788,-0.08173459443083231,0.08173459443083231,
9981,39627853674840731,1.0248541434337308,red,300,powerlaw300,31,5,0.7376188635826111,0.1660132646560669,0.8623564548461935,0.12473759126358241,0.12473759126358241,
9981,39627853674840731,1.0248541434337308,red,500,powerlaw500,51,5,0.7376188635826111,0.1660132646560669,0.7041312292516847,-0.033487634330926386,0.033487634330926386,
11731,39627793801152053,1.0557558083957284,blue,100,powerlaw100,11,5,5.981381893157959,3.252330780029297,15.42273693860204,9.44135504544408,9.44135504544408,
11731,39627793801152053,1.0557558083957284,blue,200,powerlaw200,21,5,5.981381893157959,3.252330780029297,11.977348815454441,5.995966922296482,5.995966922296482,
11731,39627793801152053,1.0557558083957284,blue,300,powerlaw300,31,5,5.981381893157959,3.252330780029297,5.584648809433468,-0.3967330837244907,0.3967330837244907,
11731,39627793801152053,1.0557558083957284,blue,500,powerlaw500,51,5,5.981381893157959,3.252330780029297,1.166703187649358,-4.814678705508601,4.814678705508601,
11731,39627793801152053,1.0557558083957284,red,100,powerlaw100,11,5,0.7304014563560486,0.29156606197357177,0.5843451721631127,-0.14605628419293593,0.14605628419293593,
11731,39627793801152053,1.0557558083957284,red,200,powerlaw200,21,5,0.7304014563560486,0.29156606197357177,0.6505320026039249,-0.07986945375212373,0.07986945375212373,
11731,39627793801152053,1.0557558083957284,red,300,powerlaw300,31,5,0.7304014563560486,0.29156606197357177,1.029575092206569,0.29917363585052037,0.29917363585052037,
11731,39627793801152053,1.0557558083957284,red,500,powerlaw500,51,5,0.7304014563560486,0.29156606197357177,0.7624146434506598,0.032013187094611206,0.032013187094611206,
12295,39627787752964760,0.998746721465538,blue,100,powerlaw100,11,6,0.03801338002085686,3.390950838724772,1.2901835531049717,1.2521701730841148,1.2521701730841148,
12295,39627787752964760,0.998746721465538,blue,200,powerlaw200,21,6,0.03801338002085686,3.390950838724772,1.5262508208114804,1.4882374407906236,1.4882374407906236,
12295,39627787752964760,0.998746721465538,blue,300,powerlaw300,31,6,0.03801338002085686,3.390950838724772,3.3508679352893673,3.3128545552685105,3.3128545552685105,
12295,39627787752964760,0.998746721465538,blue,500,powerlaw500,51,6,0.03801338002085686,3.390950838724772,3.98162626531169,3.943612885290833,3.943612885290833,
12295,39627787752964760,0.998746721465538,red,100,powerlaw100,11,6,0.7348325252532959,0.26623352368672687,1.1222657715747222,0.3874332463214263,0.3874332463214263,
12295,39627787752964760,0.998746721465538,red,200,powerlaw200,21,6,0.7348325252532959,0.26623352368672687,0.5852702284887545,-0.14956229676454136,0.14956229676454136,
12295,39627787752964760,0.998746721465538,red,300,powerlaw300,31,6,0.7348325252532959,0.26623352368672687,1.103639102711269,0.3688065774579732,0.3688065774579732,
12295,39627787752964760,0.998746721465538,red,500,powerlaw500,51,6,0.7348325252532959,0.26623352368672687,0.8523384767047508,0.11750595145145493,0.11750595145145493,
3615,39627805356461092,0.9268038298230442,blue,100,powerlaw100,11,6,0.7800092101097107,2.5963613192240396,3.6252752754167488,2.845266065307038,2.845266065307038,
3615,39627805356461092,0.9268038298230442,blue,200,powerlaw200,21,6,0.7800092101097107,2.5963613192240396,1.1184847323559086,0.3384755222461979,0.3384755222461979,
3615,39627805356461092,0.9268038298230442,blue,300,powerlaw300,31,6,0.7800092101097107,2.5963613192240396,1.5208449377219397,0.740835727612229,0.740835727612229,
3615,39627805356461092,0.9268038298230442,blue,500,powerlaw500,51,6,0.7800092101097107,2.5963613192240396,2.592243331124152,1.8122341210144413,1.8122341210144413,
3615,39627805356461092,0.9268038298230442,red,100,powerlaw100,11,6,1.1653486490249634,0.29895957310994464,0.6841118799031828,-0.4812367691217806,0.4812367691217806,
3615,39627805356461092,0.9268038298230442,red,200,powerlaw200,21,6,1.1653486490249634,0.29895957310994464,0.6479253623042445,-0.5174232867207189,0.5174232867207189,
3615,39627805356461092,0.9268038298230442,red,300,powerlaw300,31,6,1.1653486490249634,0.29895957310994464,0.6787697380893535,-0.4865789109356099,0.4865789109356099,
3615,39627805356461092,0.9268038298230442,red,500,powerlaw500,51,6,1.1653486490249634,0.29895957310994464,0.5079256592515512,-0.6574229897734122,0.6574229897734122,
9985,39627835563836870,1.1523985093787672,blue,100,powerlaw100,11,5,3.339360475540161,1.8856576919555663,1.0942540062056434,-2.2451064693345177,2.2451064693345177,
9985,39627835563836870,1.1523985093787672,blue,200,powerlaw200,21,5,3.339360475540161,1.8856576919555663,1.9244209784182302,-1.414939497121931,1.414939497121931,
9985,39627835563836870,1.1523985093787672,blue,300,powerlaw300,31,5,3.339360475540161,1.8856576919555663,2.3135278427481305,-1.0258326327920306,1.0258326327920306,
9985,39627835563836870,1.1523985093787672,blue,500,powerlaw500,51,5,3.339360475540161,1.8856576919555663,2.2577872995882453,-1.0815731759519158,1.0815731759519158,
9985,39627835563836870,1.1523985093787672,red,100,powerlaw100,11,5,0.8619001507759094,0.2470524549484253,1.3528488377898549,0.49094868701394545,0.49094868701394545,
9985,39627835563836870,1.1523985093787672,red,200,powerlaw200,21,5,0.8619001507759094,0.2470524549484253,1.127310903929228,0.2654107531533185,0.2654107531533185,
9985,39627835563836870,1.1523985093787672,red,300,powerlaw300,31,5,0.8619001507759094,0.2470524549484253,1.3107534243084804,0.448853273532571,0.448853273532571,
9985,39627835563836870,1.1523985093787672,red,500,powerlaw500,51,5,0.8619001507759094,0.2470524549484253,0.9197322558815955,0.05783210510568604,0.05783210510568604,
4651,39627847651821207,1.004703128449214,blue,100,powerlaw100,11,5,4.099895477294922,1.5488267898559571,6.599148959165693,2.4992534818707712,2.4992534818707712,
4651,39627847651821207,1.004703128449214,blue,200,powerlaw200,21,5,4.099895477294922,1.5488267898559571,2.969524198786845,-1.1303712785080768,1.1303712785080768,
4651,39627847651821207,1.004703128449214,blue,300,powerlaw300,31,5,4.099895477294922,1.5488267898559571,1.6652859589854896,-2.4346095183094323,2.4346095183094323,
4651,39627847651821207,1.004703128449214,blue,500,powerlaw500,51,5,4.099895477294922,1.5488267898559571,1.9883486615874886,-2.1115468157074333,2.1115468157074333,
4651,39627847651821207,1.004703128449214,red,100,powerlaw100,11,5,1.0850422382354736,0.14635900259017945,0.5889335497172259,-0.49610868851824774,0.49610868851824774,
4651,39627847651821207,1.004703128449214,red,200,powerlaw200,21,5,1.0850422382354736,0.14635900259017945,0.9650841248529665,-0.11995811338250717,0.11995811338250717,
4651,39627847651821207,1.004703128449214,red,300,powerlaw300,31,5,1.0850422382354736,0.14635900259017945,0.9939997764371649,-0.09104246179830877,0.09104246179830877,
4651,39627847651821207,1.004703128449214,red,500,powerlaw500,51,5,1.0850422382354736,0.14635900259017945,1.052087370363426,-0.03295486787204771,0.03295486787204771,
11618,39627787761353940,1.0398372987853868,blue,100,powerlaw100,11,5,5.30720853805542,1.578460693359375,1.5058168217260097,-3.80139171632941,3.80139171632941,
11618,39627787761353940,1.0398372987853868,blue,200,powerlaw200,21,5,5.30720853805542,1.578460693359375,3.3416593248016193,-1.9655492132538006,1.9655492132538006,
11618,39627787761353940,1.0398372987853868,blue,300,powerlaw300,31,5,5.30720853805542,1.578460693359375,2.612425078528763,-2.694783459526657,2.694783459526657,
11618,39627787761353940,1.0398372987853868,blue,500,powerlaw500,51,5,5.30720853805542,1.578460693359375,3.031401558918667,-2.275806979136753,2.275806979136753,
11618,39627787761353940,1.0398372987853868,red,100,powerlaw100,11,5,0.7973368763923645,0.24711990356445312,0.7306757682943884,-0.0666611080979761,0.0666611080979761,
11618,39627787761353940,1.0398372987853868,red,200,powerlaw200,21,5,0.7973368763923645,0.24711990356445312,0.677362815101031,-0.11997406129133348,0.11997406129133348,
11618,39627787761353940,1.0398372987853868,red,300,powerlaw300,31,5,0.7973368763923645,0.24711990356445312,0.6751536390061998,-0.12218323738616466,0.12218323738616466,
11618,39627787761353940,1.0398372987853868,red,500,powerlaw500,51,5,0.7973368763923645,0.24711990356445312,0.6979901611280792,-0.09934671526428529,0.09934671526428529,
5757,39627835538672709,1.1082234803262432,blue,100,powerlaw100,11,5,0.877189040184021,0.96463623046875,2.7727182194219453,1.8955291792379243,1.8955291792379243,
5757,39627835538672709,1.1082234803262432,blue,200,powerlaw200,21,5,0.877189040184021,0.96463623046875,1.6159865228084471,0.7387974826244261,0.7387974826244261,
5757,39627835538672709,1.1082234803262432,blue,300,powerlaw300,31,5,0.877189040184021,0.96463623046875,1.7126534601813266,0.8354644199973056,0.8354644199973056,
5757,39627835538672709,1.1082234803262432,blue,500,powerlaw500,51,5,0.877189040184021,0.96463623046875,1.917429398673022,1.040240358489001,1.040240358489001,
5757,39627835538672709,1.1082234803262432,red,100,powerlaw100,11,5,0.6158060431480408,0.14972620010375975,0.7858598227336799,0.17005377958563916,0.17005377958563916,
5757,39627835538672709,1.1082234803262432,red,200,powerlaw200,21,5,0.6158060431480408,0.14972620010375975,0.9904255087125721,0.3746194655645313,0.3746194655645313,
5757,39627835538672709,1.1082234803262432,red,300,powerlaw300,31,5,0.6158060431480408,0.14972620010375975,0.9318837323219376,0.3160776891738968,0.3160776891738968,
5757,39627835538672709,1.1082234803262432,red,500,powerlaw500,51,5,0.6158060431480408,0.14972620010375975,0.9071103161661787,0.2913042730181379,0.2913042730181379,
3947,39627823475853387,0.9264285100818856,blue,100,powerlaw100,11,6,-3.4458189010620117,1.9008355140686035,1.0977308112381967,4.543549712300209,4.543549712300209,
3947,39627823475853387,0.9264285100818856,blue,200,powerlaw200,21,6,-3.4458189010620117,1.9008355140686035,1.0490411281794223,4.494860029241434,4.494860029241434,
3947,39627823475853387,0.9264285100818856,blue,300,powerlaw300,31,6,-3.4458189010620117,1.9008355140686035,1.732072917203583,5.177891818265595,5.177891818265595,
3947,39627823475853387,0.9264285100818856,blue,500,powerlaw500,51,6,-3.4458189010620117,1.9008355140686035,1.9113310778156105,5.357149978877622,5.357149978877622,
3947,39627823475853387,0.9264285100818856,red,100,powerlaw100,11,6,1.6584619283676147,0.25924404462178546,2.505122339886338,0.8466604115187231,0.8466604115187231,
3947,39627823475853387,0.9264285100818856,red,200,powerlaw200,21,6,1.6584619283676147,0.25924404462178546,2.269874393015281,0.6114124646476662,0.6114124646476662,
3947,39627823475853387,0.9264285100818856,red,300,powerlaw300,31,6,1.6584619283676147,0.25924404462178546,1.2980518087185577,-0.360410119649057,0.360410119649057,
3947,39627823475853387,0.9264285100818856,red,500,powerlaw500,51,6,1.6584619283676147,0.25924404462178546,1.056174371357705,-0.6022875570099098,0.6022875570099098,
9603,39627841603637919,1.1704142680035854,blue,100,powerlaw100,11,5,3.114287853240967,2.0071647644042967,7.269148000909115,4.154860147668148,4.154860147668148,
9603,39627841603637919,1.1704142680035854,blue,200,powerlaw200,21,5,3.114287853240967,2.0071647644042967,4.717146675559284,1.602858822318317,1.602858822318317,
9603,39627841603637919,1.1704142680035854,blue,300,powerlaw300,31,5,3.114287853240967,2.0071647644042967,3.2826924534839685,0.16840460024300175,0.16840460024300175,
9603,39627841603637919,1.1704142680035854,blue,500,powerlaw500,51,5,3.114287853240967,2.0071647644042967,2.701415546800138,-0.41287230644082884,0.41287230644082884,
9603,39627841603637919,1.1704142680035854,red,100,powerlaw100,11,5,2.0560879707336426,0.4869266986846924,0.5890946832246247,-1.466993287509018,1.466993287509018,
9603,39627841603637919,1.1704142680035854,red,200,powerlaw200,21,5,2.0560879707336426,0.4869266986846924,0.734041404367485,-1.3220465663661576,1.3220465663661576,
9603,39627841603637919,1.1704142680035854,red,300,powerlaw300,31,5,2.0560879707336426,0.4869266986846924,0.9754158061403218,-1.0806721645933208,1.0806721645933208,
9603,39627841603637919,1.1704142680035854,red,500,powerlaw500,51,5,2.0560879707336426,0.4869266986846924,0.8347021449551313,-1.2213858257785113,1.2213858257785113,
2724,39627823475855007,0.9498930469719497,blue,100,powerlaw100,11,6,1.3289426565170288,1.755677064259847,1.209025975740564,-0.11991668077646489,0.11991668077646489,
2724,39627823475855007,0.9498930469719497,blue,200,powerlaw200,21,6,1.3289426565170288,1.755677064259847,1.9384976568743906,0.6095550003573618,0.6095550003573618,
2724,39627823475855007,0.9498930469719497,blue,300,powerlaw300,31,6,1.3289426565170288,1.755677064259847,2.470467451337482,1.141524794820453,1.141524794820453,
2724,39627823475855007,0.9498930469719497,blue,500,powerlaw500,51,6,1.3289426565170288,1.755677064259847,2.2785906156894833,0.9496479591724545,0.9496479591724545,
2724,39627823475855007,0.9498930469719497,red,100,powerlaw100,11,6,1.5319334268569946,0.20791194836298624,0.633198797947184,-0.8987346289098106,0.8987346289098106,
2724,39627823475855007,0.9498930469719497,red,200,powerlaw200,21,6,1.5319334268569946,0.20791194836298624,0.8797903975183828,-0.6521430293386118,0.6521430293386118,
2724,39627823475855007,0.9498930469719497,red,300,powerlaw300,31,6,1.5319334268569946,0.20791194836298624,0.8684963491561978,-0.6634370777007969,0.6634370777007969,
2724,39627823475855007,0.9498930469719497,red,500,powerlaw500,51,6,1.5319334268569946,0.20791194836298624,0.8793613051680941,-0.6525721216889006,0.6525721216889006,
6139,39627835547063428,0.9920298524836598,blue,100,powerlaw100,11,6,-0.8275554776191711,1.2910638650258381,0.1245680554929614,0.9521235331121325,0.9521235331121325,
6139,39627835547063428,0.9920298524836598,blue,200,powerlaw200,21,6,-0.8275554776191711,1.2910638650258381,0.8927945353271592,1.7203500129463305,1.7203500129463305,
6139,39627835547063428,0.9920298524836598,blue,300,powerlaw300,31,6,-0.8275554776191711,1.2910638650258381,0.46153939301382096,1.289094870632992,1.289094870632992,
6139,39627835547063428,0.9920298524836598,blue,500,powerlaw500,51,6,-0.8275554776191711,1.2910638650258381,1.0370514083386981,1.8646068859578693,1.8646068859578693,
6139,39627835547063428,0.9920298524836598,red,100,powerlaw100,11,6,1.237397313117981,0.15579641858736673,1.3684853722900143,0.13108805917203337,0.13108805917203337,
6139,39627835547063428,0.9920298524836598,red,200,powerlaw200,21,6,1.237397313117981,0.15579641858736673,1.2366120366954456,-0.0007852764225353415,0.0007852764225353415,
6139,39627835547063428,0.9920298524836598,red,300,powerlaw300,31,6,1.237397313117981,0.15579641858736673,1.1975964320198271,-0.03980088109815383,0.03980088109815383,
6139,39627835547063428,0.9920298524836598,red,500,powerlaw500,51,6,1.237397313117981,0.15579641858736673,0.8623506611157787,-0.3750466520022022,0.3750466520022022,
11828,39627793805345815,1.16047538767111,blue,100,powerlaw100,11,5,1.391417145729065,0.7862123489379883,3.638588237244567,2.247171091515502,2.247171091515502,
11828,39627793805345815,1.16047538767111,blue,200,powerlaw200,21,5,1.391417145729065,0.7862123489379883,3.2441925838595536,1.8527754381304886,1.8527754381304886,
11828,39627793805345815,1.16047538767111,blue,300,powerlaw300,31,5,1.391417145729065,0.7862123489379883,2.99046321180247,1.599046066073405,1.599046066073405,
11828,39627793805345815,1.16047538767111,blue,500,powerlaw500,51,5,1.391417145729065,0.7862123489379883,0.14556538789217002,-1.2458517578368948,1.2458517578368948,
11828,39627793805345815,1.16047538767111,red,100,powerlaw100,11,5,1.443212866783142,0.12427593469619751,1.4574542072295353,0.014241340446393247,0.014241340446393247,
11828,39627793805345815,1.16047538767111,red,200,powerlaw200,21,5,1.443212866783142,0.12427593469619751,1.6748228795880986,0.23161001280495652,0.23161001280495652,
11828,39627793805345815,1.16047538767111,red,300,powerlaw300,31,5,1.443212866783142,0.12427593469619751,1.464744015600425,0.021531148817282908,0.021531148817282908,
11828,39627793805345815,1.16047538767111,red,500,powerlaw500,51,5,1.443212866783142,0.12427593469619751,1.379381821433296,-0.06383104534984607,0.06383104534984607,
9580,39627853674841145,0.9920272810007554,blue,100,powerlaw100,11,6,-0.0997680053114891,1.5094475746154785,0.28124123445325405,0.38100923976474316,0.38100923976474316,
9580,39627853674841145,0.9920272810007554,blue,200,powerlaw200,21,6,-0.0997680053114891,1.5094475746154785,1.8252751255843476,1.9250431308958367,1.9250431308958367,
9580,39627853674841145,0.9920272810007554,blue,300,powerlaw300,31,6,-0.0997680053114891,1.5094475746154785,2.704917547788907,2.8046855531003962,2.8046855531003962,
9580,39627853674841145,0.9920272810007554,blue,500,powerlaw500,51,6,-0.0997680053114891,1.5094475746154785,2.0088805131221084,2.1086485184335975,2.1086485184335975,
9580,39627853674841145,0.9920272810007554,red,100,powerlaw100,11,6,0.9473166465759277,0.17652503649393717,2.0090002124075554,1.0616835658316277,1.0616835658316277,
9580,39627853674841145,0.9920272810007554,red,200,powerlaw200,21,6,0.9473166465759277,0.17652503649393717,1.7392868723981412,0.7919702258222134,0.7919702258222134,
9580,39627853674841145,0.9920272810007554,red,300,powerlaw300,31,6,0.9473166465759277,0.17652503649393717,1.5991034429508115,0.6517867963748838,0.6517867963748838,
9580,39627853674841145,0.9920272810007554,red,500,powerlaw500,51,6,0.9473166465759277,0.17652503649393717,1.038129578780486,0.09081293220455833,0.09081293220455833,
5416,39627823463269614,0.988820601777058,blue,100,powerlaw100,11,6,2.0754175186157227,0.7726688385009766,3.453890362166112,1.3784728435503895,1.3784728435503895,
5416,39627823463269614,0.988820601777058,blue,200,powerlaw200,21,6,2.0754175186157227,0.7726688385009766,4.431684556492027,2.3562670378763046,2.3562670378763046,
5416,39627823463269614,0.988820601777058,blue,300,powerlaw300,31,6,2.0754175186157227,0.7726688385009766,3.126225081810088,1.0508075631943652,1.0508075631943652,
5416,39627823463269614,0.988820601777058,blue,500,powerlaw500,51,6,2.0754175186157227,0.7726688385009766,2.414401970411819,0.3389844517960965,0.3389844517960965,
5416,39627823463269614,0.988820601777058,red,100,powerlaw100,11,6,0.660800576210022,0.08845019340515137,1.1276519757650025,0.46685139955498056,0.46685139955498056,
5416,39627823463269614,0.988820601777058,red,200,powerlaw200,21,6,0.660800576210022,0.08845019340515137,1.0102028231669498,0.3494022469569278,0.3494022469569278,
5416,39627823463269614,0.988820601777058,red,300,powerlaw300,31,6,0.660800576210022,0.08845019340515137,1.0898284077277074,0.4290278315176854,0.4290278315176854,
5416,39627823463269614,0.988820601777058,red,500,powerlaw500,51,6,0.660800576210022,0.08845019340515137,1.0014119266832389,0.3406113504732169,0.3406113504732169,
4588,39627865771215611,1.2412959160419066,blue,100,powerlaw100,11,5,-0.028348302468657494,2.4915958404541017,1.1261321934119906,1.154480495880648,1.154480495880648,
4588,39627865771215611,1.2412959160419066,blue,200,powerlaw200,21,5,-0.028348302468657494,2.4915958404541017,2.902445110962332,2.9307934134309894,2.9307934134309894,
4588,39627865771215611,1.2412959160419066,blue,300,powerlaw300,31,5,-0.028348302468657494,2.4915958404541017,4.28116608236102,4.3095143848296775,4.3095143848296775,
4588,39627865771215611,1.2412959160419066,blue,500,powerlaw500,51,5,-0.028348302468657494,2.4915958404541017,2.832493438396967,2.8608417408656246,2.8608417408656246,
4588,39627865771215611,1.2412959160419066,red,100,powerlaw100,11,5,1.068926215171814,0.2530387878417969,0.869931121222139,-0.19899509394967496,0.19899509394967496,
4588,39627865771215611,1.2412959160419066,red,200,powerlaw200,21,5,1.068926215171814,0.2530387878417969,1.2448455667421163,0.17591935157030236,0.17591935157030236,
4588,39627865771215611,1.2412959160419066,red,300,powerlaw300,31,5,1.068926215171814,0.2530387878417969,0.9756090012180711,-0.09331721395374282,0.09331721395374282,
4588,39627865771215611,1.2412959160419066,red,500,powerlaw500,51,5,1.068926215171814,0.2530387878417969,1.0891702872443183,0.020244072072504338,0.020244072072504338,
12012,39627787748774797,1.2911508275437202,blue,100,powerlaw100,11,5,2.0135529041290283,1.0200032234191894,2.3082645137526834,0.29471160962365506,0.29471160962365506,
12012,39627787748774797,1.2911508275437202,blue,200,powerlaw200,21,5,2.0135529041290283,1.0200032234191894,2.6483894508479295,0.6348365467189012,0.6348365467189012,
12012,39627787748774797,1.2911508275437202,blue,300,powerlaw300,31,5,2.0135529041290283,1.0200032234191894,3.610000099123764,1.5964471949947359,1.5964471949947359,
12012,39627787748774797,1.2911508275437202,blue,500,powerlaw500,51,5,2.0135529041290283,1.0200032234191894,3.642904064142752,1.6293511600137238,1.6293511600137238,
12012,39627787748774797,1.2911508275437202,red,100,powerlaw100,11,5,1.0514068603515625,0.13230158090591432,0.8272708778560893,-0.22413598249547317,0.22413598249547317,
12012,39627787748774797,1.2911508275437202,red,200,powerlaw200,21,5,1.0514068603515625,0.13230158090591432,0.8541422107736635,-0.19726464957789902,0.19726464957789902,
12012,39627787748774797,1.2911508275437202,red,300,powerlaw300,31,5,1.0514068603515625,0.13230158090591432,0.8909842472560288,-0.16042261309553374,0.16042261309553374,
12012,39627787748774797,1.2911508275437202,red,500,powerlaw500,51,5,1.0514068603515625,0.13230158090591432,0.8955197902732819,-0.15588707007828062,0.15588707007828062,
10170,39627841595247566,1.2476716525081852,blue,100,powerlaw100,11,5,8.232333183288574,5.3329002380371096,18.616573499232477,10.384240315943902,10.384240315943902,
10170,39627841595247566,1.2476716525081852,blue,200,powerlaw200,21,5,8.232333183288574,5.3329002380371096,9.691365123129613,1.4590319398410383,1.4590319398410383,
10170,39627841595247566,1.2476716525081852,blue,300,powerlaw300,31,5,8.232333183288574,5.3329002380371096,6.998092317911139,-1.2342408653774353,1.2342408653774353,
10170,39627841595247566,1.2476716525081852,blue,500,powerlaw500,51,5,8.232333183288574,5.3329002380371096,6.663414120384923,-1.5689190629036514,1.5689190629036514,
10170,39627841595247566,1.2476716525081852,red,100,powerlaw100,11,5,1.288550615310669,0.5156599998474121,2.8219884592965405,1.5334378439858716,1.5334378439858716,
10170,39627841595247566,1.2476716525081852,red,200,powerlaw200,21,5,1.288550615310669,0.5156599998474121,1.22799140307339,-0.06055921223727889,0.06055921223727889,
10170,39627841595247566,1.2476716525081852,red,300,powerlaw300,31,5,1.288550615310669,0.5156599998474121,0.6490529876299181,-0.6394976276807508,0.6394976276807508,
10170,39627841595247566,1.2476716525081852,red,500,powerlaw500,51,5,1.288550615310669,0.5156599998474121,0.781729015139552,-0.506821600171117,0.506821600171117,
5726,39627823467467428,1.3346303700291982,blue,100,powerlaw100,11,5,-0.8144753575325012,1.9849430084228517,1.905029303432449,2.71950466096495,2.71950466096495,
5726,39627823467467428,1.3346303700291982,blue,200,powerlaw200,21,5,-0.8144753575325012,1.9849430084228517,0.9602468708814487,1.7747222284139499,1.7747222284139499,
5726,39627823467467428,1.3346303700291982,blue,300,powerlaw300,31,5,-0.8144753575325012,1.9849430084228517,0.9691448450946624,1.7836202026271635,1.7836202026271635,
5726,39627823467467428,1.3346303700291982,blue,500,powerlaw500,51,5,-0.8144753575325012,1.9849430084228517,1.9154394366937146,2.729914794226216,2.729914794226216,
5726,39627823467467428,1.3346303700291982,red,100,powerlaw100,11,5,1.1500251293182373,0.24560832977294922,0.7489960912900153,-0.401029038028222,0.401029038028222,
5726,39627823467467428,1.3346303700291982,red,200,powerlaw200,21,5,1.1500251293182373,0.24560832977294922,1.3342004363593718,0.1841753070411345,0.1841753070411345,
5726,39627823467467428,1.3346303700291982,red,300,powerlaw300,31,5,1.1500251293182373,0.24560832977294922,1.4481101705730788,0.2980850412548415,0.2980850412548415,
5726,39627823467467428,1.3346303700291982,red,500,powerlaw500,51,5,1.1500251293182373,0.24560832977294922,1.3928594986732326,0.24283436935499525,0.24283436935499525,
298,39627574963343594,1.248842970532584,blue,100,powerlaw100,11,5,0.9408861994743347,1.874946403503418,2.520534636041652,1.5796484365673171,1.5796484365673171,
298,39627574963343594,1.248842970532584,blue,200,powerlaw200,21,5,0.9408861994743347,1.874946403503418,2.325883078154936,1.3849968786806013,1.3849968786806013,
298,39627574963343594,1.248842970532584,blue,300,powerlaw300,31,5,0.9408861994743347,1.874946403503418,2.193985966856128,1.2530997673817934,1.2530997673817934,
298,39627574963343594,1.248842970532584,blue,500,powerlaw500,51,5,0.9408861994743347,1.874946403503418,2.644434824170916,1.7035486246965812,1.7035486246965812,
298,39627574963343594,1.248842970532584,red,100,powerlaw100,11,5,1.1421935558319092,0.21535823345184327,2.1332841228010184,0.9910905669691092,0.9910905669691092,
298,39627574963343594,1.248842970532584,red,200,powerlaw200,21,5,1.1421935558319092,0.21535823345184327,1.2443002696823968,0.10210671385048764,0.10210671385048764,
298,39627574963343594,1.248842970532584,red,300,powerlaw300,31,5,1.1421935558319092,0.21535823345184327,0.6902909804193393,-0.45190257541256984,0.45190257541256984,
298,39627574963343594,1.248842970532584,red,500,powerlaw500,51,5,1.1421935558319092,0.21535823345184327,0.8289005749358619,-0.3132929808960473,0.3132929808960473,
3202,39627823471662128,1.3198437865771198,blue,100,powerlaw100,11,5,2.346839666366577,3.2215816497802736,1.3830598870211592,-0.9637797793454179,0.9637797793454179,
3202,39627823471662128,1.3198437865771198,blue,200,powerlaw200,21,5,2.346839666366577,3.2215816497802736,1.6576519260114666,-0.6891877403551105,0.6891877403551105,
3202,39627823471662128,1.3198437865771198,blue,300,powerlaw300,31,5,2.346839666366577,3.2215816497802736,2.152758949927376,-0.19408071643920133,0.19408071643920133,
3202,39627823471662128,1.3198437865771198,blue,500,powerlaw500,51,5,2.346839666366577,3.2215816497802736,2.786509735103889,0.43967006873731185,0.43967006873731185,
3202,39627823471662128,1.3198437865771198,red,100,powerlaw100,11,5,1.1875121593475342,0.19823813438415527,1.1128260367731504,-0.07468612257438378,0.07468612257438378,
3202,39627823471662128,1.3198437865771198,red,200,powerlaw200,21,5,1.1875121593475342,0.19823813438415527,0.6368473540028474,-0.5506648053446868,0.5506648053446868,
3202,39627823471662128,1.3198437865771198,red,300,powerlaw300,31,5,1.1875121593475342,0.19823813438415527,0.7568837374244909,-0.4306284219230433,0.4306284219230433,
3202,39627823471662128,1.3198437865771198,red,500,powerlaw500,51,5,1.1875121593475342,0.19823813438415527,0.9235809678869119,-0.26393119146062227,0.26393119146062227,
5932,39627823463273097,1.2510625042902248,blue,100,powerlaw100,11,5,2.1355972290039062,1.737739372253418,3.4390894934479777,1.3034922644440714,1.3034922644440714,
5932,39627823463273097,1.2510625042902248,blue,200,powerlaw200,21,5,2.1355972290039062,1.737739372253418,1.3506509263865258,-0.7849463026173804,0.7849463026173804,
5932,39627823463273097,1.2510625042902248,blue,300,powerlaw300,31,5,2.1355972290039062,1.737739372253418,1.3794204404641794,-0.7561767885397268,0.7561767885397268,
5932,39627823463273097,1.2510625042902248,blue,500,powerlaw500,51,5,2.1355972290039062,1.737739372253418,2.3530410120622554,0.2174437830583491,0.2174437830583491,
5932,39627823463273097,1.2510625042902248,red,100,powerlaw100,11,5,1.2461553812026978,0.3051570415496826,2.441200423878704,1.1950450426760062,1.1950450426760062,
5932,39627823463273097,1.2510625042902248,red,200,powerlaw200,21,5,1.2461553812026978,0.3051570415496826,1.4276376591551283,0.18148227795243055,0.18148227795243055,
5932,39627823463273097,1.2510625042902248,red,300,powerlaw300,31,5,1.2461553812026978,0.3051570415496826,0.7292462927741055,-0.5169090884285923,0.5169090884285923,
5932,39627823463273097,1.2510625042902248,red,500,powerlaw500,51,5,1.2461553812026978,0.3051570415496826,0.9445525719200086,-0.3016028092826891,0.3016028092826891,
9384,39627853674843204,1.3249760616582127,blue,100,powerlaw100,11,5,3.5751163959503174,2.692787933349609,2.497538503907798,-1.0775778920425192,1.0775778920425192,
9384,39627853674843204,1.3249760616582127,blue,200,powerlaw200,21,5,3.5751163959503174,2.692787933349609,1.798603627287101,-1.7765127686632163,1.7765127686632163,
9384,39627853674843204,1.3249760616582127,blue,300,powerlaw300,31,5,3.5751163959503174,2.692787933349609,4.183697990490238,0.6085815945399204,0.6085815945399204,
9384,39627853674843204,1.3249760616582127,blue,500,powerlaw500,51,5,3.5751163959503174,2.692787933349609,3.687151925391902,0.11203552944158446,0.11203552944158446,
9384,39627853674843204,1.3249760616582127,red,100,powerlaw100,11,5,1.7809566259384155,0.32943334579467776,0.3866327509859896,-1.394323874952426,1.394323874952426,
9384,39627853674843204,1.3249760616582127,red,200,powerlaw200,21,5,1.7809566259384155,0.32943334579467776,0.6404630964967775,-1.140493529441638,1.140493529441638,
9384,39627853674843204,1.3249760616582127,red,300,powerlaw300,31,5,1.7809566259384155,0.32943334579467776,0.8230376303508165,-0.9579189955875991,0.9579189955875991,
9384,39627853674843204,1.3249760616582127,red,500,powerlaw500,51,5,1.7809566259384155,0.32943334579467776,0.9964450455867813,-0.7845115803516343,0.7845115803516343,
12132,39627787761353074,1.4326446044579615,blue,100,powerlaw100,11,5,2.565542697906494,1.0598085403442383,2.524677729388182,-0.04086496851831223,0.04086496851831223,
12132,39627787761353074,1.4326446044579615,blue,200,powerlaw200,21,5,2.565542697906494,1.0598085403442383,1.6759577352746917,-0.8895849626318024,0.8895849626318024,
12132,39627787761353074,1.4326446044579615,blue,300,powerlaw300,31,5,2.565542697906494,1.0598085403442383,1.3682468218860453,-1.1972958760204488,1.1972958760204488,
12132,39627787761353074,1.4326446044579615,blue,500,powerlaw500,51,5,2.565542697906494,1.0598085403442383,2.1145404603919373,-0.4510022375145568,0.4510022375145568,
12132,39627787761353074,1.4326446044579615,red,100,powerlaw100,11,5,1.5634939670562744,0.1610743522644043,1.5655740927104875,0.0020801256542131163,0.0020801256542131163,
12132,39627787761353074,1.4326446044579615,red,200,powerlaw200,21,5,1.5634939670562744,0.1610743522644043,1.3216693766006635,-0.2418245904556109,0.2418245904556109,
12132,39627787761353074,1.4326446044579615,red,300,powerlaw300,31,5,1.5634939670562744,0.1610743522644043,1.2859525579554183,-0.2775414091008561,0.2775414091008561,
12132,39627787761353074,1.4326446044579615,red,500,powerlaw500,51,5,1.5634939670562744,0.1610743522644043,1.2422880557816973,-0.3212059112745771,0.3212059112745771,
10777,39627847626657080,1.3632117601045148,blue,100,powerlaw100,11,5,7.331360816955566,6.56524887084961,6.391001438670738,-0.9403593782848283,0.9403593782848283,
10777,39627847626657080,1.3632117601045148,blue,200,powerlaw200,21,5,7.331360816955566,6.56524887084961,15.788636179543715,8.457275362588149,8.457275362588149,
10777,39627847626657080,1.3632117601045148,blue,300,powerlaw300,31,5,7.331360816955566,6.56524887084961,14.882008419174886,7.550647602219319,7.550647602219319,
10777,39627847626657080,1.3632117601045148,blue,500,powerlaw500,51,5,7.331360816955566,6.56524887084961,10.201639789307912,2.870278972352345,2.870278972352345,
10777,39627847626657080,1.3632117601045148,red,100,powerlaw100,11,5,-0.0031426907517015934,1.047783660888672,6039.1693235875155,6039.172466278267,6039.172466278267,
10777,39627847626657080,1.3632117601045148,red,200,powerlaw200,21,5,-0.0031426907517015934,1.047783660888672,0.5771276186278274,0.580270309379529,0.580270309379529,
10777,39627847626657080,1.3632117601045148,red,300,powerlaw300,31,5,-0.0031426907517015934,1.047783660888672,0.3686107533042413,0.3717534440559429,0.3717534440559429,
10777,39627847626657080,1.3632117601045148,red,500,powerlaw500,51,5,-0.0031426907517015934,1.047783660888672,1.1009714372133832,1.1041141279650848,1.1041141279650848,
9420,39627835559645950,1.568283101013829,blue,100,powerlaw100,11,4,30.932132720947266,15.831785202026367,23.69880690923673,-7.233325811710536,7.233325811710536,
9420,39627835559645950,1.568283101013829,blue,200,powerlaw200,21,4,30.932132720947266,15.831785202026367,0.0561391451950853,-30.87599357575218,30.87599357575218,
9420,39627835559645950,1.568283101013829,blue,300,powerlaw300,31,4,30.932132720947266,15.831785202026367,0.01622033424220415,-30.915912386705063,30.915912386705063,
9420,39627835559645950,1.568283101013829,blue,500,powerlaw500,51,4,30.932132720947266,15.831785202026367,3.25105775640857,-27.681074964538695,27.681074964538695,
9420,39627835559645950,1.568283101013829,red,100,powerlaw100,11,4,1.8630530834197998,1.715149998664856,0.06831913534059707,-1.7947339480792028,1.7947339480792028,
9420,39627835559645950,1.568283101013829,red,200,powerlaw200,21,4,1.8630530834197998,1.715149998664856,0.8607054694531935,-1.0023476139666063,1.0023476139666063,
9420,39627835559645950,1.568283101013829,red,300,powerlaw300,31,4,1.8630530834197998,1.715149998664856,0.5577144654357454,-1.3053386179840545,1.3053386179840545,
9420,39627835559645950,1.568283101013829,red,500,powerlaw500,51,4,1.8630530834197998,1.715149998664856,1.0335953918002927,-0.8294576916195071,0.8294576916195071,
231,39627563030545557,1.347997823227218,blue,100,powerlaw100,11,5,2.633145809173584,1.611894416809082,1.0536271594935536,-1.5795186496800304,1.5795186496800304,
231,39627563030545557,1.347997823227218,blue,200,powerlaw200,21,5,2.633145809173584,1.611894416809082,1.1963293097506824,-1.4368164994229016,1.4368164994229016,
231,39627563030545557,1.347997823227218,blue,300,powerlaw300,31,5,2.633145809173584,1.611894416809082,1.7748978190892486,-0.8582479900843354,0.8582479900843354,
231,39627563030545557,1.347997823227218,blue,500,powerlaw500,51,5,2.633145809173584,1.611894416809082,2.3641308417539304,-0.2690149674196536,0.2690149674196536,
231,39627563030545557,1.347997823227218,red,100,powerlaw100,11,5,0.9138456583023071,0.1464046359062195,1.094133125404868,0.18028746710256094,0.18028746710256094,
231,39627563030545557,1.347997823227218,red,200,powerlaw200,21,5,0.9138456583023071,0.1464046359062195,1.0879782444425128,0.17413258614020566,0.17413258614020566,
231,39627563030545557,1.347997823227218,red,300,powerlaw300,31,5,0.9138456583023071,0.1464046359062195,1.1575726966031519,0.24372703830084474,0.24372703830084474,
231,39627563030545557,1.347997823227218,red,500,powerlaw500,51,5,0.9138456583023071,0.1464046359062195,1.3299291180642643,0.41608345976195715,0.41608345976195715,
117,39627563022156824,1.5610555994848516,blue,100,powerlaw100,11,4,5.903576850891113,3.941279649734497,3.3335241815273235,-2.5700526693637897,2.5700526693637897,
117,39627563022156824,1.5610555994848516,blue,200,powerlaw200,21,4,5.903576850891113,3.941279649734497,3.399084534034602,-2.504492316856511,2.504492316856511,
117,39627563022156824,1.5610555994848516,blue,300,powerlaw300,31,4,5.903576850891113,3.941279649734497,4.303690403948574,-1.5998864469425396,1.5998864469425396,
117,39627563022156824,1.5610555994848516,blue,500,powerlaw500,51,4,5.903576850891113,3.941279649734497,5.204639063734894,-0.6989377871562192,0.6989377871562192,
117,39627563022156824,1.5610555994848516,red,100,powerlaw100,11,4,0.7400755286216736,0.7919756770133972,0.16786036072185792,-0.5722151678998156,0.5722151678998156,
117,39627563022156824,1.5610555994848516,red,200,powerlaw200,21,4,0.7400755286216736,0.7919756770133972,0.4511726171031003,-0.2889029115185733,0.2889029115185733,
117,39627563022156824,1.5610555994848516,red,300,powerlaw300,31,4,0.7400755286216736,0.7919756770133972,0.9081988988488904,0.1681233702272168,0.1681233702272168,
117,39627563022156824,1.5610555994848516,red,500,powerlaw500,51,4,0.7400755286216736,0.7919756770133972,0.9932764951834558,0.25320096656178226,0.25320096656178226,
1224,39627841624607359,1.4094580745720913,blue,100,powerlaw100,11,5,11.298563003540039,3.3840286254882814,5.376668622600389,-5.9218943809396505,5.9218943809396505,
1224,39627841624607359,1.4094580745720913,blue,200,powerlaw200,21,5,11.298563003540039,3.3840286254882814,6.427024830030726,-4.871538173509313,4.871538173509313,
1224,39627841624607359,1.4094580745720913,blue,300,powerlaw300,31,5,11.298563003540039,3.3840286254882814,9.172855448074618,-2.1257075554654214,2.1257075554654214,
1224,39627841624607359,1.4094580745720913,blue,500,powerlaw500,51,5,11.298563003540039,3.3840286254882814,8.397511371201224,-2.901051632338815,2.901051632338815,
1224,39627841624607359,1.4094580745720913,red,100,powerlaw100,11,5,0.23332969844341278,0.6271703720092774,1.6405649455855542,1.4072352471421414,1.4072352471421414,
1224,39627841624607359,1.4094580745720913,red,200,powerlaw200,21,5,0.23332969844341278,0.6271703720092774,0.44200831535208407,0.2086786169086713,0.2086786169086713,
1224,39627841624607359,1.4094580745720913,red,300,powerlaw300,31,5,0.23332969844341278,0.6271703720092774,0.6919063841631743,0.4585766857197615,0.4585766857197615,
1224,39627841624607359,1.4094580745720913,red,500,powerlaw500,51,5,0.23332969844341278,0.6271703720092774,1.1381798438060438,0.904850145362631,0.904850145362631,
11549,39627793801153520,1.271770118619023,blue,100,powerlaw100,11,5,3.9883148670196533,4.700737380981446,5.844092844111809,1.8557779770921554,1.8557779770921554,
11549,39627793801153520,1.271770118619023,blue,200,powerlaw200,21,5,3.9883148670196533,4.700737380981446,5.1468620703950405,1.1585472033753872,1.1585472033753872,
11549,39627793801153520,1.271770118619023,blue,300,powerlaw300,31,5,3.9883148670196533,4.700737380981446,5.156263445628666,1.1679485786090122,1.1679485786090122,
11549,39627793801153520,1.271770118619023,blue,500,powerlaw500,51,5,3.9883148670196533,4.700737380981446,6.651147298617914,2.662832431598261,2.662832431598261,
11549,39627793801153520,1.271770118619023,red,100,powerlaw100,11,5,1.4377809762954712,0.4767928123474121,0.4266490036126166,-1.0111319726828545,1.0111319726828545,
11549,39627793801153520,1.271770118619023,red,200,powerlaw200,21,5,1.4377809762954712,0.4767928123474121,0.8686378729217494,-0.5691431033737218,0.5691431033737218,
11549,39627793801153520,1.271770118619023,red,300,powerlaw300,31,5,1.4377809762954712,0.4767928123474121,0.2542360120882538,-1.1835449642072173,1.1835449642072173,
11549,39627793801153520,1.271770118619023,red,500,powerlaw500,51,5,1.4377809762954712,0.4767928123474121,0.6256886479145123,-0.8120923283809589,0.8120923283809589,
5000,39627859727225731,1.4315370520775408,blue,100,powerlaw100,11,5,2.9707629680633545,2.112995910644531,3.946194456208665,0.9754314881453103,0.9754314881453103,
5000,39627859727225731,1.4315370520775408,blue,200,powerlaw200,21,5,2.9707629680633545,2.112995910644531,3.305738817687435,0.33497584962408045,0.33497584962408045,
5000,39627859727225731,1.4315370520775408,blue,300,powerlaw300,31,5,2.9707629680633545,2.112995910644531,3.342166367651577,0.37140339958822244,0.37140339958822244,
5000,39627859727225731,1.4315370520775408,blue,500,powerlaw500,51,5,2.9707629680633545,2.112995910644531,3.9924167361243574,1.021653768061003,1.021653768061003,
5000,39627859727225731,1.4315370520775408,red,100,powerlaw100,11,5,0.6116846203804016,0.2909294605255127,0.6082482466692378,-0.003436373711163787,0.003436373711163787,
5000,39627859727225731,1.4315370520775408,red,200,powerlaw200,21,5,0.6116846203804016,0.2909294605255127,0.8711151946241562,0.2594305742437546,0.2594305742437546,
5000,39627859727225731,1.4315370520775408,red,300,powerlaw300,31,5,0.6116846203804016,0.2909294605255127,0.9987565769789333,0.38707195659853166,0.38707195659853166,
5000,39627859727225731,1.4315370520775408,red,500,powerlaw500,51,5,0.6116846203804016,0.2909294605255127,1.0204692679586755,0.40878464757827393,0.40878464757827393,
10089,39627835551257004,1.4491783791217565,blue,100,powerlaw100,11,5,4.56911563873291,2.7055593490600587,2.448283008956042,-2.120832629776868,2.120832629776868,
10089,39627835551257004,1.4491783791217565,blue,200,powerlaw200,21,5,4.56911563873291,2.7055593490600587,2.8402602729954474,-1.7288553657374628,1.7288553657374628,
10089,39627835551257004,1.4491783791217565,blue,300,powerlaw300,31,5,4.56911563873291,2.7055593490600587,3.921342048974867,-0.6477735897580432,0.6477735897580432,
10089,39627835551257004,1.4491783791217565,blue,500,powerlaw500,51,5,4.56911563873291,2.7055593490600587,5.355137296321204,0.7860216575882939,0.7860216575882939,
10089,39627835551257004,1.4491783791217565,red,100,powerlaw100,11,5,1.144049882888794,0.37580482959747313,0.11569693304223647,-1.0283529498465576,1.0283529498465576,
10089,39627835551257004,1.4491783791217565,red,200,powerlaw200,21,5,1.144049882888794,0.37580482959747313,0.5750930235061515,-0.5689568593826424,0.5689568593826424,
10089,39627835551257004,1.4491783791217565,red,300,powerlaw300,31,5,1.144049882888794,0.37580482959747313,0.9499376690584287,-0.19411221383036525,0.19411221383036525,
10089,39627835551257004,1.4491783791217565,red,500,powerlaw500,51,5,1.144049882888794,0.37580482959747313,0.922774676202826,-0.2212752066859679,0.2212752066859679,
9471,39627835551257210,1.3190823015332698,blue,100,powerlaw100,11,5,-3.540943145751953,2.306763458251953,2.3397996191958677,5.88074276494782,5.88074276494782,
9471,39627835551257210,1.3190823015332698,blue,200,powerlaw200,21,5,-3.540943145751953,2.306763458251953,3.2995278953766998,6.840471041128653,6.840471041128653,
9471,39627835551257210,1.3190823015332698,blue,300,powerlaw300,31,5,-3.540943145751953,2.306763458251953,3.995080958214402,7.536024103966355,7.536024103966355,
9471,39627835551257210,1.3190823015332698,blue,500,powerlaw500,51,5,-3.540943145751953,2.306763458251953,3.7537383754836595,7.294681521235613,7.294681521235613,
9471,39627835551257210,1.3190823015332698,red,100,powerlaw100,11,5,0.5302296280860901,0.2898761510848999,1.2246494045137084,0.6944197764276183,0.6944197764276183,
9471,39627835551257210,1.3190823015332698,red,200,powerlaw200,21,5,0.5302296280860901,0.2898761510848999,1.242707868546703,0.7124782404606129,0.7124782404606129,
9471,39627835551257210,1.3190823015332698,red,300,powerlaw300,31,5,0.5302296280860901,0.2898761510848999,1.2972458429777554,0.7670162148916653,0.7670162148916653,
9471,39627835551257210,1.3190823015332698,red,500,powerlaw500,51,5,0.5302296280860901,0.2898761510848999,1.3556918304319332,0.8254622023458431,0.8254622023458431,
9253,39627853679039174,1.3149872246899943,blue,100,powerlaw100,11,5,6.281806468963623,2.8495515823364257,10.376194071110518,4.094387602146895,4.094387602146895,
9253,39627853679039174,1.3149872246899943,blue,200,powerlaw200,21,5,6.281806468963623,2.8495515823364257,4.816923488618565,-1.4648829803450578,1.4648829803450578,
9253,39627853679039174,1.3149872246899943,blue,300,powerlaw300,31,5,6.281806468963623,2.8495515823364257,3.2959622397905526,-2.9858442291730705,2.9858442291730705,
9253,39627853679039174,1.3149872246899943,blue,500,powerlaw500,51,5,6.281806468963623,2.8495515823364257,4.678312909051099,-1.6034935599125237,1.6034935599125237,
9253,39627853679039174,1.3149872246899943,red,100,powerlaw100,11,5,0.16805748641490936,0.49193263053894043,3.1067030675757863,2.938645581160877,2.938645581160877,
9253,39627853679039174,1.3149872246899943,red,200,powerlaw200,21,5,0.16805748641490936,0.49193263053894043,0.8128945946127979,0.6448371081978885,0.6448371081978885,
9253,39627853679039174,1.3149872246899943,red,300,powerlaw300,31,5,0.16805748641490936,0.49193263053894043,1.153130382430504,0.9850728960155946,0.9850728960155946,
9253,39627853679039174,1.3149872246899943,red,500,powerlaw500,51,5,0.16805748641490936,0.49193263053894043,1.2213000952454167,1.0532426088305074,1.0532426088305074,
11474,39627853666451686,1.324863085579408,blue,100,powerlaw100,11,5,4.0962605476379395,2.099346160888672,3.178649012014818,-0.9176115356231214,0.9176115356231214,
11474,39627853666451686,1.324863085579408,blue,200,powerlaw200,21,5,4.0962605476379395,2.099346160888672,3.174993196585317,-0.9212673510526224,0.9212673510526224,
11474,39627853666451686,1.324863085579408,blue,300,powerlaw300,31,5,4.0962605476379395,2.099346160888672,3.271878865368943,-0.8243816822689967,0.8243816822689967,
11474,39627853666451686,1.324863085579408,blue,500,powerlaw500,51,5,4.0962605476379395,2.099346160888672,3.5020898955953164,-0.5941706520426231,0.5941706520426231,
11474,39627853666451686,1.324863085579408,red,100,powerlaw100,11,5,1.5508390665054321,0.3553602695465088,1.0476515398394486,-0.5031875266659835,0.5031875266659835,
11474,39627853666451686,1.324863085579408,red,200,powerlaw200,21,5,1.5508390665054321,0.3553602695465088,0.7129986879319948,-0.8378403785734373,0.8378403785734373,
11474,39627853666451686,1.324863085579408,red,300,powerlaw300,31,5,1.5508390665054321,0.3553602695465088,0.8475072730930776,-0.7033317934123545,0.7033317934123545,
11474,39627853666451686,1.324863085579408,red,500,powerlaw500,51,5,1.5508390665054321,0.3553602695465088,1.1387593233808992,-0.4120797431245329,0.4120797431245329,
9008,39627841599439369,1.4551429224005246,blue,100,powerlaw100,11,5,1.995155692100525,2.610416221618652,0.6978488677939924,-1.2973068243065327,1.2973068243065327,
9008,39627841599439369,1.4551429224005246,blue,200,powerlaw200,21,5,1.995155692100525,2.610416221618652,1.7639532614743179,-0.23120243062620704,0.23120243062620704,
9008,39627841599439369,1.4551429224005246,blue,300,powerlaw300,31,5,1.995155692100525,2.610416221618652,0.9025616097467161,-1.0925940823538087,1.0925940823538087,
9008,39627841599439369,1.4551429224005246,blue,500,powerlaw500,51,5,1.995155692100525,2.610416221618652,1.9257924809743407,-0.06936321112618415,0.06936321112618415,
9008,39627841599439369,1.4551429224005246,red,100,powerlaw100,11,5,0.4837201237678528,0.32008042335510256,0.9686050755156925,0.48488495174783974,0.48488495174783974,
9008,39627841599439369,1.4551429224005246,red,200,powerlaw200,21,5,0.4837201237678528,0.32008042335510256,1.156769664763568,0.6730495409957151,0.6730495409957151,
9008,39627841599439369,1.4551429224005246,red,300,powerlaw300,31,5,0.4837201237678528,0.32008042335510256,1.2996132946568997,0.8158931708890469,0.8158931708890469,
9008,39627841599439369,1.4551429224005246,red,500,powerlaw500,51,5,0.4837201237678528,0.32008042335510256,0.9752972893414379,0.4915771655735851,0.4915771655735851,
2043,39627847664404619,1.5141021773065937,blue,100,powerlaw100,11,4,4.068284034729004,2.8419554233551025,5.556669073429116,1.4883850387001125,1.4883850387001125,
2043,39627847664404619,1.5141021773065937,blue,200,powerlaw200,21,4,4.068284034729004,2.8419554233551025,6.614806339044199,2.5465223043151948,2.5465223043151948,
2043,39627847664404619,1.5141021773065937,blue,300,powerlaw300,31,4,4.068284034729004,2.8419554233551025,5.904064502292265,1.8357804675632607,1.8357804675632607,
2043,39627847664404619,1.5141021773065937,blue,500,powerlaw500,51,4,4.068284034729004,2.8419554233551025,5.08107769277178,1.012793658042776,1.012793658042776,
2043,39627847664404619,1.5141021773065937,red,100,powerlaw100,11,4,0.0770101249217987,0.44709768891334534,1.6204734209845753,1.5434632960627765,1.5434632960627765,
2043,39627847664404619,1.5141021773065937,red,200,powerlaw200,21,4,0.0770101249217987,0.44709768891334534,0.6282479021077225,0.5512377771859238,0.5512377771859238,
2043,39627847664404619,1.5141021773065937,red,300,powerlaw300,31,4,0.0770101249217987,0.44709768891334534,0.8730234640921933,0.7960133391703946,0.7960133391703946,
2043,39627847664404619,1.5141021773065937,red,500,powerlaw500,51,4,0.0770101249217987,0.44709768891334534,0.8075240176025666,0.7305138926807679,0.7305138926807679,
9782,39627853674843632,1.4144599411182714,blue,100,powerlaw100,11,5,3.163423538208008,1.8939987182617188,1.593679742978652,-1.5697437952293558,1.5697437952293558,
9782,39627853674843632,1.4144599411182714,blue,200,powerlaw200,21,5,3.163423538208008,1.8939987182617188,2.0991298349166727,-1.064293703291335,1.064293703291335,
9782,39627853674843632,1.4144599411182714,blue,300,powerlaw300,31,5,3.163423538208008,1.8939987182617188,1.9625785532126805,-1.2008449849953273,1.2008449849953273,
9782,39627853674843632,1.4144599411182714,blue,500,powerlaw500,51,5,3.163423538208008,1.8939987182617188,1.7130685793934344,-1.4503549588145734,1.4503549588145734,
9782,39627853674843632,1.4144599411182714,red,100,powerlaw100,11,5,1.130422830581665,0.2597184419631958,1.3498645611159836,0.2194417305343186,0.2194417305343186,
9782,39627853674843632,1.4144599411182714,red,200,powerlaw200,21,5,1.130422830581665,0.2597184419631958,1.2021481847743658,0.07172535419270076,0.07172535419270076,
9782,39627853674843632,1.4144599411182714,red,300,powerlaw300,31,5,1.130422830581665,0.2597184419631958,1.192424111723327,0.062001281141661924,0.062001281141661924,
9782,39627853674843632,1.4144599411182714,red,500,powerlaw500,51,5,1.130422830581665,0.2597184419631958,1.1136554238675345,-0.016767406714130573,0.016767406714130573,
53,39627568999042896,1.253059151579144,blue,100,powerlaw100,11,5,1.482164978981018,1.3707512855529784,0.7129878582974227,-0.7691771206835953,0.7691771206835953,
53,39627568999042896,1.253059151579144,blue,200,powerlaw200,21,5,1.482164978981018,1.3707512855529784,2.1626959197742925,0.6805309407932745,0.6805309407932745,
53,39627568999042896,1.253059151579144,blue,300,powerlaw300,31,5,1.482164978981018,1.3707512855529784,2.0900343104437824,0.6078693314627643,0.6078693314627643,
53,39627568999042896,1.253059151579144,blue,500,powerlaw500,51,5,1.482164978981018,1.3707512855529784,2.3836011767623626,0.9014361977813445,0.9014361977813445,
53,39627568999042896,1.253059151579144,red,100,powerlaw100,11,5,1.343580961227417,0.1392688512802124,1.4959693004439885,0.15238833921657147,0.15238833921657147,
53,39627568999042896,1.253059151579144,red,200,powerlaw200,21,5,1.343580961227417,0.1392688512802124,1.4537048430488535,0.11012388182143651,0.11012388182143651,
53,39627568999042896,1.253059151579144,red,300,powerlaw300,31,5,1.343580961227417,0.1392688512802124,1.178111090900916,-0.16546987032650096,0.16546987032650096,
53,39627568999042896,1.253059151579144,red,500,powerlaw500,51,5,1.343580961227417,0.1392688512802124,1.224973889120026,-0.11860707210739108,0.11860707210739108,
7097,39627829524042026,1.5125204915794874,blue,100,powerlaw100,11,4,4.239527225494385,1.099294662475586,3.515415972172781,-0.7241112533216039,0.7241112533216039,
7097,39627829524042026,1.5125204915794874,blue,200,powerlaw200,21,4,4.239527225494385,1.099294662475586,3.2537627894121797,-0.9857644360822051,0.9857644360822051,
7097,39627829524042026,1.5125204915794874,blue,300,powerlaw300,31,4,4.239527225494385,1.099294662475586,3.016109076293264,-1.223418149201121,1.223418149201121,
7097,39627829524042026,1.5125204915794874,blue,500,powerlaw500,51,4,4.239527225494385,1.099294662475586,3.856842864435553,-0.38268436105883197,0.38268436105883197,
7097,39627829524042026,1.5125204915794874,red,100,powerlaw100,11,4,0.975212812423706,0.1423172801733017,1.549463482145896,0.5742506697221899,0.5742506697221899,
7097,39627829524042026,1.5125204915794874,red,200,powerlaw200,21,4,0.975212812423706,0.1423172801733017,1.5746262433263258,0.5994134309026198,0.5994134309026198,
7097,39627829524042026,1.5125204915794874,red,300,powerlaw300,31,4,0.975212812423706,0.1423172801733017,1.3115152190731614,0.3363024066494553,0.3363024066494553,
7097,39627829524042026,1.5125204915794874,red,500,powerlaw500,51,4,0.975212812423706,0.1423172801733017,0.9465657266398361,-0.028647085783869985,0.028647085783869985,
7205,39627829536620690,1.2971527204269442,blue,100,powerlaw100,11,5,5.197314262390137,1.1368623733520509,2.7690865036172423,-2.4282277587728944,2.4282277587728944,
7205,39627829536620690,1.2971527204269442,blue,200,powerlaw200,21,5,5.197314262390137,1.1368623733520509,2.6139386554126993,-2.5833756069774374,2.5833756069774374,
7205,39627829536620690,1.2971527204269442,blue,300,powerlaw300,31,5,5.197314262390137,1.1368623733520509,2.361246360124091,-2.8360679022660458,2.8360679022660458,
7205,39627829536620690,1.2971527204269442,blue,500,powerlaw500,51,5,5.197314262390137,1.1368623733520509,2.86597846915951,-2.3313357932306267,2.3313357932306267,
7205,39627829536620690,1.2971527204269442,red,100,powerlaw100,11,5,0.9243999719619751,0.20600342750549316,0.9818040073624186,0.057404035400443476,0.057404035400443476,
7205,39627829536620690,1.2971527204269442,red,200,powerlaw200,21,5,0.9243999719619751,0.20600342750549316,1.0574702141245025,0.13307024216252739,0.13307024216252739,
7205,39627829536620690,1.2971527204269442,red,300,powerlaw300,31,5,0.9243999719619751,0.20600342750549316,1.1568502230107756,0.23245025104880046,0.23245025104880046,
7205,39627829536620690,1.2971527204269442,red,500,powerlaw500,51,5,0.9243999719619751,0.20600342750549316,1.1996618528258878,0.2752618808639127,0.2752618808639127,
1333,39627853700009719,1.3982328201184089,blue,100,powerlaw100,11,5,3.8904128074645996,2.1173608779907225,1.4887828041390876,-2.4016300033255122,2.4016300033255122,
1333,39627853700009719,1.3982328201184089,blue,200,powerlaw200,21,5,3.8904128074645996,2.1173608779907225,2.7156203035370177,-1.174792503927582,1.174792503927582,
1333,39627853700009719,1.3982328201184089,blue,300,powerlaw300,31,5,3.8904128074645996,2.1173608779907225,2.8191181303004638,-1.0712946771641358,1.0712946771641358,
1333,39627853700009719,1.3982328201184089,blue,500,powerlaw500,51,5,3.8904128074645996,2.1173608779907225,2.173153331168665,-1.7172594762959346,1.7172594762959346,
1333,39627853700009719,1.3982328201184089,red,100,powerlaw100,11,5,0.8741145133972168,0.2875578165054321,0.6119618882683474,-0.2621526251288694,0.2621526251288694,
1333,39627853700009719,1.3982328201184089,red,200,powerlaw200,21,5,0.8741145133972168,0.2875578165054321,1.1411220859322424,0.2670075725350256,0.2670075725350256,
1333,39627853700009719,1.3982328201184089,red,300,powerlaw300,31,5,0.8741145133972168,0.2875578165054321,1.2956234362041736,0.42150892280695684,0.42150892280695684,
1333,39627853700009719,1.3982328201184089,red,500,powerlaw500,51,5,0.8741145133972168,0.2875578165054321,1.2525674083191867,0.3784528949219699,0.3784528949219699,
12473,39627799836758514,1.5475915866344516,blue,100,powerlaw100,11,4,1.902025818824768,3.411600351333618,12.701267450628714,10.799241631803946,10.799241631803946,
12473,39627799836758514,1.5475915866344516,blue,200,powerlaw200,21,4,1.902025818824768,3.411600351333618,2.137279324549745,0.23525350572497672,0.23525350572497672,
12473,39627799836758514,1.5475915866344516,blue,300,powerlaw300,31,4,1.902025818824768,3.411600351333618,2.142305520503731,0.24027970167896306,0.24027970167896306,
12473,39627799836758514,1.5475915866344516,blue,500,powerlaw500,51,4,1.902025818824768,3.411600351333618,3.0032241795688215,1.1011983607440534,1.1011983607440534,
12473,39627799836758514,1.5475915866344516,red,100,powerlaw100,11,4,0.7048071622848511,0.4886900782585144,0.836257726260708,0.13145056397585697,0.13145056397585697,
12473,39627799836758514,1.5475915866344516,red,200,powerlaw200,21,4,0.7048071622848511,0.4886900782585144,0.806315273649604,0.1015081113647529,0.1015081113647529,
12473,39627799836758514,1.5475915866344516,red,300,powerlaw300,31,4,0.7048071622848511,0.4886900782585144,1.201922268436026,0.49711510615117493,0.49711510615117493,
12473,39627799836758514,1.5475915866344516,red,500,powerlaw500,51,4,0.7048071622848511,0.4886900782585144,0.8669228184237807,0.16211565613892964,0.16211565613892964,
1765,39627835580613720,1.5979359547134,blue,100,powerlaw100,11,4,2.6052567958831787,0.8086212873458862,3.361572330787459,0.7563155349042803,0.7563155349042803,
1765,39627835580613720,1.5979359547134,blue,200,powerlaw200,21,4,2.6052567958831787,0.8086212873458862,3.098449054472616,0.4931922585894375,0.4931922585894375,
1765,39627835580613720,1.5979359547134,blue,300,powerlaw300,31,4,2.6052567958831787,0.8086212873458862,2.5839374180661454,-0.021319377817033303,0.021319377817033303,
1765,39627835580613720,1.5979359547134,blue,500,powerlaw500,51,4,2.6052567958831787,0.8086212873458862,2.77587331735439,0.17061652147121142,0.17061652147121142,
1765,39627835580613720,1.5979359547134,red,100,powerlaw100,11,4,0.8822858333587646,0.09959918260574341,1.1463282467593208,0.2640424134005561,0.2640424134005561,
1765,39627835580613720,1.5979359547134,red,200,powerlaw200,21,4,0.8822858333587646,0.09959918260574341,1.1032961464975095,0.22101031313874486,0.22101031313874486,
1765,39627835580613720,1.5979359547134,red,300,powerlaw300,31,4,0.8822858333587646,0.09959918260574341,0.9942789286312795,0.11199309527251489,0.11199309527251489,
1765,39627835580613720,1.5979359547134,red,500,powerlaw500,51,4,0.8822858333587646,0.09959918260574341,0.8937399148558957,0.011454081497131008,0.011454081497131008,
7554,39627835576420327,1.4283294606007453,blue,100,powerlaw100,11,5,4.295479774475098,1.3192570686340332,1.6447827090943867,-2.6506970653807107,2.6506970653807107,
7554,39627835576420327,1.4283294606007453,blue,200,powerlaw200,21,5,4.295479774475098,1.3192570686340332,3.0169788404779707,-1.278500933997127,1.278500933997127,
7554,39627835576420327,1.4283294606007453,blue,300,powerlaw300,31,5,4.295479774475098,1.3192570686340332,2.5281246378044404,-1.7673551366706572,1.7673551366706572,
7554,39627835576420327,1.4283294606007453,blue,500,powerlaw500,51,5,4.295479774475098,1.3192570686340332,2.394131536459642,-1.9013482380154558,1.9013482380154558,
7554,39627835576420327,1.4283294606007453,red,100,powerlaw100,11,5,1.2105251550674438,0.19909037351608277,1.0597147782998502,-0.15081037676759368,0.15081037676759368,
7554,39627835576420327,1.4283294606007453,red,200,powerlaw200,21,5,1.2105251550674438,0.19909037351608277,1.3605423362804159,0.15001718121297203,0.15001718121297203,
7554,39627835576420327,1.4283294606007453,red,300,powerlaw300,31,5,1.2105251550674438,0.19909037351608277,1.1953518277612596,-0.015173327306184259,0.015173327306184259,
7554,39627835576420327,1.4283294606007453,red,500,powerlaw500,51,5,1.2105251550674438,0.19909037351608277,1.0887389539964105,-0.12178620107103333,0.12178620107103333,
12670,39627793796959352,1.4305871601982665,blue,100,powerlaw100,11,5,4.115319728851318,1.871261978149414,0.17715161290221837,-3.9381681159491,3.9381681159491,
12670,39627793796959352,1.4305871601982665,blue,200,powerlaw200,21,5,4.115319728851318,1.871261978149414,1.446043914744133,-2.669275814107185,2.669275814107185,
12670,39627793796959352,1.4305871601982665,blue,300,powerlaw300,31,5,4.115319728851318,1.871261978149414,1.6206717891885731,-2.4946479396627455,2.4946479396627455,
12670,39627793796959352,1.4305871601982665,blue,500,powerlaw500,51,5,4.115319728851318,1.871261978149414,2.6158846293605476,-1.4994350994907708,1.4994350994907708,
12670,39627793796959352,1.4305871601982665,red,100,powerlaw100,11,5,1.0036447048187256,0.20211715698242189,1.12515535014664,0.12151064532791445,0.12151064532791445,
12670,39627793796959352,1.4305871601982665,red,200,powerlaw200,21,5,1.0036447048187256,0.20211715698242189,1.22108539100753,0.21744068618880452,0.21744068618880452,
12670,39627793796959352,1.4305871601982665,red,300,powerlaw300,31,5,1.0036447048187256,0.20211715698242189,1.074706626298412,0.07106192147968637,0.07106192147968637,
12670,39627793796959352,1.4305871601982665,red,500,powerlaw500,51,5,1.0036447048187256,0.20211715698242189,1.1651344193901825,0.1614897145714569,0.1614897145714569,
6126,39627829498874494,1.273219183282016,blue,100,powerlaw100,11,5,0.30762532353401184,0.846320915222168,0.15303437031886474,-0.1545909532151471,0.1545909532151471,
6126,39627829498874494,1.273219183282016,blue,200,powerlaw200,21,5,0.30762532353401184,0.846320915222168,0.7573913359779535,0.44976601244394165,0.44976601244394165,
6126,39627829498874494,1.273219183282016,blue,300,powerlaw300,31,5,0.30762532353401184,0.846320915222168,1.3401849030414905,1.0325595795074787,1.0325595795074787,
6126,39627829498874494,1.273219183282016,blue,500,powerlaw500,51,5,0.30762532353401184,0.846320915222168,2.0229430952645613,1.7153177717305494,1.7153177717305494,
6126,39627829498874494,1.273219183282016,red,100,powerlaw100,11,5,0.8726941347122192,0.08577523827552795,0.981694840719349,0.10900070600712974,0.10900070600712974,
6126,39627829498874494,1.273219183282016,red,200,powerlaw200,21,5,0.8726941347122192,0.08577523827552795,1.1269756999352933,0.2542815652230741,0.2542815652230741,
6126,39627829498874494,1.273219183282016,red,300,powerlaw300,31,5,0.8726941347122192,0.08577523827552795,1.1536869957334197,0.28099286102120047,0.28099286102120047,
6126,39627829498874494,1.273219183282016,red,500,powerlaw500,51,5,0.8726941347122192,0.08577523827552795,1.1942753710333038,0.3215812363210846,0.3215812363210846,
11784,39627787757161092,1.2020691475331982,blue,100,powerlaw100,11,5,-1.2186564207077026,2.009912872314453,6.719211590648234,7.937868011355937,7.937868011355937,
11784,39627787757161092,1.2020691475331982,blue,200,powerlaw200,21,5,-1.2186564207077026,2.009912872314453,3.4361722714200718,4.654828692127774,4.654828692127774,
11784,39627787757161092,1.2020691475331982,blue,300,powerlaw300,31,5,-1.2186564207077026,2.009912872314453,4.431455899852002,5.650112320559705,5.650112320559705,
11784,39627787757161092,1.2020691475331982,blue,500,powerlaw500,51,5,-1.2186564207077026,2.009912872314453,3.4300606924481274,4.64871711315583,4.64871711315583,
11784,39627787757161092,1.2020691475331982,red,100,powerlaw100,11,5,0.7381088137626648,0.2739502191543579,0.7818054291457153,0.043696615383050474,0.043696615383050474,
11784,39627787757161092,1.2020691475331982,red,200,powerlaw200,21,5,0.7381088137626648,0.2739502191543579,1.0614165444901773,0.3233077307275125,0.3233077307275125,
11784,39627787757161092,1.2020691475331982,red,300,powerlaw300,31,5,0.7381088137626648,0.2739502191543579,1.0071886750252763,0.2690798612626115,0.2690798612626115,
11784,39627787757161092,1.2020691475331982,red,500,powerlaw500,51,5,0.7381088137626648,0.2739502191543579,1.0080636552418452,0.26995484147918036,0.26995484147918036,
1107,39627841616221893,1.4337126569226997,blue,100,powerlaw100,11,5,4.789480686187744,3.0670192718505858,0.19887210508370418,-4.59060858110404,4.59060858110404,
1107,39627841616221893,1.4337126569226997,blue,200,powerlaw200,21,5,4.789480686187744,3.0670192718505858,1.5673813371427054,-3.2220993490450387,3.2220993490450387,
1107,39627841616221893,1.4337126569226997,blue,300,powerlaw300,31,5,4.789480686187744,3.0670192718505858,2.6392386839710853,-2.150242002216659,2.150242002216659,
1107,39627841616221893,1.4337126569226997,blue,500,powerlaw500,51,5,4.789480686187744,3.0670192718505858,4.178981538516071,-0.610499147671673,0.610499147671673,
1107,39627841616221893,1.4337126569226997,red,100,powerlaw100,11,5,1.5766363143920898,0.5285099983215332,0.39927819368936657,-1.1773581207027233,1.1773581207027233,
1107,39627841616221893,1.4337126569226997,red,200,powerlaw200,21,5,1.5766363143920898,0.5285099983215332,0.7266408961593935,-0.8499954182326963,0.8499954182326963,
1107,39627841616221893,1.4337126569226997,red,300,powerlaw300,31,5,1.5766363143920898,0.5285099983215332,0.7156236723512462,-0.8610126420408436,0.8610126420408436,
1107,39627841616221893,1.4337126569226997,red,500,powerlaw500,51,5,1.5766363143920898,0.5285099983215332,0.9755840299589023,-0.6010522844331876,0.6010522844331876,
2573,39627805360653639,1.4455308310850172,blue,100,powerlaw100,11,5,2.0203683376312256,3.3919395446777343,0.029508685671929925,-1.9908596519592956,1.9908596519592956,
2573,39627805360653639,1.4455308310850172,blue,200,powerlaw200,21,5,2.0203683376312256,3.3919395446777343,1.2874059203060797,-0.7329624173251459,0.7329624173251459,
2573,39627805360653639,1.4455308310850172,blue,300,powerlaw300,31,5,2.0203683376312256,3.3919395446777343,2.4528806014069864,0.4325122637757608,0.4325122637757608,
2573,39627805360653639,1.4455308310850172,blue,500,powerlaw500,51,5,2.0203683376312256,3.3919395446777343,2.8585010152790007,0.8381326776477751,0.8381326776477751,
2573,39627805360653639,1.4455308310850172,red,100,powerlaw100,11,5,1.2382957935333252,0.599972152709961,0.18712479481189828,-1.0511709987214268,1.0511709987214268,
2573,39627805360653639,1.4455308310850172,red,200,powerlaw200,21,5,1.2382957935333252,0.599972152709961,0.9980701364112876,-0.24022565712203758,0.24022565712203758,
2573,39627805360653639,1.4455308310850172,red,300,powerlaw300,31,5,1.2382957935333252,0.599972152709961,0.42354670869171507,-0.8147490848416101,0.8147490848416101,
2573,39627805360653639,1.4455308310850172,red,500,powerlaw500,51,5,1.2382957935333252,0.599972152709961,0.6680496354376126,-0.5702461580957126,0.5702461580957126,
11167,39627859706250480,1.2203965431844137,blue,100,powerlaw100,11,5,-0.559988796710968,2.0993003845214844,2.800224629020661,3.360213425731629,3.360213425731629,
11167,39627859706250480,1.2203965431844137,blue,200,powerlaw200,21,5,-0.559988796710968,2.0993003845214844,1.9006699022989042,2.460658699009872,2.460658699009872,
11167,39627859706250480,1.2203965431844137,blue,300,powerlaw300,31,5,-0.559988796710968,2.0993003845214844,1.6196588928508462,2.179647689561814,2.179647689561814,
11167,39627859706250480,1.2203965431844137,blue,500,powerlaw500,51,5,-0.559988796710968,2.0993003845214844,1.8767749893986803,2.4367637861096485,2.4367637861096485,
11167,39627859706250480,1.2203965431844137,red,100,powerlaw100,11,5,1.15842604637146,0.2887451410293579,0.8278707601631045,-0.3305552862083555,0.3305552862083555,
11167,39627859706250480,1.2203965431844137,red,200,powerlaw200,21,5,1.15842604637146,0.2887451410293579,1.237416833043845,0.07899078667238513,0.07899078667238513,
11167,39627859706250480,1.2203965431844137,red,300,powerlaw300,31,5,1.15842604637146,0.2887451410293579,1.196109381857429,0.03768333548596914,0.03768333548596914,
11167,39627859706250480,1.2203965431844137,red,500,powerlaw500,51,5,1.15842604637146,0.2887451410293579,1.1250304485031148,-0.03339559786834512,0.03339559786834512,
3519,39627817440252824,1.343629467398889,blue,100,powerlaw100,11,5,2.4306812286376953,2.6684566497802735,9.71310384440146,7.282422615763764,7.282422615763764,
3519,39627817440252824,1.343629467398889,blue,200,powerlaw200,21,5,2.4306812286376953,2.6684566497802735,2.7229110651264548,0.29222983648875944,0.29222983648875944,
3519,39627817440252824,1.343629467398889,blue,300,powerlaw300,31,5,2.4306812286376953,2.6684566497802735,3.3282678663560503,0.897586637718355,0.897586637718355,
3519,39627817440252824,1.343629467398889,blue,500,powerlaw500,51,5,2.4306812286376953,2.6684566497802735,2.3525447539370266,-0.07813647470066876,0.07813647470066876,
3519,39627817440252824,1.343629467398889,red,100,powerlaw100,11,5,1.0145186185836792,0.2871544599533081,1.5457369325254198,0.5312183139417406,0.5312183139417406,
3519,39627817440252824,1.343629467398889,red,200,powerlaw200,21,5,1.0145186185836792,0.2871544599533081,1.9547933788756402,0.940274760291961,0.940274760291961,
3519,39627817440252824,1.343629467398889,red,300,powerlaw300,31,5,1.0145186185836792,0.2871544599533081,1.5155437102382927,0.5010250916546135,0.5010250916546135,
3519,39627817440252824,1.343629467398889,red,500,powerlaw500,51,5,1.0145186185836792,0.2871544599533081,1.279179089004375,0.26466047042069585,0.26466047042069585,
9499,39627841599441088,1.4559375240445849,blue,100,powerlaw100,11,5,8.5293607711792,2.2463747024536134,8.941664597561525,0.41230382638232577,0.41230382638232577,
9499,39627841599441088,1.4559375240445849,blue,200,powerlaw200,21,5,8.5293607711792,2.2463747024536134,6.822112586510578,-1.7072481846686216,1.7072481846686216,
9499,39627841599441088,1.4559375240445849,blue,300,powerlaw300,31,5,8.5293607711792,2.2463747024536134,3.6959498185699884,-4.833410952609211,4.833410952609211,
9499,39627841599441088,1.4559375240445849,blue,500,powerlaw500,51,5,8.5293607711792,2.2463747024536134,3.877007365708802,-4.652353405470397,4.652353405470397,
9499,39627841599441088,1.4559375240445849,red,100,powerlaw100,11,5,0.8678073883056641,0.285734224319458,0.8495933341670069,-0.018214054138657176,0.018214054138657176,
9499,39627841599441088,1.4559375240445849,red,200,powerlaw200,21,5,0.8678073883056641,0.285734224319458,1.2157990088099484,0.34799162050428434,0.34799162050428434,
9499,39627841599441088,1.4559375240445849,red,300,powerlaw300,31,5,0.8678073883056641,0.285734224319458,1.0897527393541036,0.2219453510484395,0.2219453510484395,
9499,39627841599441088,1.4559375240445849,red,500,powerlaw500,51,5,0.8678073883056641,0.285734224319458,0.8901440541515127,0.02233666584584859,0.02233666584584859,
546,39627580940225006,1.3488877905072727,blue,100,powerlaw100,11,5,5.452868461608887,1.5123435020446778,4.448580152070372,-1.0042883095385147,1.0042883095385147,
546,39627580940225006,1.3488877905072727,blue,200,powerlaw200,21,5,5.452868461608887,1.5123435020446778,1.4014738551652393,-4.0513946064436475,4.0513946064436475,
546,39627580940225006,1.3488877905072727,blue,300,powerlaw300,31,5,5.452868461608887,1.5123435020446778,1.8796878965958275,-3.5731805650130593,3.5731805650130593,
546,39627580940225006,1.3488877905072727,blue,500,powerlaw500,51,5,5.452868461608887,1.5123435020446778,2.3747258117991956,-3.078142649809691,3.078142649809691,
546,39627580940225006,1.3488877905072727,red,100,powerlaw100,11,5,0.23870277404785156,0.19795398712158202,0.7021468068521661,0.46344403280431457,0.46344403280431457,
546,39627580940225006,1.3488877905072727,red,200,powerlaw200,21,5,0.23870277404785156,0.19795398712158202,1.2098778820941625,0.9711751080463109,0.9711751080463109,
546,39627580940225006,1.3488877905072727,red,300,powerlaw300,31,5,0.23870277404785156,0.19795398712158202,1.1420408033696934,0.9033380293218418,0.9033380293218418,
546,39627580940225006,1.3488877905072727,red,500,powerlaw500,51,5,0.23870277404785156,0.19795398712158202,1.1943387279334456,0.9556359538855941,0.9556359538855941,
6364,39627829515652610,1.3815514689287756,blue,100,powerlaw100,11,5,1.6140663623809814,1.8454389572143555,7.140905666851582,5.526839304470601,5.526839304470601,
6364,39627829515652610,1.3815514689287756,blue,200,powerlaw200,21,5,1.6140663623809814,1.8454389572143555,3.4848038469562646,1.870737484575283,1.870737484575283,
6364,39627829515652610,1.3815514689287756,blue,300,powerlaw300,31,5,1.6140663623809814,1.8454389572143555,4.328571580929607,2.7145052185486254,2.7145052185486254,
6364,39627829515652610,1.3815514689287756,blue,500,powerlaw500,51,5,1.6140663623809814,1.8454389572143555,3.0606424531703498,1.4465760907893683,1.4465760907893683,
6364,39627829515652610,1.3815514689287756,red,100,powerlaw100,11,5,1.437909722328186,0.2528540849685669,1.4459371423488308,0.008027420020644715,0.008027420020644715,
6364,39627829515652610,1.3815514689287756,red,200,powerlaw200,21,5,1.437909722328186,0.2528540849685669,1.4942388433727054,0.05632912104451937,0.05632912104451937,
6364,39627829515652610,1.3815514689287756,red,300,powerlaw300,31,5,1.437909722328186,0.2528540849685669,1.293150118617085,-0.14475960371110097,0.14475960371110097,
6364,39627829515652610,1.3815514689287756,red,500,powerlaw500,51,5,1.437909722328186,0.2528540849685669,1.375671615500228,-0.06223810682795805,0.06223810682795805,
9168,39627847647626161,1.3604897748516225,blue,100,powerlaw100,11,5,1.0624998807907104,2.7030712127685548,0.7866165757459379,-0.27588330504477254,0.27588330504477254,
9168,39627847647626161,1.3604897748516225,blue,200,powerlaw200,21,5,1.0624998807907104,2.7030712127685548,2.558277079525916,1.4957771987352055,1.4957771987352055,
9168,39627847647626161,1.3604897748516225,blue,300,powerlaw300,31,5,1.0624998807907104,2.7030712127685548,3.259073464720287,2.1965735839295766,2.1965735839295766,
9168,39627847647626161,1.3604897748516225,blue,500,powerlaw500,51,5,1.0624998807907104,2.7030712127685548,2.3220882538812946,1.2595883730905841,1.2595883730905841,
9168,39627847647626161,1.3604897748516225,red,100,powerlaw100,11,5,-0.44766849279403687,0.2837209939956665,0.90431271034911,1.3519812031431468,1.3519812031431468,
9168,39627847647626161,1.3604897748516225,red,200,powerlaw200,21,5,-0.44766849279403687,0.2837209939956665,0.6309142736102891,1.078582766404326,1.078582766404326,
9168,39627847647626161,1.3604897748516225,red,300,powerlaw300,31,5,-0.44766849279403687,0.2837209939956665,0.9532323207008574,1.4009008134948941,1.4009008134948941,
9168,39627847647626161,1.3604897748516225,red,500,powerlaw500,51,5,-0.44766849279403687,0.2837209939956665,1.1682022752329952,1.6158707680270321,1.6158707680270321,
8407,39627829528237054,1.2899606335580207,blue,100,powerlaw100,11,5,5.479031085968018,1.6451606750488281,6.239658893114608,0.7606278071465908,0.7606278071465908,
8407,39627829528237054,1.2899606335580207,blue,200,powerlaw200,21,5,5.479031085968018,1.6451606750488281,4.317147966095795,-1.1618831198722228,1.1618831198722228,
8407,39627829528237054,1.2899606335580207,blue,300,powerlaw300,31,5,5.479031085968018,1.6451606750488281,4.171900044919338,-1.3071310410486792,1.3071310410486792,
8407,39627829528237054,1.2899606335580207,blue,500,powerlaw500,51,5,5.479031085968018,1.6451606750488281,3.2350457557684598,-2.243985330199558,2.243985330199558,
8407,39627829528237054,1.2899606335580207,red,100,powerlaw100,11,5,0.9365941882133484,0.2803014278411865,0.6921351876323592,-0.24445900058098924,0.24445900058098924,
8407,39627829528237054,1.2899606335580207,red,200,powerlaw200,21,5,0.9365941882133484,0.2803014278411865,0.6917662029697469,-0.2448279852436015,0.2448279852436015,
8407,39627829528237054,1.2899606335580207,red,300,powerlaw300,31,5,0.9365941882133484,0.2803014278411865,0.8698417760564624,-0.06675241215688599,0.06675241215688599,
8407,39627829528237054,1.2899606335580207,red,500,powerlaw500,51,5,0.9365941882133484,0.2803014278411865,0.9667506471468604,0.030156458933512043,0.030156458933512043,
12704,39627775677566419,1.4001822416852938,blue,100,powerlaw100,11,5,3.9417693614959717,2.525747299194336,2.757619968114773,-1.1841493933811988,1.1841493933811988,
12704,39627775677566419,1.4001822416852938,blue,200,powerlaw200,21,5,3.9417693614959717,2.525747299194336,3.849021755706145,-0.09274760578982688,0.09274760578982688,
12704,39627775677566419,1.4001822416852938,blue,300,powerlaw300,31,5,3.9417693614959717,2.525747299194336,3.7395419140684494,-0.2022274474275223,0.2022274474275223,
12704,39627775677566419,1.4001822416852938,blue,500,powerlaw500,51,5,3.9417693614959717,2.525747299194336,3.8876476087358482,-0.05412175276012343,0.05412175276012343,
12704,39627775677566419,1.4001822416852938,red,100,powerlaw100,11,5,1.3931796550750732,0.2951574087142944,3.6861486877388367,2.2929690326637635,2.2929690326637635,
12704,39627775677566419,1.4001822416852938,red,200,powerlaw200,21,5,1.3931796550750732,0.2951574087142944,2.804292750430592,1.4111130953555189,1.4111130953555189,
12704,39627775677566419,1.4001822416852938,red,300,powerlaw300,31,5,1.3931796550750732,0.2951574087142944,1.7595699770321036,0.36639032195703036,0.36639032195703036,
12704,39627775677566419,1.4001822416852938,red,500,powerlaw500,51,5,1.3931796550750732,0.2951574087142944,1.4632533128079017,0.07007365773282848,0.07007365773282848,
10057,39627835555448716,1.3340169843439955,blue,100,powerlaw100,11,5,1.6942436695098877,2.1008405685424805,19.627404233201773,17.933160563691885,17.933160563691885,
10057,39627835555448716,1.3340169843439955,blue,200,powerlaw200,21,5,1.6942436695098877,2.1008405685424805,2.0395164459839092,0.34527277647402155,0.34527277647402155,
10057,39627835555448716,1.3340169843439955,blue,300,powerlaw300,31,5,1.6942436695098877,2.1008405685424805,2.0025919949839097,0.308348325474022,0.308348325474022,
10057,39627835555448716,1.3340169843439955,blue,500,powerlaw500,51,5,1.6942436695098877,2.1008405685424805,0.8410630634287406,-0.8531806060811471,0.8531806060811471,
10057,39627835555448716,1.3340169843439955,red,100,powerlaw100,11,5,0.28436118364334106,0.26025559902191164,0.455711826943178,0.17135064329983696,0.17135064329983696,
10057,39627835555448716,1.3340169843439955,red,200,powerlaw200,21,5,0.28436118364334106,0.26025559902191164,0.8338476889439347,0.5494865053005936,0.5494865053005936,
10057,39627835555448716,1.3340169843439955,red,300,powerlaw300,31,5,0.28436118364334106,0.26025559902191164,0.7997791141854922,0.5154179305421511,0.5154179305421511,
10057,39627835555448716,1.3340169843439955,red,500,powerlaw500,51,5,0.28436118364334106,0.26025559902191164,0.9558458363557696,0.6714846527124285,0.6714846527124285,
4105,39627811392066024,1.3436994260567665,blue,100,powerlaw100,11,5,1.8587007522583008,2.719067192077637,1.8846154389436904,0.025914686685389654,0.025914686685389654,
4105,39627811392066024,1.3436994260567665,blue,200,powerlaw200,21,5,1.8587007522583008,2.719067192077637,1.799115160274632,-0.05958559198366875,0.05958559198366875,
4105,39627811392066024,1.3436994260567665,blue,300,powerlaw300,31,5,1.8587007522583008,2.719067192077637,1.0604305072268199,-0.7982702450314809,0.7982702450314809,
4105,39627811392066024,1.3436994260567665,blue,500,powerlaw500,51,5,1.8587007522583008,2.719067192077637,1.0042863683163779,-0.8544143839419229,0.8544143839419229,
4105,39627811392066024,1.3436994260567665,red,100,powerlaw100,11,5,1.691441297531128,0.27531516551971436,1.1132247740200472,-0.5782165235110808,0.5782165235110808,
4105,39627811392066024,1.3436994260567665,red,200,powerlaw200,21,5,1.691441297531128,0.27531516551971436,1.605657222038556,-0.08578407549257183,0.08578407549257183,
4105,39627811392066024,1.3436994260567665,red,300,powerlaw300,31,5,1.691441297531128,0.27531516551971436,1.1753024853988352,-0.5161388121322927,0.5161388121322927,
4105,39627811392066024,1.3436994260567665,red,500,powerlaw500,51,5,1.691441297531128,0.27531516551971436,1.4239572248402488,-0.26748407269087915,0.26748407269087915,
6888,39627841586858028,1.4582529256544905,blue,100,powerlaw100,11,5,1.1938592195510864,1.4108514785766602,2.114017999089673,0.9201587795385864,0.9201587795385864,
6888,39627841586858028,1.4582529256544905,blue,200,powerlaw200,21,5,1.1938592195510864,1.4108514785766602,2.8142224455271494,1.620363225976063,1.620363225976063,
6888,39627841586858028,1.4582529256544905,blue,300,powerlaw300,31,5,1.1938592195510864,1.4108514785766602,2.342615776153589,1.1487565566025024,1.1487565566025024,
6888,39627841586858028,1.4582529256544905,blue,500,powerlaw500,51,5,1.1938592195510864,1.4108514785766602,2.526696765350107,1.3328375457990207,1.3328375457990207,
6888,39627841586858028,1.4582529256544905,red,100,powerlaw100,11,5,1.9599241018295288,0.2108070135116577,0.8279354330811646,-1.1319886687483642,1.1319886687483642,
6888,39627841586858028,1.4582529256544905,red,200,powerlaw200,21,5,1.9599241018295288,0.2108070135116577,1.1738406378789137,-0.7860834639506151,0.7860834639506151,
6888,39627841586858028,1.4582529256544905,red,300,powerlaw300,31,5,1.9599241018295288,0.2108070135116577,1.214350845650461,-0.7455732561790678,0.7455732561790678,
6888,39627841586858028,1.4582529256544905,red,500,powerlaw500,51,5,1.9599241018295288,0.2108070135116577,0.9846842316297495,-0.9752398701997793,0.9752398701997793,
11593,39627793801152533,1.3442235890546792,blue,100,powerlaw100,11,5,-9.464723587036133,4.631549072265625,3.488648396994121,12.953371984030253,12.953371984030253,
11593,39627793801152533,1.3442235890546792,blue,200,powerlaw200,21,5,-9.464723587036133,4.631549072265625,5.664201701556858,15.128925288592992,15.128925288592992,
11593,39627793801152533,1.3442235890546792,blue,300,powerlaw300,31,5,-9.464723587036133,4.631549072265625,5.377011072049733,14.841734659085866,14.841734659085866,
11593,39627793801152533,1.3442235890546792,blue,500,powerlaw500,51,5,-9.464723587036133,4.631549072265625,5.100947427937735,14.565671014973868,14.565671014973868,
11593,39627793801152533,1.3442235890546792,red,100,powerlaw100,11,5,0.0942014679312706,0.5341343402862548,0.41501679329703733,0.32081532536576673,0.32081532536576673,
11593,39627793801152533,1.3442235890546792,red,200,powerlaw200,21,5,0.0942014679312706,0.5341343402862548,1.0318959505262897,0.9376944825950191,0.9376944825950191,
11593,39627793801152533,1.3442235890546792,red,300,powerlaw300,31,5,0.0942014679312706,0.5341343402862548,0.8637559477204801,0.7695544797892095,0.7695544797892095,
11593,39627793801152533,1.3442235890546792,red,500,powerlaw500,51,5,0.0942014679312706,0.5341343402862548,1.0813263496540393,0.9871248817227687,0.9871248817227687,
841,39627835580615712,1.5828495552268325,blue,100,powerlaw100,11,4,2.436082363128662,1.4432896375656128,6.384704059021885,3.948621695893223,3.948621695893223,
841,39627835580615712,1.5828495552268325,blue,200,powerlaw200,21,4,2.436082363128662,1.4432896375656128,1.47202376754862,-0.964058595580042,0.964058595580042,
841,39627835580615712,1.5828495552268325,blue,300,powerlaw300,31,4,2.436082363128662,1.4432896375656128,1.1768424964269577,-1.2592398667017044,1.2592398667017044,
841,39627835580615712,1.5828495552268325,blue,500,powerlaw500,51,4,2.436082363128662,1.4432896375656128,1.8161294827977246,-0.6199528803309375,0.6199528803309375,
841,39627835580615712,1.5828495552268325,red,100,powerlaw100,11,4,0.6436646580696106,0.269535630941391,1.5709239189821678,0.9272592609125572,0.9272592609125572,
841,39627835580615712,1.5828495552268325,red,200,powerlaw200,21,4,0.6436646580696106,0.269535630941391,0.8656432800353552,0.22197862196574458,0.22197862196574458,
841,39627835580615712,1.5828495552268325,red,300,powerlaw300,31,4,0.6436646580696106,0.269535630941391,0.7816618496961627,0.1379971916265521,0.1379971916265521,
841,39627835580615712,1.5828495552268325,red,500,powerlaw500,51,4,0.6436646580696106,0.269535630941391,0.8828325881973969,0.23916793012778625,0.23916793012778625,
12724,39627793801151030,1.4911110656398394,blue,100,powerlaw100,11,5,4.164003849029541,3.591050720214844,9.916429563237587,5.752425714208046,5.752425714208046,
12724,39627793801151030,1.4911110656398394,blue,200,powerlaw200,21,5,4.164003849029541,3.591050720214844,8.220222197581084,4.056218348551543,4.056218348551543,
12724,39627793801151030,1.4911110656398394,blue,300,powerlaw300,31,5,4.164003849029541,3.591050720214844,5.204515537066705,1.0405116880371637,1.0405116880371637,
12724,39627793801151030,1.4911110656398394,blue,500,powerlaw500,51,5,4.164003849029541,3.591050720214844,5.965439494730838,1.8014356457012966,1.8014356457012966,
12724,39627793801151030,1.4911110656398394,red,100,powerlaw100,11,5,1.064297080039978,0.44287891387939454,3.706770303028912e+44,3.706770303028912e+44,3.706770303028912e+44,
12724,39627793801151030,1.4911110656398394,red,200,powerlaw200,21,5,1.064297080039978,0.44287891387939454,0.5254602627981027,-0.5388368172418754,0.5388368172418754,
12724,39627793801151030,1.4911110656398394,red,300,powerlaw300,31,5,1.064297080039978,0.44287891387939454,0.7090059599856187,-0.35529112005435937,0.35529112005435937,
12724,39627793801151030,1.4911110656398394,red,500,powerlaw500,51,5,1.064297080039978,0.44287891387939454,0.8214455077867455,-0.2428515722532325,0.2428515722532325,
8444,39627829532429975,1.271050292594729,blue,100,powerlaw100,11,5,2.7698464393615723,3.097428321838379,3.1682553702428464,0.39840893088127416,0.39840893088127416,
8444,39627829532429975,1.271050292594729,blue,200,powerlaw200,21,5,2.7698464393615723,3.097428321838379,4.283154567975453,1.5133081286138808,1.5133081286138808,
8444,39627829532429975,1.271050292594729,blue,300,powerlaw300,31,5,2.7698464393615723,3.097428321838379,4.794587280001593,2.024740840640021,2.024740840640021,
8444,39627829532429975,1.271050292594729,blue,500,powerlaw500,51,5,2.7698464393615723,3.097428321838379,4.302331405196848,1.532484965835276,1.532484965835276,
8444,39627829532429975,1.271050292594729,red,100,powerlaw100,11,5,-0.02472536638379097,0.7227652072906494,1.024832407718025,1.049557774101816,1.049557774101816,
8444,39627829532429975,1.271050292594729,red,200,powerlaw200,21,5,-0.02472536638379097,0.7227652072906494,0.8498225107764041,0.8745478771601951,0.8745478771601951,
8444,39627829532429975,1.271050292594729,red,300,powerlaw300,31,5,-0.02472536638379097,0.7227652072906494,0.6153380131487434,0.6400633795325343,0.6400633795325343,
8444,39627829532429975,1.271050292594729,red,500,powerlaw500,51,5,-0.02472536638379097,0.7227652072906494,0.6002672147876478,0.6249925811714387,0.6249925811714387,
6440,39627841582665687,1.245333523344185,blue,100,powerlaw100,11,5,-1.7726871967315674,1.895634078979492,10.763734408950295,12.536421605681863,12.536421605681863,
6440,39627841582665687,1.245333523344185,blue,200,powerlaw200,21,5,-1.7726871967315674,1.895634078979492,2.6138794178074454,4.386566614539013,4.386566614539013,
6440,39627841582665687,1.245333523344185,blue,300,powerlaw300,31,5,-1.7726871967315674,1.895634078979492,0.9662664829004853,2.738953679632053,2.738953679632053,
6440,39627841582665687,1.245333523344185,blue,500,powerlaw500,51,5,-1.7726871967315674,1.895634078979492,1.900455592344414,3.6731427890759814,3.6731427890759814,
6440,39627841582665687,1.245333523344185,red,100,powerlaw100,11,5,0.6561223864555359,0.3648079872131348,0.7175205800170771,0.06139819356154119,0.06139819356154119,
6440,39627841582665687,1.245333523344185,red,200,powerlaw200,21,5,0.6561223864555359,0.3648079872131348,0.8852787309950569,0.22915634453952105,0.22915634453952105,
6440,39627841582665687,1.245333523344185,red,300,powerlaw300,31,5,0.6561223864555359,0.3648079872131348,0.8596721928877677,0.20354980643223186,0.20354980643223186,
6440,39627841582665687,1.245333523344185,red,500,powerlaw500,51,5,0.6561223864555359,0.3648079872131348,0.9690397860386263,0.3129173995830904,0.3129173995830904,
10544,39627859710445195,1.253592651724477,blue,100,powerlaw100,11,5,3.864683151245117,2.2766996383666993,2.1503883469370484,-1.7142948043080688,1.7142948043080688,
10544,39627859710445195,1.253592651724477,blue,200,powerlaw200,21,5,3.864683151245117,2.2766996383666993,1.2488907039234363,-2.615792447321681,2.615792447321681,
10544,39627859710445195,1.253592651724477,blue,300,powerlaw300,31,5,3.864683151245117,2.2766996383666993,2.3501401368315764,-1.5145430144135408,1.5145430144135408,
10544,39627859710445195,1.253592651724477,blue,500,powerlaw500,51,5,3.864683151245117,2.2766996383666993,2.9984071447554177,-0.8662760064896995,0.8662760064896995,
10544,39627859710445195,1.253592651724477,red,100,powerlaw100,11,5,0.6066586375236511,0.28169467449188235,1.2432788033253301,0.636620165801679,0.636620165801679,
10544,39627859710445195,1.253592651724477,red,200,powerlaw200,21,5,0.6066586375236511,0.28169467449188235,0.8641778337190317,0.25751919619538055,0.25751919619538055,
10544,39627859710445195,1.253592651724477,red,300,powerlaw300,31,5,0.6066586375236511,0.28169467449188235,0.8360699841433128,0.22941134661966167,0.22941134661966167,
10544,39627859710445195,1.253592651724477,red,500,powerlaw500,51,5,0.6066586375236511,0.28169467449188235,0.9003361771088262,0.29367753958517506,0.29367753958517506,
7656,39627829532429519,1.564235094748227,blue,100,powerlaw100,11,4,3.486311674118042,1.4176894426345825,4.867073183152812,1.3807615090347696,1.3807615090347696,
7656,39627829532429519,1.564235094748227,blue,200,powerlaw200,21,4,3.486311674118042,1.4176894426345825,2.059017062008186,-1.427294612109856,1.427294612109856,
7656,39627829532429519,1.564235094748227,blue,300,powerlaw300,31,4,3.486311674118042,1.4176894426345825,2.273852078695102,-1.2124595954229398,1.2124595954229398,
7656,39627829532429519,1.564235094748227,blue,500,powerlaw500,51,4,3.486311674118042,1.4176894426345825,2.2325961043651446,-1.2537155697528974,1.2537155697528974,
7656,39627829532429519,1.564235094748227,red,100,powerlaw100,11,4,1.1133084297180176,0.1625552475452423,1.2768615594923347,0.16355312977431713,0.16355312977431713,
7656,39627829532429519,1.564235094748227,red,200,powerlaw200,21,4,1.1133084297180176,0.1625552475452423,1.1610824416746095,0.04777401195659192,0.04777401195659192,
7656,39627829532429519,1.564235094748227,red,300,powerlaw300,31,4,1.1133084297180176,0.1625552475452423,1.122632864953913,0.009324435235895434,0.009324435235895434,
7656,39627829532429519,1.564235094748227,red,500,powerlaw500,51,4,1.1133084297180176,0.1625552475452423,0.9353993389077373,-0.17790909081028028,0.17790909081028028,
3517,39627805356463699,1.2633811905670624,blue,100,powerlaw100,11,5,6.84557580947876,2.7483732223510744,10.575512148218788,3.7299363387400284,3.7299363387400284,
3517,39627805356463699,1.2633811905670624,blue,200,powerlaw200,21,5,6.84557580947876,2.7483732223510744,8.526477086501277,1.6809012770225173,1.6809012770225173,
3517,39627805356463699,1.2633811905670624,blue,300,powerlaw300,31,5,6.84557580947876,2.7483732223510744,7.750015413191645,0.904439603712885,0.904439603712885,
3517,39627805356463699,1.2633811905670624,blue,500,powerlaw500,51,5,6.84557580947876,2.7483732223510744,8.35886383583265,1.5132880263538908,1.5132880263538908,
3517,39627805356463699,1.2633811905670624,red,100,powerlaw100,11,5,0.8629330396652222,0.2559287309646606,1.6940485631424926,0.8311155234772705,0.8311155234772705,
3517,39627805356463699,1.2633811905670624,red,200,powerlaw200,21,5,0.8629330396652222,0.2559287309646606,1.4712925686453426,0.6083595289801205,0.6083595289801205,
3517,39627805356463699,1.2633811905670624,red,300,powerlaw300,31,5,0.8629330396652222,0.2559287309646606,1.4759566655074088,0.6130236258421866,0.6130236258421866,
3517,39627805356463699,1.2633811905670624,red,500,powerlaw500,51,5,0.8629330396652222,0.2559287309646606,1.2279701515961918,0.36503711193096966,0.36503711193096966,
2190,39627847660210834,1.3681759764879469,blue,100,powerlaw100,11,5,2.3971900939941406,0.9171805381774902,2.537234913262617,0.14004481926847623,0.14004481926847623,
2190,39627847660210834,1.3681759764879469,blue,200,powerlaw200,21,5,2.3971900939941406,0.9171805381774902,1.7591005619310196,-0.638089532063121,0.638089532063121,
2190,39627847660210834,1.3681759764879469,blue,300,powerlaw300,31,5,2.3971900939941406,0.9171805381774902,2.3192703096561273,-0.07791978433801328,0.07791978433801328,
2190,39627847660210834,1.3681759764879469,blue,500,powerlaw500,51,5,2.3971900939941406,0.9171805381774902,3.101986283396567,0.7047961894024262,0.7047961894024262,
2190,39627847660210834,1.3681759764879469,red,100,powerlaw100,11,5,0.9674803614616394,0.10246902704238892,1.2632858221101766,0.2958054606485372,0.2958054606485372,
2190,39627847660210834,1.3681759764879469,red,200,powerlaw200,21,5,0.9674803614616394,0.10246902704238892,1.0993361060596083,0.1318557445979689,0.1318557445979689,
2190,39627847660210834,1.3681759764879469,red,300,powerlaw300,31,5,0.9674803614616394,0.10246902704238892,1.0511535991969665,0.08367323773532709,0.08367323773532709,
2190,39627847660210834,1.3681759764879469,red,500,powerlaw500,51,5,0.9674803614616394,0.10246902704238892,1.1591569994531696,0.19167663799153023,0.19167663799153023,
8323,39627835568032657,1.4055321858978111,blue,100,powerlaw100,11,5,4.1418561935424805,2.4683300018310548,10.588836597676623,6.446980404134143,6.446980404134143,
8323,39627835568032657,1.4055321858978111,blue,200,powerlaw200,21,5,4.1418561935424805,2.4683300018310548,6.6354328830602025,2.493576689517722,2.493576689517722,
8323,39627835568032657,1.4055321858978111,blue,300,powerlaw300,31,5,4.1418561935424805,2.4683300018310548,2.210853126975059,-1.9310030665674214,1.9310030665674214,
8323,39627835568032657,1.4055321858978111,blue,500,powerlaw500,51,5,4.1418561935424805,2.4683300018310548,1.2886696338681094,-2.853186559674371,2.853186559674371,
8323,39627835568032657,1.4055321858978111,red,100,powerlaw100,11,5,0.5773552656173706,0.3359742403030396,0.6986294116060211,0.1212741459886505,0.1212741459886505,
8323,39627835568032657,1.4055321858978111,red,200,powerlaw200,21,5,0.5773552656173706,0.3359742403030396,0.6974381188995501,0.12008285328217949,0.12008285328217949,
8323,39627835568032657,1.4055321858978111,red,300,powerlaw300,31,5,0.5773552656173706,0.3359742403030396,0.5696387256471269,-0.007716539970243685,0.007716539970243685,
8323,39627835568032657,1.4055321858978111,red,500,powerlaw500,51,5,0.5773552656173706,0.3359742403030396,0.791545046233792,0.21418978061642135,0.21418978061642135,
2354,39627847656016465,1.3327382023700851,blue,100,powerlaw100,11,5,3.0087814331054688,1.7534801483154296,3.232500068906794,0.22371863580132523,0.22371863580132523,
2354,39627847656016465,1.3327382023700851,blue,200,powerlaw200,21,5,3.0087814331054688,1.7534801483154296,3.476441871999051,0.46766043889358233,0.46766043889358233,
2354,39627847656016465,1.3327382023700851,blue,300,powerlaw300,31,5,3.0087814331054688,1.7534801483154296,2.1800335037306837,-0.828747929374785,0.828747929374785,
2354,39627847656016465,1.3327382023700851,blue,500,powerlaw500,51,5,3.0087814331054688,1.7534801483154296,1.8525290612721914,-1.1562523718332773,1.1562523718332773,
2354,39627847656016465,1.3327382023700851,red,100,powerlaw100,11,5,0.8004286885261536,0.21201462745666505,1.1873422706061745,0.3869135820800209,0.3869135820800209,
2354,39627847656016465,1.3327382023700851,red,200,powerlaw200,21,5,0.8004286885261536,0.21201462745666505,1.1544700318998014,0.3540413433736478,0.3540413433736478,
2354,39627847656016465,1.3327382023700851,red,300,powerlaw300,31,5,0.8004286885261536,0.21201462745666505,0.9081470237887291,0.10771833526257557,0.10771833526257557,
2354,39627847656016465,1.3327382023700851,red,500,powerlaw500,51,5,0.8004286885261536,0.21201462745666505,1.1592967171446151,0.35886802861846157,0.35886802861846157,
8312,39627823484242125,1.4428483340526306,blue,100,powerlaw100,11,5,3.40059232711792,2.8594263076782225,7.372575914080459,3.971983586962539,3.971983586962539,
8312,39627823484242125,1.4428483340526306,blue,200,powerlaw200,21,5,3.40059232711792,2.8594263076782225,5.06872353063219,1.6681312035142701,1.6681312035142701,
8312,39627823484242125,1.4428483340526306,blue,300,powerlaw300,31,5,3.40059232711792,2.8594263076782225,5.847817476261798,2.447225149143878,2.447225149143878,
8312,39627823484242125,1.4428483340526306,blue,500,powerlaw500,51,5,3.40059232711792,2.8594263076782225,4.815054609584719,1.4144622824667987,1.4144622824667987,
8312,39627823484242125,1.4428483340526306,red,100,powerlaw100,11,5,1.0766270160675049,0.45407533645629883,1.2939002219508602,0.2172732058833553,0.2172732058833553,
8312,39627823484242125,1.4428483340526306,red,200,powerlaw200,21,5,1.0766270160675049,0.45407533645629883,1.0898520920740318,0.013225076006526892,0.013225076006526892,
8312,39627823484242125,1.4428483340526306,red,300,powerlaw300,31,5,1.0766270160675049,0.45407533645629883,1.1955633662529488,0.1189363501854439,0.1189363501854439,
8312,39627823484242125,1.4428483340526306,red,500,powerlaw500,51,5,1.0766270160675049,0.45407533645629883,1.1802626151221178,0.10363559905461295,0.10363559905461295,
8982,39627847626658244,1.2554766480709072,blue,100,powerlaw100,11,5,2.5148301124572754,1.9872955322265624,4.420714509863684,1.9058843974064086,1.9058843974064086,
8982,39627847626658244,1.2554766480709072,blue,200,powerlaw200,21,5,2.5148301124572754,1.9872955322265624,5.796631863353018,3.2818017508957427,3.2818017508957427,
8982,39627847626658244,1.2554766480709072,blue,300,powerlaw300,31,5,2.5148301124572754,1.9872955322265624,3.6019628818344835,1.0871327693772082,1.0871327693772082,
8982,39627847626658244,1.2554766480709072,blue,500,powerlaw500,51,5,2.5148301124572754,1.9872955322265624,3.6238278250604843,1.108997712603209,1.108997712603209,
8982,39627847626658244,1.2554766480709072,red,100,powerlaw100,11,5,0.6260451078414917,0.4954662322998047,0.16689313009087467,-0.459151977750617,0.459151977750617,
8982,39627847626658244,1.2554766480709072,red,200,powerlaw200,21,5,0.6260451078414917,0.4954662322998047,0.6659675738228918,0.039922465981400146,0.039922465981400146,
8982,39627847626658244,1.2554766480709072,red,300,powerlaw300,31,5,0.6260451078414917,0.4954662322998047,0.6754418530470324,0.049396745205540715,0.049396745205540715,
8982,39627847626658244,1.2554766480709072,red,500,powerlaw500,51,5,0.6260451078414917,0.4954662322998047,0.9756452231618713,0.3496001153203796,0.3496001153203796,
5139,39627847651819567,1.341377810035367,blue,100,powerlaw100,11,5,2.8275094032287598,1.4757090568542481,0.031340775683213654,-2.796168627545546,2.796168627545546,
5139,39627847651819567,1.341377810035367,blue,200,powerlaw200,21,5,2.8275094032287598,1.4757090568542481,1.0908730954732446,-1.7366363077555151,1.7366363077555151,
5139,39627847651819567,1.341377810035367,blue,300,powerlaw300,31,5,2.8275094032287598,1.4757090568542481,0.740326856110596,-2.0871825471181635,2.0871825471181635,
5139,39627847651819567,1.341377810035367,blue,500,powerlaw500,51,5,2.8275094032287598,1.4757090568542481,1.5943005303826883,-1.2332088728460715,1.2332088728460715,
5139,39627847651819567,1.341377810035367,red,100,powerlaw100,11,5,1.3096554279327393,0.3945147037506104,1.6627454576304381,0.35309002969769887,0.35309002969769887,
5139,39627847651819567,1.341377810035367,red,200,powerlaw200,21,5,1.3096554279327393,0.3945147037506104,1.1096889808831816,-0.19996644704955768,0.19996644704955768,
5139,39627847651819567,1.341377810035367,red,300,powerlaw300,31,5,1.3096554279327393,0.3945147037506104,1.137443796988029,-0.17221163094471015,0.17221163094471015,
5139,39627847651819567,1.341377810035367,red,500,powerlaw500,51,5,1.3096554279327393,0.3945147037506104,1.1295257470841595,-0.18012968084857972,0.18012968084857972,
8274,39627835572225327,1.340556436538083,blue,100,powerlaw100,11,5,4.7958173751831055,2.401303291320801,5.395400843775827,0.5995834685927219,0.5995834685927219,
8274,39627835572225327,1.340556436538083,blue,200,powerlaw200,21,5,4.7958173751831055,2.401303291320801,7.5208723516241065,2.725054976441001,2.725054976441001,
8274,39627835572225327,1.340556436538083,blue,300,powerlaw300,31,5,4.7958173751831055,2.401303291320801,6.106392326872417,1.3105749516893113,1.3105749516893113,
8274,39627835572225327,1.340556436538083,blue,500,powerlaw500,51,5,4.7958173751831055,2.401303291320801,5.437241848971081,0.6414244737879757,0.6414244737879757,
8274,39627835572225327,1.340556436538083,red,100,powerlaw100,11,5,1.2535840272903442,0.32056996822357176,0.1053824963945861,-1.148201530895758,1.148201530895758,
8274,39627835572225327,1.340556436538083,red,200,powerlaw200,21,5,1.2535840272903442,0.32056996822357176,0.9860921164096677,-0.2674919108806766,0.2674919108806766,
8274,39627835572225327,1.340556436538083,red,300,powerlaw300,31,5,1.2535840272903442,0.32056996822357176,0.957235932543408,-0.29634809474693624,0.29634809474693624,
8274,39627835572225327,1.340556436538083,red,500,powerlaw500,51,5,1.2535840272903442,0.32056996822357176,1.0078678637201688,-0.24571616357017545,0.24571616357017545,
4209,39627865758635194,1.3511570719430834,blue,100,powerlaw100,11,5,3.948701858520508,6.246721649169922,1.0931223546481665,-2.8555795038723413,2.8555795038723413,
4209,39627865758635194,1.3511570719430834,blue,200,powerlaw200,21,5,3.948701858520508,6.246721649169922,0.46826818892978483,-3.480433669590723,3.480433669590723,
4209,39627865758635194,1.3511570719430834,blue,300,powerlaw300,31,5,3.948701858520508,6.246721649169922,1.8682391916300898,-2.0804626668904183,2.0804626668904183,
4209,39627865758635194,1.3511570719430834,blue,500,powerlaw500,51,5,3.948701858520508,6.246721649169922,2.700709593510275,-1.2479922650102329,1.2479922650102329,
4209,39627865758635194,1.3511570719430834,red,100,powerlaw100,11,5,-0.2546985149383545,0.6045568466186524,1.1156128880381135,1.370311402976468,1.370311402976468,
4209,39627865758635194,1.3511570719430834,red,200,powerlaw200,21,5,-0.2546985149383545,0.6045568466186524,0.2156375074526781,0.47033602239103256,0.47033602239103256,
4209,39627865758635194,1.3511570719430834,red,300,powerlaw300,31,5,-0.2546985149383545,0.6045568466186524,0.32845551687012625,0.5831540318084807,0.5831540318084807,
4209,39627865758635194,1.3511570719430834,red,500,powerlaw500,51,5,-0.2546985149383545,0.6045568466186524,0.7190436415189585,0.973742156457313,0.973742156457313,
10188,39627853658067023,1.433365632643069,blue,100,powerlaw100,11,5,3.495619297027588,3.6679195404052733,0.92975792556903,-2.565861371458558,2.565861371458558,
10188,39627853658067023,1.433365632643069,blue,200,powerlaw200,21,5,3.495619297027588,3.6679195404052733,3.8162236224917727,0.3206043254641848,0.3206043254641848,
10188,39627853658067023,1.433365632643069,blue,300,powerlaw300,31,5,3.495619297027588,3.6679195404052733,4.970108318569343,1.4744890215417552,1.4744890215417552,
10188,39627853658067023,1.433365632643069,blue,500,powerlaw500,51,5,3.495619297027588,3.6679195404052733,4.794290416875864,1.2986711198482759,1.2986711198482759,
10188,39627853658067023,1.433365632643069,red,100,powerlaw100,11,5,2.0568289756774902,0.5780365943908692,0.7935814188786409,-1.2632475567988495,1.2632475567988495,
10188,39627853658067023,1.433365632643069,red,200,powerlaw200,21,5,2.0568289756774902,0.5780365943908692,1.3989727892662005,-0.6578561864112897,0.6578561864112897,
10188,39627853658067023,1.433365632643069,red,300,powerlaw300,31,5,2.0568289756774902,0.5780365943908692,0.9258244825299519,-1.1310044931475383,1.1310044931475383,
10188,39627853658067023,1.433365632643069,red,500,powerlaw500,51,5,2.0568289756774902,0.5780365943908692,0.8480552506513991,-1.208773725026091,1.208773725026091,
714,39627563034739324,1.4899463805718451,blue,100,powerlaw100,11,5,0.296097993850708,2.1276212692260743,7.164219934519482,6.868121940668774,6.868121940668774,
714,39627563034739324,1.4899463805718451,blue,200,powerlaw200,21,5,0.296097993850708,2.1276212692260743,5.148788821284063,4.852690827433355,4.852690827433355,
714,39627563034739324,1.4899463805718451,blue,300,powerlaw300,31,5,0.296097993850708,2.1276212692260743,3.449272558299073,3.153174564448365,3.153174564448365,
714,39627563034739324,1.4899463805718451,blue,500,powerlaw500,51,5,0.296097993850708,2.1276212692260743,1.8588662232010342,1.5627682293503262,1.5627682293503262,
714,39627563034739324,1.4899463805718451,red,100,powerlaw100,11,5,0.8684325218200684,0.21876540184020996,0.6376165242980829,-0.23081599752198545,0.23081599752198545,
714,39627563034739324,1.4899463805718451,red,200,powerlaw200,21,5,0.8684325218200684,0.21876540184020996,0.7341277545755976,-0.1343047672444707,0.1343047672444707,
714,39627563034739324,1.4899463805718451,red,300,powerlaw300,31,5,0.8684325218200684,0.21876540184020996,0.8112551304768761,-0.05717739134319222,0.05717739134319222,
714,39627563034739324,1.4899463805718451,red,500,powerlaw500,51,5,0.8684325218200684,0.21876540184020996,0.7307309741385408,-0.13770154768152754,0.13770154768152754,
2762,39627817431860151,1.4689439081696405,blue,100,powerlaw100,11,5,6.827664852142334,2.759095573425293,1.9051233528885074,-4.922541499253827,4.922541499253827,
2762,39627817431860151,1.4689439081696405,blue,200,powerlaw200,21,5,6.827664852142334,2.759095573425293,2.4544236444886347,-4.373241207653699,4.373241207653699,
2762,39627817431860151,1.4689439081696405,blue,300,powerlaw300,31,5,6.827664852142334,2.759095573425293,3.3330129072031967,-3.4946519449391373,3.4946519449391373,
2762,39627817431860151,1.4689439081696405,blue,500,powerlaw500,51,5,6.827664852142334,2.759095573425293,3.118154840508352,-3.709510011633982,3.709510011633982,
2762,39627817431860151,1.4689439081696405,red,100,powerlaw100,11,5,1.5753910541534424,0.4341909885406494,0.5799919009626467,-0.9953991531907956,0.9953991531907956,
2762,39627817431860151,1.4689439081696405,red,200,powerlaw200,21,5,1.5753910541534424,0.4341909885406494,1.1526093294974986,-0.42278172465594377,0.42278172465594377,
2762,39627817431860151,1.4689439081696405,red,300,powerlaw300,31,5,1.5753910541534424,0.4341909885406494,1.6319431281775887,0.056552074024146304,0.056552074024146304,
2762,39627817431860151,1.4689439081696405,red,500,powerlaw500,51,5,1.5753910541534424,0.4341909885406494,1.5013687284537667,-0.0740223256996757,0.0740223256996757,
11426,39627853670648707,1.2804256753390335,blue,100,powerlaw100,11,5,5.571168422698975,2.24157829284668,3.017770937433949,-2.5533974852650254,2.5533974852650254,
11426,39627853670648707,1.2804256753390335,blue,200,powerlaw200,21,5,5.571168422698975,2.24157829284668,2.604749442633669,-2.966418980065306,2.966418980065306,
11426,39627853670648707,1.2804256753390335,blue,300,powerlaw300,31,5,5.571168422698975,2.24157829284668,3.6700925824736084,-1.9010758402253662,1.9010758402253662,
11426,39627853670648707,1.2804256753390335,blue,500,powerlaw500,51,5,5.571168422698975,2.24157829284668,4.093024455878322,-1.4781439668206522,1.4781439668206522,
11426,39627853670648707,1.2804256753390335,red,100,powerlaw100,11,5,0.8530539274215698,0.3048290252685547,0.36193730955859826,-0.49111661786297156,0.49111661786297156,
11426,39627853670648707,1.2804256753390335,red,200,powerlaw200,21,5,0.8530539274215698,0.3048290252685547,0.3870593800275627,-0.46599454739400714,0.46599454739400714,
11426,39627853670648707,1.2804256753390335,red,300,powerlaw300,31,5,0.8530539274215698,0.3048290252685547,0.8871167701644083,0.03406284274283844,0.03406284274283844,
11426,39627853670648707,1.2804256753390335,red,500,powerlaw500,51,5,0.8530539274215698,0.3048290252685547,0.7829293831608297,-0.07012454426074011,0.07012454426074011,
10760,39627853666453386,1.409201728928988,blue,100,powerlaw100,11,5,2.9346938133239746,1.4626811027526856,1.901751735659586,-1.0329420776643885,1.0329420776643885,
10760,39627853666453386,1.409201728928988,blue,200,powerlaw200,21,5,2.9346938133239746,1.4626811027526856,2.4757780786912975,-0.4589157346326771,0.4589157346326771,
10760,39627853666453386,1.409201728928988,blue,300,powerlaw300,31,5,2.9346938133239746,1.4626811027526856,2.0907563090474,-0.8439375042765747,0.8439375042765747,
10760,39627853666453386,1.409201728928988,blue,500,powerlaw500,51,5,2.9346938133239746,1.4626811027526856,2.244049481118813,-0.6906443322051614,0.6906443322051614,
10760,39627853666453386,1.409201728928988,red,100,powerlaw100,11,5,0.7750576138496399,0.22388677597045897,0.9235802917317623,0.14852267788212237,0.14852267788212237,
10760,39627853666453386,1.409201728928988,red,200,powerlaw200,21,5,0.7750576138496399,0.22388677597045897,0.7745271256002783,-0.0005304882493616381,0.0005304882493616381,
10760,39627853666453386,1.409201728928988,red,300,powerlaw300,31,5,0.7750576138496399,0.22388677597045897,1.0512954312176128,0.2762378173679729,0.2762378173679729,
10760,39627853666453386,1.409201728928988,red,500,powerlaw500,51,5,0.7750576138496399,0.22388677597045897,1.097529478943936,0.32247186509429615,0.32247186509429615,
7274,39627829540815815,1.2434303243528848,blue,100,powerlaw100,11,5,0.6323599815368652,0.3552725076675415,0.024824584770078227,-0.607535396766787,0.607535396766787,
7274,39627829540815815,1.2434303243528848,blue,200,powerlaw200,21,5,0.6323599815368652,0.3552725076675415,7.689891559495273e-07,-0.6323592125477093,0.6323592125477093,
7274,39627829540815815,1.2434303243528848,blue,300,powerlaw300,31,5,0.6323599815368652,0.3552725076675415,0.010721615811734937,-0.6216383657251303,0.6216383657251303,
7274,39627829540815815,1.2434303243528848,blue,500,powerlaw500,51,5,0.6323599815368652,0.3552725076675415,0.06631924165742642,-0.5660407398794388,0.5660407398794388,
7274,39627829540815815,1.2434303243528848,red,100,powerlaw100,11,5,1.0888807773590088,0.05160436630249023,0.9723030742482448,-0.11657770311076399,0.11657770311076399,
7274,39627829540815815,1.2434303243528848,red,200,powerlaw200,21,5,1.0888807773590088,0.05160436630249023,1.1006471484517641,0.011766371092755357,0.011766371092755357,
7274,39627829540815815,1.2434303243528848,red,300,powerlaw300,31,5,1.0888807773590088,0.05160436630249023,1.1309813305483989,0.0421005531893901,0.0421005531893901,
7274,39627829540815815,1.2434303243528848,red,500,powerlaw500,51,5,1.0888807773590088,0.05160436630249023,1.375376379277776,0.2864956019187672,0.2864956019187672,
6902,39627829507265330,1.3106950711369891,blue,100,powerlaw100,11,5,5.165322303771973,3.916749954223633,12.93153004484706,7.766207741075087,7.766207741075087,
6902,39627829507265330,1.3106950711369891,blue,200,powerlaw200,21,5,5.165322303771973,3.916749954223633,5.899382736643248,0.7340604328712752,0.7340604328712752,
6902,39627829507265330,1.3106950711369891,blue,300,powerlaw300,31,5,5.165322303771973,3.916749954223633,6.81208892228359,1.6467666185116174,1.6467666185116174,
6902,39627829507265330,1.3106950711369891,blue,500,powerlaw500,51,5,5.165322303771973,3.916749954223633,5.9340560496534085,0.7687337458814358,0.7687337458814358,
6902,39627829507265330,1.3106950711369891,red,100,powerlaw100,11,5,0.7888311147689819,0.3873866319656372,1.202711342060512,0.41388022729153007,0.41388022729153007,
6902,39627829507265330,1.3106950711369891,red,200,powerlaw200,21,5,0.7888311147689819,0.3873866319656372,1.111768853796356,0.322937739027374,0.322937739027374,
6902,39627829507265330,1.3106950711369891,red,300,powerlaw300,31,5,0.7888311147689819,0.3873866319656372,0.9713342849271495,0.18250317015816753,0.18250317015816753,
6902,39627829507265330,1.3106950711369891,red,500,powerlaw500,51,5,0.7888311147689819,0.3873866319656372,0.8883445168049284,0.0995134020359465,0.0995134020359465,
5427,39627829503067911,1.6019546022111184,blue,100,powerlaw100,11,4,8.391275405883789,2.0994367599487305,5.5200183814861346,-2.8712570243976545,2.8712570243976545,
5427,39627829503067911,1.6019546022111184,blue,200,powerlaw200,21,4,8.391275405883789,2.0994367599487305,4.14964688662549,-4.241628519258299,4.241628519258299,
5427,39627829503067911,1.6019546022111184,blue,300,powerlaw300,31,4,8.391275405883789,2.0994367599487305,3.162149600802088,-5.229125805081701,5.229125805081701,
5427,39627829503067911,1.6019546022111184,blue,500,powerlaw500,51,4,8.391275405883789,2.0994367599487305,4.39284449271798,-3.9984309131658087,3.9984309131658087,
5427,39627829503067911,1.6019546022111184,red,100,powerlaw100,11,4,0.5518621206283569,0.37274858355522156,1.078846893077637,0.52698477244928,0.52698477244928,
5427,39627829503067911,1.6019546022111184,red,200,powerlaw200,21,4,0.5518621206283569,0.37274858355522156,0.8780622257249069,0.32620010509654995,0.32620010509654995,
5427,39627829503067911,1.6019546022111184,red,300,powerlaw300,31,4,0.5518621206283569,0.37274858355522156,0.7244707842947271,0.17260866366637018,0.17260866366637018,
5427,39627829503067911,1.6019546022111184,red,500,powerlaw500,51,4,0.5518621206283569,0.37274858355522156,1.073672621677475,0.5218105010491181,0.5218105010491181,
1912,39627835580615706,1.200217635184179,blue,100,powerlaw100,11,5,2.762068271636963,2.8252080917358398,1.692688131708369,-1.0693801399285938,1.0693801399285938,
1912,39627835580615706,1.200217635184179,blue,200,powerlaw200,21,5,2.762068271636963,2.8252080917358398,2.9257217563206934,0.16365348468373053,0.16365348468373053,
1912,39627835580615706,1.200217635184179,blue,300,powerlaw300,31,5,2.762068271636963,2.8252080917358398,2.2879174905978994,-0.4741507810390635,0.4741507810390635,
1912,39627835580615706,1.200217635184179,blue,500,powerlaw500,51,5,2.762068271636963,2.8252080917358398,3.2435187985050398,0.4814505268680769,0.4814505268680769,
1912,39627835580615706,1.200217635184179,red,100,powerlaw100,11,5,0.9363816380500793,0.5015274524688721,0.48800414005940357,-0.4483774979906758,0.4483774979906758,
1912,39627835580615706,1.200217635184179,red,200,powerlaw200,21,5,0.9363816380500793,0.5015274524688721,0.2591427658177997,-0.6772388722322796,0.6772388722322796,
1912,39627835580615706,1.200217635184179,red,300,powerlaw300,31,5,0.9363816380500793,0.5015274524688721,0.45376413711474717,-0.4826175009353322,0.4826175009353322,
1912,39627835580615706,1.200217635184179,red,500,powerlaw500,51,5,0.9363816380500793,0.5015274524688721,0.7308107243827049,-0.20557091366737446,0.20557091366737446,
2263,39627853704203458,1.4742124035425577,blue,100,powerlaw100,11,5,3.775669574737549,1.248546314239502,2.2447582203393903,-1.5309113543981585,1.5309113543981585,
2263,39627853704203458,1.4742124035425577,blue,200,powerlaw200,21,5,3.775669574737549,1.248546314239502,1.3623846702597864,-2.4132849044777624,2.4132849044777624,
2263,39627853704203458,1.4742124035425577,blue,300,powerlaw300,31,5,3.775669574737549,1.248546314239502,1.2717073806457857,-2.503962194091763,2.503962194091763,
2263,39627853704203458,1.4742124035425577,blue,500,powerlaw500,51,5,3.775669574737549,1.248546314239502,1.6546744785253515,-2.120995096212197,2.120995096212197,
2263,39627853704203458,1.4742124035425577,red,100,powerlaw100,11,5,0.9794785380363464,0.18721915483474733,1.7116800182910303,0.7322014802546839,0.7322014802546839,
2263,39627853704203458,1.4742124035425577,red,200,powerlaw200,21,5,0.9794785380363464,0.18721915483474733,1.2438026881060404,0.264324150069694,0.264324150069694,
2263,39627853704203458,1.4742124035425577,red,300,powerlaw300,31,5,0.9794785380363464,0.18721915483474733,1.3779115513979452,0.39843301336159875,0.39843301336159875,
2263,39627853704203458,1.4742124035425577,red,500,powerlaw500,51,5,0.9794785380363464,0.18721915483474733,1.2098945044466076,0.23041596641026119,0.23041596641026119,
3866,39627811400452167,1.2230861556508787,blue,100,powerlaw100,11,5,3.7354190349578857,1.1830001831054688,1.5241882293499145,-2.211230805607971,2.211230805607971,
3866,39627811400452167,1.2230861556508787,blue,200,powerlaw200,21,5,3.7354190349578857,1.1830001831054688,0.9340157678296803,-2.8014032671282054,2.8014032671282054,
3866,39627811400452167,1.2230861556508787,blue,300,powerlaw300,31,5,3.7354190349578857,1.1830001831054688,1.509701203268753,-2.225717831689133,2.225717831689133,
3866,39627811400452167,1.2230861556508787,blue,500,powerlaw500,51,5,3.7354190349578857,1.1830001831054688,2.1711176177140286,-1.5643014172438572,1.5643014172438572,
3866,39627811400452167,1.2230861556508787,red,100,powerlaw100,11,5,0.7280867099761963,0.10520251989364623,0.9443465425449314,0.21625983256873516,0.21625983256873516,
3866,39627811400452167,1.2230861556508787,red,200,powerlaw200,21,5,0.7280867099761963,0.10520251989364623,0.9432468871807635,0.21516017720456726,0.21516017720456726,
3866,39627811400452167,1.2230861556508787,red,300,powerlaw300,31,5,0.7280867099761963,0.10520251989364623,0.98740726336079,0.2593205533845937,0.2593205533845937,
3866,39627811400452167,1.2230861556508787,red,500,powerlaw500,51,5,0.7280867099761963,0.10520251989364623,0.8998693833743887,0.17178267339819242,0.17178267339819242,
11841,39627781713170627,1.3642280290061946,blue,100,powerlaw100,11,5,2.3450701236724854,1.7519847869873046,0.48704054107086014,-1.8580295826016253,1.8580295826016253,
11841,39627781713170627,1.3642280290061946,blue,200,powerlaw200,21,5,2.3450701236724854,1.7519847869873046,2.774612129929775,0.42954200625728944,0.42954200625728944,
11841,39627781713170627,1.3642280290061946,blue,300,powerlaw300,31,5,2.3450701236724854,1.7519847869873046,1.9764426829690316,-0.36862744070345377,0.36862744070345377,
11841,39627781713170627,1.3642280290061946,blue,500,powerlaw500,51,5,2.3450701236724854,1.7519847869873046,1.7661916190026212,-0.5788785046698641,0.5788785046698641,
11841,39627781713170627,1.3642280290061946,red,100,powerlaw100,11,5,1.1494991779327393,0.14697293043136597,1.1113612946806406,-0.03813788325209866,0.03813788325209866,
11841,39627781713170627,1.3642280290061946,red,200,powerlaw200,21,5,1.1494991779327393,0.14697293043136597,1.2202748025511965,0.07077562461845721,0.07077562461845721,
11841,39627781713170627,1.3642280290061946,red,300,powerlaw300,31,5,1.1494991779327393,0.14697293043136597,1.3025505608325123,0.15305138289977305,0.15305138289977305,
11841,39627781713170627,1.3642280290061946,red,500,powerlaw500,51,5,1.1494991779327393,0.14697293043136597,1.2777742607764229,0.1282750828436836,0.1282750828436836,
711,39627574959149530,1.3297708634010696,blue,100,powerlaw100,11,5,2.481788396835327,1.3597043991088866,2.4764967004904616e-05,-2.481763631868322,2.481763631868322,
711,39627574959149530,1.3297708634010696,blue,200,powerlaw200,21,5,2.481788396835327,1.3597043991088866,0.4336324082630426,-2.0481559885722844,2.0481559885722844,
711,39627574959149530,1.3297708634010696,blue,300,powerlaw300,31,5,2.481788396835327,1.3597043991088866,0.933772861895925,-1.548015534939402,1.548015534939402,
711,39627574959149530,1.3297708634010696,blue,500,powerlaw500,51,5,2.481788396835327,1.3597043991088866,1.5323861020538156,-0.9494022947815115,0.9494022947815115,
711,39627574959149530,1.3297708634010696,red,100,powerlaw100,11,5,1.2705066204071045,0.20776233673095704,0.77881892838773,-0.49168769201937446,0.49168769201937446,
711,39627574959149530,1.3297708634010696,red,200,powerlaw200,21,5,1.2705066204071045,0.20776233673095704,1.0549548731314498,-0.21555174727565474,0.21555174727565474,
711,39627574959149530,1.3297708634010696,red,300,powerlaw300,31,5,1.2705066204071045,0.20776233673095704,1.0418259437127164,-0.22868067669438807,0.22868067669438807,
711,39627574959149530,1.3297708634010696,red,500,powerlaw500,51,5,1.2705066204071045,0.20776233673095704,1.1281256552525998,-0.1423809651545047,0.1423809651545047,
4334,39627865767023256,1.268234706824708,blue,100,powerlaw100,11,5,-1.1311171054840088,2.445240783691406,14.142012964764401,15.27313007024841,15.27313007024841,
4334,39627865767023256,1.268234706824708,blue,200,powerlaw200,21,5,-1.1311171054840088,2.445240783691406,1.8951469346799368,3.0262640401639453,3.0262640401639453,
4334,39627865767023256,1.268234706824708,blue,300,powerlaw300,31,5,-1.1311171054840088,2.445240783691406,4.312353043606302,5.44347014909031,5.44347014909031,
4334,39627865767023256,1.268234706824708,blue,500,powerlaw500,51,5,-1.1311171054840088,2.445240783691406,2.746420197624706,3.877537303108715,3.877537303108715,
4334,39627865767023256,1.268234706824708,red,100,powerlaw100,11,5,0.4541858732700348,0.33489294052124025,0.7868663734368012,0.3326805001667664,0.3326805001667664,
4334,39627865767023256,1.268234706824708,red,200,powerlaw200,21,5,0.4541858732700348,0.33489294052124025,1.315780867297062,0.8615949940270271,0.8615949940270271,
4334,39627865767023256,1.268234706824708,red,300,powerlaw300,31,5,0.4541858732700348,0.33489294052124025,1.1735156186527143,0.7193297453826795,0.7193297453826795,
4334,39627865767023256,1.268234706824708,red,500,powerlaw500,51,5,0.4541858732700348,0.33489294052124025,0.9373869804058952,0.4832011071358604,0.4832011071358604,
4558,39627853691621149,1.263399377555538,blue,100,powerlaw100,11,5,3.151027202606201,1.6255353927612304,2.266249772149518,-0.8847774304566833,0.8847774304566833,
4558,39627853691621149,1.263399377555538,blue,200,powerlaw200,21,5,3.151027202606201,1.6255353927612304,2.4022954043352818,-0.7487317982709194,0.7487317982709194,
4558,39627853691621149,1.263399377555538,blue,300,powerlaw300,31,5,3.151027202606201,1.6255353927612304,3.12203841072463,-0.028988791881570997,0.028988791881570997,
4558,39627853691621149,1.263399377555538,blue,500,powerlaw500,51,5,3.151027202606201,1.6255353927612304,3.2309436568743792,0.07991645426817806,0.07991645426817806,
4558,39627853691621149,1.263399377555538,red,100,powerlaw100,11,5,0.772059440612793,0.2320244312286377,1.1176612192627204,0.34560177864992747,0.34560177864992747,
4558,39627853691621149,1.263399377555538,red,200,powerlaw200,21,5,0.772059440612793,0.2320244312286377,1.1709464192203203,0.3988869786075273,0.3988869786075273,
4558,39627853691621149,1.263399377555538,red,300,powerlaw300,31,5,0.772059440612793,0.2320244312286377,1.2133972153904178,0.4413377747776248,0.4413377747776248,
4558,39627853691621149,1.263399377555538,red,500,powerlaw500,51,5,0.772059440612793,0.2320244312286377,1.3092907466051997,0.5372313059924068,0.5372313059924068,
1492,39627853700009315,1.5509367214338317,blue,100,powerlaw100,11,4,9.132612228393555,3.160186529159546,3.530173303118269,-5.602438925275285,5.602438925275285,
1492,39627853700009315,1.5509367214338317,blue,200,powerlaw200,21,4,9.132612228393555,3.160186529159546,2.0480397826198806,-7.084572445773674,7.084572445773674,
1492,39627853700009315,1.5509367214338317,blue,300,powerlaw300,31,4,9.132612228393555,3.160186529159546,2.9203974501229095,-6.212214778270646,6.212214778270646,
1492,39627853700009315,1.5509367214338317,blue,500,powerlaw500,51,4,9.132612228393555,3.160186529159546,2.330429411035963,-6.802182817357592,6.802182817357592,
1492,39627853700009315,1.5509367214338317,red,100,powerlaw100,11,4,1.1219103336334229,0.25164175033569336,0.43393464886794014,-0.6879756847654828,0.6879756847654828,
1492,39627853700009315,1.5509367214338317,red,200,powerlaw200,21,4,1.1219103336334229,0.25164175033569336,0.7901777560375033,-0.33173257759591956,0.33173257759591956,
1492,39627853700009315,1.5509367214338317,red,300,powerlaw300,31,4,1.1219103336334229,0.25164175033569336,0.8984495801227979,-0.223460753510625,0.223460753510625,
1492,39627853700009315,1.5509367214338317,red,500,powerlaw500,51,4,1.1219103336334229,0.25164175033569336,0.8560208544826773,-0.26588947915074557,0.26588947915074557,
3609,39627817444442240,1.5205296849333905,blue,100,powerlaw100,11,4,-1.2050167322158813,4.771528720855713,3.9027439285610854,5.107760660776966,5.107760660776966,
3609,39627817444442240,1.5205296849333905,blue,200,powerlaw200,21,4,-1.2050167322158813,4.771528720855713,4.652793539922618,5.857810272138499,5.857810272138499,
3609,39627817444442240,1.5205296849333905,blue,300,powerlaw300,31,4,-1.2050167322158813,4.771528720855713,4.9110055876091225,6.116022319825004,6.116022319825004,
3609,39627817444442240,1.5205296849333905,blue,500,powerlaw500,51,4,-1.2050167322158813,4.771528720855713,4.4880044557527965,5.693021187968678,5.693021187968678,
3609,39627817444442240,1.5205296849333905,red,100,powerlaw100,11,4,0.703803539276123,0.5707148313522339,1.6216081272467406,0.9178045879706176,0.9178045879706176,
3609,39627817444442240,1.5205296849333905,red,200,powerlaw200,21,4,0.703803539276123,0.5707148313522339,1.904854698748298,1.201051159472175,1.201051159472175,
3609,39627817444442240,1.5205296849333905,red,300,powerlaw300,31,4,0.703803539276123,0.5707148313522339,1.9009150979736604,1.1971115586975374,1.1971115586975374,
3609,39627817444442240,1.5205296849333905,red,500,powerlaw500,51,4,0.703803539276123,0.5707148313522339,1.6431794000066549,0.9393758607305318,0.9393758607305318,
10410,39627859706253658,1.4124234456424192,blue,100,powerlaw100,11,5,1.5820616483688354,2.6650033950805665,7.4805319258941525,5.898470277525317,5.898470277525317,
10410,39627859706253658,1.4124234456424192,blue,200,powerlaw200,21,5,1.5820616483688354,2.6650033950805665,7.051038575849324,5.4689769274804885,5.4689769274804885,
10410,39627859706253658,1.4124234456424192,blue,300,powerlaw300,31,5,1.5820616483688354,2.6650033950805665,5.201528383245642,3.6194667348768066,3.6194667348768066,
10410,39627859706253658,1.4124234456424192,blue,500,powerlaw500,51,5,1.5820616483688354,2.6650033950805665,5.789678396523262,4.207616748154426,4.207616748154426,
10410,39627859706253658,1.4124234456424192,red,100,powerlaw100,11,5,1.0400129556655884,0.2582524538040161,1.7152200149721764,0.675207059306588,0.675207059306588,
10410,39627859706253658,1.4124234456424192,red,200,powerlaw200,21,5,1.0400129556655884,0.2582524538040161,1.296730043327397,0.25671708766180856,0.25671708766180856,
10410,39627859706253658,1.4124234456424192,red,300,powerlaw300,31,5,1.0400129556655884,0.2582524538040161,1.366969161172976,0.3269562055073876,0.3269562055073876,
10410,39627859706253658,1.4124234456424192,red,500,powerlaw500,51,5,1.0400129556655884,0.2582524538040161,1.3997332726088365,0.35972031694324813,0.35972031694324813,
3255,39627823475854952,1.6427853372042591,blue,100,powerlaw100,11,4,7.216819763183594,1.258347749710083,9.356311346365256,2.1394915831816625,2.1394915831816625,
3255,39627823475854952,1.6427853372042591,blue,200,powerlaw200,21,4,7.216819763183594,1.258347749710083,10.32211073181547,3.105290968631877,3.105290968631877,
3255,39627823475854952,1.6427853372042591,blue,300,powerlaw300,31,4,7.216819763183594,1.258347749710083,10.137953996097426,2.9211342329138326,2.9211342329138326,
3255,39627823475854952,1.6427853372042591,blue,500,powerlaw500,51,4,7.216819763183594,1.258347749710083,9.907577078391657,2.6907573152080637,2.6907573152080637,
3255,39627823475854952,1.6427853372042591,red,100,powerlaw100,11,4,1.0079442262649536,0.17458270490169525,0.9898116227550539,-0.01813260350989976,0.01813260350989976,
3255,39627823475854952,1.6427853372042591,red,200,powerlaw200,21,4,1.0079442262649536,0.17458270490169525,0.9708007622844399,-0.03714346398051371,0.03714346398051371,
3255,39627823475854952,1.6427853372042591,red,300,powerlaw300,31,4,1.0079442262649536,0.17458270490169525,0.9959330676784981,-0.012011158586455517,0.012011158586455517,
3255,39627823475854952,1.6427853372042591,red,500,powerlaw500,51,4,1.0079442262649536,0.17458270490169525,1.0442097128897743,0.03626548662482065,0.03626548662482065,
1166,39627847660212771,1.2368357146564777,blue,100,powerlaw100,11,5,3.2380950450897217,2.3122028350830077,1.7834067793737085,-1.4546882657160132,1.4546882657160132,
1166,39627847660212771,1.2368357146564777,blue,200,powerlaw200,21,5,3.2380950450897217,2.3122028350830077,1.883456888466063,-1.3546381566236587,1.3546381566236587,
1166,39627847660212771,1.2368357146564777,blue,300,powerlaw300,31,5,3.2380950450897217,2.3122028350830077,2.1922476687660613,-1.0458473763236604,1.0458473763236604,
1166,39627847660212771,1.2368357146564777,blue,500,powerlaw500,51,5,3.2380950450897217,2.3122028350830077,3.525320733136907,0.2872256880471853,0.2872256880471853,
1166,39627847660212771,1.2368357146564777,red,100,powerlaw100,11,5,1.237240195274353,0.34523496627807615,0.7043661563551573,-0.5328740389191957,0.5328740389191957,
1166,39627847660212771,1.2368357146564777,red,200,powerlaw200,21,5,1.237240195274353,0.34523496627807615,1.160989051374072,-0.0762511439002811,0.0762511439002811,
1166,39627847660212771,1.2368357146564777,red,300,powerlaw300,31,5,1.237240195274353,0.34523496627807615,1.076701431003749,-0.16053876427060398,0.16053876427060398,
1166,39627847660212771,1.2368357146564777,red,500,powerlaw500,51,5,1.237240195274353,0.34523496627807615,0.922452602655663,-0.31478759261869005,0.31478759261869005,
7919,39627817448640669,1.4169115897986482,blue,100,powerlaw100,11,5,2.429797649383545,2.4638544082641602,3.7313882630755764,1.3015906136920314,1.3015906136920314,
7919,39627817448640669,1.4169115897986482,blue,200,powerlaw200,21,5,2.429797649383545,2.4638544082641602,7.619987819493993,5.190190170110448,5.190190170110448,
7919,39627817448640669,1.4169115897986482,blue,300,powerlaw300,31,5,2.429797649383545,2.4638544082641602,6.865629994942968,4.435832345559423,4.435832345559423,
7919,39627817448640669,1.4169115897986482,blue,500,powerlaw500,51,5,2.429797649383545,2.4638544082641602,5.390841565147868,2.961043915764323,2.961043915764323,
7919,39627817448640669,1.4169115897986482,red,100,powerlaw100,11,5,1.5398656129837036,0.2330737829208374,1.4050737338844217,-0.13479187909928192,0.13479187909928192,
7919,39627817448640669,1.4169115897986482,red,200,powerlaw200,21,5,1.5398656129837036,0.2330737829208374,1.2393624904956944,-0.30050312248800926,0.30050312248800926,
7919,39627817448640669,1.4169115897986482,red,300,powerlaw300,31,5,1.5398656129837036,0.2330737829208374,1.1301881871765904,-0.4096774258071132,0.4096774258071132,
7919,39627817448640669,1.4169115897986482,red,500,powerlaw500,51,5,1.5398656129837036,0.2330737829208374,1.3344908304287748,-0.2053747825549288,0.2053747825549288,
7042,39627835572224790,1.5987934094786056,blue,100,powerlaw100,11,4,1.4831668138504028,2.1525826454162598,4.619985592244323,3.13681877839392,3.13681877839392,
7042,39627835572224790,1.5987934094786056,blue,200,powerlaw200,21,4,1.4831668138504028,2.1525826454162598,2.4590284534012987,0.9758616395508959,0.9758616395508959,
7042,39627835572224790,1.5987934094786056,blue,300,powerlaw300,31,4,1.4831668138504028,2.1525826454162598,2.111477466519034,0.6283106526686311,0.6283106526686311,
7042,39627835572224790,1.5987934094786056,blue,500,powerlaw500,51,4,1.4831668138504028,2.1525826454162598,2.038849832944739,0.555683019094336,0.555683019094336,
7042,39627835572224790,1.5987934094786056,red,100,powerlaw100,11,4,1.325006127357483,0.2874448299407959,0.7295132016385976,-0.5954929257188853,0.5954929257188853,
7042,39627835572224790,1.5987934094786056,red,200,powerlaw200,21,4,1.325006127357483,0.2874448299407959,0.5327402344153731,-0.7922658929421098,0.7922658929421098,
7042,39627835572224790,1.5987934094786056,red,300,powerlaw300,31,4,1.325006127357483,0.2874448299407959,0.7065274579065148,-0.6184786694509681,0.6184786694509681,
7042,39627835572224790,1.5987934094786056,red,500,powerlaw500,51,4,1.325006127357483,0.2874448299407959,0.661363914850902,-0.663642212506581,0.663642212506581,
3931,39627823484241904,1.377098489844074,blue,100,powerlaw100,11,5,1.6463725566864014,0.8706969261169434,1.0071686801146482,-0.6392038765717531,0.6392038765717531,
3931,39627823484241904,1.377098489844074,blue,200,powerlaw200,21,5,1.6463725566864014,0.8706969261169434,1.5547206230791535,-0.09165193360724788,0.09165193360724788,
3931,39627823484241904,1.377098489844074,blue,300,powerlaw300,31,5,1.6463725566864014,0.8706969261169434,1.686054692649766,0.03968213596336456,0.03968213596336456,
3931,39627823484241904,1.377098489844074,blue,500,powerlaw500,51,5,1.6463725566864014,0.8706969261169434,1.831004984006951,0.18463242732054974,0.18463242732054974,
3931,39627823484241904,1.377098489844074,red,100,powerlaw100,11,5,1.165923833847046,0.12913153171539307,0.9697540875496932,-0.19616974629735273,0.19616974629735273,
3931,39627823484241904,1.377098489844074,red,200,powerlaw200,21,5,1.165923833847046,0.12913153171539307,1.138609534806703,-0.027314299040342993,0.027314299040342993,
3931,39627823484241904,1.377098489844074,red,300,powerlaw300,31,5,1.165923833847046,0.12913153171539307,1.1365562801780125,-0.02936755366903343,0.02936755366903343,
3931,39627823484241904,1.377098489844074,red,500,powerlaw500,51,5,1.165923833847046,0.12913153171539307,1.13746473052917,-0.028459103317875822,0.028459103317875822,
10973,39627865737659347,1.4613922742226495,blue,100,powerlaw100,11,5,3.1785848140716553,2.3144140243530273,0.7782954265188913,-2.400289387552764,2.400289387552764,
10973,39627865737659347,1.4613922742226495,blue,200,powerlaw200,21,5,3.1785848140716553,2.3144140243530273,2.807627648104617,-0.3709571659670381,0.3709571659670381,
10973,39627865737659347,1.4613922742226495,blue,300,powerlaw300,31,5,3.1785848140716553,2.3144140243530273,3.3389568528999574,0.1603720388283021,0.1603720388283021,
10973,39627865737659347,1.4613922742226495,blue,500,powerlaw500,51,5,3.1785848140716553,2.3144140243530273,3.5245772814010827,0.34599246732942746,0.34599246732942746,
10973,39627865737659347,1.4613922742226495,red,100,powerlaw100,11,5,0.8536485433578491,0.2275399684906006,1.1751822463214607,0.3215337029636116,0.3215337029636116,
10973,39627865737659347,1.4613922742226495,red,200,powerlaw200,21,5,0.8536485433578491,0.2275399684906006,1.081399728853003,0.22775118549515394,0.22775118549515394,
10973,39627865737659347,1.4613922742226495,red,300,powerlaw300,31,5,0.8536485433578491,0.2275399684906006,1.1960033398261403,0.34235479646829114,0.34235479646829114,
10973,39627865737659347,1.4613922742226495,red,500,powerlaw500,51,5,0.8536485433578491,0.2275399684906006,0.9819826892213077,0.1283341458634586,0.1283341458634586,
6000,39627823463272205,1.336635982394552,blue,100,powerlaw100,11,5,7.6727776527404785,3.756295013427734,0.779195496203476,-6.893582156537002,6.893582156537002,
6000,39627823463272205,1.336635982394552,blue,200,powerlaw200,21,5,7.6727776527404785,3.756295013427734,0.7729757131760554,-6.899801939564423,6.899801939564423,
6000,39627823463272205,1.336635982394552,blue,300,powerlaw300,31,5,7.6727776527404785,3.756295013427734,1.199980421730022,-6.472797231010457,6.472797231010457,
6000,39627823463272205,1.336635982394552,blue,500,powerlaw500,51,5,7.6727776527404785,3.756295013427734,1.9594705112121062,-5.7133071415283725,5.7133071415283725,
6000,39627823463272205,1.336635982394552,red,100,powerlaw100,11,5,1.2071908712387085,0.2813718795776367,0.3701444335486947,-0.8370464376900137,0.8370464376900137,
6000,39627823463272205,1.336635982394552,red,200,powerlaw200,21,5,1.2071908712387085,0.2813718795776367,1.2810885224806214,0.07389765124191294,0.07389765124191294,
6000,39627823463272205,1.336635982394552,red,300,powerlaw300,31,5,1.2071908712387085,0.2813718795776367,1.565481340655995,0.3582904694172866,0.3582904694172866,
6000,39627823463272205,1.336635982394552,red,500,powerlaw500,51,5,1.2071908712387085,0.2813718795776367,1.6455128657029285,0.43832199446422004,0.43832199446422004,
2035,39627853700006381,1.435394832675809,blue,100,powerlaw100,11,5,5.335814952850342,1.506984043121338,2.1969194334061433,-3.1388955194441985,3.1388955194441985,
2035,39627853700006381,1.435394832675809,blue,200,powerlaw200,21,5,5.335814952850342,1.506984043121338,2.991824739285911,-2.343990213564431,2.343990213564431,
2035,39627853700006381,1.435394832675809,blue,300,powerlaw300,31,5,5.335814952850342,1.506984043121338,3.897549270781675,-1.4382656820686668,1.4382656820686668,
2035,39627853700006381,1.435394832675809,blue,500,powerlaw500,51,5,5.335814952850342,1.506984043121338,4.24202070711482,-1.0937942457355216,1.0937942457355216,
2035,39627853700006381,1.435394832675809,red,100,powerlaw100,11,5,0.9091475605964661,0.26083543300628664,1.3919924241487374,0.4828448635522713,0.4828448635522713,
2035,39627853700006381,1.435394832675809,red,200,powerlaw200,21,5,0.9091475605964661,0.26083543300628664,0.8029572687890729,-0.10619029180739314,0.10619029180739314,
2035,39627853700006381,1.435394832675809,red,300,powerlaw300,31,5,0.9091475605964661,0.26083543300628664,0.9407937479553645,0.03164618735889846,0.03164618735889846,
2035,39627853700006381,1.435394832675809,red,500,powerlaw500,51,5,0.9091475605964661,0.26083543300628664,0.8403650622410694,-0.06878249835539663,0.06878249835539663,
11651,39627781721558391,1.291056346660115,blue,100,powerlaw100,11,5,3.2899386882781982,5.615488433837891,0.19937102343590066,-3.0905676648422977,3.0905676648422977,
11651,39627781721558391,1.291056346660115,blue,200,powerlaw200,21,5,3.2899386882781982,5.615488433837891,3.3254166849998503,0.03547799672165208,0.03547799672165208,
11651,39627781721558391,1.291056346660115,blue,300,powerlaw300,31,5,3.2899386882781982,5.615488433837891,2.0160520071419272,-1.273886681136271,1.273886681136271,
11651,39627781721558391,1.291056346660115,blue,500,powerlaw500,51,5,3.2899386882781982,5.615488433837891,4.28160247037943,0.9916637821012317,0.9916637821012317,
11651,39627781721558391,1.291056346660115,red,100,powerlaw100,11,5,0.6553348302841187,0.4522602081298828,0.4909305476234951,-0.16440428266062357,0.16440428266062357,
11651,39627781721558391,1.291056346660115,red,200,powerlaw200,21,5,0.6553348302841187,0.4522602081298828,0.7358305912926809,0.08049576100856226,0.08049576100856226,
11651,39627781721558391,1.291056346660115,red,300,powerlaw300,31,5,0.6553348302841187,0.4522602081298828,0.8860248628409201,0.23069003255680143,0.23069003255680143,
11651,39627781721558391,1.291056346660115,red,500,powerlaw500,51,5,0.6553348302841187,0.4522602081298828,0.952184762271929,0.2968499319878104,0.2968499319878104,
440,39627574959145128,1.6205230444860037,blue,100,powerlaw100,11,4,2.4722445011138916,0.5985884666442871,0.8622246091408372,-1.6100198919730544,1.6100198919730544,
440,39627574959145128,1.6205230444860037,blue,200,powerlaw200,21,4,2.4722445011138916,0.5985884666442871,0.6781822908816684,-1.7940622102322232,1.7940622102322232,
440,39627574959145128,1.6205230444860037,blue,300,powerlaw300,31,4,2.4722445011138916,0.5985884666442871,0.4274009109616828,-2.0448435901522086,2.0448435901522086,
440,39627574959145128,1.6205230444860037,blue,500,powerlaw500,51,4,2.4722445011138916,0.5985884666442871,0.49745012493957425,-1.9747943761743174,1.9747943761743174,
440,39627574959145128,1.6205230444860037,red,100,powerlaw100,11,4,1.0294214487075806,0.07472770661115646,1.095278627121063,0.06585717841348249,0.06585717841348249,
440,39627574959145128,1.6205230444860037,red,200,powerlaw200,21,4,1.0294214487075806,0.07472770661115646,0.9448544385834139,-0.08456701012416667,0.08456701012416667,
440,39627574959145128,1.6205230444860037,red,300,powerlaw300,31,4,1.0294214487075806,0.07472770661115646,1.0283980509520707,-0.0010233977555098583,0.0010233977555098583,
440,39627574959145128,1.6205230444860037,red,500,powerlaw500,51,4,1.0294214487075806,0.07472770661115646,1.0312406815825021,0.0018192328749215836,0.0018192328749215836,
2272,39627847664406158,1.2888713230128286,blue,100,powerlaw100,11,5,1.3995325565338135,1.2017935752868651,2.611137407927172,1.2116048513933584,1.2116048513933584,
2272,39627847664406158,1.2888713230128286,blue,200,powerlaw200,21,5,1.3995325565338135,1.2017935752868651,2.1072369996880953,0.7077044431542818,0.7077044431542818,
2272,39627847664406158,1.2888713230128286,blue,300,powerlaw300,31,5,1.3995325565338135,1.2017935752868651,2.6342047282194487,1.2346721716856353,1.2346721716856353,
2272,39627847664406158,1.2888713230128286,blue,500,powerlaw500,51,5,1.3995325565338135,1.2017935752868651,2.8716373357479723,1.4721047792141588,1.4721047792141588,
2272,39627847664406158,1.2888713230128286,red,100,powerlaw100,11,5,0.8699252009391785,0.16958727836608886,0.5473608435057373,-0.32256435743344114,0.32256435743344114,
2272,39627847664406158,1.2888713230128286,red,200,powerlaw200,21,5,0.8699252009391785,0.16958727836608886,0.9331599870291448,0.06323478608996635,0.06323478608996635,
2272,39627847664406158,1.2888713230128286,red,300,powerlaw300,31,5,0.8699252009391785,0.16958727836608886,0.8488970054281785,-0.021028195510999992,0.021028195510999992,
2272,39627847664406158,1.2888713230128286,red,500,powerlaw500,51,5,0.8699252009391785,0.16958727836608886,0.9532374432963048,0.08331224235712631,0.08331224235712631,
5889,39627829503067786,1.4874467676761167,blue,100,powerlaw100,11,5,4.670638084411621,0.6011818885803223,3.5590339997443627,-1.1116040846672584,1.1116040846672584,
5889,39627829503067786,1.4874467676761167,blue,200,powerlaw200,21,5,4.670638084411621,0.6011818885803223,3.794586424511462,-0.8760516599001589,0.8760516599001589,
5889,39627829503067786,1.4874467676761167,blue,300,powerlaw300,31,5,4.670638084411621,0.6011818885803223,3.7438265691903974,-0.9268115152212237,0.9268115152212237,
5889,39627829503067786,1.4874467676761167,blue,500,powerlaw500,51,5,4.670638084411621,0.6011818885803223,3.9200501294902237,-0.7505879549213974,0.7505879549213974,
5889,39627829503067786,1.4874467676761167,red,100,powerlaw100,11,5,0.9192794561386108,0.1471221089363098,1.0903062950473958,0.171026838908785,0.171026838908785,
5889,39627829503067786,1.4874467676761167,red,200,powerlaw200,21,5,0.9192794561386108,0.1471221089363098,0.9552886038412159,0.036009147702605104,0.036009147702605104,
5889,39627829503067786,1.4874467676761167,red,300,powerlaw300,31,5,0.9192794561386108,0.1471221089363098,1.0146273781492936,0.09534792201068276,0.09534792201068276,
5889,39627829503067786,1.4874467676761167,red,500,powerlaw500,51,5,0.9192794561386108,0.1471221089363098,0.9200196176623049,0.0007401615236940495,0.0007401615236940495,
3447,39627811396257255,1.4285636455390625,blue,100,powerlaw100,11,5,6.576718807220459,2.911308479309082,4.01035855016876,-2.5663602570516986,2.5663602570516986,
3447,39627811396257255,1.4285636455390625,blue,200,powerlaw200,21,5,6.576718807220459,2.911308479309082,4.531507830472117,-2.0452109767483417,2.0452109767483417,
3447,39627811396257255,1.4285636455390625,blue,300,powerlaw300,31,5,6.576718807220459,2.911308479309082,5.39680014114863,-1.1799186660718286,1.1799186660718286,
3447,39627811396257255,1.4285636455390625,blue,500,powerlaw500,51,5,6.576718807220459,2.911308479309082,5.779900368785169,-0.7968184384352899,0.7968184384352899,
3447,39627811396257255,1.4285636455390625,red,100,powerlaw100,11,5,1.4986095428466797,0.17710887193679808,0.759761142618128,-0.7388484002285517,0.7388484002285517,
3447,39627811396257255,1.4285636455390625,red,200,powerlaw200,21,5,1.4986095428466797,0.17710887193679808,1.3623513964025276,-0.13625814644415213,0.13625814644415213,
3447,39627811396257255,1.4285636455390625,red,300,powerlaw300,31,5,1.4986095428466797,0.17710887193679808,1.2541192167834505,-0.24449032606322918,0.24449032606322918,
3447,39627811396257255,1.4285636455390625,red,500,powerlaw500,51,5,1.4986095428466797,0.17710887193679808,0.965614417429056,-0.5329951254176237,0.5329951254176237,
8710,39627835559642678,1.3947655932049483,blue,100,powerlaw100,11,5,8.521437644958496,4.315248489379883,3.0505131177512967,-5.470924527207199,5.470924527207199,
8710,39627835559642678,1.3947655932049483,blue,200,powerlaw200,21,5,8.521437644958496,4.315248489379883,4.173700886457334,-4.347736758501162,4.347736758501162,
8710,39627835559642678,1.3947655932049483,blue,300,powerlaw300,31,5,8.521437644958496,4.315248489379883,3.498091195130448,-5.023346449828049,5.023346449828049,
8710,39627835559642678,1.3947655932049483,blue,500,powerlaw500,51,5,8.521437644958496,4.315248489379883,3.057847798200955,-5.463589846757541,5.463589846757541,
8710,39627835559642678,1.3947655932049483,red,100,powerlaw100,11,5,1.3293812274932861,0.54078688621521,0.4548341469245608,-0.8745470805687253,0.8745470805687253,
8710,39627835559642678,1.3947655932049483,red,200,powerlaw200,21,5,1.3293812274932861,0.54078688621521,0.7670207841294188,-0.5623604433638674,0.5623604433638674,
8710,39627835559642678,1.3947655932049483,red,300,powerlaw300,31,5,1.3293812274932861,0.54078688621521,0.8245859260731538,-0.5047953014201323,0.5047953014201323,
8710,39627835559642678,1.3947655932049483,red,500,powerlaw500,51,5,1.3293812274932861,0.54078688621521,1.0071062748268957,-0.3222749526663904,0.3222749526663904,
7767,39627835563839462,1.3370290676353285,blue,100,powerlaw100,11,5,-0.2633076608181,1.2194149017333984,2.611859566249451,2.875167227067551,2.875167227067551,
7767,39627835563839462,1.3370290676353285,blue,200,powerlaw200,21,5,-0.2633076608181,1.2194149017333984,3.382187345566657,3.645495006384757,3.645495006384757,
7767,39627835563839462,1.3370290676353285,blue,300,powerlaw300,31,5,-0.2633076608181,1.2194149017333984,2.862759838871278,3.126067499689378,3.126067499689378,
7767,39627835563839462,1.3370290676353285,blue,500,powerlaw500,51,5,-0.2633076608181,1.2194149017333984,2.215325461309507,2.478633122127607,2.478633122127607,
7767,39627835563839462,1.3370290676353285,red,100,powerlaw100,11,5,0.9286497831344604,0.11646487712860107,0.9358020713644756,0.007152288230015125,0.007152288230015125,
7767,39627835563839462,1.3370290676353285,red,200,powerlaw200,21,5,0.9286497831344604,0.11646487712860107,1.0234742352201407,0.09482445208568024,0.09482445208568024,
7767,39627835563839462,1.3370290676353285,red,300,powerlaw300,31,5,0.9286497831344604,0.11646487712860107,0.9215496519107516,-0.007100131223708894,0.007100131223708894,
7767,39627835563839462,1.3370290676353285,red,500,powerlaw500,51,5,0.9286497831344604,0.11646487712860107,1.1797452562972683,0.2510954731628079,0.2510954731628079,
4600,39627865771216908,1.2108929813438685,blue,100,powerlaw100,11,5,8.849285125732422,2.7722082138061523,9.66847955395399,0.819194428221568,0.819194428221568,
4600,39627865771216908,1.2108929813438685,blue,200,powerlaw200,21,5,8.849285125732422,2.7722082138061523,5.720694099302527,-3.128591026429895,3.128591026429895,
4600,39627865771216908,1.2108929813438685,blue,300,powerlaw300,31,5,8.849285125732422,2.7722082138061523,4.546729414136676,-4.302555711595746,4.302555711595746,
4600,39627865771216908,1.2108929813438685,blue,500,powerlaw500,51,5,8.849285125732422,2.7722082138061523,3.5019516888952618,-5.34733343683716,5.34733343683716,
4600,39627865771216908,1.2108929813438685,red,100,powerlaw100,11,5,0.5532735586166382,0.30659162998199463,1.2817107715871874,0.7284372129705492,0.7284372129705492,
4600,39627865771216908,1.2108929813438685,red,200,powerlaw200,21,5,0.5532735586166382,0.30659162998199463,1.2712135017696915,0.7179399431530533,0.7179399431530533,
4600,39627865771216908,1.2108929813438685,red,300,powerlaw300,31,5,0.5532735586166382,0.30659162998199463,1.3575235372226944,0.8042499786060562,0.8042499786060562,
4600,39627865771216908,1.2108929813438685,red,500,powerlaw500,51,5,0.5532735586166382,0.30659162998199463,0.9554100627666324,0.40213650414999424,0.40213650414999424,
9391,39627853679034570,1.408887725268244,blue,100,powerlaw100,11,5,2.7588889598846436,1.7235647201538087,5.9702076417761525,3.211318681891509,3.211318681891509,
9391,39627853679034570,1.408887725268244,blue,200,powerlaw200,21,5,2.7588889598846436,1.7235647201538087,6.48690658034361,3.7280176204589663,3.7280176204589663,
9391,39627853679034570,1.408887725268244,blue,300,powerlaw300,31,5,2.7588889598846436,1.7235647201538087,4.160430143156326,1.4015411832716822,1.4015411832716822,
9391,39627853679034570,1.408887725268244,blue,500,powerlaw500,51,5,2.7588889598846436,1.7235647201538087,4.688556826305718,1.9296678664210747,1.9296678664210747,
9391,39627853679034570,1.408887725268244,red,100,powerlaw100,11,5,0.9042443037033081,0.21190414428710938,0.8426168585013885,-0.06162744520191965,0.06162744520191965,
9391,39627853679034570,1.408887725268244,red,200,powerlaw200,21,5,0.9042443037033081,0.21190414428710938,0.740874540995301,-0.16336976270800707,0.16336976270800707,
9391,39627853679034570,1.408887725268244,red,300,powerlaw300,31,5,0.9042443037033081,0.21190414428710938,0.8795477670228827,-0.024696536680425374,0.024696536680425374,
9391,39627853679034570,1.408887725268244,red,500,powerlaw500,51,5,0.9042443037033081,0.21190414428710938,1.1303072923019517,0.2260629885986436,0.2260629885986436,
11356,39627865733469299,1.209426369698703,blue,100,powerlaw100,11,5,10.919114112854004,5.942473220825195,2.300615661309235,-8.618498451544768,8.618498451544768,
11356,39627865733469299,1.209426369698703,blue,200,powerlaw200,21,5,10.919114112854004,5.942473220825195,6.1510040938289645,-4.768110019025039,4.768110019025039,
11356,39627865733469299,1.209426369698703,blue,300,powerlaw300,31,5,10.919114112854004,5.942473220825195,4.472178850481627,-6.446935262372377,6.446935262372377,
11356,39627865733469299,1.209426369698703,blue,500,powerlaw500,51,5,10.919114112854004,5.942473220825195,6.976667720323261,-3.9424463925307425,3.9424463925307425,
11356,39627865733469299,1.209426369698703,red,100,powerlaw100,11,5,0.8823353052139282,0.7425611019134521,4.466982771819977,3.5846474666060484,3.5846474666060484,
11356,39627865733469299,1.209426369698703,red,200,powerlaw200,21,5,0.8823353052139282,0.7425611019134521,1.4622368238254364,0.5799015186115082,0.5799015186115082,
11356,39627865733469299,1.209426369698703,red,300,powerlaw300,31,5,0.8823353052139282,0.7425611019134521,1.0817759176809165,0.1994406124669883,0.1994406124669883,
11356,39627865733469299,1.209426369698703,red,500,powerlaw500,51,5,0.8823353052139282,0.7425611019134521,0.988231132507214,0.10589582729328573,0.10589582729328573,
7517,39627829536620856,1.440226761747837,blue,100,powerlaw100,11,5,3.1260085105895996,1.0752320289611816,1.1428473003559065,-1.983161210233693,1.983161210233693,
7517,39627829536620856,1.440226761747837,blue,200,powerlaw200,21,5,3.1260085105895996,1.0752320289611816,1.5565807622199102,-1.5694277483696895,1.5694277483696895,
7517,39627829536620856,1.440226761747837,blue,300,powerlaw300,31,5,3.1260085105895996,1.0752320289611816,2.207679803695119,-0.9183287068944805,0.9183287068944805,
7517,39627829536620856,1.440226761747837,blue,500,powerlaw500,51,5,3.1260085105895996,1.0752320289611816,2.0711160043031165,-1.0548925062864831,1.0548925062864831,
7517,39627829536620856,1.440226761747837,red,100,powerlaw100,11,5,1.0091606378555298,0.21196177005767822,1.0397120171330043,0.030551379277474533,0.030551379277474533,
7517,39627829536620856,1.440226761747837,red,200,powerlaw200,21,5,1.0091606378555298,0.21196177005767822,0.911589005185119,-0.0975716326704108,0.0975716326704108,
7517,39627829536620856,1.440226761747837,red,300,powerlaw300,31,5,1.0091606378555298,0.21196177005767822,0.9742207076605032,-0.034939930195026614,0.034939930195026614,
7517,39627829536620856,1.440226761747837,red,500,powerlaw500,51,5,1.0091606378555298,0.21196177005767822,0.8876551596018885,-0.12150547825364133,0.12150547825364133,
11636,39627781721559370,1.542133089130447,blue,100,powerlaw100,11,4,4.798456192016602,2.7570254802703857,3.5932101278756843,-1.2052460641409173,1.2052460641409173,
11636,39627781721559370,1.542133089130447,blue,200,powerlaw200,21,4,4.798456192016602,2.7570254802703857,1.5678326888628897,-3.230623503153712,3.230623503153712,
11636,39627781721559370,1.542133089130447,blue,300,powerlaw300,31,4,4.798456192016602,2.7570254802703857,2.046536683589757,-2.7519195084268446,2.7519195084268446,
11636,39627781721559370,1.542133089130447,blue,500,powerlaw500,51,4,4.798456192016602,2.7570254802703857,1.6582547414622006,-3.140201450554401,3.140201450554401,
11636,39627781721559370,1.542133089130447,red,100,powerlaw100,11,4,0.926243245601654,0.2322043776512146,1.6416809266155281,0.7154376810138741,0.7154376810138741,
11636,39627781721559370,1.542133089130447,red,200,powerlaw200,21,4,0.926243245601654,0.2322043776512146,1.303122044943609,0.3768787993419549,0.3768787993419549,
11636,39627781721559370,1.542133089130447,red,300,powerlaw300,31,4,0.926243245601654,0.2322043776512146,1.121652371946102,0.19540912634444796,0.19540912634444796,
11636,39627781721559370,1.542133089130447,red,500,powerlaw500,51,4,0.926243245601654,0.2322043776512146,0.9465129675029078,0.020269721901253757,0.020269721901253757,
