row,targetid,method,z,true_mean,pred_mean,mean_sigma,mean_error,negative_bins,min_prediction
12568,2842520698486786,regularized,0.1177575780538962,0.9464409351348877,0.9665768601752093,0.0019134837947761417,0.021275416449999373,0,0.9665768601752093
12568,2842520698486786,constant,0.1177575780538962,0.9464409351348877,0.9807348847389221,0.0019134837947761417,0.036234643310308456,0,0.9807348251342773
12568,2842520698486786,powerlaw,0.1177575780538962,0.9464409351348877,0.9372504150623057,0.0019134837947761417,0.009710611334950542,0,0.9057480279625381
1358,39627847660213421,regularized,0.1033602847344477,0.661931037902832,0.6865859491791005,0.012437912263385366,0.037246948495392534,0,0.6827570680135792
1358,39627847660213421,constant,0.1033602847344477,0.661931037902832,0.674479603767395,0.012437912263385366,0.018957512453198433,0,0.674479603767395
1358,39627847660213421,powerlaw,0.1033602847344477,0.661931037902832,0.6287887177827668,0.012437912263385366,0.050069143494265875,0,0.5614308981399438
2951,2842544337584136,regularized,0.080547334522049,0.8809033036231995,0.8777226882693103,0.0007355422349929024,0.003610629385549024,0,0.8491596974084114
2951,2842544337584136,constant,0.080547334522049,0.8809033036231995,0.9490563273429871,0.0007355422349929024,0.07736720144748688,0,0.9490564465522766
2951,2842544337584136,powerlaw,0.080547334522049,0.8809033036231995,0.960711123299823,0.0007355422349929024,0.09059770731744332,0,0.9595397279928833
878,39627835576422622,regularized,0.4703612824738493,1.2424358129501343,1.4834943417493338,0.019181684481048192,0.19402091141176284,0,1.4834943417493338
878,39627835576422622,constant,0.4703612824738493,1.2424358129501343,1.295326828956604,0.019181684481048192,0.04257041960954666,0,1.2953267097473145
878,39627835576422622,powerlaw,0.4703612824738493,1.2424358129501343,1.3390469053905514,0.019181684481048192,0.07775942341119124,0,1.301194185400876
8208,39627829524038844,regularized,0.0824515745796315,0.46868348121643066,0.06187453483642738,0.0529798715024227,0.8679822581418126,0,0.06187453483642738
8208,39627829524038844,constant,0.0824515745796315,0.46868348121643066,0.23269551992416382,0.0529798715024227,0.503512442111969,0,0.23269551992416382
8208,39627829524038844,powerlaw,0.0824515745796315,0.46868348121643066,0.1804115977650627,0.0529798715024227,0.6150673002239834,0,0.10907452217010545
4366,2842592668549123,regularized,0.1043065160784715,0.773052453994751,0.8220900489255888,0.008631882257776554,0.06343372261149408,0,0.8220900489255888
4366,2842592668549123,constant,0.1043065160784715,0.773052453994751,0.7792152166366577,0.008631882257776554,0.007971985265612602,0,0.7792152166366577
4366,2842592668549123,powerlaw,0.1043065160784715,0.773052453994751,0.82205450666213,0.008631882257776554,0.06338774608910526,0,0.7957611874638089
12136,39627787757163594,regularized,0.5649289696021722,1.1454110145568848,1.1278957119539015,0.005007594170754775,0.015291718326769607,0,1.090124773285585
12136,39627787757163594,constant,0.5649289696021722,1.1454110145568848,1.1701737642288208,0.005007594170754775,0.021619094535708427,0,1.1701738834381104
12136,39627787757163594,powerlaw,0.5649289696021722,1.1454110145568848,1.184786120967977,0.005007594170754775,0.03437639931053485,0,1.1718704677746266
3080,39627823484242228,regularized,0.2188180820416377,0.9387679100036621,0.9081312686554136,0.03745801001815261,0.032634947383458165,0,0.9081312686554136
3080,39627823484242228,constant,0.2188180820416377,0.9387679100036621,0.950185239315033,0.03745801001815261,0.012162036262452602,0,0.950185239315033
3080,39627823484242228,powerlaw,0.2188180820416377,0.9387679100036621,0.9839514528880967,0.03745801001815261,0.0481306853408084,0,0.9413424997535643
12666,2714983389462531,regularized,0.2566627656151629,0.7609595656394958,0.6439310556025912,0.021855411330251772,0.15379070757663202,0,0.5589489766095386
12666,2714983389462531,constant,0.2566627656151629,0.7609595656394958,0.7676131725311279,0.021855411330251772,0.008743706159293652,0,0.7676132321357727
12666,2714983389462531,powerlaw,0.2566627656151629,0.7609595656394958,0.7948345558543621,0.021855411330251772,0.044516150061663776,0,0.7553682086374697
9295,39627853670649405,regularized,0.0925732084151941,0.8154418468475342,0.8747018848251787,0.005661801109203455,0.07267230423204489,0,0.8747018848251787
9295,39627853670649405,constant,0.0925732084151941,0.8154418468475342,0.8534833788871765,0.005661801109203455,0.046651434153318405,0,0.8534834384918213
9295,39627853670649405,powerlaw,0.0925732084151941,0.8154418468475342,0.836373687485244,0.005661801109203455,0.025669323592640573,0,0.835919561418197
10328,39627847626653997,regularized,0.4326360462468084,1.2154831886291504,1.1344815559582457,0.008063064961350272,0.0666415080263349,0,1.1344815559582457
10328,39627847626653997,constant,0.4326360462468084,1.2154831886291504,1.1200895309448242,0.008063064961350272,0.07848208397626877,0,1.1200896501541138
10328,39627847626653997,powerlaw,0.4326360462468084,1.2154831886291504,1.1296832244772372,0.008063064961350272,0.0705891821084587,0,1.1229536514907938
678,39627563026353832,regularized,0.1219073740825691,0.4488675594329834,0.547824801094615,0.028626857768669276,0.22045977612335343,0,0.5478248010946151
678,39627563026353832,constant,0.1219073740825691,0.4488675594329834,0.5359847545623779,0.028626857768669276,0.19408218562602997,0,0.5359848141670227
678,39627563026353832,powerlaw,0.1219073740825691,0.4488675594329834,0.3564616696357816,0.028626857768669276,0.20586448687432526,0,0.23160719441027866
9328,39627847647625392,regularized,0.1722682977604928,0.48186203837394714,0.46174998547146473,0.040717007782911964,0.041738197452430424,0,0.4580485971656538
9328,39627847647625392,constant,0.1722682977604928,0.48186203837394714,0.5211884379386902,0.040717007782911964,0.08161339908838272,0,0.5211884379386902
9328,39627847647625392,powerlaw,0.1722682977604928,0.48186203837394714,0.43955769244099546,0.040717007782911964,0.0877934814614335,0,0.3624342791667078
12814,39627787761355673,regularized,0.5304691648155929,1.084792137145996,0.9588801409009758,0.0046963692461654966,0.11607015937291447,0,0.9588801409009757
12814,39627787761355673,constant,0.5304691648155929,1.084792137145996,1.0853451490402222,0.0046963692461654966,0.0005097860703244805,0,1.0853452682495117
12814,39627787761355673,powerlaw,0.5304691648155929,1.084792137145996,1.1058543211600014,0.0046963692461654966,0.019415870831639922,0,1.093086084104701
7925,2706235115700224,regularized,0.0970213466290045,0.5448233485221863,0.5409914187616217,0.008021172757935248,0.00703334350658528,0,0.5409914187616217
7925,2706235115700224,constant,0.0970213466290045,0.5448233485221863,0.5401864647865295,0.008021172757935248,0.008510801941156387,0,0.5401864647865295
7925,2706235115700224,powerlaw,0.0970213466290045,0.5448233485221863,0.4845648399958262,0.008021172757935248,0.11060192021837736,0,0.42091394140689153
7168,39627835576419275,regularized,0.5491591719749709,1.0918549299240112,1.111617134543684,0.007914787563799635,0.018099661482545295,0,1.0924771140032519
7168,39627835576419275,constant,0.5491591719749709,1.0918549299240112,1.1242326498031616,0.007914787563799635,0.029653865844011307,0,1.1242327690124512
7168,39627835576419275,powerlaw,0.5491591719749709,1.0918549299240112,1.1419134582570267,0.007914787563799635,0.045847233877946925,0,1.1323511884288535
8705,39627841595248210,regularized,0.5704743304215251,1.2315011024475098,1.2968010580687939,0.010529556072571179,0.053024683040482606,0,1.2881502325022332
8705,39627841595248210,constant,0.5704743304215251,1.2315011024475098,1.25013267993927,0.010529556072571179,0.01512916013598442,0,1.25013267993927
8705,39627841595248210,powerlaw,0.5704743304215251,1.2315011024475098,1.358944701260461,0.010529556072571179,0.10348638629690811,0,1.2683638956213068
9625,39627841586858768,regularized,0.5395173067916679,1.1966112852096558,1.2320260711717854,0.004884696981112114,0.02959589835050294,0,1.2320260711717854
9625,39627841586858768,constant,0.5395173067916679,1.1966112852096558,1.2286947965621948,0.004884696981112114,0.026811974123120308,0,1.2286947965621948
9625,39627841586858768,powerlaw,0.5395173067916679,1.1966112852096558,1.2808939630794949,0.004884696981112114,0.0704344668244309,0,1.2345960225833157
8855,39627853679034844,regularized,0.3454459681988999,1.072413444519043,1.1000229580431593,0.0033363920811844546,0.025745213905350353,0,1.1000229580431593
8855,39627853679034844,constant,0.3454459681988999,1.072413444519043,1.0980337858200073,0.0033363920811844546,0.023890357464551926,0,1.0980336666107178
8855,39627853679034844,powerlaw,0.3454459681988999,1.072413444519043,1.1319493036631672,0.0033363920811844546,0.05551577094487554,0,1.1092025134152514
10353,39627859714640034,regularized,0.5929561410373911,1.0701375007629395,1.0307592914059198,0.01055570769010174,0.03679733616375979,0,1.0168046778722661
10353,39627859714640034,constant,0.5929561410373911,1.0701375007629395,1.0372262001037598,0.01055570769010174,0.030754271894693375,0,1.0372262001037598
10353,39627859714640034,powerlaw,0.5929561410373911,1.0701375007629395,1.069538337827111,0.01055570769010174,0.0005598934112683991,0,1.0655626179970286
3279,39627823480046593,regularized,0.1685430052223682,0.37667837738990784,0.5644276453416992,0.06347897820228166,0.4984338874260576,0,0.5644276453416991
3279,39627823480046593,constant,0.1685430052223682,0.37667837738990784,0.5993481278419495,0.06347897820228166,0.5911402702331543,0,0.5993481278419495
3279,39627823480046593,powerlaw,0.1685430052223682,0.37667837738990784,0.6361837395616216,0.06347897820228166,0.6889308698043323,0,0.6221163833597505
12281,39627799836756978,regularized,0.2679434293962742,0.7259608507156372,0.7403282140681438,0.012366671597810856,0.019790823896830657,0,0.7403282140681438
12281,39627799836756978,constant,0.2679434293962742,0.7259608507156372,0.734334409236908,0.012366671597810856,0.011534448713064194,0,0.7343343496322632
12281,39627799836756978,powerlaw,0.2679434293962742,0.7259608507156372,0.701344665862352,0.012366671597810856,0.0339084192061033,0,0.6673809939441824
904,39627847660212305,regularized,0.2254989649532726,1.1725233793258667,1.304586312673654,0.0973557415336247,0.11263138601442299,0,1.304586312673654
904,39627847660212305,constant,0.2254989649532726,1.1725233793258667,1.0365098714828491,0.0973557415336247,0.11600068211555481,0,1.0365099906921387
904,39627847660212305,powerlaw,0.2254989649532726,1.1725233793258667,0.923239121077735,0.0973557415336247,0.21260493619449686,0,0.816161029128444
9556,39627847635046504,regularized,0.5349146314708536,0.8506027460098267,0.381362384727822,0.0996920714723348,0.5516562972353533,0,0.36512802491381885
9556,39627847635046504,constant,0.5349146314708536,0.8506027460098267,0.5833980441093445,0.0996920714723348,0.31413570046424866,0,0.5833980441093445
9556,39627847635046504,powerlaw,0.5349146314708536,0.8506027460098267,0.43978294083361974,0.0996920714723348,0.48297493407276265,0,0.34458070344819686
1799,39627847664404337,regularized,0.4384367411397142,1.1323819160461426,1.0252923205647428,0.004207184039219819,0.09457020989465892,0,0.9806325780641653
1799,39627847664404337,constant,0.4384367411397142,1.1323819160461426,1.0827242136001587,0.004207184039219819,0.04385243356227875,0,1.0827242136001587
1799,39627847664404337,powerlaw,0.4384367411397142,1.1323819160461426,1.0644990625228667,0.004207184039219819,0.059946960085955424,0,1.0267875788689116
8699,39627835559643352,regularized,0.3506510510347837,1.1769152879714966,1.2795244753478305,0.010412380538577952,0.08718485385060189,0,1.2274938180567052
8699,39627835559643352,constant,0.3506510510347837,1.1769152879714966,1.203934669494629,0.010412380538577952,0.02295779623091221,0,1.203934669494629
8699,39627835559643352,powerlaw,0.3506510510347837,1.1769152879714966,1.2842719288839468,0.010412380538577952,0.09121866459691215,0,1.2317420773573617
742,39627563030547756,regularized,0.3871316049073254,0.7672743201255798,0.712222120140235,0.019778388932618372,0.07175034865800596,0,0.7033947603728375
742,39627563030547756,constant,0.3871316049073254,0.7672743201255798,0.8611095547676086,0.019778388932618372,0.12229685485363007,0,0.8611096739768982
742,39627563030547756,powerlaw,0.3871316049073254,0.7672743201255798,0.7192147637493647,0.019778388932618372,0.06263673254221419,0,0.6357444285147458
1532,39627841624606723,regularized,0.0984359635250567,0.5514635443687439,0.5376005724293542,0.02447647559394841,0.025138510207884216,0,0.528235192279843
1532,39627841624606723,constant,0.0984359635250567,0.5514635443687439,0.6113631725311279,0.02447647559394841,0.10861937701702118,0,0.6113631725311279
1532,39627841624606723,powerlaw,0.0984359635250567,0.5514635443687439,0.5993597121382164,0.02447647559394841,0.0868528269158732,0,0.5847873234684964
3728,39627811396256103,regularized,0.1839289042278806,1.0202760696411133,1.1170719195651668,0.001725029296131553,0.09487221429990211,0,1.1170719195651666
3728,39627811396256103,constant,0.1839289042278806,1.0202760696411133,1.0970276594161987,0.001725029296131553,0.0752262994647026,0,1.0970275402069092
3728,39627811396256103,powerlaw,0.1839289042278806,1.0202760696411133,1.2664955268928118,0.001725029296131553,0.24132630821999704,0,1.1490896876742935
444,39627574959145893,regularized,0.4857836741566461,1.04979407787323,1.174496719746274,0.0043497715274330466,0.11878771704035336,0,1.1744967197462737
444,39627574959145893,constant,0.4857836741566461,1.04979407787323,1.1256308555603027,0.0043497715274330466,0.07223966717720032,0,1.1256308555603027
444,39627574959145893,powerlaw,0.4857836741566461,1.04979407787323,1.102640929638371,0.0043497715274330466,0.050340207550230304,0,1.087836611334101
7735,2851358562582528,regularized,0.0989224379351567,0.9608981609344482,0.9679936157870356,0.00045797006484408755,0.007384190272241953,0,0.9679936157870356
7735,2851358562582528,constant,0.0989224379351567,0.9608981609344482,1.0110039710998535,0.00045797006484408755,0.052144765853881836,0,1.0110039710998535
7735,2851358562582528,powerlaw,0.0989224379351567,0.9608981609344482,1.0054834945201725,0.00045797006484408755,0.046399645038727295,0,1.0027337661883455
9523,39627835559641944,regularized,0.3749159127210077,0.8144257664680481,1.040491795074404,0.08377910267507711,0.2775772058228771,0,1.0404917950744037
9523,39627835559641944,constant,0.3749159127210077,0.8144257664680481,0.9058434367179871,0.08377910267507711,0.1122480109333992,0,0.9058433175086975
9523,39627835559641944,powerlaw,0.3749159127210077,0.8144257664680481,1.3315104734906895,0.08377910267507711,0.6349071067153276,0,1.0710760067658551
9337,39627847643436582,regularized,0.373360910427149,1.0496164560317993,1.084633024552721,0.0033995836014758304,0.033361299091389955,0,1.084633024552721
9337,39627847643436582,constant,0.373360910427149,1.0496164560317993,1.07168447971344,0.0033995836014758304,0.02102484554052353,0,1.07168447971344
9337,39627847643436582,powerlaw,0.373360910427149,1.0496164560317993,1.054432380062198,0.0033995836014758304,0.004588270317908155,0,1.0463985123470587
9324,39627841599444414,regularized,0.4247968741764324,1.0513371229171753,1.069600137726431,0.004520566612052327,0.01737122604268061,0,1.0581890726354202
9324,39627841599444414,constant,0.4247968741764324,1.0513371229171753,1.0172237157821655,0.004520566612052327,0.03244763985276222,0,1.0172237157821655
9324,39627841599444414,powerlaw,0.4247968741764324,1.0513371229171753,0.9877829736783611,0.004520566612052327,0.06045078010987444,0,0.9318443686577618
10126,39627829515653050,regularized,0.164382254607226,0.7082940936088562,0.6519742352019292,0.02465234525538783,0.07951479324071381,0,0.6519742352019291
10126,39627829515653050,constant,0.164382254607226,0.7082940936088562,0.7162845134735107,0.02465234525538783,0.011281217448413372,0,0.716284453868866
10126,39627829515653050,powerlaw,0.164382254607226,0.7082940936088562,0.5991233343310653,0.02465234525538783,0.1541319633509165,0,0.5047345944727278
45,39627568999042403,regularized,0.5415989778303772,1.154400110244751,1.2772825331365671,0.005045838052557758,0.10644699511139441,0,1.2364510911208897
45,39627568999042403,constant,0.5415989778303772,1.154400110244751,1.2208516597747803,0.005045838052557758,0.05756370723247528,0,1.2208516597747803
45,39627568999042403,powerlaw,0.5415989778303772,1.154400110244751,1.2561188588387286,0.005045838052557758,0.0881139456686397,0,1.2190500965910884
4669,39627853691619653,regularized,0.2606238357116855,0.7671064138412476,0.6510246392586367,0.043142344840226866,0.15132421328787626,0,0.6510246392586367
4669,39627853691619653,constant,0.2606238357116855,0.7671064138412476,0.49685731530189514,0.043142344840226866,0.35229673981666565,0,0.49685728549957275
4669,39627853691619653,powerlaw,0.2606238357116855,0.7671064138412476,0.43654628117158917,0.043142344840226866,0.430918222954746,0,0.2687041325711131
9929,39627841599440269,regularized,0.080178856887205,0.6014860272407532,0.5909112331192263,0.022158977165731186,0.01758111351320574,0,0.5739498030608039
9929,39627841599440269,constant,0.080178856887205,0.6014860272407532,0.6790412664413452,0.022158977165731186,0.12893939018249512,0,0.6790412664413452
9929,39627841599440269,powerlaw,0.080178856887205,0.6014860272407532,0.6582425927353708,0.022158977165731186,0.09436057185730766,0,0.6291519862199576
219,39627568990653184,regularized,0.2382051663065238,0.6532016396522522,0.7606470032182008,0.0420156001311199,0.16449034577309044,0,0.7606470032182008
219,39627568990653184,constant,0.2382051663065238,0.6532016396522522,0.7402442097663879,0.0420156001311199,0.13325528800487518,0,0.7402441501617432
219,39627568990653184,powerlaw,0.2382051663065238,0.6532016396522522,0.7583259387190401,0.0420156001311199,0.1609369797705244,0,0.7176537144390474
12117,39627793801151638,regularized,0.5644820207117077,1.0937856435775757,1.206971683245355,0.013729404790016365,0.10348100684295705,0,1.206971683245355
12117,39627793801151638,constant,0.5644820207117077,1.0937856435775757,1.1302238702774048,0.013729404790016365,0.03331386297941208,0,1.1302238702774048
12117,39627793801151638,powerlaw,0.5644820207117077,1.0937856435775757,1.1443209986253946,0.013729404790016365,0.04620224752861711,0,1.1198186242108168
4547,39627853691620621,regularized,0.4344027120022402,0.7155703902244568,0.9847053453046163,0.05262008578616927,0.3761124813950707,0,0.9847053453046164
4547,39627853691620621,constant,0.4344027120022402,0.7155703902244568,0.9863909482955933,0.05262008578616927,0.3784680962562561,0,0.9863908886909485
4547,39627853691620621,powerlaw,0.4344027120022402,0.7155703902244568,0.9263880286237238,0.05262008578616927,0.2946148153686722,0,0.9053759361315848
10557,39627859702056641,regularized,0.3130842200990347,0.5081318616867065,0.43769648366621156,0.045185914493141646,0.13861633826048597,0,0.4101446538584814
10557,39627859702056641,constant,0.3130842200990347,0.5081318616867065,0.6445460915565491,0.045185914493141646,0.26846227049827576,0,0.6445460915565491
10557,39627859702056641,powerlaw,0.3130842200990347,0.5081318616867065,0.6928487394215737,0.045185914493141646,0.3635215416756449,0,0.6830576369054462
12900,39627793796956585,regularized,0.5278381226458997,0.729062020778656,0.7939548765099913,0.012037331911005037,0.08900869045685324,0,0.7765593626658547
12900,39627793796956585,constant,0.5278381226458997,0.729062020778656,0.811469554901123,0.012037331911005037,0.113032266497612,0,0.8114696145057678
12900,39627793796956585,powerlaw,0.5278381226458997,0.729062020778656,0.7691983695219262,0.012037331911005037,0.055052036177119214,0,0.7213757135474461
1418,39627847668598698,regularized,0.5227640022920914,1.2148722410202026,1.1619068103432166,0.007256400746889294,0.04359753140174451,0,1.1619068103432166
1418,39627847668598698,constant,0.5227640022920914,1.2148722410202026,1.2071036100387573,0.007256400746889294,0.006394607480615377,0,1.2071034908294678
1418,39627847668598698,powerlaw,0.5227640022920914,1.2148722410202026,1.2657253677469884,0.007256400746889294,0.04185882680476861,0,1.2236665109376066
1633,39627853704203840,regularized,0.0978793491913449,0.5059953927993774,0.4736727283981897,0.05522332677304099,0.0638793650320911,0,0.47189060430558366
1633,39627853704203840,constant,0.0978793491913449,0.5059953927993774,0.5424593687057495,0.05522332677304099,0.07206384837627411,0,0.5424593091011047
1633,39627853704203840,powerlaw,0.0978793491913449,0.5059953927993774,0.3537886962283077,0.05522332677304099,0.30080648704921764,0,0.23947513924457778
2712,39627811392065491,regularized,0.3867122963314715,0.42318490147590637,0.18794469783673,0.09239996127317888,0.5558804267797572,0,0.18749579806056058
2712,39627811392065491,constant,0.3867122963314715,0.42318490147590637,0.2182646244764328,0.09239996127317888,0.48423343896865845,0,0.218264639377594
2712,39627811392065491,powerlaw,0.3867122963314715,0.42318490147590637,0.35456905907150604,0.09239996127317888,0.16214151819947883,0,0.23837835525614073
6736,39627835551254034,regularized,0.3542532938705665,1.1802469491958618,1.1889933182627574,0.005986551724530253,0.00741062628702815,0,1.164104896002832
6736,39627835551254034,constant,0.3542532938705665,1.1802469491958618,1.5190736055374146,0.005986551724530253,0.28708115220069885,0,1.5190736055374146
6736,39627835551254034,powerlaw,0.3542532938705665,1.1802469491958618,1.2687566134424861,0.005986551724530253,0.0749924956865414,0,1.1976530413110176
2593,39627817444445769,regularized,0.5166409719728895,0.9998661279678345,1.0062132763776692,0.006202219432989774,0.006347998229257881,0,1.006213276377669
2593,39627817444445769,constant,0.5166409719728895,0.9998661279678345,1.0572607517242432,0.006202219432989774,0.05740230903029442,0,1.0572606325149536
2593,39627817444445769,powerlaw,0.5166409719728895,0.9998661279678345,1.0478716202149585,0.006202219432989774,0.04801191970038248,0,1.04733861773319
2379,39627841624605070,regularized,0.566030072910954,1.0819225311279297,1.1569272102420658,0.004947543977927689,0.06932536938290948,0,1.1076147322755674
2379,39627841624605070,constant,0.566030072910954,1.0819225311279297,1.072413682937622,0.004947543977927689,0.008788843639194965,0,1.072413682937622
2379,39627841624605070,powerlaw,0.566030072910954,1.0819225311279297,1.1123415285638105,0.004947543977927689,0.028115689026429937,0,1.0967007511590374
3735,39627817436057640,regularized,0.5522110118481998,1.126498818397522,1.1845916707904602,0.004551608321166794,0.05156938599862632,0,1.1649362933703953
3735,39627817436057640,constant,0.5522110118481998,1.126498818397522,1.1586335897445679,0.004551608321166794,0.02852623537182808,0,1.1586334705352783
3735,39627817436057640,powerlaw,0.5522110118481998,1.126498818397522,1.1914124722548747,0.004551608321166794,0.057624253836053116,0,1.1616210436005012
7438,39627841607831862,regularized,0.4735947294845397,1.2216589450836182,1.1791947162049914,0.0083777367213243,0.034759479353478846,0,1.1791947162049912
7438,39627841607831862,constant,0.4735947294845397,1.2216589450836182,1.1979475021362305,0.0083777367213243,0.019409216940402985,0,1.19794762134552
7438,39627841607831862,powerlaw,0.4735947294845397,1.2216589450836182,1.2177005357181696,0.0083777367213243,0.003240191856637711,0,1.1931734411059902
2371,39627835580615676,regularized,0.2308481996266203,1.2151473760604858,1.110617523129101,0.010544743202335014,0.08602236649703453,0,1.1080707696377665
2371,39627835580615676,constant,0.2308481996266203,1.2151473760604858,1.1277461051940918,0.010544743202335014,0.07192647457122803,0,1.1277461051940918
2371,39627835580615676,powerlaw,0.2308481996266203,1.2151473760604858,1.0975607480414262,0.010544743202335014,0.09676738010189026,0,1.062786541663654
5925,39627835542867491,regularized,0.2528408373566244,0.5715181827545166,0.6641841616050971,0.0414680516462047,0.16214003621715595,0,0.6641841616050971
5925,39627835542867491,constant,0.2528408373566244,0.5715181827545166,0.6484348177909851,0.0414680516462047,0.1345830112695694,0,0.6484348177909851
5925,39627835542867491,powerlaw,0.2528408373566244,0.5715181827545166,0.5829007413463727,0.0414680516462047,0.019916354256650556,0,0.5311650254994469
8618,39627841607829891,regularized,0.373443806524977,1.0322340726852417,1.0142932204632473,0.003317720337341232,0.017380604551565763,0,1.0062130020932814
8618,39627841607829891,constant,0.373443806524977,1.0322340726852417,1.077276587486267,0.003317720337341232,0.04363594949245453,0,1.0772767066955566
8618,39627841607829891,powerlaw,0.373443806524977,1.0322340726852417,1.0546047790266757,0.003317720337341232,0.021672125473671987,0,1.0495638600273531
12532,39627787748775170,regularized,0.4383647253374154,0.9050377607345581,0.8029120448683936,0.013991313571523356,0.11284138662156586,0,0.7580090925696208
12532,39627787748775170,constant,0.4383647253374154,0.9050377607345581,0.8896881341934204,0.013991313571523356,0.016960205510258675,0,0.8896881341934204
12532,39627787748775170,powerlaw,0.4383647253374154,0.9050377607345581,0.8206438156995811,0.013991313571523356,0.0932490871612695,0,0.7515220465584221
10417,39627871773263399,regularized,0.5445831025560836,1.1644428968429565,1.3106149819745982,0.005252361174066128,0.1255296292569985,0,1.2640563739152175
10417,39627871773263399,constant,0.5445831025560836,1.1644428968429565,1.2181668281555176,0.005252361174066128,0.04613702371716499,0,1.2181668281555176
10417,39627871773263399,powerlaw,0.5445831025560836,1.1644428968429565,1.2325076999583957,0.005252361174066128,0.05845267578167792,0,1.1997675913888508
7422,39627829532430030,regularized,0.3628011376534466,1.0399430990219116,1.0705607971540887,0.0018198776513723477,0.029441705186537284,0,1.0705607971540887
7422,39627829532430030,constant,0.3628011376534466,1.0399430990219116,1.0801191329956055,0.0018198776513723477,0.038632914423942566,0,1.080119013786316
7422,39627829532430030,powerlaw,0.3628011376534466,1.0399430990219116,1.1052096842809531,0.0018198776513723477,0.0627597657222074,0,1.08346895784906
11297,39627847626654304,regularized,0.4832734178513351,1.0888755321502686,1.1684720577819834,0.0040047180845116164,0.07309974674013543,0,1.1574588542043056
11297,39627847626654304,constant,0.4832734178513351,1.0888755321502686,1.1312897205352783,0.0040047180845116164,0.038952283561229706,0,1.1312898397445679
11297,39627847626654304,powerlaw,0.4832734178513351,1.0888755321502686,1.138908421297489,0.0040047180845116164,0.04594913529594828,0,1.1374338610561443
2018,39627847664405545,regularized,0.3742955028782986,1.0797487497329712,1.1258098771341978,0.0044438343163316595,0.04265911621811815,0,1.1258098771341978
2018,39627847664405545,constant,0.3742955028782986,1.0797487497329712,1.1186963319778442,0.0044438343163316595,0.036070968955755234,0,1.1186963319778442
2018,39627847664405545,powerlaw,0.3742955028782986,1.0797487497329712,1.1158003739554503,0.0044438343163316595,0.03338890110444202,0,1.1054815675327951
10664,39627853666452428,regularized,0.3751836183487461,1.0767334699630737,1.1237713302213157,0.003050194083381761,0.04368570455960204,0,1.1237713302213157
10664,39627853666452428,constant,0.3751836183487461,1.0767334699630737,1.1053192615509033,0.003050194083381761,0.02654862403869629,0,1.1053193807601929
10664,39627853666452428,powerlaw,0.3751836183487461,1.0767334699630737,1.0961330093308432,0.003050194083381761,0.018017030127645984,0,1.089151952430721
9113,39627841603638456,regularized,0.2141939587023579,0.6641459465026855,0.721725350513682,0.00465614440126196,0.08669691400542735,0,0.7155189884683051
9113,39627841603638456,constant,0.2141939587023579,0.6641459465026855,0.7119969725608826,0.00465614440126196,0.07204896211624146,0,0.7119969725608826
9113,39627841603638456,powerlaw,0.2141939587023579,0.6641459465026855,0.6600927479474179,0.00465614440126196,0.00610287328652883,0,0.6120370198830584
180,39627563022159560,regularized,0.4117028596704603,1.0870494842529297,1.0936233031858003,0.0033223088411772394,0.006047396211579455,0,1.093282070073897
180,39627563022159560,constant,0.4117028596704603,1.0870494842529297,1.0834999084472656,0.0033223088411772394,0.0032653305679559708,0,1.0834999084472656
180,39627563022159560,powerlaw,0.4117028596704603,1.0870494842529297,1.0451607333394695,0.0033223088411772394,0.03853435516990112,0,1.0159283495830536
12734,39627799836759358,regularized,0.2312758655754293,0.7664710283279419,0.9687718815780035,0.07468989046945335,0.2639380299753552,0,0.9687718815780034
12734,39627799836759358,constant,0.2312758655754293,0.7664710283279419,0.9229763150215149,0.07468989046945335,0.20418943464756012,0,0.9229762554168701
12734,39627799836759358,powerlaw,0.2312758655754293,0.7664710283279419,0.7394771632166188,0.07468989046945335,0.03521837631646722,0,0.6893837335430322
13009,39627781717361218,regularized,0.085898056787466,0.6477234363555908,0.6008245909630563,0.050778778125693876,0.07240566383765638,0,0.6008245909630563
13009,39627781717361218,constant,0.085898056787466,0.6477234363555908,0.600505530834198,0.050778778125693876,0.0728982537984848,0,0.600505530834198
13009,39627781717361218,powerlaw,0.085898056787466,0.6477234363555908,0.4886421370463264,0.050778778125693876,0.24560065358192637,0,0.42705825546545495
10970,39627871773262543,regularized,0.316482838794959,1.1576143503189087,1.2158940678860448,0.004137968275134739,0.05034467441689952,0,1.1810028950756177
10970,39627871773262543,constant,0.316482838794959,1.1576143503189087,1.1745952367782593,0.004137968275134739,0.014668863266706467,0,1.1745952367782593
10970,39627871773262543,powerlaw,0.316482838794959,1.1576143503189087,1.2111534757103357,0.004137968275134739,0.046249534982593855,0,1.1822370958925759
8485,39627829536625583,regularized,0.5804355193122183,1.210953712463379,1.185691964679513,0.006682348270760035,0.020861035003953442,0,1.1856919646795132
8485,39627829536625583,constant,0.5804355193122183,1.210953712463379,1.1867793798446655,0.006682348270760035,0.01996305212378502,0,1.1867793798446655
8485,39627829536625583,powerlaw,0.5804355193122183,1.210953712463379,1.257453108279676,0.006682348270760035,0.03839898696185991,0,1.2152074760606988
5007,39627859731418632,regularized,0.4159093029902333,0.6284937262535095,0.5528765871509673,0.06849310351816272,0.12031486702866662,0,0.5092794183718343
5007,39627859731418632,constant,0.4159093029902333,0.6284937262535095,0.5605297684669495,0.06849310351816272,0.10813784599304199,0,0.5605297684669495
5007,39627859731418632,powerlaw,0.4159093029902333,0.6284937262535095,0.6137827726615979,0.06849310351816272,0.023406683276863516,0,0.5611784143434421
3969,39627817448639399,regularized,0.3404349677865295,0.6141157746315002,0.7494074208281639,0.055593154591901825,0.22030316071565714,0,0.7494074208281639
3969,39627817448639399,constant,0.3404349677865295,0.6141157746315002,0.5267766118049622,0.055593154591901825,0.14221937954425812,0,0.5267766714096069
3969,39627817448639399,powerlaw,0.3404349677865295,0.6141157746315002,0.6183320963912203,0.055593154591901825,0.00686567897111923,0,0.5742770862310866
3455,39627817440251461,regularized,0.3602491465848267,1.106217622756958,1.1152089181909823,0.0021485902778770574,0.008127962571791141,0,1.1152089181909823
3455,39627817440251461,constant,0.3602491465848267,1.106217622756958,1.1243430376052856,0.0021485902778770574,0.01638503558933735,0,1.1243430376052856
3455,39627817440251461,powerlaw,0.3602491465848267,1.106217622756958,1.1586334717958857,0.0021485902778770574,0.047382945236665926,0,1.1284088980851688
1239,2842586645528583,regularized,0.0934224038081155,0.9981847405433655,1.0385563337467174,0.0008616862273926893,0.04044501139275632,0,1.0385563337467174
1239,2842586645528583,constant,0.0934224038081155,0.9981847405433655,1.050644874572754,0.0008616862273926893,0.05255553498864174,0,1.0506446361541748
1239,2842586645528583,powerlaw,0.0934224038081155,0.9981847405433655,1.048803873010706,0.0008616862273926893,0.050711186428061314,0,1.0449381961671498
5185,39627859723027395,regularized,0.3212054420532811,0.7388333678245544,0.8823048462683205,0.056469246129670886,0.1941865171387809,0,0.8823048462683202
5185,39627859723027395,constant,0.3212054420532811,0.7388333678245544,0.9628605842590332,0.056469246129670886,0.30321750044822693,0,0.9628604650497437
5185,39627859723027395,powerlaw,0.3212054420532811,0.7388333678245544,0.8791681163455447,0.056469246129670886,0.18994099973339937,0,0.8783821208269786
8036,39627835572226994,regularized,0.2184681163079733,0.6689484715461731,0.529057043578836,0.033666692782588124,0.20912138067077013,0,0.5290570435788359
8036,39627835572226994,constant,0.2184681163079733,0.6689484715461731,0.6266995072364807,0.033666692782588124,0.06315727531909943,0,0.6266995072364807
8036,39627835572226994,powerlaw,0.2184681163079733,0.6689484715461731,0.6752586441653071,0.033666692782588124,0.009432972624257614,0,0.6490295057939938
4591,39627871798430887,regularized,0.4998679363099316,1.1208837032318115,0.9692974389677843,0.01145316479868183,0.135238173083401,0,0.7967434310639404
4591,39627871798430887,constant,0.4998679363099316,1.1208837032318115,1.1191662549972534,0.01145316479868183,0.001532226917333901,0,1.1191661357879639
4591,39627871798430887,powerlaw,0.4998679363099316,1.1208837032318115,1.1161510579960798,0.01145316479868183,0.004222244664710703,0,1.1045733012955
6259,39627829507260692,regularized,0.5276216902627634,1.174358606338501,0.9627662871403685,0.006639293933944535,0.18017692215655498,0,0.9627662871403684
6259,39627829507260692,constant,0.5276216902627634,1.174358606338501,1.162894606590271,0.006639293933944535,0.009761923924088478,0,1.1628944873809814
6259,39627829507260692,powerlaw,0.5276216902627634,1.174358606338501,1.2712830485525268,0.006639293933944535,0.08253393954017486,0,1.2201634986290266
1009,39627847656019051,regularized,0.3652540977365489,1.0359625816345215,1.0915474817168127,0.00948002637659552,0.053655316386611626,0,1.0915474817168127
1009,39627847656019051,constant,0.3652540977365489,1.0359625816345215,1.0938581228256226,0.00948002637659552,0.05588574707508087,0,1.093858242034912
1009,39627847656019051,powerlaw,0.3652540977365489,1.0359625816345215,1.0897705883016244,0.00948002637659552,0.05194010635230254,0,1.0746023527012076
10313,39627859710444987,regularized,0.5338861283697631,1.114187240600586,1.1695288405027995,0.008549965475388437,0.04966992789504795,0,1.1638701213873435
10313,39627859710444987,constant,0.5338861283697631,1.114187240600586,1.1578552722930908,0.008549965475388437,0.039192721247673035,0,1.1578553915023804
10313,39627859710444987,powerlaw,0.5338861283697631,1.114187240600586,1.180242671933966,0.008549965475388437,0.05928575460779277,0,1.1631017691639136
12873,39627781725752483,regularized,0.0633654813923628,0.5341231226921082,0.393090197434672,0.029278819406510326,0.2640457214183062,0,0.39309019743467194
12873,39627781725752483,constant,0.0633654813923628,0.5341231226921082,0.461791455745697,0.029278819406510326,0.13542133569717407,0,0.46179142594337463
12873,39627781725752483,powerlaw,0.0633654813923628,0.5341231226921082,0.5129522101265515,0.029278819406510326,0.039636764757253425,0,0.4468207517623067
4635,39627853683233038,regularized,0.2490853184077623,1.1714025735855103,1.1122868605320255,0.0058745688396264146,0.05046575309506044,0,1.1122868605320255
4635,39627853683233038,constant,0.2490853184077623,1.1714025735855103,1.131650447845459,0.0058745688396264146,0.03393549472093582,0,1.131650447845459
4635,39627853683233038,powerlaw,0.2490853184077623,1.1714025735855103,1.1066304012815633,0.0058745688396264146,0.055294544987798504,0,1.0676999520582875
3120,39627823484241361,regularized,0.4813437293473242,1.0493755340576172,1.2049735285380256,0.004161494259691077,0.14827675072503183,0,1.1774950603891081
3120,39627823484241361,constant,0.4813437293473242,1.0493755340576172,1.1139475107192993,0.004161494259691077,0.061533715575933456,0,1.1139475107192993
3120,39627823484241361,powerlaw,0.4813437293473242,1.0493755340576172,1.1029677042442392,0.004161494259691077,0.0510705352347956,0,1.0964118714550157
11118,39627865741855727,regularized,0.4918624693568709,1.2089709043502808,1.2289506091777413,0.007202105622816513,0.016526208162303112,0,1.2179447221744337
11118,39627865741855727,constant,0.4918624693568709,1.2089709043502808,1.220910906791687,0.007202105622816513,0.009876170195639133,0,1.2209110260009766
11118,39627865741855727,powerlaw,0.4918624693568709,1.2089709043502808,1.2501840457520303,0.007202105622816513,0.0340894402449645,0,1.2193767655843621
12389,39627781717363216,regularized,0.2144831795577273,1.4187228679656982,1.5033555570901318,0.039863409862791896,0.0596541375594996,0,1.5033555570901316
12389,39627781717363216,constant,0.2144831795577273,1.4187228679656982,1.4434089660644531,0.039863409862791896,0.0174002256244421,0,1.4434092044830322
12389,39627781717363216,powerlaw,0.2144831795577273,1.4187228679656982,1.6397115284878316,0.039863409862791896,0.15576591137845566,0,1.483140399738323
6908,39627835551256961,regularized,0.1302854907458678,0.402364045381546,0.12486954631789808,0.05027948086623113,0.6896602771763833,0,0.12486954631789807
6908,39627835551256961,constant,0.1302854907458678,0.402364045381546,0.08853711932897568,0.05027948086623113,0.77995765209198,0,0.08853711932897568
6908,39627835551256961,powerlaw,0.1302854907458678,0.402364045381546,0.07771287305427214,0.05027948086623113,0.8068593008090966,0,0.022521417226796646
5967,39627835551253276,regularized,0.5738358220977482,1.1725560426712036,1.1586271748790387,0.008101313073010066,0.011879063588665287,0,1.1002708387362796
5967,39627835551253276,constant,0.5738358220977482,1.1725560426712036,1.207849383354187,0.008101313073010066,0.03009949065744877,0,1.207849383354187
5967,39627835551253276,powerlaw,0.5738358220977482,1.1725560426712036,1.216427727921333,0.008101313073010066,0.03741542719799139,0,1.2001680349271442
12485,39627787769743680,regularized,0.503358174156618,0.7969398498535156,0.8665446039267387,0.023332793392132692,0.0873400346161847,0,0.8665446039267387
12485,39627787769743680,constant,0.503358174156618,0.7969398498535156,0.8309524655342102,0.023332793392132692,0.04267902672290802,0,0.8309524655342102
12485,39627787769743680,powerlaw,0.503358174156618,0.7969398498535156,0.8265107293961207,0.023332793392132692,0.03710553506395802,0,0.777814310348312
11488,39627787765551076,regularized,0.1809020692196847,3.0358476638793945,2.8467346913459846,0.043631666892886035,0.062293301071553,0,2.8467346913459846
11488,39627787765551076,constant,0.1809020692196847,3.0358476638793945,2.7512567043304443,0.043631666892886035,0.09374348819255829,0,2.7512564659118652
11488,39627787765551076,powerlaw,0.1809020692196847,3.0358476638793945,3.1625718441179935,0.043631666892886035,0.04174260182629288,0,2.985055475153951
12998,39627787752965377,regularized,0.3293654219159999,0.7604814767837524,1.1156757611239332,0.04719076726778161,0.46706500445267574,0,1.1156757611239332
12998,39627787752965377,constant,0.3293654219159999,0.7604814767837524,0.9729682803153992,0.04719076726778161,0.2794108986854553,0,0.972968339920044
12998,39627787752965377,powerlaw,0.3293654219159999,0.7604814767837524,1.0870794391286192,0.04719076726778161,0.429462087263615,0,1.0014768397541862
6662,39627829511455334,regularized,0.5702253327602724,1.1424579620361328,1.1136026734717561,0.005554847214380672,0.025257199409726795,0,1.0935422644882844
6662,39627829511455334,constant,0.5702253327602724,1.1424579620361328,1.137728214263916,0.005554847214380672,0.004139975178986788,0,1.137728214263916
6662,39627829511455334,powerlaw,0.5702253327602724,1.1424579620361328,1.189166936472128,0.005554847214380672,0.0408846329476742,0,1.150344508536067
5329,39627865771213713,regularized,0.1032792773288486,0.5271826982498169,0.6013183316516562,0.018470820006823364,0.14062607450502576,0,0.601073068993471
5329,39627865771213713,constant,0.1032792773288486,0.5271826982498169,0.5823553800582886,0.018470820006823364,0.10465571284294128,0,0.5823553204536438
5329,39627865771213713,powerlaw,0.1032792773288486,0.5271826982498169,0.4890957747767293,0.018470820006823364,0.07224615602813146,0,0.4165736434368636
12935,39627781721555206,regularized,0.5652369313394691,0.9742921590805054,1.0101154957728535,0.004027100190658071,0.03676857743180102,0,1.005842235946026
12935,39627781721555206,constant,0.5652369313394691,0.9742921590805054,1.005063533782959,0.004027100190658071,0.03158331289887428,0,1.005063533782959
12935,39627781721555206,powerlaw,0.5652369313394691,0.9742921590805054,0.9822824633852959,0.004027100190658071,0.008201137852049874,0,0.9578376546978153
8712,39627835555450381,regularized,0.4765079859075425,1.304467797279358,1.3016450782059106,0.014944941958309907,0.0021638855932929056,0,1.2958645860275055
8712,39627835555450381,constant,0.4765079859075425,1.304467797279358,1.2719042301177979,0.014944941958309907,0.024963105097413063,0,1.2719043493270874
8712,39627835555450381,powerlaw,0.4765079859075425,1.304467797279358,1.3367038079907887,0.014944941958309907,0.02471200192037189,0,1.294760454813268
1118,39627847660212677,regularized,0.5908616996302826,0.9941321015357971,0.6766727346239005,0.06905215650479339,0.31933318159776314,0,0.6727558778367512
1118,39627847660212677,constant,0.5908616996302826,0.9941321015357971,0.802868664264679,0.06905215650479339,0.19239237904548645,0,0.8028686046600342
1118,39627847660212677,powerlaw,0.5908616996302826,0.9941321015357971,0.6328897248965811,0.06905215650479339,0.36337462202573106,0,0.5089830182434429
12598,39627775681760426,regularized,0.4820454089000857,0.9732502698898315,0.937657140224226,0.0076284367202403315,0.03657140487578245,0,0.9376571402242259
12598,39627775681760426,constant,0.4820454089000857,0.9732502698898315,0.9427481293678284,0.0076284367202403315,0.03134049102663994,0,0.9427478313446045
12598,39627775681760426,powerlaw,0.4820454089000857,0.9732502698898315,0.9228161770049131,0.0076284367202403315,0.051820271152483076,0,0.895136273578919
6127,39627829503066301,regularized,0.3244569552455842,1.1609362363815308,1.152747839061344,0.005258305009807288,0.007053270510109046,0,1.1422368491579433
6127,39627829503066301,constant,0.3244569552455842,1.1609362363815308,1.1277782917022705,0.005258305009807288,0.028561383485794067,0,1.1277782917022705
6127,39627829503066301,powerlaw,0.3244569552455842,1.1609362363815308,1.1352935097513697,0.005258305009807288,0.022087971609953135,0,1.134352093417882
8057,39627823492634175,regularized,0.2137004976466403,0.4052794575691223,0.5748330708418959,0.052562639637811895,0.41836221921969846,0,0.5529770274895736
8057,39627823492634175,constant,0.2137004976466403,0.4052794575691223,0.32808345556259155,0.052562639637811895,0.19047598540782928,0,0.32808342576026917
8057,39627823492634175,powerlaw,0.2137004976466403,0.4052794575691223,0.21448907396215924,0.052562639637811895,0.4707625319855322,0,0.12047220891499551
2778,39627817436054414,regularized,0.3669407835051528,1.020643711090088,1.0555335590905448,0.003708044456147287,0.034184160075990844,0,1.0555335590905448
2778,39627817436054414,constant,0.3669407835051528,1.020643711090088,1.0717099905014038,0.003708044456147287,0.05003340542316437,0,1.0717098712921143
2778,39627817436054414,powerlaw,0.3669407835051528,1.020643711090088,1.0776937936770257,0.003708044456147287,0.05589617803651191,0,1.0727589873744123
7890,39627841612023957,regularized,0.5151778444711412,1.1399096250534058,1.1407669272895915,0.004523181866496303,0.0007520791274532632,0,1.1239431269744247
7890,39627841612023957,constant,0.5151778444711412,1.1399096250534058,1.135954737663269,0.004523181866496303,0.0034694746136665344,0,1.1359546184539795
7890,39627841612023957,powerlaw,0.5151778444711412,1.1399096250534058,1.179458012429912,0.004523181866496303,0.034694318310237504,0,1.1601497825840579
9878,39627853679038641,regularized,0.151233396803181,0.5121617913246155,0.3007944546481256,0.04393794346157114,0.41269641792259787,0,0.2979822089463995
9878,39627853679038641,constant,0.151233396803181,0.5121617913246155,0.34140345454216003,0.04393794346157114,0.3334070146083832,0,0.34140342473983765
9878,39627853679038641,powerlaw,0.151233396803181,0.5121617913246155,0.26430928053827957,0.04393794346157114,0.4839340126199368,0,0.16269844045030427
4059,2842550381576199,regularized,0.0817164542739606,0.8973100781440735,0.8631486855348612,0.0007322717072318286,0.03807088925142691,0,0.8211273487933696
4059,2842550381576199,constant,0.0817164542739606,0.8973100781440735,0.9432248473167419,0.0007322717072318286,0.051169347018003464,0,0.9432247281074524
4059,2842550381576199,powerlaw,0.0817164542739606,0.8973100781440735,0.9533444764178584,0.0007322717072318286,0.06244708450135996,0,0.953119172603629
12417,2714983393656835,regularized,0.2570943933957832,0.6122975945472717,0.6138378667999392,0.012167053678385028,0.0025155614955606237,0,0.6122546156200571
12417,2714983393656835,constant,0.2570943933957832,0.6122975945472717,0.6072867512702942,0.012167053678385028,0.008183673024177551,0,0.6072867512702942
12417,2714983393656835,powerlaw,0.2570943933957832,0.6122975945472717,0.5310432571701608,0.012167053678385028,0.13270399573787287,0,0.44734904339285425
6442,39627841586856228,regularized,0.0916826340723476,0.47329750657081604,0.4227229009165963,0.01763634575470604,0.10685584638010896,0,0.42272290091659637
6442,39627841586856228,constant,0.0916826340723476,0.47329750657081604,0.4945610463619232,0.01763634575470604,0.044926371425390244,0,0.4945610761642456
6442,39627841586856228,powerlaw,0.0916826340723476,0.47329750657081604,0.35834474361722163,0.01763634575470604,0.24287633329501784,0,0.2684755778467326
2211,39627841628799761,regularized,0.8248471015174788,1.208335518836975,1.1619230322657432,0.01592477091601561,0.03841026424175958,0,1.071646363721335
2211,39627841628799761,constant,0.8248471015174788,1.208335518836975,1.2300050258636475,0.01592477091601561,0.017933351919054985,0,1.230005145072937
2211,39627841628799761,powerlaw,0.8248471015174788,1.208335518836975,1.3000174949233498,0.01592477091601561,0.07587460159626756,0,1.2743548189985618
630,39627574967536339,regularized,0.7674211694102869,1.11088228225708,1.0445961196337497,0.0172745625798821,0.05966983512298966,0,1.0242123264006737
630,39627574967536339,constant,0.7674211694102869,1.11088228225708,1.0778026580810547,0.0172745625798821,0.02977779507637024,0,1.0778025388717651
630,39627574967536339,powerlaw,0.7674211694102869,1.11088228225708,1.0690936530419795,0.0172745625798821,0.03761751346883928,0,1.0214747523021022
11149,39627859714640759,regularized,0.8096609606892408,0.9141682982444763,0.9075286000562799,0.03204088421920964,0.0072631026485462016,0,0.9075286000562798
11149,39627859714640759,constant,0.8096609606892408,0.9141682982444763,0.9191762804985046,0.03204088421920964,0.005478184204548597,0,0.9191761612892151
11149,39627859714640759,powerlaw,0.8096609606892408,0.9141682982444763,0.9380917394372603,0.03204088421920964,0.026169624607115995,0,0.8985861044751502
5356,39627829494682476,regularized,0.8966150039615712,1.0569404363632202,0.8963473534317923,0.0480224750879502,0.1519414693641636,0,0.8963473534317922
5356,39627829494682476,constant,0.8966150039615712,1.0569404363632202,0.981724739074707,0.0480224750879502,0.071163609623909,0,0.9817246794700623
5356,39627829494682476,powerlaw,0.8966150039615712,1.0569404363632202,0.7388778264042282,0.0480224750879502,0.3009276578095542,0,0.614594933013983
9347,39627847635044756,regularized,0.8448166521996067,1.292685627937317,1.2966656484172487,0.021013176825644672,0.0030788773340681393,0,1.2926266004555467
9347,39627847635044756,constant,0.8448166521996067,1.292685627937317,1.2693817615509033,0.021013176825644672,0.01802748069167137,0,1.2693816423416138
9347,39627847635044756,powerlaw,0.8448166521996067,1.292685627937317,1.4038300172834226,0.021013176825644672,0.08597944228981183,0,1.3126274905759328
7083,39627835572228738,regularized,0.83952519118572,1.08735191822052,0.9952586445207011,0.016000593533024753,0.08469500274624242,0,0.8865212847794389
7083,39627835572228738,constant,0.83952519118572,1.08735191822052,1.1161130666732788,0.016000593533024753,0.026450634002685547,0,1.1161131858825684
7083,39627835572228738,powerlaw,0.83952519118572,1.08735191822052,1.1014647063649194,0.016000593533024753,0.012979043774066609,0,1.0810448357324793
10593,39627853666455227,regularized,0.7399069644834471,1.0541876554489136,1.0255613384658377,0.016163009726765206,0.027154858848053617,0,1.0049693102491002
10593,39627853666455227,constant,0.7399069644834471,1.0541876554489136,1.0428876876831055,0.016163009726765206,0.010719123296439648,0,1.042887806892395
10593,39627853666455227,powerlaw,0.7399069644834471,1.0541876554489136,1.0661885499277954,0.016163009726765206,0.011384021067645135,0,1.0595110565831554
12560,39627781717363161,regularized,0.8647574243217413,0.9107621908187866,0.5621688308494867,0.04561854360211519,0.38274904632998674,0,0.54932133580417
12560,39627781717363161,constant,0.8647574243217413,0.9107621908187866,0.7753076553344727,0.04561854360211519,0.14872656762599945,0,0.7753077149391174
12560,39627781717363161,powerlaw,0.8647574243217413,0.9107621908187866,0.7595229314920747,0.04561854360211519,0.16605790276685278,0,0.6172552150687473
7411,39627829528237300,regularized,0.8318100212306265,1.1480759382247925,1.1162591305567615,0.010403855472883713,0.027713156080274245,0,1.1162591305567615
7411,39627829528237300,constant,0.8318100212306265,1.1480759382247925,1.1018774509429932,0.010403855472883713,0.04023992270231247,0,1.1018773317337036
7411,39627829528237300,powerlaw,0.8318100212306265,1.1480759382247925,1.141532929811802,0.010403855472883713,0.005699107694137019,0,1.1041688188930077
1026,39627841616216936,regularized,0.8345851806465071,1.0019503831863403,0.7171116749743683,0.04467633097213395,0.2842842450003818,0,0.6234216716686657
1026,39627841616216936,constant,0.8345851806465071,1.0019503831863403,0.9012452363967896,0.04467633097213395,0.10050911456346512,0,0.9012452960014343
1026,39627841616216936,powerlaw,0.8345851806465071,1.0019503831863403,0.7838972061851633,0.04467633097213395,0.21762871760948663,0,0.6723615795634666
12778,39627787748775452,regularized,0.7800439966938117,0.7868609428405762,0.8977699101684683,0.06474873102487343,0.14095116594237045,0,0.8704572508134231
12778,39627787748775452,constant,0.7800439966938117,0.7868609428405762,1.1592299938201904,0.06474873102487343,0.4732336103916168,0,1.1592298746109009
12778,39627787748775452,powerlaw,0.7800439966938117,0.7868609428405762,1.056793904182501,0.06474873102487343,0.34305040019836797,0,1.0534390882162368
3637,39627811392065807,regularized,0.8759599535502819,1.0844364166259766,1.1382813078688971,0.06132881362088047,0.049652418913087595,0,1.1382813078688971
3637,39627811392065807,constant,0.8759599535502819,1.0844364166259766,1.0583996772766113,0.06132881362088047,0.02400946617126465,0,1.0583995580673218
3637,39627811392065807,powerlaw,0.8759599535502819,1.0844364166259766,1.336917893395549,0.06132881362088047,0.2328227574237334,0,1.2323158549614306
9157,39627847643431472,regularized,0.745655528010334,1.1932791471481323,1.03828470404766,0.010555144355596256,0.1298895094839293,0,1.0123660936169216
9157,39627847643431472,constant,0.745655528010334,1.1932791471481323,1.0966402292251587,0.010555144355596256,0.08098600804805756,0,1.0966401100158691
9157,39627847643431472,powerlaw,0.745655528010334,1.1932791471481323,1.1027871947845043,0.010555144355596256,0.07583468845483352,0,1.0758441003510908
3999,39627817444444591,regularized,0.8613194143092108,1.196865439414978,1.0585132069574408,0.018157258804281,0.11559547790532171,0,0.9425854198699932
3999,39627817444444591,constant,0.8613194143092108,1.196865439414978,1.3413134813308716,0.018157258804281,0.12068862468004227,0,1.3413136005401611
3999,39627817444444591,powerlaw,0.8613194143092108,1.196865439414978,1.4695116384889368,0.018157258804281,0.22780021052928637,0,1.377955608702408
6003,39627823463270065,regularized,0.8028777550144734,1.1635316610336304,1.0996283274113796,0.011246755519198669,0.054921869135457685,0,1.0809711428380067
6003,39627823463270065,constant,0.8028777550144734,1.1635316610336304,1.1267341375350952,0.011246755519198669,0.031625717878341675,0,1.1267342567443848
6003,39627823463270065,powerlaw,0.8028777550144734,1.1635316610336304,1.128428935469163,0.011246755519198669,0.030169119363098074,0,1.1237345904338916
8378,39627835568033766,regularized,0.6626673331084145,1.10517418384552,1.1622112054200295,0.009564013476541035,0.05160907882958845,0,1.1263440267253932
8378,39627835568033766,constant,0.6626673331084145,1.10517418384552,1.0927118062973022,0.009564013476541035,0.01127639226615429,0,1.0927118062973022
8378,39627835568033766,powerlaw,0.6626673331084145,1.10517418384552,1.116735038867918,0.009564013476541035,0.01046066329759108,0,1.1052161251943375
2152,39627847656017113,regularized,0.7438019418586287,1.2271865606307983,0.853906241639218,0.012696190199966678,0.30417569012465945,0,0.5793111912160498
2152,39627847656017113,constant,0.7438019418586287,1.2271865606307983,1.0902858972549438,0.012696190199966678,0.1115565225481987,0,1.0902858972549438
2152,39627847656017113,powerlaw,0.7438019418586287,1.2271865606307983,1.0577686614279198,0.012696190199966678,0.1380539069102862,0,1.0093321375553863
4896,39627871794238253,regularized,0.8304984325102174,0.9847227931022644,1.1666779458857217,0.04737344424448118,0.18477804521029412,0,1.152788642481741
4896,39627871794238253,constant,0.8304984325102174,0.9847227931022644,1.0456428527832031,0.04737344424448118,0.0618651881814003,0,1.0456428527832031
4896,39627871794238253,powerlaw,0.8304984325102174,0.9847227931022644,1.0160381703107937,0.04737344424448118,0.031801210886846155,0,1.0059007690744175
12223,39627799836755780,regularized,0.7311060559973079,0.8443998098373413,1.2038872529361493,0.0411991124217569,0.42573131697892835,0,1.0976928928224592
12223,39627799836755780,constant,0.7311060559973079,0.8443998098373413,0.7030563354492188,0.0411991124217569,0.16738927364349365,0,0.7030561566352844
12223,39627799836755780,powerlaw,0.7311060559973079,0.8443998098373413,0.7624676556291795,0.0411991124217569,0.09703004815212427,0,0.733157305541005
328,39627580940224376,regularized,0.7906077735346734,0.8481013774871826,1.058033402075764,0.025779144056404024,0.24753175759551707,0,1.058033402075764
328,39627580940224376,constant,0.7906077735346734,0.8481013774871826,0.9062272310256958,0.025779144056404024,0.06853644549846649,0,0.9062272906303406
328,39627580940224376,powerlaw,0.7906077735346734,0.8481013774871826,0.8361895767146601,0.025779144056404024,0.014045255778048235,0,0.7653286700563009
3401,39627817440253006,regularized,0.7627793431498614,0.7488709092140198,0.7731787011735817,0.04126021918384582,0.03245925520738178,0,0.7731787011735818
3401,39627817440253006,constant,0.7627793431498614,0.7488709092140198,0.934464156627655,0.04126021918384582,0.24783076345920563,0,0.9344640374183655
3401,39627817440253006,powerlaw,0.7627793431498614,0.7488709092140198,0.8387033339583009,0.04126021918384582,0.11995715635230784,0,0.7916949512985691
8577,39627823484242821,regularized,0.804831515874949,1.1500695943832397,1.2406044586825777,0.00785402178497899,0.0787212049961986,0,1.230953929636293
8577,39627823484242821,constant,0.804831515874949,1.1500695943832397,1.224205493927002,0.00785402178497899,0.0644620954990387,0,1.224205493927002
8577,39627823484242821,powerlaw,0.804831515874949,1.1500695943832397,1.2238925404246377,0.00785402178497899,0.06418998154714957,0,1.2088971004963522
2327,39627835584808616,regularized,0.8052411158113446,1.1435858011245728,1.138088311542084,0.011577216036000915,0.004807238404921404,0,1.13466837331117
2327,39627835584808616,constant,0.8052411158113446,1.1435858011245728,1.1500380039215088,0.011577216036000915,0.0056420802138745785,0,1.1500378847122192
2327,39627835584808616,powerlaw,0.8052411158113446,1.1435858011245728,1.1541439896670485,0.011577216036000915,0.009232528536199951,0,1.1348825753259992
7008,39627835572224074,regularized,0.8422447219150696,1.1239798069000244,0.9608694126146697,0.015157109358608837,0.14511861626341743,0,0.9226611372819427
7008,39627835572224074,constant,0.8422447219150696,1.1239798069000244,1.0942864418029785,0.015157109358608837,0.026418060064315796,0,1.0942864418029785
7008,39627835572224074,powerlaw,0.8422447219150696,1.1239798069000244,1.1424131086036051,0.015157109358608837,0.01640002924467157,0,1.1358313521993557
12169,39627787765551838,regularized,0.7259663181314663,1.1850619316101074,1.037229314736338,0.00733620273503386,0.12474674355028324,0,0.9461419870450454
12169,39627787765551838,constant,0.7259663181314663,1.1850619316101074,1.1097112894058228,0.00733620273503386,0.06358371675014496,0,1.1097114086151123
12169,39627787765551838,powerlaw,0.7259663181314663,1.1850619316101074,1.1067952878456253,0.00733620273503386,0.06604434897182429,0,1.0882130746457082
5438,39627823463272468,regularized,0.7294665531997371,0.7512343525886536,1.019635233065492,0.07803893411936105,0.35727982826126736,0,1.0100195901531768
5438,39627823463272468,constant,0.7294665531997371,0.7512343525886536,0.9362344145774841,0.07803893411936105,0.24626144766807556,0,0.9362345337867737
5438,39627823463272468,powerlaw,0.7294665531997371,0.7512343525886536,1.04682801961371,0.07803893411936105,0.3934773030632586,0,1.042152829306331
1640,39627847651820165,regularized,0.7425735413908777,0.611676812171936,0.15347306221371973,0.070923611133711,0.749094523186568,21,-0.41746484574448883
1640,39627847651820165,constant,0.7425735413908777,0.611676812171936,0.6547216773033142,0.070923611133711,0.07037191092967987,0,0.6547216773033142
1640,39627847651820165,powerlaw,0.7425735413908777,0.611676812171936,0.5021009620189797,0.070923611133711,0.1791401079335924,0,0.34984595960864834
9142,39627847643434315,regularized,0.7286483659648816,1.2090866565704346,0.9133127526145961,0.012243075494843212,0.24462589372609486,0,0.7083024111850438
9142,39627847643434315,constant,0.7286483659648816,1.2090866565704346,1.0761164426803589,0.012243075494843212,0.10997575521469116,0,1.0761164426803589
9142,39627847643434315,powerlaw,0.7286483659648816,1.2090866565704346,1.0332988330192734,0.012243075494843212,0.14538893684409854,0,0.961408881705303
3738,39627811404647093,regularized,0.8334433575411297,1.2574021816253662,0.6601734322875534,0.056613970765071096,0.47497034605571625,0,0.6564517335348703
3738,39627811404647093,constant,0.8334433575411297,1.2574021816253662,0.7579198479652405,0.056613970765071096,0.3972335457801819,0,0.7579198479652405
3738,39627811404647093,powerlaw,0.8334433575411297,1.2574021816253662,0.7287013867511467,0.056613970765071096,0.4204707154164474,0,0.7079908028776264
2068,39627847656018546,regularized,0.6284253006299781,1.2137936353683472,1.1914239849675097,0.0071002558424285165,0.018429533447050103,0,1.1914239849675097
2068,39627847656018546,constant,0.6284253006299781,1.2137936353683472,1.1847890615463257,0.0071002558424285165,0.023895803838968277,0,1.1847890615463257
2068,39627847656018546,powerlaw,0.6284253006299781,1.2137936353683472,1.2721204470698488,0.0071002558424285165,0.048053318127509674,0,1.2162687983159877
3007,39627817431861298,regularized,0.8031116316010412,0.8506761789321899,1.0433664732919956,0.04023050460823714,0.22651427080241024,0,1.0433664732919958
3007,39627817431861298,constant,0.8031116316010412,0.8506761789321899,0.8488866090774536,0.04023050460823714,0.002103702863678336,0,0.8488864898681641
3007,39627817431861298,powerlaw,0.8031116316010412,0.8506761789321899,0.8195143703050639,0.04023050460823714,0.03663181055127446,0,0.746051700566887
3175,39627817440251589,regularized,0.8401292910484087,1.1857960224151611,1.145829891651116,0.02055962844952709,0.03370405196894182,0,1.1458298916511163
3175,39627817440251589,constant,0.8401292910484087,1.1857960224151611,1.1599321365356445,0.02055962844952709,0.021811412647366524,0,1.159932017326355
3175,39627817440251589,powerlaw,0.8401292910484087,1.1857960224151611,1.2266350378239912,0.02055962844952709,0.03444016899774339,0,1.192182308595596
4513,39627847651821339,regularized,0.6086843926819332,1.2557169198989868,1.2315247432589105,0.009855340739727957,0.01926562926461357,0,1.2315247432589103
4513,39627847651821339,constant,0.6086843926819332,1.2557169198989868,1.2438628673553467,0.009855340739727957,0.00944006722420454,0,1.2438627481460571
4513,39627847651821339,powerlaw,0.6086843926819332,1.2557169198989868,1.4003343866867506,0.009855340739727957,0.11516725186708257,0,1.2896799284379157
3112,39627823480046975,regularized,0.8439142774115773,1.0007833242416382,1.178005463493063,0.04692233751167985,0.1770834255114294,0,1.1780054634930632
3112,39627823480046975,constant,0.8439142774115773,1.0007833242416382,1.150622010231018,0.04692233751167985,0.1497213989496231,0,1.1506218910217285
3112,39627823480046975,powerlaw,0.8439142774115773,1.0007833242416382,1.1060300051746694,0.04692233751167985,0.10516430318499145,0,1.0819773754403428
3975,39627811400455025,regularized,0.8356339080212358,0.9701672792434692,0.873841184109383,0.055165075882963904,0.09928813019668187,0,0.8738411841093829
3975,39627811400455025,constant,0.8356339080212358,0.9701672792434692,0.875530481338501,0.055165075882963904,0.09754689037799835,0,0.8755303025245667
3975,39627811400455025,powerlaw,0.8356339080212358,0.9701672792434692,0.9056749318888316,0.055165075882963904,0.06647549214907388,0,0.8663446364659334
5332,39627865771214181,regularized,0.8026204663073624,0.8910999894142151,1.1724840582826124,0.04949011884554992,0.31577159938400573,0,1.1724840582826126
5332,39627865771214181,constant,0.8026204663073624,0.8910999894142151,1.0656455755233765,0.04949011884554992,0.19587653875350952,0,1.0656455755233765
5332,39627865771214181,powerlaw,0.8026204663073624,0.8910999894142151,1.08241021580361,0.04949011884554992,0.21468996595450193,0,1.0663955035313113
3172,39627823480049959,regularized,0.6234474489184517,1.141499638557434,1.1186499624635307,0.0043940259325572105,0.020017243389388734,0,1.1186499624635307
3172,39627823480049959,constant,0.6234474489184517,1.141499638557434,1.127214789390564,0.0043940259325572105,0.01251410786062479,0,1.127214789390564
3172,39627823480049959,powerlaw,0.6234474489184517,1.141499638557434,1.2221884846796272,0.0043940259325572105,0.0706867031724717,0,1.1647337229781918
1622,39627847668599119,regularized,0.8525711761451804,1.3033112287521362,1.8250809599776658,0.05543596821359545,0.40034162195096057,0,1.8250809599776656
1622,39627847668599119,constant,0.8525711761451804,1.3033112287521362,0.7779542803764343,0.05543596821359545,0.40309402346611023,0,0.7779542803764343
1622,39627847668599119,powerlaw,0.8525711761451804,1.3033112287521362,0.8480881364869829,0.05543596821359545,0.34928195370572357,0,0.7818846407685438
6184,39627841591050918,regularized,0.825148814745013,1.1552420854568481,1.2284829786267668,0.01231184962479671,0.06339874048213459,0,1.1911975150328666
6184,39627841591050918,constant,0.825148814745013,1.1552420854568481,1.2391115427017212,0.01231184962479671,0.07259903103113174,0,1.2391116619110107
6184,39627841591050918,powerlaw,0.825148814745013,1.1552420854568481,1.336207632022091,0.01231184962479671,0.1566472939684143,0,1.2896685063772735
11145,39627859714638856,regularized,0.8888761697427543,0.9134212732315063,0.744206586767133,0.024038560326240636,0.18525371745035535,0,0.744206586767133
11145,39627859714638856,constant,0.8888761697427543,0.9134212732315063,0.9264703392982483,0.024038560326240636,0.014285922981798649,0,0.9264703989028931
11145,39627859714638856,powerlaw,0.8888761697427543,0.9134212732315063,0.9192977898560667,0.024038560326240636,0.006433522840748362,0,0.8778414218351909
462,39627568994845343,regularized,0.8877375387512152,0.8283861875534058,1.1769315443345716,0.04277013396617721,0.42075225543122086,0,1.1769315443345714
462,39627568994845343,constant,0.8877375387512152,0.8283861875534058,1.009840965270996,0.04277013396617721,0.21904611587524414,0,1.0098410844802856
462,39627568994845343,powerlaw,0.8877375387512152,0.8283861875534058,1.0366376327455336,0.04277013396617721,0.2513941544669972,0,1.0093109154376487
5262,39627847647625305,regularized,0.7883545628720172,0.9410779476165771,0.9146333631123421,0.05428355452456632,0.02810031259494494,0,0.9146333631123422
5262,39627847647625305,constant,0.7883545628720172,0.9410779476165771,0.8924074172973633,0.05428355452456632,0.0517178513109684,0,0.8924073576927185
5262,39627847647625305,powerlaw,0.7883545628720172,0.9410779476165771,0.9615662604268642,0.05428355452456632,0.021771111375180806,0,0.9509020161716546
7229,39627829519846016,regularized,0.6621282096743774,1.2073246240615845,1.365935394879195,0.011432716174926565,0.1313737562015632,0,1.2275216452212518
7229,39627829519846016,constant,0.6621282096743774,1.2073246240615845,1.1957461833953857,0.011432716174926565,0.009590163826942444,0,1.1957461833953857
7229,39627829519846016,powerlaw,0.6621282096743774,1.2073246240615845,1.1748130509285661,0.011432716174926565,0.026928609327659957,0,1.1600436105478171
10231,39627865746047335,regularized,0.8732018195454475,1.2606306076049805,1.4309351318510315,0.020002817978275748,0.13509470832982987,0,1.3461756895874657
10231,39627865746047335,constant,0.8732018195454475,1.2606306076049805,1.2871025800704956,0.020002817978275748,0.020998992025852203,0,1.287102460861206
10231,39627865746047335,powerlaw,0.8732018195454475,1.2606306076049805,1.520772366223246,0.020002817978275748,0.20635843446043087,0,1.3576467712243399
6063,39627829503067707,regularized,0.6455889504142525,1.1962131261825562,1.127074331875989,0.006463972204824144,0.05779805687905126,0,1.0935792716738042
6063,39627829503067707,constant,0.6455889504142525,1.1962131261825562,1.1765528917312622,0.006463972204824144,0.016435394063591957,0,1.1765528917312622
6063,39627829503067707,powerlaw,0.6455889504142525,1.1962131261825562,1.2510857069473797,0.006463972204824144,0.045871909916201166,0,1.1968774411683365
12698,39627787769741626,regularized,0.7910837797803736,1.2003685235977173,0.8293994862308453,0.01161749448270633,0.3090459555328992,0,0.3400877807695454
12698,39627787769741626,constant,0.7910837797803736,1.2003685235977173,1.2262126207351685,0.01161749448270633,0.021530136466026306,0,1.2262128591537476
12698,39627787769741626,powerlaw,0.7910837797803736,1.2003685235977173,1.225691976881224,0.01161749448270633,0.021096398968883184,0,1.2032723622526325
7400,39627823492630329,regularized,0.6914708106629972,0.7992735505104065,0.899186280511959,0.040389452694395075,0.12500442425218433,0,0.8724672303122051
7400,39627823492630329,constant,0.6914708106629972,0.7992735505104065,0.9210554957389832,0.040389452694395075,0.1523657888174057,0,0.9210556149482727
7400,39627823492630329,powerlaw,0.6914708106629972,0.7992735505104065,1.0088687199336215,0.040389452694395075,0.26223208473415643,0,0.9810925509418783
2575,39627805360655622,regularized,0.7710677540004319,0.7527071237564087,0.38238343751876225,0.08040077286321025,0.49198908121067647,0,0.361413050872681
2575,39627805360655622,constant,0.7710677540004319,0.7527071237564087,0.6700894832611084,0.08040077286321025,0.10976067185401917,0,0.6700894832611084
2575,39627805360655622,powerlaw,0.7710677540004319,0.7527071237564087,0.5735126958383245,0.08040077286321025,0.23806660288241818,0,0.4712707646475942
3332,39627811404647357,regularized,0.7495778190642667,1.282150387763977,1.203825390152237,0.017252569797204596,0.06108877582475785,0,1.1175711437125493
3332,39627811404647357,constant,0.7495778190642667,1.282150387763977,1.282634973526001,0.017252569797204596,0.00037794766831211746,0,1.2826348543167114
3332,39627811404647357,powerlaw,0.7495778190642667,1.282150387763977,1.363183561198666,0.017252569797204596,0.06320098968733912,0,1.3117867874451756
11112,39627859702059232,regularized,0.8146122812999393,1.2330124378204346,1.078304343004968,0.014314858812585807,0.12547164170455596,0,0.9937885426208606
11112,39627859702059232,constant,0.8146122812999393,1.2330124378204346,1.1274961233139038,0.014314858812585807,0.08557603508234024,0,1.1274961233139038
11112,39627859702059232,powerlaw,0.8146122812999393,1.2330124378204346,1.1823034801121146,0.014314858812585807,0.04112607152443403,0,1.1746799191118225
4973,39627853687425181,regularized,0.6541859378394946,1.198885202407837,1.1889224793657973,0.009516405529107942,0.008309989164959666,0,1.187727156319246
4973,39627853687425181,constant,0.6541859378394946,1.198885202407837,1.178123950958252,0.009516405529107942,0.01731713116168976,0,1.178123950958252
4973,39627853687425181,powerlaw,0.6541859378394946,1.198885202407837,1.219828562902126,0.009516405529107942,0.01746902910489382,0,1.1831419527062175
11760,39627787761354950,regularized,0.7254105939346007,0.7568553686141968,0.8248250629173933,0.036031505503350006,0.08980539363504701,0,0.8248250629173932
11760,39627787761354950,constant,0.7254105939346007,0.7568553686141968,0.8565113544464111,0.036031505503350006,0.13167111575603485,0,0.8565113544464111
11760,39627787761354950,powerlaw,0.7254105939346007,0.7568553686141968,0.8060768017329881,0.036031505503350006,0.06503413354775545,0,0.7100137686442854
8931,39627847630849737,regularized,0.859899711342416,0.8964434266090393,0.8988828704222933,0.018982073600512094,0.0027212468080463773,0,0.8985650516918151
8931,39627847630849737,constant,0.859899711342416,0.8964434266090393,0.8971765041351318,0.018982073600512094,0.0008177621639333665,0,0.8971763849258423
8931,39627847630849737,powerlaw,0.859899711342416,0.8964434266090393,0.8359639157352831,0.018982073600512094,0.06746606542984093,0,0.7724703124388633
9860,39627847639240616,regularized,0.8920986731529088,1.2796547412872314,1.082512681249485,0.01954551214989635,0.15405878920077862,0,1.0120386464568554
9860,39627847639240616,constant,0.8920986731529088,1.2796547412872314,1.1079323291778564,0.01954551214989635,0.13419432938098907,0,1.1079323291778564
9860,39627847639240616,powerlaw,0.8920986731529088,1.2796547412872314,1.2836471527155888,0.01954551214989635,0.003119912973042501,0,1.2196217048092066
8929,39627847647626369,regularized,0.6968267596709375,1.2142947912216187,1.3980926182998101,0.008105713561396763,0.1513617849692702,0,1.2781356450721573
8929,39627847647626369,constant,0.6968267596709375,1.2142947912216187,1.1743508577346802,0.008105713561396763,0.03289475664496422,0,1.1743508577346802
8929,39627847647626369,powerlaw,0.6968267596709375,1.2142947912216187,1.1320792863361144,0.008105713561396763,0.0677063802627308,0,1.1227263688690026
11668,39627793805344983,regularized,0.8971058335389756,0.9528422951698303,0.37754423209055804,0.13888351824141268,0.6037704938116059,0,0.37754423209055804
11668,39627793805344983,constant,0.8971058335389756,0.9528422951698303,0.42983248829841614,0.13888351824141268,0.5488944053649902,0,0.42983245849609375
11668,39627793805344983,powerlaw,0.8971058335389756,0.9528422951698303,0.34437221790162487,0.13888351824141268,0.6385842445834696,0,0.17921332249424674
11027,39627865741853114,regularized,0.872878877046006,0.8364120721817017,0.7162552457167475,0.03283903074835822,0.14365745122680557,0,0.5605739509581138
11027,39627865741853114,constant,0.872878877046006,0.8364120721817017,0.9088500738143921,0.03283903074835822,0.08660563826560974,0,0.9088500738143921
11027,39627865741853114,powerlaw,0.872878877046006,0.8364120721817017,0.9132193569823569,0.03283903074835822,0.09182947897955455,0,0.8764748745897797
5192,39627859723027924,regularized,0.7893630448699928,1.1029635667800903,0.6230435796531972,0.0079217958601984,0.43511862184889366,0,0.04803329593320771
5192,39627859723027924,constant,0.7893630448699928,1.1029635667800903,1.1300034523010254,0.0079217958601984,0.02451566606760025,0,1.1300036907196045
5192,39627859723027924,powerlaw,0.7893630448699928,1.1029635667800903,1.0878891594646927,0.0079217958601984,0.013667185181288233,0,1.0737796820526804
9461,39627847639242028,regularized,0.6947035535276052,1.1886452436447144,1.1956609158494953,0.019371993341464437,0.005902242273118391,0,1.163111180737912
9461,39627847639242028,constant,0.6947035535276052,1.1886452436447144,1.1593787670135498,0.019371993341464437,0.024621708318591118,0,1.1593788862228394
9461,39627847639242028,powerlaw,0.6947035535276052,1.1886452436447144,1.1495374954836253,0.019371993341464437,0.03290111020944646,0,1.129728343599148
1600,39627847660209894,regularized,0.771890663367236,0.5150182247161865,1.2284415679559284,0.06155733827920341,1.3852390245663468,0,1.2284415679559282
1600,39627847660209894,constant,0.771890663367236,0.5150182247161865,0.8643671870231628,0.06155733827920341,0.67832350730896,0,0.8643672466278076
1600,39627847660209894,powerlaw,0.771890663367236,0.5150182247161865,0.8680944024495791,0.06155733827920341,0.6855605506542296,0,0.8608818925957807
6286,39627823467463077,regularized,0.7546651658311994,0.6800095438957214,0.7479040953121244,0.050595371375155136,0.09984352723557441,0,0.7479040953121245
6286,39627823467463077,constant,0.7546651658311994,0.6800095438957214,0.7316261529922485,0.050595371375155136,0.0759057104587555,0,0.7316261529922485
6286,39627823467463077,powerlaw,0.7546651658311994,0.6800095438957214,0.790362739692468,0.050595371375155136,0.16228183381742217,0,0.6637497832743361
11857,39627787757160302,regularized,0.7834558005468679,0.7805829644203186,0.563098546228001,0.06292051487253207,0.278617940828144,0,0.5416614229116724
11857,39627787757160302,constant,0.7834558005468679,0.7805829644203186,0.8783202171325684,0.06292051487253207,0.12521058320999146,0,0.8783201575279236
11857,39627787757160302,powerlaw,0.7834558005468679,0.7805829644203186,0.7493346932768228,0.06292051487253207,0.040031966578596305,0,0.6653873055113867
11950,39627775681758559,regularized,0.7871396771056269,0.7795740962028503,0.7109561580002424,0.015431798122602775,0.08801977712809114,0,0.6282420617881477
11950,39627775681758559,constant,0.7871396771056269,0.7795740962028503,0.867613673210144,0.015431798122602775,0.11293292045593262,0,0.8676136136054993
11950,39627775681758559,powerlaw,0.7871396771056269,0.7795740962028503,0.8757264518248943,0.015431798122602775,0.12333959798097814,0,0.8280053208583822
1988,39627841616216957,regularized,0.8377882014232605,1.2109313011169434,1.1519832166508264,0.023165266076813216,0.04867995765882362,0,1.1418889072075007
1988,39627841616216957,constant,0.8377882014232605,1.2109313011169434,1.1327208280563354,0.023165266076813216,0.06458704173564911,0,1.1327208280563354
1988,39627841616216957,powerlaw,0.8377882014232605,1.2109313011169434,1.2163365170497724,0.023165266076813216,0.004463685039641284,0,1.1641598795839274
9926,39627841599441891,regularized,0.8838146338685315,1.0395385026931763,0.9976701296352023,0.033300702635490405,0.04027592335397276,0,0.9976701296352023
9926,39627841599441891,constant,0.8838146338685315,1.0395385026931763,1.007262110710144,0.033300702635490405,0.031048770993947983,0,1.007262110710144
9926,39627841599441891,powerlaw,0.8838146338685315,1.0395385026931763,0.9585997984913166,0.033300702635490405,0.07786022739145144,0,0.9486199725503248
212,39627563022158447,regularized,0.6338660513918852,1.1848945617675781,1.1977013753981953,0.014792461182547022,0.010808399366364302,0,1.1832519187933204
212,39627563022158447,constant,0.6338660513918852,1.1848945617675781,1.1451823711395264,0.014792461182547022,0.03351537883281708,0,1.1451823711395264
212,39627563022158447,powerlaw,0.6338660513918852,1.1848945617675781,1.235985693218365,0.014792461182547022,0.0431187154531043,0,1.171020435767676
7061,39627823492630962,regularized,0.8941719344035107,1.2101045846939087,1.3496190952620335,0.022283045363846118,0.11529128335912757,0,1.328657234554086
7061,39627823492630962,constant,0.8941719344035107,1.2101045846939087,1.2452791929244995,0.022283045363846118,0.02906741201877594,0,1.24527907371521
7061,39627823492630962,powerlaw,0.8941719344035107,1.2101045846939087,1.4967744064566868,0.022283045363846118,0.23689673222359547,0,1.362540416366476
2269,39627853704202327,regularized,0.8947377170374541,1.2026159763336182,1.1294957815354085,0.02050689854314113,0.060800950791564515,0,1.1161668548739174
2269,39627853704202327,constant,0.8947377170374541,1.2026159763336182,1.1552739143371582,0.02050689854314113,0.03936590254306793,0,1.1552739143371582
2269,39627853704202327,powerlaw,0.8947377170374541,1.2026159763336182,1.2759489452154171,0.02050689854314113,0.060977876832608816,0,1.2114322070934063
1082,39627835580616637,regularized,0.8080258502398142,1.1003683805465698,1.1976516431895405,0.009766560204015201,0.08840972201931922,0,1.1739385382855714
1082,39627835580616637,constant,0.8080258502398142,1.1003683805465698,1.138106346130371,0.009766560204015201,0.03429575636982918,0,1.1381062269210815
1082,39627835580616637,powerlaw,0.8080258502398142,1.1003683805465698,1.1627898981282907,0.009766560204015201,0.056727836500277434,0,1.1522570526192164
3992,39627817444444170,regularized,0.8900684490651082,0.8915256857872009,1.0317453239580712,0.054095021234513214,0.15728053650754759,0,1.0317453239580712
3992,39627817444444170,constant,0.8900684490651082,0.8915256857872009,1.0428450107574463,0.054095021234513214,0.1697307527065277,0,1.0428451299667358
3992,39627817444444170,powerlaw,0.8900684490651082,0.8915256857872009,1.0025542096771591,0.054095021234513214,0.12453766129230708,0,0.9892399290124828
11243,39627859714640936,regularized,0.698359101322303,1.2627474069595337,1.0863776877109321,0.01757346574553067,0.13967141668757635,0,1.0676340487624079
11243,39627859714640936,constant,0.698359101322303,1.2627474069595337,1.1304506063461304,0.01757346574553067,0.1047690138220787,0,1.1304504871368408
11243,39627859714640936,powerlaw,0.698359101322303,1.2627474069595337,1.084088271390337,0.01757346574553067,0.14148446045862442,0,1.0662879114262547
6241,39627829503069688,regularized,0.7867933801000071,1.1310826539993286,1.0518811847547611,0.008802690684050615,0.0700227069741753,0,0.9624177386440689
6241,39627829503069688,constant,0.7867933801000071,1.1310826539993286,1.1351163387298584,0.008802690684050615,0.0035662157461047173,0,1.1351165771484375
6241,39627829503069688,powerlaw,0.7867933801000071,1.1310826539993286,1.1300597083296002,0.008802690684050615,0.0009043951528311462,0,1.1161151342569224
753,39627568986456101,regularized,0.6960130614559692,1.2696681022644043,1.4247400242489399,0.013035595458568342,0.12213579415594575,0,1.3450556105149383
753,39627568986456101,constant,0.6960130614559692,1.2696681022644043,1.2352395057678223,0.013035595458568342,0.027116216719150543,0,1.2352395057678223
753,39627568986456101,powerlaw,0.6960130614559692,1.2696681022644043,1.2264843564645351,0.013035595458568342,0.03401183799360842,0,1.206727823654353
11837,39627781713169539,regularized,0.6881764602721389,1.2798386812210083,1.421128897590824,0.009868044310978975,0.11039689489226895,0,1.2546340431902663
11837,39627781713169539,constant,0.6881764602721389,1.2798386812210083,1.2187868356704712,0.009868044310978975,0.047702766954898834,0,1.2187867164611816
11837,39627781713169539,powerlaw,0.6881764602721389,1.2798386812210083,1.1986473992995865,0.009868044310978975,0.06343868419726353,0,1.1801948090099939
4071,39627817444447231,regularized,0.6678047066484517,1.2049931287765503,1.1380311213830037,0.009881406228567233,0.055570447494197976,0,1.063239489371693
4071,39627817444447231,constant,0.6678047066484517,1.2049931287765503,1.217445731163025,0.009881406228567233,0.010334168560802937,0,1.217445731163025
4071,39627817444447231,powerlaw,0.6678047066484517,1.2049931287765503,1.2445100822382615,0.009881406228567233,0.032794339252235793,0,1.1929014603272983
9936,39627853679038090,regularized,0.7620187790546867,0.7830721139907837,1.2711900636679165,0.06412552030265979,0.6233371626395033,0,1.2711900636679168
9936,39627853679038090,constant,0.7620187790546867,0.7830721139907837,1.247201919555664,0.06412552030265979,0.5927037596702576,0,1.2472020387649536
9936,39627853679038090,powerlaw,0.7620187790546867,0.7830721139907837,1.188755890883592,0.06412552030265979,0.5180669438288579,0,1.145946101682034
4138,39627805360652963,regularized,0.817126308019375,0.8290023803710938,0.9528467799731185,0.04155652288151021,0.14938967913045942,0,0.9519812557428917
4138,39627805360652963,constant,0.817126308019375,0.8290023803710938,0.9587988257408142,0.04155652288151021,0.1565694510936737,0,0.9587988257408142
4138,39627805360652963,powerlaw,0.817126308019375,0.8290023803710938,0.9759260180446748,0.04155652288151021,0.17722945211304741,0,0.9703298805858399
9423,39627835559645811,regularized,0.7859424564242655,0.7441733479499817,1.5612540303959208,0.07238980131760232,1.0979709024742683,0,1.20414319533537
9423,39627835559645811,constant,0.7859424564242655,0.7441733479499817,0.9484692215919495,0.07238980131760232,0.27452725172042847,0,0.9484689831733704
9423,39627835559645811,powerlaw,0.7859424564242655,0.7441733479499817,0.7047142058107555,0.07238980131760232,0.053024127036968766,0,0.6307349310022742
7232,39627829519848078,regularized,0.85123086213986,1.2213629484176636,1.1187814113792018,0.022823690926953476,0.08398939657647321,0,1.113347262086291
7232,39627829519848078,constant,0.85123086213986,1.2213629484176636,1.2648543119430542,0.022823690926953476,0.03560887649655342,0,1.2648543119430542
7232,39627829519848078,powerlaw,0.85123086213986,1.2213629484176636,1.3874580892681723,0.022823690926953476,0.13599163218901736,0,1.3314657120957598
7105,39627841612026294,regularized,0.6707087059943155,0.9641842246055603,0.9869332484896023,0.007211785167431484,0.02359406356534035,0,0.9868861850031669
7105,39627841612026294,constant,0.6707087059943155,0.9641842246055603,1.0062161684036255,0.007211785167431484,0.04359326884150505,0,1.0062161684036255
7105,39627841612026294,powerlaw,0.6707087059943155,0.9641842246055603,0.9447838955924639,0.007211785167431484,0.020120977421128124,0,0.9065353215761057
5293,39627853691622204,regularized,0.835026229478153,1.0022248029708862,0.9101316645527328,0.04043006831009383,0.09188870415615598,0,0.9101316645527329
5293,39627853691622204,constant,0.835026229478153,1.0022248029708862,0.9515288472175598,0.04043006831009383,0.05058341845870018,0,0.951528787612915
5293,39627853691622204,powerlaw,0.835026229478153,1.0022248029708862,0.9762861931585596,0.04043006831009383,0.02588102962073684,0,0.9557289944025092
7673,39627835559644006,regularized,0.8915797255718235,0.9897071719169617,1.3704091208672802,0.06729829073631452,0.38466120055787584,0,1.3068447524011257
7673,39627835559644006,constant,0.8915797255718235,0.9897071719169617,0.9993762373924255,0.06729829073631452,0.00976962223649025,0,0.9993762969970703
7673,39627835559644006,powerlaw,0.8915797255718235,0.9897071719169617,0.8426143551334195,0.06729829073631452,0.14862256327660875,0,0.778601945321717
1126,39627847660210973,regularized,0.8792461361259974,1.226061224937439,1.3208721197338076,0.022856026320884,0.07732965766143239,0,1.2612500428362303
1126,39627847660210973,constant,0.8792461361259974,1.226061224937439,1.2438828945159912,0.022856026320884,0.014535709284245968,0,1.2438830137252808
1126,39627847660210973,powerlaw,0.8792461361259974,1.226061224937439,1.428700607678258,0.022856026320884,0.16527672404871863,0,1.3024572747995145
11001,39627871773262094,regularized,0.7183687304856582,0.8076921105384827,0.9249284478723886,0.0391034081966646,0.1451497864152038,0,0.9249284478723886
11001,39627871773262094,constant,0.7183687304856582,0.8076921105384827,0.938029944896698,0.0391034081966646,0.16137069463729858,0,0.9380298852920532
11001,39627871773262094,powerlaw,0.7183687304856582,0.8076921105384827,1.029408882107786,0.0391034081966646,0.2745065460915377,0,0.9735331448230771
4672,39627853691617982,regularized,0.7452134696846464,1.0259684324264526,0.8470490438751765,0.008837693986237766,0.17439073454543355,0,0.7889701856716639
4672,39627853691617982,constant,0.7452134696846464,1.0259684324264526,0.9691523909568787,0.008837693986237766,0.05537796393036842,0,0.9691522121429443
4672,39627853691617982,powerlaw,0.7452134696846464,1.0259684324264526,0.9548444982693198,0.008837693986237766,0.0693237061777058,0,0.9111010536026822
677,39627563026351300,regularized,0.6160440605955141,1.216631531715393,1.187618159923347,0.012535488486803538,0.023847295615574346,0,1.187618159923347
677,39627563026351300,constant,0.6160440605955141,1.216631531715393,1.2024904489517212,0.012535488486803538,0.011623143218457699,0,1.2024905681610107
677,39627563026351300,powerlaw,0.6160440605955141,1.216631531715393,1.2892596912814445,0.012535488486803538,0.059696101632060385,0,1.2340340145266013
6080,39627829498872211,regularized,0.8456611836084037,1.00053071975708,0.9058539397664893,0.0459634183793178,0.09462655980575733,0,0.9058539397664895
6080,39627829498872211,constant,0.8456611836084037,1.00053071975708,0.860538125038147,0.0459634183793178,0.13991834223270416,0,0.860538125038147
6080,39627829498872211,powerlaw,0.8456611836084037,1.00053071975708,0.9057457894848583,0.0459634183793178,0.09473465272034298,0,0.8857041756981466
6938,39627829511455999,regularized,0.8841376563068774,1.1382908821105957,1.2127562150931204,0.013468608732552033,0.06541854472597775,0,1.2127562150931201
6938,39627829511455999,constant,0.8841376563068774,1.1382908821105957,1.1870332956314087,0.013468608732552033,0.04282069951295853,0,1.1870331764221191
6938,39627829511455999,powerlaw,0.8841376563068774,1.1382908821105957,1.3515134555250365,0.013468608732552033,0.1873181774232329,0,1.2582518362226618
1406,39627847664406369,regularized,0.7357988292456588,0.5382816195487976,0.29372945001336687,0.08375029695807386,0.45432011916071197,0,0.29372945001336687
1406,39627847664406369,constant,0.7357988292456588,0.5382816195487976,0.47061988711357117,0.08375029695807386,0.1256995052099228,0,0.4706197679042816
1406,39627847664406369,powerlaw,0.7357988292456588,0.5382816195487976,0.37638813228812634,0.08375029695807386,0.3007598279063937,0,0.25442773357331866
9213,39627853679036927,regularized,0.8905658630082471,1.2266749143600464,1.071801740674245,0.010634766490568166,0.12625445574274122,0,0.7937072316430632
9213,39627853679036927,constant,0.8905658630082471,1.2266749143600464,1.2306857109069824,0.010634766490568166,0.0032696491107344627,0,1.2306857109069824
9213,39627853679036927,powerlaw,0.8905658630082471,1.2266749143600464,1.408184589223142,0.010634766490568166,0.14796884874570762,0,1.3097551266885983
2134,39627847656015611,regularized,0.7434943143122682,0.775322675704956,0.6212838210721102,0.08480312447629963,0.19867709208012937,0,0.6212838210721101
2134,39627847656015611,constant,0.7434943143122682,0.775322675704956,0.7235978245735168,0.08480312447629963,0.06671396642923355,0,0.7235977649688721
2134,39627847656015611,powerlaw,0.7434943143122682,0.775322675704956,0.575886815303372,0.08480312447629963,0.25722949508764015,0,0.4265471970307304
5825,39627835551257556,regularized,0.861767603485247,0.9460744261741638,1.2199757641109406,0.03225321922280136,0.2895135206692015,0,1.2199757641109406
5825,39627835551257556,constant,0.861767603485247,0.9460744261741638,1.0054330825805664,0.03225321922280136,0.06274205446243286,0,1.0054329633712769
5825,39627835551257556,powerlaw,0.861767603485247,0.9460744261741638,1.0136303067960841,0.03225321922280136,0.07140651808453373,0,1.0058002631849
10123,39627841586860468,regularized,0.7753799466759141,1.1683712005615234,1.0474820038438362,0.0187029220286017,0.10346814151152262,0,0.9831744945433712
10123,39627841586860468,constant,0.7753799466759141,1.1683712005615234,1.1603565216064453,0.0187029220286017,0.0068597025237977505,0,1.1603566408157349
10123,39627841586860468,powerlaw,0.7753799466759141,1.1683712005615234,1.1993391056709615,0.0187029220286017,0.02650519380703217,0,1.1803000043896075
561,39627574967536880,regularized,0.8789888303399773,1.2147305011749268,1.405561156879262,0.015273416459776121,0.15709711373819768,0,1.308180284807531
561,39627574967536880,constant,0.8789888303399773,1.2147305011749268,1.273867130279541,0.015273416459776121,0.04868292063474655,0,1.2738672494888306
561,39627574967536880,powerlaw,0.8789888303399773,1.2147305011749268,1.443075216671729,0.015273416459776121,0.18797973318027328,0,1.3224984762233265
3276,39627817436057228,regularized,0.8349605259567787,1.0544416904449463,0.9887154299476737,0.05934322159767192,0.062332759689668435,0,0.9367133697355544
3276,39627817436057228,constant,0.8349605259567787,1.0544416904449463,1.0812665224075317,0.05934322159767192,0.02543984353542328,0,1.0812665224075317
3276,39627817436057228,powerlaw,0.8349605259567787,1.0544416904449463,0.9416690060204981,0.05934322159767192,0.10695013811229442,0,0.9152914879109906
12595,39627787757161547,regularized,0.8315827179051973,0.9369978904724121,1.0452465035730547,0.03569100325881332,0.11552706169494813,0,1.045246503573055
12595,39627787757161547,constant,0.8315827179051973,0.9369978904724121,1.1319304704666138,0.03569100325881332,0.20803950726985931,0,1.1319305896759033
12595,39627787757161547,powerlaw,0.8315827179051973,0.9369978904724121,0.9875656040745888,0.03569100325881332,0.05396779877133093,0,0.9109607216940293
9838,39627853683229207,regularized,0.8831999140778257,0.9457507133483887,0.847128864957595,0.058562676469999395,0.10427890457690207,0,0.847128864957595
9838,39627853683229207,constant,0.8831999140778257,0.9457507133483887,0.9430454969406128,0.058562676469999395,0.002860390581190586,0,0.943045437335968
9838,39627853683229207,powerlaw,0.8831999140778257,0.9457507133483887,1.0232715273302022,0.058562676469999395,0.08196749194864947,0,0.9957503852760503
4260,39627865758635162,regularized,0.8350273916255537,0.9281651973724365,0.8652817974977275,0.0383476023540671,0.06775022383162722,0,0.8652817974977276
4260,39627865758635162,constant,0.8350273916255537,0.9281651973724365,0.8854256272315979,0.0383476023540671,0.04604737460613251,0,0.8854258060455322
4260,39627865758635162,powerlaw,0.8350273916255537,0.9281651973724365,0.927750348646608,0.0383476023540671,0.0004469557003461626,0,0.8996283683505077
3129,39627829519844447,regularized,0.634980676722768,1.1984773874282837,1.1542175744111887,0.010117249080678162,0.036930035961770295,0,1.1398003954359248
3129,39627829519844447,constant,0.634980676722768,1.1984773874282837,1.1912996768951416,0.010117249080678162,0.005989024415612221,0,1.1912996768951416
3129,39627829519844447,powerlaw,0.634980676722768,1.1984773874282837,1.2817223878330086,0.010117249080678162,0.06945896624996295,0,1.2187487728637885
6068,39627829498875912,regularized,0.6722119618854684,0.7487253546714783,0.7542057152000469,0.037851091088356346,0.00731958720828045,0,0.7539277994527512
6068,39627829498875912,constant,0.6722119618854684,0.7487253546714783,0.8148536682128906,0.037851091088356346,0.08832118660211563,0,0.8148536682128906
6068,39627829498875912,powerlaw,0.6722119618854684,0.7487253546714783,0.8237523623792633,0.037851091088356346,0.10020631362311082,0,0.7783984738339325
957,39627841620413569,regularized,1.094279141645775,1.2673945426940918,1.248685178850316,0.019913278265730184,0.014762067543707026,0,1.1681612792304263
957,39627841620413569,constant,1.094279141645775,1.2673945426940918,1.1289399862289429,0.019913278265730184,0.10924345254898071,0,1.128940224647522
957,39627841620413569,powerlaw,1.094279141645775,1.2673945426940918,1.4782215647579235,0.019913278265730184,0.16634679648823342,0,1.2466154218199126
5640,39627829507260999,regularized,0.9705461871847512,0.9316591620445251,0.823458570962141,0.03925170235954749,0.11613752699532093,0,0.8234585709621411
5640,39627829507260999,constant,0.9705461871847512,0.9316591620445251,0.8320399522781372,0.03925170235954749,0.10692666471004486,0,0.8320400714874268
5640,39627829507260999,powerlaw,0.9705461871847512,0.9316591620445251,0.8158555899036134,0.03925170235954749,0.12429821640650313,0,0.7256514940231198
12411,39627787761353584,regularized,1.0475381973771682,0.9894313216209412,0.9482208329717366,0.05671422596458424,0.04165068130417704,0,0.9482208329717365
12411,39627787761353584,constant,1.0475381973771682,0.9894313216209412,0.9470077753067017,0.05671422596458424,0.042876698076725006,0,0.9470077753067017
12411,39627787761353584,powerlaw,1.0475381973771682,0.9894313216209412,0.919298815569721,0.05671422596458424,0.07088163121450933,0,0.848363727220936
1199,39627853704202478,regularized,0.9678198164140428,0.8972148299217224,1.0712955535782875,0.05468664207564671,0.19402345776178578,0,1.0712955535782875
1199,39627853704202478,constant,0.9678198164140428,0.8972148299217224,1.0476319789886475,0.05468664207564671,0.16764897108078003,0,1.047632098197937
1199,39627853704202478,powerlaw,0.9678198164140428,0.8972148299217224,1.1026916144619223,0.05468664207564671,0.22901625974921386,0,1.095486805470905
12309,39627793796958527,regularized,1.0926761626416022,1.0102163553237915,1.0020216538180582,0.05495632759215645,0.008111828186652922,0,0.896287359036045
12309,39627793796958527,constant,1.0926761626416022,1.0102163553237915,1.0998079776763916,0.05495632759215645,0.08868557959794998,0,1.0998082160949707
12309,39627793796958527,powerlaw,1.0926761626416022,1.0102163553237915,1.2413205495499486,0.05495632759215645,0.22876702897181297,0,1.182543386782897
6088,39627835538672282,regularized,0.909069249928659,1.0659205913543701,1.1918135681579913,0.03948431086646364,0.11810727536810246,0,1.1898085802522842
6088,39627835538672282,constant,0.909069249928659,1.0659205913543701,1.1290411949157715,0.03948431086646364,0.05921698361635208,0,1.129041314125061
6088,39627835538672282,powerlaw,0.909069249928659,1.0659205913543701,1.208632914326685,0.03948431086646364,0.13388644907495692,0,1.1577600833906672
3784,39627823471658499,regularized,0.9880097160443844,1.1721816062927246,0.9235209627383427,0.015493100252883992,0.21213491341228638,0,0.6108569201026802
3784,39627823471658499,constant,0.9880097160443844,1.1721816062927246,1.1791316270828247,0.015493100252883992,0.005929132923483849,0,1.1791316270828247
3784,39627823471658499,powerlaw,0.9880097160443844,1.1721816062927246,1.2818888939783772,0.015493100252883992,0.0935923982228534,0,1.1992100572446007
7982,39627823492629391,regularized,0.9390435709666424,0.8876527547836304,0.8464159846421303,0.03601513102829814,0.046455970444829776,0,0.8169548588215202
7982,39627823492629391,constant,0.9390435709666424,0.8876527547836304,0.9208227396011353,0.03601513102829814,0.03736820071935654,0,0.9208227396011353
7982,39627823492629391,powerlaw,0.9390435709666424,0.8876527547836304,0.8431102261125577,0.03601513102829814,0.05018012779324965,0,0.7411095552943964
4248,39627859718835802,regularized,1.1885692154278094,1.0142543315887451,1.5200794569500307,0.0501928847911697,0.49871625844471623,0,1.2379077685379718
4248,39627859718835802,constant,1.1885692154278094,1.0142543315887451,1.130433201789856,0.0501928847911697,0.11454609036445618,0,1.130433201789856
4248,39627859718835802,powerlaw,1.1885692154278094,1.0142543315887451,1.4917197506918223,0.0501928847911697,0.4707551195321663,0,1.177015180216693
4877,39627859727223289,regularized,0.9837325285240672,1.0178064107894897,1.1026215764086884,0.02317962943976791,0.08333133366040545,0,1.1026215764086882
4877,39627859727223289,constant,0.9837325285240672,1.0178064107894897,1.1028133630752563,0.02317962943976791,0.08351976424455643,0,1.1028133630752563
4877,39627859727223289,powerlaw,0.9837325285240672,1.0178064107894897,1.0382884925153626,0.02317962943976791,0.020123749967329595,0,1.022585072836958
8789,39627847635043184,regularized,1.1654665543564526,0.8752069473266602,0.8287115257968147,0.05142988696852391,0.05312505993224433,0,0.828711525796815
8789,39627847635043184,constant,1.1654665543564526,0.8752069473266602,1.0907917022705078,0.05142988696852391,0.2463243156671524,0,1.0907918214797974
8789,39627847635043184,powerlaw,1.1654665543564526,0.8752069473266602,0.893622765924492,0.05142988696852391,0.021041673234065788,0,0.8624979209341292
3951,39627823471662620,regularized,1.0374625748618094,1.253312349319458,1.0257274028069343,0.014861846949655541,0.1815867741478021,0,1.0099373909965765
3951,39627823471662620,constant,1.0374625748618094,1.253312349319458,1.0369842052459717,0.014861846949655541,0.17260512709617615,0,1.0369840860366821
3951,39627823471662620,powerlaw,1.0374625748618094,1.253312349319458,1.149250724140815,0.014861846949655541,0.08302928255286716,0,1.106294496789763
9356,39627847643435606,regularized,1.1351129345443407,0.950809121131897,0.9103283985635594,0.06810876713191401,0.042575025490023725,0,0.9103283985635595
9356,39627847643435606,constant,1.1351129345443407,0.950809121131897,0.9827656149864197,0.06810876713191401,0.033609788864851,0,0.9827656149864197
9356,39627847643435606,powerlaw,1.1351129345443407,0.950809121131897,0.9684227548704581,0.06810876713191401,0.018524889325412557,0,0.9596441903258998
11737,39627793801153417,regularized,1.0754659154712478,0.8697195053100586,0.9892869616272532,0.05449452963383778,0.13747818185883767,0,0.9892869616272529
11737,39627793801153417,constant,1.0754659154712478,0.8697195053100586,1.0146183967590332,0.05449452963383778,0.1666041612625122,0,1.0146183967590332
11737,39627793801153417,powerlaw,1.0754659154712478,0.8697195053100586,1.0252520873848026,0.05449452963383778,0.17883073925000217,0,1.0063420238006395
5977,39627841586859635,regularized,1.157479450683912,1.0301611423492432,1.1641959030809863,0.060803148278514144,0.13011048002265158,0,1.092366401855366
5977,39627841586859635,constant,1.157479450683912,1.0301611423492432,1.1957862377166748,0.060803148278514144,0.16077591478824615,0,1.1957863569259644
5977,39627841586859635,powerlaw,1.157479450683912,1.0301611423492432,1.3369431523642026,0.060803148278514144,0.29780002118440885,0,1.2522891095012234
5245,39627853683230566,regularized,0.9826504735695024,0.9723432660102844,0.6187318849591932,0.046253855159910984,0.3636692857472323,0,0.5629863130188886
5245,39627853683230566,constant,0.9826504735695024,0.9723432660102844,0.9425550699234009,0.046253855159910984,0.030635472387075424,0,0.9425550699234009
5245,39627853683230566,powerlaw,0.9826504735695024,0.9723432660102844,0.8945633849183805,0.046253855159910984,0.07999220420484843,0,0.8119116167468806
10422,39627859714641724,regularized,0.9594604178650042,1.1984206438064575,1.4246496782497293,0.014773014544147024,0.1887726447407621,0,1.2967895680296662
10422,39627859714641724,constant,0.9594604178650042,1.1984206438064575,1.244555950164795,0.014773014544147024,0.03849675506353378,0,1.2445560693740845
10422,39627859714641724,powerlaw,0.9594604178650042,1.1984206438064575,1.4151000029466774,0.014773014544147024,0.18080409433869293,0,1.291218872070607
8088,39627829524039562,regularized,1.1693173649120991,0.974825382232666,0.8699058990667554,0.03788238858765352,0.10762900215586405,0,0.8699058990667552
8088,39627829524039562,constant,1.1693173649120991,0.974825382232666,0.9717311263084412,0.03788238858765352,0.003174164332449436,0,0.9717311263084412
8088,39627829524039562,powerlaw,1.1693173649120991,0.974825382232666,1.0101968130102474,0.03788238858765352,0.036284888988599565,0,1.0082580364620948
9294,39627853674840371,regularized,0.930312918844968,0.9184141159057617,0.6949614269290968,0.04354026868093722,0.24330275973196536,0,0.6949614269290969
9294,39627853674840371,constant,0.930312918844968,0.9184141159057617,0.8321499228477478,0.04354026868093722,0.09392733871936798,0,0.8321499228477478
9294,39627853674840371,powerlaw,0.930312918844968,0.9184141159057617,0.7046236528129957,0.04354026868093722,0.23278220509701208,0,0.6069797663177415
6589,39627823467465146,regularized,1.161397281147977,0.9317929744720459,0.9097187061618057,0.041064230697181646,0.0236900995339093,0,0.9065659456129507
6589,39627823467465146,constant,1.161397281147977,0.9317929744720459,0.9665228128433228,0.041064230697181646,0.03727205470204353,0,0.9665226340293884
6589,39627823467465146,powerlaw,1.161397281147977,0.9317929744720459,1.1614144804907147,0.041064230697181646,0.24642974599456755,0,1.1061879331210411
1759,39627835580612810,regularized,0.936909326264523,0.8189001083374023,1.041589727549163,0.055647840072330174,0.27193746458757134,0,1.041589727549163
1759,39627835580612810,constant,0.936909326264523,0.8189001083374023,1.0718461275100708,0.055647840072330174,0.3088850677013397,0,1.0718460083007812
1759,39627835580612810,powerlaw,0.936909326264523,0.8189001083374023,0.9809421612163479,0.055647840072330174,0.1978776791322406,0,0.9401502559963931
9019,39627835559641902,regularized,0.9744997248222816,0.9280270934104919,1.216155287007766,0.04217858580236742,0.310473902802132,0,1.1936144981299746
9019,39627835559641902,constant,0.9744997248222816,0.9280270934104919,1.0539625883102417,0.04217858580236742,0.13570238649845123,0,1.0539625883102417
9019,39627835559641902,powerlaw,0.9744997248222816,0.9280270934104919,0.9510027263382175,0.04217858580236742,0.024757502330336356,0,0.8711440920685373
703,39627574959149240,regularized,0.9410623403613418,1.3380393981933594,1.6597442493975962,0.018177998979111473,0.2404300289203797,0,1.4231408188511772
703,39627574959149240,constant,0.9410623403613418,1.3380393981933594,1.3267375230789185,0.018177998979111473,0.008446593768894672,0,1.3267375230789185
703,39627574959149240,powerlaw,0.9410623403613418,1.3380393981933594,1.688868919058076,0.018177998979111473,0.26219670462499967,0,1.4243461155592807
10142,39627841591054862,regularized,1.167568675643267,0.9729925990104675,1.0416870173093105,0.04270607883799576,0.07060117247418438,0,1.0416870173093102
10142,39627841591054862,constant,1.167568675643267,0.9729925990104675,1.0520976781845093,0.04270607883799576,0.08130080252885818,0,1.0520975589752197
10142,39627841591054862,powerlaw,1.167568675643267,0.9729925990104675,1.1847618895907555,0.04270607883799576,0.2176473806642076,0,1.097981012251296
1784,39627847660213049,regularized,1.0341802539744973,0.6034857034683228,0.8866231695278904,0.09072762221046843,0.4691701301825946,0,0.8866231695278903
1784,39627847660213049,constant,1.0341802539744973,0.6034857034683228,1.248899221420288,0.09072762221046843,1.0694761276245117,0,1.248899221420288
1784,39627847660213049,powerlaw,1.0341802539744973,0.6034857034683228,1.3186844355296299,0.09072762221046843,1.185112966141456,0,1.2850195262908366
10090,39627841591055295,regularized,1.044383814098352,0.920285701751709,1.611351158521347,0.06034215216591709,0.7509249089214751,0,1.611351158521347
10090,39627841591055295,constant,1.044383814098352,0.920285701751709,1.2673370838165283,0.06034215216591709,0.37711265683174133,0,1.2673370838165283
10090,39627841591055295,powerlaw,1.044383814098352,0.920285701751709,1.4777616840253893,0.06034215216591709,0.6057640374207249,0,1.3741230590720461
4762,39627865758631532,regularized,1.070981004256837,1.239434003829956,1.0866335041971706,0.02009460355230591,0.12328248148801706,0,1.0711957227379476
4762,39627865758631532,constant,1.070981004256837,1.239434003829956,1.1142330169677734,0.02009460355230591,0.101014643907547,0,1.1142332553863525
4762,39627865758631532,powerlaw,1.070981004256837,1.239434003829956,1.368881776963701,0.02009460355230591,0.10444103738782405,0,1.2107702680462196
12908,39627793805345065,regularized,0.996150211831614,1.2464221715927124,1.283915187986267,0.019389394368890797,0.030080511441516567,0,1.2496980913092994
12908,39627793805345065,constant,0.996150211831614,1.2464221715927124,1.2236560583114624,0.019389394368890797,0.018265170976519585,0,1.2236560583114624
12908,39627793805345065,powerlaw,0.996150211831614,1.2464221715927124,1.2945643314660351,0.019389394368890797,0.03862428073772576,0,1.2150955781477426
8663,39627841595248630,regularized,1.027603883921124,0.9338536858558655,0.8910529481752215,0.037699927973509635,0.04583238073469466,0,0.8909968197176769
8663,39627841595248630,constant,1.027603883921124,0.9338536858558655,1.0028554201126099,0.037699927973509635,0.07388923317193985,0,1.0028554201126099
8663,39627841595248630,powerlaw,1.027603883921124,0.9338536858558655,1.084070619795343,0.037699927973509635,0.16085703383159586,0,1.0700708116735291
8896,39627853679038480,regularized,1.174900507000252,0.9783419966697693,0.9672575669370003,0.08689567591697646,0.011329810813089801,0,0.9672575669370003
8896,39627853679038480,constant,1.174900507000252,0.9783419966697693,1.0217788219451904,0.08689567591697646,0.04439840465784073,0,1.0217785835266113
8896,39627853679038480,powerlaw,1.174900507000252,0.9783419966697693,1.000464595394846,0.08689567591697646,0.022612336790591533,0,0.9930524755449203
5877,39627829503067527,regularized,1.1202766202670424,1.0311541557312012,0.9561886973580516,0.034409606723612776,0.07270053459658599,0,0.9561886973580515
5877,39627829503067527,constant,1.1202766202670424,1.0311541557312012,0.9948607683181763,0.034409606723612776,0.03519685938954353,0,0.994860827922821
5877,39627829503067527,powerlaw,1.1202766202670424,1.0311541557312012,1.039145065479121,0.034409606723612776,0.007749481203664837,0,1.0228358120888366
1021,39627841616221963,regularized,0.9901410243376064,1.3577862977981567,1.4494415407458348,0.01608875051249639,0.0675034378357699,0,1.429233072801386
1021,39627841616221963,constant,0.9901410243376064,1.3577862977981567,1.3174070119857788,0.01608875051249639,0.029739057645201683,0,1.3174070119857788
1021,39627841616221963,powerlaw,0.9901410243376064,1.3577862977981567,1.4506322819131778,0.01608875051249639,0.06838041027927888,0,1.3078273147598265
1324,39627859739805930,regularized,1.1265778602671228,1.0169665813446045,1.1559615449077794,0.05902055916379013,0.13667603843913892,0,1.1559615449077796
1324,39627859739805930,constant,1.1265778602671228,1.0169665813446045,1.2716898918151855,0.05902055916379013,0.25047361850738525,0,1.2716898918151855
1324,39627859739805930,powerlaw,1.1265778602671228,1.0169665813446045,1.3808624320276064,0.05902055916379013,0.3578247873217909,0,1.263588783879775
2823,39627811396258719,regularized,1.0482348579929062,1.06182861328125,0.9269997989381803,0.04549068914011851,0.12697794413961339,0,0.8607461216826336
2823,39627811396258719,constant,1.0482348579929062,1.06182861328125,0.9739879965782166,0.04549068914011851,0.08272579312324524,0,0.9739879965782166
2823,39627811396258719,powerlaw,1.0482348579929062,1.06182861328125,0.9995502869881245,0.04549068914011851,0.058651957118271404,0,0.9874018737678254
9029,39627835555451864,regularized,1.16560853529443,1.0313081741333008,0.9254599605148734,0.04552772121488265,0.1026349022273395,0,0.91075680568321
9029,39627835555451864,constant,1.16560853529443,1.0313081741333008,0.8825997114181519,0.04552772121488265,0.14419400691986084,0,0.8825997710227966
9029,39627835555451864,powerlaw,1.16560853529443,1.0313081741333008,0.9508180549470974,0.04552772121488265,0.07804662195550457,0,0.9425789400095844
6274,39627823467465856,regularized,0.9780414176352336,0.8516498804092407,0.9150839667351506,0.030487679098592735,0.07448376120880575,0,0.9125746973092803
6274,39627823467465856,constant,0.9780414176352336,0.8516498804092407,0.9138208627700806,0.030487679098592735,0.07300063222646713,0,0.9138208627700806
6274,39627823467465856,powerlaw,0.9780414176352336,0.8516498804092407,0.8378108551445008,0.030487679098592735,0.016249665012680888,0,0.7520137433925849
1983,39627847668598222,regularized,0.998889664891174,0.9682996273040771,1.2150213345205567,0.04262927587510458,0.25479892820303757,0,1.018298109069998
1983,39627847668598222,constant,0.998889664891174,0.9682996273040771,0.8958096504211426,0.04262927587510458,0.07486316561698914,0,0.895809531211853
1983,39627847668598222,powerlaw,0.998889664891174,0.9682996273040771,0.8266993868951183,0.04262927587510458,0.14623597532842153,0,0.7112015248703784
11372,39627859697863394,regularized,1.1413254212278237,0.889053463935852,1.0256208530807458,0.02538812950075781,0.15360987239204718,0,1.022280492323242
11372,39627859697863394,constant,1.1413254212278237,0.889053463935852,1.0850292444229126,0.02538812950075781,0.22043193876743317,0,1.085029125213623
11372,39627859697863394,powerlaw,1.1413254212278237,0.889053463935852,1.0716671348730173,0.02538812950075781,0.20540235019020345,0,1.0697612225969642
6883,39627841586857052,regularized,1.076146349022023,1.066178560256958,1.254732665223181,0.03317665216900827,0.17685040010631972,0,1.254732665223181
6883,39627841586857052,constant,1.076146349022023,1.066178560256958,0.9651206135749817,0.03317665216900827,0.09478519856929779,0,0.9651206731796265
6883,39627841586857052,powerlaw,1.076146349022023,1.066178560256958,0.9198027720879259,0.03317665216900827,0.13729012533674873,0,0.886770642381658
7442,39627829540815546,regularized,1.0082983484651926,0.9020552635192871,1.133950888063398,0.07099788417302787,0.25707474244913886,0,1.133950888063398
7442,39627829540815546,constant,1.0082983484651926,0.9020552635192871,1.150503158569336,0.07099788417302787,0.2754242420196533,0,1.1505032777786255
7442,39627829540815546,powerlaw,1.0082983484651926,0.9020552635192871,1.1336013218799483,0.07099788417302787,0.2566872205338121,0,1.1127864429096337
10715,39627847622463591,regularized,1.0361332290204472,0.940475344657898,0.8906630664115297,0.04643762492419353,0.05296500171887832,0,0.8906630664115297
10715,39627847622463591,constant,1.0361332290204472,0.940475344657898,0.9333612322807312,0.04643762492419353,0.007564379367977381,0,0.9333612322807312
10715,39627847622463591,powerlaw,1.0361332290204472,0.940475344657898,1.0099865005533863,0.04643762492419353,0.07391066261367371,0,0.9806231235092973
7313,39627829532430459,regularized,1.0442393901722973,0.9830060005187988,1.0472386439107144,0.06120337143754121,0.06534308372280095,0,1.0472386439107144
7313,39627829532430459,constant,1.0442393901722973,0.9830060005187988,1.0876230001449585,0.06120337143754121,0.10642559826374054,0,1.0876230001449585
7313,39627829532430459,powerlaw,1.0442393901722973,0.9830060005187988,1.0086157271582625,0.06120337143754121,0.02605246216803124,0,0.9819884162331444
981,39627841616216153,regularized,1.0822062216063089,0.8872930407524109,1.122853995854947,0.06439975648424304,0.2654827033273969,0,1.1228539958549468
981,39627841616216153,constant,1.0822062216063089,0.8872930407524109,1.1586335897445679,0.06439975648424304,0.3058071434497833,0,1.1586339473724365
981,39627841616216153,powerlaw,1.0822062216063089,0.8872930407524109,1.2163471361213607,0.06439975648424304,0.3708516580834636,0,1.0743115176526636
7112,39627835576418856,regularized,1.138630129664219,0.9510406255722046,1.1274606596766328,0.05857963142040226,0.1855021009205396,0,1.1274606596766326
7112,39627835576418856,constant,1.138630129664219,0.9510406255722046,1.1520605087280273,0.05857963142040226,0.2113683521747589,0,1.1520605087280273
7112,39627835576418856,powerlaw,1.138630129664219,0.9510406255722046,1.2086633382954823,0.05857963142040226,0.270885076616234,0,1.1540827737908192
1719,39627841616220521,regularized,1.0852869670004193,0.8809291124343872,0.7815686592046666,0.05350675891364739,0.11279052063013884,0,0.7815686592046668
1719,39627841616220521,constant,1.0852869670004193,0.8809291124343872,0.9010335206985474,0.05350675891364739,0.02282182313501835,0,0.9010334610939026
1719,39627841616220521,powerlaw,1.0852869670004193,0.8809291124343872,0.8568682588361006,0.05350675891364739,0.027313041717733747,0,0.7328914851302962
852,39627835580614500,regularized,1.1583443644575786,0.8922845125198364,0.8660199484640553,0.0379834885283952,0.029435189883111702,0,0.8660199484640555
852,39627835580614500,constant,1.1583443644575786,0.8922845125198364,0.8579676747322083,0.0379834885283952,0.038459524512290955,0,0.8579676151275635
852,39627835580614500,powerlaw,1.1583443644575786,0.8922845125198364,0.9350432012792836,0.0379834885283952,0.047920465008067306,0,0.8833909214445858
11882,39627799836757123,regularized,0.9357368448213028,1.1367264986038208,1.3732491072324893,0.02051987501088827,0.208073453833597,0,1.2200574587458848
11882,39627799836757123,constant,0.9357368448213028,1.1367264986038208,1.195420265197754,0.02051987501088827,0.05163402855396271,0,1.1954201459884644
11882,39627799836757123,powerlaw,0.9357368448213028,1.1367264986038208,1.2508831674806595,0.02051987501088827,0.10042580076830367,0,1.1787180753032185
7832,39627835576419279,regularized,0.9778697115941892,0.924858808517456,1.0921533421353298,0.05741589312407379,0.1808865656867625,0,1.088650814226905
7832,39627835576419279,constant,0.9778697115941892,0.924858808517456,1.1641991138458252,0.05741589312407379,0.25878578424453735,0,1.1641989946365356
7832,39627835576419279,powerlaw,0.9778697115941892,0.924858808517456,1.119362144892875,0.05741589312407379,0.21030597814947213,0,1.0959042111044177
2229,39627847668601181,regularized,1.1028920520908776,1.1289348602294922,1.3019394026011124,0.01648931220944313,0.1532458146756594,0,1.225762072945179
2229,39627847668601181,constant,1.1028920520908776,1.1289348602294922,1.1830602884292603,0.01648931220944313,0.04794380068778992,0,1.1830604076385498
2229,39627847668601181,powerlaw,1.1028920520908776,1.1289348602294922,1.4793334437593408,0.01648931220944313,0.31037980655378017,0,1.287068403924108
9100,39627853670648365,regularized,1.1657892194461457,0.9049059748649597,0.851407638841957,0.07175117285642678,0.059120325767532164,0,0.8514076388419569
9100,39627853670648365,constant,1.1657892194461457,0.9049059748649597,0.9051839113235474,0.07175117285642678,0.000307144015096128,0,0.9051838517189026
9100,39627853670648365,powerlaw,1.1657892194461457,0.9049059748649597,0.9651998971457477,0.07175117285642678,0.06663004108220828,0,0.9409663526753376
8188,39627841612024013,regularized,1.0529787870212683,0.9583168625831604,0.8559528193206318,0.07903147421898549,0.10681648968025508,0,0.8559528193206319
8188,39627841612024013,constant,1.0529787870212683,0.9583168625831604,1.0612571239471436,0.07903147421898549,0.1074177697300911,0,1.0612571239471436
8188,39627841612024013,powerlaw,1.0529787870212683,0.9583168625831604,0.8511838953679686,0.07903147421898549,0.11179284368054736,0,0.6979140877021378
2847,39627817444445259,regularized,1.133389049658488,1.0242005586624146,1.0943482029982983,0.04658811336539381,0.06849014457431574,0,1.032717077617961
2847,39627817444445259,constant,1.133389049658488,1.0242005586624146,1.1182975769042969,0.04658811336539381,0.09187362343072891,0,1.1182976961135864
2847,39627817444445259,powerlaw,1.133389049658488,1.0242005586624146,1.2796829505918343,0.04658811336539381,0.24944566742189117,0,1.2091347441647406
10926,39627865737660275,regularized,1.072930204904131,0.9763121008872986,1.1232065662660304,0.03629711520918702,0.150458511417845,0,1.1232065662660304
10926,39627865737660275,constant,1.072930204904131,0.9763121008872986,1.0293595790863037,0.03629711520918702,0.054334551095962524,0,1.0293595790863037
10926,39627865737660275,powerlaw,1.072930204904131,0.9763121008872986,0.9926074748170236,0.03629711520918702,0.016690742555495675,0,0.975700390042357
6624,39627835542866099,regularized,0.9599354486514884,1.141649603843689,1.0301519659051666,0.010225852103049578,0.09766362425312794,0,0.9513722275957486
6624,39627835542866099,constant,0.9599354486514884,1.141649603843689,1.1129857301712036,0.010225852103049578,0.02510741725564003,0,1.1129857301712036
6624,39627835542866099,powerlaw,0.9599354486514884,1.141649603843689,1.18377221033278,0.010225852103049578,0.036896265147619005,0,1.129102808899581
5011,39627859735609927,regularized,0.9986169631363088,0.9000283479690552,0.7802851571642012,0.05515337817783534,0.1330437992037235,0,0.7802851571642012
5011,39627859735609927,constant,0.9986169631363088,0.9000283479690552,0.8369196653366089,0.05515337817783534,0.07011854648590088,0,0.8369197249412537
5011,39627859735609927,powerlaw,0.9986169631363088,0.9000283479690552,0.8288515868573084,0.05515337817783534,0.0790827991944471,0,0.7127504932339633
7139,39627829536622367,regularized,0.9546910278569511,1.3419523239135742,1.7520397549783668,0.015236606200362721,0.305590164238356,0,1.4838222822656175
7139,39627829536622367,constant,0.9546910278569511,1.3419523239135742,1.377814531326294,0.015236606200362721,0.02672390639781952,0,1.377814531326294
7139,39627829536622367,powerlaw,0.9546910278569511,1.3419523239135742,1.7195092649876864,0.015236606200362721,0.2813489975359423,0,1.4595558459022737
1498,39627853700009644,regularized,1.0027775514814483,0.9414767026901245,0.923799297316872,0.021480298310167293,0.0187762536478513,0,0.9187250564257764
1498,39627853700009644,constant,1.0027775514814483,0.9414767026901245,0.9652854800224304,0.021480298310167293,0.025288758799433708,0,0.9652854800224304
1498,39627853700009644,powerlaw,1.0027775514814483,0.9414767026901245,0.889175872290643,0.021480298310167293,0.05555191142812134,0,0.8203361889073072
6202,39627835547061518,regularized,1.0130468521645486,0.9212741851806641,1.1194519960651124,0.05299937152414888,0.21511273633004832,0,1.034081354315199
6202,39627835547061518,constant,1.0130468521645486,0.9212741851806641,0.9982355237007141,0.05299937152414888,0.08353792876005173,0,0.9982355237007141
6202,39627835547061518,powerlaw,1.0130468521645486,0.9212741851806641,0.9236853239862287,0.05299937152414888,0.002617178299739094,0,0.8197122316318387
9630,39627829519843554,regularized,1.1702520760077375,0.8502963185310364,1.1554256702651835,0.04681856335603782,0.35885060899862015,0,1.1554256702651837
9630,39627829519843554,constant,1.1702520760077375,0.8502963185310364,1.1105873584747314,0.04681856335603782,0.30611804127693176,0,1.1105873584747314
9630,39627829519843554,powerlaw,1.1702520760077375,0.8502963185310364,1.1635645826445427,0.04681856335603782,0.3684224631887216,0,1.0927283621198531
329,39627580936034103,regularized,0.9887354054673176,1.2803751230239868,1.348877121199029,0.020217914765415127,0.05350150666255859,0,1.3251100214659304
329,39627580936034103,constant,0.9887354054673176,1.2803751230239868,1.2552340030670166,0.020217914765415127,0.019635746255517006,0,1.255233883857727
329,39627580936034103,powerlaw,0.9887354054673176,1.2803751230239868,1.3821931051986203,0.020217914765415127,0.07952199347185064,0,1.2561368088007672
4958,39627865771215175,regularized,0.9234790702505868,1.2876514196395874,1.1588415455713976,0.02304312006534213,0.10003473929632567,0,1.067813416599419
4958,39627865771215175,constant,0.9234790702505868,1.2876514196395874,1.3117718696594238,0.02304312006534213,0.01873212680220604,0,1.3117718696594238
4958,39627865771215175,powerlaw,0.9234790702505868,1.2876514196395874,1.542301016213307,0.02304312006534213,0.19776283603601033,0,1.3822891577860206
12004,39627787748775679,regularized,1.014379997054896,0.9160141348838806,0.9428031375834639,0.035288498735814945,0.029245184849663066,0,0.942803137583464
12004,39627787748775679,constant,1.014379997054896,0.9160141348838806,0.9306067824363708,0.035288498735814945,0.015930593013763428,0,0.9306067824363708
12004,39627787748775679,powerlaw,1.014379997054896,0.9160141348838806,0.9902932914514905,0.035288498735814945,0.08108953097871784,0,0.9588039867980108
10054,39627835555449391,regularized,0.9511265270030608,1.1446946859359741,1.3540014396795697,0.015471184786644483,0.18284941505817615,0,1.2694866590807785
10054,39627835555449391,constant,0.9511265270030608,1.1446946859359741,1.2575819492340088,0.015471184786644483,0.0986177921295166,0,1.2575820684432983
10054,39627835555449391,powerlaw,0.9511265270030608,1.1446946859359741,1.3591335460406133,0.015471184786644483,0.18733279951352316,0,1.2516643401096195
3260,39627823475853379,regularized,0.9201803507120874,0.9540659189224243,0.8605604990190222,0.03556158452350161,0.09800729493514702,0,0.8605604990190222
3260,39627823475853379,constant,0.9201803507120874,0.9540659189224243,0.8916893601417542,0.03556158452350161,0.06537971645593643,0,0.8916893601417542
3260,39627823475853379,powerlaw,0.9201803507120874,0.9540659189224243,0.726323415942003,0.03556158452350161,0.23870730361864986,0,0.5825383940616277
3683,39627811404645078,regularized,0.907705524686499,0.9485673904418945,1.0763504900527807,0.05552092863192822,0.1347116724636273,0,1.0464957146312082
3683,39627811404645078,constant,0.907705524686499,0.9485673904418945,0.8572894930839539,0.05552092863192822,0.09622710943222046,0,0.8572893142700195
3683,39627811404645078,powerlaw,0.907705524686499,0.9485673904418945,0.9288052333158398,0.05552092863192822,0.020833688070226078,0,0.9005951322887934
3776,39627817427669231,regularized,0.9120897819609404,1.2165817022323608,1.1509907663241163,0.01588766472421713,0.053914123307862286,0,1.1333493900537315
3776,39627817427669231,constant,0.9120897819609404,1.2165817022323608,1.2037156820297241,0.01588766472421713,0.010575549677014351,0,1.2037156820297241
3776,39627817427669231,powerlaw,0.9120897819609404,1.2165817022323608,1.4102994883578366,0.01588766472421713,0.15923121790342087,0,1.2873257869651002
3818,39627811396256427,regularized,1.0746543876599826,0.9317886233329773,1.2060510882553868,0.04064849903038009,0.29433978700167174,0,1.2060510882553868
3818,39627811396256427,constant,1.0746543876599826,0.9317886233329773,1.189318060874939,0.04064849903038009,0.27638182044029236,0,1.1893181800842285
3818,39627811396256427,powerlaw,1.0746543876599826,0.9317886233329773,1.1865884780742693,0.04064849903038009,0.27345242081823373,0,1.1356656571881159
3927,39627829519843480,regularized,0.9238802440932546,1.0211551189422607,1.2452702643541882,0.04425367076358045,0.21947218522889236,0,1.245270264354188
3927,39627829519843480,constant,0.9238802440932546,1.0211551189422607,1.1029824018478394,0.04425367076358045,0.08013208210468292,0,1.1029824018478394
3927,39627829519843480,powerlaw,0.9238802440932546,1.0211551189422607,1.260153257034084,0.04425367076358045,0.2340468491597867,0,1.1331117484472408
8133,39627829540815865,regularized,1.1022426085150097,1.0218446254730225,0.9687700224402516,0.03447278020571302,0.05193999333137571,0,0.93063041410289
8133,39627829540815865,constant,1.1022426085150097,1.0218446254730225,1.088117003440857,0.03447278020571302,0.06485562771558762,0,1.0881171226501465
8133,39627829540815865,powerlaw,1.1022426085150097,1.0218446254730225,1.101164582450806,0.03447278020571302,0.07762428357546586,0,1.0852534709193495
6076,39627829498874514,regularized,0.9726284774119404,0.9749040007591248,1.2607299396267109,0.03514808296318368,0.29318367618249913,0,1.1164733881240352
6076,39627829498874514,constant,0.9726284774119404,0.9749040007591248,0.9759167432785034,0.03514808296318368,0.001038812566548586,0,0.9759166836738586
6076,39627829498874514,powerlaw,0.9726284774119404,0.9749040007591248,0.9881617521362969,0.03514808296318368,0.01359903269126883,0,0.9638929734724576
2205,39627847660212097,regularized,1.01103067846534,1.2511820793151855,1.562939935532794,0.017041219268700992,0.24917065339382427,0,1.3142198851057374
2205,39627847660212097,constant,1.01103067846534,1.2511820793151855,1.1746536493301392,0.017041219268700992,0.06116490438580513,0,1.1746536493301392
2205,39627847660212097,powerlaw,1.01103067846534,1.2511820793151855,1.225094416156774,0.017041219268700992,0.020850413053142634,0,1.1731948507139567
342,39627580940222588,regularized,1.067237380058118,0.9593925476074219,0.9649926225769737,0.04056241866061457,0.0058371049301118375,0,0.9649926225769737
342,39627580940222588,constant,1.067237380058118,0.9593925476074219,0.9808017611503601,0.04056241866061457,0.022315384820103645,0,0.9808015823364258
342,39627580940222588,powerlaw,1.067237380058118,0.9593925476074219,1.0389566505723091,0.04056241866061457,0.08293175005716684,0,1.0108353350761536
9483,39627835555450467,regularized,1.002499532952374,0.9468405246734619,1.236687940998907,0.029587841959628776,0.30612062831320536,0,1.1561348745131093
9483,39627835555450467,constant,1.002499532952374,0.9468405246734619,1.0725592374801636,0.029587841959628776,0.13277706503868103,0,1.0725593566894531
9483,39627835555450467,powerlaw,1.002499532952374,0.9468405246734619,0.9740075140361201,0.029587841959628776,0.02869225456105955,0,0.9154786842515656
2050,39627841620413027,regularized,0.9039317197443087,1.3907707929611206,1.368387555404785,0.02196248880008908,0.01609412397040557,0,1.3359419033229565
2050,39627841620413027,constant,0.9039317197443087,1.3907707929611206,1.3558989763259888,0.02196248880008908,0.025073733180761337,0,1.3558989763259888
2050,39627841620413027,powerlaw,0.9039317197443087,1.3907707929611206,1.5840924889678034,0.02196248880008908,0.13900327572674814,0,1.4112345375444606
1916,39627847668598984,regularized,1.0174370718150103,0.8972789645195007,0.9654557857468694,0.027537404554140017,0.07598174472292221,0,0.9654557857468694
1916,39627847668598984,constant,1.0174370718150103,0.8972789645195007,0.8945739269256592,0.027537404554140017,0.003014711895957589,0,0.8945739269256592
1916,39627847668598984,powerlaw,1.0174370718150103,0.8972789645195007,0.8070071887286568,0.027537404554140017,0.10060614297269865,0,0.7235230084520705
1413,39627847668598730,regularized,1.0025090204773062,1.0206592082977295,0.39136109520312945,0.06071088502224635,0.616560462080338,0,0.3913610952031295
1413,39627847668598730,constant,1.0025090204773062,1.0206592082977295,0.7713406682014465,0.06071088502224635,0.24427206814289093,0,0.7713406085968018
1413,39627847668598730,powerlaw,1.0025090204773062,1.0206592082977295,0.6729202080334029,0.06071088502224635,0.3407003997389989,0,0.5770693969196562
3955,39627817427669904,regularized,0.9000496922867092,1.1416293382644653,0.7670149977455464,0.038717741963648404,0.32814007836240217,0,0.40155817067447874
3955,39627817427669904,constant,0.9000496922867092,1.1416293382644653,1.1840935945510864,0.038717741963648404,0.03719618543982506,0,1.1840935945510864
3955,39627817427669904,powerlaw,0.9000496922867092,1.1416293382644653,1.376827540644603,0.038717741963648404,0.20601976008928802,0,1.2614234849682013
9498,39627841599444748,regularized,1.050893619945091,1.362769365310669,1.2606122879811925,0.021262548825053705,0.07496285133045077,0,1.2144104993993095
9498,39627841599444748,constant,1.050893619945091,1.362769365310669,1.1227481365203857,0.021262548825053705,0.17612755298614502,0,1.1227481365203857
9498,39627841599444748,powerlaw,1.050893619945091,1.362769365310669,1.4047479658009405,0.021262548825053705,0.030803892102976474,0,1.224799107197205
9309,39627847643436058,regularized,0.9967594615835604,1.195908784866333,1.1948012599716875,0.020514152424929162,0.000926094789720341,0,1.1948012599716875
9309,39627847643436058,constant,0.9967594615835604,1.195908784866333,1.1578118801116943,0.020514152424929162,0.031856030225753784,0,1.1578119993209839
9309,39627847643436058,powerlaw,0.9967594615835604,1.195908784866333,1.186877502904706,0.020514152424929162,0.007551815051376494,0,1.144864194737079
6582,39627817427665834,regularized,0.9764855602042748,1.025039553642273,1.089193593070784,0.036166735786658744,0.0625868915990143,0,1.0891935930707837
6582,39627817427665834,constant,0.9764855602042748,1.025039553642273,1.183754801750183,0.036166735786658744,0.1548381745815277,0,1.183754801750183
6582,39627817427665834,powerlaw,0.9764855602042748,1.025039553642273,1.205415721138284,0.036166735786658744,0.17596995828607837,0,1.1675805622422022
5509,39627829503067323,regularized,1.0435163363346591,0.9555889368057251,0.6985927784403693,0.040738362562477565,0.26894007294017486,0,0.6985927784403693
5509,39627829503067323,constant,1.0435163363346591,0.9555889368057251,0.9010171294212341,0.040738362562477565,0.057108037173748016,0,0.9010171294212341
5509,39627829503067323,powerlaw,1.0435163363346591,0.9555889368057251,0.9358068789813574,0.040738362562477565,0.020701430356125473,0,0.857403202147814
7402,39627823492631202,regularized,0.9734790658868708,1.1819730997085571,1.035965224640209,0.010747334996259555,0.12352893234571062,0,0.973845325262008
7402,39627823492631202,constant,0.9734790658868708,1.1819730997085571,1.0926421880722046,0.010747334996259555,0.07557778805494308,0,1.0926423072814941
7402,39627823492631202,powerlaw,0.9734790658868708,1.1819730997085571,1.1342104326814757,0.010747334996259555,0.040409267384222555,0,1.095615425212203
10004,39627841603636167,regularized,0.9489967566298284,0.9922135472297668,1.0580961715463884,0.03431848268651135,0.06639964199296008,0,1.0580961715463884
10004,39627841603636167,constant,0.9489967566298284,0.9922135472297668,1.0792208909988403,0.03431848268651135,0.08769013732671738,0,1.0792208909988403
10004,39627841603636167,powerlaw,0.9489967566298284,0.9922135472297668,1.0223802226702896,0.03431848268651135,0.030403410157770268,0,1.0091587261862442
799,39627847651821076,regularized,1.1721318462623926,1.1983522176742554,1.058840856915372,0.0186674472318278,0.1164193287259442,0,0.8981499331607066
799,39627847651821076,constant,1.1721318462623926,1.1983522176742554,1.175836205482483,0.0186674472318278,0.018789144232869148,0,1.1758363246917725
799,39627847651821076,powerlaw,1.1721318462623926,1.1983522176742554,1.692625315704288,0.0186674472318278,0.4124606194573669,0,1.3730433495078052
5230,39627859735611020,regularized,0.9269875721644432,1.217513918876648,1.4882790519531084,0.017657008670214337,0.22239181735703256,0,1.3386208439622251
5230,39627859735611020,constant,0.9269875721644432,1.217513918876648,1.2623919248580933,0.017657008670214337,0.03686036542057991,0,1.2623920440673828
5230,39627859735611020,powerlaw,0.9269875721644432,1.217513918876648,1.5070660601119155,0.017657008670214337,0.23782244847141118,0,1.344129077520143
6797,39627829511460549,regularized,1.1812614971282882,0.9857804179191589,1.4096772886765632,0.05034722114086924,0.43001145392215206,0,1.3583028873287366
6797,39627829511460549,constant,1.1812614971282882,0.9857804179191589,1.2772455215454102,0.05034722114086924,0.29566940665245056,0,1.2772455215454102
6797,39627829511460549,powerlaw,1.1812614971282882,0.9857804179191589,1.469288802083514,0.05034722114086924,0.4904828452415112,0,1.3203928365037876
9524,39627841603636087,regularized,1.1438921848617023,1.0116746425628662,1.0825244657094646,0.08817591610992177,0.07003222198701665,0,1.0825244657094644
9524,39627841603636087,constant,1.1438921848617023,1.0116746425628662,1.1314903497695923,0.08817591610992177,0.11843304336071014,0,1.1314904689788818
9524,39627841603636087,powerlaw,1.1438921848617023,1.0116746425628662,1.1612866213596846,0.08817591610992177,0.14788546880824033,0,1.1357659312197779
8540,39627823488437377,regularized,1.1323886461246395,1.008314847946167,0.7652695885387366,0.05923994999964627,0.2410410398126026,0,0.7019749154286613
8540,39627823488437377,constant,1.1323886461246395,1.008314847946167,0.7823842167854309,0.05923994999964627,0.2240675389766693,0,0.7823841571807861
8540,39627823488437377,powerlaw,1.1323886461246395,1.008314847946167,0.8467603474019363,0.05923994999964627,0.1602222766760804,0,0.8207055090493808
4994,39627853687426818,regularized,1.1450776889656868,0.9789466857910156,0.9289314351832709,0.055272201061609266,0.05109088302120458,0,0.8317119616711344
4994,39627853687426818,constant,1.1450776889656868,0.9789466857910156,0.9907004833221436,0.055272201061609266,0.012006576173007488,0,0.9907006621360779
4994,39627853687426818,powerlaw,1.1450776889656868,0.9789466857910156,1.0720069756423865,0.055272201061609266,0.09506165269477936,0,1.0510060446831004
9557,39627847635045366,regularized,0.95172236477354,1.346070647239685,1.4486862878106324,0.021745924638779203,0.07623347316975947,0,1.3496245051323352
9557,39627847635045366,constant,0.95172236477354,1.346070647239685,1.2425422668457031,0.021745924638779203,0.0769115537405014,0,1.2425423860549927
9557,39627847635045366,powerlaw,0.95172236477354,1.346070647239685,1.4976920929497801,0.021745924638779203,0.11264003566307387,0,1.327212867544155
8122,39627829540815899,regularized,1.1799486735916411,1.0558322668075562,1.1281515849705723,0.1056036507730615,0.06849508244494448,0,1.1281515849705723
8122,39627829540815899,constant,1.1799486735916411,1.0558322668075562,0.8095244765281677,0.1056036507730615,0.23328307271003723,0,0.8095244765281677
8122,39627829540815899,powerlaw,1.1799486735916411,1.0558322668075562,0.8846181066317732,0.1056036507730615,0.16216037864941452,0,0.7649940968174913
4201,39627865758632154,regularized,1.1064450939330812,0.9043505191802979,1.2669416682367047,0.05887875052962894,0.40094094199786495,0,1.2226414059762658
4201,39627865758632154,constant,1.1064450939330812,0.9043505191802979,1.053188443183899,0.05887875052962894,0.16457991302013397,0,1.053188681602478
4201,39627865758632154,powerlaw,1.1064450939330812,0.9043505191802979,1.1134033388574223,0.05887875052962894,0.2311634872135747,0,1.072202444777848
10721,39627859710444233,regularized,0.9195466573435116,0.9768946766853333,1.0536846968036624,0.06462530424674544,0.0786062427721304,0,1.0536846968036624
10721,39627859710444233,constant,0.9195466573435116,0.9768946766853333,1.0520025491714478,0.06462530424674544,0.07688430696725845,0,1.0520024299621582
10721,39627859710444233,powerlaw,0.9195466573435116,0.9768946766853333,0.9067980756582891,0.06462530424674544,0.07175451223143776,0,0.8186026848442632
6513,39627817423474131,regularized,1.0514208214782526,1.1389727592468262,0.9533977588060591,0.051845207252590356,0.16293190415149444,0,0.9533977588060591
6513,39627817423474131,constant,1.0514208214782526,1.1389727592468262,0.9349902272224426,0.051845207252590356,0.17909342050552368,0,0.9349901676177979
6513,39627817423474131,powerlaw,1.0514208214782526,1.1389727592468262,0.9487040312156761,0.051845207252590356,0.16705292245704798,0,0.9031340329020079
2710,39627811392065238,regularized,1.0227115087019183,0.8844206929206848,1.19078684998221,0.06141906566078571,0.346403198742208,0,1.19078684998221
2710,39627811392065238,constant,1.0227115087019183,0.8844206929206848,1.2039717435836792,0.06141906566078571,0.361311137676239,0,1.2039717435836792
2710,39627811392065238,powerlaw,1.0227115087019183,0.8844206929206848,1.0479579002792108,0.06141906566078571,0.18490884334520205,0,1.025779216226284
1283,39627853704201197,regularized,1.0930922865242654,1.0326720476150513,0.7568126914981356,0.07653744927656564,0.26713161913698635,0,0.5144694849023201
1283,39627853704201197,constant,1.0930922865242654,1.0326720476150513,0.9311583638191223,0.07653744927656564,0.0983019545674324,0,0.9311583042144775
1283,39627853704201197,powerlaw,1.0930922865242654,1.0326720476150513,1.167929804464831,0.07653744927656564,0.1309784235587247,0,1.09556349183679
9332,39627841603636360,regularized,1.0022956720409355,0.9638080596923828,0.910650096172774,0.061710572280161455,0.05515409731744215,0,0.910650096172774
9332,39627841603636360,constant,1.0022956720409355,0.9638080596923828,0.9436026215553284,0.061710572280161455,0.02096417173743248,0,0.9436026215553284
9332,39627841603636360,powerlaw,1.0022956720409355,0.9638080596923828,0.9133939074841425,0.061710572280161455,0.05230725319347393,0,0.8687141740328646
10416,39627859706253028,regularized,0.9451841915538745,1.2730306386947632,1.6922183989841098,0.013688089500026845,0.3292833240204959,0,1.4268701057452449
10416,39627859706253028,constant,0.9451841915538745,1.2730306386947632,1.3297768831253052,0.013688089500026845,0.044575709849596024,0,1.3297770023345947
10416,39627859706253028,powerlaw,0.9451841915538745,1.2730306386947632,1.5725426102698092,0.013688089500026845,0.235274754959657,0,1.3790136546381835
5729,39627823467465797,regularized,1.0433465308115737,0.8788859248161316,1.1074532796263374,0.10644365044475394,0.2600648711697409,0,0.9530202350778014
5729,39627823467465797,constant,1.0433465308115737,0.8788859248161316,0.5758914351463318,0.10644365044475394,0.3447483777999878,0,0.5758914351463318
5729,39627823467465797,powerlaw,1.0433465308115737,0.8788859248161316,0.3588569251561066,0.10644365044475394,0.5916911227914115,0,0.20317211492651813
10832,39627865737658461,regularized,0.913941518604651,0.950444221496582,0.8490546175028215,0.04666767408228041,0.10667601706716792,0,0.8490546175028215
10832,39627865737658461,constant,0.913941518604651,0.950444221496582,0.937169075012207,0.04666767408228041,0.013967307284474373,0,0.9371690154075623
10832,39627865737658461,powerlaw,0.913941518604651,0.950444221496582,0.8774443493264683,0.04666767408228041,0.07680605607256695,0,0.8256483762366204
12517,39627781713170682,regularized,1.4725330516724058,1.1890482902526855,1.0803734077971976,0.05332158027506013,0.09139652556280399,0,1.0433057023879044
12517,39627781713170682,constant,1.4725330516724058,1.1890482902526855,1.005497694015503,0.05332158027506013,0.15436765551567078,0,1.0054978132247925
12517,39627781713170682,powerlaw,1.4725330516724058,1.1890482902526855,0.9887242418280962,0.05332158027506013,0.16847427481857644,0,0.9623398628579068
895,39627841616217642,regularized,1.4566030178541816,1.153517484664917,0.8602500433137807,0.10326557716663845,0.25423753454099307,0,0.8559337195538214
895,39627841616217642,constant,1.4566030178541816,1.153517484664917,1.063952922821045,0.10326557716663845,0.07764473557472229,0,1.063952922821045
895,39627841616217642,powerlaw,1.4566030178541816,1.153517484664917,1.0596116426578774,0.10326557716663845,0.08140825193847676,0,1.028892867014154
9238,39627853679038149,regularized,1.2527617351162257,1.0552961826324463,1.0666178195496292,0.034946306157937486,0.010728397490210737,0,1.0666178195496294
9238,39627853679038149,constant,1.2527617351162257,1.0552961826324463,1.0700035095214844,0.034946306157937486,0.013936681672930717,0,1.0700033903121948
9238,39627853679038149,powerlaw,1.2527617351162257,1.0552961826324463,1.3272627354386877,0.034946306157937486,0.25771585009226344,0,1.1904354192492164
4815,39627859735609410,regularized,1.3599806917999413,1.162489652633667,1.076300158123938,0.06372058849387498,0.0741421605899573,0,1.0763001581239382
4815,39627859735609410,constant,1.3599806917999413,1.162489652633667,1.159097671508789,0.06372058849387498,0.002917859237641096,0,1.1590975522994995
4815,39627859735609410,powerlaw,1.3599806917999413,1.162489652633667,0.9146319934808755,0.06372058849387498,0.21321278739235225,0,0.8981905182193987
1071,39627835584809921,regularized,1.2520477298316182,0.9658353328704834,1.1796086866985307,0.049050416046819305,0.22133519716317304,0,1.0958754223311635
1071,39627835584809921,constant,1.2520477298316182,0.9658353328704834,1.0045164823532104,0.049050416046819305,0.04004942625761032,0,1.0045166015625
1071,39627835584809921,powerlaw,1.2520477298316182,0.9658353328704834,1.2508541367121333,0.049050416046819305,0.29510082530794135,0,1.1286523782269569
11290,39627853670648756,regularized,1.357071648305962,1.0588854551315308,0.8473309363502041,0.09256231025911092,0.19978980517307057,0,0.8452263062938633
11290,39627853670648756,constant,1.357071648305962,1.0588854551315308,0.925386905670166,0.09256231025911092,0.12607459723949432,0,0.9253868460655212
11290,39627853670648756,powerlaw,1.357071648305962,1.0588854551315308,1.0145736763461288,0.09256231025911092,0.04184756582561396,0,0.9885371072138414
3094,39627829515651760,regularized,1.5505956586935097,1.0061650276184082,0.255933221432016,0.12251498803190494,0.7456349461501264,0,0.255933221432016
3094,39627829515651760,constant,1.5505956586935097,1.0061650276184082,0.5387275218963623,0.12251498803190494,0.46457338333129883,0,0.5387275218963623
3094,39627829515651760,powerlaw,1.5505956586935097,1.0061650276184082,0.8611670849577373,0.12251498803190494,0.14410950359095756,0,0.8391769424662157
1587,39627847660209965,regularized,1.4106295243075986,0.990054726600647,1.0053486309267337,0.018781607590974546,0.015447534277825534,0,0.9940057670506371
1587,39627847660209965,constant,1.4106295243075986,0.990054726600647,0.9731754064559937,0.018781607590974546,0.017048876732587814,0,0.9731754660606384
1587,39627847660209965,powerlaw,1.4106295243075986,0.990054726600647,0.8800656890697058,0.018781607590974546,0.11109389670668864,0,0.8126140293925013
7857,39627829536620588,regularized,1.6332894007760628,1.3068950176239014,1.421123889471447,0.02784952279353625,0.08740478026707003,0,1.4065758233891672
7857,39627829536620588,constant,1.6332894007760628,1.3068950176239014,1.4799741506576538,0.02784952279353625,0.1324353814125061,0,1.4799742698669434
7857,39627829536620588,powerlaw,1.6332894007760628,1.3068950176239014,1.394696217770378,0.02784952279353625,0.06718305522819293,0,1.338645049856276
11259,39627859706250588,regularized,1.2861242301878544,1.0213748216629028,0.9512576953521926,0.0753495910642666,0.06864975014417561,0,0.9512576953521926
11259,39627859706250588,constant,1.2861242301878544,1.0213748216629028,0.8800146579742432,0.0753495910642666,0.1384018510580063,0,0.8800145983695984
11259,39627859706250588,powerlaw,1.2861242301878544,1.0213748216629028,1.112127190222768,0.0753495910642666,0.08885314835949361,0,1.0049822339143415
6935,39627829507263864,regularized,1.5756420046765378,1.1949284076690674,1.2947264741271907,0.06881994205483892,0.08351802988163799,0,1.2149922419835322
6935,39627829507263864,constant,1.5756420046765378,1.1949284076690674,1.144339919090271,0.06881994205483892,0.04233599826693535,0,1.1443400382995605
6935,39627829507263864,powerlaw,1.5756420046765378,1.1949284076690674,1.117587003773157,0.06881994205483892,0.06472471773164999,0,1.1130615165235922
744,39627563030546582,regularized,1.4310475785816077,0.917111337184906,0.7675162810619025,0.04371961829493308,0.16311548015771882,0,0.7675162810619026
744,39627563030546582,constant,1.4310475785816077,0.917111337184906,1.027366042137146,0.04371961829493308,0.12021954357624054,0,1.027366042137146
744,39627563030546582,powerlaw,1.4310475785816077,0.917111337184906,1.042294551907745,0.04371961829493308,0.1364972928009936,0,0.9453248418729873
6820,39627835551254219,regularized,1.267653296806199,0.9859011173248291,1.0030086108633833,0.04699091792386036,0.017352139314918486,0,1.003008610863383
6820,39627835551254219,constant,1.267653296806199,0.9859011173248291,0.9949430823326111,0.04699091792386036,0.009171269834041595,0,0.9949430227279663
6820,39627835551254219,powerlaw,1.267653296806199,0.9859011173248291,1.0756158597900258,0.04699091792386036,0.0909977084807766,0,1.027083219885851
3127,39627829519844683,regularized,1.4395829304019685,1.2987768650054932,1.1530400266769822,0.10078920987905327,0.11221083640714107,0,1.1515673857108095
3127,39627829519844683,constant,1.4395829304019685,1.2987768650054932,0.9179019331932068,0.10078920987905327,0.29325664043426514,0,0.9179018139839172
3127,39627829519844683,powerlaw,1.4395829304019685,1.2987768650054932,0.8991700451685432,0.10078920987905327,0.30767934862718693,0,0.8879588741654882
9299,39627847630852374,regularized,1.2286619828517855,1.222817063331604,1.612910403850371,0.2551798858419277,0.3190120192270995,0,1.5625700555773043
9299,39627847630852374,constant,1.2286619828517855,1.222817063331604,0.9762212038040161,0.2551798858419277,0.2016621083021164,0,0.9762212634086609
9299,39627847630852374,powerlaw,1.2286619828517855,1.222817063331604,0.5549669356998543,0.2551798858419277,0.5461570235307076,0,0.40909777311332696
1861,39627853700008359,regularized,1.5350911295915526,1.064182162284851,0.9668058980071003,0.03356948108957006,0.09150337952355753,0,0.9438582797476909
1861,39627853700008359,constant,1.5350911295915526,1.064182162284851,1.0740151405334473,0.03356948108957006,0.009239939041435719,0,1.0740151405334473
1861,39627853700008359,powerlaw,1.5350911295915526,1.064182162284851,1.1100935772258786,0.03356948108957006,0.043142439864293086,0,1.0992436941567654
6188,39627841586858656,regularized,1.2532756077694365,0.9366937279701233,1.2448885696397924,0.04485730516819238,0.3290241329335551,0,1.2448885696397924
6188,39627841586858656,constant,1.2532756077694365,0.9366937279701233,1.127961277961731,0.04485730516819238,0.2041943371295929,0,1.127961277961731
6188,39627841586858656,powerlaw,1.2532756077694365,0.9366937279701233,1.5461437408855927,0.04485730516819238,0.6506395791036068,0,1.3224767568411366
10658,39627859710447148,regularized,1.526031263529041,0.9992170333862305,0.49270694870731885,0.06475511898936197,0.5069069759173418,0,0.49270694870731885
10658,39627859710447148,constant,1.526031263529041,0.9992170333862305,0.5563835501670837,0.06475511898936197,0.44318047165870667,0,0.5563835501670837
10658,39627859710447148,powerlaw,1.526031263529041,0.9992170333862305,0.6140926008894422,0.06475511898936197,0.38542620834999813,0,0.5739192758587778
11761,39627793796960438,regularized,1.3662488685157128,0.9043483734130859,1.1121546851340278,0.09017530075119845,0.22978568639059258,0,1.1121546851340278
11761,39627793796960438,constant,1.3662488685157128,0.9043483734130859,1.098624348640442,0.09017530075119845,0.21482425928115845,0,1.0986244678497314
11761,39627793796960438,powerlaw,1.3662488685157128,0.9043483734130859,0.9066632984263161,0.09017530075119845,0.0025597713019524133,0,0.8976550847600099
10177,39627835555448183,regularized,1.4486540133448444,1.0501495599746704,0.6927234876257207,0.0708475222344039,0.3403573033516967,0,0.6927234876257207
10177,39627835555448183,constant,1.4486540133448444,1.0501495599746704,0.7282361388206482,0.0708475222344039,0.3065405488014221,0,0.7282361388206482
10177,39627835555448183,powerlaw,1.4486540133448444,1.0501495599746704,0.7332207790672826,0.0708475222344039,0.3017939472497919,0,0.6591768084187177
6713,39627835542868161,regularized,1.5404157562797731,1.2057400941848755,1.6183330402961729,0.07147171211108477,0.3421906164530635,0,1.27912917285276
6713,39627835542868161,constant,1.5404157562797731,1.2057400941848755,1.0608168840408325,0.07147171211108477,0.12019440531730652,0,1.0608168840408325
6713,39627835542868161,powerlaw,1.5404157562797731,1.2057400941848755,0.8418357295534016,0.07147171211108477,0.3018099558823136,0,0.7353007734151532
8026,39627829528233514,regularized,1.2418738512682403,1.1205717325210571,1.138723915064599,0.03790688678649547,0.01619903663168719,0,1.1349533762101451
8026,39627829528233514,constant,1.2418738512682403,1.1205717325210571,1.1663453578948975,0.03790688678649547,0.04084845632314682,0,1.166345238685608
8026,39627829528233514,powerlaw,1.2418738512682403,1.1205717325210571,1.5387183508736877,0.03790688678649547,0.3731547086342132,0,1.2668838865908925
1258,39627847668600713,regularized,1.3844031704468769,1.4497092962265015,0.5831004828967831,0.25969802948022563,0.5977810969312568,0,0.5831004828967831
1258,39627847668600713,constant,1.3844031704468769,1.4497092962265015,0.8963889479637146,0.25969802948022563,0.3816767632961273,0,0.8963890075683594
1258,39627847668600713,powerlaw,1.3844031704468769,1.4497092962265015,0.6265758413111733,0.25969802948022563,0.5677920787690959,0,0.40548310908539165
7025,39627829528233030,regularized,1.369026692429812,1.0411145687103271,0.8541329045660359,0.09232778195868308,0.17959758682074098,0,0.854132904566036
7025,39627829528233030,constant,1.369026692429812,1.0411145687103271,0.7527146935462952,0.09232778195868308,0.2770107090473175,0,0.7527146935462952
7025,39627829528233030,powerlaw,1.369026692429812,1.0411145687103271,0.7131845063429668,0.09232778195868308,0.3149798035902823,0,0.6314874505067718
3536,39627811404644474,regularized,1.5972927219384576,0.956770658493042,0.8301140678717382,0.05321242398181689,0.13237925880878676,0,0.8279078851460364
3536,39627811404644474,constant,1.5972927219384576,0.956770658493042,0.8563757538795471,0.05321242398181689,0.10493100434541702,0,0.8563757538795471
3536,39627811404644474,powerlaw,1.5972927219384576,0.956770658493042,0.8632746158241387,0.05321242398181689,0.09772043262296934,0,0.825404348646029
4916,39627853695813421,regularized,1.404967939767454,1.1262439489364624,0.8721618280362496,0.07849610105594738,0.22560131944784098,0,0.8721618280362496
4916,39627853695813421,constant,1.404967939767454,1.1262439489364624,0.7580499649047852,0.07849610105594738,0.32692205905914307,0,0.7580499053001404
4916,39627853695813421,powerlaw,1.404967939767454,1.1262439489364624,0.7378590182083266,0.07849610105594738,0.3448497380118193,0,0.6990565869872736
4193,39627853691618730,regularized,1.2121500008445336,0.914340078830719,0.6944281159083515,0.04233912098292219,0.240514408165938,0,0.5297779864020411
4193,39627853691618730,constant,1.2121500008445336,0.914340078830719,0.9436975121498108,0.04233912098292219,0.03210778534412384,0,0.9436976909637451
4193,39627853691618730,powerlaw,1.2121500008445336,0.914340078830719,1.0159343466975341,0.04233912098292219,0.11111212361677991,0,1.0133214498650083
222,39627563030547034,regularized,1.571909217074713,1.3102678060531616,1.0862870014664003,0.07622070824464004,0.1709427672358407,0,1.0862870014664003
222,39627563030547034,constant,1.571909217074713,1.3102678060531616,1.0924052000045776,0.07622070824464004,0.1662733405828476,0,1.0924052000045776
222,39627563030547034,powerlaw,1.571909217074713,1.3102678060531616,1.0248392765736447,0.07622070824464004,0.2178398401921326,0,0.9356531306775416
3811,39627805356463375,regularized,1.6098513861772934,0.9437258839607239,0.7949997898339629,0.043128268495017386,0.15759459039374052,0,0.7759980342126132
3811,39627805356463375,constant,1.6098513861772934,0.9437258839607239,0.9352171421051025,0.043128268495017386,0.00901611614972353,0,0.9352170825004578
3811,39627805356463375,powerlaw,1.6098513861772934,0.9437258839607239,0.7586555438913163,0.043128268495017386,0.19610603376976982,0,0.6214788696982203
7310,39627829536620731,regularized,1.344545461138135,1.0587018728256226,1.0032090571230543,0.04604450004108012,0.05241590397347715,0,1.0032090571230543
7310,39627829536620731,constant,1.344545461138135,1.0587018728256226,0.9762061238288879,0.04604450004108012,0.07792160660028458,0,0.9762061834335327
7310,39627829536620731,powerlaw,1.344545461138135,1.0587018728256226,0.9983111312980377,0.04604450004108012,0.05704225436609926,0,0.9512181986160558
11473,39627853662261577,regularized,1.3959503383214846,1.0336894989013672,0.8847161196654537,0.047132458624509765,0.14411811225154783,0,0.8847161196654536
11473,39627853662261577,constant,1.3959503383214846,1.0336894989013672,0.8891420364379883,0.047132458624509765,0.13983644545078278,0,0.8891419768333435
11473,39627853662261577,powerlaw,1.3959503383214846,1.0336894989013672,0.8334988129981794,0.047132458624509765,0.19366616969211334,0,0.7971932047599533
420,39627574967539011,regularized,1.3592431670564469,1.07673180103302,0.9580068819434121,0.05040899004091944,0.11026415210891222,0,0.9580068819434121
420,39627574967539011,constant,1.3592431670564469,1.07673180103302,0.951844334602356,0.05040899004091944,0.11598753184080124,0,0.9518444538116455
420,39627574967539011,powerlaw,1.3592431670564469,1.07673180103302,0.924765245806472,0.05040899004091944,0.14113686907059939,0,0.9048072483348643
6055,39627823463272815,regularized,1.3398009622934626,0.9598753452301025,0.9119627749022573,0.07153909218176648,0.04991540887672198,0,0.9119627749022573
6055,39627823463272815,constant,1.3398009622934626,0.9598753452301025,1.1486613750457764,0.07153909218176648,0.19667765498161316,0,1.1486613750457764
6055,39627823463272815,powerlaw,1.3398009622934626,0.9598753452301025,1.1974993652480128,0.07153909218176648,0.2475571658327642,0,1.1676383768823877
13037,39627775677567258,regularized,1.2156102632426498,0.9969997406005859,1.4553998447685537,0.05233792240329396,0.4597795621208794,0,1.4553998447685539
13037,39627775677567258,constant,1.2156102632426498,0.9969997406005859,1.1277782917022705,0.05233792240329396,0.13117210566997528,0,1.127778172492981
13037,39627775677567258,powerlaw,1.2156102632426498,0.9969997406005859,1.2420076639620448,0.05233792240329396,0.24574522277595348,0,1.1784751170849053
11107,39627859702059359,regularized,1.5172583270759423,0.9679747819900513,0.4920752035931739,0.0476189158084379,0.4916446040241662,0,0.49207520359317397
11107,39627859702059359,constant,1.5172583270759423,0.9679747819900513,0.5549458861351013,0.0476189158084379,0.426693856716156,0,0.5549458861351013
11107,39627859702059359,powerlaw,1.5172583270759423,0.9679747819900513,0.5341227415025346,0.0476189158084379,0.448205933211983,0,0.4521991795471665
917,39627841628800263,regularized,1.3753461208927016,1.064623236656189,0.9362331312249924,0.04251735280222497,0.12059675292683758,0,0.9362331312249926
917,39627841628800263,constant,1.3753461208927016,1.064623236656189,0.8495990633964539,0.04251735280222497,0.2019720822572708,0,0.8495991230010986
917,39627841628800263,powerlaw,1.3753461208927016,1.064623236656189,0.8699031319011011,0.04251735280222497,0.18290048352379804,0,0.8383861299153647
10139,39627835555451455,regularized,1.3269348102208998,1.070229411125183,1.555701542275094,0.07494165108079603,0.4536150157184625,0,1.4432371996088584
10139,39627835555451455,constant,1.3269348102208998,1.070229411125183,0.8436617851257324,0.07494165108079603,0.21170005202293396,0,0.8436618447303772
10139,39627835555451455,powerlaw,1.3269348102208998,1.070229411125183,1.2589157353069602,0.07494165108079603,0.17630455883603702,0,1.1149820067870155
3318,39627829519843889,regularized,1.506083745992929,0.8380622267723083,0.6418890367894124,0.07167140350202714,0.23407950354525864,0,0.6403077847512051
3318,39627829519843889,constant,1.506083745992929,0.8380622267723083,0.6457786560058594,0.07167140350202714,0.22943830490112305,0,0.6457786560058594
3318,39627829519843889,powerlaw,1.506083745992929,0.8380622267723083,0.4986082718768714,0.07167140350202714,0.4050462412591978,0,0.43420244753030385
7789,39627829519846079,regularized,1.4028077088347013,1.169858694076538,0.7281827707118913,0.07726044550271063,0.3775463870987397,0,0.7281827707118913
7789,39627829519846079,constant,1.4028077088347013,1.169858694076538,0.8699675798416138,0.07726044550271063,0.2563481628894806,0,0.8699676394462585
7789,39627829519846079,powerlaw,1.4028077088347013,1.169858694076538,0.7160310907340555,0.07726044550271063,0.38793369288136514,0,0.6718267196839383
9772,39627841599444277,regularized,1.552540654301508,1.1381380558013916,0.3247391801727752,0.13536145207989378,0.7146750532437665,0,0.31535660640719193
9772,39627841599444277,constant,1.552540654301508,1.1381380558013916,1.3314303159713745,0.13536145207989378,0.1698319911956787,0,1.331430196762085
9772,39627841599444277,powerlaw,1.552540654301508,1.1381380558013916,1.497823589924585,0.13536145207989378,0.3160297929497928,0,1.409324596381388
1194,39627853704203894,regularized,1.2210698351722078,0.991605281829834,1.348158480748599,0.06642902913631679,0.35957170201918287,0,1.3371799377503029
1194,39627853704203894,constant,1.2210698351722078,0.991605281829834,1.2174640893936157,0.06642902913631679,0.2277708798646927,0,1.2174642086029053
1194,39627853704203894,powerlaw,1.2210698351722078,0.991605281829834,1.234651561510564,0.06642902913631679,0.2451038574867518,0,1.1701060317889178
4991,39627853687427931,regularized,1.349994700213109,1.0152063369750977,1.1805303053314278,0.09793717818041786,0.16284765208315027,0,1.180530305331428
4991,39627853687427931,constant,1.349994700213109,1.0152063369750977,1.198207974433899,0.09793717818041786,0.1802605390548706,0,1.198207974433899
4991,39627853687427931,powerlaw,1.349994700213109,1.0152063369750977,1.1388327345718574,0.09793717818041786,0.1217746512153541,0,1.1176002723783154
12588,39627793801150760,regularized,1.4245028872097254,1.12124502658844,1.429433554609804,0.060951544774792595,0.2748627826328693,0,1.2924884656500157
12588,39627793801150760,constant,1.4245028872097254,1.12124502658844,1.0083938837051392,0.060951544774792595,0.10064806789159775,0,1.0083940029144287
12588,39627793801150760,powerlaw,1.4245028872097254,1.12124502658844,1.2410223143815147,0.060951544774792595,0.10682525670371579,0,1.0945860490853738
11809,39627799840951008,regularized,1.2554314152914283,1.0146034955978394,0.9259370867445235,0.05331206134437502,0.08739020635945137,0,0.9259370867445234
11809,39627799840951008,constant,1.2554314152914283,1.0146034955978394,0.9628779888153076,0.05331206134437502,0.050981007516384125,0,0.9628781676292419
11809,39627799840951008,powerlaw,1.2554314152914283,1.0146034955978394,1.2146786515249546,0.05331206134437502,0.19719541357308654,0,1.1302032031022424
838,39627841612024219,regularized,1.4287418058446597,1.2183523178100586,0.7443546471231295,0.04457927594233512,0.38904811338884443,0,0.7356729274830207
838,39627841612024219,constant,1.4287418058446597,1.2183523178100586,0.7790593504905701,0.04457927594233512,0.36056315898895264,0,0.7790593504905701
838,39627841612024219,powerlaw,1.4287418058446597,1.2183523178100586,0.6682868524479649,0.04457927594233512,0.4514830868880483,0,0.6220195130195818
73,39627568999043623,regularized,1.2247024508004227,0.9409391283988953,0.6485752058561522,0.1612804586177642,0.31071502259687117,0,0.6485752058561521
73,39627568999043623,constant,1.2247024508004227,0.9409391283988953,0.5055387616157532,0.1612804586177642,0.4627295732498169,0,0.5055387616157532
73,39627568999043623,powerlaw,1.2247024508004227,0.9409391283988953,0.5763920879328789,0.1612804586177642,0.38742893080270846,0,0.4122839351856678
3526,39627811396260418,regularized,1.3407215688366083,1.0187989473342896,1.2045421348042877,0.08767517641517472,0.1823158415661887,0,1.2034857177571823
3526,39627811396260418,constant,1.3407215688366083,1.0187989473342896,1.1825062036514282,0.08767517641517472,0.16068652272224426,0,1.1825063228607178
3526,39627811396260418,powerlaw,1.3407215688366083,1.0187989473342896,1.208461789789531,0.08767517641517472,0.18616317081157027,0,1.1215763373482348
10823,39627859702059194,regularized,1.4924213969567062,1.10610830783844,0.46369645246522,0.0887010536002441,0.5807856706443358,0,0.4571709935921327
10823,39627859702059194,constant,1.4924213969567062,1.10610830783844,0.5334546566009521,0.0887010536002441,0.5177193284034729,0,0.5334547162055969
10823,39627859702059194,powerlaw,1.4924213969567062,1.10610830783844,0.3294587949698242,0.0887010536002441,0.7021459900128103,0,0.20770397316965108
7622,39627817452833275,regularized,1.3580150773750572,1.0697596073150635,1.1114052193112898,0.030213133451699476,0.03892987892929566,0,1.0981579434558002
7622,39627817452833275,constant,1.3580150773750572,1.0697596073150635,1.0473029613494873,0.030213133451699476,0.020992236211895943,0,1.0473029613494873
7622,39627817452833275,powerlaw,1.3580150773750572,1.0697596073150635,1.0867784220419328,0.030213133451699476,0.01590900853845469,0,1.025147080989722
6019,39627823471662870,regularized,1.24821216199245,1.220358967781067,0.850211460025467,0.05383742110257307,0.3033103517308725,0,0.8462227327155725
6019,39627823471662870,constant,1.24821216199245,1.220358967781067,0.6641665697097778,0.05383742110257307,0.4557613134384155,0,0.6641666293144226
6019,39627823471662870,powerlaw,1.24821216199245,1.220358967781067,0.9780431833778298,0.05383742110257307,0.1985610716196324,0,0.9394748558167009
11859,39627787752968482,regularized,1.2124539667217509,0.9719513654708862,0.6772337886027016,0.12142659835369624,0.30322255550863014,0,0.6492712506397336
11859,39627787752968482,constant,1.2124539667217509,0.9719513654708862,1.1358250379562378,0.12142659835369624,0.16860274970531464,0,1.1358250379562378
11859,39627787752968482,powerlaw,1.2124539667217509,0.9719513654708862,1.2708736118294295,0.12142659835369624,0.30754856361945937,0,1.1953396964866796
6684,39627829511458926,regularized,1.2804773586631522,1.1521968841552734,1.2932427376128752,0.04742650220757405,0.1224147152255222,0,1.2397237196863578
6684,39627829511458926,constant,1.2804773586631522,1.1521968841552734,1.1495190858840942,0.04742650220757405,0.0023240805603563786,0,1.1495190858840942
6684,39627829511458926,powerlaw,1.2804773586631522,1.1521968841552734,1.2677349976889114,0.04742650220757405,0.10027636346052443,0,1.0886958277492331
12268,39627781717365859,regularized,1.437215265956938,1.53374445438385,0.5401551110995078,0.13882440790923237,0.6478193550720913,0,0.5362262841994228
12268,39627781717365859,constant,1.437215265956938,1.53374445438385,0.42803582549095154,0.13882440790923237,0.720920979976654,0,0.4280358552932739
12268,39627781717365859,powerlaw,1.437215265956938,1.53374445438385,0.31869226462242856,0.13882440790923237,0.7922129310971451,0,0.1994606509041177
168,39627568990654314,regularized,1.2681261702152706,0.8343197703361511,0.9114256142158409,0.022109917305535028,0.09241761566865841,0,0.8699646197447134
168,39627568990654314,constant,1.2681261702152706,0.8343197703361511,1.0443750619888306,0.022109917305535028,0.2517683207988739,0,1.044374942779541
168,39627568990654314,powerlaw,1.2681261702152706,0.8343197703361511,0.9306135945339861,0.022109917305535028,0.115415968339139,0,0.854357197314259
737,39627563030545678,regularized,1.320870080110065,0.9765605330467224,1.1041576372205495,0.03234173941317123,0.13065969784355635,0,1.1041576372205497
737,39627563030545678,constant,1.320870080110065,0.9765605330467224,1.0609195232391357,0.03234173941317123,0.08638378232717514,0,1.0609195232391357
737,39627563030545678,powerlaw,1.320870080110065,0.9765605330467224,1.044484210536526,0.03234173941317123,0.06955398584242582,0,0.9932014253733944
12515,39627781713169453,regularized,1.3697350089702656,1.0401017665863037,0.822023393917751,0.09055573295825793,0.20967022619748368,0,0.8220233939177509
12515,39627781713169453,constant,1.3697350089702656,1.0401017665863037,0.9485547542572021,0.09055573295825793,0.08801735937595367,0,0.9485547542572021
12515,39627781713169453,powerlaw,1.3697350089702656,1.0401017665863037,0.8775575901817779,0.09055573295825793,0.15627718520083725,0,0.8625167506833179
8624,39627859718832783,regularized,1.5511620359967762,1.3889856338500977,0.9686599435050136,0.1350907682962138,0.30261341809561615,0,0.9686599435050136
8624,39627859718832783,constant,1.5511620359967762,1.3889856338500977,0.9452332854270935,0.1350907682962138,0.31947943568229675,0,0.9452332854270935
8624,39627859718832783,powerlaw,1.5511620359967762,1.3889856338500977,0.8356781018719922,0.1350907682962138,0.3983536751524239,0,0.6801263525941164
12801,39627787761357038,regularized,1.3512835797617648,0.9892334938049316,1.0620300449656688,0.08296619420136514,0.07358884592629047,0,1.0620300449656686
12801,39627787761357038,constant,1.3512835797617648,0.9892334938049316,1.06236732006073,0.08296619420136514,0.0739297941327095,0,1.0623672008514404
12801,39627787761357038,powerlaw,1.3512835797617648,0.9892334938049316,0.7072096515137097,0.08296619420136514,0.28509330108351,0,0.6222895922124989
1203,39627847668599584,regularized,1.5118798623283838,1.285794973373413,1.7914496271556686,0.15578258993098712,0.393262272954466,0,1.7914496271556684
1203,39627847668599584,constant,1.5118798623283838,1.285794973373413,1.8586597442626953,0.15578258993098712,0.44553351402282715,0,1.8586597442626953
1203,39627847668599584,powerlaw,1.5118798623283838,1.285794973373413,2.096827224233539,0.15578258993098712,0.6307632769261035,0,2.04042899633518
11049,39627847622461575,regularized,1.4783612756609266,1.0584534406661987,0.8182656806610796,0.037602755307706605,0.22692331167060412,0,0.8182656806610797
11049,39627847622461575,constant,1.4783612756609266,1.0584534406661987,0.9333357214927673,0.037602755307706605,0.11820805072784424,0,0.9333358407020569
11049,39627847622461575,powerlaw,1.4783612756609266,1.0584534406661987,0.8494006211151666,0.037602755307706605,0.19750780858102998,0,0.8481993198903025
11677,39627787765549533,regularized,1.2777367999273734,1.0012837648391724,1.206925947725175,0.10317558884898957,0.20537852515668545,0,1.206925947725175
11677,39627787765549533,constant,1.2777367999273734,1.0012837648391724,1.1606171131134033,0.10317558884898957,0.1591290682554245,0,1.1606169939041138
11677,39627787765549533,powerlaw,1.2777367999273734,1.0012837648391724,0.8590700008950053,0.10317558884898957,0.14203142898957286,0,0.8053238516217835
9884,39627847643435947,regularized,1.2619577591193358,1.0531954765319824,0.855718627710806,0.044616089665438764,0.18750256075105698,0,0.8405864946803882
9884,39627847643435947,constant,1.2619577591193358,1.0531954765319824,0.8636685609817505,0.044616089665438764,0.1799541711807251,0,0.8636685013771057
9884,39627847643435947,powerlaw,1.2619577591193358,1.0531954765319824,0.9250091686246075,0.044616089665438764,0.12171179117619607,0,0.915496978284882
9959,39627847639241268,regularized,1.5606668213626005,0.9706905484199524,1.1455152256656231,0.057610632375218386,0.18010340940296854,0,1.1455152256656231
9959,39627847639241268,constant,1.5606668213626005,0.9706905484199524,1.1371325254440308,0.057610632375218386,0.1714676022529602,0,1.1371326446533203
9959,39627847639241268,powerlaw,1.5606668213626005,0.9706905484199524,1.0507925560092775,0.057610632375218386,0.08252064236095799,0,1.04714185928988
6123,39627823459077353,regularized,1.5162257432070687,0.937402606010437,0.9341408271968044,0.024842552036076285,0.003479592218667608,0,0.9341408271968044
6123,39627823459077353,constant,1.5162257432070687,0.937402606010437,0.9600298404693604,0.024842552036076285,0.024138225242495537,0,0.9600298404693604
6123,39627823459077353,powerlaw,1.5162257432070687,0.937402606010437,0.827638847269903,0.024842552036076285,0.11709350714063611,0,0.7387087382628978
5366,39627829494682207,regularized,1.3754104176993995,1.2312120199203491,0.8066425881170239,0.13404552861757796,0.3448386020717958,0,0.8066425881170238
5366,39627829494682207,constant,1.3754104176993995,1.2312120199203491,0.7883367538452148,0.13404552861757796,0.35970672965049744,0,0.7883366942405701
5366,39627829494682207,powerlaw,1.3754104176993995,1.2312120199203491,0.5720655443674169,0.13404552861757796,0.5353639055567168,0,0.4373865910111027
10953,39627871773264244,regularized,1.477730669075208,1.359203577041626,1.0852468711589556,0.11882003868199499,0.20155678701122223,0,1.0852468711589556
10953,39627871773264244,constant,1.477730669075208,1.359203577041626,1.1490514278411865,0.11882003868199499,0.1546141803264618,0,1.149051547050476
10953,39627871773264244,powerlaw,1.477730669075208,1.359203577041626,0.9599427170936787,0.11882003868199499,0.29374618099295935,0,0.8482616199339538
7387,39627835572229446,regularized,1.2037768028213958,1.2403587102890015,0.6652542555311612,0.016195958577624642,0.4636597864692238,4,-0.11893555854255822
7387,39627835572229446,constant,1.2037768028213958,1.2403587102890015,1.2321081161499023,0.016195958577624642,0.006651780568063259,0,1.232108235359192
7387,39627835572229446,powerlaw,1.2037768028213958,1.2403587102890015,1.725686054055304,0.016195958577624642,0.39127982876277956,0,1.3370015521252603
2065,39627847656019210,regularized,1.5124184171877846,0.9438633322715759,0.8372200110957149,0.10661973931960758,0.11298597744993953,0,0.8372200110957149
2065,39627847656019210,constant,1.5124184171877846,0.9438633322715759,0.9207754135131836,0.10661973931960758,0.024461083114147186,0,0.9207754731178284
2065,39627847656019210,powerlaw,1.5124184171877846,0.9438633322715759,0.5768218845420102,0.10661973931960758,0.388871391842519,0,0.4941494505859123
7575,39627823492631206,regularized,1.2067548565771171,1.0274311304092407,1.1052506865548788,0.04809546787517334,0.0757418710046691,0,1.059234112207614
7575,39627823492631206,constant,1.2067548565771171,1.0274311304092407,1.01034677028656,0.04809546787517334,0.01662822812795639,0,1.0103468894958496
7575,39627823492631206,powerlaw,1.2067548565771171,1.0274311304092407,1.1240944456248392,0.04809546787517334,0.09408252519767048,0,1.0788397012960216
11997,39627787752966788,regularized,1.238486772493118,0.9954314827919006,1.1630537480500491,0.03619521902037481,0.1683915650206441,0,1.1630537480500494
11997,39627787752966788,constant,1.238486772493118,0.9954314827919006,1.0918607711791992,0.03619521902037481,0.09687184542417526,0,1.0918607711791992
11997,39627787752966788,powerlaw,1.238486772493118,0.9954314827919006,1.209985397241128,0.03619521902037481,0.2155386062810321,0,1.130330297427134
8591,39627829524039461,regularized,1.59505716235089,1.1640836000442505,1.1551693464494532,0.05032675711785997,0.007657743476893233,0,1.1551693464494535
8591,39627829524039461,constant,1.59505716235089,1.1640836000442505,1.1917569637298584,0.05032675711785997,0.02377266064286232,0,1.1917569637298584
8591,39627829524039461,powerlaw,1.59505716235089,1.1640836000442505,1.1805753021804435,0.05032675711785997,0.014167111481998455,0,1.1354148530083652
4259,39627865762825509,regularized,1.3209381261894215,0.8915996551513672,0.6620337241995745,0.07917468384590617,0.25747646897958837,0,0.37114359206166636
4259,39627865762825509,constant,1.3209381261894215,0.8915996551513672,0.9759545922279358,0.07917468384590617,0.0946107804775238,0,0.9759546518325806
4259,39627865762825509,powerlaw,1.3209381261894215,0.8915996551513672,1.1408006428227428,0.07917468384590617,0.27949874838059324,0,1.0783962852120532
8140,39627829540815091,regularized,1.29911416251318,0.8498417139053345,1.84504436917658,0.15518599050630014,1.171044723961506,0,1.8450443691765799
8140,39627829540815091,constant,1.29911416251318,0.8498417139053345,1.5800011157989502,0.15518599050630014,0.8591710329055786,0,1.5800007581710815
8140,39627829540815091,powerlaw,1.29911416251318,0.8498417139053345,1.6661558641911929,0.15518599050630014,0.9605484608829041,0,1.5711014388681337
3168,39627817436058861,regularized,1.413137146933091,0.9668287038803101,0.80567245639673,0.07990010149412666,0.16668541887181146,0,0.8056724563967301
3168,39627817436058861,constant,1.413137146933091,0.9668287038803101,0.7434176206588745,0.07990010149412666,0.231076180934906,0,0.7434175610542297
3168,39627817436058861,powerlaw,1.413137146933091,0.9668287038803101,0.7666391558270054,0.07990010149412666,0.2070579278933856,0,0.7433183031455461
11295,39627853658067309,regularized,1.329283427713224,0.9295786619186401,1.255593370263758,0.045259606307282624,0.3507123406557409,0,1.255593370263758
11295,39627853658067309,constant,1.329283427713224,0.9295786619186401,1.1047685146331787,0.045259606307282624,0.188461571931839,0,1.1047683954238892
11295,39627853658067309,powerlaw,1.329283427713224,0.9295786619186401,1.1152405627758715,0.045259606307282624,0.1997269391640587,0,1.07872978162379
9186,39627841603638216,regularized,1.4114066221848218,0.8595756888389587,4.097103322920942,0.10354664166225143,3.7664253143954762,0,3.4548572883126094
9186,39627841603638216,constant,1.4114066221848218,0.8595756888389587,0.8785282373428345,0.10354664166225143,0.022048724815249443,0,0.8785281777381897
9186,39627841603638216,powerlaw,1.4114066221848218,0.8595756888389587,0.8016317626178262,0.10354664166225143,0.06740991744356827,0,0.7812359427615436
729,39627557062050880,regularized,1.4909857720852664,1.0919994115829468,0.8273142704801927,0.07171713309788824,0.24238579095850454,0,0.8273142704801928
729,39627557062050880,constant,1.4909857720852664,1.0919994115829468,0.8266005516052246,0.07171713309788824,0.24303938448429108,0,0.8266004920005798
729,39627557062050880,powerlaw,1.4909857720852664,1.0919994115829468,0.9181666262532292,0.07171713309788824,0.15918761813042742,0,0.8806420657364386
6136,39627841586856382,regularized,1.3554924589258015,1.0282100439071655,0.8171366612522168,0.04898820420005279,0.20528235831355676,0,0.8171366612522167
6136,39627841586856382,constant,1.3554924589258015,1.0282100439071655,0.8450424075126648,0.04898820420005279,0.1781422346830368,0,0.8450424075126648
6136,39627841586856382,powerlaw,1.3554924589258015,1.0282100439071655,0.7256396396105068,0.04898820420005279,0.2942690611607924,0,0.6508460471216555
8234,39627823488437681,regularized,1.245746091033942,0.9792988896369934,1.1111909408558567,0.07155555609193753,0.13468007838521395,0,1.1111909408558567
8234,39627823488437681,constant,1.245746091033942,0.9792988896369934,1.0435726642608643,0.07155555609193753,0.06563244014978409,0,1.0435727834701538
8234,39627823488437681,powerlaw,1.245746091033942,0.9792988896369934,1.1461608149278408,0.07155555609193753,0.1703891703100979,0,1.06787204513602
1968,39627841628801598,regularized,1.3147184077291814,1.0405070781707764,1.1831753996226615,0.06551481260219803,0.13711422482843433,0,1.1831753996226617
1968,39627841628801598,constant,1.3147184077291814,1.0405070781707764,0.9941906929016113,0.06551481260219803,0.0445132814347744,0,0.9941907525062561
1968,39627841628801598,powerlaw,1.3147184077291814,1.0405070781707764,0.9945295630839857,0.06551481260219803,0.04418760434347042,0,0.9799559426257165
2888,39627811396258962,regularized,1.3603388626834407,0.9747422933578491,1.1870938038622758,0.057893623589940504,0.21785400300309718,0,1.1870938038622758
2888,39627811396258962,constant,1.3603388626834407,0.9747422933578491,1.0782763957977295,0.057893623589940504,0.1062169000506401,0,1.078276515007019
2888,39627811396258962,powerlaw,1.3603388626834407,0.9747422933578491,1.1213586453666566,0.057893623589940504,0.15041550264915146,0,0.9972945020848336
12212,39627799836758425,regularized,1.562012676841245,1.0391279458999634,0.7005415186157193,0.07993840714209294,0.325837091207284,0,0.7005415186157192
12212,39627799836758425,constant,1.562012676841245,1.0391279458999634,0.864970862865448,0.07993840714209294,0.16759926080703735,0,0.8649708032608032
12212,39627799836758425,powerlaw,1.562012676841245,1.0391279458999634,0.8655852130905541,0.07993840714209294,0.1670080508316116,0,0.7546812849106118
6773,39627835555448061,regularized,1.2092791971771033,1.0050379037857056,0.8199085284418586,0.036762135011725684,0.18420138648155934,0,0.8199085284418586
6773,39627835555448061,constant,1.2092791971771033,1.0050379037857056,0.8481162786483765,0.036762135011725684,0.15613503754138947,0,0.8481160998344421
6773,39627835555448061,powerlaw,1.2092791971771033,1.0050379037857056,0.9528578645991058,0.036762135011725684,0.051918478885275544,0,0.9524247905780115
650,39627568986459672,regularized,1.3334098928059144,1.318678379058838,0.8675979353087545,0.13334426675266023,0.3420700990578361,0,0.7743626216373601
650,39627568986459672,constant,1.3334098928059144,1.318678379058838,0.38832300901412964,0.13334426675266023,0.7055210471153259,0,0.388323038816452
650,39627568986459672,powerlaw,1.3334098928059144,1.318678379058838,0.3244572418374854,0.13334426675266023,0.7539527097812465,0,0.20891830584669008
551,39627574971729456,regularized,1.2012810759886334,1.0954691171646118,0.16989632406033925,0.13323480080871417,0.8449099829486023,0,0.16989632406033925
551,39627574971729456,constant,1.2012810759886334,1.0954691171646118,0.43982747197151184,0.13323480080871417,0.5985031127929688,0,0.43982747197151184
551,39627574971729456,powerlaw,1.2012810759886334,1.0954691171646118,0.543193233321125,0.13323480080871417,0.5041455529781936,0,0.38950277947502415
2161,39627847664402519,regularized,1.4089509450673423,0.9013541340827942,1.2265783050364052,0.20469471573900655,0.36081730660120037,0,1.226578305036405
2161,39627847664402519,constant,1.4089509450673423,0.9013541340827942,1.0664010047912598,0.20469471573900655,0.18310990929603577,0,1.0664008855819702
2161,39627847664402519,powerlaw,1.4089509450673423,0.9013541340827942,0.9761844962956217,0.20469471573900655,0.08301993565378588,0,0.7854255086529671
10537,39627865746048810,regularized,1.251675316300506,1.361356496810913,0.75284245448431,0.10485447293125108,0.44699095626464935,0,0.7453590275591552
10537,39627865746048810,constant,1.251675316300506,1.361356496810913,0.7361385822296143,0.10485447293125108,0.4592609703540802,0,0.7361385226249695
10537,39627865746048810,powerlaw,1.251675316300506,1.361356496810913,0.9014772578542813,0.10485447293125108,0.3378095598279626,0,0.8537812529726843
12582,39627787757161670,regularized,1.5442074095658072,0.9457843899726868,1.2854415750863966,0.07683748047538466,0.3591275016957287,0,1.262184667738372
12582,39627787757161670,constant,1.5442074095658072,0.9457843899726868,1.1689133644104004,0.07683748047538466,0.23591949045658112,0,1.1689132452011108
12582,39627787757161670,powerlaw,1.5442074095658072,0.9457843899726868,1.2906628905739501,0.07683748047538466,0.36464812092238386,0,1.1338123012343813
1826,39627853700007657,regularized,1.2550536193928197,1.0112947225570679,1.2410227201743222,0.04538969707095788,0.22716226288256014,0,1.2098491348363791
1826,39627853700007657,constant,1.2550536193928197,1.0112947225570679,1.135775089263916,0.04538969707095788,0.12309009581804276,0,1.135775089263916
1826,39627853700007657,powerlaw,1.2550536193928197,1.0112947225570679,1.3259111968646309,0.04538969707095788,0.3111026561199216,0,1.1859700060426528
553,39627574971729887,regularized,1.3716349864907518,1.1125667095184326,0.7149169449349135,0.060688809042768105,0.35741655864899935,0,0.7091411933374253
553,39627574971729887,constant,1.3716349864907518,1.1125667095184326,0.6552850008010864,0.060688809042768105,0.4110150933265686,0,0.6552849411964417
553,39627574971729887,powerlaw,1.3716349864907518,1.1125667095184326,0.6905341676874523,0.060688809042768105,0.3793323476429151,0,0.6454233414509508
11854,39627781713170709,regularized,1.3427324644931438,1.0631500482559204,0.7839759003977299,0.09167359076239764,0.2625914830330591,0,0.7839759003977298
11854,39627781713170709,constant,1.3427324644931438,1.0631500482559204,0.8624804019927979,0.09167359076239764,0.18875007331371307,0,0.8624804019927979
11854,39627781713170709,powerlaw,1.3427324644931438,1.0631500482559204,0.8539917226749077,0.09167359076239764,0.1967345304871437,0,0.826761410795882
1463,39627847656017670,regularized,1.2373589831480858,1.0481038093566895,1.3665063753842341,0.08823041046054482,0.3037891506405033,0,1.3665063753842341
1463,39627847656017670,constant,1.2373589831480858,1.0481038093566895,1.2712805271148682,0.08823041046054482,0.21293379366397858,0,1.2712804079055786
1463,39627847656017670,powerlaw,1.2373589831480858,1.0481038093566895,1.3910478957873547,0.08823041046054482,0.32720431255865695,0,1.2798943776562175
4176,39627847651821706,regularized,1.5037774034266642,0.9498099088668823,0.8095708869902195,0.03972152513409863,0.14764956710545077,0,0.8095708869902195
4176,39627847651821706,constant,1.5037774034266642,0.9498099088668823,0.8247911334037781,0.03972152513409863,0.13162504136562347,0,0.8247911930084229
4176,39627847651821706,powerlaw,1.5037774034266642,0.9498099088668823,0.7559854302065594,0.03972152513409863,0.20406659990687442,0,0.7057849044578784
8897,39627853679037801,regularized,1.3799163684560678,1.0862054824829102,1.0499784554444227,0.059877328893337974,0.03335190958130469,0,1.0492912081063437
8897,39627853679037801,constant,1.3799163684560678,1.0862054824829102,0.9435046911239624,0.059877328893337974,0.1313755065202713,0,0.9435046911239624
8897,39627853679037801,powerlaw,1.3799163684560678,1.0862054824829102,0.9514625645530892,0.059877328893337974,0.12404919704678524,0,0.9389488436229606
811,39627835584811055,regularized,1.2160890755336085,1.0060667991638184,1.2081056837706672,0.0499591926964358,0.20082054668215996,0,1.2081056837706672
811,39627835584811055,constant,1.2160890755336085,1.0060667991638184,1.111777901649475,0.0499591926964358,0.10507363826036453,0,1.1117780208587646
811,39627835584811055,powerlaw,1.2160890755336085,1.0060667991638184,1.3825788201851443,0.0499591926964358,0.3742415725618417,0,1.199427081282072
12638,39627781721557672,regularized,1.2752287768360455,1.1389776468276978,0.8067572174742657,0.05050341454439348,0.29168301088150306,0,0.7813454154069216
12638,39627781721557672,constant,1.2752287768360455,1.1389776468276978,1.0578093528747559,0.05050341454439348,0.07126417011022568,0,1.0578093528747559
12638,39627781721557672,powerlaw,1.2752287768360455,1.1389776468276978,1.3170572245607886,0.05050341454439348,0.15635037107978494,0,1.1255540522313237
5276,39627853683233996,regularized,1.3320657369427045,1.0965967178344727,1.1482605492572953,0.05444311945498778,0.04711288168438698,0,1.0509437446446463
5276,39627853683233996,constant,1.3320657369427045,1.0965967178344727,0.9856950640678406,0.05444311945498778,0.1011325791478157,0,0.9856948852539062
5276,39627853683233996,powerlaw,1.3320657369427045,1.0965967178344727,0.9685691024563866,0.05444311945498778,0.11674995310118315,0,0.9235428057204438
10206,39627859706253239,regularized,1.2801275207711642,0.9870122075080872,1.1469337371522625,0.0638102095786877,0.16202588825920378,0,1.1376865133480563
10206,39627859706253239,constant,1.2801275207711642,0.9870122075080872,1.225328803062439,0.0638102095786877,0.24145253002643585,0,1.2253289222717285
10206,39627859706253239,powerlaw,1.2801275207711642,0.9870122075080872,1.0704702836342443,0.0638102095786877,0.08455627548605914,0,1.0688807495252701
2311,39627835580612817,regularized,1.337469822372651,1.1196001768112183,0.8787295185157323,0.03310366538407031,0.2151398894751161,0,0.8758779441711796
2311,39627835580612817,constant,1.337469822372651,1.1196001768112183,0.8977423310279846,0.03310366538407031,0.19815810024738312,0,0.8977423310279846
2311,39627835580612817,powerlaw,1.337469822372651,1.1196001768112183,0.8087122134794377,0.03310366538407031,0.2776776654477084,0,0.7410154978660636
4396,39627853691622132,regularized,1.2084986061442506,0.9730204939842224,0.8547768496099108,0.034292126342770526,0.1215222547781495,0,0.8547768496099108
4396,39627853691622132,constant,1.2084986061442506,0.9730204939842224,0.9605304002761841,0.034292126342770526,0.012836413457989693,0,0.9605304598808289
4396,39627853691622132,powerlaw,1.2084986061442506,0.9730204939842224,0.9192956777088424,0.034292126342770526,0.05521447555065702,0,0.8693341218913552
